Date,Total Return Index,Beta Raw,Volatility 30D
1945-01-01,100.0,,
1945-01-02,100.02024291497975,,
1945-01-03,100.04048582995951,,
1945-01-04,100.06072874493925,,
1945-01-05,100.08097165991903,,
1945-01-08,100.10121457489878,,
1945-01-09,100.12145748987852,,
1945-01-10,100.14170040485828,,
1945-01-11,100.16194331983803,,
1945-01-12,100.18218623481778,,
1945-01-15,100.20242914979755,,
1945-01-16,100.22267206477731,,
1945-01-17,100.24291497975706,,
1945-01-18,100.26315789473684,,
1945-01-19,100.28340080971658,,
1945-01-22,100.30364372469633,,
1945-01-23,100.3238866396761,,
1945-01-24,100.34412955465586,,
1945-01-25,100.36437246963561,,
1945-01-26,100.38461538461539,,
1945-01-29,100.40485829959513,,
1945-01-30,100.42510121457488,,
1945-01-31,100.44534412955468,,
1945-02-01,100.46558704453443,,
1945-02-02,100.48582995951418,,
1945-02-05,100.50607287449394,,
1945-02-06,100.52631578947368,,
1945-02-07,100.54655870445343,,
1945-02-08,100.5668016194332,,
1945-02-09,100.58704453441297,,
1945-02-12,100.60728744939271,,
1945-02-13,100.62753036437246,,
1945-02-14,100.64777327935221,,
1945-02-15,100.66801619433197,,
1945-02-16,100.68825910931176,,
1945-02-19,100.70850202429152,,
1945-02-20,100.72874493927127,,
1945-02-21,100.74898785425101,,
1945-02-22,100.76923076923077,,
1945-02-23,100.78947368421052,,
1945-02-26,100.8097165991903,,
1945-02-27,100.82995951417004,,
1945-02-28,100.85020242914979,,
1945-03-01,100.87044534412955,,
1945-03-02,100.89068825910931,,
1945-03-05,100.91093117408907,,
1945-03-06,100.93117408906885,,
1945-03-07,100.95141700404862,,
1945-03-08,100.97165991902837,,
1945-03-09,100.99190283400812,,
1945-03-12,101.01214574898788,,
1945-03-13,101.03238866396762,,
1945-03-14,101.0526315789474,,
1945-03-15,101.07287449392715,,
1945-03-16,101.09311740890689,,
1945-03-19,101.11336032388667,,
1945-03-20,101.13360323886641,,
1945-03-21,101.15384615384619,,
1945-03-22,101.17408906882596,,
1945-03-23,101.19433198380572,,
1945-03-26,101.21457489878547,,
1945-03-27,101.23481781376522,,
1945-03-28,101.25506072874498,,
1945-03-29,101.27530364372473,,
1945-03-30,101.2955465587045,,
1945-04-02,101.31578947368428,,
1945-04-03,101.33603238866404,,
1945-04-04,101.3562753036438,,
1945-04-05,101.37651821862354,,
1945-04-06,101.39676113360329,,
1945-04-09,101.41700404858307,,
1945-04-10,101.43724696356283,,
1945-04-11,101.45748987854259,,
1945-04-12,101.47773279352235,,
1945-04-13,101.4979757085021,,
1945-04-16,101.51821862348184,,
1945-04-17,101.53846153846162,,
1945-04-18,101.55870445344138,,
1945-04-19,101.57894736842113,,
1945-04-20,101.59919028340087,,
1945-04-23,101.61943319838062,,
1945-04-24,101.63967611336038,,
1945-04-25,101.65991902834016,,
1945-04-26,101.6801619433199,,
1945-04-27,101.70040485829965,,
1945-04-30,101.72064777327941,,
1945-05-01,101.74089068825916,,
1945-05-02,101.7611336032389,,
1945-05-03,101.78137651821868,,
1945-05-04,101.80161943319843,,
1945-05-07,101.82186234817819,,
1945-05-08,101.84210526315793,,
1945-05-09,101.86234817813768,,
1945-05-10,101.88259109311744,,
1945-05-11,101.90283400809722,,
1945-05-14,101.92307692307696,,
1945-05-15,101.94331983805671,,
1945-05-16,101.96356275303646,,
1945-05-17,101.98380566801622,,
1945-05-18,102.00404858299596,,
1945-05-21,102.02429149797574,,
1945-05-22,102.04453441295549,,
1945-05-23,102.06477732793525,,
1945-05-24,102.085020242915,,
1945-05-25,102.10526315789474,,
1945-05-28,102.1255060728745,,
1945-05-29,102.14574898785426,,
1945-05-30,102.16599190283402,,
1945-05-31,102.18623481781377,,
1945-06-01,102.20647773279352,,
1945-06-04,102.22672064777328,,
1945-06-05,102.24696356275302,,
1945-06-06,102.2672064777328,,
1945-06-07,102.28744939271255,,
1945-06-08,102.30769230769229,,
1945-06-11,102.32793522267205,,
1945-06-12,102.3481781376518,,
1945-06-13,102.36842105263155,,
1945-06-14,102.38866396761132,,
1945-06-15,102.40890688259108,,
1945-06-18,102.42914979757083,,
1945-06-19,102.44939271255058,,
1945-06-20,102.46963562753034,,
1945-06-21,102.48987854251008,,
1945-06-22,102.51012145748986,,
1945-06-25,102.5303643724696,,
1945-06-26,102.55060728744935,,
1945-06-27,102.57085020242911,,
1945-06-28,102.59109311740886,,
1945-06-29,102.6113360323886,,
1945-07-02,102.63157894736838,,
1945-07-03,102.65182186234816,,
1945-07-04,102.6720647773279,,
1945-07-05,102.69230769230766,,
1945-07-06,102.71255060728741,,
1945-07-09,102.73279352226716,,
1945-07-10,102.75303643724692,,
1945-07-11,102.7732793522267,,
1945-07-12,102.79352226720644,,
1945-07-13,102.81376518218619,,
1945-07-16,102.83400809716593,,
1945-07-17,102.8542510121457,,
1945-07-18,102.87449392712544,,
1945-07-19,102.89473684210522,,
1945-07-20,102.91497975708496,,
1945-07-23,102.93522267206473,,
1945-07-24,102.95546558704447,,
1945-07-25,102.97570850202422,,
1945-07-26,102.99595141700397,,
1945-07-27,103.01619433198374,,
1945-07-30,103.0364372469635,,
1945-07-31,103.05668016194325,,
1945-08-01,103.07692307692302,,
1945-08-02,103.0971659919028,,
1945-08-03,103.11740890688257,,
1945-08-06,103.13765182186233,,
1945-08-07,103.1578947368421,,
1945-08-08,103.17813765182184,,
1945-08-09,103.19838056680159,,
1945-08-10,103.21862348178135,,
1945-08-13,103.2388663967611,,
1945-08-14,103.2591093117409,,
1945-08-15,103.27935222672065,,
1945-08-16,103.2995951417004,,
1945-08-17,103.31983805668014,,
1945-08-20,103.3400809716599,,
1945-08-21,103.36032388663965,,
1945-08-22,103.38056680161942,,
1945-08-23,103.40080971659917,,
1945-08-24,103.42105263157893,,
1945-08-27,103.44129554655868,,
1945-08-28,103.46153846153842,,
1945-08-29,103.48178137651817,,
1945-08-30,103.50202429149795,,
1945-08-31,103.52226720647771,,
1945-09-03,103.54251012145745,,
1945-09-04,103.5627530364372,,
1945-09-05,103.58299595141696,,
1945-09-06,103.60323886639671,,
1945-09-07,103.62348178137648,,
1945-09-10,103.64372469635623,,
1945-09-11,103.66396761133598,,
1945-09-12,103.68421052631574,,
1945-09-13,103.70445344129548,,
1945-09-14,103.72469635627523,,
1945-09-17,103.744939271255,,
1945-09-18,103.76518218623477,,
1945-09-19,103.78542510121451,,
1945-09-20,103.80566801619426,,
1945-09-21,103.82591093117401,,
1945-09-24,103.84615384615377,,
1945-09-25,103.86639676113356,,
1945-09-26,103.88663967611333,,
1945-09-27,103.90688259109308,,
1945-09-28,103.92712550607284,,
1945-10-01,103.94736842105262,,
1945-10-02,103.96761133603236,,
1945-10-03,103.98785425101214,,
1945-10-04,104.00809716599188,,
1945-10-05,104.02834008097163,,
1945-10-08,104.04858299595139,,
1945-10-09,104.06882591093114,,
1945-10-10,104.08906882591091,,
1945-10-11,104.10931174089069,,
1945-10-12,104.12955465587044,,
1945-10-15,104.14979757085018,,
1945-10-16,104.17004048582994,,
1945-10-17,104.19028340080969,,
1945-10-18,104.21052631578944,,
1945-10-19,104.23076923076921,,
1945-10-22,104.25101214574897,,
1945-10-23,104.27125506072872,,
1945-10-24,104.29149797570847,,
1945-10-25,104.31174089068824,,
1945-10-26,104.33198380566799,,
1945-10-29,104.35222672064776,,
1945-10-30,104.37246963562754,,
1945-10-31,104.39271255060729,,
1945-11-01,104.41295546558705,,
1945-11-02,104.4331983805668,,
1945-11-05,104.45344129554654,,
1945-11-06,104.47368421052632,,
1945-11-07,104.49392712550608,,
1945-11-08,104.51417004048582,,
1945-11-09,104.53441295546557,,
1945-11-12,104.55465587044532,,
1945-11-13,104.57489878542508,,
1945-11-14,104.59514170040485,,
1945-11-15,104.6153846153846,,
1945-11-16,104.63562753036437,,
1945-11-19,104.65587044534412,,
1945-11-20,104.67611336032388,,
1945-11-21,104.69635627530363,,
1945-11-22,104.7165991902834,,
1945-11-23,104.73684210526315,,
1945-11-26,104.7570850202429,,
1945-11-27,104.77732793522266,,
1945-11-28,104.7975708502024,,
1945-11-29,104.81781376518215,,
1945-11-30,104.83805668016193,,
1945-12-03,104.8582995951417,,
1945-12-04,104.87854251012145,,
1945-12-05,104.89878542510121,,
1945-12-06,104.91902834008096,,
1945-12-07,104.9392712550607,,
1945-12-10,104.95951417004048,,
1945-12-11,104.97975708502022,,
1945-12-12,104.99999999999999,,
1945-12-13,105.02024291497973,,
1945-12-14,105.04048582995948,,
1945-12-17,105.06072874493924,,
1945-12-18,105.08097165991902,,
1945-12-19,105.10121457489876,,
1945-12-20,105.12145748987851,,
1945-12-21,105.14170040485826,,
1945-12-24,105.16194331983802,,
1945-12-25,105.18218623481776,,
1945-12-26,105.20242914979754,,
1945-12-27,105.22267206477729,,
1945-12-28,105.24291497975705,,
1945-12-31,105.26315789473682,,
1946-01-01,83.91608391608389,,
1946-01-02,83.93307097760537,,
1946-01-03,83.95005803912684,,
1946-01-04,83.96704510064832,,
1946-01-07,83.98403216216978,,
1946-01-08,84.00101922369126,,
1946-01-09,84.01800628521273,,
1946-01-10,84.03499334673421,,
1946-01-11,84.05198040825569,,
1946-01-14,84.06896746977715,,
1946-01-15,84.08595453129863,,
1946-01-16,84.1029415928201,,
1946-01-17,84.11992865434158,,
1946-01-18,84.13691571586305,,
1946-01-21,84.15390277738453,,
1946-01-22,84.170889838906,,
1946-01-23,84.18787690042747,,
1946-01-24,84.20486396194896,,
1946-01-25,84.22185102347044,,
1946-01-28,84.23883808499191,,
1946-01-29,84.2558251465134,,
1946-01-30,84.27281220803488,,
1946-01-31,84.28979926955635,,
1946-02-01,84.30678633107783,,
1946-02-04,84.32377339259929,,
1946-02-05,84.34076045412077,,
1946-02-06,84.35774751564223,,
1946-02-07,84.37473457716371,,
1946-02-08,84.3917216386852,,
1946-02-11,84.40870870020666,,
1946-02-12,84.42569576172814,,
1946-02-13,84.4426828232496,,
1946-02-14,84.45966988477107,,
1946-02-15,84.47665694629256,,
1946-02-18,84.49364400781404,,
1946-02-19,84.51063106933552,,
1946-02-20,84.52761813085701,,
1946-02-21,84.54460519237847,,
1946-02-22,84.56159225389995,,
1946-02-25,84.57857931542142,,
1946-02-26,84.59556637694288,,
1946-02-27,84.61255343846436,,
1946-02-28,84.62954049998585,,
1946-03-01,84.64652756150733,,
1946-03-04,84.6635146230288,,
1946-03-05,84.6805016845503,,
1946-03-06,84.69748874607176,,
1946-03-07,84.71447580759323,,
1946-03-08,84.73146286911472,,
1946-03-11,84.7484499306362,,
1946-03-12,84.76543699215766,,
1946-03-13,84.78242405367914,,
1946-03-14,84.79941111520061,,
1946-03-15,84.81639817672209,,
1946-03-18,84.83338523824357,,
1946-03-19,84.85037229976501,,
1946-03-20,84.86735936128649,,
1946-03-21,84.88434642280797,,
1946-03-22,84.90133348432943,,
1946-03-25,84.9183205458509,,
1946-03-26,84.9353076073724,,
1946-03-27,84.95229466889386,,
1946-03-28,84.96928173041532,,
1946-03-29,84.98626879193681,,
1946-04-01,85.00325585345828,,
1946-04-02,85.02024291497973,,
1946-04-03,85.03722997650122,,
1946-04-04,85.05421703802268,,
1946-04-05,85.07120409954415,,
1946-04-08,85.08819116106562,,
1946-04-09,85.1051782225871,,
1946-04-10,85.12216528410856,,
1946-04-11,85.13915234563004,,
1946-04-12,85.15613940715153,,
1946-04-15,85.17312646867299,,
1946-04-16,85.19011353019447,,
1946-04-17,85.20710059171593,,
1946-04-18,85.22408765323742,,
1946-04-19,85.2410747147589,,
1946-04-22,85.25806177628036,,
1946-04-23,85.27504883780183,,
1946-04-24,85.29203589932331,,
1946-04-25,85.3090229608448,,
1946-04-26,85.32601002236628,,
1946-04-29,85.34299708388774,,
1946-04-30,85.35998414540923,,
1946-05-01,85.3769712069307,,
1946-05-02,85.39395826845218,,
1946-05-03,85.41094532997366,,
1946-05-06,85.42793239149513,,
1946-05-07,85.44491945301661,,
1946-05-08,85.4619065145381,,
1946-05-09,85.47889357605958,,
1946-05-10,85.49588063758105,,
1946-05-13,85.51286769910253,,
1946-05-14,85.52985476062402,,
1946-05-15,85.5468418221455,,
1946-05-16,85.56382888366697,,
1946-05-17,85.58081594518843,,
1946-05-20,85.59780300670991,,
1946-05-21,85.6147900682314,,
1946-05-22,85.63177712975288,,
1946-05-23,85.64876419127434,,
1946-05-24,85.66575125279581,,
1946-05-27,85.68273831431729,,
1946-05-28,85.69972537583877,,
1946-05-29,85.71671243736024,,
1946-05-30,85.7336994988817,,
1946-05-31,85.75068656040318,,
1946-06-03,85.76767362192466,,
1946-06-04,85.78466068344613,,
1946-06-05,85.80164774496761,,
1946-06-06,85.8186348064891,,
1946-06-07,85.83562186801058,,
1946-06-10,85.85260892953204,,
1946-06-11,85.86959599105352,,
1946-06-12,85.88658305257498,,
1946-06-13,85.90357011409645,,
1946-06-14,85.92055717561794,,
1946-06-17,85.9375442371394,,
1946-06-18,85.95453129866087,,
1946-06-19,85.97151836018236,,
1946-06-20,85.98850542170383,,
1946-06-21,86.00549248322531,,
1946-06-24,86.02247954474679,,
1946-06-25,86.03946660626826,,
1946-06-26,86.05645366778974,,
1946-06-27,86.07344072931123,,
1946-06-28,86.09042779083269,,
1946-07-01,86.10741485235415,,
1946-07-02,86.12440191387563,,
1946-07-03,86.1413889753971,,
1946-07-04,86.15837603691858,,
1946-07-05,86.17536309844004,,
1946-07-08,86.19235015996153,,
1946-07-09,86.20933722148301,,
1946-07-10,86.22632428300447,,
1946-07-11,86.24331134452596,,
1946-07-12,86.26029840604744,,
1946-07-15,86.27728546756892,,
1946-07-16,86.29427252909039,,
1946-07-17,86.31125959061187,,
1946-07-18,86.32824665213333,,
1946-07-19,86.3452337136548,,
1946-07-22,86.36222077517628,,
1946-07-23,86.37920783669776,,
1946-07-24,86.39619489821924,,
1946-07-25,86.4131819597407,,
1946-07-26,86.43016902126217,,
1946-07-29,86.44715608278365,,
1946-07-30,86.46414314430511,,
1946-07-31,86.48113020582659,,
1946-08-01,86.49811726734808,,
1946-08-02,86.51510432886955,,
1946-08-05,86.53209139039103,,
1946-08-06,86.54907845191251,,
1946-08-07,86.56606551343398,,
1946-08-08,86.58305257495545,,
1946-08-09,86.60003963647691,,
1946-08-12,86.61702669799838,,
1946-08-13,86.63401375951986,,
1946-08-14,86.65100082104134,,
1946-08-15,86.6679878825628,,
1946-08-16,86.68497494408427,,
1946-08-19,86.70196200560575,,
1946-08-20,86.71894906712721,,
1946-08-21,86.73593612864869,,
1946-08-22,86.75292319017018,,
1946-08-23,86.76991025169164,,
1946-08-26,86.7868973132131,,
1946-08-27,86.80388437473458,,
1946-08-28,86.82087143625607,,
1946-08-29,86.83785849777753,,
1946-08-30,86.85484555929901,,
1946-09-02,86.87183262082048,,
1946-09-03,86.88881968234196,,
1946-09-04,86.90580674386344,,
1946-09-05,86.92279380538491,,
1946-09-06,86.93978086690637,,
1946-09-09,86.95676792842787,,
1946-09-10,86.97375498994933,,
1946-09-11,86.9907420514708,,
1946-09-12,87.00772911299228,,
1946-09-13,87.02471617451376,,
1946-09-16,87.04170323603522,,
1946-09-17,87.05869029755671,,
1946-09-18,87.07567735907818,,
1946-09-19,87.09266442059965,,
1946-09-20,87.10965148212112,,
1946-09-23,87.1266385436426,,
1946-09-24,87.14362560516408,,
1946-09-25,87.16061266668555,,
1946-09-26,87.17759972820703,,
1946-09-27,87.19458678972852,,
1946-09-30,87.21157385124998,,
1946-10-01,87.22856091277146,,
1946-10-02,87.24554797429292,,
1946-10-03,87.26253503581441,,
1946-10-04,87.27952209733587,,
1946-10-07,87.29650915885735,,
1946-10-08,87.31349622037882,,
1946-10-09,87.3304832819003,,
1946-10-10,87.34747034342179,,
1946-10-11,87.36445740494325,,
1946-10-14,87.38144446646473,,
1946-10-15,87.3984315279862,,
1946-10-16,87.41541858950767,,
1946-10-17,87.43240565102914,,
1946-10-18,87.4493927125506,,
1946-10-21,87.4663797740721,,
1946-10-22,87.48336683559359,,
1946-10-23,87.50035389711506,,
1946-10-24,87.51734095863652,,
1946-10-25,87.534328020158,,
1946-10-28,87.55131508167948,,
1946-10-29,87.56830214320095,,
1946-10-30,87.58528920472243,,
1946-10-31,87.60227626624389,,
1946-11-01,87.61926332776537,,
1946-11-04,87.63625038928684,,
1946-11-05,87.65323745080832,,
1946-11-06,87.67022451232978,,
1946-11-07,87.68721157385127,,
1946-11-08,87.70419863537275,,
1946-11-11,87.72118569689424,,
1946-11-12,87.73817275841571,,
1946-11-13,87.75515981993719,,
1946-11-14,87.77214688145865,,
1946-11-15,87.78913394298014,,
1946-11-18,87.80612100450162,,
1946-11-19,87.8231080660231,,
1946-11-20,87.84009512754456,,
1946-11-21,87.85708218906603,,
1946-11-22,87.87406925058751,,
1946-11-25,87.89105631210899,,
1946-11-26,87.90804337363048,,
1946-11-27,87.92503043515194,,
1946-11-28,87.9420174966734,,
1946-11-29,87.95900455819489,,
1946-12-02,87.97599161971635,,
1946-12-03,87.99297868123783,,
1946-12-04,88.0099657427593,,
1946-12-05,88.02695280428078,,
1946-12-06,88.04393986580224,,
1946-12-09,88.06092692732373,,
1946-12-10,88.0779139888452,,
1946-12-11,88.09490105036667,,
1946-12-12,88.11188811188815,,
1946-12-13,88.12887517340961,,
1946-12-16,88.14586223493109,,
1946-12-17,88.16284929645255,,
1946-12-18,88.17983635797401,,
1946-12-19,88.19682341949549,,
1946-12-20,88.21381048101698,,
1946-12-23,88.23079754253844,,
1946-12-24,88.24778460405992,,
1946-12-25,88.26477166558138,,
1946-12-26,88.28175872710285,,
1946-12-27,88.29874578862433,,
1946-12-30,88.3157328501458,,
1946-12-31,88.33271991166728,,
1947-01-01,96.5034965034965,,
1947-01-02,96.52303162424619,,
1947-01-03,96.54256674499588,,
1947-01-06,96.56210186574557,,
1947-01-07,96.58163698649525,,
1947-01-08,96.60117210724495,,
1947-01-09,96.62070722799466,,
1947-01-10,96.64024234874434,,
1947-01-13,96.65977746949403,,
1947-01-14,96.67931259024371,,
1947-01-15,96.6988477109934,,
1947-01-16,96.71838283174309,,
1947-01-17,96.73791795249278,,
1947-01-20,96.75745307324249,,
1947-01-21,96.77698819399218,,
1947-01-22,96.79652331474188,,
1947-01-23,96.81605843549156,,
1947-01-24,96.83559355624125,,
1947-01-27,96.85512867699094,,
1947-01-28,96.87466379774065,,
1947-01-29,96.89419891849033,,
1947-01-30,96.91373403924004,,
1947-01-31,96.93326915998975,,
1947-02-03,96.95280428073943,,
1947-02-04,96.97233940148912,,
1947-02-05,96.9918745222388,,
1947-02-06,97.01140964298851,,
1947-02-07,97.03094476373822,,
1947-02-10,97.0504798844879,,
1947-02-11,97.0700150052376,,
1947-02-12,97.08955012598727,,
1947-02-13,97.10908524673697,,
1947-02-14,97.12862036748668,,
1947-02-17,97.14815548823637,,
1947-02-18,97.16769060898606,,
1947-02-19,97.18722572973577,,
1947-02-20,97.20676085048547,,
1947-02-21,97.22629597123516,,
1947-02-24,97.24583109198485,,
1947-02-25,97.26536621273455,,
1947-02-26,97.28490133348426,,
1947-02-27,97.30443645423395,,
1947-02-28,97.32397157498363,,
1947-03-03,97.34350669573332,,
1947-03-04,97.36304181648303,,
1947-03-05,97.38257693723273,,
1947-03-06,97.40211205798241,,
1947-03-07,97.4216471787321,,
1947-03-10,97.4411822994818,,
1947-03-11,97.4607174202315,,
1947-03-12,97.48025254098121,,
1947-03-13,97.49978766173089,,
1947-03-14,97.51932278248059,,
1947-03-17,97.53885790323028,,
1947-03-18,97.55839302397999,,
1947-03-19,97.57792814472968,,
1947-03-20,97.59746326547938,,
1947-03-21,97.61699838622908,,
1947-03-24,97.63653350697878,,
1947-03-25,97.65606862772846,,
1947-03-26,97.67560374847815,,
1947-03-27,97.69513886922785,,
1947-03-28,97.71467398997756,,
1947-03-31,97.73420911072724,,
1947-04-01,97.75374423147693,,
1947-04-02,97.77327935222664,,
1947-04-03,97.79281447297635,,
1947-04-04,97.81234959372604,,
1947-04-07,97.83188471447573,,
1947-04-08,97.85141983522544,,
1947-04-09,97.87095495597514,,
1947-04-10,97.89049007672482,,
1947-04-11,97.91002519747451,,
1947-04-14,97.9295603182242,,
1947-04-15,97.94909543897391,,
1947-04-16,97.96863055972361,,
1947-04-17,97.9881656804733,,
1947-04-18,98.007700801223,,
1947-04-21,98.0272359219727,,
1947-04-22,98.0467710427224,,
1947-04-23,98.06630616347209,,
1947-04-24,98.0858412842218,,
1947-04-25,98.1053764049715,,
1947-04-28,98.12491152572119,,
1947-04-29,98.14444664647088,,
1947-04-30,98.1639817672206,,
1947-05-01,98.18351688797028,,
1947-05-02,98.20305200871998,,
1947-05-05,98.22258712946967,,
1947-05-06,98.24212225021937,,
1947-05-07,98.26165737096908,,
1947-05-08,98.28119249171876,,
1947-05-09,98.30072761246844,,
1947-05-12,98.32026273321813,,
1947-05-13,98.33979785396781,,
1947-05-14,98.3593329747175,,
1947-05-15,98.37886809546721,,
1947-05-16,98.3984032162169,,
1947-05-19,98.41793833696659,,
1947-05-20,98.43747345771628,,
1947-05-21,98.45700857846596,,
1947-05-22,98.47654369921564,,
1947-05-23,98.49607881996533,,
1947-05-26,98.51561394071504,,
1947-05-27,98.53514906146474,,
1947-05-28,98.55468418221443,,
1947-05-29,98.57421930296412,,
1947-05-30,98.59375442371382,,
1947-06-02,98.61328954446353,,
1947-06-03,98.63282466521322,,
1947-06-04,98.6523597859629,,
1947-06-05,98.6718949067126,,
1947-06-06,98.69143002746229,,
1947-06-09,98.710965148212,,
1947-06-10,98.73050026896169,,
1947-06-11,98.75003538971139,,
1947-06-12,98.7695705104611,,
1947-06-13,98.78910563121079,,
1947-06-16,98.80864075196048,,
1947-06-17,98.82817587271018,,
1947-06-18,98.84771099345988,,
1947-06-19,98.86724611420956,,
1947-06-20,98.88678123495926,,
1947-06-23,98.90631635570895,,
1947-06-24,98.92585147645866,,
1947-06-25,98.94538659720835,,
1947-06-26,98.96492171795805,,
1947-06-27,98.98445683870774,,
1947-06-30,99.00399195945745,,
1947-07-01,99.02352708020715,,
1947-07-02,99.04306220095683,,
1947-07-03,99.06259732170652,,
1947-07-04,99.08213244245621,,
1947-07-07,99.10166756320591,,
1947-07-08,99.12120268395562,,
1947-07-09,99.14073780470531,,
1947-07-10,99.16027292545502,,
1947-07-11,99.17980804620471,,
1947-07-14,99.1993431669544,,
1947-07-15,99.2188782877041,,
1947-07-16,99.2384134084538,,
1947-07-17,99.2579485292035,,
1947-07-18,99.2774836499532,,
1947-07-21,99.2970187707029,,
1947-07-22,99.3165538914526,,
1947-07-23,99.3360890122023,,
1947-07-24,99.35562413295199,,
1947-07-25,99.37515925370168,,
1947-07-28,99.39469437445139,,
1947-07-29,99.41422949520108,,
1947-07-30,99.4337646159508,,
1947-07-31,99.4532997367005,,
1947-08-01,99.47283485745021,,
1947-08-04,99.49236997819992,,
1947-08-05,99.51190509894961,,
1947-08-06,99.53144021969932,,
1947-08-07,99.55097534044901,,
1947-08-08,99.5705104611987,,
1947-08-11,99.59004558194839,,
1947-08-12,99.60958070269808,,
1947-08-13,99.62911582344778,,
1947-08-14,99.64865094419748,,
1947-08-15,99.66818606494718,,
1947-08-18,99.68772118569686,,
1947-08-19,99.70725630644655,,
1947-08-20,99.72679142719626,,
1947-08-21,99.74632654794596,,
1947-08-22,99.76586166869565,,
1947-08-25,99.78539678944536,,
1947-08-26,99.80493191019505,,
1947-08-27,99.82446703094475,,
1947-08-28,99.84400215169444,,
1947-08-29,99.86353727244413,,
1947-09-01,99.88307239319384,,
1947-09-02,99.90260751394354,,
1947-09-03,99.92214263469324,,
1947-09-04,99.94167775544295,,
1947-09-05,99.96121287619265,,
1947-09-08,99.98074799694234,,
1947-09-09,100.00028311769205,,
1947-09-10,100.01981823844174,,
1947-09-11,100.03935335919145,,
1947-09-12,100.05888847994116,,
1947-09-15,100.07842360069084,,
1947-09-16,100.09795872144052,,
1947-09-17,100.1174938421902,,
1947-09-18,100.1370289629399,,
1947-09-19,100.15656408368957,,
1947-09-22,100.17609920443927,,
1947-09-23,100.19563432518896,,
1947-09-24,100.21516944593867,,
1947-09-25,100.23470456668836,,
1947-09-26,100.25423968743807,,
1947-09-29,100.27377480818778,,
1947-09-30,100.29330992893748,,
1947-10-01,100.31284504968718,,
1947-10-02,100.33238017043689,,
1947-10-03,100.35191529118659,,
1947-10-06,100.3714504119363,,
1947-10-07,100.39098553268599,,
1947-10-08,100.4105206534357,,
1947-10-09,100.4300557741854,,
1947-10-10,100.4495908949351,,
1947-10-13,100.46912601568478,,
1947-10-14,100.48866113643449,,
1947-10-15,100.50819625718417,,
1947-10-16,100.52773137793385,,
1947-10-17,100.54726649868356,,
1947-10-20,100.56680161943324,,
1947-10-21,100.58633674018293,,
1947-10-22,100.60587186093261,,
1947-10-23,100.62540698168232,,
1947-10-24,100.64494210243203,,
1947-10-27,100.66447722318172,,
1947-10-28,100.68401234393143,,
1947-10-29,100.70354746468114,,
1947-10-30,100.72308258543083,,
1947-10-31,100.74261770618054,,
1947-11-03,100.76215282693022,,
1947-11-04,100.78168794767993,,
1947-11-05,100.80122306842962,,
1947-11-06,100.8207581891793,,
1947-11-07,100.84029330992901,,
1947-11-10,100.85982843067873,,
1947-11-11,100.87936355142841,,
1947-11-12,100.89889867217813,,
1947-11-13,100.91843379292784,,
1947-11-14,100.93796891367752,,
1947-11-17,100.9575040344272,,
1947-11-18,100.97703915517691,,
1947-11-19,100.99657427592659,,
1947-11-20,101.01610939667627,,
1947-11-21,101.03564451742596,,
1947-11-24,101.05517963817564,,
1947-11-25,101.07471475892535,,
1947-11-26,101.09424987967503,,
1947-11-27,101.11378500042474,,
1947-11-28,101.13332012117442,,
1947-12-01,101.15285524192413,,
1947-12-02,101.17239036267381,,
1947-12-03,101.1919254834235,,
1947-12-04,101.21146060417321,,
1947-12-05,101.23099572492289,,
1947-12-08,101.25053084567257,,
1947-12-09,101.27006596642228,,
1947-12-10,101.28960108717196,,
1947-12-11,101.30913620792164,,
1947-12-12,101.32867132867133,,
1947-12-15,101.34820644942104,,
1947-12-16,101.36774157017075,,
1947-12-17,101.38727669092044,,
1947-12-18,101.40681181167012,,
1947-12-19,101.4263469324198,,
1947-12-22,101.44588205316948,,
1947-12-23,101.46541717391919,,
1947-12-24,101.48495229466887,,
1947-12-25,101.50448741541858,,
1947-12-26,101.52402253616827,,
1947-12-29,101.54355765691798,,
1947-12-30,101.56309277766769,,
1947-12-31,101.58262789841739,,
1948-01-01,93.00699300699303,,
1948-01-02,93.02574819816202,,
1948-01-05,93.044503389331,,
1948-01-06,93.06325858049999,,
1948-01-07,93.08201377166897,,
1948-01-08,93.10076896283796,,
1948-01-09,93.11952415400695,,
1948-01-12,93.13827934517595,,
1948-01-13,93.15703453634492,,
1948-01-14,93.17578972751392,,
1948-01-15,93.19454491868291,,
1948-01-16,93.2133001098519,,
1948-01-19,93.23205530102088,,
1948-01-20,93.25081049218987,,
1948-01-21,93.26956568335886,,
1948-01-22,93.28832087452786,,
1948-01-23,93.30707606569683,,
1948-01-26,93.32583125686581,,
1948-01-27,93.34458644803479,,
1948-01-28,93.36334163920375,,
1948-01-29,93.38209683037275,,
1948-01-30,93.40085202154174,,
1948-02-02,93.41960721271072,,
1948-02-03,93.43836240387971,,
1948-02-04,93.45711759504869,,
1948-02-05,93.47587278621768,,
1948-02-06,93.49462797738667,,
1948-02-09,93.51338316855566,,
1948-02-10,93.53213835972466,,
1948-02-11,93.55089355089362,,
1948-02-12,93.56964874206261,,
1948-02-13,93.58840393323162,,
1948-02-16,93.6071591244006,,
1948-02-17,93.62591431556957,,
1948-02-18,93.64466950673857,,
1948-02-19,93.66342469790754,,
1948-02-20,93.68217988907655,,
1948-02-23,93.70093508024553,,
1948-02-24,93.7196902714145,,
1948-02-25,93.7384454625835,,
1948-02-26,93.75720065375248,,
1948-02-27,93.77595584492147,,
1948-03-01,93.79471103609045,,
1948-03-02,93.81346622725944,,
1948-03-03,93.83222141842845,,
1948-03-04,93.85097660959744,,
1948-03-05,93.86973180076643,,
1948-03-08,93.88848699193542,,
1948-03-09,93.9072421831044,,
1948-03-10,93.92599737427338,,
1948-03-11,93.94475256544236,,
1948-03-12,93.96350775661134,,
1948-03-15,93.98226294778034,,
1948-03-16,94.00101813894933,,
1948-03-17,94.01977333011831,,
1948-03-18,94.03852852128729,,
1948-03-19,94.05728371245628,,
1948-03-22,94.07603890362526,,
1948-03-23,94.09479409479424,,
1948-03-24,94.11354928596323,,
1948-03-25,94.1323044771322,,
1948-03-26,94.15105966830119,,
1948-03-29,94.16981485947016,,
1948-03-30,94.18857005063914,,
1948-03-31,94.20732524180812,,
1948-04-01,94.22608043297713,,
1948-04-02,94.24483562414609,,
1948-04-05,94.26359081531508,,
1948-04-06,94.28234600648406,,
1948-04-07,94.30110119765304,,
1948-04-08,94.319856388822,,
1948-04-09,94.338611579991,,
1948-04-12,94.35736677115999,,
1948-04-13,94.37612196232898,,
1948-04-14,94.39487715349797,,
1948-04-15,94.41363234466696,,
1948-04-16,94.43238753583594,,
1948-04-19,94.45114272700492,,
1948-04-20,94.4698979181739,,
1948-04-21,94.4886531093429,,
1948-04-22,94.50740830051187,,
1948-04-23,94.52616349168088,,
1948-04-26,94.54491868284985,,
1948-04-27,94.56367387401883,,
1948-04-28,94.5824290651878,,
1948-04-29,94.60118425635677,,
1948-04-30,94.61993944752575,,
1948-05-03,94.63869463869474,,
1948-05-04,94.65744982986372,,
1948-05-05,94.67620502103271,,
1948-05-06,94.69496021220169,,
1948-05-07,94.71371540337068,,
1948-05-10,94.73247059453966,,
1948-05-11,94.75122578570864,,
1948-05-12,94.76998097687763,,
1948-05-13,94.78873616804661,,
1948-05-14,94.80749135921562,,
1948-05-17,94.82624655038461,,
1948-05-18,94.84500174155357,,
1948-05-19,94.86375693272255,,
1948-05-20,94.88251212389153,,
1948-05-21,94.90126731506052,,
1948-05-24,94.92002250622951,,
1948-05-25,94.9387776973985,,
1948-05-26,94.95753288856748,,
1948-05-27,94.97628807973648,,
1948-05-28,94.99504327090546,,
1948-05-31,95.01379846207443,,
1948-06-01,95.03255365324343,,
1948-06-02,95.05130884441242,,
1948-06-03,95.0700640355814,,
1948-06-04,95.0888192267504,,
1948-06-07,95.1075744179194,,
1948-06-08,95.12632960908836,,
1948-06-09,95.14508480025734,,
1948-06-10,95.16383999142633,,
1948-06-11,95.1825951825953,,
1948-06-14,95.2013503737643,,
1948-06-15,95.22010556493329,,
1948-06-16,95.23886075610227,,
1948-06-17,95.25761594727126,,
1948-06-18,95.27637113844023,,
1948-06-21,95.29512632960923,,
1948-06-22,95.31388152077822,,
1948-06-23,95.33263671194722,,
1948-06-24,95.3513919031162,,
1948-06-25,95.37014709428519,,
1948-06-28,95.38890228545417,,
1948-06-29,95.40765747662314,,
1948-06-30,95.42641266779214,,
1948-07-01,95.44516785896113,,
1948-07-02,95.46392305013012,,
1948-07-05,95.4826782412991,,
1948-07-06,95.50143343246809,,
1948-07-07,95.5201886236371,,
1948-07-08,95.53894381480606,,
1948-07-09,95.55769900597507,,
1948-07-12,95.57645419714405,,
1948-07-13,95.59520938831304,,
1948-07-14,95.61396457948203,,
1948-07-15,95.63271977065101,,
1948-07-16,95.65147496182,,
1948-07-19,95.67023015298895,,
1948-07-20,95.68898534415793,,
1948-07-21,95.7077405353269,,
1948-07-22,95.72649572649588,,
1948-07-23,95.74525091766488,,
1948-07-26,95.76400610883387,,
1948-07-27,95.78276130000286,,
1948-07-28,95.80151649117184,,
1948-07-29,95.8202716823408,,
1948-07-30,95.8390268735098,,
1948-08-02,95.85778206467877,,
1948-08-03,95.87653725584775,,
1948-08-04,95.89529244701673,,
1948-08-05,95.91404763818572,,
1948-08-06,95.93280282935469,,
1948-08-09,95.95155802052368,,
1948-08-10,95.97031321169266,,
1948-08-11,95.98906840286165,,
1948-08-12,96.00782359403064,,
1948-08-13,96.02657878519963,,
1948-08-16,96.04533397636862,,
1948-08-17,96.0640891675376,,
1948-08-18,96.08284435870658,,
1948-08-19,96.10159954987554,,
1948-08-20,96.12035474104454,,
1948-08-23,96.13910993221351,,
1948-08-24,96.15786512338249,,
1948-08-25,96.17662031455147,,
1948-08-26,96.19537550572046,,
1948-08-27,96.21413069688944,,
1948-08-30,96.23288588805843,,
1948-08-31,96.25164107922743,,
1948-09-01,96.2703962703964,,
1948-09-02,96.2891514615654,,
1948-09-03,96.30790665273439,,
1948-09-06,96.32666184390338,,
1948-09-07,96.34541703507237,,
1948-09-08,96.36417222624135,,
1948-09-09,96.38292741741033,,
1948-09-10,96.40168260857932,,
1948-09-13,96.4204377997483,,
1948-09-14,96.4391929909173,,
1948-09-15,96.45794818208628,,
1948-09-16,96.47670337325526,,
1948-09-17,96.49545856442425,,
1948-09-20,96.51421375559323,,
1948-09-21,96.53296894676221,,
1948-09-22,96.55172413793119,,
1948-09-23,96.57047932910018,,
1948-09-24,96.58923452026916,,
1948-09-27,96.60798971143815,,
1948-09-28,96.62674490260714,,
1948-09-29,96.64550009377612,,
1948-09-30,96.66425528494511,,
1948-10-01,96.68301047611409,,
1948-10-04,96.70176566728308,,
1948-10-05,96.72052085845208,,
1948-10-06,96.73927604962105,,
1948-10-07,96.75803124079,,
1948-10-08,96.776786431959,,
1948-10-11,96.79554162312797,,
1948-10-12,96.81429681429695,,
1948-10-13,96.83305200546593,,
1948-10-14,96.85180719663492,,
1948-10-15,96.8705623878039,,
1948-10-18,96.88931757897289,,
1948-10-19,96.90807277014187,,
1948-10-20,96.92682796131085,,
1948-10-21,96.94558315247984,,
1948-10-22,96.96433834364882,,
1948-10-25,96.98309353481781,,
1948-10-26,97.00184872598679,,
1948-10-27,97.0206039171558,,
1948-10-28,97.03935910832475,,
1948-10-29,97.05811429949372,,
1948-11-01,97.07686949066272,,
1948-11-02,97.09562468183172,,
1948-11-03,97.11437987300071,,
1948-11-04,97.1331350641697,,
1948-11-05,97.15189025533869,,
1948-11-08,97.17064544650765,,
1948-11-09,97.18940063767663,,
1948-11-10,97.2081558288456,,
1948-11-11,97.22691102001458,,
1948-11-12,97.24566621118356,,
1948-11-15,97.26442140235253,,
1948-11-16,97.28317659352152,,
1948-11-17,97.30193178469048,,
1948-11-18,97.32068697585947,,
1948-11-19,97.33944216702845,,
1948-11-22,97.35819735819743,,
1948-11-23,97.37695254936641,,
1948-11-24,97.39570774053539,,
1948-11-25,97.41446293170438,,
1948-11-26,97.43321812287337,,
1948-11-29,97.45197331404235,,
1948-11-30,97.47072850521134,,
1948-12-01,97.48948369638032,,
1948-12-02,97.5082388875493,,
1948-12-03,97.5269940787183,,
1948-12-06,97.54574926988727,,
1948-12-07,97.56450446105626,,
1948-12-08,97.58325965222525,,
1948-12-09,97.60201484339424,,
1948-12-10,97.62077003456322,,
1948-12-13,97.63952522573221,,
1948-12-14,97.6582804169012,,
1948-12-15,97.6770356080702,,
1948-12-16,97.69579079923916,,
1948-12-17,97.71454599040815,,
1948-12-20,97.73330118157713,,
1948-12-21,97.75205637274613,,
1948-12-22,97.7708115639151,,
1948-12-23,97.7895667550841,,
1948-12-24,97.80832194625309,,
1948-12-27,97.82707713742208,,
1948-12-28,97.84583232859106,,
1948-12-29,97.86458751976005,,
1948-12-30,97.88334271092903,,
1948-12-31,97.902097902098,,
1949-01-03,100.23310023310033,,
1949-01-04,100.25346867452139,,
1949-01-05,100.27383711594247,,
1949-01-06,100.29420555736353,,
1949-01-07,100.31457399878458,,
1949-01-10,100.33494244020567,,
1949-01-11,100.35531088162675,,
1949-01-12,100.37567932304783,,
1949-01-13,100.3960477644689,,
1949-01-14,100.41641620588999,,
1949-01-17,100.43678464731107,,
1949-01-18,100.45715308873216,,
1949-01-19,100.47752153015324,,
1949-01-20,100.4978899715743,,
1949-01-21,100.51825841299535,,
1949-01-24,100.53862685441644,,
1949-01-25,100.55899529583749,,
1949-01-26,100.57936373725857,,
1949-01-27,100.59973217867963,,
1949-01-28,100.6201006201007,,
1949-01-31,100.64046906152176,,
1949-02-01,100.66083750294281,,
1949-02-02,100.6812059443639,,
1949-02-03,100.70157438578495,,
1949-02-04,100.72194282720604,,
1949-02-07,100.74231126862712,,
1949-02-08,100.7626797100482,,
1949-02-09,100.78304815146927,,
1949-02-10,100.80341659289034,,
1949-02-11,100.8237850343114,,
1949-02-14,100.84415347573245,,
1949-02-15,100.86452191715354,,
1949-02-16,100.88489035857462,,
1949-02-17,100.9052587999957,,
1949-02-18,100.92562724141676,,
1949-02-21,100.94599568283782,,
1949-02-22,100.96636412425887,,
1949-02-23,100.98673256567996,,
1949-02-24,101.00710100710104,,
1949-02-25,101.02746944852213,,
1949-02-28,101.04783788994321,,
1949-03-01,101.06820633136428,,
1949-03-02,101.08857477278536,,
1949-03-03,101.10894321420642,,
1949-03-04,101.12931165562749,,
1949-03-07,101.14968009704856,,
1949-03-08,101.17004853846964,,
1949-03-09,101.19041697989073,,
1949-03-10,101.21078542131178,,
1949-03-11,101.23115386273287,,
1949-03-14,101.25152230415392,,
1949-03-15,101.271890745575,,
1949-03-16,101.29225918699606,,
1949-03-17,101.31262762841715,,
1949-03-18,101.33299606983823,,
1949-03-21,101.35336451125929,,
1949-03-22,101.37373295268036,,
1949-03-23,101.39410139410143,,
1949-03-24,101.41446983552251,,
1949-03-25,101.4348382769436,,
1949-03-28,101.45520671836465,,
1949-03-29,101.47557515978572,,
1949-03-30,101.49594360120679,,
1949-03-31,101.51631204262787,,
1949-04-01,101.53668048404893,,
1949-04-04,101.55704892547,,
1949-04-05,101.57741736689107,,
1949-04-06,101.59778580831214,,
1949-04-07,101.61815424973322,,
1949-04-08,101.6385226911543,,
1949-04-11,101.65889113257538,,
1949-04-12,101.67925957399646,,
1949-04-13,101.69962801541752,,
1949-04-14,101.7199964568386,,
1949-04-15,101.74036489825968,,
1949-04-18,101.76073333968074,,
1949-04-19,101.78110178110182,,
1949-04-20,101.80147022252288,,
1949-04-21,101.82183866394394,,
1949-04-22,101.842207105365,,
1949-04-25,101.86257554678608,,
1949-04-26,101.88294398820716,,
1949-04-27,101.90331242962823,,
1949-04-28,101.9236808710493,,
1949-04-29,101.94404931247038,,
1949-05-02,101.96441775389147,,
1949-05-03,101.98478619531255,,
1949-05-04,102.00515463673361,,
1949-05-05,102.02552307815469,,
1949-05-06,102.04589151957575,,
1949-05-09,102.0662599609968,,
1949-05-10,102.08662840241789,,
1949-05-11,102.10699684383897,,
1949-05-12,102.12736528526005,,
1949-05-13,102.14773372668114,,
1949-05-16,102.1681021681022,,
1949-05-17,102.18847060952328,,
1949-05-18,102.20883905094436,,
1949-05-19,102.22920749236542,,
1949-05-20,102.2495759337865,,
1949-05-23,102.26994437520757,,
1949-05-24,102.29031281662864,,
1949-05-25,102.31068125804971,,
1949-05-26,102.3310496994708,,
1949-05-27,102.35141814089187,,
1949-05-30,102.37178658231294,,
1949-05-31,102.392155023734,,
1949-06-01,102.41252346515506,,
1949-06-02,102.43289190657612,,
1949-06-03,102.4532603479972,,
1949-06-06,102.47362878941826,,
1949-06-07,102.49399723083934,,
1949-06-08,102.5143656722604,,
1949-06-09,102.53473411368145,,
1949-06-10,102.55510255510254,,
1949-06-13,102.57547099652362,,
1949-06-14,102.5958394379447,,
1949-06-15,102.61620787936576,,
1949-06-16,102.63657632078682,,
1949-06-17,102.65694476220789,,
1949-06-20,102.67731320362896,,
1949-06-21,102.69768164505004,,
1949-06-22,102.71805008647112,,
1949-06-23,102.73841852789218,,
1949-06-24,102.75878696931326,,
1949-06-27,102.77915541073435,,
1949-06-28,102.7995238521554,,
1949-06-29,102.81989229357649,,
1949-06-30,102.84026073499757,,
1949-07-01,102.86062917641866,,
1949-07-04,102.88099761783972,,
1949-07-05,102.9013660592608,,
1949-07-06,102.92173450068188,,
1949-07-07,102.94210294210293,,
1949-07-08,102.96247138352402,,
1949-07-11,102.98283982494509,,
1949-07-12,103.00320826636617,,
1949-07-13,103.02357670778723,,
1949-07-14,103.0439451492083,,
1949-07-15,103.06431359062938,,
1949-07-18,103.08468203205045,,
1949-07-19,103.10505047347154,,
1949-07-20,103.12541891489262,,
1949-07-21,103.1457873563137,,
1949-07-22,103.16615579773479,,
1949-07-25,103.18652423915586,,
1949-07-26,103.20689268057694,,
1949-07-27,103.22726112199803,,
1949-07-28,103.24762956341911,,
1949-07-29,103.26799800484017,,
1949-08-01,103.28836644626125,,
1949-08-02,103.30873488768233,,
1949-08-03,103.32910332910339,,
1949-08-04,103.34947177052447,,
1949-08-05,103.36984021194556,,
1949-08-08,103.39020865336663,,
1949-08-09,103.4105770947877,,
1949-08-10,103.43094553620877,,
1949-08-11,103.45131397762984,,
1949-08-12,103.4716824190509,,
1949-08-15,103.49205086047198,,
1949-08-16,103.51241930189306,,
1949-08-17,103.53278774331413,,
1949-08-18,103.5531561847352,,
1949-08-19,103.57352462615627,,
1949-08-22,103.59389306757735,,
1949-08-23,103.61426150899842,,
1949-08-24,103.6346299504195,,
1949-08-25,103.65499839184058,,
1949-08-26,103.67536683326166,,
1949-08-29,103.69573527468275,,
1949-08-30,103.71610371610383,,
1949-08-31,103.7364721575249,,
1949-09-01,103.75684059894598,,
1949-09-02,103.77720904036707,,
1949-09-05,103.79757748178812,,
1949-09-06,103.81794592320918,,
1949-09-07,103.83831436463026,,
1949-09-08,103.85868280605133,,
1949-09-09,103.8790512474724,,
1949-09-12,103.89941968889349,,
1949-09-13,103.91978813031454,,
1949-09-14,103.94015657173561,,
1949-09-15,103.96052501315668,,
1949-09-16,103.98089345457777,,
1949-09-19,104.00126189599885,,
1949-09-20,104.02163033741994,,
1949-09-21,104.04199877884102,,
1949-09-22,104.06236722026208,,
1949-09-23,104.08273566168316,,
1949-09-26,104.10310410310424,,
1949-09-27,104.1234725445253,,
1949-09-28,104.14384098594638,,
1949-09-29,104.16420942736747,,
1949-09-30,104.18457786878854,,
1949-10-03,104.20494631020962,,
1949-10-04,104.2253147516307,,
1949-10-05,104.24568319305176,,
1949-10-06,104.26605163447284,,
1949-10-07,104.28642007589393,,
1949-10-10,104.30678851731501,,
1949-10-11,104.32715695873608,,
1949-10-12,104.34752540015715,,
1949-10-13,104.36789384157821,,
1949-10-14,104.38826228299926,,
1949-10-17,104.40863072442035,,
1949-10-18,104.4289991658414,,
1949-10-19,104.44936760726247,,
1949-10-20,104.46973604868354,,
1949-10-21,104.49010449010463,,
1949-10-24,104.51047293152571,,
1949-10-25,104.5308413729468,,
1949-10-26,104.55120981436788,,
1949-10-27,104.57157825578895,,
1949-10-28,104.59194669721003,,
1949-10-31,104.61231513863112,,
1949-11-01,104.6326835800522,,
1949-11-02,104.65305202147329,,
1949-11-03,104.67342046289436,,
1949-11-04,104.69378890431544,,
1949-11-07,104.71415734573652,,
1949-11-08,104.73452578715761,,
1949-11-09,104.75489422857866,,
1949-11-10,104.77526266999975,,
1949-11-11,104.7956311114208,,
1949-11-14,104.81599955284186,,
1949-11-15,104.83636799426294,,
1949-11-16,104.85673643568401,,
1949-11-17,104.87710487710508,,
1949-11-18,104.89747331852615,,
1949-11-21,104.91784175994722,,
1949-11-22,104.9382102013683,,
1949-11-23,104.95857864278939,,
1949-11-24,104.97894708421047,,
1949-11-25,104.99931552563153,,
1949-11-28,105.01968396705261,,
1949-11-29,105.0400524084737,,
1949-11-30,105.06042084989475,,
1949-12-01,105.08078929131584,,
1949-12-02,105.10115773273692,,
1949-12-05,105.12152617415798,,
1949-12-06,105.14189461557903,,
1949-12-07,105.16226305700012,,
1949-12-08,105.1826314984212,,
1949-12-09,105.20299993984227,,
1949-12-12,105.22336838126336,,
1949-12-13,105.24373682268443,,
1949-12-14,105.26410526410548,,
1949-12-15,105.28447370552657,,
1949-12-16,105.30484214694762,,
1949-12-19,105.32521058836868,,
1949-12-20,105.34557902978976,,
1949-12-21,105.36594747121082,,
1949-12-22,105.3863159126319,,
1949-12-23,105.40668435405296,,
1949-12-26,105.42705279547404,,
1949-12-27,105.4474212368951,,
1949-12-28,105.46778967831618,,
1949-12-29,105.48815811973724,,
1949-12-30,105.50852656115832,,
1950-01-02,100.00000000000017,,
1950-01-03,100.02032107295283,,
1950-01-04,100.0406421459055,,
1950-01-05,100.06096321885813,,
1950-01-06,100.08128429181077,,
1950-01-09,100.10160536476343,,
1950-01-10,100.1219264377161,,
1950-01-11,100.14224751066875,,
1950-01-12,100.16256858362141,,
1950-01-13,100.18288965657408,,
1950-01-16,100.20321072952672,,
1950-01-17,100.22353180247936,,
1950-01-18,100.243852875432,,
1950-01-19,100.26417394838467,,
1950-01-20,100.28449502133732,,
1950-01-23,100.30481609428996,,
1950-01-24,100.32513716724263,,
1950-01-25,100.34545824019527,,
1950-01-26,100.36577931314793,,
1950-01-27,100.38610038610058,,
1950-01-30,100.40642145905323,,
1950-01-31,100.42674253200587,,
1950-02-01,100.44706360495852,,
1950-02-02,100.46738467791118,,
1950-02-03,100.48770575086382,,
1950-02-06,100.50802682381648,,
1950-02-07,100.52834789676915,,
1950-02-08,100.54866896972179,,
1950-02-09,100.56899004267443,,
1950-02-10,100.58931111562708,,
1950-02-13,100.60963218857975,,
1950-02-14,100.62995326153239,,
1950-02-15,100.65027433448503,,
1950-02-16,100.67059540743773,,
1950-02-17,100.69091648039037,,
1950-02-20,100.71123755334301,,
1950-02-21,100.73155862629565,,
1950-02-22,100.75187969924832,,
1950-02-23,100.77220077220097,,
1950-02-24,100.79252184515362,,
1950-02-27,100.8128429181063,,
1950-02-28,100.83316399105895,,
1950-03-01,100.8534850640116,,
1950-03-02,100.87380613696423,,
1950-03-03,100.8941272099169,,
1950-03-06,100.91444828286956,,
1950-03-07,100.9347693558222,,
1950-03-08,100.95509042877487,,
1950-03-09,100.9754115017275,,
1950-03-10,100.99573257468015,,
1950-03-13,101.0160536476328,,
1950-03-14,101.03637472058547,,
1950-03-15,101.05669579353811,,
1950-03-16,101.07701686649075,,
1950-03-17,101.09733793944342,,
1950-03-20,101.11765901239606,,
1950-03-21,101.13798008534872,,
1950-03-22,101.15830115830138,,
1950-03-23,101.17862223125402,,
1950-03-24,101.19894330420667,,
1950-03-27,101.2192643771593,,
1950-03-28,101.23958545011197,,
1950-03-29,101.25990652306463,,
1950-03-30,101.28022759601727,,
1950-03-31,101.30054866896994,,
1950-04-03,101.32086974192258,,
1950-04-04,101.34119081487523,,
1950-04-05,101.36151188782787,,
1950-04-06,101.38183296078054,,
1950-04-07,101.40215403373318,,
1950-04-10,101.42247510668582,,
1950-04-11,101.44279617963849,,
1950-04-12,101.46311725259113,,
1950-04-13,101.48343832554379,,
1950-04-14,101.50375939849643,,
1950-04-17,101.5240804714491,,
1950-04-18,101.54440154440174,,
1950-04-19,101.56472261735439,,
1950-04-20,101.58504369030706,,
1950-04-21,101.6053647632597,,
1950-04-24,101.62568583621234,,
1950-04-25,101.64600690916498,,
1950-04-26,101.66632798211765,,
1950-04-27,101.6866490550703,,
1950-04-28,101.70697012802295,,
1950-05-01,101.72729120097561,,
1950-05-02,101.74761227392825,,
1950-05-03,101.7679333468809,,
1950-05-04,101.78825441983355,,
1950-05-05,101.80857549278622,,
1950-05-08,101.82889656573886,,
1950-05-09,101.8492176386915,,
1950-05-10,101.86953871164417,,
1950-05-11,101.88985978459681,,
1950-05-12,101.91018085754946,,
1950-05-15,101.93050193050213,,
1950-05-16,101.95082300345477,,
1950-05-17,101.97114407640741,,
1950-05-18,101.99146514936007,,
1950-05-19,102.01178622231275,,
1950-05-22,102.03210729526539,,
1950-05-23,102.05242836821805,,
1950-05-24,102.07274944117071,,
1950-05-25,102.09307051412335,,
1950-05-26,102.113391587076,,
1950-05-29,102.13371266002864,,
1950-05-30,102.1540337329813,,
1950-05-31,102.17435480593396,,
1950-06-01,102.1946758788866,,
1950-06-02,102.21499695183927,,
1950-06-05,102.23531802479191,,
1950-06-06,102.25563909774455,,
1950-06-07,102.2759601706972,,
1950-06-08,102.29628124364987,,
1950-06-09,102.31660231660251,,
1950-06-12,102.33692338955518,,
1950-06-13,102.35724446250785,,
1950-06-14,102.37756553546049,,
1950-06-15,102.39788660841313,,
1950-06-16,102.41820768136579,,
1950-06-19,102.43852875431844,,
1950-06-20,102.4588498272711,,
1950-06-21,102.47917090022374,,
1950-06-22,102.4994919731764,,
1950-06-23,102.51981304612904,,
1950-06-26,102.5401341190817,,
1950-06-27,102.56045519203434,,
1950-06-28,102.58077626498701,,
1950-06-29,102.60109733793965,,
1950-06-30,102.62141841089229,,
1950-07-03,102.64173948384496,,
1950-07-04,102.66206055679761,,
1950-07-05,102.68238162975025,,
1950-07-06,102.70270270270292,,
1950-07-07,102.72302377565556,,
1950-07-10,102.7433448486082,,
1950-07-11,102.76366592156086,,
1950-07-12,102.78398699451353,,
1950-07-13,102.80430806746617,,
1950-07-14,102.8246291404188,,
1950-07-17,102.84495021337148,,
1950-07-18,102.86527128632412,,
1950-07-19,102.88559235927677,,
1950-07-20,102.90591343222941,,
1950-07-21,102.92623450518208,,
1950-07-24,102.94655557813472,,
1950-07-25,102.96687665108738,,
1950-07-26,102.98719772404003,,
1950-07-27,103.00751879699268,,
1950-07-28,103.02783986994532,,
1950-07-31,103.04816094289797,,
1950-08-01,103.06848201585063,,
1950-08-02,103.08880308880329,,
1950-08-03,103.10912416175593,,
1950-08-04,103.1294452347086,,
1950-08-07,103.14976630766124,,
1950-08-08,103.17008738061388,,
1950-08-09,103.19040845356653,,
1950-08-10,103.2107295265192,,
1950-08-11,103.23105059947184,,
1950-08-14,103.25137167242448,,
1950-08-15,103.27169274537715,,
1950-08-16,103.29201381832979,,
1950-08-17,103.31233489128245,,
1950-08-18,103.33265596423512,,
1950-08-21,103.35297703718776,,
1950-08-22,103.3732981101404,,
1950-08-23,103.39361918309305,,
1950-08-24,103.4139402560457,,
1950-08-25,103.43426132899836,,
1950-08-28,103.454582401951,,
1950-08-29,103.47490347490367,,
1950-08-30,103.49522454785631,,
1950-08-31,103.51554562080895,,
1950-09-01,103.5358666937616,,
1950-09-04,103.55618776671427,,
1950-09-05,103.57650883966691,,
1950-09-06,103.59682991261955,,
1950-09-07,103.61715098557222,,
1950-09-08,103.63747205852489,,
1950-09-11,103.65779313147756,,
1950-09-12,103.6781142044302,,
1950-09-13,103.69843527738287,,
1950-09-14,103.71875635033551,,
1950-09-15,103.73907742328817,,
1950-09-18,103.75939849624083,,
1950-09-19,103.77971956919347,,
1950-09-20,103.80004064214612,,
1950-09-21,103.82036171509877,,
1950-09-22,103.84068278805142,,
1950-09-25,103.8610038610041,,
1950-09-26,103.88132493395675,,
1950-09-27,103.90164600690943,,
1950-09-28,103.9219670798621,,
1950-09-29,103.94228815281474,,
1950-10-02,103.96260922576741,,
1950-10-03,103.9829302987201,,
1950-10-04,104.00325137167275,,
1950-10-05,104.02357244462539,,
1950-10-06,104.04389351757806,,
1950-10-09,104.06421459053072,,
1950-10-10,104.08453566348336,,
1950-10-11,104.10485673643602,,
1950-10-12,104.12517780938867,,
1950-10-13,104.14549888234133,,
1950-10-16,104.16581995529397,,
1950-10-17,104.18614102824664,,
1950-10-18,104.20646210119928,,
1950-10-19,104.22678317415193,,
1950-10-20,104.24710424710459,,
1950-10-23,104.26742532005726,,
1950-10-24,104.28774639300991,,
1950-10-25,104.30806746596258,,
1950-10-26,104.32838853891523,,
1950-10-27,104.34870961186789,,
1950-10-30,104.36903068482053,,
1950-10-31,104.3893517577732,,
1950-11-01,104.40967283072584,,
1950-11-02,104.42999390367848,,
1950-11-03,104.45031497663113,,
1950-11-06,104.4706360495838,,
1950-11-07,104.49095712253644,,
1950-11-08,104.51127819548908,,
1950-11-09,104.53159926844175,,
1950-11-10,104.5519203413944,,
1950-11-13,104.57224141434705,,
1950-11-14,104.59256248729969,,
1950-11-15,104.61288356025236,,
1950-11-16,104.63320463320503,,
1950-11-17,104.65352570615767,,
1950-11-20,104.67384677911033,,
1950-11-21,104.69416785206298,,
1950-11-22,104.71448892501563,,
1950-11-23,104.73480999796827,,
1950-11-24,104.75513107092094,,
1950-11-27,104.77545214387358,,
1950-11-28,104.79577321682623,,
1950-11-29,104.81609428977889,,
1950-11-30,104.83641536273154,,
1950-12-01,104.85673643568418,,
1950-12-04,104.87705750863685,,
1950-12-05,104.89737858158949,,
1950-12-06,104.91769965454213,,
1950-12-07,104.93802072749479,,
1950-12-08,104.95834180044746,,
1950-12-11,104.9786628734001,,
1950-12-12,104.99898394635274,,
1950-12-13,105.0193050193054,,
1950-12-14,105.03962609225806,,
1950-12-15,105.0599471652107,,
1950-12-18,105.08026823816334,,
1950-12-19,105.10058931111601,,
1950-12-20,105.12091038406865,,
1950-12-21,105.14123145702132,,
1950-12-22,105.16155252997399,,
1950-12-25,105.18187360292663,,
1950-12-26,105.20219467587928,,
1950-12-27,105.22251574883192,,
1950-12-28,105.24283682178459,,
1950-12-29,105.26315789473723,,
1951-01-01,101.63170163170203,,
1951-01-02,101.65227485065583,,
1951-01-03,101.67284806960961,,
1951-01-04,101.6934212885634,,
1951-01-05,101.71399450751717,,
1951-01-08,101.73456772647096,,
1951-01-09,101.75514094542476,,
1951-01-10,101.77571416437854,,
1951-01-11,101.79628738333233,,
1951-01-12,101.81686060228611,,
1951-01-15,101.83743382123988,,
1951-01-16,101.85800704019368,,
1951-01-17,101.87858025914747,,
1951-01-18,101.89915347810125,,
1951-01-19,101.91972669705504,,
1951-01-22,101.94029991600881,,
1951-01-23,101.96087313496258,,
1951-01-24,101.98144635391635,,
1951-01-25,102.00201957287014,,
1951-01-26,102.02259279182393,,
1951-01-29,102.04316601077772,,
1951-01-30,102.06373922973151,,
1951-01-31,102.0843124486853,,
1951-02-01,102.1048856676391,,
1951-02-02,102.12545888659288,,
1951-02-05,102.14603210554667,,
1951-02-06,102.16660532450047,,
1951-02-07,102.18717854345425,,
1951-02-08,102.20775176240804,,
1951-02-09,102.22832498136182,,
1951-02-12,102.24889820031562,,
1951-02-13,102.26947141926941,,
1951-02-14,102.2900446382232,,
1951-02-15,102.310617857177,,
1951-02-16,102.33119107613078,,
1951-02-19,102.35176429508456,,
1951-02-20,102.37233751403834,,
1951-02-21,102.3929107329921,,
1951-02-22,102.41348395194589,,
1951-02-23,102.43405717089968,,
1951-02-26,102.45463038985348,,
1951-02-27,102.47520360880725,,
1951-02-28,102.495776827761,,
1951-03-01,102.5163500467148,,
1951-03-02,102.53692326566859,,
1951-03-05,102.55749648462238,,
1951-03-06,102.57806970357615,,
1951-03-07,102.59864292252993,,
1951-03-08,102.6192161414837,,
1951-03-09,102.63978936043748,,
1951-03-12,102.66036257939126,,
1951-03-13,102.68093579834505,,
1951-03-14,102.70150901729885,,
1951-03-15,102.72208223625263,,
1951-03-16,102.74265545520642,,
1951-03-19,102.76322867416022,,
1951-03-20,102.783801893114,,
1951-03-21,102.80437511206779,,
1951-03-22,102.82494833102159,,
1951-03-23,102.84552154997537,,
1951-03-26,102.86609476892916,,
1951-03-27,102.88666798788296,,
1951-03-28,102.90724120683674,,
1951-03-29,102.92781442579053,,
1951-03-30,102.94838764474432,,
1951-04-02,102.96896086369811,,
1951-04-03,102.9895340826519,,
1951-04-04,103.01010730160569,,
1951-04-05,103.03068052055946,,
1951-04-06,103.05125373951324,,
1951-04-09,103.07182695846704,,
1951-04-10,103.09240017742083,,
1951-04-11,103.11297339637461,,
1951-04-12,103.13354661532841,,
1951-04-13,103.1541198342822,,
1951-04-16,103.17469305323598,,
1951-04-17,103.19526627218976,,
1951-04-18,103.21583949114354,,
1951-04-19,103.23641271009734,,
1951-04-20,103.2569859290511,,
1951-04-23,103.2775591480049,,
1951-04-24,103.29813236695868,,
1951-04-25,103.31870558591245,,
1951-04-26,103.33927880486624,,
1951-04-27,103.35985202382003,,
1951-04-30,103.3804252427738,,
1951-05-01,103.4009984617276,,
1951-05-02,103.42157168068138,,
1951-05-03,103.44214489963515,,
1951-05-04,103.46271811858891,,
1951-05-07,103.48329133754271,,
1951-05-08,103.50386455649647,,
1951-05-09,103.52443777545027,,
1951-05-10,103.54501099440402,,
1951-05-11,103.5655842133578,,
1951-05-14,103.58615743231158,,
1951-05-15,103.60673065126538,,
1951-05-16,103.62730387021917,,
1951-05-17,103.64787708917295,,
1951-05-18,103.66845030812675,,
1951-05-21,103.68902352708051,,
1951-05-22,103.70959674603431,,
1951-05-23,103.7301699649881,,
1951-05-24,103.75074318394188,,
1951-05-25,103.77131640289565,,
1951-05-28,103.79188962184944,,
1951-05-29,103.81246284080324,,
1951-05-30,103.833036059757,,
1951-05-31,103.85360927871079,,
1951-06-01,103.87418249766458,,
1951-06-04,103.89475571661836,,
1951-06-05,103.91532893557216,,
1951-06-06,103.93590215452593,,
1951-06-07,103.95647537347972,,
1951-06-08,103.9770485924335,,
1951-06-11,103.99762181138728,,
1951-06-12,104.01819503034106,,
1951-06-13,104.03876824929486,,
1951-06-14,104.05934146824862,,
1951-06-15,104.07991468720239,,
1951-06-18,104.10048790615618,,
1951-06-19,104.12106112510997,,
1951-06-20,104.14163434406376,,
1951-06-21,104.16220756301755,,
1951-06-22,104.18278078197135,,
1951-06-25,104.20335400092513,,
1951-06-26,104.22392721987892,,
1951-06-27,104.24450043883272,,
1951-06-28,104.2650736577865,,
1951-06-29,104.28564687674029,,
1951-07-02,104.30622009569406,,
1951-07-03,104.32679331464784,,
1951-07-04,104.34736653360164,,
1951-07-05,104.36793975255543,,
1951-07-06,104.38851297150921,,
1951-07-09,104.409086190463,,
1951-07-10,104.4296594094168,,
1951-07-11,104.45023262837059,,
1951-07-12,104.47080584732437,,
1951-07-13,104.49137906627817,,
1951-07-16,104.51195228523196,,
1951-07-17,104.53252550418574,,
1951-07-18,104.55309872313954,,
1951-07-19,104.57367194209333,,
1951-07-20,104.59424516104711,,
1951-07-23,104.61481838000091,,
1951-07-24,104.6353915989547,,
1951-07-25,104.65596481790844,,
1951-07-26,104.67653803686223,,
1951-07-27,104.69711125581603,,
1951-07-30,104.71768447476981,,
1951-07-31,104.7382576937236,,
1951-08-01,104.7588309126774,,
1951-08-02,104.77940413163118,,
1951-08-03,104.79997735058497,,
1951-08-06,104.82055056953877,,
1951-08-07,104.84112378849255,,
1951-08-08,104.86169700744632,,
1951-08-09,104.88227022640011,,
1951-08-10,104.9028434453539,,
1951-08-13,104.9234166643077,,
1951-08-14,104.94398988326148,,
1951-08-15,104.96456310221527,,
1951-08-16,104.98513632116904,,
1951-08-17,105.00570954012282,,
1951-08-20,105.02628275907662,,
1951-08-21,105.04685597803041,,
1951-08-22,105.0674291969842,,
1951-08-23,105.08800241593799,,
1951-08-24,105.10857563489175,,
1951-08-27,105.12914885384555,,
1951-08-28,105.14972207279934,,
1951-08-29,105.1702952917531,,
1951-08-30,105.19086851070689,,
1951-08-31,105.21144172966068,,
1951-09-03,105.23201494861448,,
1951-09-04,105.25258816756826,,
1951-09-05,105.27316138652205,,
1951-09-06,105.29373460547585,,
1951-09-07,105.3143078244296,,
1951-09-10,105.3348810433834,,
1951-09-11,105.35545426233719,,
1951-09-12,105.37602748129098,,
1951-09-13,105.39660070024475,,
1951-09-14,105.41717391919852,,
1951-09-17,105.4377471381523,,
1951-09-18,105.45832035710609,,
1951-09-19,105.47889357605986,,
1951-09-20,105.49946679501365,,
1951-09-21,105.52004001396745,,
1951-09-24,105.54061323292123,,
1951-09-25,105.56118645187502,,
1951-09-26,105.58175967082882,,
1951-09-27,105.6023328897826,,
1951-09-28,105.62290610873639,,
1951-10-01,105.64347932769019,,
1951-10-02,105.66405254664397,,
1951-10-03,105.68462576559776,,
1951-10-04,105.70519898455156,,
1951-10-05,105.72577220350534,,
1951-10-08,105.74634542245913,,
1951-10-09,105.76691864141293,,
1951-10-10,105.78749186036671,,
1951-10-11,105.8080650793205,,
1951-10-12,105.82863829827429,,
1951-10-15,105.84921151722808,,
1951-10-16,105.86978473618186,,
1951-10-17,105.89035795513564,,
1951-10-18,105.91093117408943,,
1951-10-19,105.93150439304321,,
1951-10-22,105.95207761199701,,
1951-10-23,105.9726508309508,,
1951-10-24,105.99322404990457,,
1951-10-25,106.01379726885835,,
1951-10-26,106.03437048781214,,
1951-10-29,106.05494370676594,,
1951-10-30,106.07551692571973,,
1951-10-31,106.09609014467351,,
1951-11-01,106.11666336362728,,
1951-11-02,106.13723658258107,,
1951-11-05,106.15780980153487,,
1951-11-06,106.17838302048864,,
1951-11-07,106.19895623944242,,
1951-11-08,106.21952945839621,,
1951-11-09,106.24010267735,,
1951-11-12,106.2606758963038,,
1951-11-13,106.28124911525758,,
1951-11-14,106.30182233421137,,
1951-11-15,106.32239555316514,,
1951-11-16,106.34296877211892,,
1951-11-19,106.3635419910727,,
1951-11-20,106.38411521002647,,
1951-11-21,106.40468842898025,,
1951-11-22,106.42526164793402,,
1951-11-23,106.44583486688781,,
1951-11-26,106.46640808584158,,
1951-11-27,106.48698130479536,,
1951-11-28,106.50755452374914,,
1951-11-29,106.52812774270292,,
1951-11-30,106.54870096165672,,
1951-12-03,106.5692741806105,,
1951-12-04,106.58984739956429,,
1951-12-05,106.61042061851806,,
1951-12-06,106.63099383747183,,
1951-12-07,106.65156705642562,,
1951-12-10,106.67214027537936,,
1951-12-11,106.69271349433313,,
1951-12-12,106.71328671328692,,
1951-12-13,106.73385993224072,,
1951-12-14,106.7544331511945,,
1951-12-17,106.77500637014829,,
1951-12-18,106.79557958910209,,
1951-12-19,106.81615280805585,,
1951-12-20,106.83672602700965,,
1951-12-21,106.85729924596343,,
1951-12-24,106.87787246491722,,
1951-12-25,106.89844568387102,,
1951-12-26,106.9190189028248,,
1951-12-27,106.93959212177859,,
1951-12-28,106.96016534073239,,
1951-12-31,106.98073855968617,,
1952-01-01,99.76689976689998,,
1952-01-02,99.78701811732687,,
1952-01-03,99.80713646775375,,
1952-01-04,99.82725481818065,,
1952-01-07,99.84737316860752,,
1952-01-08,99.8674915190344,,
1952-01-09,99.88760986946127,,
1952-01-10,99.90772821988816,,
1952-01-11,99.92784657031504,,
1952-01-14,99.94796492074191,,
1952-01-15,99.96808327116878,,
1952-01-16,99.98820162159566,,
1952-01-17,100.00831997202253,,
1952-01-18,100.0284383224494,,
1952-01-21,100.04855667287629,,
1952-01-22,100.06867502330317,,
1952-01-23,100.08879337373004,,
1952-01-24,100.10891172415693,,
1952-01-25,100.1290300745838,,
1952-01-28,100.14914842501071,,
1952-01-29,100.16926677543758,,
1952-01-30,100.18938512586448,,
1952-01-31,100.20950347629139,,
1952-02-01,100.22962182671826,,
1952-02-04,100.24974017714514,,
1952-02-05,100.26985852757203,,
1952-02-06,100.2899768779989,,
1952-02-07,100.31009522842578,,
1952-02-08,100.33021357885265,,
1952-02-11,100.35033192927953,,
1952-02-12,100.37045027970642,,
1952-02-13,100.39056863013329,,
1952-02-14,100.41068698056017,,
1952-02-15,100.43080533098706,,
1952-02-18,100.45092368141393,,
1952-02-19,100.47104203184081,,
1952-02-20,100.49116038226768,,
1952-02-21,100.51127873269456,,
1952-02-22,100.53139708312145,,
1952-02-25,100.55151543354832,,
1952-02-26,100.5716337839752,,
1952-02-27,100.59175213440209,,
1952-02-28,100.61187048482896,,
1952-02-29,100.63198883525584,,
1952-03-03,100.65210718568271,,
1952-03-04,100.67222553610962,,
1952-03-05,100.69234388653649,,
1952-03-06,100.71246223696338,,
1952-03-07,100.73258058739026,,
1952-03-10,100.75269893781713,,
1952-03-11,100.77281728824401,,
1952-03-12,100.79293563867088,,
1952-03-13,100.81305398909777,,
1952-03-14,100.83317233952465,,
1952-03-17,100.85329068995152,,
1952-03-18,100.87340904037842,,
1952-03-19,100.8935273908053,,
1952-03-20,100.91364574123219,,
1952-03-21,100.93376409165906,,
1952-03-24,100.95388244208594,,
1952-03-25,100.97400079251283,,
1952-03-26,100.9941191429397,,
1952-03-27,101.01423749336658,,
1952-03-28,101.03435584379345,,
1952-03-31,101.05447419422033,,
1952-04-01,101.07459254464722,,
1952-04-02,101.09471089507412,,
1952-04-03,101.114829245501,,
1952-04-04,101.13494759592787,,
1952-04-07,101.15506594635475,,
1952-04-08,101.17518429678162,,
1952-04-09,101.1953026472085,,
1952-04-10,101.21542099763539,,
1952-04-11,101.23553934806226,,
1952-04-14,101.25565769848914,,
1952-04-15,101.27577604891601,,
1952-04-16,101.2958943993429,,
1952-04-17,101.31601274976978,,
1952-04-18,101.33613110019665,,
1952-04-21,101.35624945062354,,
1952-04-22,101.37636780105042,,
1952-04-23,101.39648615147729,,
1952-04-24,101.41660450190417,,
1952-04-25,101.43672285233106,,
1952-04-28,101.45684120275793,,
1952-04-29,101.47695955318481,,
1952-04-30,101.49707790361168,,
1952-05-01,101.51719625403857,,
1952-05-02,101.53731460446545,,
1952-05-05,101.55743295489235,,
1952-05-06,101.57755130531922,,
1952-05-07,101.5976696557461,,
1952-05-08,101.61778800617299,,
1952-05-09,101.63790635659986,,
1952-05-12,101.65802470702675,,
1952-05-13,101.67814305745364,,
1952-05-14,101.69826140788052,,
1952-05-15,101.71837975830739,,
1952-05-16,101.73849810873428,,
1952-05-19,101.75861645916116,,
1952-05-20,101.77873480958803,,
1952-05-21,101.79885316001493,,
1952-05-22,101.81897151044181,,
1952-05-23,101.8390898608687,,
1952-05-26,101.85920821129557,,
1952-05-27,101.87932656172245,,
1952-05-28,101.89944491214933,,
1952-05-29,101.9195632625762,,
1952-05-30,101.93968161300309,,
1952-06-02,101.95979996343002,,
1952-06-03,101.97991831385688,,
1952-06-04,102.00003666428377,,
1952-06-05,102.02015501471064,,
1952-06-06,102.04027336513752,,
1952-06-09,102.0603917155644,,
1952-06-10,102.08051006599128,,
1952-06-11,102.10062841641816,,
1952-06-12,102.12074676684506,,
1952-06-13,102.14086511727194,,
1952-06-16,102.16098346769881,,
1952-06-17,102.1811018181257,,
1952-06-18,102.20122016855258,,
1952-06-19,102.22133851897945,,
1952-06-20,102.24145686940635,,
1952-06-23,102.26157521983323,,
1952-06-24,102.28169357026012,,
1952-06-25,102.30181192068699,,
1952-06-26,102.32193027111387,,
1952-06-27,102.34204862154075,,
1952-06-30,102.36216697196762,,
1952-07-01,102.38228532239451,,
1952-07-02,102.40240367282138,,
1952-07-03,102.42252202324826,,
1952-07-04,102.44264037367515,,
1952-07-07,102.46275872410202,,
1952-07-08,102.4828770745289,,
1952-07-09,102.50299542495578,,
1952-07-10,102.52311377538265,,
1952-07-11,102.54323212580954,,
1952-07-14,102.56335047623641,,
1952-07-15,102.58346882666329,,
1952-07-16,102.60358717709018,,
1952-07-17,102.62370552751705,,
1952-07-18,102.64382387794393,,
1952-07-21,102.66394222837081,,
1952-07-22,102.68406057879768,,
1952-07-23,102.70417892922458,,
1952-07-24,102.72429727965147,,
1952-07-25,102.74441563007835,,
1952-07-28,102.76453398050522,,
1952-07-29,102.7846523309321,,
1952-07-30,102.80477068135897,,
1952-07-31,102.82488903178586,,
1952-08-01,102.84500738221274,,
1952-08-04,102.86512573263964,,
1952-08-05,102.88524408306652,,
1952-08-06,102.9053624334934,,
1952-08-07,102.92548078392028,,
1952-08-08,102.94559913434715,,
1952-08-11,102.96571748477403,,
1952-08-12,102.98583583520092,,
1952-08-13,103.00595418562779,,
1952-08-14,103.02607253605467,,
1952-08-15,103.04619088648155,,
1952-08-18,103.06630923690842,,
1952-08-19,103.08642758733531,,
1952-08-20,103.10654593776218,,
1952-08-21,103.12666428818906,,
1952-08-22,103.14678263861595,,
1952-08-25,103.16690098904282,,
1952-08-26,103.1870193394697,,
1952-08-27,103.20713768989658,,
1952-08-28,103.22725604032345,,
1952-08-29,103.24737439075034,,
1952-09-01,103.26749274117721,,
1952-09-02,103.28761109160409,,
1952-09-03,103.30772944203098,,
1952-09-04,103.32784779245785,,
1952-09-05,103.34796614288473,,
1952-09-08,103.36808449331161,,
1952-09-09,103.38820284373848,,
1952-09-10,103.40832119416537,,
1952-09-11,103.42843954459224,,
1952-09-12,103.44855789501912,,
1952-09-15,103.468676245446,,
1952-09-16,103.48879459587287,,
1952-09-17,103.50891294629976,,
1952-09-18,103.52903129672664,,
1952-09-19,103.54914964715351,,
1952-09-22,103.5692679975804,,
1952-09-23,103.58938634800727,,
1952-09-24,103.60950469843415,,
1952-09-25,103.62962304886103,,
1952-09-26,103.6497413992879,,
1952-09-29,103.66985974971479,,
1952-09-30,103.68997810014167,,
1952-10-01,103.71009645056857,,
1952-10-02,103.73021480099544,,
1952-10-03,103.75033315142235,,
1952-10-06,103.77045150184922,,
1952-10-07,103.7905698522761,,
1952-10-08,103.81068820270298,,
1952-10-09,103.83080655312986,,
1952-10-10,103.85092490355674,,
1952-10-13,103.87104325398361,,
1952-10-14,103.8911616044105,,
1952-10-15,103.91127995483738,,
1952-10-16,103.93139830526425,,
1952-10-17,103.95151665569114,,
1952-10-20,103.971635006118,,
1952-10-21,103.99175335654489,,
1952-10-22,104.01187170697177,,
1952-10-23,104.03199005739864,,
1952-10-24,104.05210840782553,,
1952-10-27,104.07222675825241,,
1952-10-28,104.09234510867928,,
1952-10-29,104.11246345910617,,
1952-10-30,104.13258180953304,,
1952-10-31,104.15270015995992,,
1952-11-03,104.17281851038682,,
1952-11-04,104.1929368608137,,
1952-11-05,104.21305521124057,,
1952-11-06,104.23317356166746,,
1952-11-07,104.25329191209434,,
1952-11-10,104.27341026252121,,
1952-11-11,104.2935286129481,,
1952-11-12,104.31364696337498,,
1952-11-13,104.33376531380185,,
1952-11-14,104.35388366422873,,
1952-11-17,104.37400201465562,,
1952-11-18,104.39412036508249,,
1952-11-19,104.41423871550937,,
1952-11-20,104.43435706593624,,
1952-11-21,104.45447541636312,,
1952-11-24,104.47459376679001,,
1952-11-25,104.4947121172169,,
1952-11-26,104.51483046764378,,
1952-11-27,104.53494881807066,,
1952-11-28,104.55506716849754,,
1952-12-01,104.57518551892441,,
1952-12-02,104.5953038693513,,
1952-12-03,104.6154222197782,,
1952-12-04,104.63554057020508,,
1952-12-05,104.65565892063195,,
1952-12-08,104.67577727105883,,
1952-12-09,104.69589562148572,,
1952-12-10,104.71601397191259,,
1952-12-11,104.73613232233947,,
1952-12-12,104.75625067276636,,
1952-12-15,104.77636902319323,,
1952-12-16,104.79648737362011,,
1952-12-17,104.81660572404698,,
1952-12-18,104.83672407447386,,
1952-12-19,104.85684242490075,,
1952-12-22,104.87696077532762,,
1952-12-23,104.8970791257545,,
1952-12-24,104.91719747618137,,
1952-12-25,104.93731582660828,,
1952-12-26,104.95743417703515,,
1952-12-29,104.97755252746204,,
1952-12-30,104.99767087788892,,
1952-12-31,105.01778922831579,,
1953-01-01,100.00000000000023,,
1953-01-02,100.02024291497997,,
1953-01-05,100.04048582995972,,
1953-01-06,100.06072874493948,,
1953-01-07,100.08097165991924,,
1953-01-08,100.101214574899,,
1953-01-09,100.12145748987875,,
1953-01-12,100.1417004048585,,
1953-01-13,100.16194331983826,,
1953-01-14,100.182186234818,,
1953-01-15,100.20242914979778,,
1953-01-16,100.22267206477753,,
1953-01-19,100.24291497975727,,
1953-01-20,100.26315789473705,,
1953-01-21,100.28340080971681,,
1953-01-22,100.30364372469656,,
1953-01-23,100.32388663967633,,
1953-01-26,100.34412955465608,,
1953-01-27,100.36437246963584,,
1953-01-28,100.3846153846156,,
1953-01-29,100.40485829959536,,
1953-01-30,100.42510121457511,,
1953-02-02,100.4453441295549,,
1953-02-03,100.46558704453466,,
1953-02-04,100.4858299595144,,
1953-02-05,100.50607287449415,,
1953-02-06,100.52631578947391,,
1953-02-09,100.54655870445366,,
1953-02-10,100.56680161943343,,
1953-02-11,100.58704453441318,,
1953-02-12,100.60728744939294,,
1953-02-13,100.62753036437269,,
1953-02-16,100.64777327935244,,
1953-02-17,100.66801619433218,,
1953-02-18,100.68825910931199,,
1953-02-19,100.70850202429173,,
1953-02-20,100.72874493927148,,
1953-02-23,100.74898785425124,,
1953-02-24,100.76923076923099,,
1953-02-25,100.78947368421073,,
1953-02-26,100.80971659919051,,
1953-02-27,100.82995951417027,,
1953-03-02,100.85020242915002,,
1953-03-03,100.87044534412976,,
1953-03-04,100.89068825910954,,
1953-03-05,100.91093117408928,,
1953-03-06,100.93117408906906,,
1953-03-09,100.95141700404884,,
1953-03-10,100.97165991902858,,
1953-03-11,100.99190283400834,,
1953-03-12,101.01214574898809,,
1953-03-13,101.03238866396784,,
1953-03-16,101.05263157894761,,
1953-03-17,101.07287449392737,,
1953-03-18,101.09311740890712,,
1953-03-19,101.1133603238869,,
1953-03-20,101.13360323886664,,
1953-03-23,101.15384615384642,,
1953-03-24,101.17408906882619,,
1953-03-25,101.19433198380594,,
1953-03-26,101.21457489878568,,
1953-03-27,101.23481781376545,,
1953-03-30,101.25506072874519,,
1953-03-31,101.27530364372494,,
1953-04-01,101.29554655870471,,
1953-04-02,101.31578947368449,,
1953-04-03,101.33603238866426,,
1953-04-06,101.35627530364401,,
1953-04-07,101.37651821862377,,
1953-04-08,101.39676113360352,,
1953-04-09,101.4170040485833,,
1953-04-10,101.43724696356304,,
1953-04-13,101.45748987854282,,
1953-04-14,101.47773279352256,,
1953-04-15,101.49797570850232,,
1953-04-16,101.51821862348207,,
1953-04-17,101.53846153846185,,
1953-04-20,101.55870445344159,,
1953-04-21,101.57894736842135,,
1953-04-22,101.5991902834011,,
1953-04-23,101.61943319838085,,
1953-04-24,101.6396761133606,,
1953-04-27,101.65991902834037,,
1953-04-28,101.68016194332013,,
1953-04-29,101.70040485829988,,
1953-04-30,101.72064777327962,,
1953-05-01,101.74089068825938,,
1953-05-04,101.76113360323913,,
1953-05-05,101.7813765182189,,
1953-05-06,101.80161943319865,,
1953-05-07,101.8218623481784,,
1953-05-08,101.84210526315816,,
1953-05-11,101.8623481781379,,
1953-05-12,101.88259109311765,,
1953-05-13,101.90283400809743,,
1953-05-14,101.92307692307719,,
1953-05-15,101.94331983805694,,
1953-05-18,101.96356275303668,,
1953-05-19,101.98380566801643,,
1953-05-20,102.00404858299619,,
1953-05-21,102.02429149797597,,
1953-05-22,102.04453441295571,,
1953-05-25,102.06477732793546,,
1953-05-26,102.08502024291522,,
1953-05-27,102.10526315789497,,
1953-05-28,102.12550607287471,,
1953-05-29,102.14574898785449,,
1953-06-01,102.16599190283424,,
1953-06-02,102.186234817814,,
1953-06-03,102.20647773279374,,
1953-06-04,102.22672064777349,,
1953-06-05,102.24696356275325,,
1953-06-08,102.26720647773303,,
1953-06-09,102.28744939271277,,
1953-06-10,102.30769230769252,,
1953-06-11,102.32793522267227,,
1953-06-12,102.34817813765203,,
1953-06-15,102.36842105263177,,
1953-06-16,102.38866396761155,,
1953-06-17,102.4089068825913,,
1953-06-18,102.42914979757106,,
1953-06-19,102.4493927125508,,
1953-06-22,102.46963562753055,,
1953-06-23,102.4898785425103,,
1953-06-24,102.51012145749007,,
1953-06-25,102.53036437246983,,
1953-06-26,102.55060728744958,,
1953-06-29,102.57085020242933,,
1953-06-30,102.59109311740909,,
1953-07-01,102.61133603238883,,
1953-07-02,102.63157894736861,,
1953-07-03,102.65182186234838,,
1953-07-06,102.67206477732813,,
1953-07-07,102.69230769230788,,
1953-07-08,102.71255060728764,,
1953-07-09,102.73279352226739,,
1953-07-10,102.75303643724713,,
1953-07-13,102.77327935222691,,
1953-07-14,102.79352226720665,,
1953-07-15,102.81376518218642,,
1953-07-16,102.83400809716616,,
1953-07-17,102.85425101214591,,
1953-07-20,102.87449392712567,,
1953-07-21,102.89473684210544,,
1953-07-22,102.91497975708519,,
1953-07-23,102.93522267206494,,
1953-07-24,102.9554655870447,,
1953-07-27,102.97570850202445,,
1953-07-28,102.99595141700419,,
1953-07-29,103.01619433198397,,
1953-07-30,103.03643724696371,,
1953-07-31,103.05668016194348,,
1953-08-03,103.07692307692324,,
1953-08-04,103.09716599190301,,
1953-08-05,103.11740890688279,,
1953-08-06,103.13765182186256,,
1953-08-07,103.15789473684231,,
1953-08-10,103.17813765182207,,
1953-08-11,103.19838056680182,,
1953-08-12,103.21862348178156,,
1953-08-13,103.23886639676132,,
1953-08-14,103.25910931174111,,
1953-08-17,103.27935222672086,,
1953-08-18,103.29959514170062,,
1953-08-19,103.31983805668037,,
1953-08-20,103.34008097166011,,
1953-08-21,103.36032388663988,,
1953-08-24,103.38056680161965,,
1953-08-25,103.4008097165994,,
1953-08-26,103.42105263157914,,
1953-08-27,103.4412955465589,,
1953-08-28,103.46153846153865,,
1953-08-31,103.4817813765184,,
1953-09-01,103.50202429149817,,
1953-09-02,103.52226720647792,,
1953-09-03,103.54251012145768,,
1953-09-04,103.56275303643743,,
1953-09-07,103.58299595141717,,
1953-09-08,103.60323886639694,,
1953-09-09,103.6234817813767,,
1953-09-10,103.64372469635646,,
1953-09-11,103.6639676113362,,
1953-09-14,103.68421052631595,,
1953-09-15,103.70445344129571,,
1953-09-16,103.72469635627546,,
1953-09-17,103.74493927125523,,
1953-09-18,103.76518218623498,,
1953-09-21,103.78542510121474,,
1953-09-22,103.80566801619449,,
1953-09-23,103.82591093117423,,
1953-09-24,103.84615384615398,,
1953-09-25,103.86639676113379,,
1953-09-28,103.88663967611356,,
1953-09-29,103.90688259109331,,
1953-09-30,103.92712550607305,,
1953-10-01,103.94736842105283,,
1953-10-02,103.96761133603259,,
1953-10-05,103.98785425101235,,
1953-10-06,104.00809716599211,,
1953-10-07,104.02834008097186,,
1953-10-08,104.0485829959516,,
1953-10-09,104.06882591093137,,
1953-10-12,104.08906882591114,,
1953-10-13,104.1093117408909,,
1953-10-14,104.12955465587066,,
1953-10-15,104.14979757085041,,
1953-10-16,104.17004048583016,,
1953-10-19,104.19028340080992,,
1953-10-20,104.21052631578966,,
1953-10-21,104.23076923076944,,
1953-10-22,104.25101214574919,,
1953-10-23,104.27125506072895,,
1953-10-26,104.2914979757087,,
1953-10-27,104.31174089068847,,
1953-10-28,104.33198380566822,,
1953-10-29,104.35222672064799,,
1953-10-30,104.37246963562777,,
1953-11-02,104.39271255060751,,
1953-11-03,104.41295546558726,,
1953-11-04,104.43319838056702,,
1953-11-05,104.45344129554677,,
1953-11-06,104.47368421052654,,
1953-11-09,104.49392712550629,,
1953-11-10,104.51417004048605,,
1953-11-11,104.5344129554658,,
1953-11-12,104.55465587044554,,
1953-11-13,104.57489878542529,,
1953-11-16,104.59514170040507,,
1953-11-17,104.61538461538483,,
1953-11-18,104.63562753036459,,
1953-11-19,104.65587044534435,,
1953-11-20,104.6761133603241,,
1953-11-23,104.69635627530384,,
1953-11-24,104.71659919028362,,
1953-11-25,104.73684210526338,,
1953-11-26,104.75708502024312,,
1953-11-27,104.77732793522287,,
1953-11-30,104.79757085020263,,
1953-12-01,104.81781376518238,,
1953-12-02,104.83805668016215,,
1953-12-03,104.85829959514193,,
1953-12-04,104.87854251012168,,
1953-12-07,104.89878542510142,,
1953-12-08,104.91902834008118,,
1953-12-09,104.93927125506093,,
1953-12-10,104.9595141700407,,
1953-12-11,104.97975708502045,,
1953-12-14,105.0000000000002,,
1953-12-15,105.02024291497996,,
1953-12-16,105.0404858299597,,
1953-12-17,105.06072874493945,,
1953-12-18,105.08097165991923,,
1953-12-21,105.10121457489899,,
1953-12-22,105.12145748987874,,
1953-12-23,105.14170040485848,,
1953-12-24,105.16194331983823,,
1953-12-25,105.18218623481799,,
1953-12-28,105.20242914979777,,
1953-12-29,105.22267206477751,,
1953-12-30,105.24291497975726,,
1953-12-31,105.26315789473703,,
1954-01-01,99.76689976689994,,
1954-01-04,99.78709549559771,,
1954-01-05,99.80729122429545,,
1954-01-06,99.82748695299321,,
1954-01-07,99.84768268169096,,
1954-01-08,99.8678784103887,,
1954-01-11,99.88807413908646,,
1954-01-12,99.9082698677842,,
1954-01-13,99.92846559648196,,
1954-01-14,99.94866132517973,,
1954-01-15,99.96885705387747,,
1954-01-18,99.98905278257524,,
1954-01-19,100.00924851127297,,
1954-01-20,100.02944423997073,,
1954-01-21,100.04963996866849,,
1954-01-22,100.06983569736623,,
1954-01-25,100.09003142606399,,
1954-01-26,100.11022715476176,,
1954-01-27,100.1304228834595,,
1954-01-28,100.15061861215726,,
1954-01-29,100.170814340855,,
1954-02-01,100.19101006955276,,
1954-02-02,100.21120579825052,,
1954-02-03,100.23140152694825,,
1954-02-04,100.25159725564603,,
1954-02-05,100.27179298434379,,
1954-02-08,100.29198871304152,,
1954-02-09,100.31218444173928,,
1954-02-10,100.33238017043702,,
1954-02-11,100.35257589913478,,
1954-02-12,100.37277162783253,,
1954-02-15,100.39296735653029,,
1954-02-16,100.41316308522805,,
1954-02-17,100.43335881392584,,
1954-02-18,100.45355454262356,,
1954-02-19,100.47375027132132,,
1954-02-22,100.49394600001906,,
1954-02-23,100.51414172871682,,
1954-02-24,100.53433745741458,,
1954-02-25,100.55453318611231,,
1954-02-26,100.57472891481008,,
1954-03-01,100.59492464350784,,
1954-03-02,100.61512037220557,,
1954-03-03,100.63531610090332,,
1954-03-04,100.65551182960107,,
1954-03-05,100.67570755829884,,
1954-03-08,100.6959032869966,,
1954-03-09,100.71609901569434,,
1954-03-10,100.7362947443921,,
1954-03-11,100.75649047308985,,
1954-03-12,100.77668620178758,,
1954-03-15,100.79688193048536,,
1954-03-16,100.81707765918308,,
1954-03-17,100.83727338788084,,
1954-03-18,100.8574691165786,,
1954-03-19,100.87766484527634,,
1954-03-22,100.8978605739741,,
1954-03-23,100.91805630267186,,
1954-03-24,100.93825203136961,,
1954-03-25,100.9584477600674,,
1954-03-26,100.97864348876516,,
1954-03-29,100.99883921746292,,
1954-03-30,101.01903494616067,,
1954-03-31,101.0392306748584,,
1954-04-01,101.05942640355616,,
1954-04-02,101.07962213225392,,
1954-04-05,101.09981786095166,,
1954-04-06,101.12001358964942,,
1954-04-07,101.14020931834715,,
1954-04-08,101.1604050470449,,
1954-04-09,101.18060077574269,,
1954-04-12,101.20079650444043,,
1954-04-13,101.22099223313819,,
1954-04-14,101.24118796183592,,
1954-04-15,101.26138369053368,,
1954-04-16,101.28157941923143,,
1954-04-19,101.30177514792918,,
1954-04-20,101.32197087662693,,
1954-04-21,101.34216660532469,,
1954-04-22,101.36236233402242,,
1954-04-23,101.38255806272018,,
1954-04-26,101.40275379141792,,
1954-04-27,101.42294952011571,,
1954-04-28,101.44314524881347,,
1954-04-29,101.4633409775112,,
1954-04-30,101.48353670620895,,
1954-05-03,101.50373243490671,,
1954-05-04,101.52392816360447,,
1954-05-05,101.54412389230222,,
1954-05-06,101.56431962099997,,
1954-05-07,101.58451534969772,,
1954-05-10,101.60471107839548,,
1954-05-11,101.62490680709323,,
1954-05-12,101.64510253579098,,
1954-05-13,101.66529826448874,,
1954-05-14,101.68549399318647,,
1954-05-17,101.70568972188423,,
1954-05-18,101.72588545058197,,
1954-05-19,101.74608117927973,,
1954-05-20,101.76627690797748,,
1954-05-21,101.78647263667521,,
1954-05-24,101.80666836537297,,
1954-05-25,101.82686409407073,,
1954-05-26,101.84705982276847,,
1954-05-27,101.86725555146623,,
1954-05-28,101.88745128016396,,
1954-05-31,101.90764700886173,,
1954-06-01,101.92784273755949,,
1954-06-02,101.94803846625722,,
1954-06-03,101.96823419495497,,
1954-06-04,101.98842992365273,,
1954-06-07,102.00862565235047,,
1954-06-08,102.02882138104823,,
1954-06-09,102.04901710974596,,
1954-06-10,102.06921283844375,,
1954-06-11,102.0894085671415,,
1954-06-14,102.10960429583923,,
1954-06-15,102.129800024537,,
1954-06-16,102.14999575323476,,
1954-06-17,102.17019148193249,,
1954-06-18,102.19038721063025,,
1954-06-21,102.21058293932799,,
1954-06-22,102.23077866802575,,
1954-06-23,102.2509743967235,,
1954-06-24,102.27117012542124,,
1954-06-25,102.291365854119,,
1954-06-28,102.31156158281675,,
1954-06-29,102.3317573115145,,
1954-06-30,102.35195304021225,,
1954-07-01,102.37214876891,,
1954-07-02,102.39234449760775,,
1954-07-05,102.41254022630551,,
1954-07-06,102.43273595500324,,
1954-07-07,102.45293168370102,,
1954-07-08,102.47312741239875,,
1954-07-09,102.49332314109651,,
1954-07-12,102.51351886979427,,
1954-07-13,102.53371459849203,,
1954-07-14,102.55391032718978,,
1954-07-15,102.57410605588757,,
1954-07-16,102.59430178458531,,
1954-07-19,102.61449751328307,,
1954-07-20,102.6346932419808,,
1954-07-21,102.65488897067856,,
1954-07-22,102.67508469937634,,
1954-07-23,102.69528042807407,,
1954-07-26,102.71547615677183,,
1954-07-27,102.7356718854696,,
1954-07-28,102.75586761416733,,
1954-07-29,102.77606334286509,,
1954-07-30,102.79625907156283,,
1954-08-02,102.81645480026059,,
1954-08-03,102.83665052895834,,
1954-08-04,102.85684625765607,,
1954-08-05,102.87704198635383,,
1954-08-06,102.89723771505159,,
1954-08-09,102.91743344374935,,
1954-08-10,102.9376291724471,,
1954-08-11,102.95782490114487,,
1954-08-12,102.97802062984265,,
1954-08-13,102.9982163585404,,
1954-08-16,103.01841208723815,,
1954-08-17,103.0386078159359,,
1954-08-18,103.05880354463366,,
1954-08-19,103.07899927333139,,
1954-08-20,103.09919500202915,,
1954-08-23,103.11939073072689,,
1954-08-24,103.13958645942465,,
1954-08-25,103.1597821881224,,
1954-08-26,103.17997791682015,,
1954-08-27,103.2001736455179,,
1954-08-30,103.22036937421566,,
1954-08-31,103.2405651029134,,
1954-09-01,103.26076083161115,,
1954-09-02,103.2809565603089,,
1954-09-03,103.30115228900665,,
1954-09-06,103.32134801770441,,
1954-09-07,103.34154374640214,,
1954-09-08,103.36173947509992,,
1954-09-09,103.38193520379768,,
1954-09-10,103.40213093249542,,
1954-09-13,103.42232666119318,,
1954-09-14,103.44252238989091,,
1954-09-15,103.46271811858867,,
1954-09-16,103.48291384728643,,
1954-09-17,103.50310957598418,,
1954-09-20,103.52330530468194,,
1954-09-21,103.5435010333797,,
1954-09-22,103.56369676207744,,
1954-09-23,103.5838924907752,,
1954-09-24,103.60408821947293,,
1954-09-27,103.6242839481707,,
1954-09-28,103.64447967686846,,
1954-09-29,103.66467540556619,,
1954-09-30,103.68487113426394,,
1954-10-01,103.70506686296169,,
1954-10-04,103.72526259165944,,
1954-10-05,103.7454583203572,,
1954-10-06,103.76565404905493,,
1954-10-07,103.78584977775269,,
1954-10-08,103.80604550645045,,
1954-10-11,103.82624123514819,,
1954-10-12,103.84643696384595,,
1954-10-13,103.8666326925437,,
1954-10-14,103.88682842124146,,
1954-10-15,103.90702414993925,,
1954-10-18,103.92721987863698,,
1954-10-19,103.94741560733473,,
1954-10-20,103.96761133603252,,
1954-10-21,103.98780706473025,,
1954-10-22,104.00800279342803,,
1954-10-25,104.02819852212576,,
1954-10-26,104.04839425082353,,
1954-10-27,104.06858997952129,,
1954-10-28,104.08878570821902,,
1954-10-29,104.1089814369168,,
1954-11-01,104.12917716561456,,
1954-11-02,104.1493728943123,,
1954-11-03,104.16956862301005,,
1954-11-04,104.1897643517078,,
1954-11-05,104.20996008040555,,
1954-11-08,104.23015580910331,,
1954-11-09,104.25035153780107,,
1954-11-10,104.27054726649882,,
1954-11-11,104.29074299519658,,
1954-11-12,104.31093872389432,,
1954-11-15,104.33113445259208,,
1954-11-16,104.35133018128984,,
1954-11-17,104.3715259099876,,
1954-11-18,104.39172163868535,,
1954-11-19,104.41191736738308,,
1954-11-22,104.43211309608085,,
1954-11-23,104.45230882477861,,
1954-11-24,104.47250455347634,,
1954-11-25,104.4927002821741,,
1954-11-26,104.51289601087184,,
1954-11-29,104.5330917395696,,
1954-11-30,104.55328746826736,,
1954-12-01,104.57348319696509,,
1954-12-02,104.59367892566287,,
1954-12-03,104.61387465436063,,
1954-12-06,104.63407038305836,,
1954-12-07,104.65426611175613,,
1954-12-08,104.67446184045386,,
1954-12-09,104.69465756915164,,
1954-12-10,104.7148532978494,,
1954-12-13,104.73504902654713,,
1954-12-14,104.75524475524489,,
1954-12-15,104.77544048394265,,
1954-12-16,104.7956362126404,,
1954-12-17,104.81583194133816,,
1954-12-20,104.8360276700359,,
1954-12-21,104.85622339873366,,
1954-12-22,104.87641912743145,,
1954-12-23,104.89661485612918,,
1954-12-24,104.91681058482696,,
1954-12-27,104.93700631352472,,
1954-12-28,104.95720204222248,,
1954-12-29,104.97739777092023,,
1954-12-30,104.99759349961796,,
1954-12-31,105.01778922831573,,
1955-01-03,99.76689976689994,,
1955-01-04,99.78717347138418,,
1955-01-05,99.80744717586839,,
1955-01-06,99.82772088035264,,
1955-01-07,99.84799458483687,,
1955-01-10,99.86826828932111,,
1955-01-11,99.88854199380532,,
1955-01-12,99.90881569828956,,
1955-01-13,99.92908940277381,,
1955-01-14,99.94936310725802,,
1955-01-17,99.96963681174225,,
1955-01-18,99.98991051622646,,
1955-01-19,100.01018422071068,,
1955-01-20,100.03045792519494,,
1955-01-21,100.05073162967916,,
1955-01-24,100.0710053341634,,
1955-01-25,100.09127903864763,,
1955-01-26,100.11155274313185,,
1955-01-27,100.13182644761609,,
1955-01-28,100.15210015210035,,
1955-01-31,100.1723738565846,,
1955-02-01,100.19264756106882,,
1955-02-02,100.21292126555308,,
1955-02-03,100.2331949700373,,
1955-02-04,100.25346867452154,,
1955-02-07,100.27374237900575,,
1955-02-08,100.29401608348998,,
1955-02-09,100.3142897879742,,
1955-02-10,100.33456349245844,,
1955-02-11,100.3548371969427,,
1955-02-14,100.37511090142692,,
1955-02-15,100.39538460591115,,
1955-02-16,100.41565831039539,,
1955-02-17,100.4359320148796,,
1955-02-18,100.45620571936385,,
1955-02-21,100.47647942384808,,
1955-02-22,100.49675312833233,,
1955-02-23,100.51702683281654,,
1955-02-24,100.53730053730077,,
1955-02-25,100.55757424178499,,
1955-02-28,100.5778479462692,,
1955-03-01,100.59812165075344,,
1955-03-02,100.61839535523764,,
1955-03-03,100.63866905972189,,
1955-03-04,100.65894276420613,,
1955-03-07,100.67921646869036,,
1955-03-08,100.69949017317458,,
1955-03-09,100.71976387765879,,
1955-03-10,100.74003758214305,,
1955-03-11,100.76031128662726,,
1955-03-14,100.78058499111151,,
1955-03-15,100.80085869559574,,
1955-03-16,100.82113240007997,,
1955-03-17,100.8414061045642,,
1955-03-18,100.86167980904841,,
1955-03-21,100.88195351353266,,
1955-03-22,100.90222721801689,,
1955-03-23,100.92250092250113,,
1955-03-24,100.94277462698535,,
1955-03-25,100.96304833146957,,
1955-03-28,100.98332203595382,,
1955-03-29,101.00359574043804,,
1955-03-30,101.02386944492227,,
1955-03-31,101.04414314940648,,
1955-04-01,101.06441685389073,,
1955-04-04,101.08469055837499,,
1955-04-05,101.1049642628592,,
1955-04-06,101.12523796734345,,
1955-04-07,101.14551167182766,,
1955-04-08,101.16578537631189,,
1955-04-11,101.18605908079613,,
1955-04-12,101.20633278528032,,
1955-04-13,101.22660648976458,,
1955-04-14,101.24688019424879,,
1955-04-15,101.26715389873301,,
1955-04-18,101.28742760321725,,
1955-04-19,101.30770130770148,,
1955-04-20,101.32797501218573,,
1955-04-21,101.34824871666996,,
1955-04-22,101.36852242115421,,
1955-04-25,101.38879612563845,,
1955-04-26,101.40906983012268,,
1955-04-27,101.42934353460691,,
1955-04-28,101.44961723909114,,
1955-04-29,101.46989094357536,,
1955-05-02,101.49016464805958,,
1955-05-03,101.51043835254382,,
1955-05-04,101.53071205702804,,
1955-05-05,101.55098576151227,,
1955-05-06,101.57125946599652,,
1955-05-09,101.59153317048076,,
1955-05-10,101.61180687496498,,
1955-05-11,101.6320805794492,,
1955-05-12,101.65235428393342,,
1955-05-13,101.67262798841763,,
1955-05-16,101.69290169290188,,
1955-05-17,101.71317539738611,,
1955-05-18,101.73344910187032,,
1955-05-19,101.75372280635457,,
1955-05-20,101.77399651083878,,
1955-05-23,101.79427021532301,,
1955-05-24,101.81454391980725,,
1955-05-25,101.83481762429147,,
1955-05-26,101.85509132877573,,
1955-05-27,101.87536503325995,,
1955-05-30,101.89563873774419,,
1955-05-31,101.91591244222842,,
1955-06-01,101.93618614671267,,
1955-06-02,101.95645985119693,,
1955-06-03,101.97673355568114,,
1955-06-06,101.99700726016539,,
1955-06-07,102.01728096464959,,
1955-06-08,102.03755466913384,,
1955-06-09,102.05782837361808,,
1955-06-10,102.0781020781023,,
1955-06-13,102.09837578258654,,
1955-06-14,102.11864948707074,,
1955-06-15,102.138923191555,,
1955-06-16,102.15919689603923,,
1955-06-17,102.17947060052349,,
1955-06-20,102.19974430500768,,
1955-06-21,102.22001800949192,,
1955-06-22,102.24029171397615,,
1955-06-23,102.26056541846037,,
1955-06-24,102.28083912294461,,
1955-06-27,102.30111282742882,,
1955-06-28,102.32138653191308,,
1955-06-29,102.3416602363973,,
1955-06-30,102.36193394088151,,
1955-07-01,102.38220764536574,,
1955-07-04,102.40248134984995,,
1955-07-05,102.4227550543342,,
1955-07-06,102.44302875881841,,
1955-07-07,102.46330246330267,,
1955-07-08,102.4835761677869,,
1955-07-11,102.5038498722711,,
1955-07-12,102.52412357675533,,
1955-07-13,102.54439728123957,,
1955-07-14,102.56467098572382,,
1955-07-15,102.58494469020805,,
1955-07-18,102.60521839469226,,
1955-07-19,102.62549209917648,,
1955-07-20,102.6457658036607,,
1955-07-21,102.66603950814492,,
1955-07-22,102.68631321262913,,
1955-07-25,102.70658691711336,,
1955-07-26,102.7268606215976,,
1955-07-27,102.7471343260818,,
1955-07-28,102.76740803056603,,
1955-07-29,102.78768173505026,,
1955-08-01,102.8079554395345,,
1955-08-02,102.8282291440187,,
1955-08-03,102.84850284850296,,
1955-08-04,102.86877655298719,,
1955-08-05,102.8890502574714,,
1955-08-08,102.90932396195562,,
1955-08-09,102.92959766643986,,
1955-08-10,102.94987137092409,,
1955-08-11,102.97014507540831,,
1955-08-12,102.99041877989256,,
1955-08-15,103.0106924843768,,
1955-08-16,103.030966188861,,
1955-08-17,103.05123989334524,,
1955-08-18,103.07151359782947,,
1955-08-19,103.09178730231369,,
1955-08-22,103.11206100679793,,
1955-08-23,103.13233471128216,,
1955-08-24,103.15260841576641,,
1955-08-25,103.17288212025062,,
1955-08-26,103.19315582473484,,
1955-08-29,103.21342952921906,,
1955-08-30,103.2337032337033,,
1955-08-31,103.25397693818752,,
1955-09-01,103.27425064267173,,
1955-09-02,103.29452434715596,,
1955-09-05,103.3147980516402,,
1955-09-06,103.33507175612444,,
1955-09-07,103.35534546060869,,
1955-09-08,103.37561916509293,,
1955-09-09,103.39589286957715,,
1955-09-12,103.41616657406136,,
1955-09-13,103.43644027854562,,
1955-09-14,103.45671398302984,,
1955-09-15,103.47698768751408,,
1955-09-16,103.49726139199834,,
1955-09-19,103.51753509648253,,
1955-09-20,103.53780880096677,,
1955-09-21,103.55808250545098,,
1955-09-22,103.57835620993524,,
1955-09-23,103.59862991441943,,
1955-09-26,103.61890361890367,,
1955-09-27,103.63917732338793,,
1955-09-28,103.65945102787212,,
1955-09-29,103.67972473235636,,
1955-09-30,103.69999843684057,,
1955-10-03,103.7202721413248,,
1955-10-04,103.74054584580901,,
1955-10-05,103.76081955029326,,
1955-10-06,103.78109325477749,,
1955-10-07,103.8013669592617,,
1955-10-10,103.82164066374592,,
1955-10-11,103.84191436823014,,
1955-10-12,103.86218807271439,,
1955-10-13,103.88246177719864,,
1955-10-14,103.90273548168287,,
1955-10-17,103.9230091861671,,
1955-10-18,103.94328289065133,,
1955-10-19,103.96355659513559,,
1955-10-20,103.9838302996198,,
1955-10-21,104.00410400410402,,
1955-10-24,104.02437770858826,,
1955-10-25,104.04465141307246,,
1955-10-26,104.0649251175567,,
1955-10-27,104.08519882204092,,
1955-10-28,104.10547252652516,,
1955-10-31,104.12574623100939,,
1955-11-01,104.1460199354936,,
1955-11-02,104.16629363997782,,
1955-11-03,104.18656734446203,,
1955-11-04,104.20684104894626,,
1955-11-07,104.22711475343047,,
1955-11-08,104.2473884579147,,
1955-11-09,104.26766216239895,,
1955-11-10,104.28793586688316,,
1955-11-11,104.30820957136741,,
1955-11-14,104.32848327585165,,
1955-11-15,104.34875698033588,,
1955-11-16,104.3690306848201,,
1955-11-17,104.38930438930434,,
1955-11-18,104.4095780937886,,
1955-11-21,104.4298517982728,,
1955-11-22,104.45012550275703,,
1955-11-23,104.47039920724124,,
1955-11-24,104.49067291172547,,
1955-11-25,104.5109466162097,,
1955-11-28,104.53122032069393,,
1955-11-29,104.55149402517816,,
1955-11-30,104.57176772966238,,
1955-12-01,104.59204143414662,,
1955-12-02,104.61231513863083,,
1955-12-05,104.63258884311509,,
1955-12-06,104.65286254759934,,
1955-12-07,104.67313625208354,,
1955-12-08,104.69340995656778,,
1955-12-09,104.71368366105199,,
1955-12-12,104.73395736553621,,
1955-12-13,104.75423107002044,,
1955-12-14,104.77450477450469,,
1955-12-15,104.79477847898893,,
1955-12-16,104.81505218347316,,
1955-12-19,104.83532588795741,,
1955-12-20,104.85559959244164,,
1955-12-21,104.87587329692589,,
1955-12-22,104.89614700141013,,
1955-12-23,104.91642070589435,,
1955-12-26,104.9366944103786,,
1955-12-27,104.95696811486283,,
1955-12-28,104.97724181934707,,
1955-12-29,104.9975155238313,,
1955-12-30,105.01778922831552,,
1956-01-02,99.76689976689974,,
1956-01-03,99.78709549559751,,
1956-01-04,99.80729122429526,,
1956-01-05,99.827486952993,,
1956-01-06,99.84768268169076,,
1956-01-09,99.8678784103885,,
1956-01-10,99.88807413908626,,
1956-01-11,99.90826986778399,,
1956-01-12,99.92846559648174,,
1956-01-13,99.94866132517951,,
1956-01-16,99.96885705387726,,
1956-01-17,99.98905278257503,,
1956-01-18,100.00924851127276,,
1956-01-19,100.02944423997052,,
1956-01-20,100.04963996866827,,
1956-01-23,100.069835697366,,
1956-01-24,100.09003142606376,,
1956-01-25,100.11022715476155,,
1956-01-26,100.13042288345927,,
1956-01-27,100.15061861215703,,
1956-01-30,100.17081434085478,,
1956-01-31,100.19101006955253,,
1956-02-01,100.21120579825029,,
1956-02-02,100.23140152694803,,
1956-02-03,100.2515972556458,,
1956-02-06,100.27179298434356,,
1956-02-07,100.2919887130413,,
1956-02-08,100.31218444173906,,
1956-02-09,100.33238017043679,,
1956-02-10,100.35257589913455,,
1956-02-13,100.37277162783231,,
1956-02-14,100.39296735653008,,
1956-02-15,100.41316308522784,,
1956-02-16,100.43335881392561,,
1956-02-17,100.45355454262335,,
1956-02-20,100.47375027132111,,
1956-02-21,100.49394600001884,,
1956-02-22,100.5141417287166,,
1956-02-23,100.53433745741435,,
1956-02-24,100.5545331861121,,
1956-02-27,100.57472891480985,,
1956-02-28,100.59492464350761,,
1956-02-29,100.61512037220535,,
1956-03-01,100.63531610090311,,
1956-03-02,100.65551182960084,,
1956-03-05,100.67570755829863,,
1956-03-06,100.69590328699638,,
1956-03-07,100.71609901569411,,
1956-03-08,100.73629474439187,,
1956-03-09,100.75649047308963,,
1956-03-12,100.77668620178737,,
1956-03-13,100.79688193048513,,
1956-03-14,100.81707765918286,,
1956-03-15,100.83727338788063,,
1956-03-16,100.85746911657839,,
1956-03-19,100.87766484527612,,
1956-03-20,100.89786057397387,,
1956-03-21,100.91805630267163,,
1956-03-22,100.93825203136939,,
1956-03-23,100.95844776006717,,
1956-03-26,100.97864348876493,,
1956-03-27,100.99883921746269,,
1956-03-28,101.01903494616045,,
1956-03-29,101.03923067485819,,
1956-03-30,101.05942640355595,,
1956-04-02,101.0796221322537,,
1956-04-03,101.09981786095143,,
1956-04-04,101.12001358964919,,
1956-04-05,101.14020931834693,,
1956-04-06,101.16040504704469,,
1956-04-09,101.18060077574246,,
1956-04-10,101.2007965044402,,
1956-04-11,101.22099223313796,,
1956-04-12,101.24118796183569,,
1956-04-13,101.26138369053346,,
1956-04-16,101.28157941923122,,
1956-04-17,101.30177514792895,,
1956-04-18,101.32197087662671,,
1956-04-19,101.34216660532446,,
1956-04-20,101.36236233402221,,
1956-04-23,101.38255806271997,,
1956-04-24,101.4027537914177,,
1956-04-25,101.42294952011548,,
1956-04-26,101.44314524881324,,
1956-04-27,101.46334097751097,,
1956-04-30,101.48353670620874,,
1956-05-01,101.5037324349065,,
1956-05-02,101.52392816360425,,
1956-05-03,101.54412389230201,,
1956-05-04,101.56431962099974,,
1956-05-07,101.5845153496975,,
1956-05-08,101.60471107839525,,
1956-05-09,101.624906807093,,
1956-05-10,101.64510253579076,,
1956-05-11,101.66529826448851,,
1956-05-14,101.68549399318624,,
1956-05-15,101.70568972188401,,
1956-05-16,101.72588545058174,,
1956-05-17,101.7460811792795,,
1956-05-18,101.76627690797726,,
1956-05-21,101.786472636675,,
1956-05-22,101.80666836537276,,
1956-05-23,101.82686409407052,,
1956-05-24,101.84705982276824,,
1956-05-25,101.867255551466,,
1956-05-28,101.88745128016375,,
1956-05-29,101.9076470088615,,
1956-05-30,101.92784273755926,,
1956-05-31,101.948038466257,,
1956-06-01,101.96823419495476,,
1956-06-04,101.98842992365252,,
1956-06-05,102.00862565235025,,
1956-06-06,102.028821381048,,
1956-06-07,102.04901710974575,,
1956-06-08,102.06921283844352,,
1956-06-11,102.08940856714128,,
1956-06-12,102.10960429583902,,
1956-06-13,102.12980002453678,,
1956-06-14,102.14999575323453,,
1956-06-15,102.17019148193228,,
1956-06-18,102.19038721063004,,
1956-06-19,102.21058293932776,,
1956-06-20,102.23077866802552,,
1956-06-21,102.25097439672328,,
1956-06-22,102.27117012542102,,
1956-06-25,102.29136585411878,,
1956-06-26,102.31156158281654,,
1956-06-27,102.33175731151427,,
1956-06-28,102.35195304021202,,
1956-06-29,102.37214876890977,,
1956-07-02,102.39234449760752,,
1956-07-03,102.41254022630528,,
1956-07-04,102.43273595500301,,
1956-07-05,102.4529316837008,,
1956-07-06,102.47312741239854,,
1956-07-09,102.4933231410963,,
1956-07-10,102.51351886979405,,
1956-07-11,102.53371459849181,,
1956-07-12,102.55391032718957,,
1956-07-13,102.57410605588734,,
1956-07-16,102.59430178458508,,
1956-07-17,102.61449751328284,,
1956-07-18,102.63469324198059,,
1956-07-19,102.65488897067834,,
1956-07-20,102.67508469937611,,
1956-07-23,102.69528042807386,,
1956-07-24,102.71547615677162,,
1956-07-25,102.73567188546937,,
1956-07-26,102.7558676141671,,
1956-07-27,102.77606334286486,,
1956-07-30,102.7962590715626,,
1956-07-31,102.81645480026036,,
1956-08-01,102.83665052895812,,
1956-08-02,102.85684625765586,,
1956-08-03,102.87704198635362,,
1956-08-06,102.89723771505138,,
1956-08-07,102.9174334437491,,
1956-08-08,102.93762917244686,,
1956-08-09,102.95782490114462,,
1956-08-10,102.9780206298424,,
1956-08-13,102.99821635854016,,
1956-08-14,103.01841208723789,,
1956-08-15,103.03860781593566,,
1956-08-16,103.05880354463342,,
1956-08-17,103.07899927333115,,
1956-08-20,103.0991950020289,,
1956-08-21,103.11939073072665,,
1956-08-22,103.13958645942441,,
1956-08-23,103.15978218812216,,
1956-08-24,103.1799779168199,,
1956-08-27,103.20017364551765,,
1956-08-28,103.22036937421541,,
1956-08-29,103.24056510291315,,
1956-08-30,103.26076083161091,,
1956-08-31,103.28095656030865,,
1956-09-03,103.30115228900641,,
1956-09-04,103.32134801770417,,
1956-09-05,103.3415437464019,,
1956-09-06,103.36173947509968,,
1956-09-07,103.38193520379744,,
1956-09-10,103.40213093249517,,
1956-09-11,103.42232666119293,,
1956-09-12,103.44252238989067,,
1956-09-13,103.46271811858843,,
1956-09-14,103.48291384728618,,
1956-09-17,103.50310957598394,,
1956-09-18,103.5233053046817,,
1956-09-19,103.54350103337946,,
1956-09-20,103.5636967620772,,
1956-09-21,103.58389249077496,,
1956-09-24,103.60408821947269,,
1956-09-25,103.62428394817044,,
1956-09-26,103.6444796768682,,
1956-09-27,103.66467540556594,,
1956-09-28,103.6848711342637,,
1956-10-01,103.70506686296143,,
1956-10-02,103.7252625916592,,
1956-10-03,103.74545832035696,,
1956-10-04,103.76565404905469,,
1956-10-05,103.78584977775245,,
1956-10-08,103.8060455064502,,
1956-10-09,103.82624123514795,,
1956-10-10,103.8464369638457,,
1956-10-11,103.86663269254346,,
1956-10-12,103.88682842124122,,
1956-10-15,103.90702414993899,,
1956-10-16,103.92721987863673,,
1956-10-17,103.94741560733449,,
1956-10-18,103.96761133603228,,
1956-10-19,103.98780706473,,
1956-10-22,104.00800279342779,,
1956-10-23,104.02819852212552,,
1956-10-24,104.04839425082328,,
1956-10-25,104.06858997952104,,
1956-10-26,104.08878570821878,,
1956-10-29,104.10898143691657,,
1956-10-30,104.12917716561432,,
1956-10-31,104.14937289431205,,
1956-11-01,104.16956862300981,,
1956-11-02,104.18976435170755,,
1956-11-05,104.20996008040531,,
1956-11-06,104.23015580910307,,
1956-11-07,104.25035153780082,,
1956-11-08,104.27054726649858,,
1956-11-09,104.29074299519634,,
1956-11-12,104.31093872389408,,
1956-11-13,104.33113445259184,,
1956-11-14,104.3513301812896,,
1956-11-15,104.37152590998735,,
1956-11-16,104.39172163868511,,
1956-11-19,104.41191736738284,,
1956-11-20,104.4321130960806,,
1956-11-21,104.45230882477836,,
1956-11-22,104.4725045534761,,
1956-11-23,104.49270028217386,,
1956-11-26,104.51289601087159,,
1956-11-27,104.53309173956936,,
1956-11-28,104.55328746826711,,
1956-11-29,104.57348319696484,,
1956-11-30,104.59367892566263,,
1956-12-03,104.61387465436039,,
1956-12-04,104.63407038305812,,
1956-12-05,104.65426611175587,,
1956-12-06,104.67446184045362,,
1956-12-07,104.69465756915139,,
1956-12-10,104.71485329784915,,
1956-12-11,104.73504902654689,,
1956-12-12,104.75524475524465,,
1956-12-13,104.7754404839424,,
1956-12-14,104.79563621264016,,
1956-12-17,104.81583194133792,,
1956-12-18,104.83602767003566,,
1956-12-19,104.85622339873342,,
1956-12-20,104.87641912743119,,
1956-12-21,104.89661485612893,,
1956-12-24,104.91681058482672,,
1956-12-25,104.93700631352448,,
1956-12-26,104.95720204222224,,
1956-12-27,104.97739777091999,,
1956-12-28,104.99759349961772,,
1956-12-31,105.01778922831548,,
1957-01-01,99.76689976689971,,
1957-01-02,99.78709549559748,,
1957-01-03,99.80729122429523,,
1957-01-04,99.82748695299297,,
1957-01-07,99.84768268169071,,
1957-01-08,99.86787841038847,,
1957-01-09,99.88807413908623,,
1957-01-10,99.90826986778394,,
1957-01-11,99.92846559648171,,
1957-01-14,99.94866132517947,,
1957-01-15,99.96885705387723,,
1957-01-16,99.98905278257499,,
1957-01-17,100.00924851127273,,
1957-01-18,100.02944423997049,,
1957-01-21,100.04963996866825,,
1957-01-22,100.06983569736599,,
1957-01-23,100.09003142606375,,
1957-01-24,100.11022715476152,,
1957-01-25,100.13042288345926,,
1957-01-28,100.15061861215702,,
1957-01-29,100.17081434085475,,
1957-01-30,100.1910100695525,,
1957-01-31,100.21120579825026,,
1957-02-01,100.231401526948,,
1957-02-04,100.25159725564579,,
1957-02-05,100.27179298434355,,
1957-02-06,100.29198871304128,,
1957-02-07,100.31218444173903,,
1957-02-08,100.33238017043678,,
1957-02-11,100.35257589913454,,
1957-02-12,100.3727716278323,,
1957-02-13,100.39296735653005,,
1957-02-14,100.41316308522781,,
1957-02-15,100.4333588139256,,
1957-02-18,100.45355454262332,,
1957-02-19,100.47375027132108,,
1957-02-20,100.49394600001882,,
1957-02-21,100.51414172871658,,
1957-02-22,100.53433745741434,,
1957-02-25,100.55453318611207,,
1957-02-26,100.57472891480982,,
1957-02-27,100.59492464350758,,
1957-02-28,100.61512037220533,,
1957-03-01,100.63531610090308,,
1957-03-04,100.65551182960081,,
1957-03-05,100.6757075582986,,
1957-03-06,100.69590328699636,,
1957-03-07,100.7160990156941,,
1957-03-08,100.73629474439186,,
1957-03-11,100.75649047308961,,
1957-03-12,100.77668620178734,,
1957-03-13,100.7968819304851,,
1957-03-14,100.81707765918284,,
1957-03-15,100.8372733878806,,
1957-03-18,100.85746911657836,,
1957-03-19,100.87766484527609,,
1957-03-20,100.89786057397386,,
1957-03-21,100.91805630267162,,
1957-03-22,100.93825203136937,,
1957-03-25,100.95844776006714,,
1957-03-26,100.9786434887649,,
1957-03-27,100.99883921746266,,
1957-03-28,101.01903494616042,,
1957-03-29,101.03923067485816,,
1957-04-01,101.05942640355592,,
1957-04-02,101.07962213225368,,
1957-04-03,101.09981786095142,,
1957-04-04,101.12001358964918,,
1957-04-05,101.1402093183469,,
1957-04-08,101.16040504704466,,
1957-04-09,101.18060077574245,,
1957-04-10,101.20079650444018,,
1957-04-11,101.22099223313793,,
1957-04-12,101.24118796183568,,
1957-04-15,101.26138369053344,,
1957-04-16,101.28157941923119,,
1957-04-17,101.30177514792894,,
1957-04-18,101.3219708766267,,
1957-04-19,101.34216660532445,,
1957-04-22,101.36236233402218,,
1957-04-23,101.38255806271994,,
1957-04-24,101.40275379141768,,
1957-04-25,101.42294952011545,,
1957-04-26,101.44314524881321,,
1957-04-29,101.46334097751095,,
1957-04-30,101.48353670620871,,
1957-05-01,101.50373243490647,,
1957-05-02,101.52392816360423,,
1957-05-03,101.54412389230198,,
1957-05-06,101.56431962099973,,
1957-05-07,101.58451534969748,,
1957-05-08,101.60471107839524,,
1957-05-09,101.62490680709297,,
1957-05-10,101.64510253579073,,
1957-05-13,101.66529826448848,,
1957-05-14,101.68549399318623,,
1957-05-15,101.70568972188399,,
1957-05-16,101.72588545058173,,
1957-05-17,101.74608117927949,,
1957-05-20,101.76627690797724,,
1957-05-21,101.78647263667497,,
1957-05-22,101.80666836537273,,
1957-05-23,101.82686409407049,,
1957-05-24,101.84705982276823,,
1957-05-27,101.86725555146599,,
1957-05-28,101.88745128016372,,
1957-05-29,101.90764700886147,,
1957-05-30,101.92784273755923,,
1957-05-31,101.94803846625697,,
1957-06-03,101.96823419495473,,
1957-06-04,101.98842992365249,,
1957-06-05,102.00862565235023,,
1957-06-06,102.02882138104799,,
1957-06-07,102.04901710974572,,
1957-06-10,102.0692128384435,,
1957-06-11,102.08940856714126,,
1957-06-12,102.10960429583899,,
1957-06-13,102.12980002453675,,
1957-06-14,102.1499957532345,,
1957-06-17,102.17019148193225,,
1957-06-18,102.19038721063,,
1957-06-19,102.21058293932774,,
1957-06-20,102.23077866802551,,
1957-06-21,102.25097439672327,,
1957-06-24,102.271170125421,,
1957-06-25,102.29136585411875,,
1957-06-26,102.31156158281651,,
1957-06-27,102.33175731151425,,
1957-06-28,102.35195304021201,,
1957-07-01,102.37214876890974,,
1957-07-02,102.3923444976075,,
1957-07-03,102.41254022630525,,
1957-07-04,102.432735955003,,
1957-07-05,102.45293168370078,,
1957-07-08,102.47312741239851,,
1957-07-09,102.49332314109627,,
1957-07-10,102.51351886979403,,
1957-07-11,102.53371459849178,,
1957-07-12,102.55391032718954,,
1957-07-15,102.57410605588733,,
1957-07-16,102.59430178458506,,
1957-07-17,102.61449751328283,,
1957-07-18,102.63469324198056,,
1957-07-19,102.65488897067831,,
1957-07-22,102.6750846993761,,
1957-07-23,102.69528042807383,,
1957-07-24,102.71547615677159,,
1957-07-25,102.73567188546934,,
1957-07-26,102.75586761416709,,
1957-07-29,102.77606334286484,,
1957-07-30,102.79625907156257,,
1957-07-31,102.81645480026033,,
1957-08-01,102.8366505289581,,
1957-08-02,102.85684625765583,,
1957-08-05,102.87704198635359,,
1957-08-06,102.89723771505135,,
1957-08-07,102.91743344374909,,
1957-08-08,102.93762917244685,,
1957-08-09,102.9578249011446,,
1957-08-12,102.97802062984238,,
1957-08-13,102.99821635854013,,
1957-08-14,103.01841208723788,,
1957-08-15,103.03860781593563,,
1957-08-16,103.05880354463339,,
1957-08-19,103.07899927333114,,
1957-08-20,103.09919500202889,,
1957-08-21,103.11939073072662,,
1957-08-22,103.13958645942438,,
1957-08-23,103.15978218812214,,
1957-08-26,103.17997791681988,,
1957-08-27,103.20017364551764,,
1957-08-28,103.2203693742154,,
1957-08-29,103.24056510291312,,
1957-08-30,103.26076083161088,,
1957-09-02,103.28095656030862,,
1957-09-03,103.30115228900638,,
1957-09-04,103.32134801770414,,
1957-09-05,103.34154374640188,,
1957-09-06,103.36173947509965,,
1957-09-09,103.38193520379741,,
1957-09-10,103.40213093249515,,
1957-09-11,103.42232666119291,,
1957-09-12,103.44252238989064,,
1957-09-13,103.4627181185884,,
1957-09-16,103.48291384728616,,
1957-09-17,103.50310957598393,,
1957-09-18,103.52330530468168,,
1957-09-19,103.54350103337944,,
1957-09-20,103.56369676207717,,
1957-09-23,103.58389249077493,,
1957-09-24,103.60408821947267,,
1957-09-25,103.62428394817043,,
1957-09-26,103.64447967686819,,
1957-09-27,103.66467540556592,,
1957-09-30,103.68487113426367,,
1957-10-01,103.70506686296142,,
1957-10-02,103.72526259165917,,
1957-10-03,103.74545832035693,,
1957-10-04,103.76565404905466,,
1957-10-07,103.78584977775243,,
1957-10-08,103.80604550645019,,
1957-10-09,103.82624123514792,,
1957-10-10,103.84643696384568,,
1957-10-11,103.86663269254343,,
1957-10-14,103.88682842124119,,
1957-10-15,103.90702414993898,,
1957-10-16,103.9272198786367,,
1957-10-17,103.94741560733448,,
1957-10-18,103.96761133603225,,
1957-10-21,103.98780706472999,,
1957-10-22,104.00800279342776,,
1957-10-23,104.0281985221255,,
1957-10-24,104.04839425082326,,
1957-10-25,104.06858997952102,,
1957-10-28,104.08878570821875,,
1957-10-29,104.10898143691654,,
1957-10-30,104.1291771656143,,
1957-10-31,104.14937289431204,,
1957-11-01,104.1695686230098,,
1957-11-04,104.18976435170752,,
1957-11-05,104.20996008040528,,
1957-11-06,104.23015580910304,,
1957-11-07,104.2503515378008,,
1957-11-08,104.27054726649855,,
1957-11-11,104.29074299519631,,
1957-11-12,104.31093872389405,,
1957-11-13,104.33113445259181,,
1957-11-14,104.35133018128957,,
1957-11-15,104.37152590998733,,
1957-11-18,104.39172163868508,,
1957-11-19,104.41191736738283,,
1957-11-20,104.43211309608058,,
1957-11-21,104.45230882477834,,
1957-11-22,104.47250455347607,,
1957-11-25,104.49270028217383,,
1957-11-26,104.51289601087157,,
1957-11-27,104.53309173956933,,
1957-11-28,104.55328746826709,,
1957-11-29,104.57348319696482,,
1957-12-02,104.5936789256626,,
1957-12-03,104.61387465436036,,
1957-12-04,104.6340703830581,,
1957-12-05,104.65426611175586,,
1957-12-06,104.67446184045359,,
1957-12-09,104.69465756915137,,
1957-12-10,104.71485329784913,,
1957-12-11,104.73504902654686,,
1957-12-12,104.75524475524463,,
1957-12-13,104.77544048394239,,
1957-12-16,104.79563621264015,,
1957-12-17,104.8158319413379,,
1957-12-18,104.83602767003563,,
1957-12-19,104.85622339873339,,
1957-12-20,104.87641912743118,,
1957-12-23,104.8966148561289,,
1957-12-24,104.91681058482669,,
1957-12-25,104.93700631352445,,
1957-12-26,104.9572020422222,,
1957-12-27,104.97739777091996,,
1957-12-30,104.99759349961771,,
1957-12-31,105.01778922831546,,
1958-01-01,100.4195803962703,,
1958-01-02,100.43990824655293,,
1958-01-03,100.46023609683556,,
1958-01-06,100.48056394711821,,
1958-01-07,100.50089179740085,,
1958-01-08,100.5212196476835,,
1958-01-09,100.54154749796615,,
1958-01-10,100.5618753482488,,
1958-01-13,100.58220319853146,,
1958-01-14,100.60253104881409,,
1958-01-15,100.62285889909673,,
1958-01-16,100.64318674937935,,
1958-01-17,100.66351459966201,,
1958-01-20,100.68384244994466,,
1958-01-21,100.70417030022732,,
1958-01-22,100.72449815050994,,
1958-01-23,100.74482600079257,,
1958-01-24,100.76515385107521,,
1958-01-27,100.78548170135787,,
1958-01-28,100.80580955164051,,
1958-01-29,100.82613740192316,,
1958-01-30,100.84646525220582,,
1958-01-31,100.8667931024885,,
1958-02-03,100.88712095277114,,
1958-02-04,100.9074488030538,,
1958-02-05,100.92777665333644,,
1958-02-06,100.94810450361908,,
1958-02-07,100.96843235390173,,
1958-02-10,100.98876020418439,,
1958-02-11,101.00908805446703,,
1958-02-12,101.02941590474967,,
1958-02-13,101.04974375503232,,
1958-02-14,101.07007160531498,,
1958-02-17,101.0903994555976,,
1958-02-18,101.11072730588026,,
1958-02-19,101.13105515616292,,
1958-02-20,101.15138300644556,,
1958-02-21,101.17171085672818,,
1958-02-24,101.19203870701084,,
1958-02-25,101.21236655729349,,
1958-02-26,101.23269440757613,,
1958-02-27,101.25302225785877,,
1958-02-28,101.2733501081414,,
1958-03-03,101.29367795842406,,
1958-03-04,101.31400580870671,,
1958-03-05,101.33433365898934,,
1958-03-06,101.35466150927198,,
1958-03-07,101.37498935955462,,
1958-03-10,101.39531720983726,,
1958-03-11,101.41564506011989,,
1958-03-12,101.43597291040254,,
1958-03-13,101.4563007606852,,
1958-03-14,101.47662861096785,,
1958-03-17,101.4969564612505,,
1958-03-18,101.51728431153315,,
1958-03-19,101.5376121618158,,
1958-03-20,101.55794001209846,,
1958-03-21,101.57826786238111,,
1958-03-24,101.59859571266374,,
1958-03-25,101.61892356294639,,
1958-03-26,101.63925141322903,,
1958-03-27,101.65957926351167,,
1958-03-28,101.67990711379433,,
1958-03-31,101.70023496407697,,
1958-04-01,101.72056281435961,,
1958-04-02,101.7408906646423,,
1958-04-03,101.76121851492495,,
1958-04-04,101.7815463652076,,
1958-04-07,101.80187421549023,,
1958-04-08,101.82220206577288,,
1958-04-09,101.84252991605551,,
1958-04-10,101.86285776633814,,
1958-04-11,101.88318561662079,,
1958-04-14,101.90351346690345,,
1958-04-15,101.9238413171861,,
1958-04-16,101.94416916746876,,
1958-04-17,101.96449701775138,,
1958-04-18,101.98482486803404,,
1958-04-21,102.0051527183167,,
1958-04-22,102.02548056859932,,
1958-04-23,102.04580841888198,,
1958-04-24,102.06613626916463,,
1958-04-25,102.08646411944729,,
1958-04-28,102.10679196972994,,
1958-04-29,102.12711982001257,,
1958-04-30,102.1474476702952,,
1958-05-01,102.16777552057785,,
1958-05-02,102.1881033708605,,
1958-05-05,102.20843122114314,,
1958-05-06,102.22875907142577,,
1958-05-07,102.24908692170843,,
1958-05-08,102.26941477199105,,
1958-05-09,102.2897426222737,,
1958-05-12,102.31007047255633,,
1958-05-13,102.33039832283896,,
1958-05-14,102.35072617312161,,
1958-05-15,102.37105402340427,,
1958-05-16,102.39138187368692,,
1958-05-19,102.41170972396955,,
1958-05-20,102.43203757425219,,
1958-05-21,102.45236542453482,,
1958-05-22,102.47269327481747,,
1958-05-23,102.49302112510013,,
1958-05-26,102.51334897538278,,
1958-05-27,102.53367682566541,,
1958-05-28,102.55400467594806,,
1958-05-29,102.57433252623072,,
1958-05-30,102.59466037651335,,
1958-06-02,102.614988226796,,
1958-06-03,102.63531607707867,,
1958-06-04,102.65564392736133,,
1958-06-05,102.67597177764398,,
1958-06-06,102.6962996279266,,
1958-06-09,102.71662747820926,,
1958-06-10,102.7369553284919,,
1958-06-11,102.75728317877454,,
1958-06-12,102.7776110290572,,
1958-06-13,102.79793887933985,,
1958-06-16,102.8182667296225,,
1958-06-17,102.83859457990512,,
1958-06-18,102.85892243018777,,
1958-06-19,102.8792502804704,,
1958-06-20,102.89957813075306,,
1958-06-23,102.91990598103571,,
1958-06-24,102.94023383131837,,
1958-06-25,102.96056168160102,,
1958-06-26,102.98088953188366,,
1958-06-27,103.00121738216632,,
1958-06-30,103.02154523244897,,
1958-07-01,103.04187308273163,,
1958-07-02,103.06220093301425,,
1958-07-03,103.08252878329691,,
1958-07-04,103.10285663357956,,
1958-07-07,103.12318448386219,,
1958-07-08,103.14351233414484,,
1958-07-09,103.1638401844275,,
1958-07-10,103.18416803471015,,
1958-07-11,103.20449588499281,,
1958-07-14,103.22482373527546,,
1958-07-15,103.24515158555812,,
1958-07-16,103.26547943584075,,
1958-07-17,103.2858072861234,,
1958-07-18,103.30613513640606,,
1958-07-21,103.32646298668871,,
1958-07-22,103.34679083697134,,
1958-07-23,103.36711868725399,,
1958-07-24,103.38744653753665,,
1958-07-25,103.40777438781927,,
1958-07-28,103.4281022381019,,
1958-07-29,103.44843008838455,,
1958-07-30,103.46875793866721,,
1958-07-31,103.48908578894986,,
1958-08-01,103.50941363923253,,
1958-08-04,103.52974148951519,,
1958-08-05,103.55006933979784,,
1958-08-06,103.5703971900805,,
1958-08-07,103.59072504036313,,
1958-08-08,103.61105289064577,,
1958-08-11,103.63138074092842,,
1958-08-12,103.65170859121105,,
1958-08-13,103.6720364414937,,
1958-08-14,103.69236429177636,,
1958-08-15,103.71269214205898,,
1958-08-18,103.73301999234161,,
1958-08-19,103.75334784262427,,
1958-08-20,103.77367569290692,,
1958-08-21,103.79400354318958,,
1958-08-22,103.81433139347223,,
1958-08-25,103.83465924375488,,
1958-08-26,103.85498709403751,,
1958-08-27,103.87531494432017,,
1958-08-28,103.89564279460282,,
1958-08-29,103.91597064488545,,
1958-09-01,103.9362984951681,,
1958-09-02,103.95662634545076,,
1958-09-03,103.97695419573341,,
1958-09-04,103.99728204601605,,
1958-09-05,104.01760989629871,,
1958-09-08,104.03793774658135,,
1958-09-09,104.058265596864,,
1958-09-10,104.07859344714664,,
1958-09-11,104.0989212974293,,
1958-09-12,104.11924914771195,,
1958-09-15,104.13957699799458,,
1958-09-16,104.15990484827722,,
1958-09-17,104.18023269855985,,
1958-09-18,104.2005605488425,,
1958-09-19,104.22088839912513,,
1958-09-22,104.24121624940777,,
1958-09-23,104.2615440996904,,
1958-09-24,104.28187194997305,,
1958-09-25,104.3021998002557,,
1958-09-26,104.32252765053835,,
1958-09-29,104.342855500821,,
1958-09-30,104.36318335110366,,
1958-10-01,104.38351120138631,,
1958-10-02,104.403839051669,,
1958-10-03,104.42416690195164,,
1958-10-06,104.44449475223429,,
1958-10-07,104.46482260251695,,
1958-10-08,104.4851504527996,,
1958-10-09,104.50547830308226,,
1958-10-10,104.52580615336491,,
1958-10-13,104.54613400364754,,
1958-10-14,104.56646185393019,,
1958-10-15,104.58678970421282,,
1958-10-16,104.60711755449546,,
1958-10-17,104.62744540477811,,
1958-10-20,104.64777325506074,,
1958-10-21,104.6681011053434,,
1958-10-22,104.68842895562602,,
1958-10-23,104.70875680590868,,
1958-10-24,104.72908465619133,,
1958-10-27,104.74941250647399,,
1958-10-28,104.76974035675664,,
1958-10-29,104.79006820703927,,
1958-10-30,104.81039605732192,,
1958-10-31,104.83072390760458,,
1958-11-03,104.8510517578872,,
1958-11-04,104.87137960816986,,
1958-11-05,104.89170745845252,,
1958-11-06,104.91203530873514,,
1958-11-07,104.9323631590178,,
1958-11-10,104.95269100930045,,
1958-11-11,104.9730188595831,,
1958-11-12,104.99334670986575,,
1958-11-13,105.0136745601484,,
1958-11-14,105.03400241043104,,
1958-11-17,105.05433026071367,,
1958-11-18,105.07465811099632,,
1958-11-19,105.09498596127895,,
1958-11-20,105.11531381156158,,
1958-11-21,105.13564166184423,,
1958-11-24,105.15596951212687,,
1958-11-25,105.17629736240951,,
1958-11-26,105.19662521269215,,
1958-11-27,105.21695306297478,,
1958-11-28,105.23728091325741,,
1958-12-01,105.25760876354006,,
1958-12-02,105.2779366138227,,
1958-12-03,105.29826446410536,,
1958-12-04,105.318592314388,,
1958-12-05,105.33892016467064,,
1958-12-08,105.35924801495327,,
1958-12-09,105.37957586523589,,
1958-12-10,105.39990371551853,,
1958-12-11,105.42023156580116,,
1958-12-12,105.44055941608381,,
1958-12-15,105.46088726636647,,
1958-12-16,105.48121511664912,,
1958-12-17,105.50154296693177,,
1958-12-18,105.5218708172144,,
1958-12-19,105.54219866749703,,
1958-12-22,105.56252651777966,,
1958-12-23,105.58285436806231,,
1958-12-24,105.60318221834495,,
1958-12-25,105.6235100686276,,
1958-12-26,105.64383791891025,,
1958-12-29,105.6641657691929,,
1958-12-30,105.68449361947556,,
1958-12-31,105.70482146975822,,
1959-01-01,100.76923074592068,,
1959-01-02,100.78962937562632,,
1959-01-05,100.81002800533196,,
1959-01-06,100.83042663503761,,
1959-01-07,100.85082526474325,,
1959-01-08,100.87122389444889,,
1959-01-09,100.89162252415456,,
1959-01-12,100.9120211538602,,
1959-01-13,100.93241978356585,,
1959-01-14,100.9528184132715,,
1959-01-15,100.97321704297715,,
1959-01-16,100.99361567268281,,
1959-01-19,101.01401430238846,,
1959-01-20,101.03441293209411,,
1959-01-21,101.05481156179978,,
1959-01-22,101.07521019150545,,
1959-01-23,101.09560882121109,,
1959-01-26,101.11600745091674,,
1959-01-27,101.1364060806224,,
1959-01-28,101.15680471032806,,
1959-01-29,101.1772033400337,,
1959-01-30,101.19760196973937,,
1959-02-02,101.21800059944502,,
1959-02-03,101.23839922915066,,
1959-02-04,101.2587978588563,,
1959-02-05,101.27919648856196,,
1959-02-06,101.29959511826763,,
1959-02-09,101.31999374797329,,
1959-02-10,101.34039237767891,,
1959-02-11,101.36079100738458,,
1959-02-12,101.38118963709022,,
1959-02-13,101.40158826679586,,
1959-02-16,101.42198689650152,,
1959-02-17,101.44238552620718,,
1959-02-18,101.46278415591283,,
1959-02-19,101.48318278561848,,
1959-02-20,101.50358141532413,,
1959-02-23,101.52398004502979,,
1959-02-24,101.54437867473544,,
1959-02-25,101.5647773044411,,
1959-02-26,101.58517593414675,,
1959-02-27,101.6055745638524,,
1959-03-02,101.62597319355807,,
1959-03-03,101.64637182326372,,
1959-03-04,101.66677045296939,,
1959-03-05,101.68716908267503,,
1959-03-06,101.7075677123807,,
1959-03-09,101.72796634208635,,
1959-03-10,101.748364971792,,
1959-03-11,101.76876360149767,,
1959-03-12,101.78916223120333,,
1959-03-13,101.80956086090897,,
1959-03-16,101.82995949061461,,
1959-03-17,101.85035812032024,,
1959-03-18,101.8707567500259,,
1959-03-19,101.89115537973157,,
1959-03-20,101.91155400943721,,
1959-03-23,101.93195263914288,,
1959-03-24,101.95235126884852,,
1959-03-25,101.97274989855414,,
1959-03-26,101.99314852825978,,
1959-03-27,102.01354715796542,,
1959-03-30,102.03394578767109,,
1959-03-31,102.05434441737675,,
1959-04-01,102.07474304708242,,
1959-04-02,102.09514167678806,,
1959-04-03,102.11554030649373,,
1959-04-06,102.1359389361994,,
1959-04-07,102.15633756590505,,
1959-04-08,102.17673619561072,,
1959-04-09,102.19713482531635,,
1959-04-10,102.21753345502202,,
1959-04-13,102.23793208472767,,
1959-04-14,102.25833071443331,,
1959-04-15,102.27872934413898,,
1959-04-16,102.29912797384463,,
1959-04-17,102.31952660355029,,
1959-04-20,102.33992523325593,,
1959-04-21,102.36032386296156,,
1959-04-22,102.38072249266723,,
1959-04-23,102.4011211223729,,
1959-04-24,102.42151975207857,,
1959-04-27,102.4419183817842,,
1959-04-28,102.46231701148984,,
1959-04-29,102.48271564119548,,
1959-04-30,102.50311427090114,,
1959-05-01,102.52351290060678,,
1959-05-04,102.54391153031241,,
1959-05-05,102.56431016001808,,
1959-05-06,102.58470878972375,,
1959-05-07,102.60510741942939,,
1959-05-08,102.62550604913505,,
1959-05-11,102.6459046788407,,
1959-05-12,102.66630330854636,,
1959-05-13,102.68670193825203,,
1959-05-14,102.70710056795768,,
1959-05-15,102.72749919766333,,
1959-05-18,102.74789782736897,,
1959-05-19,102.76829645707464,,
1959-05-20,102.78869508678028,,
1959-05-21,102.80909371648595,,
1959-05-22,102.82949234619159,,
1959-05-25,102.84989097589722,,
1959-05-26,102.87028960560288,,
1959-05-27,102.89068823530853,,
1959-05-28,102.91108686501418,,
1959-05-29,102.93148549471984,,
1959-06-01,102.95188412442549,,
1959-06-02,102.97228275413116,,
1959-06-03,102.99268138383677,,
1959-06-04,103.0130800135424,,
1959-06-05,103.03347864324806,,
1959-06-08,103.05387727295371,,
1959-06-09,103.07427590265938,,
1959-06-10,103.09467453236503,,
1959-06-11,103.11507316207067,,
1959-06-12,103.13547179177634,,
1959-06-15,103.15587042148199,,
1959-06-16,103.17626905118765,,
1959-06-17,103.19666768089331,,
1959-06-18,103.21706631059897,,
1959-06-19,103.23746494030462,,
1959-06-22,103.25786357001026,,
1959-06-23,103.27826219971593,,
1959-06-24,103.29866082942158,,
1959-06-25,103.31905945912723,,
1959-06-26,103.33945808883287,,
1959-06-29,103.35985671853851,,
1959-06-30,103.38025534824418,,
1959-07-01,103.40065397794982,,
1959-07-02,103.42105260765548,,
1959-07-03,103.44145123736115,,
1959-07-06,103.46184986706682,,
1959-07-07,103.48224849677246,,
1959-07-08,103.5026471264781,,
1959-07-09,103.52304575618376,,
1959-07-10,103.54344438588943,,
1959-07-13,103.56384301559507,,
1959-07-14,103.58424164530074,,
1959-07-15,103.60464027500637,,
1959-07-16,103.625038904712,,
1959-07-17,103.64543753441767,,
1959-07-20,103.66583616412332,,
1959-07-21,103.68623479382899,,
1959-07-22,103.70663342353464,,
1959-07-23,103.7270320532403,,
1959-07-24,103.74743068294592,,
1959-07-27,103.76782931265159,,
1959-07-28,103.78822794235725,,
1959-07-29,103.80862657206289,,
1959-07-30,103.82902520176856,,
1959-07-31,103.84942383147421,,
1959-08-03,103.86982246117987,,
1959-08-04,103.89022109088553,,
1959-08-05,103.91061972059119,,
1959-08-06,103.93101835029685,,
1959-08-07,103.95141698000249,,
1959-08-10,103.97181560970816,,
1959-08-11,103.99221423941378,,
1959-08-12,104.01261286911942,,
1959-08-13,104.03301149882509,,
1959-08-14,104.05341012853076,,
1959-08-17,104.0738087582364,,
1959-08-18,104.09420738794203,,
1959-08-19,104.11460601764769,,
1959-08-20,104.13500464735333,,
1959-08-21,104.15540327705897,,
1959-08-24,104.17580190676463,,
1959-08-25,104.1962005364703,,
1959-08-26,104.21659916617594,,
1959-08-27,104.23699779588158,,
1959-08-28,104.25739642558722,,
1959-08-31,104.27779505529287,,
1959-09-01,104.29819368499852,,
1959-09-02,104.31859231470419,,
1959-09-03,104.33899094440986,,
1959-09-04,104.35938957411553,,
1959-09-07,104.37978820382116,,
1959-09-08,104.4001868335268,,
1959-09-09,104.42058546323247,,
1959-09-10,104.44098409293814,,
1959-09-11,104.4613827226438,,
1959-09-14,104.48178135234947,,
1959-09-15,104.50217998205511,,
1959-09-16,104.52257861176075,,
1959-09-17,104.54297724146639,,
1959-09-18,104.56337587117204,,
1959-09-21,104.5837745008777,,
1959-09-22,104.60417313058335,,
1959-09-23,104.62457176028899,,
1959-09-24,104.64497038999463,,
1959-09-25,104.6653690197003,,
1959-09-28,104.68576764940596,,
1959-09-29,104.70616627911163,,
1959-09-30,104.72656490881727,,
1959-10-01,104.74696353852293,,
1959-10-02,104.76736216822857,,
1959-10-05,104.78776079793421,,
1959-10-06,104.80815942763985,,
1959-10-07,104.8285580573455,,
1959-10-08,104.84895668705117,,
1959-10-09,104.86935531675681,,
1959-10-12,104.88975394646245,,
1959-10-13,104.91015257616809,,
1959-10-14,104.93055120587374,,
1959-10-15,104.95094983557938,,
1959-10-16,104.97134846528505,,
1959-10-19,104.9917470949907,,
1959-10-20,105.01214572469632,,
1959-10-21,105.03254435440199,,
1959-10-22,105.05294298410763,,
1959-10-23,105.07334161381327,,
1959-10-26,105.09374024351894,,
1959-10-27,105.1141388732246,,
1959-10-28,105.13453750293023,,
1959-10-29,105.15493613263587,,
1959-10-30,105.17533476234154,,
1959-11-02,105.1957333920472,,
1959-11-03,105.21613202175284,,
1959-11-04,105.23653065145851,,
1959-11-05,105.25692928116412,,
1959-11-06,105.27732791086979,,
1959-11-09,105.29772654057543,,
1959-11-10,105.31812517028108,,
1959-11-11,105.33852379998672,,
1959-11-12,105.35892242969236,,
1959-11-13,105.379321059398,,
1959-11-16,105.39971968910362,,
1959-11-17,105.42011831880929,,
1959-11-18,105.44051694851495,,
1959-11-19,105.46091557822062,,
1959-11-20,105.48131420792627,,
1959-11-23,105.50171283763193,,
1959-11-24,105.52211146733757,,
1959-11-25,105.54251009704323,,
1959-11-26,105.5629087267489,,
1959-11-27,105.58330735645455,,
1959-11-30,105.60370598616022,,
1959-12-01,105.62410461586589,,
1959-12-02,105.64450324557151,,
1959-12-03,105.66490187527717,,
1959-12-04,105.68530050498283,,
1959-12-07,105.7056991346885,,
1959-12-08,105.72609776439417,,
1959-12-09,105.74649639409981,,
1959-12-10,105.76689502380545,,
1959-12-11,105.78729365351111,,
1959-12-14,105.80769228321678,,
1959-12-15,105.82809091292245,,
1959-12-16,105.84848954262809,,
1959-12-17,105.86888817233373,,
1959-12-18,105.88928680203938,,
1959-12-21,105.90968543174503,,
1959-12-22,105.93008406145069,,
1959-12-23,105.95048269115634,,
1959-12-24,105.97088132086199,,
1959-12-25,105.99127995056763,,
1959-12-28,106.01167858027327,,
1959-12-29,106.0320772099789,,
1959-12-30,106.05247583968456,,
1959-12-31,106.07287446939023,,
1960-01-01,100.34965032634027,,
1960-01-04,100.3699640207383,,
1960-01-05,100.39027771513635,,
1960-01-06,100.41059140953439,,
1960-01-07,100.43090510393245,,
1960-01-08,100.45121879833047,,
1960-01-11,100.47153249272853,,
1960-01-12,100.49184618712658,,
1960-01-13,100.51215988152467,,
1960-01-14,100.5324735759227,,
1960-01-15,100.55278727032075,,
1960-01-18,100.57310096471879,,
1960-01-19,100.59341465911685,,
1960-01-20,100.61372835351487,,
1960-01-21,100.63404204791291,,
1960-01-22,100.65435574231097,,
1960-01-25,100.674669436709,,
1960-01-26,100.69498313110705,,
1960-01-27,100.71529682550508,,
1960-01-28,100.73561051990313,,
1960-01-29,100.75592421430117,,
1960-02-01,100.77623790869923,,
1960-02-02,100.79655160309726,,
1960-02-03,100.81686529749531,,
1960-02-04,100.83717899189335,,
1960-02-05,100.85749268629141,,
1960-02-08,100.87780638068944,,
1960-02-09,100.89812007508748,,
1960-02-10,100.91843376948555,,
1960-02-11,100.93874746388359,,
1960-02-12,100.95906115828166,,
1960-02-15,100.9793748526797,,
1960-02-16,100.99968854707775,,
1960-02-17,101.02000224147578,,
1960-02-18,101.04031593587383,,
1960-02-19,101.06062963027188,,
1960-02-22,101.08094332466993,,
1960-02-23,101.10125701906796,,
1960-02-24,101.12157071346601,,
1960-02-25,101.14188440786407,,
1960-02-26,101.1621981022621,,
1960-02-29,101.18251179666015,,
1960-03-01,101.20282549105819,,
1960-03-02,101.22313918545625,,
1960-03-03,101.24345287985427,,
1960-03-04,101.26376657425233,,
1960-03-07,101.28408026865037,,
1960-03-08,101.30439396304843,,
1960-03-09,101.32470765744645,,
1960-03-10,101.34502135184451,,
1960-03-11,101.36533504624255,,
1960-03-14,101.3856487406406,,
1960-03-15,101.40596243503866,,
1960-03-16,101.42627612943669,,
1960-03-17,101.44658982383474,,
1960-03-18,101.46690351823278,,
1960-03-21,101.48721721263084,,
1960-03-22,101.50753090702887,,
1960-03-23,101.52784460142692,,
1960-03-24,101.54815829582495,,
1960-03-25,101.568471990223,,
1960-03-28,101.58878568462104,,
1960-03-29,101.6090993790191,,
1960-03-30,101.62941307341713,,
1960-03-31,101.64972676781518,,
1960-04-01,101.67004046221322,,
1960-04-04,101.69035415661125,,
1960-04-05,101.7106678510093,,
1960-04-06,101.73098154540735,,
1960-04-07,101.7512952398054,,
1960-04-08,101.77160893420343,,
1960-04-11,101.79192262860148,,
1960-04-12,101.81223632299951,,
1960-04-13,101.8325500173976,,
1960-04-14,101.85286371179562,,
1960-04-15,101.87317740619368,,
1960-04-18,101.89349110059172,,
1960-04-19,101.91380479498977,,
1960-04-20,101.9341184893878,,
1960-04-21,101.95443218378584,,
1960-04-22,101.9747458781839,,
1960-04-25,101.99505957258192,,
1960-04-26,102.01537326697998,,
1960-04-27,102.03568696137803,,
1960-04-28,102.05600065577609,,
1960-04-29,102.07631435017413,,
1960-05-02,102.0966280445722,,
1960-05-03,102.11694173897024,,
1960-05-04,102.1372554333683,,
1960-05-05,102.15756912776632,,
1960-05-06,102.17788282216438,,
1960-05-09,102.1981965165624,,
1960-05-10,102.21851021096045,,
1960-05-11,102.2388239053585,,
1960-05-12,102.25913759975653,,
1960-05-13,102.27945129415458,,
1960-05-16,102.29976498855262,,
1960-05-17,102.3200786829507,,
1960-05-18,102.34039237734873,,
1960-05-19,102.36070607174679,,
1960-05-20,102.38101976614482,,
1960-05-23,102.4013334605429,,
1960-05-24,102.42164715494093,,
1960-05-25,102.44196084933898,,
1960-05-26,102.46227454373702,,
1960-05-27,102.48258823813508,,
1960-05-30,102.50290193253313,,
1960-05-31,102.52321562693116,,
1960-06-01,102.54352932132922,,
1960-06-02,102.56384301572726,,
1960-06-03,102.58415671012533,,
1960-06-06,102.60447040452338,,
1960-06-07,102.62478409892144,,
1960-06-08,102.64509779331948,,
1960-06-09,102.66541148771753,,
1960-06-10,102.68572518211556,,
1960-06-13,102.70603887651362,,
1960-06-14,102.72635257091164,,
1960-06-15,102.74666626530968,,
1960-06-16,102.76697995970774,,
1960-06-17,102.78729365410577,,
1960-06-20,102.80760734850382,,
1960-06-21,102.82792104290188,,
1960-06-22,102.84823473729993,,
1960-06-23,102.86854843169797,,
1960-06-24,102.88886212609603,,
1960-06-27,102.90917582049408,,
1960-06-28,102.92948951489214,,
1960-06-29,102.94980320929017,,
1960-06-30,102.97011690368822,,
1960-07-01,102.99043059808626,,
1960-07-04,103.01074429248429,,
1960-07-05,103.03105798688235,,
1960-07-06,103.05137168128039,,
1960-07-07,103.07168537567844,,
1960-07-08,103.09199907007647,,
1960-07-11,103.11231276447452,,
1960-07-12,103.13262645887255,,
1960-07-13,103.1529401532706,,
1960-07-14,103.17325384766865,,
1960-07-15,103.1935675420667,,
1960-07-18,103.21388123646473,,
1960-07-19,103.23419493086278,,
1960-07-20,103.25450862526083,,
1960-07-21,103.27482231965885,,
1960-07-22,103.29513601405691,,
1960-07-25,103.31544970845495,,
1960-07-26,103.335763402853,,
1960-07-27,103.35607709725103,,
1960-07-28,103.37639079164911,,
1960-07-29,103.39670448604714,,
1960-08-01,103.4170181804452,,
1960-08-02,103.43733187484322,,
1960-08-03,103.45764556924128,,
1960-08-04,103.47795926363932,,
1960-08-05,103.49827295803738,,
1960-08-08,103.5185866524354,,
1960-08-09,103.53890034683344,,
1960-08-10,103.5592140412315,,
1960-08-11,103.57952773562953,,
1960-08-12,103.59984143002758,,
1960-08-15,103.62015512442562,,
1960-08-16,103.64046881882368,,
1960-08-17,103.6607825132217,,
1960-08-18,103.68109620761979,,
1960-08-19,103.70140990201782,,
1960-08-22,103.7217235964159,,
1960-08-23,103.74203729081393,,
1960-08-24,103.76235098521198,,
1960-08-25,103.78266467961001,,
1960-08-26,103.80297837400805,,
1960-08-29,103.8232920684061,,
1960-08-30,103.84360576280413,,
1960-08-31,103.86391945720219,,
1960-09-01,103.88423315160023,,
1960-09-02,103.90454684599828,,
1960-09-05,103.92486054039631,,
1960-09-06,103.94517423479437,,
1960-09-07,103.9654879291924,,
1960-09-08,103.98580162359046,,
1960-09-09,104.00611531798849,,
1960-09-12,104.02642901238654,,
1960-09-13,104.04674270678458,,
1960-09-14,104.06705640118261,,
1960-09-15,104.08737009558067,,
1960-09-16,104.1076837899787,,
1960-09-19,104.12799748437678,,
1960-09-20,104.1483111787748,,
1960-09-21,104.16862487317286,,
1960-09-22,104.1889385675709,,
1960-09-23,104.20925226196897,,
1960-09-26,104.22956595636701,,
1960-09-27,104.24987965076507,,
1960-09-28,104.2701933451631,,
1960-09-29,104.29050703956115,,
1960-09-30,104.31082073395919,,
1960-10-03,104.33113442835722,,
1960-10-04,104.3514481227553,,
1960-10-05,104.37176181715333,,
1960-10-06,104.39207551155138,,
1960-10-07,104.41238920594942,,
1960-10-10,104.4327029003475,,
1960-10-11,104.45301659474553,,
1960-10-12,104.47333028914359,,
1960-10-13,104.49364398354165,,
1960-10-14,104.5139576779397,,
1960-10-17,104.53427137233773,,
1960-10-18,104.55458506673578,,
1960-10-19,104.57489876113382,,
1960-10-20,104.59521245553185,,
1960-10-21,104.6155261499299,,
1960-10-24,104.63583984432796,,
1960-10-25,104.65615353872602,,
1960-10-26,104.67646723312404,,
1960-10-27,104.69678092752213,,
1960-10-28,104.71709462192015,,
1960-10-31,104.73740831631821,,
1960-11-01,104.75772201071625,,
1960-11-02,104.7780357051143,,
1960-11-03,104.79834939951233,,
1960-11-04,104.81866309391039,,
1960-11-07,104.83897678830843,,
1960-11-08,104.85929048270646,,
1960-11-09,104.87960417710454,,
1960-11-10,104.8999178715026,,
1960-11-11,104.92023156590066,,
1960-11-14,104.9405452602987,,
1960-11-15,104.96085895469676,,
1960-11-16,104.98117264909479,,
1960-11-17,105.00148634349284,,
1960-11-18,105.02180003789088,,
1960-11-21,105.04211373228894,,
1960-11-22,105.06242742668697,,
1960-11-23,105.08274112108502,,
1960-11-24,105.10305481548305,,
1960-11-25,105.12336850988109,,
1960-11-28,105.14368220427914,,
1960-11-29,105.16399589867717,,
1960-11-30,105.18430959307523,,
1960-12-01,105.20462328747327,,
1960-12-02,105.22493698187132,,
1960-12-05,105.24525067626935,,
1960-12-06,105.2655643706674,,
1960-12-07,105.28587806506545,,
1960-12-08,105.3061917594635,,
1960-12-09,105.32650545386153,,
1960-12-12,105.34681914825958,,
1960-12-13,105.36713284265764,,
1960-12-14,105.38744653705567,,
1960-12-15,105.40776023145372,,
1960-12-16,105.42807392585176,,
1960-12-19,105.44838762024982,,
1960-12-20,105.46870131464784,,
1960-12-21,105.4890150090459,,
1960-12-22,105.50932870344394,,
1960-12-23,105.529642397842,,
1960-12-26,105.54995609224002,,
1960-12-27,105.57026978663811,,
1960-12-28,105.59058348103616,,
1960-12-29,105.61089717543422,,
1960-12-30,105.63121086983224,,
1961-01-02,100.6060605827509,,
1961-01-03,100.62650481371674,,
1961-01-04,100.64694904468251,,
1961-01-05,100.66739327564835,,
1961-01-06,100.68783750661416,,
1961-01-09,100.70828173757998,,
1961-01-10,100.72872596854576,,
1961-01-11,100.74917019951157,,
1961-01-12,100.7696144304774,,
1961-01-13,100.7900586614432,,
1961-01-16,100.810502892409,,
1961-01-17,100.8309471233748,,
1961-01-18,100.8513913543406,,
1961-01-19,100.87183558530643,,
1961-01-20,100.89227981627225,,
1961-01-23,100.91272404723806,,
1961-01-24,100.93316827820387,,
1961-01-25,100.95361250916967,,
1961-01-26,100.97405674013548,,
1961-01-27,100.99450097110132,,
1961-01-30,101.01494520206715,,
1961-01-31,101.03538943303296,,
1961-02-01,101.05583366399877,,
1961-02-02,101.07627789496459,,
1961-02-03,101.0967221259304,,
1961-02-06,101.1171663568962,,
1961-02-07,101.13761058786199,,
1961-02-08,101.15805481882781,,
1961-02-09,101.17849904979361,,
1961-02-10,101.19894328075945,,
1961-02-13,101.21938751172523,,
1961-02-14,101.23983174269104,,
1961-02-15,101.26027597365686,,
1961-02-16,101.28072020462264,,
1961-02-17,101.30116443558848,,
1961-02-20,101.32160866655428,,
1961-02-21,101.34205289752012,,
1961-02-22,101.36249712848593,,
1961-02-23,101.38294135945172,,
1961-02-24,101.40338559041753,,
1961-02-27,101.42382982138332,,
1961-02-28,101.44427405234913,,
1961-03-01,101.46471828331491,,
1961-03-02,101.48516251428074,,
1961-03-03,101.50560674524655,,
1961-03-06,101.52605097621235,,
1961-03-07,101.54649520717815,,
1961-03-08,101.56693943814395,,
1961-03-09,101.58738366910976,,
1961-03-10,101.60782790007556,,
1961-03-13,101.62827213104137,,
1961-03-14,101.64871636200718,,
1961-03-15,101.669160592973,,
1961-03-16,101.68960482393881,,
1961-03-17,101.7100490549046,,
1961-03-20,101.73049328587042,,
1961-03-21,101.75093751683626,,
1961-03-22,101.77138174780205,,
1961-03-23,101.79182597876786,,
1961-03-24,101.81227020973364,,
1961-03-27,101.83271444069948,,
1961-03-28,101.85315867166531,,
1961-03-29,101.8736029026311,,
1961-03-30,101.89404713359691,,
1961-03-31,101.91449136456272,,
1961-04-03,101.93493559552856,,
1961-04-04,101.95537982649434,,
1961-04-05,101.97582405746017,,
1961-04-06,101.99626828842598,,
1961-04-07,102.01671251939177,,
1961-04-10,102.03715675035758,,
1961-04-11,102.05760098132338,,
1961-04-12,102.0780452122892,,
1961-04-13,102.09848944325502,,
1961-04-14,102.1189336742208,,
1961-04-17,102.13937790518663,,
1961-04-18,102.15982213615243,,
1961-04-19,102.18026636711825,,
1961-04-20,102.20071059808407,,
1961-04-21,102.2211548290499,,
1961-04-24,102.24159906001572,,
1961-04-25,102.2620432909815,,
1961-04-26,102.28248752194733,,
1961-04-27,102.30293175291311,,
1961-04-28,102.32337598387893,,
1961-05-01,102.34382021484474,,
1961-05-02,102.36426444581053,,
1961-05-03,102.38470867677636,,
1961-05-04,102.40515290774215,,
1961-05-05,102.42559713870799,,
1961-05-08,102.44604136967376,,
1961-05-09,102.46648560063957,,
1961-05-10,102.4869298316054,,
1961-05-11,102.50737406257117,,
1961-05-12,102.52781829353698,,
1961-05-15,102.5482625245028,,
1961-05-16,102.56870675546861,,
1961-05-17,102.58915098643442,,
1961-05-18,102.60959521740023,,
1961-05-19,102.63003944836603,,
1961-05-22,102.65048367933183,,
1961-05-23,102.67092791029766,,
1961-05-24,102.69137214126344,,
1961-05-25,102.71181637222926,,
1961-05-26,102.73226060319509,,
1961-05-29,102.75270483416088,,
1961-05-30,102.77314906512672,,
1961-05-31,102.79359329609252,,
1961-06-01,102.81403752705836,,
1961-06-02,102.83448175802417,,
1961-06-05,102.85492598898998,,
1961-06-06,102.87537021995578,,
1961-06-07,102.89581445092159,,
1961-06-08,102.91625868188743,,
1961-06-09,102.93670291285322,,
1961-06-12,102.95714714381903,,
1961-06-13,102.97759137478484,,
1961-06-14,102.99803560575063,,
1961-06-15,103.01847983671647,,
1961-06-16,103.03892406768227,,
1961-06-19,103.05936829864808,,
1961-06-20,103.07981252961389,,
1961-06-21,103.10025676057968,,
1961-06-22,103.1207009915455,,
1961-06-23,103.1411452225113,,
1961-06-26,103.1615894534771,,
1961-06-27,103.18203368444291,,
1961-06-28,103.20247791540874,,
1961-06-29,103.22292214637454,,
1961-06-30,103.24336637734032,,
1961-07-03,103.26381060830614,,
1961-07-04,103.28425483927195,,
1961-07-05,103.30469907023776,,
1961-07-06,103.3251433012036,,
1961-07-07,103.34558753216938,,
1961-07-10,103.3660317631352,,
1961-07-11,103.38647599410098,,
1961-07-12,103.40692022506681,,
1961-07-13,103.42736445603262,,
1961-07-14,103.44780868699843,,
1961-07-17,103.46825291796424,,
1961-07-18,103.48869714893003,,
1961-07-19,103.50914137989584,,
1961-07-20,103.52958561086163,,
1961-07-21,103.55002984182744,,
1961-07-24,103.57047407279325,,
1961-07-25,103.59091830375904,,
1961-07-26,103.61136253472485,,
1961-07-27,103.63180676569065,,
1961-07-28,103.65225099665649,,
1961-07-31,103.67269522762228,,
1961-08-01,103.69313945858809,,
1961-08-02,103.71358368955393,,
1961-08-03,103.73402792051971,,
1961-08-04,103.75447215148552,,
1961-08-07,103.77491638245131,,
1961-08-08,103.79536061341715,,
1961-08-09,103.81580484438295,,
1961-08-10,103.83624907534876,,
1961-08-11,103.8566933063146,,
1961-08-14,103.87713753728039,,
1961-08-15,103.8975817682462,,
1961-08-16,103.91802599921198,,
1961-08-17,103.93847023017781,,
1961-08-18,103.95891446114362,,
1961-08-21,103.97935869210941,,
1961-08-22,103.99980292307525,,
1961-08-23,104.02024715404103,,
1961-08-24,104.04069138500685,,
1961-08-25,104.06113561597266,,
1961-08-28,104.08157984693844,,
1961-08-29,104.10202407790425,,
1961-08-30,104.12246830887004,,
1961-08-31,104.14291253983585,,
1961-09-01,104.16335677080164,,
1961-09-04,104.18380100176748,,
1961-09-05,104.2042452327333,,
1961-09-06,104.22468946369912,,
1961-09-07,104.24513369466494,,
1961-09-08,104.26557792563074,,
1961-09-11,104.28602215659654,,
1961-09-12,104.30646638756238,,
1961-09-13,104.32691061852819,,
1961-09-14,104.347354849494,,
1961-09-15,104.36779908045979,,
1961-09-18,104.3882433114256,,
1961-09-19,104.40868754239139,,
1961-09-20,104.4291317733572,,
1961-09-21,104.44957600432303,,
1961-09-22,104.47002023528881,,
1961-09-25,104.49046446625462,,
1961-09-26,104.51090869722044,,
1961-09-27,104.53135292818625,,
1961-09-28,104.55179715915206,,
1961-09-29,104.57224139011785,,
1961-10-02,104.59268562108366,,
1961-10-03,104.61312985204944,,
1961-10-04,104.63357408301528,,
1961-10-05,104.65401831398107,,
1961-10-06,104.67446254494688,,
1961-10-09,104.69490677591268,,
1961-10-10,104.71535100687848,,
1961-10-11,104.73579523784431,,
1961-10-12,104.75623946881012,,
1961-10-13,104.77668369977596,,
1961-10-16,104.79712793074177,,
1961-10-17,104.81757216170757,,
1961-10-18,104.83801639267341,,
1961-10-19,104.85846062363919,,
1961-10-20,104.878904854605,,
1961-10-23,104.89934908557079,,
1961-10-24,104.9197933165366,,
1961-10-25,104.94023754750242,,
1961-10-26,104.96068177846823,,
1961-10-27,104.98112600943404,,
1961-10-30,105.00157024039981,,
1961-10-31,105.02201447136564,,
1961-11-01,105.04245870233144,,
1961-11-02,105.06290293329725,,
1961-11-03,105.08334716426306,,
1961-11-06,105.10379139522885,,
1961-11-07,105.12423562619466,,
1961-11-08,105.14467985716047,,
1961-11-09,105.16512408812628,,
1961-11-10,105.18556831909211,,
1961-11-13,105.20601255005792,,
1961-11-14,105.22645678102374,,
1961-11-15,105.24690101198955,,
1961-11-16,105.26734524295536,,
1961-11-17,105.2877894739212,,
1961-11-20,105.30823370488697,,
1961-11-21,105.3286779358528,,
1961-11-22,105.34912216681857,,
1961-11-23,105.36956639778438,,
1961-11-24,105.39001062875019,,
1961-11-27,105.41045485971601,,
1961-11-28,105.43089909068182,,
1961-11-29,105.45134332164763,,
1961-11-30,105.47178755261343,,
1961-12-01,105.49223178357923,,
1961-12-04,105.51267601454506,,
1961-12-05,105.53312024551087,,
1961-12-06,105.55356447647668,,
1961-12-07,105.57400870744249,,
1961-12-08,105.59445293840828,,
1961-12-11,105.61489716937409,,
1961-12-12,105.6353414003399,,
1961-12-13,105.65578563130573,,
1961-12-14,105.67622986227154,,
1961-12-15,105.69667409323735,,
1961-12-18,105.71711832420318,,
1961-12-19,105.73756255516899,,
1961-12-20,105.75800678613483,,
1961-12-21,105.77845101710064,,
1961-12-22,105.79889524806644,,
1961-12-25,105.81933947903227,,
1961-12-26,105.83978370999804,,
1961-12-27,105.86022794096385,,
1961-12-28,105.88067217192967,,
1961-12-29,105.90111640289548,,
1962-01-01,100.67599065268078,,
1962-01-02,100.69637040787363,,
1962-01-03,100.7167501630665,,
1962-01-04,100.73712991825934,,
1962-01-05,100.7575096734522,,
1962-01-08,100.77788942864505,,
1962-01-09,100.79826918383792,,
1962-01-10,100.81864893903077,,
1962-01-11,100.83902869422361,,
1962-01-12,100.85940844941648,,
1962-01-15,100.87978820460933,,
1962-01-16,100.90016795980219,,
1962-01-17,100.92054771499504,,
1962-01-18,100.9409274701879,,
1962-01-19,100.96130722538072,,
1962-01-22,100.98168698057357,,
1962-01-23,101.00206673576643,,
1962-01-24,101.02244649095928,,
1962-01-25,101.04282624615213,,
1962-01-26,101.06320600134495,,
1962-01-29,101.0835857565378,,
1962-01-30,101.10396551173065,,
1962-01-31,101.12434526692347,,
1962-02-01,101.14472502211633,,
1962-02-02,101.16510477730918,,
1962-02-05,101.18548453250204,,
1962-02-06,101.2058642876949,,
1962-02-07,101.22624404288771,,
1962-02-08,101.24662379808058,,
1962-02-09,101.26700355327343,,
1962-02-12,101.28738330846629,,
1962-02-13,101.30776306365914,,
1962-02-14,101.328142818852,,
1962-02-15,101.34852257404485,,
1962-02-16,101.3689023292377,,
1962-02-19,101.38928208443055,,
1962-02-20,101.40966183962338,,
1962-02-21,101.43004159481626,,
1962-02-22,101.4504213500091,,
1962-02-23,101.47080110520194,,
1962-02-26,101.49118086039482,,
1962-02-27,101.51156061558765,,
1962-02-28,101.53194037078053,,
1962-03-01,101.55232012597335,,
1962-03-02,101.57269988116622,,
1962-03-05,101.59307963635906,,
1962-03-06,101.61345939155191,,
1962-03-07,101.63383914674475,,
1962-03-08,101.6542189019376,,
1962-03-09,101.67459865713046,,
1962-03-12,101.69497841232331,,
1962-03-13,101.71535816751617,,
1962-03-14,101.73573792270902,,
1962-03-15,101.75611767790187,,
1962-03-16,101.77649743309472,,
1962-03-19,101.79687718828757,,
1962-03-20,101.81725694348043,,
1962-03-21,101.83763669867325,,
1962-03-22,101.85801645386611,,
1962-03-23,101.87839620905896,,
1962-03-26,101.89877596425181,,
1962-03-27,101.91915571944467,,
1962-03-28,101.93953547463752,,
1962-03-29,101.95991522983039,,
1962-03-30,101.98029498502324,,
1962-04-02,102.0006747402161,,
1962-04-03,102.02105449540892,,
1962-04-04,102.04143425060177,,
1962-04-05,102.06181400579464,,
1962-04-06,102.08219376098747,,
1962-04-09,102.10257351618033,,
1962-04-10,102.12295327137318,,
1962-04-11,102.14333302656601,,
1962-04-12,102.16371278175889,,
1962-04-13,102.18409253695174,,
1962-04-16,102.2044722921446,,
1962-04-17,102.22485204733745,,
1962-04-18,102.24523180253031,,
1962-04-19,102.26561155772313,,
1962-04-20,102.28599131291598,,
1962-04-23,102.30637106810883,,
1962-04-24,102.32675082330167,,
1962-04-25,102.34713057849454,,
1962-04-26,102.36751033368738,,
1962-04-27,102.38789008888025,,
1962-04-30,102.40826984407309,,
1962-05-01,102.42864959926594,,
1962-05-02,102.44902935445882,,
1962-05-03,102.46940910965165,,
1962-05-04,102.48978886484453,,
1962-05-07,102.51016862003735,,
1962-05-08,102.5305483752302,,
1962-05-09,102.55092813042306,,
1962-05-10,102.57130788561591,,
1962-05-11,102.59168764080877,,
1962-05-14,102.61206739600162,,
1962-05-15,102.63244715119446,,
1962-05-16,102.6528269063873,,
1962-05-17,102.67320666158015,,
1962-05-18,102.69358641677302,,
1962-05-21,102.71396617196586,,
1962-05-22,102.73434592715873,,
1962-05-23,102.75472568235158,,
1962-05-24,102.77510543754443,,
1962-05-25,102.79548519273727,,
1962-05-28,102.81586494793011,,
1962-05-29,102.83624470312296,,
1962-05-30,102.8566244583158,,
1962-05-31,102.87700421350867,,
1962-06-01,102.89738396870152,,
1962-06-04,102.91776372389438,,
1962-06-05,102.93814347908723,,
1962-06-06,102.95852323428008,,
1962-06-07,102.97890298947294,,
1962-06-08,102.99928274466579,,
1962-06-11,103.01966249985865,,
1962-06-12,103.0400422550515,,
1962-06-13,103.06042201024437,,
1962-06-14,103.08080176543722,,
1962-06-15,103.10118152063006,,
1962-06-18,103.12156127582293,,
1962-06-19,103.14194103101578,,
1962-06-20,103.16232078620864,,
1962-06-21,103.18270054140146,,
1962-06-22,103.20308029659428,,
1962-06-25,103.22346005178716,,
1962-06-26,103.24383980697999,,
1962-06-27,103.26421956217284,,
1962-06-28,103.28459931736569,,
1962-06-29,103.30497907255855,,
1962-07-02,103.3253588277514,,
1962-07-03,103.34573858294425,,
1962-07-04,103.36611833813708,,
1962-07-05,103.38649809332993,,
1962-07-06,103.40687784852278,,
1962-07-09,103.4272576037156,,
1962-07-10,103.44763735890848,,
1962-07-11,103.46801711410131,,
1962-07-12,103.48839686929414,,
1962-07-13,103.50877662448701,,
1962-07-16,103.52915637967985,,
1962-07-17,103.54953613487272,,
1962-07-18,103.56991589006557,,
1962-07-19,103.59029564525841,,
1962-07-20,103.61067540045129,,
1962-07-23,103.6310551556441,,
1962-07-24,103.65143491083697,,
1962-07-25,103.67181466602982,,
1962-07-26,103.69219442122268,,
1962-07-27,103.71257417641553,,
1962-07-30,103.73295393160838,,
1962-07-31,103.75333368680121,,
1962-08-01,103.77371344199406,,
1962-08-02,103.79409319718692,,
1962-08-03,103.81447295237976,,
1962-08-06,103.83485270757262,,
1962-08-07,103.85523246276547,,
1962-08-08,103.87561221795832,,
1962-08-09,103.89599197315118,,
1962-08-10,103.91637172834403,,
1962-08-13,103.93675148353687,,
1962-08-14,103.95713123872969,,
1962-08-15,103.97751099392256,,
1962-08-16,103.99789074911541,,
1962-08-17,104.01827050430825,,
1962-08-20,104.03865025950113,,
1962-08-21,104.05903001469396,,
1962-08-22,104.07940976988684,,
1962-08-23,104.09978952507967,,
1962-08-24,104.12016928027255,,
1962-08-27,104.1405490354654,,
1962-08-28,104.16092879065822,,
1962-08-29,104.18130854585108,,
1962-08-30,104.2016883010439,,
1962-08-31,104.22206805623675,,
1962-09-03,104.2424478114296,,
1962-09-04,104.26282756662242,,
1962-09-05,104.28320732181527,,
1962-09-06,104.3035870770081,,
1962-09-07,104.32396683220098,,
1962-09-10,104.34434658739382,,
1962-09-11,104.36472634258666,,
1962-09-12,104.38510609777948,,
1962-09-13,104.40548585297233,,
1962-09-14,104.4258656081652,,
1962-09-17,104.44624536335805,,
1962-09-18,104.46662511855092,,
1962-09-19,104.48700487374376,,
1962-09-20,104.50738462893663,,
1962-09-21,104.52776438412947,,
1962-09-24,104.54814413932232,,
1962-09-25,104.56852389451517,,
1962-09-26,104.58890364970802,,
1962-09-27,104.60928340490085,,
1962-09-28,104.6296631600937,,
1962-10-01,104.65004291528655,,
1962-10-02,104.67042267047941,,
1962-10-03,104.69080242567226,,
1962-10-04,104.71118218086512,,
1962-10-05,104.73156193605797,,
1962-10-08,104.75194169125082,,
1962-10-09,104.77232144644366,,
1962-10-10,104.79270120163649,,
1962-10-11,104.81308095682935,,
1962-10-12,104.8334607120222,,
1962-10-15,104.85384046721506,,
1962-10-16,104.87422022240791,,
1962-10-17,104.89459997760076,,
1962-10-18,104.9149797327936,,
1962-10-19,104.93535948798642,,
1962-10-22,104.9557392431793,,
1962-10-23,104.97611899837213,,
1962-10-24,104.996498753565,,
1962-10-25,105.01687850875783,,
1962-10-26,105.03725826395069,,
1962-10-29,105.05763801914354,,
1962-10-30,105.07801777433636,,
1962-10-31,105.09839752952924,,
1962-11-01,105.11877728472207,,
1962-11-02,105.13915703991492,,
1962-11-05,105.15953679510777,,
1962-11-06,105.17991655030063,,
1962-11-07,105.20029630549348,,
1962-11-08,105.22067606068633,,
1962-11-09,105.24105581587919,,
1962-11-12,105.26143557107204,,
1962-11-13,105.2818153262649,,
1962-11-14,105.30219508145775,,
1962-11-15,105.3225748366506,,
1962-11-16,105.34295459184347,,
1962-11-19,105.36333434703631,,
1962-11-20,105.38371410222918,,
1962-11-21,105.40409385742203,,
1962-11-22,105.42447361261489,,
1962-11-23,105.44485336780771,,
1962-11-26,105.46523312300056,,
1962-11-27,105.48561287819342,,
1962-11-28,105.50599263338627,,
1962-11-29,105.52637238857913,,
1962-11-30,105.54675214377198,,
1962-12-03,105.56713189896483,,
1962-12-04,105.58751165415768,,
1962-12-05,105.60789140935051,,
1962-12-06,105.62827116454339,,
1962-12-07,105.64865091973623,,
1962-12-10,105.6690306749291,,
1962-12-11,105.68941043012194,,
1962-12-12,105.70979018531479,,
1962-12-13,105.73016994050765,,
1962-12-14,105.7505496957005,,
1962-12-17,105.77092945089336,,
1962-12-18,105.79130920608621,,
1962-12-19,105.81168896127909,,
1962-12-20,105.83206871647192,,
1962-12-21,105.85244847166477,,
1962-12-24,105.87282822685764,,
1962-12-25,105.89320798205048,,
1962-12-26,105.91358773724335,,
1962-12-27,105.9339674924362,,
1962-12-28,105.95434724762904,,
1962-12-31,105.97472700282187,,
1963-01-01,100.5827505594407,,
1963-01-02,100.60311144012076,,
1963-01-03,100.6234723208008,,
1963-01-04,100.64383320148085,,
1963-01-07,100.66419408216089,,
1963-01-08,100.68455496284095,,
1963-01-09,100.704915843521,,
1963-01-10,100.72527672420104,,
1963-01-11,100.74563760488108,,
1963-01-14,100.76599848556114,,
1963-01-15,100.78635936624119,,
1963-01-16,100.80672024692123,,
1963-01-17,100.82708112760128,,
1963-01-18,100.84744200828133,,
1963-01-21,100.86780288896138,,
1963-01-22,100.88816376964142,,
1963-01-23,100.90852465032147,,
1963-01-24,100.92888553100153,,
1963-01-25,100.94924641168157,,
1963-01-28,100.96960729236162,,
1963-01-29,100.98996817304166,,
1963-01-30,101.01032905372172,,
1963-01-31,101.03068993440176,,
1963-02-01,101.05105081508181,,
1963-02-04,101.07141169576185,,
1963-02-05,101.09177257644191,,
1963-02-06,101.11213345712196,,
1963-02-07,101.132494337802,,
1963-02-08,101.15285521848205,,
1963-02-11,101.1732160991621,,
1963-02-12,101.19357697984215,,
1963-02-13,101.2139378605222,,
1963-02-14,101.23429874120224,,
1963-02-15,101.2546596218823,,
1963-02-18,101.27502050256234,,
1963-02-19,101.29538138324239,,
1963-02-20,101.31574226392243,,
1963-02-21,101.33610314460249,,
1963-02-22,101.35646402528253,,
1963-02-25,101.37682490596258,,
1963-02-26,101.39718578664262,,
1963-02-27,101.41754666732268,,
1963-02-28,101.43790754800273,,
1963-03-01,101.45826842868277,,
1963-03-04,101.47862930936282,,
1963-03-05,101.49899019004287,,
1963-03-06,101.51935107072292,,
1963-03-07,101.53971195140296,,
1963-03-08,101.56007283208301,,
1963-03-11,101.58043371276308,,
1963-03-12,101.60079459344314,,
1963-03-13,101.62115547412319,,
1963-03-14,101.64151635480323,,
1963-03-15,101.66187723548327,,
1963-03-18,101.68223811616332,,
1963-03-19,101.70259899684338,,
1963-03-20,101.72295987752342,,
1963-03-21,101.74332075820347,,
1963-03-22,101.76368163888353,,
1963-03-25,101.78404251956357,,
1963-03-26,101.80440340024361,,
1963-03-27,101.82476428092366,,
1963-03-28,101.8451251616037,,
1963-03-29,101.86548604228376,,
1963-04-01,101.88584692296381,,
1963-04-02,101.90620780364385,,
1963-04-03,101.92656868432391,,
1963-04-04,101.94692956500396,,
1963-04-05,101.967290445684,,
1963-04-08,101.98765132636404,,
1963-04-09,102.00801220704409,,
1963-04-10,102.02837308772415,,
1963-04-11,102.04873396840419,,
1963-04-12,102.06909484908424,,
1963-04-15,102.0894557297643,,
1963-04-16,102.10981661044434,,
1963-04-17,102.13017749112439,,
1963-04-18,102.15053837180443,,
1963-04-19,102.17089925248447,,
1963-04-22,102.19126013316453,,
1963-04-23,102.21162101384458,,
1963-04-24,102.23198189452462,,
1963-04-25,102.25234277520468,,
1963-04-26,102.27270365588473,,
1963-04-29,102.2930645365648,,
1963-04-30,102.31342541724484,,
1963-05-01,102.33378629792489,,
1963-05-02,102.35414717860493,,
1963-05-03,102.37450805928499,,
1963-05-06,102.39486893996504,,
1963-05-07,102.41522982064508,,
1963-05-08,102.43559070132513,,
1963-05-09,102.45595158200518,,
1963-05-10,102.47631246268523,,
1963-05-13,102.49667334336527,,
1963-05-14,102.51703422404532,,
1963-05-15,102.53739510472538,,
1963-05-16,102.55775598540542,,
1963-05-17,102.57811686608547,,
1963-05-20,102.59847774676551,,
1963-05-21,102.61883862744557,,
1963-05-22,102.63919950812561,,
1963-05-23,102.65956038880566,,
1963-05-24,102.6799212694857,,
1963-05-27,102.70028215016576,,
1963-05-28,102.7206430308458,,
1963-05-29,102.74100391152585,,
1963-05-30,102.7613647922059,,
1963-05-31,102.78172567288595,,
1963-06-03,102.802086553566,,
1963-06-04,102.82244743424604,,
1963-06-05,102.84280831492609,,
1963-06-06,102.86316919560615,,
1963-06-07,102.88353007628619,,
1963-06-10,102.90389095696624,,
1963-06-11,102.92425183764628,,
1963-06-12,102.94461271832634,,
1963-06-13,102.96497359900638,,
1963-06-14,102.98533447968643,,
1963-06-17,103.00569536036647,,
1963-06-18,103.02605624104653,,
1963-06-19,103.04641712172659,,
1963-06-20,103.06677800240665,,
1963-06-21,103.0871388830867,,
1963-06-24,103.10749976376674,,
1963-06-25,103.12786064444678,,
1963-06-26,103.14822152512684,,
1963-06-27,103.16858240580689,,
1963-06-28,103.18894328648693,,
1963-07-01,103.20930416716698,,
1963-07-02,103.22966504784704,,
1963-07-03,103.2500259285271,,
1963-07-04,103.27038680920715,,
1963-07-05,103.2907476898872,,
1963-07-08,103.31110857056724,,
1963-07-09,103.33146945124729,,
1963-07-10,103.35183033192736,,
1963-07-11,103.37219121260742,,
1963-07-12,103.39255209328746,,
1963-07-15,103.41291297396751,,
1963-07-16,103.43327385464755,,
1963-07-17,103.4536347353276,,
1963-07-18,103.47399561600766,,
1963-07-19,103.4943564966877,,
1963-07-22,103.51471737736775,,
1963-07-23,103.5350782580478,,
1963-07-24,103.55543913872785,,
1963-07-25,103.5758000194079,,
1963-07-26,103.59616090008797,,
1963-07-29,103.61652178076801,,
1963-07-30,103.63688266144806,,
1963-07-31,103.65724354212811,,
1963-08-01,103.67760442280816,,
1963-08-02,103.6979653034882,,
1963-08-05,103.71832618416825,,
1963-08-06,103.7386870648483,,
1963-08-07,103.75904794552835,,
1963-08-08,103.7794088262084,,
1963-08-09,103.79976970688844,,
1963-08-12,103.8201305875685,,
1963-08-13,103.84049146824854,,
1963-08-14,103.86085234892859,,
1963-08-15,103.88121322960863,,
1963-08-16,103.90157411028869,,
1963-08-19,103.92193499096874,,
1963-08-20,103.94229587164881,,
1963-08-21,103.96265675232885,,
1963-08-22,103.9830176330089,,
1963-08-23,104.00337851368894,,
1963-08-26,104.023739394369,,
1963-08-27,104.04410027504905,,
1963-08-28,104.06446115572909,,
1963-08-29,104.08482203640914,,
1963-08-30,104.1051829170892,,
1963-09-02,104.12554379776924,,
1963-09-03,104.14590467844928,,
1963-09-04,104.16626555912933,,
1963-09-05,104.18662643980939,,
1963-09-06,104.20698732048943,,
1963-09-09,104.22734820116948,,
1963-09-10,104.24770908184952,,
1963-09-11,104.26806996252958,,
1963-09-12,104.28843084320962,,
1963-09-13,104.30879172388967,,
1963-09-16,104.32915260456971,,
1963-09-17,104.34951348524977,,
1963-09-18,104.36987436592982,,
1963-09-19,104.39023524660986,,
1963-09-20,104.4105961272899,,
1963-09-23,104.43095700796998,,
1963-09-24,104.45131788865002,,
1963-09-25,104.47167876933008,,
1963-09-26,104.49203965001013,,
1963-09-27,104.51240053069017,,
1963-09-30,104.53276141137022,,
1963-10-01,104.55312229205028,,
1963-10-02,104.57348317273032,,
1963-10-03,104.59384405341036,,
1963-10-04,104.61420493409041,,
1963-10-07,104.63456581477047,,
1963-10-08,104.65492669545051,,
1963-10-09,104.67528757613056,,
1963-10-10,104.6956484568106,,
1963-10-11,104.71600933749066,,
1963-10-14,104.7363702181707,,
1963-10-15,104.75673109885075,,
1963-10-16,104.7770919795308,,
1963-10-17,104.79745286021085,,
1963-10-18,104.8178137408909,,
1963-10-21,104.83817462157094,,
1963-10-22,104.85853550225099,,
1963-10-23,104.87889638293105,,
1963-10-24,104.89925726361109,,
1963-10-25,104.91961814429114,,
1963-10-28,104.93997902497118,,
1963-10-29,104.96033990565124,,
1963-10-30,104.98070078633128,,
1963-10-31,105.00106166701133,,
1963-11-01,105.02142254769137,,
1963-11-04,105.04178342837143,,
1963-11-05,105.06214430905148,,
1963-11-06,105.08250518973152,,
1963-11-07,105.10286607041157,,
1963-11-08,105.12322695109162,,
1963-11-11,105.14358783177167,,
1963-11-12,105.16394871245171,,
1963-11-13,105.18430959313176,,
1963-11-14,105.20467047381182,,
1963-11-15,105.22503135449186,,
1963-11-18,105.2453922351719,,
1963-11-19,105.26575311585195,,
1963-11-20,105.28611399653201,,
1963-11-21,105.30647487721205,,
1963-11-22,105.3268357578921,,
1963-11-25,105.34719663857214,,
1963-11-26,105.3675575192522,,
1963-11-27,105.38791839993226,,
1963-11-28,105.40827928061232,,
1963-11-29,105.42864016129236,,
1963-12-02,105.44900104197241,,
1963-12-03,105.46936192265247,,
1963-12-04,105.48972280333251,,
1963-12-05,105.51008368401256,,
1963-12-06,105.5304445646926,,
1963-12-09,105.55080544537265,,
1963-12-10,105.5711663260527,,
1963-12-11,105.59152720673275,,
1963-12-12,105.6118880874128,,
1963-12-13,105.63224896809285,,
1963-12-16,105.6526098487729,,
1963-12-17,105.67297072945294,,
1963-12-18,105.69333161013299,,
1963-12-19,105.71369249081303,,
1963-12-20,105.73405337149309,,
1963-12-23,105.75441425217313,,
1963-12-24,105.77477513285318,,
1963-12-25,105.79513601353324,,
1963-12-26,105.81549689421328,,
1963-12-27,105.83585777489333,,
1963-12-30,105.85621865557337,,
1963-12-31,105.87657953625342,,
1964-01-01,100.58275055944077,,
1964-01-02,100.60303342908372,,
1964-01-03,100.62331629872668,,
1964-01-06,100.64359916836965,,
1964-01-07,100.6638820380126,,
1964-01-08,100.68416490765554,,
1964-01-09,100.7044477772985,,
1964-01-10,100.72473064694148,,
1964-01-13,100.74501351658445,,
1964-01-14,100.7652963862274,,
1964-01-15,100.78557925587035,,
1964-01-16,100.8058621255133,,
1964-01-17,100.82614499515626,,
1964-01-20,100.84642786479922,,
1964-01-21,100.86671073444218,,
1964-01-22,100.88699360408515,,
1964-01-23,100.90727647372813,,
1964-01-24,100.9275593433711,,
1964-01-27,100.94784221301406,,
1964-01-28,100.96812508265702,,
1964-01-29,100.98840795229998,,
1964-01-30,101.00869082194295,,
1964-01-31,101.0289736915859,,
1964-02-03,101.04925656122887,,
1964-02-04,101.06953943087184,,
1964-02-05,101.08982230051483,,
1964-02-06,101.11010517015775,,
1964-02-07,101.13038803980072,,
1964-02-10,101.15067090944369,,
1964-02-11,101.17095377908667,,
1964-02-12,101.19123664872961,,
1964-02-13,101.2115195183726,,
1964-02-14,101.23180238801555,,
1964-02-17,101.25208525765849,,
1964-02-18,101.27236812730143,,
1964-02-19,101.2926509969444,,
1964-02-20,101.31293386658737,,
1964-02-21,101.33321673623033,,
1964-02-24,101.35349960587328,,
1964-02-25,101.37378247551622,,
1964-02-26,101.39406534515918,,
1964-02-27,101.41434821480213,,
1964-02-28,101.43463108444506,,
1964-03-02,101.45491395408803,,
1964-03-03,101.47519682373101,,
1964-03-04,101.49547969337398,,
1964-03-05,101.51576256301693,,
1964-03-06,101.5360454326599,,
1964-03-09,101.55632830230287,,
1964-03-10,101.57661117194586,,
1964-03-11,101.5968940415888,,
1964-03-12,101.61717691123175,,
1964-03-13,101.63745978087474,,
1964-03-16,101.6577426505177,,
1964-03-17,101.67802552016063,,
1964-03-18,101.6983083898036,,
1964-03-19,101.71859125944658,,
1964-03-20,101.73887412908955,,
1964-03-23,101.75915699873248,,
1964-03-24,101.77943986837545,,
1964-03-25,101.79972273801843,,
1964-03-26,101.8200056076614,,
1964-03-27,101.84028847730436,,
1964-03-30,101.86057134694731,,
1964-03-31,101.88085421659025,,
1964-04-01,101.90113708623323,,
1964-04-02,101.92141995587617,,
1964-04-03,101.94170282551913,,
1964-04-06,101.96198569516208,,
1964-04-07,101.98226856480505,,
1964-04-08,102.00255143444801,,
1964-04-09,102.02283430409098,,
1964-04-10,102.04311717373396,,
1964-04-13,102.0634000433769,,
1964-04-14,102.08368291301986,,
1964-04-15,102.10396578266283,,
1964-04-16,102.12424865230578,,
1964-04-17,102.14453152194875,,
1964-04-20,102.16481439159169,,
1964-04-21,102.18509726123466,,
1964-04-22,102.20538013087763,,
1964-04-23,102.22566300052061,,
1964-04-24,102.24594587016354,,
1964-04-27,102.26622873980648,,
1964-04-28,102.28651160944946,,
1964-04-29,102.30679447909243,,
1964-04-30,102.32707734873536,,
1964-05-01,102.34736021837834,,
1964-05-04,102.36764308802131,,
1964-05-05,102.38792595766427,,
1964-05-06,102.4082088273072,,
1964-05-07,102.42849169695016,,
1964-05-08,102.44877456659312,,
1964-05-11,102.46905743623607,,
1964-05-12,102.48934030587904,,
1964-05-13,102.509623175522,,
1964-05-14,102.52990604516496,,
1964-05-15,102.55018891480792,,
1964-05-18,102.57047178445089,,
1964-05-19,102.59075465409386,,
1964-05-20,102.61103752373684,,
1964-05-21,102.63132039337978,,
1964-05-22,102.65160326302276,,
1964-05-25,102.67188613266572,,
1964-05-26,102.69216900230869,,
1964-05-27,102.71245187195161,,
1964-05-28,102.73273474159457,,
1964-05-29,102.75301761123752,,
1964-06-01,102.7733004808805,,
1964-06-02,102.79358335052345,,
1964-06-03,102.81386622016639,,
1964-06-04,102.83414908980937,,
1964-06-05,102.85443195945234,,
1964-06-08,102.87471482909527,,
1964-06-09,102.89499769873822,,
1964-06-10,102.91528056838119,,
1964-06-11,102.93556343802418,,
1964-06-12,102.95584630766712,,
1964-06-15,102.97612917731007,,
1964-06-16,102.99641204695304,,
1964-06-17,103.016694916596,,
1964-06-18,103.03697778623895,,
1964-06-19,103.05726065588192,,
1964-06-22,103.0775435255249,,
1964-06-23,103.09782639516787,,
1964-06-24,103.1181092648108,,
1964-06-25,103.13839213445377,,
1964-06-26,103.15867500409672,,
1964-06-29,103.17895787373969,,
1964-06-30,103.19924074338265,,
1964-07-01,103.2195236130256,,
1964-07-02,103.23980648266857,,
1964-07-03,103.26008935231155,,
1964-07-06,103.2803722219545,,
1964-07-07,103.30065509159748,,
1964-07-08,103.32093796124045,,
1964-07-09,103.34122083088342,,
1964-07-10,103.36150370052637,,
1964-07-13,103.38178657016934,,
1964-07-14,103.4020694398123,,
1964-07-15,103.42235230945525,,
1964-07-16,103.4426351790982,,
1964-07-17,103.46291804874117,,
1964-07-20,103.48320091838414,,
1964-07-21,103.50348378802711,,
1964-07-22,103.52376665767005,,
1964-07-23,103.54404952731302,,
1964-07-24,103.56433239695598,,
1964-07-27,103.58461526659895,,
1964-07-28,103.6048981362419,,
1964-07-29,103.62518100588487,,
1964-07-30,103.64546387552782,,
1964-07-31,103.6657467451708,,
1964-08-03,103.68602961481375,,
1964-08-04,103.70631248445672,,
1964-08-05,103.72659535409969,,
1964-08-06,103.74687822374267,,
1964-08-07,103.76716109338562,,
1964-08-10,103.7874439630286,,
1964-08-11,103.80772683267155,,
1964-08-12,103.82800970231452,,
1964-08-13,103.84829257195747,,
1964-08-14,103.86857544160044,,
1964-08-17,103.88885831124341,,
1964-08-18,103.9091411808864,,
1964-08-19,103.92942405052933,,
1964-08-20,103.94970692017229,,
1964-08-21,103.96998978981524,,
1964-08-24,103.99027265945821,,
1964-08-25,104.01055552910117,,
1964-08-26,104.03083839874414,,
1964-08-27,104.05112126838709,,
1964-08-28,104.07140413803005,,
1964-08-31,104.09168700767302,,
1964-09-01,104.11196987731599,,
1964-09-02,104.13225274695894,,
1964-09-03,104.15253561660191,,
1964-09-04,104.17281848624486,,
1964-09-07,104.19310135588782,,
1964-09-08,104.21338422553077,,
1964-09-09,104.2336670951737,,
1964-09-10,104.25394996481667,,
1964-09-11,104.27423283445962,,
1964-09-14,104.2945157041026,,
1964-09-15,104.31479857374555,,
1964-09-16,104.3350814433885,,
1964-09-17,104.35536431303146,,
1964-09-18,104.37564718267443,,
1964-09-21,104.39593005231735,,
1964-09-22,104.41621292196031,,
1964-09-23,104.43649579160328,,
1964-09-24,104.45677866124623,,
1964-09-25,104.47706153088916,,
1964-09-28,104.49734440053213,,
1964-09-29,104.51762727017511,,
1964-09-30,104.53791013981805,,
1964-10-01,104.558193009461,,
1964-10-02,104.57847587910396,,
1964-10-05,104.59875874874693,,
1964-10-06,104.6190416183899,,
1964-10-07,104.63932448803286,,
1964-10-08,104.65960735767581,,
1964-10-09,104.67989022731878,,
1964-10-12,104.70017309696173,,
1964-10-13,104.72045596660466,,
1964-10-14,104.74073883624762,,
1964-10-15,104.76102170589057,,
1964-10-16,104.78130457553351,,
1964-10-19,104.80158744517645,,
1964-10-20,104.82187031481942,,
1964-10-21,104.84215318446239,,
1964-10-22,104.86243605410537,,
1964-10-23,104.88271892374831,,
1964-10-26,104.90300179339127,,
1964-10-27,104.92328466303424,,
1964-10-28,104.94356753267722,,
1964-10-29,104.96385040232016,,
1964-10-30,104.98413327196315,,
1964-11-02,105.00441614160611,,
1964-11-03,105.02469901124908,,
1964-11-04,105.04498188089202,,
1964-11-05,105.065264750535,,
1964-11-06,105.08554762017796,,
1964-11-09,105.10583048982095,,
1964-11-10,105.12611335946389,,
1964-11-11,105.14639622910684,,
1964-11-12,105.16667909874981,,
1964-11-13,105.1869619683928,,
1964-11-16,105.20724483803572,,
1964-11-17,105.22752770767869,,
1964-11-18,105.24781057732164,,
1964-11-19,105.2680934469646,,
1964-11-20,105.28837631660754,,
1964-11-23,105.30865918625052,,
1964-11-24,105.32894205589346,,
1964-11-25,105.34922492553645,,
1964-11-26,105.3695077951794,,
1964-11-27,105.38979066482234,,
1964-11-30,105.4100735344653,,
1964-12-01,105.43035640410825,,
1964-12-02,105.45063927375118,,
1964-12-03,105.47092214339415,,
1964-12-04,105.49120501303713,,
1964-12-07,105.51148788268007,,
1964-12-08,105.53177075232303,,
1964-12-09,105.552053621966,,
1964-12-10,105.57233649160898,,
1964-12-11,105.59261936125195,,
1964-12-14,105.6129022308949,,
1964-12-15,105.63318510053786,,
1964-12-16,105.65346797018083,,
1964-12-17,105.67375083982378,,
1964-12-18,105.69403370946671,,
1964-12-21,105.71431657910966,,
1964-12-22,105.7345994487526,,
1964-12-23,105.75488231839556,,
1964-12-24,105.77516518803853,,
1964-12-25,105.79544805768151,,
1964-12-28,105.81573092732445,,
1964-12-29,105.83601379696744,,
1964-12-30,105.85629666661038,,
1964-12-31,105.87657953625333,,
1965-01-01,100.65268062937072,,
1965-01-04,100.67305566593538,,
1965-01-05,100.69343070250002,,
1965-01-06,100.7138057390647,,
1965-01-07,100.73418077562934,,
1965-01-08,100.75455581219398,,
1965-01-11,100.77493084875864,,
1965-01-12,100.79530588532329,,
1965-01-13,100.81568092188793,,
1965-01-14,100.83605595845258,,
1965-01-15,100.85643099501725,,
1965-01-18,100.87680603158189,,
1965-01-19,100.89718106814654,,
1965-01-20,100.91755610471115,,
1965-01-21,100.93793114127581,,
1965-01-22,100.95830617784047,,
1965-01-25,100.97868121440511,,
1965-01-26,100.99905625096979,,
1965-01-27,101.01943128753442,,
1965-01-28,101.03980632409906,,
1965-01-29,101.06018136066368,,
1965-02-01,101.08055639722832,,
1965-02-02,101.10093143379298,,
1965-02-03,101.1213064703576,,
1965-02-04,101.14168150692227,,
1965-02-05,101.16205654348691,,
1965-02-08,101.18243158005158,,
1965-02-09,101.2028066166162,,
1965-02-10,101.22318165318084,,
1965-02-11,101.24355668974552,,
1965-02-12,101.26393172631015,,
1965-02-15,101.2843067628748,,
1965-02-16,101.30468179943945,,
1965-02-17,101.32505683600412,,
1965-02-18,101.34543187256875,,
1965-02-19,101.3658069091334,,
1965-02-22,101.38618194569804,,
1965-02-23,101.40655698226271,,
1965-02-24,101.42693201882737,,
1965-02-25,101.447307055392,,
1965-02-26,101.46768209195668,,
1965-03-01,101.48805712852132,,
1965-03-02,101.50843216508598,,
1965-03-03,101.52880720165061,,
1965-03-04,101.54918223821525,,
1965-03-05,101.56955727477992,,
1965-03-08,101.58993231134457,,
1965-03-09,101.61030734790921,,
1965-03-10,101.63068238447386,,
1965-03-11,101.65105742103853,,
1965-03-12,101.67143245760317,,
1965-03-15,101.69180749416782,,
1965-03-16,101.71218253073246,,
1965-03-17,101.7325575672971,,
1965-03-18,101.75293260386175,,
1965-03-19,101.77330764042638,,
1965-03-22,101.79368267699105,,
1965-03-23,101.81405771355567,,
1965-03-24,101.83443275012034,,
1965-03-25,101.85480778668502,,
1965-03-26,101.87518282324966,,
1965-03-29,101.89555785981432,,
1965-03-30,101.91593289637896,,
1965-03-31,101.93630793294363,,
1965-04-01,101.95668296950828,,
1965-04-02,101.97705800607295,,
1965-04-05,101.9974330426376,,
1965-04-06,102.01780807920224,,
1965-04-07,102.03818311576691,,
1965-04-08,102.05855815233153,,
1965-04-09,102.0789331888962,,
1965-04-12,102.09930822546085,,
1965-04-13,102.11968326202552,,
1965-04-14,102.14005829859016,,
1965-04-15,102.1604333351548,,
1965-04-16,102.18080837171948,,
1965-04-19,102.20118340828412,,
1965-04-20,102.22155844484877,,
1965-04-21,102.2419334814134,,
1965-04-22,102.26230851797806,,
1965-04-23,102.28268355454271,,
1965-04-26,102.30305859110736,,
1965-04-27,102.32343362767202,,
1965-04-28,102.34380866423665,,
1965-04-29,102.36418370080132,,
1965-04-30,102.38455873736596,,
1965-05-03,102.40493377393061,,
1965-05-04,102.42530881049528,,
1965-05-05,102.44568384705993,,
1965-05-06,102.46605888362458,,
1965-05-07,102.48643392018921,,
1965-05-10,102.50680895675389,,
1965-05-11,102.52718399331853,,
1965-05-12,102.54755902988319,,
1965-05-13,102.56793406644785,,
1965-05-14,102.58830910301249,,
1965-05-17,102.60868413957714,,
1965-05-18,102.62905917614175,,
1965-05-19,102.64943421270642,,
1965-05-20,102.66980924927107,,
1965-05-21,102.69018428583574,,
1965-05-24,102.71055932240036,,
1965-05-25,102.73093435896502,,
1965-05-26,102.75130939552966,,
1965-05-27,102.7716844320943,,
1965-05-28,102.79205946865895,,
1965-05-31,102.81243450522356,,
1965-06-01,102.83280954178824,,
1965-06-02,102.85318457835288,,
1965-06-03,102.87355961491753,,
1965-06-04,102.89393465148218,,
1965-06-07,102.9143096880468,,
1965-06-08,102.93468472461147,,
1965-06-09,102.95505976117612,,
1965-06-10,102.97543479774079,,
1965-06-11,102.99580983430543,,
1965-06-14,103.01618487087009,,
1965-06-15,103.03655990743476,,
1965-06-16,103.05693494399941,,
1965-06-17,103.07730998056408,,
1965-06-18,103.09768501712873,,
1965-06-21,103.1180600536934,,
1965-06-22,103.13843509025801,,
1965-06-23,103.15881012682266,,
1965-06-24,103.17918516338732,,
1965-06-25,103.19956019995193,,
1965-06-28,103.21993523651658,,
1965-06-29,103.2403102730812,,
1965-06-30,103.26068530964588,,
1965-07-01,103.28106034621052,,
1965-07-02,103.30143538277518,,
1965-07-05,103.32181041933983,,
1965-07-06,103.34218545590446,,
1965-07-07,103.36256049246913,,
1965-07-08,103.38293552903374,,
1965-07-09,103.40331056559839,,
1965-07-12,103.42368560216303,,
1965-07-13,103.4440606387277,,
1965-07-14,103.46443567529235,,
1965-07-15,103.484810711857,,
1965-07-16,103.50518574842167,,
1965-07-19,103.52556078498631,,
1965-07-20,103.54593582155098,,
1965-07-21,103.56631085811563,,
1965-07-22,103.5866858946803,,
1965-07-23,103.60706093124494,,
1965-07-26,103.62743596780956,,
1965-07-27,103.64781100437423,,
1965-07-28,103.66818604093888,,
1965-07-29,103.68856107750352,,
1965-07-30,103.70893611406817,,
1965-08-02,103.72931115063282,,
1965-08-03,103.74968618719747,,
1965-08-04,103.77006122376208,,
1965-08-05,103.79043626032673,,
1965-08-06,103.81081129689136,,
1965-08-09,103.83118633345603,,
1965-08-10,103.85156137002068,,
1965-08-11,103.87193640658535,,
1965-08-12,103.89231144315,,
1965-08-13,103.91268647971464,,
1965-08-16,103.93306151627928,,
1965-08-17,103.95343655284393,,
1965-08-18,103.9738115894086,,
1965-08-19,103.99418662597321,,
1965-08-20,104.01456166253789,,
1965-08-23,104.03493669910253,,
1965-08-24,104.05531173566717,,
1965-08-25,104.07568677223185,,
1965-08-26,104.09606180879649,,
1965-08-27,104.11643684536114,,
1965-08-30,104.13681188192577,,
1965-08-31,104.15718691849042,,
1965-09-01,104.17756195505505,,
1965-09-02,104.1979369916197,,
1965-09-03,104.21831202818437,,
1965-09-06,104.23868706474899,,
1965-09-07,104.25906210131363,,
1965-09-08,104.27943713787829,,
1965-09-09,104.29981217444295,,
1965-09-10,104.32018721100759,,
1965-09-13,104.34056224757225,,
1965-09-14,104.3609372841369,,
1965-09-15,104.38131232070154,,
1965-09-16,104.4016873572662,,
1965-09-17,104.42206239383086,,
1965-09-20,104.4424374303955,,
1965-09-21,104.46281246696014,,
1965-09-22,104.48318750352482,,
1965-09-23,104.50356254008948,,
1965-09-24,104.52393757665412,,
1965-09-27,104.54431261321876,,
1965-09-28,104.5646876497834,,
1965-09-29,104.58506268634804,,
1965-09-30,104.60543772291268,,
1965-10-01,104.62581275947736,,
1965-10-04,104.64618779604203,,
1965-10-05,104.66656283260664,,
1965-10-06,104.68693786917129,,
1965-10-07,104.70731290573592,,
1965-10-08,104.72768794230056,,
1965-10-11,104.74806297886519,,
1965-10-12,104.76843801542984,,
1965-10-13,104.7888130519945,,
1965-10-14,104.80918808855913,,
1965-10-15,104.8295631251238,,
1965-10-18,104.84993816168844,,
1965-10-19,104.87031319825309,,
1965-10-20,104.89068823481773,,
1965-10-21,104.91106327138237,,
1965-10-22,104.93143830794705,,
1965-10-25,104.95181334451166,,
1965-10-26,104.97218838107634,,
1965-10-27,104.99256341764097,,
1965-10-28,105.01293845420561,,
1965-10-29,105.03331349077025,,
1965-11-01,105.0536885273349,,
1965-11-02,105.07406356389957,,
1965-11-03,105.09443860046422,,
1965-11-04,105.11481363702886,,
1965-11-05,105.13518867359349,,
1965-11-08,105.15556371015815,,
1965-11-09,105.17593874672279,,
1965-11-10,105.19631378328744,,
1965-11-11,105.21668881985207,,
1965-11-12,105.23706385641671,,
1965-11-15,105.25743889298136,,
1965-11-16,105.277813929546,,
1965-11-17,105.29818896611067,,
1965-11-18,105.3185640026753,,
1965-11-19,105.33893903923996,,
1965-11-22,105.3593140758046,,
1965-11-23,105.37968911236926,,
1965-11-24,105.40006414893392,,
1965-11-25,105.42043918549855,,
1965-11-26,105.44081422206321,,
1965-11-29,105.46118925862787,,
1965-11-30,105.48156429519253,,
1965-12-01,105.50193933175717,,
1965-12-02,105.52231436832184,,
1965-12-03,105.54268940488649,,
1965-12-06,105.56306444145112,,
1965-12-07,105.58343947801578,,
1965-12-08,105.60381451458044,,
1965-12-09,105.6241895511451,,
1965-12-10,105.64456458770974,,
1965-12-13,105.66493962427441,,
1965-12-14,105.68531466083905,,
1965-12-15,105.7056896974037,,
1965-12-16,105.72606473396837,,
1965-12-17,105.74643977053302,,
1965-12-20,105.76681480709769,,
1965-12-21,105.78718984366233,,
1965-12-22,105.807564880227,,
1965-12-23,105.82793991679166,,
1965-12-24,105.84831495335632,,
1965-12-27,105.86868998992098,,
1965-12-28,105.88906502648562,,
1965-12-29,105.90944006305027,,
1965-12-30,105.9298150996149,,
1965-12-31,105.95019013617957,,
1966-01-03,100.86247083916078,,
1966-01-04,100.88296717544188,,
1966-01-05,100.90346351172292,,
1966-01-06,100.923959848004,,
1966-01-07,100.94445618428509,,
1966-01-10,100.96495252056614,,
1966-01-11,100.98544885684721,,
1966-01-12,101.00594519312828,,
1966-01-13,101.02644152940934,,
1966-01-14,101.04693786569041,,
1966-01-17,101.06743420197148,,
1966-01-18,101.08793053825254,,
1966-01-19,101.1084268745336,,
1966-01-20,101.1289232108147,,
1966-01-21,101.14941954709577,,
1966-01-24,101.16991588337685,,
1966-01-25,101.19041221965794,,
1966-01-26,101.210908555939,,
1966-01-27,101.23140489222008,,
1966-01-28,101.25190122850118,,
1966-01-31,101.27239756478225,,
1966-02-01,101.29289390106335,,
1966-02-02,101.31339023734442,,
1966-02-03,101.33388657362549,,
1966-02-04,101.35438290990658,,
1966-02-07,101.37487924618765,,
1966-02-08,101.39537558246869,,
1966-02-09,101.41587191874977,,
1966-02-10,101.43636825503086,,
1966-02-11,101.45686459131194,,
1966-02-14,101.47736092759303,,
1966-02-15,101.4978572638741,,
1966-02-16,101.51835360015515,,
1966-02-17,101.53884993643622,,
1966-02-18,101.55934627271732,,
1966-02-21,101.57984260899839,,
1966-02-22,101.60033894527949,,
1966-02-23,101.62083528156056,,
1966-02-24,101.64133161784162,,
1966-02-25,101.66182795412269,,
1966-02-28,101.68232429040376,,
1966-03-01,101.70282062668481,,
1966-03-02,101.72331696296588,,
1966-03-03,101.74381329924695,,
1966-03-04,101.76430963552802,,
1966-03-07,101.7848059718091,,
1966-03-08,101.80530230809018,,
1966-03-09,101.82579864437122,,
1966-03-10,101.84629498065232,,
1966-03-11,101.86679131693339,,
1966-03-14,101.88728765321446,,
1966-03-15,101.90778398949554,,
1966-03-16,101.92828032577663,,
1966-03-17,101.94877666205768,,
1966-03-18,101.96927299833875,,
1966-03-21,101.98976933461985,,
1966-03-22,102.01026567090092,,
1966-03-23,102.03076200718199,,
1966-03-24,102.05125834346308,,
1966-03-25,102.07175467974412,,
1966-03-28,102.09225101602522,,
1966-03-29,102.11274735230631,,
1966-03-30,102.13324368858736,,
1966-03-31,102.15374002486843,,
1966-04-01,102.17423636114953,,
1966-04-04,102.1947326974306,,
1966-04-05,102.21522903371168,,
1966-04-06,102.23572536999276,,
1966-04-07,102.25622170627382,,
1966-04-08,102.27671804255489,,
1966-04-11,102.29721437883596,,
1966-04-12,102.31771071511702,,
1966-04-13,102.33820705139809,,
1966-04-14,102.35870338767916,,
1966-04-15,102.37919972396021,,
1966-04-18,102.39969606024128,,
1966-04-19,102.42019239652235,,
1966-04-20,102.44068873280344,,
1966-04-21,102.46118506908451,,
1966-04-22,102.4816814053656,,
1966-04-25,102.50217774164665,,
1966-04-26,102.52267407792772,,
1966-04-27,102.54317041420882,,
1966-04-28,102.56366675048987,,
1966-04-29,102.58416308677094,,
1966-05-02,102.60465942305201,,
1966-05-03,102.62515575933307,,
1966-05-04,102.64565209561415,,
1966-05-05,102.66614843189524,,
1966-05-06,102.68664476817631,,
1966-05-09,102.7071411044574,,
1966-05-10,102.72763744073848,,
1966-05-11,102.74813377701952,,
1966-05-12,102.7686301133006,,
1966-05-13,102.78912644958167,,
1966-05-16,102.80962278586274,,
1966-05-17,102.83011912214381,,
1966-05-18,102.85061545842488,,
1966-05-19,102.87111179470597,,
1966-05-20,102.89160813098704,,
1966-05-23,102.91210446726811,,
1966-05-24,102.93260080354918,,
1966-05-25,102.95309713983025,,
1966-05-26,102.97359347611135,,
1966-05-27,102.99408981239242,,
1966-05-30,103.01458614867349,,
1966-05-31,103.03508248495457,,
1966-06-01,103.05557882123564,,
1966-06-02,103.07607515751673,,
1966-06-03,103.09657149379781,,
1966-06-06,103.11706783007888,,
1966-06-07,103.13756416635995,,
1966-06-08,103.15806050264105,,
1966-06-09,103.17855683892212,,
1966-06-10,103.19905317520319,,
1966-06-13,103.21954951148426,,
1966-06-14,103.24004584776532,,
1966-06-15,103.26054218404641,,
1966-06-16,103.28103852032751,,
1966-06-17,103.30153485660858,,
1966-06-20,103.32203119288965,,
1966-06-21,103.34252752917072,,
1966-06-22,103.36302386545178,,
1966-06-23,103.38352020173286,,
1966-06-24,103.40401653801395,,
1966-06-27,103.42451287429499,,
1966-06-28,103.44500921057609,,
1966-06-29,103.46550554685716,,
1966-06-30,103.48600188313821,,
1966-07-01,103.50649821941929,,
1966-07-04,103.52699455570036,,
1966-07-05,103.54749089198143,,
1966-07-06,103.56798722826251,,
1966-07-07,103.58848356454358,,
1966-07-08,103.60897990082462,,
1966-07-11,103.6294762371057,,
1966-07-12,103.64997257338678,,
1966-07-13,103.67046890966787,,
1966-07-14,103.69096524594895,,
1966-07-15,103.71146158223002,,
1966-07-18,103.73195791851111,,
1966-07-19,103.75245425479216,,
1966-07-20,103.77295059107323,,
1966-07-21,103.79344692735431,,
1966-07-22,103.81394326363535,,
1966-07-25,103.83443959991642,,
1966-07-26,103.8549359361975,,
1966-07-27,103.87543227247855,,
1966-07-28,103.89592860875962,,
1966-07-29,103.91642494504072,,
1966-08-01,103.93692128132177,,
1966-08-02,103.95741761760284,,
1966-08-03,103.97791395388394,,
1966-08-04,103.99841029016498,,
1966-08-05,104.01890662644607,,
1966-08-08,104.03940296272714,,
1966-08-09,104.05989929900818,,
1966-08-10,104.08039563528926,,
1966-08-11,104.10089197157033,,
1966-08-12,104.1213883078514,,
1966-08-15,104.14188464413247,,
1966-08-16,104.16238098041354,,
1966-08-17,104.1828773166946,,
1966-08-18,104.20337365297567,,
1966-08-19,104.22386998925674,,
1966-08-22,104.2443663255378,,
1966-08-23,104.2648626618189,,
1966-08-24,104.28535899809998,,
1966-08-25,104.30585533438104,,
1966-08-26,104.3263516706621,,
1966-08-29,104.34684800694318,,
1966-08-30,104.36734434322423,,
1966-08-31,104.3878406795053,,
1966-09-01,104.40833701578637,,
1966-09-02,104.42883335206743,,
1966-09-05,104.44932968834853,,
1966-09-06,104.46982602462963,,
1966-09-07,104.49032236091067,,
1966-09-08,104.51081869719177,,
1966-09-09,104.53131503347284,,
1966-09-12,104.55181136975389,,
1966-09-13,104.57230770603499,,
1966-09-14,104.59280404231608,,
1966-09-15,104.61330037859713,,
1966-09-16,104.63379671487823,,
1966-09-19,104.6542930511593,,
1966-09-20,104.67478938744034,,
1966-09-21,104.69528572372143,,
1966-09-22,104.71578206000251,,
1966-09-23,104.73627839628357,,
1966-09-26,104.75677473256464,,
1966-09-27,104.77727106884574,,
1966-09-28,104.79776740512679,,
1966-09-29,104.81826374140786,,
1966-09-30,104.83876007768893,,
1966-10-03,104.85925641396999,,
1966-10-04,104.87975275025106,,
1966-10-05,104.90024908653214,,
1966-10-06,104.9207454228132,,
1966-10-07,104.94124175909427,,
1966-10-10,104.96173809537535,,
1966-10-11,104.9822344316564,,
1966-10-12,105.00273076793749,,
1966-10-13,105.02322710421859,,
1966-10-14,105.04372344049966,,
1966-10-17,105.06421977678073,,
1966-10-18,105.08471611306183,,
1966-10-19,105.1052124493429,,
1966-10-20,105.125708785624,,
1966-10-21,105.14620512190507,,
1966-10-24,105.16670145818611,,
1966-10-25,105.1871977944672,,
1966-10-26,105.20769413074827,,
1966-10-27,105.22819046702932,,
1966-10-28,105.24868680331039,,
1966-10-31,105.26918313959146,,
1966-11-01,105.2896794758725,,
1966-11-02,105.31017581215359,,
1966-11-03,105.33067214843466,,
1966-11-04,105.35116848471571,,
1966-11-07,105.37166482099678,,
1966-11-08,105.39216115727785,,
1966-11-09,105.41265749355892,,
1966-11-10,105.43315382984,,
1966-11-11,105.4536501661211,,
1966-11-14,105.47414650240216,,
1966-11-15,105.49464283868323,,
1966-11-16,105.51513917496433,,
1966-11-17,105.53563551124539,,
1966-11-18,105.55613184752647,,
1966-11-21,105.57662818380756,,
1966-11-22,105.5971245200886,,
1966-11-23,105.61762085636968,,
1966-11-24,105.63811719265075,,
1966-11-25,105.65861352893182,,
1966-11-28,105.6791098652129,,
1966-11-29,105.69960620149396,,
1966-11-30,105.72010253777503,,
1966-12-01,105.74059887405612,,
1966-12-02,105.76109521033719,,
1966-12-05,105.78159154661826,,
1966-12-06,105.80208788289933,,
1966-12-07,105.8225842191804,,
1966-12-08,105.84308055546146,,
1966-12-09,105.86357689174253,,
1966-12-12,105.8840732280236,,
1966-12-13,105.90456956430468,,
1966-12-14,105.92506590058576,,
1966-12-15,105.94556223686683,,
1966-12-16,105.96605857314792,,
1966-12-19,105.986554909429,,
1966-12-20,106.00705124571009,,
1966-12-21,106.02754758199116,,
1966-12-22,106.04804391827223,,
1966-12-23,106.06854025455333,,
1966-12-26,106.08903659083437,,
1966-12-27,106.10953292711547,,
1966-12-28,106.13002926339654,,
1966-12-29,106.15052559967762,,
1966-12-30,106.17102193595869,,
1967-01-02,100.8158507925407,,
1967-01-03,100.83633765512808,,
1967-01-04,100.85682451771547,,
1967-01-05,100.87731138030284,,
1967-01-06,100.89779824289022,,
1967-01-09,100.91828510547762,,
1967-01-10,100.93877196806503,,
1967-01-11,100.9592588306524,,
1967-01-12,100.97974569323978,,
1967-01-13,101.00023255582717,,
1967-01-16,101.02071941841457,,
1967-01-17,101.04120628100198,,
1967-01-18,101.06169314358937,,
1967-01-19,101.08218000617674,,
1967-01-20,101.10266686876415,,
1967-01-23,101.12315373135155,,
1967-01-24,101.14364059393893,,
1967-01-25,101.1641274565263,,
1967-01-26,101.18461431911368,,
1967-01-27,101.20510118170107,,
1967-01-30,101.22558804428846,,
1967-01-31,101.2460749068758,,
1967-02-01,101.26656176946318,,
1967-02-02,101.28704863205058,,
1967-02-03,101.30753549463797,,
1967-02-06,101.32802235722538,,
1967-02-07,101.34850921981278,,
1967-02-08,101.36899608240017,,
1967-02-09,101.38948294498758,,
1967-02-10,101.40996980757495,,
1967-02-13,101.43045667016236,,
1967-02-14,101.45094353274975,,
1967-02-15,101.47143039533715,,
1967-02-16,101.49191725792454,,
1967-02-17,101.51240412051192,,
1967-02-20,101.53289098309929,,
1967-02-21,101.55337784568668,,
1967-02-22,101.57386470827407,,
1967-02-23,101.59435157086148,,
1967-02-24,101.61483843344887,,
1967-02-27,101.63532529603627,,
1967-02-28,101.65581215862368,,
1967-03-01,101.67629902121107,,
1967-03-02,101.69678588379844,,
1967-03-03,101.71727274638585,,
1967-03-06,101.73775960897325,,
1967-03-07,101.75824647156064,,
1967-03-08,101.77873333414804,,
1967-03-09,101.79922019673542,,
1967-03-10,101.81970705932282,,
1967-03-13,101.8401939219102,,
1967-03-14,101.86068078449759,,
1967-03-15,101.88116764708496,,
1967-03-16,101.90165450967237,,
1967-03-17,101.92214137225977,,
1967-03-20,101.94262823484715,,
1967-03-21,101.96311509743452,,
1967-03-22,101.98360196002191,,
1967-03-23,102.00408882260932,,
1967-03-24,102.02457568519672,,
1967-03-27,102.0450625477841,,
1967-03-28,102.06554941037149,,
1967-03-29,102.08603627295886,,
1967-03-30,102.10652313554627,,
1967-03-31,102.12700999813364,,
1967-04-03,102.14749686072105,,
1967-04-04,102.16798372330844,,
1967-04-05,102.18847058589581,,
1967-04-06,102.20895744848322,,
1967-04-07,102.22944431107062,,
1967-04-10,102.24993117365801,,
1967-04-11,102.27041803624542,,
1967-04-12,102.29090489883279,,
1967-04-13,102.3113917614202,,
1967-04-14,102.33187862400759,,
1967-04-17,102.35236548659495,,
1967-04-18,102.37285234918234,,
1967-04-19,102.39333921176971,,
1967-04-20,102.41382607435709,,
1967-04-21,102.43431293694447,,
1967-04-24,102.45479979953186,,
1967-04-25,102.47528666211925,,
1967-04-26,102.49577352470665,,
1967-04-27,102.51626038729404,,
1967-04-28,102.53674724988144,,
1967-05-01,102.55723411246885,,
1967-05-02,102.57772097505624,,
1967-05-03,102.59820783764361,,
1967-05-04,102.61869470023102,,
1967-05-05,102.63918156281837,,
1967-05-08,102.65966842540577,,
1967-05-09,102.68015528799317,,
1967-05-10,102.70064215058056,,
1967-05-11,102.72112901316797,,
1967-05-12,102.74161587575537,,
1967-05-15,102.76210273834275,,
1967-05-16,102.78258960093014,,
1967-05-17,102.80307646351754,,
1967-05-18,102.82356332610492,,
1967-05-19,102.84405018869232,,
1967-05-22,102.86453705127971,,
1967-05-23,102.88502391386709,,
1967-05-24,102.90551077645449,,
1967-05-25,102.92599763904187,,
1967-05-26,102.94648450162924,,
1967-05-29,102.96697136421665,,
1967-05-30,102.98745822680402,,
1967-05-31,103.0079450893914,,
1967-06-01,103.02843195197877,,
1967-06-02,103.04891881456616,,
1967-06-05,103.06940567715357,,
1967-06-06,103.08989253974097,,
1967-06-07,103.11037940232836,,
1967-06-08,103.13086626491577,,
1967-06-09,103.15135312750317,,
1967-06-12,103.17183999009056,,
1967-06-13,103.19232685267794,,
1967-06-14,103.21281371526534,,
1967-06-15,103.23330057785272,,
1967-06-16,103.25378744044012,,
1967-06-19,103.27427430302751,,
1967-06-20,103.29476116561489,,
1967-06-21,103.31524802820229,,
1967-06-22,103.33573489078967,,
1967-06-23,103.35622175337707,,
1967-06-26,103.37670861596446,,
1967-06-27,103.39719547855184,,
1967-06-28,103.41768234113924,,
1967-06-29,103.43816920372663,,
1967-06-30,103.45865606631403,,
1967-07-03,103.47914292890141,,
1967-07-04,103.49962979148879,,
1967-07-05,103.52011665407619,,
1967-07-06,103.54060351666357,,
1967-07-07,103.56109037925097,,
1967-07-10,103.58157724183836,,
1967-07-11,103.60206410442576,,
1967-07-12,103.62255096701314,,
1967-07-13,103.64303782960052,,
1967-07-14,103.66352469218792,,
1967-07-17,103.68401155477531,,
1967-07-18,103.70449841736271,,
1967-07-19,103.7249852799501,,
1967-07-20,103.74547214253751,,
1967-07-21,103.76595900512488,,
1967-07-24,103.78644586771229,,
1967-07-25,103.80693273029968,,
1967-07-26,103.82741959288708,,
1967-07-27,103.84790645547446,,
1967-07-28,103.86839331806186,,
1967-07-31,103.88888018064925,,
1967-08-01,103.90936704323666,,
1967-08-02,103.92985390582403,,
1967-08-03,103.95034076841144,,
1967-08-04,103.97082763099883,,
1967-08-07,103.99131449358623,,
1967-08-08,104.0118013561736,,
1967-08-09,104.03228821876098,,
1967-08-10,104.05277508134836,,
1967-08-11,104.07326194393573,,
1967-08-14,104.09374880652314,,
1967-08-15,104.11423566911053,,
1967-08-16,104.13472253169793,,
1967-08-17,104.15520939428531,,
1967-08-18,104.17569625687271,,
1967-08-21,104.1961831194601,,
1967-08-22,104.21666998204748,,
1967-08-23,104.23715684463488,,
1967-08-24,104.25764370722229,,
1967-08-25,104.27813056980968,,
1967-08-28,104.29861743239708,,
1967-08-29,104.31910429498446,,
1967-08-30,104.33959115757186,,
1967-08-31,104.36007802015925,,
1967-09-01,104.38056488274665,,
1967-09-04,104.40105174533403,,
1967-09-05,104.42153860792143,,
1967-09-06,104.44202547050881,,
1967-09-07,104.46251233309619,,
1967-09-08,104.48299919568358,,
1967-09-11,104.50348605827098,,
1967-09-12,104.52397292085836,,
1967-09-13,104.54445978344573,,
1967-09-14,104.56494664603314,,
1967-09-15,104.58543350862051,,
1967-09-18,104.6059203712079,,
1967-09-19,104.6264072337953,,
1967-09-20,104.64689409638271,,
1967-09-21,104.66738095897009,,
1967-09-22,104.68786782155748,,
1967-09-25,104.70835468414488,,
1967-09-26,104.72884154673226,,
1967-09-27,104.74932840931966,,
1967-09-28,104.76981527190705,,
1967-09-29,104.79030213449445,,
1967-10-02,104.81078899708184,,
1967-10-03,104.83127585966925,,
1967-10-04,104.85176272225662,,
1967-10-05,104.872249584844,,
1967-10-06,104.8927364474314,,
1967-10-09,104.9132233100188,,
1967-10-10,104.9337101726062,,
1967-10-11,104.9541970351936,,
1967-10-12,104.97468389778098,,
1967-10-13,104.99517076036835,,
1967-10-16,105.01565762295574,,
1967-10-17,105.03614448554313,,
1967-10-18,105.05663134813051,,
1967-10-19,105.0771182107179,,
1967-10-20,105.0976050733053,,
1967-10-23,105.11809193589269,,
1967-10-24,105.1385787984801,,
1967-10-25,105.15906566106747,,
1967-10-26,105.17955252365485,,
1967-10-27,105.20003938624225,,
1967-10-30,105.22052624882964,,
1967-10-31,105.24101311141705,,
1967-11-01,105.26149997400442,,
1967-11-02,105.28198683659183,,
1967-11-03,105.30247369917922,,
1967-11-06,105.32296056176662,,
1967-11-07,105.34344742435403,,
1967-11-08,105.3639342869414,,
1967-11-09,105.38442114952879,,
1967-11-10,105.40490801211617,,
1967-11-13,105.42539487470354,,
1967-11-14,105.44588173729093,,
1967-11-15,105.46636859987831,,
1967-11-16,105.4868554624657,,
1967-11-17,105.50734232505307,,
1967-11-20,105.52782918764048,,
1967-11-21,105.54831605022787,,
1967-11-22,105.56880291281527,,
1967-11-23,105.58928977540265,,
1967-11-24,105.60977663799002,,
1967-11-27,105.63026350057743,,
1967-11-28,105.65075036316483,,
1967-11-29,105.67123722575221,,
1967-11-30,105.6917240883396,,
1967-12-01,105.71221095092697,,
1967-12-04,105.73269781351435,,
1967-12-05,105.75318467610172,,
1967-12-06,105.77367153868913,,
1967-12-07,105.79415840127653,,
1967-12-08,105.81464526386392,,
1967-12-11,105.8351321264513,,
1967-12-12,105.85561898903867,,
1967-12-13,105.87610585162605,,
1967-12-14,105.89659271421345,,
1967-12-15,105.91707957680083,,
1967-12-18,105.93756643938823,,
1967-12-19,105.95805330197562,,
1967-12-20,105.97854016456303,,
1967-12-21,105.9990270271504,,
1967-12-22,106.01951388973778,,
1967-12-25,106.04000075232518,,
1967-12-26,106.06048761491257,,
1967-12-27,106.08097447749998,,
1967-12-28,106.10146134008735,,
1967-12-29,106.12194820267476,,
1968-01-01,100.27972025641047,,
1968-01-02,100.2999420189143,,
1968-01-03,100.3201637814181,,
1968-01-04,100.34038554392193,,
1968-01-05,100.36060730642573,,
1968-01-08,100.38082906892956,,
1968-01-09,100.40105083143335,,
1968-01-10,100.42127259393719,,
1968-01-11,100.44149435644098,,
1968-01-12,100.46171611894479,,
1968-01-15,100.48193788144859,,
1968-01-16,100.5021596439524,,
1968-01-17,100.52238140645619,,
1968-01-18,100.54260316896003,,
1968-01-19,100.56282493146382,,
1968-01-22,100.58304669396765,,
1968-01-23,100.60326845647145,,
1968-01-24,100.62349021897528,,
1968-01-25,100.64371198147907,,
1968-01-26,100.66393374398291,,
1968-01-29,100.6841555064867,,
1968-01-30,100.70437726899053,,
1968-01-31,100.72459903149434,,
1968-02-01,100.74482079399816,,
1968-02-02,100.76504255650195,,
1968-02-05,100.78526431900579,,
1968-02-06,100.80548608150959,,
1968-02-07,100.82570784401341,,
1968-02-08,100.84592960651722,,
1968-02-09,100.86615136902104,,
1968-02-12,100.88637313152485,,
1968-02-13,100.90659489402867,,
1968-02-14,100.92681665653247,,
1968-02-15,100.94703841903629,,
1968-02-16,100.9672601815401,,
1968-02-19,100.98748194404392,,
1968-02-20,101.00770370654773,,
1968-02-21,101.02792546905155,,
1968-02-22,101.04814723155535,,
1968-02-23,101.06836899405917,,
1968-02-26,101.08859075656298,,
1968-02-27,101.1088125190668,,
1968-02-28,101.12903428157061,,
1968-02-29,101.14925604407443,,
1968-03-01,101.16947780657823,,
1968-03-04,101.18969956908205,,
1968-03-05,101.20992133158586,,
1968-03-06,101.23014309408968,,
1968-03-07,101.25036485659349,,
1968-03-08,101.27058661909732,,
1968-03-11,101.29080838160111,,
1968-03-12,101.31103014410495,,
1968-03-13,101.33125190660874,,
1968-03-14,101.35147366911256,,
1968-03-15,101.37169543161637,,
1968-03-18,101.39191719412017,,
1968-03-19,101.412138956624,,
1968-03-20,101.4323607191278,,
1968-03-21,101.45258248163162,,
1968-03-22,101.47280424413543,,
1968-03-25,101.49302600663925,,
1968-03-26,101.51324776914305,,
1968-03-27,101.53346953164689,,
1968-03-28,101.55369129415068,,
1968-03-29,101.5739130566545,,
1968-04-01,101.59413481915831,,
1968-04-02,101.61435658166214,,
1968-04-03,101.63457834416593,,
1968-04-04,101.65480010666977,,
1968-04-05,101.67502186917356,,
1968-04-08,101.69524363167739,,
1968-04-09,101.7154653941812,,
1968-04-10,101.73568715668502,,
1968-04-11,101.75590891918883,,
1968-04-12,101.77613068169265,,
1968-04-15,101.79635244419644,,
1968-04-16,101.81657420670027,,
1968-04-17,101.83679596920408,,
1968-04-18,101.85701773170788,,
1968-04-19,101.87723949421168,,
1968-04-22,101.8974612567155,,
1968-04-23,101.91768301921931,,
1968-04-24,101.9379047817231,,
1968-04-25,101.95812654422691,,
1968-04-26,101.97834830673074,,
1968-04-29,101.99857006923455,,
1968-04-30,102.01879183173834,,
1968-05-01,102.03901359424215,,
1968-05-02,102.05923535674597,,
1968-05-03,102.07945711924977,,
1968-05-06,102.09967888175358,,
1968-05-07,102.11990064425737,,
1968-05-08,102.14012240676118,,
1968-05-09,102.16034416926499,,
1968-05-10,102.18056593176881,,
1968-05-13,102.2007876942726,,
1968-05-14,102.22100945677643,,
1968-05-15,102.24123121928024,,
1968-05-16,102.26145298178406,,
1968-05-17,102.28167474428787,,
1968-05-20,102.30189650679169,,
1968-05-21,102.32211826929549,,
1968-05-22,102.34234003179932,,
1968-05-23,102.36256179430312,,
1968-05-24,102.38278355680694,,
1968-05-27,102.40300531931076,,
1968-05-28,102.42322708181455,,
1968-05-29,102.44344884431835,,
1968-05-30,102.46367060682215,,
1968-05-31,102.48389236932599,,
1968-06-03,102.50411413182978,,
1968-06-04,102.5243358943336,,
1968-06-05,102.54455765683741,,
1968-06-06,102.56477941934124,,
1968-06-07,102.58500118184503,,
1968-06-10,102.60522294434887,,
1968-06-11,102.62544470685266,,
1968-06-12,102.64566646935648,,
1968-06-13,102.6658882318603,,
1968-06-14,102.68610999436412,,
1968-06-17,102.70633175686793,,
1968-06-18,102.72655351937175,,
1968-06-19,102.74677528187554,,
1968-06-20,102.76699704437937,,
1968-06-21,102.78721880688317,,
1968-06-24,102.807440569387,,
1968-06-25,102.8276623318908,,
1968-06-26,102.8478840943946,,
1968-06-27,102.86810585689841,,
1968-06-28,102.88832761940223,,
1968-07-01,102.90854938190603,,
1968-07-02,102.92877114440986,,
1968-07-03,102.94899290691366,,
1968-07-04,102.96921466941748,,
1968-07-05,102.98943643192129,,
1968-07-08,103.00965819442511,,
1968-07-09,103.02987995692891,,
1968-07-10,103.05010171943275,,
1968-07-11,103.07032348193654,,
1968-07-12,103.09054524444036,,
1968-07-15,103.11076700694417,,
1968-07-16,103.130988769448,,
1968-07-17,103.1512105319518,,
1968-07-18,103.17143229445563,,
1968-07-19,103.19165405695942,,
1968-07-22,103.21187581946323,,
1968-07-23,103.23209758196703,,
1968-07-24,103.25231934447083,,
1968-07-25,103.27254110697464,,
1968-07-26,103.29276286947847,,
1968-07-29,103.31298463198226,,
1968-07-30,103.33320639448608,,
1968-07-31,103.35342815698989,,
1968-08-01,103.37364991949372,,
1968-08-02,103.39387168199752,,
1968-08-05,103.41409344450135,,
1968-08-06,103.43431520700514,,
1968-08-07,103.45453696950896,,
1968-08-08,103.47475873201279,,
1968-08-09,103.4949804945166,,
1968-08-12,103.51520225702042,,
1968-08-13,103.53542401952423,,
1968-08-14,103.55564578202805,,
1968-08-15,103.57586754453185,,
1968-08-16,103.59608930703568,,
1968-08-19,103.61631106953948,,
1968-08-20,103.6365328320433,,
1968-08-21,103.65675459454711,,
1968-08-22,103.67697635705093,,
1968-08-23,103.69719811955474,,
1968-08-26,103.71741988205856,,
1968-08-27,103.73764164456236,,
1968-08-28,103.75786340706618,,
1968-08-29,103.77808516956999,,
1968-08-30,103.79830693207381,,
1968-09-02,103.81852869457762,,
1968-09-03,103.83875045708145,,
1968-09-04,103.85897221958524,,
1968-09-05,103.87919398208905,,
1968-09-06,103.89941574459284,,
1968-09-09,103.91963750709667,,
1968-09-10,103.93985926960048,,
1968-09-11,103.96008103210428,,
1968-09-12,103.98030279460808,,
1968-09-13,104.0005245571119,,
1968-09-16,104.02074631961568,,
1968-09-17,104.0409680821195,,
1968-09-18,104.06118984462331,,
1968-09-19,104.08141160712714,,
1968-09-20,104.10163336963095,,
1968-09-23,104.12185513213477,,
1968-09-24,104.14207689463856,,
1968-09-25,104.1622986571424,,
1968-09-26,104.1825204196462,,
1968-09-27,104.20274218215002,,
1968-09-30,104.22296394465383,,
1968-10-01,104.24318570715765,,
1968-10-02,104.26340746966144,,
1968-10-03,104.28362923216528,,
1968-10-04,104.30385099466908,,
1968-10-07,104.3240727571729,,
1968-10-08,104.34429451967671,,
1968-10-09,104.36451628218053,,
1968-10-10,104.38473804468433,,
1968-10-11,104.40495980718813,,
1968-10-14,104.42518156969194,,
1968-10-15,104.44540333219574,,
1968-10-16,104.46562509469955,,
1968-10-17,104.48584685720337,,
1968-10-18,104.50606861970716,,
1968-10-21,104.526290382211,,
1968-10-22,104.54651214471482,,
1968-10-23,104.56673390721862,,
1968-10-24,104.58695566972244,,
1968-10-25,104.60717743222625,,
1968-10-28,104.62739919473007,,
1968-10-29,104.64762095723388,,
1968-10-30,104.6678427197377,,
1968-10-31,104.6880644822415,,
1968-11-01,104.70828624474532,,
1968-11-04,104.72850800724913,,
1968-11-05,104.74872976975296,,
1968-11-06,104.76895153225676,,
1968-11-07,104.78917329476059,,
1968-11-08,104.80939505726438,,
1968-11-11,104.8296168197682,,
1968-11-12,104.84983858227201,,
1968-11-13,104.87006034477584,,
1968-11-14,104.89028210727965,,
1968-11-15,104.91050386978347,,
1968-11-18,104.93072563228726,,
1968-11-19,104.9509473947911,,
1968-11-20,104.9711691572949,,
1968-11-21,104.99139091979872,,
1968-11-22,105.01161268230253,,
1968-11-25,105.03183444480635,,
1968-11-26,105.05205620731016,,
1968-11-27,105.07227796981398,,
1968-11-28,105.09249973231778,,
1968-11-29,105.11272149482159,,
1968-12-02,105.13294325732538,,
1968-12-03,105.1531650198292,,
1968-12-04,105.17338678233301,,
1968-12-05,105.19360854483683,,
1968-12-06,105.21383030734064,,
1968-12-09,105.23405206984447,,
1968-12-10,105.25427383234826,,
1968-12-11,105.27449559485208,,
1968-12-12,105.29471735735589,,
1968-12-13,105.31493911985972,,
1968-12-16,105.33516088236352,,
1968-12-17,105.35538264486735,,
1968-12-18,105.37560440737114,,
1968-12-19,105.39582616987498,,
1968-12-20,105.41604793237876,,
1968-12-23,105.43626969488258,,
1968-12-24,105.45649145738638,,
1968-12-25,105.4767132198902,,
1968-12-26,105.49693498239401,,
1968-12-27,105.51715674489783,,
1968-12-30,105.53737850740164,,
1968-12-31,105.55760026990546,,
1969-01-01,100.65268062937054,,
1969-01-02,100.67305566593521,,
1969-01-03,100.69343070249985,,
1969-01-06,100.71380573906453,,
1969-01-07,100.73418077562917,,
1969-01-08,100.75455581219381,,
1969-01-09,100.77493084875846,,
1969-01-10,100.7953058853231,,
1969-01-13,100.81568092188775,,
1969-01-14,100.83605595845239,,
1969-01-15,100.85643099501706,,
1969-01-16,100.87680603158171,,
1969-01-17,100.89718106814635,,
1969-01-20,100.91755610471098,,
1969-01-21,100.93793114127563,,
1969-01-22,100.9583061778403,,
1969-01-23,100.97868121440494,,
1969-01-24,100.99905625096962,,
1969-01-27,101.01943128753423,,
1969-01-28,101.03980632409888,,
1969-01-29,101.0601813606635,,
1969-01-30,101.08055639722815,,
1969-01-31,101.1009314337928,,
1969-02-03,101.12130647035742,,
1969-02-04,101.14168150692208,,
1969-02-05,101.16205654348673,,
1969-02-06,101.1824315800514,,
1969-02-07,101.20280661661603,,
1969-02-10,101.22318165318067,,
1969-02-11,101.24355668974533,,
1969-02-12,101.26393172630996,,
1969-02-13,101.28430676287464,,
1969-02-14,101.30468179943928,,
1969-02-17,101.32505683600395,,
1969-02-18,101.34543187256857,,
1969-02-19,101.36580690913321,,
1969-02-20,101.38618194569786,,
1969-02-21,101.40655698226253,,
1969-02-24,101.4269320188272,,
1969-02-25,101.44730705539182,,
1969-02-26,101.46768209195649,,
1969-02-27,101.48805712852113,,
1969-02-28,101.50843216508581,,
1969-03-03,101.52880720165042,,
1969-03-04,101.54918223821508,,
1969-03-05,101.56955727477974,,
1969-03-06,101.58993231134438,,
1969-03-07,101.61030734790903,,
1969-03-10,101.63068238447369,,
1969-03-11,101.65105742103835,,
1969-03-12,101.67143245760299,,
1969-03-13,101.69180749416765,,
1969-03-14,101.71218253073229,,
1969-03-17,101.73255756729694,,
1969-03-18,101.75293260386158,,
1969-03-19,101.7733076404262,,
1969-03-20,101.79368267699087,,
1969-03-21,101.8140577135555,,
1969-03-24,101.83443275012016,,
1969-03-25,101.85480778668483,,
1969-03-26,101.87518282324947,,
1969-03-27,101.89555785981415,,
1969-03-28,101.91593289637879,,
1969-03-31,101.93630793294346,,
1969-04-01,101.95668296950811,,
1969-04-02,101.97705800607278,,
1969-04-03,101.99743304263743,,
1969-04-04,102.01780807920207,,
1969-04-07,102.03818311576673,,
1969-04-08,102.05855815233136,,
1969-04-09,102.07893318889603,,
1969-04-10,102.09930822546067,,
1969-04-11,102.11968326202532,,
1969-04-14,102.14005829858996,,
1969-04-15,102.16043333515461,,
1969-04-16,102.18080837171928,,
1969-04-17,102.20118340828392,,
1969-04-18,102.22155844484857,,
1969-04-21,102.2419334814132,,
1969-04-22,102.26230851797786,,
1969-04-23,102.2826835545425,,
1969-04-24,102.30305859110716,,
1969-04-25,102.32343362767182,,
1969-04-28,102.34380866423645,,
1969-04-29,102.36418370080112,,
1969-04-30,102.38455873736577,,
1969-05-01,102.40493377393041,,
1969-05-02,102.42530881049507,,
1969-05-05,102.44568384705973,,
1969-05-06,102.46605888362438,,
1969-05-07,102.48643392018901,,
1969-05-08,102.50680895675369,,
1969-05-09,102.52718399331833,,
1969-05-12,102.54755902988299,,
1969-05-13,102.56793406644763,,
1969-05-14,102.58830910301229,,
1969-05-15,102.60868413957694,,
1969-05-16,102.62905917614155,,
1969-05-19,102.64943421270623,,
1969-05-20,102.66980924927087,,
1969-05-21,102.69018428583554,,
1969-05-22,102.71055932240016,,
1969-05-23,102.73093435896482,,
1969-05-26,102.75130939552946,,
1969-05-27,102.7716844320941,,
1969-05-28,102.79205946865875,,
1969-05-29,102.81243450522337,,
1969-05-30,102.83280954178804,,
1969-06-02,102.85318457835268,,
1969-06-03,102.87355961491733,,
1969-06-04,102.89393465148197,,
1969-06-05,102.9143096880466,,
1969-06-06,102.93468472461127,,
1969-06-09,102.95505976117592,,
1969-06-10,102.97543479774059,,
1969-06-11,102.99580983430523,,
1969-06-12,103.01618487086989,,
1969-06-13,103.03655990743457,,
1969-06-16,103.05693494399921,,
1969-06-17,103.07730998056388,,
1969-06-18,103.09768501712853,,
1969-06-19,103.1180600536932,,
1969-06-20,103.13843509025781,,
1969-06-23,103.15881012682246,,
1969-06-24,103.1791851633871,,
1969-06-25,103.19956019995173,,
1969-06-26,103.21993523651638,,
1969-06-27,103.24031027308101,,
1969-06-30,103.26068530964567,,
1969-07-01,103.28106034621032,,
1969-07-02,103.30143538277498,,
1969-07-03,103.32181041933963,,
1969-07-04,103.34218545590426,,
1969-07-07,103.36256049246893,,
1969-07-08,103.38293552903355,,
1969-07-09,103.40331056559819,,
1969-07-10,103.42368560216283,,
1969-07-11,103.4440606387275,,
1969-07-14,103.46443567529215,,
1969-07-15,103.4848107118568,,
1969-07-16,103.50518574842147,,
1969-07-17,103.52556078498611,,
1969-07-18,103.54593582155078,,
1969-07-21,103.56631085811543,,
1969-07-22,103.5866858946801,,
1969-07-23,103.60706093124475,,
1969-07-24,103.62743596780936,,
1969-07-25,103.64781100437403,,
1969-07-28,103.66818604093868,,
1969-07-29,103.68856107750332,,
1969-07-30,103.70893611406797,,
1969-07-31,103.72931115063263,,
1969-08-01,103.74968618719727,,
1969-08-04,103.77006122376189,,
1969-08-05,103.79043626032653,,
1969-08-06,103.81081129689116,,
1969-08-07,103.83118633345583,,
1969-08-08,103.85156137002048,,
1969-08-11,103.87193640658514,,
1969-08-12,103.89231144314981,,
1969-08-13,103.91268647971444,,
1969-08-14,103.93306151627908,,
1969-08-15,103.95343655284373,,
1969-08-18,103.9738115894084,,
1969-08-19,103.99418662597301,,
1969-08-20,104.01456166253769,,
1969-08-21,104.03493669910233,,
1969-08-22,104.05531173566698,,
1969-08-25,104.07568677223165,,
1969-08-26,104.09606180879629,,
1969-08-27,104.11643684536094,,
1969-08-28,104.13681188192557,,
1969-08-29,104.15718691849023,,
1969-09-01,104.17756195505486,,
1969-09-02,104.1979369916195,,
1969-09-03,104.21831202818417,,
1969-09-04,104.23868706474879,,
1969-09-05,104.25906210131343,,
1969-09-08,104.27943713787809,,
1969-09-09,104.29981217444275,,
1969-09-10,104.3201872110074,,
1969-09-11,104.34056224757204,,
1969-09-12,104.3609372841367,,
1969-09-15,104.38131232070134,,
1969-09-16,104.401687357266,,
1969-09-17,104.42206239383066,,
1969-09-18,104.4424374303953,,
1969-09-19,104.46281246695995,,
1969-09-22,104.4831875035246,,
1969-09-23,104.50356254008928,,
1969-09-24,104.52393757665392,,
1969-09-25,104.54431261321857,,
1969-09-26,104.5646876497832,,
1969-09-29,104.58506268634784,,
1969-09-30,104.60543772291248,,
1969-10-01,104.62581275947716,,
1969-10-02,104.64618779604183,,
1969-10-03,104.66656283260644,,
1969-10-06,104.68693786917109,,
1969-10-07,104.70731290573572,,
1969-10-08,104.72768794230036,,
1969-10-09,104.748062978865,,
1969-10-10,104.76843801542964,,
1969-10-13,104.7888130519943,,
1969-10-14,104.80918808855893,,
1969-10-15,104.8295631251236,,
1969-10-16,104.84993816168824,,
1969-10-17,104.87031319825289,,
1969-10-20,104.89068823481753,,
1969-10-21,104.91106327138218,,
1969-10-22,104.93143830794685,,
1969-10-23,104.95181334451146,,
1969-10-24,104.97218838107614,,
1969-10-27,104.99256341764077,,
1969-10-28,105.01293845420541,,
1969-10-29,105.03331349077006,,
1969-10-30,105.0536885273347,,
1969-10-31,105.07406356389937,,
1969-11-03,105.09443860046402,,
1969-11-04,105.11481363702866,,
1969-11-05,105.13518867359328,,
1969-11-06,105.15556371015795,,
1969-11-07,105.1759387467226,,
1969-11-10,105.19631378328724,,
1969-11-11,105.21668881985187,,
1969-11-12,105.23706385641651,,
1969-11-13,105.25743889298116,,
1969-11-14,105.2778139295458,,
1969-11-17,105.29818896611047,,
1969-11-18,105.3185640026751,,
1969-11-19,105.33893903923976,,
1969-11-20,105.3593140758044,,
1969-11-21,105.37968911236905,,
1969-11-24,105.40006414893372,,
1969-11-25,105.42043918549835,,
1969-11-26,105.44081422206301,,
1969-11-27,105.46118925862767,,
1969-11-28,105.48156429519233,,
1969-12-01,105.50193933175697,,
1969-12-02,105.52231436832164,,
1969-12-03,105.54268940488629,,
1969-12-04,105.56306444145092,,
1969-12-05,105.58343947801558,,
1969-12-08,105.60381451458024,,
1969-12-09,105.6241895511449,,
1969-12-10,105.64456458770954,,
1969-12-11,105.66493962427421,,
1969-12-12,105.68531466083886,,
1969-12-15,105.7056896974035,,
1969-12-16,105.72606473396817,,
1969-12-17,105.74643977053282,,
1969-12-18,105.76681480709749,,
1969-12-19,105.78718984366213,,
1969-12-22,105.8075648802268,,
1969-12-23,105.82793991679146,,
1969-12-24,105.84831495335611,,
1969-12-25,105.86868998992078,,
1969-12-26,105.88906502648543,,
1969-12-29,105.90944006305007,,
1969-12-30,105.9298150996147,,
1969-12-31,105.95019013617937,,
1970-01-01,100.60606058275035,,
1970-01-02,100.6264261820586,,
1970-01-05,100.64679178136684,,
1970-01-06,100.66715738067509,,
1970-01-07,100.68752297998333,,
1970-01-08,100.70788857929158,,
1970-01-09,100.72825417859983,,
1970-01-12,100.74861977790808,,
1970-01-13,100.76898537721632,,
1970-01-14,100.78935097652459,,
1970-01-15,100.80971657583284,,
1970-01-16,100.83008217514109,,
1970-01-19,100.85044777444934,,
1970-01-20,100.87081337375758,,
1970-01-21,100.89117897306583,,
1970-01-22,100.91154457237408,,
1970-01-23,100.93191017168235,,
1970-01-26,100.9522757709906,,
1970-01-27,100.97264137029882,,
1970-01-28,100.99300696960707,,
1970-01-29,101.01337256891532,,
1970-01-30,101.03373816822356,,
1970-02-02,101.05410376753181,,
1970-02-03,101.07446936684006,,
1970-02-04,101.09483496614831,,
1970-02-05,101.11520056545655,,
1970-02-06,101.13556616476482,,
1970-02-09,101.15593176407307,,
1970-02-10,101.17629736338132,,
1970-02-11,101.19666296268959,,
1970-02-12,101.21702856199784,,
1970-02-13,101.23739416130609,,
1970-02-16,101.2577597606143,,
1970-02-17,101.27812535992256,,
1970-02-18,101.2984909592308,,
1970-02-19,101.31885655853905,,
1970-02-20,101.33922215784732,,
1970-02-23,101.35958775715557,,
1970-02-24,101.37995335646383,,
1970-02-25,101.40031895577206,,
1970-02-26,101.42068455508033,,
1970-02-27,101.4410501543886,,
1970-03-02,101.46141575369687,,
1970-03-03,101.48178135300512,,
1970-03-04,101.50214695231337,,
1970-03-05,101.52251255162162,,
1970-03-06,101.54287815092987,,
1970-03-09,101.56324375023812,,
1970-03-10,101.58360934954635,,
1970-03-11,101.60397494885463,,
1970-03-12,101.62434054816288,,
1970-03-13,101.64470614747113,,
1970-03-16,101.66507174677936,,
1970-03-17,101.6854373460876,,
1970-03-18,101.70580294539585,,
1970-03-19,101.72616854470408,,
1970-03-20,101.74653414401233,,
1970-03-23,101.76689974332058,,
1970-03-24,101.78726534262883,,
1970-03-25,101.80763094193708,,
1970-03-26,101.8279965412453,,
1970-03-27,101.84836214055355,,
1970-03-30,101.8687277398618,,
1970-03-31,101.88909333917007,,
1970-04-01,101.90945893847834,,
1970-04-02,101.92982453778659,,
1970-04-03,101.95019013709484,,
1970-04-06,101.97055573640306,,
1970-04-07,101.99092133571132,,
1970-04-08,102.01128693501957,,
1970-04-09,102.03165253432782,,
1970-04-10,102.0520181336361,,
1970-04-13,102.07238373294433,,
1970-04-14,102.09274933225258,,
1970-04-15,102.11311493156082,,
1970-04-16,102.13348053086906,,
1970-04-17,102.1538461301773,,
1970-04-20,102.17421172948555,,
1970-04-21,102.1945773287938,,
1970-04-22,102.21494292810208,,
1970-04-23,102.23530852741033,,
1970-04-24,102.25567412671855,,
1970-04-27,102.2760397260268,,
1970-04-28,102.29640532533504,,
1970-04-29,102.31677092464331,,
1970-04-30,102.33713652395156,,
1970-05-01,102.3575021232598,,
1970-05-04,102.37786772256806,,
1970-05-05,102.39823332187629,,
1970-05-06,102.41859892118454,,
1970-05-07,102.43896452049279,,
1970-05-08,102.45933011980107,,
1970-05-11,102.47969571910932,,
1970-05-12,102.50006131841758,,
1970-05-13,102.52042691772584,,
1970-05-14,102.54079251703408,,
1970-05-15,102.56115811634233,,
1970-05-18,102.58152371565058,,
1970-05-19,102.60188931495884,,
1970-05-20,102.62225491426709,,
1970-05-21,102.64262051357535,,
1970-05-22,102.6629861128836,,
1970-05-25,102.68335171219182,,
1970-05-26,102.70371731150007,,
1970-05-27,102.72408291080835,,
1970-05-28,102.7444485101166,,
1970-05-29,102.76481410942483,,
1970-06-01,102.78517970873308,,
1970-06-02,102.80554530804136,,
1970-06-03,102.82591090734958,,
1970-06-04,102.84627650665783,,
1970-06-05,102.86664210596608,,
1970-06-08,102.88700770527433,,
1970-06-09,102.90737330458259,,
1970-06-10,102.92773890389084,,
1970-06-11,102.94810450319909,,
1970-06-12,102.96847010250731,,
1970-06-15,102.98883570181556,,
1970-06-16,103.00920130112381,,
1970-06-17,103.02956690043207,,
1970-06-18,103.04993249974035,,
1970-06-19,103.07029809904861,,
1970-06-22,103.09066369835686,,
1970-06-23,103.11102929766511,,
1970-06-24,103.13139489697333,,
1970-06-25,103.15176049628158,,
1970-06-26,103.17212609558983,,
1970-06-29,103.19249169489808,,
1970-06-30,103.21285729420634,,
1970-07-01,103.2332228935146,,
1970-07-02,103.25358849282287,,
1970-07-03,103.27395409213109,,
1970-07-06,103.29431969143934,,
1970-07-07,103.31468529074759,,
1970-07-08,103.33505089005584,,
1970-07-09,103.35541648936409,,
1970-07-10,103.37578208867235,,
1970-07-13,103.3961476879806,,
1970-07-14,103.41651328728882,,
1970-07-15,103.43687888659707,,
1970-07-16,103.45724448590532,,
1970-07-17,103.47761008521357,,
1970-07-20,103.49797568452183,,
1970-07-21,103.51834128383008,,
1970-07-22,103.53870688313833,,
1970-07-23,103.55907248244655,,
1970-07-24,103.5794380817548,,
1970-07-27,103.59980368106308,,
1970-07-28,103.62016928037134,,
1970-07-29,103.64053487967959,,
1970-07-30,103.66090047898784,,
1970-07-31,103.68126607829609,,
1970-08-03,103.70163167760431,,
1970-08-04,103.72199727691256,,
1970-08-05,103.74236287622081,,
1970-08-06,103.76272847552906,,
1970-08-07,103.7830940748373,,
1970-08-10,103.80345967414557,,
1970-08-11,103.82382527345382,,
1970-08-12,103.84419087276204,,
1970-08-13,103.86455647207029,,
1970-08-14,103.88492207137854,,
1970-08-17,103.90528767068679,,
1970-08-18,103.92565326999504,,
1970-08-19,103.94601886930329,,
1970-08-20,103.96638446861155,,
1970-08-21,103.98675006791977,,
1970-08-24,104.00711566722802,,
1970-08-25,104.02748126653627,,
1970-08-26,104.04784686584452,,
1970-08-27,104.06821246515277,,
1970-08-28,104.08857806446102,,
1970-08-31,104.10894366376925,,
1970-09-01,104.12930926307749,,
1970-09-02,104.14967486238574,,
1970-09-03,104.17004046169399,,
1970-09-04,104.19040606100222,,
1970-09-07,104.21077166031047,,
1970-09-08,104.23113725961872,,
1970-09-09,104.25150285892697,,
1970-09-10,104.27186845823519,,
1970-09-11,104.29223405754344,,
1970-09-14,104.31259965685169,,
1970-09-15,104.33296525615997,,
1970-09-16,104.3533308554682,,
1970-09-17,104.37369645477645,,
1970-09-18,104.3940620540847,,
1970-09-21,104.41442765339295,,
1970-09-22,104.4347932527012,,
1970-09-23,104.45515885200946,,
1970-09-24,104.47552445131771,,
1970-09-25,104.49589005062596,,
1970-09-28,104.51625564993421,,
1970-09-29,104.53662124924246,,
1970-09-30,104.55698684855068,,
1970-10-01,104.57735244785893,,
1970-10-02,104.59771804716718,,
1970-10-05,104.61808364647543,,
1970-10-06,104.63844924578368,,
1970-10-07,104.65881484509192,,
1970-10-08,104.67918044440016,,
1970-10-09,104.6995460437084,,
1970-10-12,104.71991164301664,,
1970-10-13,104.74027724232488,,
1970-10-14,104.76064284163313,,
1970-10-15,104.78100844094138,,
1970-10-16,104.80137404024966,,
1970-10-19,104.8217396395579,,
1970-10-20,104.84210523886613,,
1970-10-21,104.86247083817437,,
1970-10-22,104.88283643748262,,
1970-10-23,104.90320203679087,,
1970-10-26,104.92356763609911,,
1970-10-27,104.94393323540736,,
1970-10-28,104.9642988347156,,
1970-10-29,104.98466443402383,,
1970-10-30,105.00503003333208,,
1970-11-02,105.02539563264035,,
1970-11-03,105.0457612319486,,
1970-11-04,105.06612683125684,,
1970-11-05,105.08649243056509,,
1970-11-06,105.10685802987337,,
1970-11-09,105.12722362918159,,
1970-11-10,105.14758922848984,,
1970-11-11,105.16795482779808,,
1970-11-12,105.18832042710633,,
1970-11-13,105.20868602641458,,
1970-11-16,105.22905162572283,,
1970-11-17,105.2494172250311,,
1970-11-18,105.26978282433932,,
1970-11-19,105.2901484236476,,
1970-11-20,105.31051402295586,,
1970-11-23,105.3308796222641,,
1970-11-24,105.35124522157237,,
1970-11-25,105.37161082088062,,
1970-11-26,105.3919764201889,,
1970-11-27,105.41234201949715,,
1970-11-30,105.43270761880541,,
1970-12-01,105.45307321811367,,
1970-12-02,105.47343881742192,,
1970-12-03,105.49380441673017,,
1970-12-04,105.51417001603842,,
1970-12-07,105.53453561534667,,
1970-12-08,105.55490121465492,,
1970-12-09,105.57526681396317,,
1970-12-10,105.59563241327142,,
1970-12-11,105.61599801257967,,
1970-12-14,105.6363636118879,,
1970-12-15,105.65672921119615,,
1970-12-16,105.6770948105044,,
1970-12-17,105.69746040981262,,
1970-12-18,105.71782600912087,,
1970-12-21,105.73819160842915,,
1970-12-22,105.7585572077374,,
1970-12-23,105.77892280704566,,
1970-12-24,105.79928840635391,,
1970-12-25,105.81965400566216,,
1970-12-28,105.84001960497038,,
1970-12-29,105.86038520427863,,
1970-12-30,105.88075080358688,,
1970-12-31,105.90111640289513,,
1971-01-04,105.95019016071625,,
1971-01-05,105.79560790087083,,
1971-01-06,105.78579315421399,-0.38,
1971-01-07,105.76125628757185,-0.2,
1971-01-08,105.77597840755712,-0.2,
1971-01-11,105.75880260090761,-0.19,
1971-01-12,105.75144154091498,-0.07,
1971-01-13,105.74162679425814,-0.06,
1971-01-14,105.74162679425814,-0.06,
1971-01-15,105.6950067476381,-0.06,
1971-01-18,105.57968347442008,-0.06,
1971-01-19,105.52324868114317,-0.06,
1971-01-20,105.53306342780004,-0.06,
1971-01-21,105.55023923444955,-0.04,
1971-01-22,105.49871181450108,-0.04,
1971-01-25,105.52079499447902,-0.03,0.76
1971-01-26,105.47662863452318,-0.03,0.74
1971-01-27,105.4422770212242,-0.02,0.72
1971-01-28,105.45454545454524,-0.01,0.71
1971-01-29,105.41774015458205,-0.01,0.69
1971-02-01,105.43000858790312,0.0,0.69
1971-02-02,105.43246227456733,-0.01,0.68
1971-02-03,105.42264752791048,-0.01,0.66
1971-02-04,105.4251012145747,-0.01,0.65
1971-02-05,105.43246227456733,-0.01,0.65
1971-02-08,105.45699914120948,0.0,0.65
1971-02-09,105.43246227456733,0.0,0.63
1971-02-10,105.43982333455999,0.0,0.63
1971-02-11,105.42755490123893,0.0,0.62
1971-02-12,105.42755490123893,0.0,0.61
1971-02-15,105.42755490123893,0.0,0.46
1971-02-16,105.43000858790315,0.0,0.46
1971-02-17,105.43000858790315,-0.01,0.46
1971-02-18,105.42755490123893,-0.01,0.45
1971-02-19,105.41774015458208,-0.01,0.45
1971-02-22,105.40547172126102,-0.01,0.45
1971-02-23,105.40301803459681,-0.01,0.46
1971-02-24,105.54533186112116,0.0,0.63
1971-02-25,105.68764568764553,0.02,0.75
1971-02-26,105.68028462765291,0.01,0.67
1971-03-01,105.68764568764554,0.01,0.64
1971-03-02,105.6410256410255,0.02,0.66
1971-03-03,105.60422034106229,0.02,0.67
1971-03-04,105.67537725432447,0.02,0.68
1971-03-05,105.67046988099607,0.02,0.68
1971-03-08,105.55760029444225,0.02,0.74
1971-03-09,105.53551711446434,0.02,0.74
1971-03-10,105.60667402772653,0.02,0.76
1971-03-11,105.53797080112855,0.02,0.78
1971-03-12,105.53306342780013,0.02,0.78
1971-03-15,105.51834130781485,0.01,0.79
1971-03-16,105.51343393448644,0.01,0.78
1971-03-17,105.49625812783697,0.01,0.79
1971-03-18,105.46681388786641,0.01,0.79
1971-03-19,105.43982333456006,0.01,0.79
1971-03-22,105.43736964789585,0.01,0.79
1971-03-23,105.43982333456006,0.01,0.79
1971-03-24,105.43000858790322,0.01,0.79
1971-03-25,105.43246227456741,0.01,0.79
1971-03-26,105.40792540792528,0.01,0.79
1971-03-29,105.42510121457478,0.01,0.79
1971-03-30,105.40547172126107,0.01,0.8
1971-03-31,105.39565697460422,0.01,0.8
1971-04-01,105.39811066126843,0.01,0.8
1971-04-02,105.37848116795472,0.01,0.8
1971-04-05,105.43736964789584,0.01,0.82
1971-04-06,105.44473070788844,0.01,0.7
1971-04-07,105.41037909458947,0.01,0.56
1971-04-08,105.35394430131258,0.01,0.58
1971-04-09,105.38829591461155,0.01,0.59
1971-04-12,105.4324622745674,0.01,0.6
1971-04-13,105.55514660777806,0.01,0.7
1971-04-14,105.56741504109912,0.01,0.66
1971-04-15,105.4888970678443,0.01,0.7
1971-04-16,105.55514660777806,0.01,0.65
1971-04-19,105.63611826769707,0.01,0.69
1971-04-20,105.60422034106229,0.01,0.67
1971-04-21,105.5281560544717,0.02,0.67
1971-04-22,105.49625812783694,0.02,0.68
1971-04-23,105.56986872776332,0.02,0.71
1971-04-26,105.5281560544717,0.02,0.72
1971-04-27,105.48398969451587,0.02,0.73
1971-04-28,105.40301803459684,0.02,0.76
1971-04-29,105.40301803459684,0.02,0.76
1971-04-30,105.40792540792525,0.02,0.76
1971-05-03,105.3981106612684,0.02,0.76
1971-05-04,105.39074960127579,0.02,0.76
1971-05-05,102.66470371733516,0.01,7.88
1971-05-06,102.23776223776208,0.02,7.94
1971-05-07,101.51883204514772,0.03,8.12
1971-05-10,100.78763341921221,0.05,8.31
1971-05-11,101.00355784566295,0.05,8.37
1971-05-12,100.83425346583226,0.05,8.36
1971-05-13,100.47846889952139,0.06,8.37
1971-05-14,100.47846889952139,0.06,8.36
1971-05-17,100.39013617960973,0.05,8.34
1971-05-18,100.28708133971278,0.05,8.33
1971-05-19,100.2723592197275,0.05,8.34
1971-05-20,100.27972027972014,0.05,8.33
1971-05-21,99.94601889338716,0.06,8.32
1971-05-24,100.03925898662726,0.05,8.31
1971-05-25,100.27726659305594,0.04,8.39
1971-05-26,100.31161820635491,0.04,8.41
1971-05-27,100.56189424610464,0.03,8.48
1971-05-28,100.7434670592564,0.03,8.51
1971-05-31,100.7434670592564,0.03,8.51
1971-06-01,100.74592074592061,0.04,8.52
1971-06-02,100.58888479941098,0.03,8.51
1971-06-03,100.35087719298232,0.03,8.49
1971-06-04,100.45393203287927,0.03,8.52
1971-06-07,100.30425714636226,0.03,8.51
1971-06-08,100.34596981965389,0.03,8.53
1971-06-09,100.37786774628867,0.03,8.53
1971-06-10,100.23555391976431,0.02,8.52
1971-06-11,100.31897926634757,0.02,8.54
1971-06-14,100.35823825297496,0.02,8.55
1971-06-15,100.473561526193,0.02,3.95
1971-06-16,100.37296037296026,0.02,3.81
1971-06-17,100.4539320328793,0.02,3.26
1971-06-18,100.43184885290137,0.01,2.48
1971-06-21,100.42694147957296,0.01,2.37
1971-06-22,100.50545945282776,0.01,2.35
1971-06-23,100.46129309287193,0.01,2.1
1971-06-24,100.45393203287931,0.01,2.1
1971-06-25,100.46374677953615,0.01,2.08
1971-06-28,100.55453318611202,0.01,2.07
1971-06-29,100.64286590602369,0.01,2.08
1971-06-30,100.57416267942574,0.01,2.09
1971-07-01,100.51772788614883,0.01,1.82
1971-07-02,100.57416267942574,0.01,1.81
1971-07-05,100.57416267942574,0.01,1.68
1971-07-06,100.69193963930793,0.01,1.71
1971-07-07,100.72138387927849,0.01,1.54
1971-07-08,100.72383756594272,0.01,1.44
1971-07-09,100.75082811924905,0.01,1.45
1971-07-12,100.74837443258484,0.01,1.45
1971-07-13,100.69439332597216,0.01,1.37
1971-07-14,100.55207949944783,0.01,1.24
1971-07-15,100.45147834621508,0.01,1.25
1971-07-16,100.43920991289403,0.01,1.16
1971-07-19,100.392589866274,0.01,1.16
1971-07-20,100.37786774628871,0.01,1.16
1971-07-21,100.3214329530118,0.01,1.09
1971-07-22,100.27235921972752,0.01,1.07
1971-07-23,100.27235921972752,0.01,1.06
1971-07-26,100.26254447307066,0.01,1.0
1971-07-27,100.26254447307066,0.01,0.95
1971-07-28,100.24291497975695,0.01,0.92
1971-07-29,100.28462765304857,0.01,0.93
1971-07-30,100.26254447307066,0.01,0.93
1971-08-02,100.30180345969806,0.01,0.9
1971-08-03,100.32388663967599,0.01,0.9
1971-08-04,99.63685437369635,0.01,2.23
1971-08-05,99.65893755367429,0.02,2.24
1971-08-06,99.86259354680394,0.02,2.32
1971-08-09,99.4528278738804,0.02,2.56
1971-08-10,99.57551220709104,0.02,2.61
1971-08-11,99.61967856704685,0.02,2.62
1971-08-12,99.4405594405593,0.02,2.64
1971-08-13,99.70065022696588,0.02,2.79
1971-08-16,99.70065022696588,0.01,2.75
1971-08-17,99.70065022696588,0.01,2.75
1971-08-18,99.70065022696588,0.01,2.75
1971-08-19,99.70065022696588,0.01,2.74
1971-08-20,99.70065022696588,0.01,2.74
1971-08-23,97.98061587535258,-0.02,5.79
1971-08-24,97.56103545577217,-0.02,5.88
1971-08-25,97.5291375291374,-0.02,5.88
1971-08-26,97.29112992270873,-0.02,5.89
1971-08-27,97.48987854250998,-0.02,5.96
1971-08-30,97.84811679548507,-0.03,6.12
1971-08-31,97.99043062200941,-0.03,6.16
1971-09-01,98.20635504846015,-0.03,6.23
1971-09-02,98.12783707520533,-0.03,6.22
1971-09-03,97.63219236903431,-0.03,6.35
1971-09-06,97.63219236903431,-0.03,6.35
1971-09-07,98.14501288185483,-0.03,6.61
1971-09-08,98.05668016194316,-0.03,6.6
1971-09-09,98.01987486197996,-0.03,6.6
1971-09-10,97.98306956201677,-0.03,6.59
1971-09-13,98.10820758189163,-0.03,6.62
1971-09-14,97.8947368421051,-0.03,6.36
1971-09-15,97.78677462887973,-0.03,6.35
1971-09-16,97.8039504355292,-0.03,6.3
1971-09-17,97.81376518218605,-0.03,6.22
1971-09-20,97.4457121825541,-0.03,6.27
1971-09-21,97.53649858912998,-0.03,6.28
1971-09-22,97.4457121825541,-0.03,6.27
1971-09-23,97.07520549625795,-0.03,6.25
1971-09-24,97.4064531959267,-0.03,6.38
1971-09-27,97.38437001594879,-0.03,6.37
1971-09-28,97.36474052263509,-0.03,6.37
1971-09-29,97.15126978284854,-0.03,6.38
1971-09-30,97.02122438964525,-0.03,6.37
1971-10-01,97.13654766286326,-0.03,3.84
1971-10-04,97.16353821616961,-0.03,3.64
1971-10-05,97.15617715617697,-0.03,3.64
1971-10-06,97.17335296282646,-0.03,3.57
1971-10-07,97.17580664949065,-0.03,3.51
1971-10-08,97.31075941602238,-0.03,3.35
1971-10-11,97.31075941602238,-0.03,3.31
1971-10-12,97.4089068825909,-0.03,3.24
1971-10-13,97.61010918905635,-0.03,3.31
1971-10-14,97.71561771561751,-0.03,2.97
1971-10-15,97.73770089559541,-0.03,2.97
1971-10-18,97.47761010918884,-0.03,2.6
1971-10-19,97.53159121580154,-0.03,2.6
1971-10-20,97.54631333578682,-0.03,2.61
1971-10-21,97.59293338240686,-0.03,2.61
1971-10-22,97.6542755490122,-0.03,2.59
1971-10-25,97.6542755490122,-0.03,2.51
1971-10-26,97.93644951539669,-0.03,2.64
1971-10-27,98.01987486197994,-0.03,2.65
1971-10-28,97.85302416881346,-0.03,2.7
1971-10-29,97.96834744203147,-0.03,2.45
1971-11-01,98.0493191019505,-0.03,2.45
1971-11-02,98.0493191019505,-0.03,2.43
1971-11-03,97.94381057538935,-0.03,2.13
1971-11-04,97.9315421420683,-0.03,1.9
1971-11-05,97.92908845540408,-0.03,1.9
1971-11-08,98.01496748865152,-0.04,1.9
1971-11-09,98.01496748865152,-0.04,1.75
1971-11-10,98.04931910195049,-0.04,1.68
1971-11-11,98.0296896086368,-0.04,1.66
1971-11-12,98.00760642865886,-0.04,1.67
1971-11-15,98.0100601153231,-0.04,1.67
1971-11-16,98.01987486197994,-0.03,1.67
1971-11-17,98.0493191019505,-0.03,1.67
1971-11-18,98.06158753527157,-0.03,1.64
1971-11-19,97.75242301558073,-0.03,1.93
1971-11-22,97.56103545577213,-0.03,2.01
1971-11-23,97.28131517605185,-0.03,2.09
1971-11-24,96.98441908968208,-0.03,2.24
1971-11-25,96.98441908968208,-0.03,2.23
1971-11-26,97.05557600294424,-0.03,2.12
1971-11-29,97.01631701631682,-0.03,2.11
1971-11-30,97.05557600294424,-0.03,2.12
1971-12-01,96.89363268310619,-0.03,2.15
1971-12-02,96.51576493681739,-0.03,2.4
1971-12-03,96.11090663722224,-0.03,2.65
1971-12-06,95.56618819776696,-0.03,2.85
1971-12-07,95.68641884431341,-0.03,2.88
1971-12-08,95.65942829100706,-0.03,2.87
1971-12-09,95.69377990430603,-0.03,2.83
1971-12-10,95.68887253097759,-0.03,2.79
1971-12-13,95.76002944423978,-0.03,2.82
1971-12-14,95.32572690467408,-0.03,3.03
1971-12-15,95.09508035823806,-0.03,3.05
1971-12-16,95.26683842473298,-0.03,3.16
1971-12-17,95.09017298490964,-0.03,3.12
1971-12-20,95.09017298490964,-0.03,3.12
1971-12-21,95.3060974113604,-0.03,3.25
1971-12-22,95.32572690467408,-0.03,3.26
1971-12-23,95.79928843086721,-0.03,3.7
1971-12-24,95.91951907741364,-0.03,3.75
1971-12-27,96.16734143049915,-0.03,3.87
1971-12-28,96.16488774383495,-0.03,3.87
1971-12-29,96.2139614771192,-0.03,3.87
1971-12-30,96.1747024904918,-0.03,3.8
1971-12-31,96.05447184394535,-0.03,3.78
1972-01-03,96.12808244387175,-0.03,3.73
1972-01-04,96.18451723714865,-0.03,3.64
1972-01-05,96.22377622377606,-0.03,3.65
1972-01-06,96.14771193718545,-0.03,3.64
1972-01-07,96.20414673046236,-0.03,3.65
1972-01-10,96.17960986382023,-0.03,3.64
1972-01-11,96.22377622377607,-0.03,3.62
1972-01-12,96.09618451723698,-0.03,3.46
1972-01-13,95.69868727763449,-0.02,3.45
1972-01-14,95.28892160471094,-0.02,3.27
1972-01-17,94.84725800515258,-0.03,3.51
1972-01-18,95.14170040485814,-0.02,3.65
1972-01-19,95.02637713164013,-0.02,3.66
1972-01-20,95.14170040485813,-0.02,3.69
1972-01-21,95.14906146485077,-0.02,3.68
1972-01-24,95.02637713164013,-0.02,3.44
1972-01-25,94.8472580051526,-0.02,3.41
1972-01-26,94.920868605079,-0.02,3.37
1972-01-27,94.97484971169166,-0.02,3.34
1972-01-28,95.03128450496857,-0.02,3.34
1972-01-31,95.06808980493176,-0.02,3.27
1972-02-01,94.90123911176529,-0.02,3.31
1972-02-02,94.3736964789595,-0.02,3.3
1972-02-03,94.66323150533663,-0.02,3.43
1972-02-04,95.06808980493176,-0.02,3.6
1972-02-07,95.03128450496857,-0.02,3.6
1972-02-08,94.93804441172848,-0.02,3.59
1972-02-09,94.73684210526302,-0.02,3.63
1972-02-10,94.73684210526302,-0.02,3.62
1972-02-11,94.66323150533663,-0.02,3.6
1972-02-14,94.73684210526302,-0.02,3.61
1972-02-15,94.8104527051894,-0.02,3.62
1972-02-16,94.33689117899631,-0.03,3.86
1972-02-17,94.42767758557218,-0.03,3.87
1972-02-18,94.44485339222169,-0.03,3.88
1972-02-21,94.44485339222169,-0.03,3.87
1972-02-22,94.70003680529983,-0.03,3.99
1972-02-23,94.62642620537343,-0.03,3.83
1972-02-24,94.62642620537343,-0.03,3.63
1972-02-25,94.9380444117285,-0.03,3.52
1972-02-28,95.08526561158126,-0.02,3.42
1972-02-29,94.920868605079,-0.03,3.44
1972-03-01,94.98466445834852,-0.02,3.42
1972-03-02,94.92086860507898,-0.02,3.43
1972-03-03,94.99447920500538,-0.02,3.42
1972-03-06,94.73684210526302,-0.02,3.47
1972-03-07,94.64605569868712,-0.02,3.47
1972-03-08,94.24610477242041,-0.02,3.68
1972-03-09,93.68911789964406,-0.02,4.04
1972-03-10,93.66948840633036,-0.02,4.03
1972-03-13,97.69844190896806,-0.06,13.36
1972-03-14,94.11851306588133,-0.08,17.54
1972-03-15,94.19212366580773,-0.08,17.52
1972-03-16,94.30008587903309,-0.08,17.47
1972-03-17,94.66323150533661,-0.07,17.51
1972-03-20,94.77364740522619,-0.07,17.52
1972-03-21,94.49883449883436,-0.07,17.53
1972-03-22,94.71966629861352,-0.07,17.54
1972-03-23,94.84725800515258,-0.07,17.54
1972-03-24,94.95767390504216,-0.07,17.55
1972-03-27,94.69022205864295,-0.07,17.57
1972-03-28,94.53563979879752,-0.07,17.51
1972-03-29,94.40804809225845,-0.07,17.51
1972-03-30,94.13814255919503,-0.07,17.53
1972-03-31,94.11851306588132,-0.07,17.53
1972-04-03,94.15531836584452,-0.07,17.51
1972-04-04,94.40804809225847,-0.07,17.53
1972-04-05,94.44485339222166,-0.07,17.53
1972-04-06,94.51846399214804,-0.07,17.5
1972-04-07,94.51846399214804,-0.07,17.49
1972-04-10,91.0121457489877,-0.05,20.81
1972-04-11,94.46448288553536,-0.04,23.81
1972-04-12,94.42767758557217,-0.04,23.81
1972-04-13,94.48165869218485,-0.04,23.81
1972-04-14,94.60925039872392,-0.04,23.8
1972-04-17,94.68286099865031,-0.04,23.8
1972-04-18,95.04846031161804,-0.04,23.79
1972-04-19,95.17850570482132,-0.04,23.72
1972-04-20,94.88406330511576,-0.04,23.74
1972-04-21,94.95767390504216,-0.04,19.92
1972-04-24,94.79082321187566,-0.04,16.44
1972-04-25,94.77364740522617,-0.04,16.44
1972-04-26,94.81045270518936,-0.04,16.44
1972-04-27,94.78346215188301,-0.04,16.4
1972-04-28,94.82762851183885,-0.04,16.39
1972-05-01,94.81045270518936,-0.04,16.37
1972-05-02,94.81045270518936,-0.04,16.35
1972-05-03,94.77364740522617,-0.04,16.35
1972-05-04,94.75401791191247,-0.04,16.35
1972-05-05,94.79082321187568,-0.04,16.32
1972-05-08,94.79082321187568,-0.04,16.32
1972-05-09,94.6460556986871,-0.04,16.32
1972-05-10,94.59207459207443,-0.04,16.29
1972-05-11,94.73684210526298,-0.04,16.3
1972-05-12,94.77364740522617,-0.04,16.3
1972-05-15,94.88406330511576,-0.04,16.28
1972-05-16,94.97484971169163,-0.04,16.28
1972-05-17,94.84725800515257,-0.04,16.29
1972-05-18,94.84725800515257,-0.04,16.29
1972-05-19,94.83744325849572,-0.04,11.28
1972-05-22,94.84725800515258,-0.04,1.99
1972-05-23,94.62642620537342,-0.04,2.11
1972-05-24,94.62642620537342,-0.04,2.11
1972-05-25,94.7000368052998,-0.04,2.08
1972-05-26,94.61906514538076,-0.04,2.09
1972-05-29,94.61906514538076,-0.04,1.71
1972-05-30,94.37369647895947,-0.04,1.79
1972-05-31,94.30008587903308,-0.04,1.57
1972-06-01,94.10133725923184,-0.04,1.64
1972-06-02,94.15531836584454,-0.04,1.6
1972-06-05,94.3000858790331,-0.04,1.68
1972-06-06,94.27309532572676,-0.04,1.67
1972-06-07,94.13814255919505,-0.04,1.71
1972-06-08,94.04735615261917,-0.04,1.71
1972-06-09,94.04735615261917,-0.04,1.71
1972-06-12,93.92221813274432,-0.04,1.74
1972-06-13,93.67930315298723,-0.04,1.87
1972-06-14,93.72346951294305,-0.04,1.89
1972-06-15,93.62532204637454,-0.04,1.88
1972-06-16,93.45601766654384,-0.04,1.92
1972-06-19,93.38486075328166,-0.04,1.9
1972-06-20,93.1885658201446,-0.04,1.96
1972-06-21,93.09287204024031,-0.04,1.86
1972-06-22,92.71500429395151,-0.04,2.1
1972-06-23,91.8635750214696,-0.03,3.22
1972-06-26,91.65746534167572,-0.03,3.17
1972-06-27,92.24389645442261,-0.03,3.9
1972-06-28,91.72616856827368,-0.03,4.13
1972-06-29,92.00098147466552,-0.03,4.31
1972-06-30,91.82922340817062,-0.03,4.3
1972-07-03,91.96662986136653,-0.03,4.35
1972-07-04,91.96662986136653,-0.03,4.35
1972-07-05,92.52116304747867,-0.03,4.8
1972-07-06,92.2438964544226,-0.03,4.85
1972-07-07,92.15801742117516,-0.03,4.84
1972-07-10,92.14084161452566,-0.03,4.82
1972-07-11,92.12366580787618,-0.03,4.82
1972-07-12,92.06968470126348,-0.03,4.8
1972-07-13,92.06232364127084,-0.03,4.79
1972-07-14,92.08686050791299,-0.03,4.75
1972-07-17,92.10649000122669,-0.03,4.76
1972-07-18,92.52116304747867,-0.03,5.01
1972-07-19,92.67819899398829,-0.03,5.05
1972-07-20,92.50398724082918,-0.03,5.07
1972-07-21,92.62667157403983,-0.03,5.09
1972-07-24,92.77634646055682,-0.03,5.09
1972-07-25,92.62667157403983,-0.03,5.09
1972-07-26,92.54815360078503,-0.03,5.09
1972-07-27,92.62667157403983,-0.03,5.09
1972-07-28,92.62667157403983,-0.03,5.09
1972-07-31,92.59231996074085,-0.03,5.05
1972-08-01,92.59231996074085,-0.03,5.05
1972-08-02,92.7150042939515,-0.03,4.92
1972-08-03,92.732180100601,-0.03,4.0
1972-08-04,92.69782848730202,-0.03,3.93
1972-08-07,92.64384738068932,-0.03,3.47
1972-08-08,92.67083793399567,-0.03,2.97
1972-08-09,92.71500429395148,-0.03,2.86
1972-08-10,92.71500429395148,-0.03,2.78
1972-08-11,92.73218010060098,-0.02,2.76
1972-08-14,92.73218010060098,-0.02,2.76
1972-08-15,92.80088332719895,-0.02,2.12
1972-08-16,92.83768862716214,-0.02,1.89
1972-08-17,92.9603729603728,-0.03,1.88
1972-08-18,92.9431971537233,-0.03,1.88
1972-08-21,93.03152987363497,-0.03,1.89
1972-08-22,92.80088332719893,-0.03,2.05
1972-08-23,92.73218010060098,-0.03,2.07
1972-08-24,92.73218010060098,-0.03,2.07
1972-08-25,92.90639185376011,-0.03,2.13
1972-08-28,92.69292111397358,-0.03,1.84
1972-08-29,92.80088332719895,-0.03,1.8
1972-08-30,92.7150042939515,-0.03,1.73
1972-08-31,92.79352226720631,-0.03,1.7
1972-09-01,92.73218010060098,-0.03,1.64
1972-09-04,92.73218010060098,-0.03,1.57
1972-09-05,92.80088332719895,-0.03,1.55
1972-09-06,92.77634646055682,-0.03,1.54
1972-09-07,92.68801374064516,-0.03,1.57
1972-09-08,92.71745798061572,-0.03,1.57
1972-09-11,92.74935590725049,-0.03,1.57
1972-09-12,92.7665317139,-0.03,1.52
1972-09-13,92.73218010060101,-0.03,1.52
1972-09-14,92.83768862716217,-0.03,1.56
1972-09-15,92.8646791804685,-0.03,1.55
1972-09-18,93.03889093362761,-0.03,1.64
1972-09-19,93.00453932032863,-0.03,1.64
1972-09-20,93.00453932032863,-0.03,1.64
1972-09-21,93.03152987363498,-0.03,1.64
1972-09-22,92.99472457367179,-0.03,1.65
1972-09-25,93.05606674027712,-0.03,1.64
1972-09-26,93.13703840019615,-0.03,1.66
1972-09-27,93.11986259354667,-0.03,1.62
1972-09-28,93.28671328671312,-0.03,1.69
1972-09-29,93.29652803336998,-0.03,1.68
1972-10-02,93.40203655993116,-0.03,1.5
1972-10-03,93.35050913998269,-0.03,1.49
1972-10-04,93.15421420684565,-0.02,1.64
1972-10-05,92.95055821371598,-0.02,1.7
1972-10-06,92.92602134707386,-0.02,1.54
1972-10-09,92.92602134707386,-0.02,1.51
1972-10-10,93.0487056802845,-0.02,1.52
1972-10-11,93.16893632683093,-0.02,1.55
1972-10-12,93.22537112010784,-0.02,1.53
1972-10-13,93.22537112010784,-0.02,1.53
1972-10-16,93.1983805668015,-0.02,1.53
1972-10-17,93.18856582014465,-0.02,1.53
1972-10-18,93.14439946018884,-0.02,1.5
1972-10-19,93.09287204024037,-0.02,1.51
1972-10-20,93.18120476015201,-0.02,1.53
1972-10-23,93.18120476015201,-0.02,1.53
1972-10-24,93.34560176665428,-0.02,1.6
1972-10-25,93.22537112010784,-0.02,1.63
1972-10-26,93.21555637345098,-0.02,1.64
1972-10-27,93.20819531345835,-0.02,1.54
1972-10-30,93.18856582014465,-0.02,1.54
1972-10-31,93.22537112010782,-0.02,1.54
1972-11-01,93.19347319347305,-0.02,1.55
1972-11-02,93.15421420684565,-0.02,1.55
1972-11-03,93.17139001349514,-0.02,1.54
1972-11-06,93.26463010673524,-0.02,1.54
1972-11-07,93.26463010673524,-0.02,1.54
1972-11-08,93.28671328671317,-0.02,1.45
1972-11-09,93.25972273340682,-0.02,1.45
1972-11-10,93.29652803337,-0.02,1.41
1972-11-13,93.28671328671315,-0.02,1.4
1972-11-14,93.3137038400195,-0.02,1.25
1972-11-15,93.22537112010782,-0.02,1.08
1972-11-16,93.26953748006368,-0.02,1.08
1972-11-17,93.29652803337,-0.02,1.08
1972-11-20,93.29652803337,-0.02,1.02
1972-11-21,93.25972273340682,-0.02,0.96
1972-11-22,93.21555637345097,-0.02,0.95
1972-11-23,93.21555637345097,-0.02,0.95
1972-11-24,93.05606674027713,-0.02,1.08
1972-11-27,92.59968102073351,-0.02,1.81
1972-11-28,92.87204024046115,-0.02,2.04
1972-11-29,92.66102318733883,-0.02,2.14
1972-11-30,92.65366212734618,-0.02,2.11
1972-12-01,92.40093240093225,-0.02,2.24
1972-12-04,92.57514415409136,-0.02,2.25
1972-12-05,92.54815360078501,-0.02,2.23
1972-12-06,92.60949576739034,-0.02,2.25
1972-12-07,92.60949576739034,-0.02,2.25
1972-12-08,92.61931051404719,-0.02,2.25
1972-12-11,92.62667157403982,-0.02,2.25
1972-12-12,92.68801374064515,-0.02,2.26
1972-12-13,92.60949576739034,-0.02,2.27
1972-12-14,92.548153600785,-0.02,2.27
1972-12-15,92.548153600785,-0.02,2.24
1972-12-18,92.59231996074084,-0.02,2.25
1972-12-19,92.61440314071875,-0.02,2.25
1972-12-20,92.50398724082916,-0.02,2.27
1972-12-21,92.29542387437105,-0.02,2.33
1972-12-22,92.24389645442258,-0.02,2.33
1972-12-25,92.24389645442258,-0.02,2.32
1972-12-26,92.2095448411236,-0.02,2.32
1972-12-27,92.24389645442258,-0.02,2.31
1972-12-28,92.45245982088068,-0.02,2.44
1972-12-29,92.52116304747864,-0.02,2.46
1973-01-01,92.52116304747864,-0.02,2.46
1973-01-02,92.53833885412813,-0.02,2.46
1973-01-03,92.34695129431951,-0.02,2.52
1973-01-04,92.43528401423117,-0.02,2.51
1973-01-05,92.3837565942827,-0.02,2.05
1973-01-08,92.48681143417966,-0.02,1.87
1973-01-09,92.33468286099846,-0.02,1.81
1973-01-10,92.22181327444466,-0.02,1.84
1973-01-11,92.2880628143784,-0.02,1.67
1973-01-12,92.30523862102788,-0.02,1.57
1973-01-15,92.36658078763323,-0.02,1.58
1973-01-16,92.33959023432688,-0.02,1.57
1973-01-17,92.26107226107206,-0.02,1.58
1973-01-18,92.26107226107206,-0.02,1.58
1973-01-19,92.23408170776572,-0.02,1.58
1973-01-22,91.28205128205109,-0.01,3.43
1973-01-23,91.55441050177873,-0.01,3.58
1973-01-24,90.66372224266941,-0.01,4.55
1973-01-25,90.24168813642478,-0.01,4.7
1973-01-26,90.07729112992251,-0.01,4.69
1973-01-29,88.88479941111501,0.0,5.96
1973-01-30,88.7891056312107,0.0,5.96
1973-01-31,88.83817936449499,0.0,5.98
1973-02-01,88.45295055821354,0.0,6.04
1973-02-02,88.67623604465693,0.0,6.15
1973-02-05,88.35725677830925,0.0,6.17
1973-02-06,88.00883327199101,0.0,6.19
1973-02-07,87.97693534535624,0.0,6.09
1973-02-08,87.35124524598193,0.0,6.25
1973-02-09,87.4763832658568,0.0,6.3
1973-02-12,87.4763832658568,0.0,6.3
1973-02-13,84.87302171512681,-0.01,10.55
1973-02-14,83.11863575021454,0.01,11.77
1973-02-15,82.39479818427172,0.01,11.82
1973-02-16,82.61562998405087,0.01,11.89
1973-02-19,82.61562998405087,0.01,11.93
1973-02-20,82.53220463746763,0.01,11.93
1973-02-21,82.00711569132606,0.02,11.87
1973-02-22,79.79389032020595,0.02,13.68
1973-02-23,80.3165255796833,0.01,14.02
1973-02-26,79.8993988467671,0.02,13.95
1973-02-27,78.5179732548152,0.02,14.37
1973-02-28,76.7979389032019,0.01,15.08
1973-03-01,76.7979389032019,0.01,15.1
1973-03-02,76.7979389032019,0.01,15.16
1973-03-05,78.79523984787126,0.02,17.71
1973-03-06,78.34130781499185,0.02,17.65
1973-03-07,78.01742117531575,0.02,17.65
1973-03-08,77.84566310882084,0.02,17.65
1973-03-09,78.09348546190635,0.02,17.62
1973-03-12,79.27861612072121,0.01,18.55
1973-03-13,80.18648018648,0.02,19.06
1973-03-14,79.58778064041205,0.02,19.1
1973-03-15,78.61857440804792,0.02,19.17
1973-03-16,79.4847258005151,0.02,19.7
1973-03-19,79.79389032020593,0.01,19.82
1973-03-20,79.5607900871057,0.02,19.8
1973-03-21,79.66629861366687,0.01,19.82
1973-03-22,79.69083548030899,0.01,19.8
1973-03-23,79.50926266715724,0.01,19.78
1973-03-26,79.25407925407909,0.01,17.93
1973-03-27,79.12648754754001,0.01,16.98
1973-03-28,79.20255183413062,0.01,16.86
1973-03-29,79.38167096061817,0.01,16.85
1973-03-30,79.58778064041206,0.01,16.89
1973-04-02,80.10796221322524,0.01,17.05
1973-04-03,79.990185253343,0.01,16.97
1973-04-04,79.3816709606182,0.01,15.02
1973-04-05,79.33014354066972,0.01,14.88
1973-04-06,79.50926266715727,0.01,14.82
1973-04-09,79.43319838056667,0.01,13.83
1973-04-10,79.43319838056667,0.01,11.93
1973-04-11,79.26634768740018,0.01,11.97
1973-04-12,79.25407925407913,0.01,11.97
1973-04-13,79.40620782726033,0.01,9.24
1973-04-16,79.43319838056667,0.01,9.05
1973-04-17,79.25407925407913,0.01,8.98
1973-04-18,79.40620782726033,0.01,8.95
1973-04-19,79.52398478714255,0.01,8.92
1973-04-20,79.53625322046362,0.01,7.71
1973-04-23,79.52398478714255,0.01,6.87
1973-04-24,79.62703962703948,0.01,6.51
1973-04-25,79.58778064041208,0.01,5.29
1973-04-26,79.6662986136669,0.01,4.17
1973-04-27,79.58778064041209,0.01,4.01
1973-04-30,79.53625322046362,0.01,3.92
1973-05-01,79.50926266715727,0.01,3.9
1973-05-02,79.53625322046362,0.01,3.9
1973-05-03,79.63930806036055,0.01,3.86
1973-05-04,79.71782603361535,0.01,3.73
1973-05-07,79.78162188688489,0.01,3.69
1973-05-08,79.53625322046359,0.01,3.82
1973-05-09,79.48472580051512,0.01,3.77
1973-05-10,79.56079008710573,0.01,3.7
1973-05-11,79.42092994724558,0.01,3.13
1973-05-14,78.01742117531576,0.02,6.11
1973-05-15,77.16108452950542,0.02,6.53
1973-05-16,77.4776101091889,0.02,6.71
1973-05-17,77.62483130904168,0.02,6.69
1973-05-18,77.16108452950543,0.02,6.87
1973-05-21,75.96613912403372,0.03,8.13
1973-05-22,76.13053613053599,0.03,8.2
1973-05-23,76.01275917065377,0.03,8.19
1973-05-24,76.24831309041821,0.03,8.25
1973-05-25,76.7022451232976,0.03,8.52
1973-05-28,76.7022451232976,0.03,8.52
1973-05-29,76.36854373696464,0.03,8.52
1973-05-30,75.91951907741365,0.04,8.58
1973-05-31,75.73058520426925,0.04,8.57
1973-06-01,75.42878174457105,0.04,8.58
1973-06-04,74.35406698564579,0.04,9.3
1973-06-05,74.80799901852518,0.05,9.63
1973-06-06,75.33554165133097,0.05,9.97
1973-06-07,75.7772052508893,0.05,10.24
1973-06-08,75.59072506440913,0.05,10.24
1973-06-11,75.7772052508893,0.05,10.31
1973-06-12,75.40424487792893,0.04,10.33
1973-06-13,76.01275917065375,0.04,10.71
1973-06-14,75.56864188443122,0.04,10.75
1973-06-15,75.17359833149291,0.05,10.77
1973-06-18,74.67059256532926,0.05,10.85
1973-06-19,74.98957183167694,0.05,11.02
1973-06-20,75.17359833149291,0.05,11.06
1973-06-21,74.64850938535133,0.05,11.17
1973-06-22,74.60188933873128,0.05,10.05
1973-06-25,74.83008219850309,0.05,9.7
1973-06-26,74.64850938535133,0.05,9.57
1973-06-27,74.44485339222165,0.05,9.53
1973-06-28,74.12832781253817,0.05,9.47
1973-06-29,71.85130658814853,0.05,12.35
1973-07-02,70.9164519690834,0.06,12.72
1973-07-03,69.47123052386196,0.06,13.83
1973-07-04,69.47123052386196,0.06,13.73
1973-07-05,68.46276530487042,0.06,13.84
1973-07-06,66.2274567537724,0.07,16.31
1973-07-09,67.8370752054961,0.07,18.49
1973-07-10,70.50913998282404,0.09,22.47
1973-07-11,70.79376763587274,0.09,22.55
1973-07-12,70.30548398969435,0.1,22.59
1973-07-13,70.38645564961337,0.09,22.31
1973-07-16,69.92516255674134,0.09,22.21
1973-07-17,69.11789964421527,0.09,22.18
1973-07-18,68.38670101827981,0.09,22.12
1973-07-19,69.90553306342764,0.09,23.4
1973-07-20,69.2553060974112,0.09,23.43
1973-07-23,69.00012268433305,0.09,23.42
1973-07-24,68.82591093117394,0.09,23.17
1973-07-25,68.80873512452445,0.09,23.18
1973-07-26,68.53882959146101,0.09,23.17
1973-07-27,68.82591093117394,0.09,23.24
1973-07-30,69.58900748374417,0.09,23.52
1973-07-31,69.70678444362639,0.09,23.51
1973-08-01,69.70678444362639,0.08,23.48
1973-08-02,70.00613421666037,0.08,23.56
1973-08-03,69.86627407680022,0.09,23.5
1973-08-06,70.71034228928949,0.09,23.89
1973-08-07,70.32511348300804,0.09,23.92
1973-08-08,70.24659550975322,0.09,23.91
1973-08-09,70.95571095571077,0.09,22.35
1973-08-10,72.38130290761852,0.08,22.79
1973-08-13,72.46472825420176,0.08,21.81
1973-08-14,73.97374555269275,0.07,22.54
1973-08-15,74.26328057906989,0.07,21.94
1973-08-16,74.80799901852517,0.07,18.91
1973-08-17,74.55772297877544,0.07,18.0
1973-08-20,72.38130290761853,0.08,17.12
1973-08-21,74.73929579192719,0.07,19.49
1973-08-22,74.53563979879753,0.07,19.36
1973-08-23,75.15151515151499,0.08,19.44
1973-08-24,74.51110293215541,0.08,19.54
1973-08-27,74.67059256532924,0.08,19.06
1973-08-28,74.78346215188303,0.08,18.62
1973-08-29,74.12832781253816,0.08,17.99
1973-08-30,74.35406698564576,0.08,17.64
1973-08-31,74.46693657219954,0.08,17.54
1973-09-03,74.46693657219954,0.08,17.49
1973-09-04,74.37615016562368,0.08,17.51
1973-09-05,73.99582873267066,0.08,17.55
1973-09-06,74.24119739909196,0.08,17.55
1973-09-07,73.61796098638187,0.08,17.65
1973-09-10,73.90504232609479,0.08,17.66
1973-09-11,74.30990062568993,0.08,17.67
1973-09-12,74.08416145258234,0.08,17.73
1973-09-13,74.51110293215541,0.08,17.72
1973-09-14,74.3982333456016,0.08,17.49
1973-09-17,73.75046006624937,0.07,17.64
1973-09-18,73.79462642620521,0.07,17.62
1973-09-19,74.0179119126486,0.08,17.44
1973-09-20,73.44129554655855,0.07,16.68
1973-09-21,73.95166237271485,0.07,16.79
1973-09-24,73.81670960618314,0.07,15.62
1973-09-25,73.83879278616106,0.07,15.57
1973-09-26,73.97374555269278,0.07,15.41
1973-09-27,74.15286467918033,0.07,15.4
1973-09-28,74.35406698564579,0.07,12.42
1973-10-01,74.21911421911406,0.07,7.83
1973-10-02,74.0179119126486,0.07,7.83
1973-10-03,74.10624463256028,0.07,7.39
1973-10-04,74.12832781253819,0.07,6.96
1973-10-05,74.06207827260444,0.07,6.92
1973-10-08,74.06207827260444,0.07,6.9
1973-10-09,74.06207827260444,0.07,6.38
1973-10-10,73.75046006624937,0.07,6.43
1973-10-11,73.61796098638187,0.07,6.42
1973-10-12,73.7725432462273,0.07,6.46
1973-10-15,74.01791191264859,0.07,6.55
1973-10-16,73.88295914611686,0.07,6.39
1973-10-17,73.70629370629352,0.07,6.34
1973-10-18,73.79462642620518,0.07,5.82
1973-10-19,74.28536375904778,0.07,6.04
1973-10-22,74.28536375904778,0.07,5.81
1973-10-23,73.90504232609477,0.07,5.94
1973-10-24,74.10624463256023,0.07,5.73
1973-10-25,74.21911421911403,0.07,5.74
1973-10-26,74.89878542510104,0.08,5.73
1973-10-29,76.03729603729586,0.08,7.2
1973-10-30,76.03729603729586,0.08,7.18
1973-10-31,76.05937921727379,0.08,6.65
1973-11-01,76.05937921727379,0.08,6.42
1973-11-02,75.49748497116902,0.08,6.85
1973-11-05,75.94160225739157,0.08,7.01
1973-11-06,75.94160225739157,0.08,7.01
1973-11-07,76.46178383020471,0.08,7.22
1973-11-08,76.58201447675116,0.08,7.21
1973-11-09,76.86909581646408,0.07,7.19
1973-11-12,78.19163292847487,0.07,8.51
1973-11-13,78.16709606183275,0.07,8.53
1973-11-14,77.4776101091889,0.07,9.11
1973-11-15,77.94381057538936,0.07,9.17
1973-11-16,77.84566310882084,0.07,9.2
1973-11-19,77.77205250889445,0.07,9.22
1973-11-20,77.91927370874724,0.07,9.04
1973-11-21,78.11802232854849,0.07,8.97
1973-11-22,78.11802232854849,0.07,8.99
1973-11-23,79.25407925407909,0.07,9.73
1973-11-26,78.67010182799639,0.07,10.09
1973-11-27,78.41737210158246,0.07,10.12
1973-11-28,78.44190896822458,0.07,10.14
1973-11-29,78.77070298122912,0.07,10.06
1973-11-30,78.64311127469004,0.07,10.1
1973-12-03,78.59403754140578,0.08,9.9
1973-12-04,78.7707029812291,0.07,9.89
1973-12-05,78.39283523494032,0.08,10.11
1973-12-06,77.84566310882083,0.07,10.19
1973-12-07,77.91927370874721,0.07,9.25
1973-12-10,78.34130781499185,0.07,9.35
1973-12-11,78.46889952153091,0.07,9.35
1973-12-12,78.29223408170759,0.07,9.4
1973-12-13,78.3682983682982,0.07,9.03
1973-12-14,78.49343638817305,0.07,8.92
1973-12-17,78.49343638817305,0.07,8.92
1973-12-18,78.46889952153093,0.07,8.75
1973-12-19,78.49343638817307,0.07,8.75
1973-12-20,78.31677094834973,0.07,8.75
1973-12-21,77.94381057538936,0.07,7.26
1973-12-24,78.14255919519061,0.07,7.3
1973-12-25,78.14255919519061,0.07,6.77
1973-12-26,78.26769721506547,0.07,6.55
1973-12-27,79.2786161207212,0.07,7.55
1973-12-28,79.69083548030898,0.07,7.65
1973-12-31,79.7693534535638,0.07,7.65
1974-01-01,79.7693534535638,0.07,7.63
1974-01-02,81.73475647159839,0.07,10.4
1974-01-03,81.57281315176034,0.07,9.64
1974-01-04,81.73475647159839,0.07,9.29
1974-01-07,84.08784198257862,0.07,12.21
1974-01-08,83.77131640289515,0.07,12.34
1974-01-09,83.03521040363128,0.07,12.76
1974-01-10,82.33836339099479,0.08,13.09
1974-01-11,82.64262053735719,0.08,13.08
1974-01-14,83.1186357502145,0.08,13.14
1974-01-15,83.37381916329264,0.08,12.98
1974-01-16,82.86590602380056,0.08,12.92
1974-01-17,83.11863575021448,0.08,12.92
1974-01-18,82.67206477732772,0.08,13.08
1974-01-21,83.34437492332208,0.08,13.21
1974-01-22,83.00576616366068,0.08,13.28
1974-01-23,83.37381916329262,0.08,13.29
1974-01-24,82.78248067721731,0.08,13.58
1974-01-25,82.83891547049421,0.08,13.57
1974-01-28,82.4757698441907,0.08,13.69
1974-01-29,81.54582259845398,0.08,14.23
1974-01-30,80.84652189915329,0.08,14.5
1974-01-31,79.87240829346072,0.08,14.94
1974-02-01,80.1324990798673,0.08,14.95
1974-02-04,79.02343270764304,0.09,15.59
1974-02-05,79.66629861366683,0.09,15.76
1974-02-06,79.7938903202059,0.09,15.3
1974-02-07,79.4331983805666,0.08,15.29
1974-02-08,79.27861612072118,0.09,15.29
1974-02-11,78.71917556128064,0.09,15.43
1974-02-12,78.71917556128064,0.09,13.38
1974-02-13,78.4688995215309,0.09,13.39
1974-02-14,78.34130781499182,0.09,13.35
1974-02-15,78.29223408170756,0.09,9.64
1974-02-18,78.29223408170756,0.09,9.66
1974-02-19,77.20770457612542,0.09,10.09
1974-02-20,76.79793890320185,0.09,9.97
1974-02-21,76.03729603729583,0.08,10.03
1974-02-22,75.22021837811292,0.08,9.93
1974-02-25,76.58201447675111,0.08,11.68
1974-02-26,75.94160225739152,0.07,11.76
1974-02-27,77.06293706293684,0.08,12.78
1974-02-28,76.86909581646401,0.08,12.76
1974-03-01,77.30585204269393,0.08,12.59
1974-03-04,77.50214697583097,0.08,12.67
1974-03-05,77.03840019629472,0.07,12.54
1974-03-06,76.91816954974828,0.07,12.47
1974-03-07,76.91816954974828,0.07,12.45
1974-03-08,76.43970065022675,0.07,12.49
1974-03-11,75.54410501778904,0.08,12.52
1974-03-12,75.77720525088924,0.08,12.49
1974-03-13,75.70850202429129,0.08,12.11
1974-03-14,76.43970065022675,0.08,12.5
1974-03-15,76.24831309041814,0.08,11.91
1974-03-18,75.94160225739152,0.08,11.58
1974-03-19,75.59072506440909,0.08,11.57
1974-03-20,75.03619187829696,0.08,11.66
1974-03-21,74.35406698564574,0.08,11.85
1974-03-22,75.03619187829696,0.08,12.22
1974-03-25,73.44129554655852,0.08,13.57
1974-03-26,73.72837688627143,0.08,13.7
1974-03-27,74.19703103913609,0.08,13.93
1974-03-28,73.24500061342147,0.08,14.31
1974-03-29,73.99582873267065,0.08,14.78
1974-04-01,74.64850938535129,0.08,14.63
1974-04-02,74.33198380566782,0.08,14.61
1974-04-03,75.26683842473297,0.08,14.89
1974-04-04,75.45086492454894,0.08,14.55
1974-04-05,75.01410869831902,0.08,13.55
1974-04-08,75.198135198135,0.08,13.37
1974-04-09,75.49748497116899,0.08,12.62
1974-04-10,75.45086492454894,0.08,12.61
1974-04-11,75.082811924917,0.08,12.51
1974-04-12,75.15151515151497,0.08,12.48
1974-04-15,75.17359833149287,0.08,12.39
1974-04-16,75.03619187829696,0.07,12.39
1974-04-17,74.69267574530714,0.07,12.44
1974-04-18,74.17494785915821,0.07,12.47
1974-04-19,74.26328057906987,0.07,12.03
1974-04-22,73.9295791927369,0.07,12.03
1974-04-23,73.20083425346564,0.08,12.33
1974-04-24,72.76653171389994,0.08,11.94
1974-04-25,73.11250153355397,0.08,12.09
1974-04-26,72.85241074714739,0.08,12.08
1974-04-29,71.74579806158734,0.08,12.75
1974-04-30,71.95436142804544,0.08,12.7
1974-05-01,72.08195313458452,0.08,12.51
1974-05-02,72.42301558091012,0.08,12.24
1974-05-03,72.63648632069665,0.08,10.56
1974-05-06,71.59857686173456,0.08,11.26
1974-05-07,72.0402404612929,0.08,11.25
1974-05-08,71.039136302294,0.07,11.36
1974-05-09,70.77168445589479,0.07,10.84
1974-05-10,70.50913998282401,0.07,10.37
1974-05-13,69.31419457735228,0.08,11.3
1974-05-14,68.92405839774243,0.08,10.34
1974-05-15,71.12010796221303,0.07,14.54
1974-05-16,70.97779413568868,0.07,14.49
1974-05-17,71.01950680898031,0.07,14.45
1974-05-20,72.27334069439313,0.07,15.5
1974-05-21,71.6402895350262,0.07,15.65
1974-05-22,71.0587657956077,0.07,15.74
1974-05-23,70.93608146239706,0.07,15.71
1974-05-24,71.82922340817058,0.08,16.29
1974-05-27,71.82922340817058,0.08,16.3
1974-05-28,72.44509876088804,0.08,16.54
1974-05-29,73.64004416635976,0.07,17.23
1974-05-30,73.37504600662476,0.07,17.25
1974-05-31,73.11250153355397,0.07,17.23
1974-06-03,72.65856950067456,0.06,17.08
1974-06-04,72.91866028708115,0.06,17.02
1974-06-05,72.46472825420175,0.06,17.06
1974-06-06,71.85130658814852,0.06,17.21
1974-06-07,72.2095448411236,0.06,16.65
1974-06-10,72.72236535394411,0.06,16.76
1974-06-11,73.17875107348773,0.06,16.85
1974-06-12,73.83879278616104,0.06,16.99
1974-06-13,73.64004416635977,0.06,17.01
1974-06-14,73.50754508649227,0.06,16.39
1974-06-17,73.35296282664686,0.06,16.33
1974-06-18,73.5517114464481,0.06,15.7
1974-06-19,73.64004416635977,0.06,15.62
1974-06-20,73.75046006624936,0.06,15.54
1974-06-21,74.08416145258232,0.06,14.44
1974-06-24,74.69267574530714,0.06,14.33
1974-06-25,73.97374555269275,0.05,11.77
1974-06-26,73.99582873267066,0.05,11.73
1974-06-27,73.59587780640395,0.06,11.9
1974-06-28,73.61796098638186,0.06,10.78
1974-07-01,73.90504232609477,0.06,10.41
1974-07-02,73.24500061342148,0.06,10.48
1974-07-03,72.87449392712533,0.06,10.61
1974-07-04,72.87449392712533,0.06,9.99
1974-07-05,73.09041835357606,0.06,10.01
1974-07-08,73.24500061342147,0.06,9.72
1974-07-09,73.44129554655851,0.06,8.41
1974-07-10,73.59587780640392,0.06,8.36
1974-07-11,73.64004416635974,0.06,8.28
1974-07-12,73.20083425346562,0.05,8.26
1974-07-15,72.91866028708114,0.05,8.29
1974-07-16,73.00453932032859,0.05,8.06
1974-07-17,72.20954484112359,0.05,8.34
1974-07-18,72.42301558091012,0.05,8.25
1974-07-19,72.48681143417966,0.05,7.97
1974-07-22,72.12366580787612,0.05,7.85
1974-07-23,71.7237148816094,0.05,7.41
1974-07-24,70.8133971291864,0.04,8.2
1974-07-25,72.0819531345845,0.04,9.99
1974-07-26,72.2316280211015,0.04,10.01
1974-07-29,72.18746166114568,0.04,9.96
1974-07-30,72.91866028708112,0.04,10.46
1974-07-31,72.74444853392201,0.04,10.46
1974-08-01,72.50889461415755,0.04,10.37
1974-08-02,72.48681143417966,0.04,10.0
1974-08-05,72.27334069439311,0.04,9.66
1974-08-06,72.53097779413548,0.04,9.74
1974-08-07,72.70273586063038,0.04,9.67
1974-08-08,73.04870568028441,0.04,9.79
1974-08-09,72.55060728744918,0.04,9.9
1974-08-12,72.8965771071032,0.04,9.67
1974-08-13,73.35296282664682,0.04,9.73
1974-08-14,72.96037296037274,0.04,9.88
1974-08-15,73.15666789350979,0.04,9.87
1974-08-16,73.3308796466689,0.04,9.87
1974-08-19,73.79462642620516,0.03,10.02
1974-08-20,73.48546190651433,0.03,10.09
1974-08-21,73.81670960618307,0.03,10.18
1974-08-22,73.88295914611682,0.03,10.0
1974-08-23,73.66212734633766,0.03,9.97
1974-08-26,73.39712918660265,0.03,10.04
1974-08-27,73.99582873267062,0.03,9.69
1974-08-28,73.61796098638183,0.03,9.83
1974-08-29,73.79462642620517,0.03,9.85
1974-08-30,73.88295914611683,0.03,9.69
1974-09-02,73.88295914611683,0.03,9.49
1974-09-03,73.88295914611683,0.03,8.48
1974-09-04,73.88295914611683,0.03,6.82
1974-09-05,74.219114219114,0.03,6.9
1974-09-06,74.06207827260438,0.03,6.95
1974-09-09,73.9516623727148,0.03,6.36
1974-09-10,73.61796098638185,0.03,6.48
1974-09-11,74.01791191264856,0.03,6.55
1974-09-12,73.75046006624935,0.03,6.67
1974-09-13,73.8167096061831,0.03,6.58
1974-09-16,73.75046006624935,0.03,6.54
1974-09-17,73.46337872653643,0.03,6.65
1974-09-18,73.22291743344356,0.03,6.59
1974-09-19,73.46337872653643,0.03,6.29
1974-09-20,73.50754508649227,0.03,6.15
1974-09-23,73.24500061342147,0.03,5.96
1974-09-24,73.26708379339941,0.03,5.73
1974-09-25,73.20083425346564,0.03,5.68
1974-09-26,73.04870568028444,0.03,5.67
1974-09-27,72.8524107471474,0.03,5.35
1974-09-30,72.3813029076185,0.03,5.54
1974-10-01,72.16783216783197,0.03,5.36
1974-10-02,72.42301558091013,0.03,5.49
1974-10-03,72.2095448411236,0.03,5.49
1974-10-04,71.74579806158735,0.03,5.69
1974-10-07,71.82922340817058,0.03,5.03
1974-10-08,71.91264875475383,0.03,4.9
1974-10-09,71.28695865537952,0.03,5.34
1974-10-10,71.62066004171247,0.03,5.58
1974-10-11,71.74579806158734,0.03,5.63
1974-10-14,71.74579806158734,0.03,5.63
1974-10-15,71.55686418844294,0.03,5.65
1974-10-16,71.12010796221303,0.03,5.56
1974-10-17,71.0587657956077,0.03,5.56
1974-10-18,70.87473929579173,0.03,5.57
1974-10-21,70.91645196908335,0.03,5.52
1974-10-22,70.509139982824,0.03,5.27
1974-10-23,69.944792050055,0.03,5.57
1974-10-24,69.944792050055,0.03,5.54
1974-10-25,69.9251625567413,0.03,5.55
1974-10-28,69.94479205005501,0.03,5.55
1974-10-29,69.94479205005501,0.03,5.55
1974-10-30,70.4870568028461,0.04,6.05
1974-10-31,70.42816832290498,0.04,6.02
1974-11-01,70.10428168322888,0.04,6.06
1974-11-04,69.58900748374415,0.04,6.28
1974-11-05,69.58900748374415,0.04,6.3
1974-11-06,69.11789964421526,0.04,6.47
1974-11-07,68.40387682492928,0.04,6.95
1974-11-08,68.654152864679,0.04,7.03
1974-11-11,68.654152864679,0.04,7.04
1974-11-12,69.56937799043045,0.03,8.22
1974-11-13,68.92405839774244,0.03,8.55
1974-11-14,67.00282173966367,0.03,11.63
1974-11-15,66.49490860017158,0.03,11.68
1974-11-18,63.98233345601751,0.05,15.8
1974-11-19,65.04968715495013,0.05,16.87
1974-11-20,67.78064041221919,0.04,21.37
1974-11-21,69.11789964421526,0.04,22.3
1974-11-22,67.18684823947964,0.04,23.72
1974-11-25,65.96000490737316,0.04,24.21
1974-11-26,65.34412955465571,0.04,24.27
1974-11-27,65.8716721874615,0.04,24.48
1974-11-28,65.8716721874615,0.04,24.5
1974-11-29,66.54888970678428,0.04,24.78
1974-12-02,67.31689363268293,0.03,25.08
1974-12-03,66.76726781989922,0.03,25.09
1974-12-04,65.72935836093713,0.03,25.43
1974-12-05,65.04968715495013,0.04,25.54
1974-12-06,65.43246227456736,0.03,25.65
1974-12-09,64.80922586185727,0.03,25.73
1974-12-10,64.5712182554286,0.03,25.53
1974-12-11,64.43381180223268,0.03,25.52
1974-12-12,63.749233222917255,0.03,25.62
1974-12-13,64.0976567292355,0.03,25.72
1974-12-16,63.71488160961828,0.03,25.72
1974-12-17,62.434057170899116,0.03,26.22
1974-12-18,62.91497975708486,0.03,26.34
1974-12-19,63.94798184271851,0.03,26.89
1974-12-20,62.91497975708486,0.03,27.2
1974-12-23,62.995951417003894,0.03,26.76
1974-12-24,62.277021224389486,0.03,26.82
1974-12-25,62.277021224389486,0.03,25.7
1974-12-26,62.039013617960826,0.03,25.66
1974-12-27,61.651331125015176,0.03,23.14
1974-12-30,61.88443135811541,0.03,22.53
1974-12-31,62.43405717089912,0.03,18.55
1975-01-01,62.43405717089912,0.03,17.24
1975-01-02,63.125996810207184,0.03,15.96
1975-01-03,62.0880873512451,0.03,15.79
1975-01-06,62.18132744448519,0.03,15.66
1975-01-07,62.18132744448519,0.03,15.38
1975-01-08,63.238866396761,0.03,16.38
1975-01-09,62.85118390381535,0.03,16.03
1975-01-10,62.86590602380062,0.03,15.49
1975-01-13,62.80211017053108,0.03,15.39
1975-01-14,63.20696847012622,0.03,15.0
1975-01-15,63.059747270273434,0.03,14.74
1975-01-16,62.91497975708488,0.03,14.59
1975-01-17,62.83400809716585,0.03,14.36
1975-01-20,61.82063550484589,0.03,15.05
1975-01-21,61.5580910317751,0.03,15.07
1975-01-22,62.03901361796083,0.03,15.05
1975-01-23,61.34216660532436,0.03,15.23
1975-01-24,60.66004171267315,0.02,15.45
1975-01-27,59.195190774138005,0.01,15.95
1975-01-28,60.583977426082555,0.01,17.42
1975-01-29,61.572813151760386,0.02,17.41
1975-01-30,61.19003803214317,0.02,16.86
1975-01-31,61.234204392099,0.02,16.85
1975-02-03,61.83781131149539,0.02,16.83
1975-02-04,62.515028830818174,0.02,17.15
1975-02-05,62.34081707765905,0.02,17.13
1975-02-06,62.02429149797557,0.02,17.1
1975-02-07,61.85253343148066,0.02,17.08
1975-02-10,61.41823089191496,0.02,16.98
1975-02-11,61.49674886516978,0.02,16.99
1975-02-12,61.49674886516978,0.02,16.61
1975-02-13,60.66004171267315,0.02,16.38
1975-02-14,60.554533186112,0.01,16.36
1975-02-17,60.554533186112,0.01,16.36
1975-02-18,60.53981106612672,0.01,15.41
1975-02-19,60.85633664581018,0.01,15.47
1975-02-20,60.139860139860005,0.01,15.79
1975-02-21,60.09569377990416,0.01,15.79
1975-02-24,59.64176174702476,0.01,15.69
1975-02-25,59.49699423383619,0.01,15.69
1975-02-26,59.06759906759892,0.01,15.77
1975-02-27,58.77070298122914,0.01,15.79
1975-02-28,58.969451601030386,0.01,15.27
1975-03-03,58.94000736105982,0.01,15.25
1975-03-04,59.93375046006608,0.01,15.97
1975-03-05,59.78652926021329,0.01,15.67
1975-03-06,59.93375046006608,0.01,15.37
1975-03-07,60.70420807262895,0.01,13.94
1975-03-10,60.63059747270256,0.02,12.1
1975-03-11,60.61587535271728,0.02,11.01
1975-03-12,61.00601153232714,0.01,11.06
1975-03-13,61.11397374555252,0.01,11.07
1975-03-14,61.03790945896193,0.01,10.64
1975-03-17,61.08207581891776,0.01,10.05
1975-03-18,60.58397742608253,0.01,10.28
1975-03-19,60.3901361796097,0.02,10.23
1975-03-20,60.80971659919011,0.01,10.47
1975-03-21,61.158140105508366,0.01,10.44
1975-03-24,61.55809103177508,0.01,10.62
1975-03-25,61.5433689117898,0.01,10.62
1975-03-26,61.8844313581154,0.01,9.85
1975-03-27,62.40215924426433,0.02,10.07
1975-03-28,62.308919151024234,0.02,10.1
1975-03-31,62.277021224389465,0.02,10.1
1975-04-01,61.83781131149534,0.02,10.29
1975-04-02,62.16660532449987,0.02,9.63
1975-04-03,62.308919151024234,0.02,9.62
1975-04-04,62.91497975708483,0.02,9.54
1975-04-07,62.610722610722426,0.02,9.67
1975-04-08,62.5297509508034,0.02,9.31
1975-04-09,62.72113851061201,0.02,9.05
1975-04-10,63.22414427677566,0.02,9.21
1975-04-11,63.05974727027339,0.02,9.29
1975-04-14,63.28794013004519,0.02,8.17
1975-04-15,63.04502515028811,0.02,8.25
1975-04-16,62.97877561035436,0.02,8.29
1975-04-17,63.01312722365334,0.02,7.55
1975-04-18,63.05974727027339,0.02,7.51
1975-04-21,63.05974727027339,0.02,7.51
1975-04-22,62.89780395043534,0.02,7.43
1975-04-23,62.51502883081811,0.02,7.73
1975-04-24,62.561648877438145,0.02,7.7
1975-04-25,63.02784934363861,0.02,7.95
1975-04-28,62.99595141700384,0.02,7.43
1975-04-29,62.753036437246756,0.02,7.47
1975-04-30,62.77021224389625,0.02,7.27
1975-05-01,62.75303643724677,0.02,7.14
1975-05-02,62.80211017053102,0.02,6.92
1975-05-05,62.561648877438145,0.02,7.05
1975-05-06,62.46595509753383,0.02,6.9
1975-05-07,62.056189424610274,0.02,6.74
1975-05-08,61.464850938534944,0.02,7.3
1975-05-09,61.57281315176031,0.02,7.33
1975-05-12,61.60471107839508,0.02,7.03
1975-05-13,60.750828119248965,0.02,7.95
1975-05-14,60.809716599190075,0.02,7.92
1975-05-15,61.791191264875266,0.02,8.87
1975-05-16,61.86725555146586,0.01,8.78
1975-05-19,61.791191264875266,0.01,8.78
1975-05-20,61.6660532450004,0.01,8.73
1975-05-21,61.219482272113645,0.01,8.53
1975-05-22,60.88578088578067,0.01,8.62
1975-05-23,60.8710587657954,0.01,8.5
1975-05-26,60.8710587657954,0.01,8.47
1975-05-27,60.765550239234244,0.01,8.47
1975-05-28,60.90050300576596,0.01,8.52
1975-05-29,61.14341798552303,0.01,8.64
1975-05-30,61.38878665194433,0.01,8.77
1975-06-02,61.29554655870424,0.01,8.75
1975-06-03,61.03790945896188,0.01,8.67
1975-06-04,61.251380198748414,0.01,8.75
1975-06-05,61.204760152128365,0.01,8.38
1975-06-06,61.418230891914895,0.01,8.49
1975-06-09,61.51147098515499,0.01,8.46
1975-06-10,61.356888725309574,0.01,8.48
1975-06-11,61.143417985523044,0.01,8.51
1975-06-12,61.05263157894717,0.01,8.5
1975-06-13,61.113973745552485,0.01,8.47
1975-06-16,60.915225125751235,0.01,8.5
1975-06-17,60.90050300576596,0.01,8.31
1975-06-18,61.11397374555247,0.01,7.92
1975-06-19,61.17286222549359,0.01,7.91
1975-06-20,61.19003803214308,0.01,7.91
1975-06-23,61.29554655870424,0.01,6.68
1975-06-24,61.28082443871896,0.01,6.68
1975-06-25,61.23420439209891,0.01,4.55
1975-06-26,61.19003803214308,0.01,4.53
1975-06-27,61.3421666053243,0.01,4.6
1975-06-30,61.403508771929616,0.0,4.58
1975-07-01,61.634155318365636,0.0,4.16
1975-07-02,62.18132744448512,0.0,4.53
1975-07-03,62.277021224389436,0.0,4.53
1975-07-04,62.277021224389436,0.0,4.53
1975-07-07,62.819285977180506,0.0,5.03
1975-07-08,62.57882468408763,0.0,5.23
1975-07-09,62.64262053735716,0.0,5.15
1975-07-10,63.05974727027337,-0.01,5.35
1975-07-11,63.238866396760926,-0.01,5.33
1975-07-14,63.354189669978936,-0.01,5.07
1975-07-15,63.53330879646649,-0.01,5.05
1975-07-16,63.898908109434224,-0.01,5.18
1975-07-17,64.33321064899992,-0.01,5.39
1975-07-18,64.77487424855826,-0.01,5.61
1975-07-21,64.87792908845522,-0.01,5.45
1975-07-22,65.01533554165115,-0.01,5.19
1975-07-23,65.69500674763815,-0.01,5.62
1975-07-24,65.55514660777801,-0.01,5.78
1975-07-25,65.29260213470724,-0.01,5.85
1975-07-28,65.8520426941478,-0.01,6.07
1975-07-29,66.06551343393431,-0.01,6.07
1975-07-30,66.31578947368405,-0.01,6.05
1975-07-31,66.17347564715969,-0.01,6.19
1975-08-01,66.20782726045869,-0.01,6.22
1975-08-04,65.90602380076048,-0.01,6.53
1975-08-05,65.4152864679179,-0.01,7.12
1975-08-06,65.72935836093716,-0.01,7.1
1975-08-07,66.11949454054702,-0.01,7.18
1975-08-08,65.96000490737318,-0.01,7.32
1975-08-11,65.96000490737318,-0.01,7.34
1975-08-12,65.99435652067216,-0.01,7.08
1975-08-13,65.81769108084883,-0.01,7.22
1975-08-14,65.22389890810929,0.0,7.91
1975-08-15,65.48398969451587,0.0,7.65
1975-08-18,65.36130536130523,-0.01,7.54
1975-08-19,65.29260213470727,0.0,7.58
1975-08-20,65.58949822107704,-0.01,7.47
1975-08-21,65.55514660777806,0.0,7.48
1975-08-22,65.6950067476382,0.0,7.48
1975-08-25,65.87167218746154,0.0,7.48
1975-08-26,65.74653416758667,0.0,7.4
1975-08-27,65.67783094098871,0.0,7.2
1975-08-28,65.80051527419937,0.0,6.96
1975-08-29,65.87167218746154,0.0,6.95
1975-09-01,65.87167218746154,0.0,6.93
1975-09-02,65.85204269414784,0.0,6.21
1975-09-03,65.60667402772654,0.0,6.28
1975-09-04,65.81769108084886,0.0,6.22
1975-09-05,65.85204269414785,0.0,5.67
1975-09-08,65.83486688749836,0.0,5.59
1975-09-09,65.83486688749836,0.0,5.45
1975-09-10,65.94037541405952,0.0,5.45
1975-09-11,66.06551343393438,0.0,5.48
1975-09-12,66.20782726045874,0.0,5.33
1975-09-15,66.20782726045874,0.0,4.78
1975-09-16,66.58569500674754,0.0,4.87
1975-09-17,66.82124892651198,0.0,4.66
1975-09-18,66.82124892651198,0.0,4.59
1975-09-19,66.76726781989929,0.0,4.6
1975-09-22,67.03962703962694,0.0,4.73
1975-09-23,66.98564593301425,0.0,4.64
1975-09-24,66.91203533308786,0.0,3.6
1975-09-25,66.89485952643838,0.0,3.48
1975-09-26,67.37087473929569,0.0,3.87
1975-09-29,67.55735492577588,0.0,3.85
1975-09-30,67.35369893264621,0.0,3.9
1975-10-01,66.54888970678435,0.0,5.49
1975-10-02,66.35259477364733,0.0,5.56
1975-10-03,66.82124892651198,0.0,5.87
1975-10-06,66.47773279352216,0.0,6.07
1975-10-07,66.17347564715976,0.0,6.24
1975-10-08,66.24463256042195,0.0,6.23
1975-10-09,66.0115323273217,0.0,6.32
1975-10-10,65.25825052140833,0.0,7.21
1975-10-13,65.25825052140833,0.0,7.21
1975-10-14,65.81769108084887,0.0,7.59
1975-10-15,65.3097779413568,0.0,7.88
1975-10-16,64.9122807017543,0.0,8.07
1975-10-17,65.04968715495022,0.0,8.1
1975-10-20,64.92945650840379,0.0,8.11
1975-10-21,64.72334682860989,0.0,8.13
1975-10-22,64.46816341553175,0.0,8.15
1975-10-23,64.63992148202665,0.0,8.16
1975-10-24,64.58839406207818,0.0,8.16
1975-10-27,64.68899521531092,0.0,7.94
1975-10-28,64.9122807017543,0.0,7.94
1975-10-29,64.7405226352594,0.0,7.95
1975-10-30,64.50251502883073,0.0,7.98
1975-10-31,64.401913875598,0.0,7.82
1975-11-03,64.36756226229902,0.0,7.82
1975-11-04,64.36756226229902,0.0,7.83
1975-11-05,64.86075328180583,0.0,8.27
1975-11-06,64.58839406207818,0.0,7.92
1975-11-07,64.63992148202666,0.0,7.85
1975-11-10,64.67181940866142,0.0,7.86
1975-11-11,64.67181940866142,0.0,7.14
1975-11-12,64.72334682860989,0.0,7.13
1975-11-13,64.98098392835226,0.0,6.87
1975-11-14,65.3097779413568,0.0,6.97
1975-11-17,65.72935836093721,0.0,7.16
1975-11-18,65.43246227456744,0.0,7.26
1975-11-19,65.2754263280578,0.0,7.23
1975-11-20,65.03251134830073,0.0,6.45
1975-11-21,65.41528646791794,0.0,6.7
1975-11-24,65.39565697460425,0.0,6.16
1975-11-25,65.32695374800628,0.0,5.72
1975-11-26,65.5355171144644,0.0,5.46
1975-11-27,65.5355171144644,0.0,5.44
1975-11-28,65.67783094098874,0.0,5.42
1975-12-01,65.43246227456746,0.0,5.46
1975-12-02,65.27542632805782,0.0,5.37
1975-12-03,65.1012145748987,0.0,5.4
1975-12-04,64.84357747515634,0.0,5.54
1975-12-05,64.7576984419089,0.0,5.54
1975-12-08,64.31603484235056,0.0,5.8
1975-12-09,64.63992148202666,0.0,5.96
1975-12-10,64.62274567537717,0.0,5.86
1975-12-11,64.7233468286099,0.0,5.85
1975-12-12,64.7576984419089,0.0,5.85
1975-12-15,64.7576984419089,0.0,5.85
1975-12-16,64.63992148202668,0.0,5.4
1975-12-17,64.48533922218125,0.0,5.3
1975-12-18,64.41908968224752,0.0,5.3
1975-12-19,64.436265488897,0.0,5.3
1975-12-22,64.38473806894854,0.0,5.3
1975-12-23,64.26696110906632,0.0,5.32
1975-12-24,64.41908968224752,0.0,5.22
1975-12-25,64.41908968224752,0.0,4.95
1975-12-26,64.41908968224752,0.0,4.48
1975-12-29,64.35038645564954,0.0,4.32
1975-12-30,64.35038645564954,0.0,4.28
1975-12-31,64.31603484235056,0.0,4.16
1976-01-01,64.31603484235056,0.0,3.69
1976-01-02,64.23260949576732,0.0,3.69
1976-01-05,63.5676604097656,-0.01,4.72
1976-01-06,63.64863206968463,-0.01,4.59
1976-01-07,63.76640902956686,0.0,4.66
1976-01-08,63.81548276285112,-0.01,4.6
1976-01-09,63.965157649368095,-0.01,4.62
1976-01-12,63.93080603606912,-0.01,4.59
1976-01-13,63.96515764936811,-0.01,4.57
1976-01-14,63.81548276285112,-0.01,4.48
1976-01-15,63.83265856950061,-0.01,4.48
1976-01-16,63.81548276285112,-0.01,4.02
1976-01-19,63.84738068948589,-0.01,3.69
1976-01-20,63.89890810943436,-0.01,3.7
1976-01-21,64.04858299595134,-0.01,3.75
1976-01-22,63.89890810943435,-0.01,3.78
1976-01-23,63.91363022941962,-0.01,3.79
1976-01-26,63.86455649613535,-0.01,3.76
1976-01-27,63.86455649613535,-0.01,3.72
1976-01-28,63.86455649613535,-0.01,3.71
1976-01-29,63.84738068948587,-0.01,3.71
1976-01-30,63.84738068948587,-0.01,3.7
1976-02-02,63.013127223653456,-0.02,5.33
1976-02-03,63.5504846031161,-0.02,5.94
1976-02-04,63.599558336400364,-0.02,5.95
1976-02-05,63.61673414304986,-0.02,5.95
1976-02-06,63.66580787633412,-0.02,5.96
1976-02-09,63.2069684701263,-0.02,6.3
1976-02-10,63.17507054349153,-0.02,6.3
1976-02-11,62.64262053735731,-0.02,6.72
1976-02-12,62.64262053735731,-0.02,6.73
1976-02-13,62.59354680407305,-0.02,6.04
1976-02-16,62.59354680407305,-0.02,6.02
1976-02-17,63.10882100355778,-0.02,6.53
1976-02-18,62.91497975708496,-0.02,6.57
1976-02-19,62.73831431726163,-0.02,6.55
1976-02-20,62.91497975708496,-0.02,6.63
1976-02-23,62.80211017053116,-0.02,6.63
1976-02-24,62.72113851061213,-0.02,6.61
1976-02-25,62.851183903815425,-0.02,6.66
1976-02-26,62.91497975708496,-0.01,6.67
1976-02-27,63.027849343638756,-0.02,6.7
1976-03-01,63.5676604097656,-0.01,7.21
1976-03-02,63.46951294319708,-0.01,7.18
1976-03-03,63.33701386332958,-0.01,7.18
1976-03-04,63.59955833640038,-0.01,7.3
1976-03-05,63.53330879646663,-0.01,7.3
1976-03-08,63.23886639676106,-0.01,7.42
1976-03-09,63.287940130045314,-0.01,7.43
1976-03-10,63.20696847012629,-0.01,7.43
1976-03-11,63.53330879646661,-0.01,7.61
1976-03-12,63.469512943197074,-0.01,6.47
1976-03-15,63.337013863329574,-0.01,5.98
1976-03-16,63.337013863329574,-0.01,5.97
1976-03-17,62.37026131762966,-0.01,7.51
1976-03-18,62.14942951785049,-0.01,7.55
1976-03-19,62.21322537112003,-0.01,7.3
1976-03-22,62.34081707765912,-0.01,7.34
1976-03-23,62.93215556373444,-0.01,7.48
1976-03-24,62.738314317261626,-0.01,7.54
1976-03-25,62.515028830818245,-0.01,7.62
1976-03-26,62.56164887743828,-0.01,7.62
1976-03-29,62.59354680407305,-0.01,7.19
1976-03-30,62.27702122438957,-0.01,7.28
1976-03-31,62.29174334437485,-0.01,7.25
1976-04-01,61.99239357134086,-0.01,7.31
1976-04-02,62.35553919764438,-0.01,7.54
1976-04-05,62.32364127100961,-0.01,7.53
1976-04-06,62.2279474911053,-0.01,7.5
1976-04-07,62.434057170899194,-0.01,7.57
1976-04-08,62.03901361796089,-0.01,7.76
1976-04-09,62.22794749110528,-0.01,7.32
1976-04-12,62.291743344374815,-0.01,7.34
1976-04-13,62.1175315912157,-0.01,7.35
1976-04-14,61.86725555146597,-0.01,7.27
1976-04-15,61.97767145135556,-0.01,7.31
1976-04-16,62.213225371120004,-0.01,7.34
1976-04-19,62.00956937799034,-0.01,7.37
1976-04-20,61.91387559808602,-0.01,7.38
1976-04-21,62.1175315912157,-0.01,7.26
1976-04-22,62.03901361796088,-0.01,7.26
1976-04-23,62.03901361796088,-0.01,7.25
1976-04-26,61.977671451355555,-0.01,7.25
1976-04-27,62.05618942461037,-0.01,5.67
1976-04-28,61.89915347810074,-0.01,5.62
1976-04-29,61.680775364985784,-0.01,5.7
1976-04-30,61.72739541160583,-0.01,5.66
1976-05-03,61.40350877192973,-0.01,4.97
1976-05-04,61.310268678689624,-0.01,4.93
1976-05-05,61.128695865537864,-0.01,4.9
1976-05-06,60.55453318611204,-0.01,5.52
1976-05-07,60.7949944792049,-0.01,5.71
1976-05-10,60.929947245736614,-0.01,5.64
1976-05-11,60.871058765795496,-0.01,5.63
1976-05-12,61.25138019874851,-0.01,5.87
1976-05-13,61.172862225493695,-0.01,5.54
1976-05-14,61.35688872530965,-0.01,5.65
1976-05-17,61.88443135811544,-0.01,6.26
1976-05-18,61.805913384860624,-0.01,6.17
1976-05-19,61.26610231873377,-0.01,6.43
1976-05-20,60.91522512575131,-0.01,6.52
1976-05-21,61.20476015212844,-0.01,6.71
1976-05-24,60.66004171267316,-0.01,7.13
1976-05-25,60.704208072628994,-0.01,7.08
1976-05-26,60.53981106612672,-0.01,7.06
1976-05-27,60.49564470617089,-0.01,6.92
1976-05-28,60.375414059624454,-0.01,6.89
1976-05-31,60.375414059624454,-0.01,6.89
1976-06-01,59.52643847380676,-0.01,7.83
1976-06-02,58.74371242792281,-0.01,8.58
1976-06-03,59.025886394307314,-0.01,8.8
1976-06-04,60.2723592197275,-0.01,11.11
1976-06-07,60.36069193963917,-0.01,11.11
1976-06-08,61.38878665194441,-0.01,12.31
1976-06-09,61.43540669856446,-0.01,12.27
1976-06-10,61.05263157894723,-0.01,12.4
1976-06-11,60.99128941234191,-0.01,12.31
1976-06-14,61.14341798552311,-0.01,12.33
1976-06-15,60.7802723592196,-0.01,12.43
1976-06-16,60.539811066126724,-0.01,12.16
1976-06-17,61.020733652312465,-0.01,12.33
1976-06-18,61.03790945896195,-0.01,12.32
1976-06-21,61.05263157894723,-0.01,12.31
1976-06-22,61.06735369893249,-0.01,12.16
1976-06-23,61.052631578947214,-0.01,12.16
1976-06-24,60.61587535271731,-0.01,12.3
1976-06-25,60.67476383265842,0.0,11.99
1976-06-28,60.51036682615616,-0.01,12.01
1976-06-29,60.704208072628994,-0.01,11.8
1976-06-30,60.56925530609728,-0.01,11.69
1976-07-01,60.59869954606783,-0.01,11.6
1976-07-02,60.58397742608255,-0.01,11.28
1976-07-05,60.58397742608255,-0.01,11.28
1976-07-06,60.66004171267315,-0.01,11.26
1976-07-07,60.79499447920487,-0.01,11.27
1976-07-08,60.8391608391607,-0.01,11.25
1976-07-09,60.79499447920487,-0.01,11.26
1976-07-12,60.929947245736585,0.0,10.34
1976-07-13,60.88578088578074,0.0,9.4
1976-07-14,60.73365231259954,0.0,9.4
1976-07-15,60.85633664581018,0.0,7.11
1976-07-16,60.900503005766026,0.0,7.1
1976-07-19,60.915225125751306,0.0,4.9
1976-07-20,61.037909458961956,0.0,4.93
1976-07-21,61.143417985523115,0.0,4.6
1976-07-22,61.5728131517604,0.0,5.03
1976-07-23,61.65133112501522,0.0,4.99
1976-07-26,61.54336891178984,0.0,4.65
1976-07-27,61.46485093853502,0.0,4.48
1976-07-28,60.66004171267318,0.0,5.57
1976-07-29,60.99128941234193,0.0,5.82
1976-07-30,60.90050300576605,0.01,5.84
1976-08-02,60.75082811924906,0.0,5.88
1976-08-03,60.961845172371376,0.01,5.98
1976-08-04,60.78027235921961,0.01,5.64
1976-08-05,60.82443871917545,0.01,5.64
1976-08-06,60.90050300576605,0.0,5.58
1976-08-09,61.20476015212846,0.0,5.69
1976-08-10,61.46485093853503,0.0,5.75
1976-08-11,61.12869586553785,0.01,6.03
1976-08-12,61.266102318733786,0.01,6.05
1976-08-13,61.06735369893252,0.01,6.15
1976-08-16,61.02073365231247,0.01,6.15
1976-08-17,60.63059747270262,0.01,6.42
1976-08-18,60.61587535271734,0.01,6.42
1976-08-19,60.71893019261429,0.01,6.44
1976-08-20,60.75082811924906,0.01,6.4
1976-08-23,60.71893019261429,0.01,6.4
1976-08-24,60.70420807262901,0.01,6.36
1976-08-25,60.80971659919015,0.01,6.35
1976-08-26,60.71893019261429,0.01,6.36
1976-08-27,60.79499447920489,0.01,6.37
1976-08-30,60.79499447920489,0.01,6.34
1976-08-31,60.80971659919017,0.01,6.32
1976-09-01,60.6453195926879,0.01,5.95
1976-09-02,60.85633664581022,0.01,6.05
1976-09-03,60.929947245736614,0.01,6.05
1976-09-06,60.929947245736614,0.01,6.04
1976-09-07,60.90050300576606,0.01,4.54
1976-09-08,60.929947245736614,0.01,4.24
1976-09-09,60.7949944792049,0.01,4.26
1976-09-10,60.85633664581023,0.01,4.21
1976-09-13,60.83916083916073,0.01,4.07
1976-09-14,60.824438719175454,0.01,3.97
1976-09-15,60.59869954606787,0.01,4.12
1976-09-16,60.733652312599595,0.01,4.16
1976-09-17,60.704208072629044,0.01,3.85
1976-09-20,60.780272359219644,0.01,3.62
1976-09-21,60.70420807262905,0.01,3.28
1976-09-22,60.645319592687926,0.01,3.19
1976-09-23,60.70420807262905,0.01,3.08
1976-09-24,60.645319592687926,0.01,3.09
1976-09-27,60.53981106612676,0.01,2.47
1976-09-28,60.510366826156215,0.0,2.47
1976-09-29,60.316525579683386,0.0,2.58
1976-09-30,59.99263894000727,0.0,3.0
1976-10-01,60.154582259845334,0.0,3.14
1976-10-04,60.3754140596245,0.0,3.36
1976-10-05,60.272359219727555,0.0,3.33
1976-10-06,60.05152741994839,0.0,3.47
1976-10-07,60.11041589988951,0.0,3.46
1976-10-08,60.13986013986007,0.0,3.46
1976-10-11,60.13986013986007,0.0,3.46
1976-10-12,60.11041589988951,0.0,3.39
1976-10-13,59.93375046006618,0.0,3.26
1976-10-14,59.99263894000729,0.0,3.25
1976-10-15,60.19874861980118,0.0,3.46
1976-10-18,60.30180345969812,0.0,3.52
1976-10-19,60.06624953993368,0.0,3.67
1976-10-20,59.91902834008091,0.0,3.68
1976-10-21,60.08097165991896,0.0,3.77
1976-10-22,60.06624953993368,0.0,3.78
1976-10-25,59.80125138019867,-0.01,3.96
1976-10-26,59.91902834008091,-0.01,3.91
1976-10-27,59.77426082689233,-0.01,3.86
1976-10-28,59.60004907373321,-0.01,3.93
1976-10-29,59.70065022696595,-0.01,3.95
1976-11-01,59.86013986013978,-0.01,4.06
1976-11-02,59.86013986013978,-0.01,4.06
1976-11-03,59.801251380198664,-0.01,4.04
1976-11-04,59.96319470003672,-0.01,4.15
1976-11-05,59.96319470003672,-0.01,4.13
1976-11-08,59.87486198012506,-0.01,4.15
1976-11-09,59.93375046006617,-0.01,4.07
1976-11-10,59.8454177401545,-0.01,3.77
1976-11-11,59.8454177401545,-0.01,3.67
1976-11-12,59.91902834008089,0.0,3.5
1976-11-15,59.93375046006616,-0.01,3.47
1976-11-16,59.94847258005144,-0.04,3.3
1976-11-17,60.06624953993366,-0.04,3.34
1976-11-18,59.99263894000727,-0.04,3.36
1976-11-19,60.036805299963106,-0.03,3.37
1976-11-22,59.57060483376263,-0.02,4.09
1976-11-23,59.730094466936464,-0.02,4.1
1976-11-24,60.02208317997783,-0.02,4.35
1976-11-25,60.02208317997783,-0.02,4.22
1976-11-26,59.87486198012504,-0.02,4.24
1976-11-29,59.919028340080885,-0.02,4.09
1976-11-30,59.99263894000727,-0.01,4.04
1976-12-01,60.18402649981588,-0.01,4.07
1976-12-02,60.228192859771724,-0.01,4.08
1976-12-03,60.213470739786445,-0.02,3.83
1976-12-06,60.00736105999256,-0.02,3.95
1976-12-07,60.257637099742276,-0.02,4.05
1976-12-08,60.213470739786445,-0.02,3.95
1976-12-09,60.139860139860055,-0.02,3.95
1976-12-10,60.18402649981589,-0.02,3.88
1976-12-13,60.18402649981589,-0.02,3.88
1976-12-14,60.21347073978646,-0.02,3.87
1976-12-15,60.21347073978646,-0.02,3.79
1976-12-16,60.11041589988951,-0.02,3.83
1976-12-17,60.13986013986007,-0.01,3.8
1976-12-20,60.02208317997785,-0.01,3.84
1976-12-21,59.77426082689233,-0.01,4.02
1976-12-22,59.977916820022,-0.01,4.15
1976-12-23,60.080971659918944,-0.01,4.17
1976-12-24,60.0515274199484,-0.01,4.17
1976-12-27,60.0515274199484,-0.01,4.17
1976-12-28,60.139860139860076,-0.01,4.15
1976-12-29,60.022083179977855,-0.01,4.18
1976-12-30,59.96319470003675,-0.01,4.18
1976-12-31,60.051527419948414,-0.01,3.44
1977-01-03,59.919028340080914,-0.02,3.43
1977-01-04,60.00736105999258,-0.02,3.13
1977-01-05,60.15458225984535,-0.02,3.22
1977-01-06,60.25763709974229,-0.02,3.16
1977-01-07,60.451478346215104,-0.02,3.28
1977-01-10,60.91522512575137,-0.01,3.94
1977-01-11,60.839160839160755,-0.01,3.89
1977-01-12,60.73365231259961,-0.01,3.94
1977-01-13,61.00601153232724,-0.01,4.13
1977-01-14,61.15814010550845,-0.01,3.99
1977-01-17,61.15814010550845,-0.01,3.84
1977-01-18,61.52619310514038,-0.01,4.15
1977-01-19,61.52619310514038,-0.01,4.12
1977-01-20,61.450128818549786,-0.01,4.16
1977-01-21,61.464850938535065,-0.01,4.16
1977-01-24,61.852533431480715,-0.01,4.48
1977-01-25,61.9629493313703,0.02,4.47
1977-01-26,61.945773524720806,0.02,4.41
1977-01-27,62.402159244264425,0.02,4.79
1977-01-28,62.03901361796089,0.01,5.16
1977-01-31,61.49674886516983,0.01,5.76
1977-02-01,61.71267329162057,0.0,5.76
1977-02-02,61.69795117163529,0.0,5.77
1977-02-03,61.75929333824062,0.0,5.75
1977-02-04,61.82063550484593,0.01,5.74
1977-02-07,61.63415531836575,0.01,5.87
1977-02-08,61.79119126487538,0.0,5.82
1977-02-09,61.69795117163528,0.0,5.84
1977-02-10,61.7592933382406,0.0,5.84
1977-02-11,61.72739541160583,0.0,5.77
1977-02-14,61.4354066985645,0.01,6.02
1977-02-15,61.71267329162057,0.01,6.11
1977-02-16,61.71267329162057,0.01,6.11
1977-02-17,61.65133112501524,0.01,6.08
1977-02-18,61.58753527174569,0.01,5.7
1977-02-21,61.58753527174569,0.01,5.68
1977-02-22,61.91387559808603,0.01,5.82
1977-02-23,62.070911544595674,0.01,5.73
1977-02-24,62.46595509753396,0.01,5.96
1977-02-25,62.402159244264425,0.01,5.98
1977-02-28,62.68924058397732,0.01,5.88
1977-03-01,62.642620537357274,0.01,5.89
1977-03-02,62.657342657342554,0.01,5.86
1977-03-03,62.62544473070778,0.01,5.87
1977-03-04,62.49785302416871,0.01,5.66
1977-03-07,62.59354680407303,0.0,5.65
1977-03-08,62.7383143172616,0.0,5.68
1977-03-09,62.86590602380067,0.0,5.29
1977-03-10,62.77021224389635,0.0,4.97
1977-03-11,62.77021224389635,0.0,4.08
1977-03-14,62.70641639062682,0.0,4.02
1977-03-15,62.77021224389635,0.0,4.02
1977-03-16,62.75303643724687,0.0,4.02
1977-03-17,62.61072261072251,0.0,4.11
1977-03-18,62.52975095080349,0.0,4.0
1977-03-21,62.49785302416871,0.0,3.96
1977-03-22,62.181327444485234,0.01,4.25
1977-03-23,62.34081707765908,0.01,4.3
1977-03-24,62.642620537357274,0.01,4.5
1977-03-25,62.483130904183426,0.01,4.31
1977-03-28,62.387437124279124,0.0,4.17
1977-03-29,62.45123297754864,0.0,4.18
1977-03-30,62.41933505091387,0.0,4.16
1977-03-31,62.41933505091387,0.0,4.14
1977-04-01,62.43405717089916,0.0,4.14
1977-04-04,62.34081707765906,0.0,3.9
1977-04-05,62.37026131762961,0.0,3.83
1977-04-06,62.277021224389514,0.0,3.35
1977-04-07,62.18132744448521,0.0,3.37
1977-04-08,62.18132744448521,0.0,3.03
1977-04-11,62.19850325113471,0.0,3.03
1977-04-12,61.88443135811544,-0.01,3.35
1977-04-13,61.759293338240575,-0.01,3.39
1977-04-14,61.913875598086,-0.01,3.47
1977-04-15,61.666053245000484,0.0,3.58
1977-04-18,61.634155318365714,0.0,3.48
1977-04-19,61.80591338486063,0.0,3.54
1977-04-20,61.96294933137027,0.0,3.64
1977-04-21,61.88443135811544,0.0,3.65
1977-04-22,61.88443135811544,0.0,3.65
1977-04-25,61.85253343148067,-0.01,3.62
1977-04-26,62.14942951785045,-0.01,3.95
1977-04-27,61.89915347810072,-0.01,4.07
1977-04-28,61.77401545822586,-0.01,4.09
1977-04-29,61.75929333824058,-0.01,4.09
1977-05-02,61.83781131149541,-0.01,3.85
1977-05-03,62.00956937799032,-0.01,3.86
1977-05-04,61.79119126487536,-0.01,3.66
1977-05-05,61.8206355048459,-0.01,3.61
1977-05-06,61.85253343148067,-0.01,3.6
1977-05-09,61.97767145135553,-0.01,3.65
1977-05-10,61.91387559808599,-0.01,3.66
1977-05-11,62.02429149797557,-0.01,3.71
1977-05-12,61.91387559808599,-0.01,3.73
1977-05-13,61.9923935713408,-0.01,3.74
1977-05-16,61.9923935713408,-0.01,3.74
1977-05-17,61.85253343148066,-0.01,3.77
1977-05-18,61.837811311495386,-0.01,3.75
1977-05-19,61.82063550484589,-0.01,3.75
1977-05-20,61.82063550484589,-0.01,3.75
1977-05-23,61.80591338486061,-0.01,3.43
1977-05-24,61.751932278247935,-0.01,3.39
1977-05-25,61.68077536498575,-0.01,3.31
1977-05-26,61.45012881854973,-0.01,3.28
1977-05-27,61.52619310514034,-0.01,3.3
1977-05-30,61.52619310514034,-0.01,3.19
1977-05-31,61.45748987854238,-0.01,3.08
1977-06-01,61.342166605324365,-0.01,3.11
1977-06-02,61.172862225493674,-0.01,3.19
1977-06-03,61.052631578947235,-0.01,3.23
1977-06-06,60.97656729235664,-0.01,2.79
1977-06-07,61.20476015212846,-0.01,2.89
1977-06-08,61.16550116550105,-0.01,2.85
1977-06-09,61.096797938903094,-0.01,2.85
1977-06-10,61.15077904551577,-0.01,2.84
1977-06-13,61.14341798552313,-0.01,2.66
1977-06-14,61.12869586553785,-0.01,2.49
1977-06-15,61.11397374555258,-0.01,2.48
1977-06-16,61.055085265611474,-0.01,2.47
1977-06-17,61.07471475892518,-0.01,2.36
1977-06-20,61.25138019874853,-0.01,2.56
1977-06-21,61.38878665194446,-0.01,2.6
1977-06-22,61.24156545209167,-0.01,2.64
1977-06-23,61.172862225493716,-0.01,2.6
1977-06-24,61.182676972150574,-0.01,2.6
1977-06-27,61.00601153232723,-0.01,2.65
1977-06-28,60.94712305238613,-0.01,2.65
1977-06-29,60.444117286222465,-0.01,3.53
1977-06-30,60.52508894614148,-0.01,3.58
1977-07-01,60.39013617960977,-0.01,3.6
1977-07-04,60.39013617960977,-0.01,3.61
1977-07-05,59.73745552692912,0.0,4.71
1977-07-06,59.74481658692176,0.0,4.65
1977-07-07,59.51907741381417,0.0,4.67
1977-07-08,59.47000368052991,0.0,4.66
1977-07-11,59.11176542755482,0.0,4.88
1977-07-12,59.35468040731191,0.0,5.14
1977-07-13,59.16820022083172,0.0,5.16
1977-07-14,59.16820022083172,0.0,5.16
1977-07-15,59.23199607410127,0.0,5.2
1977-07-18,58.93264630106728,0.0,5.12
1977-07-19,58.91301680775357,0.0,5.13
1977-07-20,58.85658201447668,0.0,5.13
1977-07-21,58.989081094344186,0.0,5.2
1977-07-22,58.800147221199786,0.0,5.22
1977-07-25,58.498343761501594,0.01,5.33
1977-07-26,58.476260581523675,0.01,5.32
1977-07-27,58.574408048092195,0.01,5.41
1977-07-28,58.898294687768306,0.01,5.77
1977-07-29,59.12403386087591,0.01,5.84
1977-08-01,59.131394920868544,0.01,5.76
1977-08-02,58.91301680775358,0.01,5.8
1977-08-03,58.962090541037846,0.01,5.83
1977-08-04,59.11176542755484,0.01,5.93
1977-08-05,58.856582014476686,0.01,5.98
1977-08-08,59.182922340817015,0.0,6.32
1977-08-09,59.07496012759164,0.0,5.91
1977-08-10,59.31787510734872,0.0,6.06
1977-08-11,59.23935713409389,0.0,6.04
1977-08-12,59.44055944055936,0.0,6.16
1977-08-15,59.511716353821534,0.0,5.28
1977-08-16,59.96319470003672,0.0,5.76
1977-08-17,59.75217764691442,0.0,5.75
1977-08-18,59.57060483376265,0.0,5.82
1977-08-19,59.366948840632986,0.0,5.61
1977-08-22,59.20991289412335,0.0,5.53
1977-08-23,58.92528524107464,0.0,5.64
1977-08-24,58.338854128327746,0.0,6.37
1977-08-25,58.69463869463863,0.0,6.65
1977-08-26,58.26278984173714,0.0,6.84
1977-08-29,58.89829468776829,0.0,7.62
1977-08-30,58.69954606796705,0.0,7.68
1977-08-31,58.75598086124395,0.0,7.66
1977-09-01,58.74371242792288,0.0,7.6
1977-09-02,58.7486198012513,0.0,7.43
1977-09-05,58.7486198012513,0.0,7.43
1977-09-06,58.75598086124394,0.0,7.41
1977-09-07,58.46399214820258,0.0,7.37
1977-09-08,58.43454790823203,0.0,7.26
1977-09-09,58.56704698809951,0.0,7.3
1977-09-12,58.616120721383766,0.0,7.23
1977-09-13,58.616120721383766,0.0,7.23
1977-09-14,58.657833394675386,0.0,7.18
1977-09-15,58.547417494785805,0.0,7.09
1977-09-16,58.48362164151627,0.0,6.87
1977-09-19,58.40755735492566,0.0,6.86
1977-09-20,58.09593914857061,0.0,6.87
1977-09-21,58.06894859526426,0.0,6.87
1977-09-22,57.93890320206096,0.0,6.77
1977-09-23,57.88246840878407,0.0,6.74
1977-09-26,57.69353453563968,0.0,6.22
1977-09-27,58.046865415286334,0.0,6.57
1977-09-28,57.705802968960725,0.0,6.7
1977-09-29,57.46288798920365,0.0,6.73
1977-09-30,57.59784075573536,0.0,6.79
1977-10-03,57.32793522267193,-0.01,6.79
1977-10-04,57.31566678935087,-0.01,6.18
1977-10-05,57.30585204269403,-0.01,5.83
1977-10-06,56.95742853637577,-0.01,5.7
1977-10-07,56.75867991657453,-0.01,4.47
1977-10-10,56.75867991657453,-0.01,4.44
1977-10-11,56.74641148325345,-0.01,4.4
1977-10-12,56.56238498343748,-0.01,4.43
1977-10-13,56.34155318365831,-0.01,4.48
1977-10-14,55.944055944055805,-0.01,4.76
1977-10-17,55.62753036437233,-0.01,4.87
1977-10-18,55.431235431235294,-0.01,4.8
1977-10-19,55.399337504600524,0.0,4.8
1977-10-20,55.470494417862696,0.0,4.73
1977-10-21,55.37480063795839,0.0,4.66
1977-10-24,54.76874003189778,0.0,5.34
1977-10-25,54.92822966507161,0.0,5.5
1977-10-26,54.87915593178736,0.0,5.51
1977-10-27,55.02883081830435,0.0,5.7
1977-10-28,54.94785915838531,0.0,5.7
1977-10-31,54.78836952521148,0.0,5.61
1977-11-01,54.34425223898893,0.0,5.88
1977-11-02,54.57489878542496,0.0,6.2
1977-11-03,54.33934486566051,0.0,6.22
1977-11-04,54.51355661881963,0.0,6.42
1977-11-07,54.57489878542496,0.0,5.99
1977-11-08,54.57489878542496,0.0,5.91
1977-11-09,54.55036191878282,0.0,5.88
1977-11-10,54.26082689240569,0.0,5.83
1977-11-11,54.26082689240569,0.0,5.8
1977-11-14,54.086615139246575,0.0,5.79
1977-11-15,54.1283278125382,-0.01,5.82
1977-11-16,53.90258863943062,0.0,5.72
1977-11-17,54.214206845785654,-0.01,6.14
1977-11-18,54.01055085265598,-0.01,6.15
1977-11-21,53.95166237271487,-0.01,6.14
1977-11-22,53.821616979511575,-0.01,6.13
1977-11-23,53.72101582627885,-0.01,6.09
1977-11-24,53.72101582627885,-0.01,5.87
1977-11-25,52.99472457367182,-0.01,6.81
1977-11-28,52.64384738068936,-0.01,6.95
1977-11-29,52.92111397374541,-0.01,7.26
1977-11-30,53.029076186970784,-0.01,7.29
1977-12-01,52.60949576739036,-0.01,7.53
1977-12-02,52.474543000858645,-0.01,6.98
1977-12-05,52.138387927861466,-0.01,6.99
1977-12-06,52.17273954116045,-0.01,7.03
1977-12-07,52.05005520794981,-0.01,6.89
1977-12-08,52.19482272113838,-0.01,7.03
1977-12-09,52.484357747515496,-0.01,7.35
1977-12-12,52.10649000122671,-0.01,7.28
1977-12-13,51.67709483498945,-0.01,7.34
1977-12-14,50.99006256900982,-0.01,8.08
1977-12-15,50.7790455158875,-0.01,7.92
1977-12-16,50.538584222794626,-0.01,7.87
1977-12-19,49.68960863697694,-0.01,8.91
1977-12-20,49.79020979020966,-0.01,9.01
1977-12-21,49.43933259722721,-0.01,9.06
1977-12-22,50.17789228315531,0.0,10.52
1977-12-23,50.33247454300073,0.0,10.66
1977-12-26,50.33247454300073,0.0,10.64
1977-12-27,50.48705680284614,0.0,10.76
1977-12-28,49.91289412342031,0.0,10.8
1977-12-29,49.370629370629246,0.0,11.06
1977-12-30,48.906882591092995,0.0,11.2
1978-01-02,48.906882591092995,0.0,11.25
1978-01-03,47.25800515274187,0.02,14.57
1978-01-04,47.294810452705065,0.02,14.59
1978-01-05,50.12636486320684,-0.01,23.49
1978-01-06,49.07373328425948,0.0,24.16
1978-01-09,49.5693779904305,-0.01,24.34
1978-01-10,49.341185130658694,0.0,24.31
1978-01-11,48.55845908477476,0.0,24.6
1978-01-12,48.87743835112246,0.0,24.75
1978-01-13,48.53882959146107,0.0,24.76
1978-01-16,48.30082198503241,0.0,24.75
1978-01-17,48.92651208440672,0.01,25.19
1978-01-18,49.41970310391353,0.01,25.41
1978-01-19,49.135075450864825,0.01,25.33
1978-01-20,49.17188075082802,0.01,25.3
1978-01-23,48.683597104649635,0.02,25.34
1978-01-24,48.357256778309306,0.02,25.14
1978-01-25,48.04563857195426,0.02,25.17
1978-01-26,48.51183903815473,0.01,25.39
1978-01-27,48.781744571218155,0.01,25.0
1978-01-30,48.752300331247596,0.01,24.99
1978-01-31,48.78174457121815,0.01,24.91
1978-02-01,48.73267083793389,0.01,24.46
1978-02-02,48.54864433811791,0.01,24.44
1978-02-03,48.2811924917187,0.01,24.47
1978-02-06,48.18795239847861,0.01,24.43
1978-02-07,48.0922586185743,0.01,24.24
1978-02-08,48.214942951784955,0.01,24.08
1978-02-09,48.05054594528268,0.01,23.94
1978-02-10,47.80272359219717,0.01,23.98
1978-02-13,47.80272359219717,0.01,21.61
1978-02-14,47.11323763955333,0.02,22.07
1978-02-15,47.11323763955333,0.02,12.68
1978-02-16,46.612685560053876,0.03,11.55
1978-02-17,46.20782726045874,0.03,11.13
1978-02-20,46.20782726045874,0.03,11.13
1978-02-21,45.1036682615629,0.03,12.28
1978-02-22,44.81658692184998,0.03,12.0
1978-02-23,44.06821248926502,0.03,12.65
1978-02-24,45.439823334560074,0.04,16.21
1978-02-27,46.2961599803704,0.03,16.79
1978-02-28,44.6693657219972,0.04,19.2
1978-03-01,45.06195558827128,0.04,19.53
1978-03-02,45.06195558827128,0.04,19.52
1978-03-03,45.606674027726555,0.04,19.89
1978-03-06,46.07778186725544,0.04,20.19
1978-03-07,46.10477242056179,0.04,20.14
1978-03-08,46.41884431358105,0.05,20.01
1978-03-09,48.34008097165981,0.05,23.59
1978-03-10,48.0161943319837,0.04,23.67
1978-03-13,47.81253833885402,0.04,23.69
1978-03-14,47.689854005643376,0.04,23.7
1978-03-15,47.49601275917055,0.04,23.7
1978-03-16,46.12194822721128,0.03,25.17
1978-03-17,46.62250030671073,0.04,25.44
1978-03-20,47.12305238621018,0.04,25.69
1978-03-21,47.488651699177915,0.03,25.79
1978-03-22,46.99546067967111,0.04,25.95
1978-03-23,46.870322659796244,0.03,25.92
1978-03-24,46.64703717335287,0.03,25.95
1978-03-27,46.24463256042194,0.03,25.72
1978-03-28,46.384492700282074,0.04,25.75
1978-03-29,46.19065145380925,0.03,25.58
1978-03-30,46.121948227211284,0.03,25.45
1978-03-31,44.93927125506063,0.04,26.61
1978-04-03,45.39565697460424,0.03,25.8
1978-04-04,46.166114587167115,0.04,26.18
1978-04-05,45.90602380076054,0.04,25.68
1978-04-06,45.768617347564614,0.03,24.05
1978-04-07,45.86431112746892,0.04,23.37
1978-04-10,45.54042448779282,0.04,20.76
1978-04-11,45.60667402772656,0.04,20.61
1978-04-12,45.77843209422147,0.03,20.64
1978-04-13,46.07778186725545,0.04,20.42
1978-04-14,46.29615998037042,0.04,20.23
1978-04-17,46.64703717335287,0.05,20.35
1978-04-18,46.88749846644574,0.05,20.31
1978-04-19,47.35124524598199,0.05,16.36
1978-04-20,48.56827383143163,0.06,18.01
1978-04-21,47.85915838547408,0.06,18.52
1978-04-24,48.01619433198371,0.06,18.53
1978-04-25,48.045638571954264,0.06,18.48
1978-04-26,48.158508158508056,0.06,16.02
1978-04-27,47.32180100601144,0.07,16.72
1978-04-28,47.709483498957084,0.08,16.59
1978-05-01,47.736474052263425,0.08,16.44
1978-05-02,48.244387191755514,0.07,16.38
1978-05-03,48.15850815850806,0.07,16.37
1978-05-04,47.74628879892029,0.08,16.53
1978-05-05,47.84934363881723,0.08,16.27
1978-05-08,48.47258005152732,0.07,16.64
1978-05-09,48.46276530487047,0.07,16.56
1978-05-10,48.20512820512811,0.07,16.66
1978-05-11,48.448043184885194,0.07,14.34
1978-05-12,48.85780885780876,0.08,14.26
1978-05-15,48.85290148448034,0.08,13.57
1978-05-16,48.975585817690984,0.08,13.37
1978-05-17,48.85290148448034,0.08,13.35
1978-05-18,48.37688627162302,0.08,13.83
1978-05-19,48.587903324745334,0.08,13.56
1978-05-22,48.46276530487048,0.08,13.64
1978-05-23,48.42596000490729,0.08,13.65
1978-05-24,48.33026622500298,0.08,13.63
1978-05-25,48.01619433198372,0.08,13.8
1978-05-26,47.81989939884668,0.08,13.75
1978-05-29,47.56226229910431,0.08,13.81
1978-05-30,47.56226229910431,0.08,13.5
1978-05-31,46.38449270028209,0.07,13.2
1978-06-01,46.4262053735737,0.07,12.57
1978-06-02,46.22500306710824,0.07,12.53
1978-06-05,47.55244755244746,0.1,15.35
1978-06-06,46.94147957305843,0.1,15.78
1978-06-07,46.85314685314677,0.1,14.92
1978-06-08,46.53416758679908,0.1,14.8
1978-06-09,46.49000122684325,0.1,14.79
1978-06-12,46.35750214697574,0.1,14.37
1978-06-13,46.53416758679908,0.1,14.45
1978-06-14,46.34032634032626,0.1,14.3
1978-06-15,46.728008833271915,0.1,14.54
1978-06-16,46.44828855355163,0.1,13.97
1978-06-19,46.436020120230566,0.1,13.97
1978-06-20,46.009078640657506,0.1,14.12
1978-06-21,45.744080480922506,0.1,14.02
1978-06-22,46.18329039381663,0.1,14.1
1978-06-23,45.751441540915145,0.1,14.26
1978-06-26,45.751441540915145,0.11,14.2
1978-06-27,45.84713532081945,0.11,14.27
1978-06-28,45.63366458103292,0.1,14.09
1978-06-29,45.54042448779283,0.1,13.96
1978-06-30,45.422647527910605,0.1,13.96
1978-07-03,44.91473438841852,0.11,14.2
1978-07-04,44.91473438841852,0.11,14.22
1978-07-05,44.588394062078194,0.11,14.25
1978-07-06,45.01288185498705,0.11,14.68
1978-07-07,44.66936572199723,0.11,14.75
1978-07-10,44.37492332229167,0.11,14.79
1978-07-11,44.51232977548759,0.11,13.08
1978-07-12,44.662004662004584,0.11,13.14
1978-07-13,44.531959268801295,0.11,13.12
1978-07-14,44.53932032879394,0.11,9.41
1978-07-17,45.03741872162918,0.11,9.63
1978-07-18,44.88283646178377,0.11,9.64
1978-07-19,44.51232977548761,0.1,9.73
1978-07-20,44.24978530241682,0.1,9.81
1978-07-21,43.99705557600288,0.11,9.88
1978-07-24,43.65108575634885,0.11,9.89
1978-07-25,43.6216415163783,0.1,9.88
1978-07-26,43.808121702858486,0.11,9.55
1978-07-27,43.97251870936075,0.11,9.64
1978-07-28,43.16034842350625,0.1,10.84
1978-07-31,42.59845417740148,0.1,11.13
1978-08-01,42.524843577475096,0.1,11.09
1978-08-02,42.014476751318796,0.08,10.79
1978-08-03,41.90651453809343,0.08,10.62
1978-08-04,42.37762237762232,0.08,11.41
1978-08-07,41.886885044779724,0.09,11.62
1978-08-08,41.516378358483564,0.08,11.74
1978-08-09,41.371610845294995,0.08,11.74
1978-08-10,41.21702858544958,0.08,11.74
1978-08-11,40.43675622622986,0.08,12.44
1978-08-14,38.94736842105258,0.08,15.99
1978-08-15,39.44792050055203,0.08,16.82
1978-08-16,39.101950680898,0.08,16.33
1978-08-17,40.5569868727763,0.09,20.46
1978-08-18,40.35578456631083,0.09,20.44
1978-08-21,40.92994724573666,0.09,21.02
1978-08-22,40.8612440191387,0.09,20.93
1978-08-23,40.92994724573666,0.09,20.98
1978-08-24,40.69439332597222,0.09,20.98
1978-08-25,41.24892651208435,0.08,21.14
1978-08-28,41.5041099251625,0.08,21.32
1978-08-29,40.35578456631083,0.09,22.58
1978-08-30,40.42203410624458,0.09,22.62
1978-08-31,40.25763709974232,0.09,22.61
1978-09-01,39.38167096061828,0.09,23.27
1978-09-04,39.38167096061828,0.09,23.28
1978-09-05,39.676113360323846,0.09,23.4
1978-09-06,39.651576493681716,0.09,23.31
1978-09-07,39.68838179364491,0.09,22.87
1978-09-08,40.06870322659791,0.09,22.93
1978-09-11,39.78652926021342,0.09,22.98
1978-09-12,39.73745552692917,0.09,22.78
1978-09-13,39.16083916083912,0.1,23.1
1978-09-14,39.18537602748125,0.09,22.74
1978-09-15,39.11176542755486,0.09,22.57
1978-09-18,38.76824929456504,0.1,22.56
1978-09-19,38.54741749478587,0.1,22.58
1978-09-20,37.76223776223772,0.1,23.23
1978-09-21,37.197889829468735,0.1,23.0
1978-09-22,37.369647895963645,0.1,20.42
1978-09-25,36.609005030057624,0.1,20.7
1978-09-26,36.559931296773364,0.1,20.62
1978-09-27,36.73168936326827,0.1,16.92
1978-09-28,37.296037296037255,0.1,17.8
1978-09-29,38.032143295301154,0.11,18.35
1978-10-02,39.062691694270605,0.11,20.33
1978-10-03,38.621028094712265,0.12,20.52
1978-10-04,39.038154827628475,0.12,20.83
1978-10-05,38.989081094344215,0.12,20.3
1978-10-06,39.038154827628475,0.12,20.18
1978-10-09,39.038154827628475,0.12,18.5
1978-10-10,38.571954361428006,0.12,18.76
1978-10-11,37.897190528769436,0.11,19.36
1978-10-12,37.884922095448374,0.11,18.35
1978-10-13,37.4555269292111,0.12,18.59
1978-10-16,37.29603729603726,0.12,18.38
1978-10-17,37.112010796221284,0.12,18.4
1978-10-18,37.038400196294894,0.12,18.37
1978-10-19,37.541405962458555,0.11,18.64
1978-10-20,37.173352962826606,0.11,18.73
1978-10-23,37.406453195926844,0.12,18.9
1978-10-24,37.541405962458555,0.11,18.56
1978-10-25,37.19788982946874,0.11,18.7
1978-10-26,37.02613176297383,0.12,18.71
1978-10-27,36.90344742976318,0.12,18.6
1978-10-30,36.09373083057291,0.11,19.56
1978-10-31,36.80529996319467,0.09,19.76
1978-11-01,39.01361796098635,0.18,26.06
1978-11-02,39.32032879401297,0.17,26.12
1978-11-03,39.774260826892366,0.18,25.32
1978-11-06,40.48582995951413,0.17,25.67
1978-11-07,40.48582995951413,0.17,25.69
1978-11-08,39.65157649368172,0.16,26.4
1978-11-09,39.933750460066214,0.16,25.89
1978-11-10,39.82333456017663,0.16,24.72
1978-11-13,39.946018893387276,0.16,24.45
1978-11-14,40.044166359955796,0.16,24.27
1978-11-15,40.277266593056034,0.16,24.31
1978-11-16,41.442767758557196,0.17,25.65
1978-11-17,42.30155809103174,0.17,26.23
1978-11-20,42.718684823947946,0.18,25.9
1978-11-21,42.277021224389614,0.18,25.44
1978-11-22,42.30155809103174,0.18,25.42
1978-11-23,42.30155809103174,0.18,25.02
1978-11-24,42.63280579070049,0.18,24.9
1978-11-27,42.596000490737296,0.18,24.78
1978-11-28,42.596000490737296,0.18,24.74
1978-11-29,42.25248435774748,0.18,24.88
1978-11-30,42.571463624095166,0.18,24.52
1978-12-01,42.58373205741623,0.18,24.55
1978-12-04,41.994847258005116,0.19,25.16
1978-12-05,41.92123665807872,0.18,24.9
1978-12-06,41.90896822475765,0.18,24.79
1978-12-07,41.87216292479445,0.18,24.73
1978-12-08,41.76174702490487,0.18,23.44
1978-12-11,41.54091522512571,0.18,23.2
1978-12-12,41.63906269169422,0.18,16.02
1978-12-13,41.84762605815232,0.18,15.95
1978-12-14,41.44276775855718,0.18,16.06
1978-12-15,41.34462029198866,0.18,15.27
1978-12-18,40.69439332597222,0.19,16.06
1978-12-19,40.31407189301921,0.19,15.0
1978-12-20,40.33860875966134,0.19,14.86
1978-12-21,40.58397742608263,0.19,14.93
1978-12-22,40.73119862593542,0.19,14.94
1978-12-25,40.73119862593542,0.19,14.93
1978-12-26,40.4244877929088,0.19,15.03
1978-12-27,39.73745552692916,0.19,13.12
1978-12-28,39.87240829346088,0.19,11.33
1978-12-29,39.749723960250236,0.19,10.72
1979-01-01,39.749723960250236,0.19,10.46
1979-01-02,39.82333456017662,0.19,10.5
1979-01-03,40.363145626303485,0.19,11.47
1979-01-04,40.461293092872005,0.2,11.17
1979-01-05,40.412219359587745,0.2,11.17
1979-01-08,40.33860875966135,0.2,11.16
1979-01-09,40.866151392467145,0.2,11.83
1979-01-10,40.76800392589862,0.2,11.53
1979-01-11,41.148325358851636,0.2,11.96
1979-01-12,41.3691571586308,0.2,11.44
1979-01-15,41.73721015826274,0.2,11.77
1979-01-16,41.27100969206228,0.21,12.23
1979-01-17,40.95203042571459,0.21,12.42
1979-01-18,40.85388295914607,0.21,12.41
1979-01-19,41.06244632560417,0.21,12.45
1979-01-22,41.07471475892523,0.21,12.42
1979-01-23,41.22193595877801,0.21,12.37
1979-01-24,41.09925162556736,0.21,12.07
1979-01-25,41.44276775855718,0.21,12.32
1979-01-26,41.40596245859399,0.21,11.29
1979-01-29,41.36915715863079,0.21,10.87
1979-01-30,41.46730462519931,0.21,10.88
1979-01-31,41.71267329162061,0.21,10.87
1979-02-01,41.95804195804191,0.21,10.95
1979-02-02,41.93350509139978,0.21,10.95
1979-02-05,41.49184149184145,0.21,11.21
1979-02-06,41.35688872530973,0.21,9.82
1979-02-07,40.71893019261436,0.21,11.02
1979-02-08,40.68212489265116,0.21,10.97
1979-02-09,40.80480922586181,0.21,10.99
1979-02-12,40.80480922586181,0.22,10.99
1979-02-13,40.93976199239353,0.22,10.3
1979-02-14,41.12869586553792,0.22,10.36
1979-02-15,40.90295669243032,0.22,10.51
1979-02-16,41.0869831922463,0.22,10.55
1979-02-19,41.0869831922463,0.22,9.83
1979-02-20,41.03790945896204,0.22,9.81
1979-02-21,41.0869831922463,0.22,9.4
1979-02-22,41.02564102564097,0.22,9.26
1979-02-23,40.91522512575139,0.22,8.84
1979-02-26,40.80971659919024,0.22,8.24
1979-02-27,40.92258618574404,0.21,7.96
1979-02-28,41.07471475892523,0.21,8.0
1979-03-01,41.12378849220949,0.21,7.87
1979-03-02,41.14832535885162,0.21,7.87
1979-03-05,41.20966752545694,0.21,7.81
1979-03-06,41.15814010550847,0.21,7.76
1979-03-07,40.93976199239352,0.21,7.48
1979-03-08,40.95203042571458,0.21,7.48
1979-03-09,40.976567292356705,0.21,7.49
1979-03-12,41.064900012268374,0.21,7.48
1979-03-13,41.30781499202546,0.22,7.48
1979-03-14,41.197399092135875,0.22,7.26
1979-03-15,41.2587412587412,0.22,7.28
1979-03-16,41.26610231873384,0.22,6.59
1979-03-19,41.28327812538334,0.22,6.52
1979-03-20,41.34462029198866,0.21,4.42
1979-03-21,41.45503619187824,0.21,4.44
1979-03-22,41.4084161452582,0.21,4.41
1979-03-23,41.49184149184144,0.22,4.43
1979-03-26,41.26610231873384,0.22,4.7
1979-03-27,41.418230891915044,0.22,4.63
1979-03-28,41.34462029198866,0.22,4.32
1979-03-29,41.46730462519931,0.22,4.21
1979-03-30,41.58998895840996,0.22,4.28
1979-04-02,41.823089191510185,0.22,4.52
1979-04-03,41.869709238130234,0.22,4.52
1979-04-04,41.847626058152315,0.22,4.48
1979-04-05,41.945773524720835,0.22,4.38
1979-04-06,42.06109679793884,0.22,4.28
1979-04-09,42.3555391976444,0.22,4.61
1979-04-10,42.21567905778426,0.22,4.73
1979-04-11,42.08808735124518,0.22,4.88
1979-04-12,42.39479818427181,0.22,5.25
1979-04-13,42.43651085756343,0.22,5.25
1979-04-16,42.44877929088449,0.22,5.21
1979-04-17,42.35063182431597,0.22,4.93
1979-04-18,42.06845785793148,0.22,5.46
1979-04-19,42.056189424610416,0.22,5.47
1979-04-20,42.29665071770329,0.22,5.65
1979-04-23,42.227947491105326,0.22,5.49
1979-04-24,42.15433689117894,0.22,5.45
1979-04-25,42.056189424610416,0.22,5.52
1979-04-26,42.019384124647225,0.22,5.54
1979-04-27,42.105263157894676,0.22,5.55
1979-04-30,42.240215924426394,0.22,5.6
1979-05-01,42.1469758311863,0.22,5.64
1979-05-02,42.32609495767385,0.22,5.71
1979-05-03,42.25248435774746,0.22,5.75
1979-05-04,42.17887375782107,0.22,5.48
1979-05-07,42.043920991289355,0.22,5.53
1979-05-08,42.05618942461042,0.22,5.49
1979-05-09,42.04392099128936,0.22,5.44
1979-05-10,42.17151269782844,0.22,5.44
1979-05-11,42.23530855109798,0.22,5.22
1979-05-14,42.19114219114214,0.22,5.23
1979-05-15,42.411973990921304,0.22,5.43
1979-05-16,42.38498343761496,0.22,5.41
1979-05-17,42.53465832413196,0.22,5.44
1979-05-18,42.68187952398473,0.22,5.14
1979-05-21,42.70641639062686,0.22,5.02
1979-05-22,42.645074224021535,0.22,4.94
1979-05-23,42.59600049073728,0.22,4.49
1979-05-24,42.53465832413196,0.22,4.51
1979-05-25,42.60336155072992,0.22,4.53
1979-05-28,42.64507422402154,0.22,4.47
1979-05-29,42.718684823947925,0.22,3.94
1979-05-30,42.718684823947925,0.22,3.93
1979-05-31,42.326094957673845,0.22,4.6
1979-06-01,42.54692675745302,0.22,4.82
1979-06-04,42.414427677585515,0.22,4.89
1979-06-05,42.59109311740885,0.22,4.96
1979-06-06,42.603361550729915,0.22,4.95
1979-06-07,42.4291497975708,0.22,5.11
1979-06-08,42.45368666421293,0.22,5.03
1979-06-11,42.5223898908109,0.22,4.99
1979-06-12,42.51012145748983,0.22,4.84
1979-06-13,42.45368666421293,0.22,4.82
1979-06-14,42.38498343761496,0.22,4.82
1979-06-15,41.72003435161324,0.22,6.74
1979-06-18,41.95804195804191,0.22,6.97
1979-06-19,41.30781499202547,0.22,8.38
1979-06-20,41.17286222549376,0.22,8.34
1979-06-21,40.73119862593542,0.22,8.82
1979-06-22,40.58397742608265,0.22,8.84
1979-06-25,40.33860875966135,0.22,8.71
1979-06-26,40.79254079254075,0.22,9.53
1979-06-27,40.68212489265116,0.22,9.42
1979-06-28,40.645319592687976,0.22,9.29
1979-06-29,40.58397742608265,0.22,9.27
1979-07-02,40.6330511593669,0.22,9.31
1979-07-03,40.66985645933009,0.22,9.34
1979-07-04,40.66985645933009,0.22,9.35
1979-07-05,40.54717212611945,0.22,9.31
1979-07-06,40.817077659182864,0.22,9.61
1979-07-09,40.8612440191387,0.22,9.59
1979-07-10,40.78027235921967,0.22,9.58
1979-07-11,40.64531959268796,0.22,9.3
1979-07-12,40.63305115936689,0.22,9.08
1979-07-13,40.60851429272476,0.22,9.08
1979-07-16,40.41221935958772,0.22,8.95
1979-07-17,40.117776959882164,0.22,9.08
1979-07-18,40.00736105999258,0.22,9.06
1979-07-19,40.154582259845355,0.22,9.19
1979-07-20,40.28953502637707,0.22,9.26
1979-07-23,40.053981106612625,0.22,9.33
1979-07-24,40.08097165991896,0.22,9.36
1979-07-25,40.24046129309281,0.22,9.53
1979-07-26,40.35823825297503,0.22,8.57
1979-07-27,40.32634032634025,0.23,8.31
1979-07-30,40.68212489265114,0.22,7.6
1979-07-31,40.70666175929327,0.22,7.56
1979-08-01,40.66249539933743,0.22,6.85
1979-08-02,40.68212489265114,0.22,6.76
1979-08-03,40.72629125260698,0.22,6.49
1979-08-06,40.633051159366886,0.23,5.59
1979-08-07,40.706661759293276,0.23,5.56
1979-08-08,40.682124892651146,0.23,5.55
1979-08-09,40.522635259477305,0.23,5.66
1979-08-10,40.404858299595084,0.22,5.71
1979-08-13,40.54717212611944,0.23,5.81
1979-08-14,40.67476383265852,0.23,5.89
1979-08-15,40.65758802600903,0.23,5.82
1979-08-16,40.60851429272477,0.23,5.46
1979-08-17,40.71893019261435,0.23,5.52
1979-08-20,40.74592074592069,0.23,5.49
1979-08-21,40.71893019261435,0.23,5.4
1979-08-22,40.71402281928593,0.23,5.4
1979-08-23,40.65268065268061,0.23,5.42
1979-08-24,40.6134216660532,0.23,5.22
1979-08-27,40.73610599926384,0.23,4.73
1979-08-28,40.71647650595015,0.23,4.64
1979-08-29,40.79499447920496,0.23,4.56
1979-08-30,40.58643111274685,0.23,4.77
1979-08-31,40.63795853269532,0.23,4.39
1979-09-03,40.63795853269532,0.23,4.39
1979-09-04,40.62078272604583,0.23,4.26
1979-09-05,40.56680161943315,0.23,4.21
1979-09-06,40.22328548644334,0.23,4.94
1979-09-07,39.94601889338727,0.22,4.55
1979-09-10,39.9337504600662,0.23,4.53
1979-09-11,40.13004539320325,0.23,4.83
1979-09-12,39.94601889338727,0.23,4.97
1979-09-13,40.13004539320325,0.23,5.19
1979-09-14,40.08097165991899,0.22,5.17
1979-09-17,40.04416635995579,0.23,5.12
1979-09-18,39.94601889338727,0.23,5.15
1979-09-19,39.78652926021343,0.22,5.15
1979-09-20,38.82959146117037,0.21,8.76
1979-09-21,38.55968592810694,0.21,8.78
1979-09-24,38.75352717457976,0.21,8.9
1979-09-25,38.64065758802597,0.21,8.9
1979-09-26,38.719175561280785,0.21,8.97
1979-09-27,38.20390136179606,0.21,9.52
1979-09-28,38.130290761869674,0.21,9.48
1979-10-01,37.983069562016894,0.21,9.48
1979-10-02,38.37565942829097,0.21,10.2
1979-10-03,38.81732302784931,0.21,10.97
1979-10-04,38.866396761133565,0.21,11.0
1979-10-05,38.76824929456505,0.21,10.91
1979-10-08,38.76824929456505,0.21,10.92
1979-10-09,39.823334560176626,0.18,13.84
1979-10-10,39.52889216047107,0.18,13.93
1979-10-11,39.737455526929175,0.18,14.03
1979-10-12,39.798797693534496,0.18,14.05
1979-10-15,39.99509262667153,0.18,14.15
1979-10-16,40.17911912648751,0.18,14.23
1979-10-17,40.55944055944052,0.18,14.29
1979-10-18,40.2527297264139,0.18,14.32
1979-10-19,40.350877192982416,0.18,14.33
1979-10-22,40.85388295914607,0.17,14.72
1979-10-23,41.05017789228311,0.17,14.68
1979-10-24,40.70666175929329,0.17,14.9
1979-10-25,40.64531959268796,0.17,14.9
1979-10-26,40.964298859035644,0.17,15.05
1979-10-29,41.27100969206227,0.17,15.15
1979-10-30,41.0869831922463,0.17,15.16
1979-10-31,40.74346705925648,0.17,13.32
1979-11-01,40.47356152619305,0.17,13.3
1979-11-02,40.26499815973495,0.17,13.41
1979-11-05,40.39995092626666,0.17,13.36
1979-11-06,40.39995092626666,0.17,13.36
1979-11-07,40.093240093240034,0.17,12.87
1979-11-08,40.37541405962453,0.17,12.92
1979-11-09,40.5594405594405,0.17,12.81
1979-11-12,40.5594405594405,0.17,12.58
1979-11-13,40.70666175929328,0.17,12.24
1979-11-14,40.363145626303464,0.17,12.61
1979-11-15,40.68212489265115,0.17,12.7
1979-11-16,40.436756226229846,0.17,12.9
1979-11-19,40.228192859771745,0.17,10.36
1979-11-20,40.33860875966133,0.17,10.1
1979-11-21,40.26499815973494,0.17,10.02
1979-11-22,40.26499815973494,0.17,10.02
1979-11-23,40.547172126119435,0.17,10.12
1979-11-26,40.547172126119435,0.17,10.04
1979-11-27,40.498098392835175,0.17,9.64
1979-11-28,40.154582259845355,0.17,9.71
1979-11-29,39.798797693534475,0.17,10.03
1979-11-30,39.20991289412336,0.18,10.11
1979-12-03,38.387927861612006,0.18,11.52
1979-12-04,39.001349527665255,0.18,12.57
1979-12-05,39.49208686050785,0.18,13.25
1979-12-06,39.369402527297204,0.18,12.98
1979-12-07,39.663844927002756,0.18,12.98
1979-12-10,39.59023432707636,0.18,12.94
1979-12-11,39.209912894123356,0.18,13.01
1979-12-12,39.258986627407616,0.18,12.93
1979-12-13,39.209912894123356,0.18,12.86
1979-12-14,39.504355293828915,0.19,13.05
1979-12-17,39.44301312722359,0.18,13.05
1979-12-18,39.44301312722359,0.18,12.88
1979-12-19,39.234449760765486,0.18,12.73
1979-12-20,39.393939393939334,0.18,12.71
1979-12-21,39.41847626058147,0.18,12.72
1979-12-24,39.20991289412336,0.18,12.7
1979-12-25,39.20991289412336,0.18,12.51
1979-12-26,38.87866519445461,0.18,12.39
1979-12-27,38.71917556128077,0.18,12.34
1979-12-28,39.13630229419698,0.18,12.8
1979-12-31,39.13630229419698,0.17,12.76
1980-01-01,39.13630229419698,0.17,12.76
1980-01-02,38.7069071279597,0.17,13.1
1980-01-03,38.571954361428,0.18,12.86
1980-01-04,38.65783339467544,0.18,12.9
1980-01-07,38.52288062814374,0.19,12.91
1980-01-08,38.69463869463864,0.19,12.86
1980-01-09,38.62102809471225,0.19,12.65
1980-01-10,38.7437124279229,0.19,11.94
1980-01-11,38.841859894491414,0.19,10.08
1980-01-14,38.841859894491414,0.19,8.87
1980-01-15,39.136302294196966,0.19,8.32
1980-01-16,38.89093362777567,0.19,8.47
1980-01-17,39.08722856091271,0.19,8.29
1980-01-18,39.08722856091271,0.18,8.28
1980-01-21,39.369402527297204,0.18,8.08
1980-01-22,39.479818427186785,0.18,8.11
1980-01-23,39.406207827260396,0.18,8.12
1980-01-24,39.46754999386572,0.18,7.81
1980-01-25,39.6515764936817,0.18,7.92
1980-01-28,39.72027972027966,0.18,7.94
1980-01-29,39.676113360323825,0.18,7.76
1980-01-30,39.78652926021341,0.18,7.71
1980-01-31,40.19138755980855,0.18,8.25
1980-02-01,40.080971659918966,0.18,8.11
1980-02-04,40.01962949331364,0.18,8.14
1980-02-05,39.89694516010298,0.18,7.72
1980-02-06,39.406207827260396,0.18,8.57
1980-02-07,39.65157649368169,0.18,8.17
1980-02-08,39.72518709360807,0.18,8.18
1980-02-11,39.67611336032381,0.18,8.2
1980-02-12,39.67611336032381,0.18,7.39
1980-02-13,39.58532695374793,0.18,7.33
1980-02-14,39.67611336032382,0.17,7.33
1980-02-15,39.97055576002937,0.17,7.45
1980-02-18,39.97055576002937,0.17,7.39
1980-02-19,40.20365599312961,0.16,7.46
1980-02-20,40.33860875966131,0.16,7.46
1980-02-21,40.24782235308544,0.16,7.53
1980-02-22,40.78027235921965,0.16,8.32
1980-02-25,40.96429885903562,0.16,8.17
1980-02-26,40.98883572567775,0.16,7.81
1980-02-27,40.853882959146034,0.16,7.89
1980-02-28,41.025641025640944,0.15,7.91
1980-02-29,41.7740154582259,0.16,9.19
1980-03-03,42.080726291252525,0.16,9.32
1980-03-04,42.227947491105304,0.16,9.24
1980-03-05,41.97031039136294,0.16,9.58
1980-03-06,42.080726291252525,0.16,9.55
1980-03-07,42.080726291252525,0.16,9.57
1980-03-10,42.57146362409512,0.16,9.94
1980-03-11,42.55919519077405,0.16,9.97
1980-03-12,42.436510857563405,0.16,9.78
1980-03-13,42.79229542387428,0.16,9.86
1980-03-14,43.03766409029558,0.16,9.84
1980-03-17,43.871917556128,0.14,10.87
1980-03-18,43.70015948963309,0.13,10.0
1980-03-19,43.516132989817116,0.13,10.23
1980-03-20,43.229051650104196,0.14,10.64
1980-03-21,43.65108575634882,0.14,10.75
1980-03-24,43.89645442277011,0.13,10.72
1980-03-25,44.11728622254929,0.13,10.58
1980-03-26,44.03140718930184,0.13,10.71
1980-03-27,44.86566065513424,0.13,11.59
1980-03-28,44.96380812170276,0.13,11.54
1980-03-31,45.430008587903224,0.13,11.68
1980-04-01,45.73671942092986,0.13,11.7
1980-04-02,45.54042448779282,0.13,11.82
1980-04-03,45.72445098760878,0.13,11.5
1980-04-04,45.883940620782624,0.13,11.5
1980-04-07,46.05569868727753,0.13,11.45
1980-04-08,45.172371488160856,0.12,13.27
1980-04-09,43.82284382284372,0.11,16.68
1980-04-10,43.062200956937694,0.11,16.95
1980-04-11,42.89044289044279,0.11,16.9
1980-04-14,42.76775855723215,0.11,16.91
1980-04-15,43.41798552324859,0.1,17.33
1980-04-16,42.47331615752659,0.11,18.66
1980-04-17,42.62053735737937,0.11,18.68
1980-04-18,42.69414795730575,0.11,18.37
1980-04-21,42.30155809103167,0.1,18.58
1980-04-22,42.792295423874265,0.11,18.88
1980-04-23,41.68813642497843,0.11,20.29
1980-04-24,41.72494172494162,0.11,20.19
1980-04-25,41.56545209176778,0.11,19.2
1980-04-28,41.01337259231986,0.1,19.5
1980-04-29,40.97656729235666,0.1,19.49
1980-04-30,40.91522512575134,0.1,19.44
1980-05-01,40.9274935590724,0.1,19.12
1980-05-02,41.58998895840991,0.1,19.77
1980-05-05,40.79254079254069,0.1,20.32
1980-05-06,40.62078272604578,0.1,20.32
1980-05-07,40.48582995951407,0.1,19.19
1980-05-08,40.78027235921963,0.1,19.39
1980-05-09,41.27100969206222,0.09,19.5
1980-05-12,40.7557354925775,0.09,19.44
1980-05-13,40.90295669243027,0.09,19.57
1980-05-14,40.73119862593536,0.09,19.42
1980-05-15,40.84161452582495,0.09,19.4
1980-05-16,41.0011041589988,0.09,19.4
1980-05-19,41.136056925530504,0.09,18.92
1980-05-20,41.209667525456894,0.09,16.99
1980-05-21,40.79254079254069,0.09,16.51
1980-05-22,40.768003925898554,0.09,16.5
1980-05-23,40.485829959514064,0.09,16.57
1980-05-26,40.485829959514064,0.09,15.73
1980-05-27,40.17911912648744,0.09,14.61
1980-05-28,40.363145626303414,0.09,14.66
1980-05-29,40.55944055944045,0.09,14.76
1980-05-30,40.780272359219616,0.09,14.72
1980-06-02,40.736105999263785,0.09,14.18
1980-06-03,40.583977426082576,0.08,12.01
1980-06-04,40.412219359587674,0.08,12.04
1980-06-05,40.4367562262298,0.08,12.02
1980-06-06,40.117776959882114,0.08,11.6
1980-06-09,39.81106612685549,0.08,11.78
1980-06-10,39.81106612685549,0.08,11.78
1980-06-11,39.970555760029335,0.08,11.87
1980-06-12,39.84787142681869,0.08,10.67
1980-06-13,39.590234327076324,0.08,9.27
1980-06-16,40.093240093239984,0.08,10.07
1980-06-17,39.995092626671465,0.08,10.05
1980-06-18,39.823334560176555,0.08,9.82
1980-06-19,40.1913875598085,0.08,9.52
1980-06-20,40.04416635995572,0.07,8.86
1980-06-23,40.10550852656105,0.07,8.79
1980-06-24,40.240461293092764,0.07,8.8
1980-06-25,40.19629493313693,0.07,8.75
1980-06-26,39.9631947000367,0.07,8.77
1980-06-27,39.93375046006615,0.07,8.68
1980-06-30,39.99018525334305,0.07,8.67
1980-07-01,39.90921359342402,0.07,8.2
1980-07-02,39.73745552692911,0.07,8.27
1980-07-03,39.57796589375527,0.07,8.11
1980-07-04,39.57796589375527,0.07,8.11
1980-07-07,38.95227579438096,0.06,9.09
1980-07-08,39.03815482762842,0.07,8.98
1980-07-09,39.14857072751799,0.07,8.87
1980-07-10,39.13139492086851,0.06,8.63
1980-07-11,39.13630229419694,0.06,8.65
1980-07-14,39.38167096061823,0.07,8.91
1980-07-15,39.50435529382889,0.07,8.93
1980-07-16,39.36940252729717,0.07,8.96
1980-07-17,39.1853760274812,0.07,8.77
1980-07-18,39.52153110047838,0.07,8.94
1980-07-21,39.32032879401291,0.07,9.05
1980-07-22,39.20991289412333,0.07,8.97
1980-07-23,39.271255060728656,0.07,8.97
1980-07-24,39.13630229419694,0.07,8.82
1980-07-25,39.229542387437036,0.07,7.9
1980-07-28,39.443013127223566,0.07,8.1
1980-07-29,39.83560299349764,0.07,8.58
1980-07-30,40.43675622622981,0.08,9.29
1980-07-31,40.43675622622981,0.08,9.22
1980-08-01,40.80480922586176,0.07,9.58
1980-08-04,40.47356152619301,0.08,9.88
1980-08-05,40.22819285977171,0.08,10.06
1980-08-06,39.99509262667148,0.08,10.06
1980-08-07,40.35087719298237,0.09,10.39
1980-08-08,40.498098392835146,0.09,10.43
1980-08-11,40.498098392835146,0.09,10.41
1980-08-12,40.264998159734915,0.09,10.48
1980-08-13,40.338608759661305,0.09,10.39
1980-08-14,40.350877192982374,0.09,10.39
1980-08-15,40.338608759661305,0.09,9.04
1980-08-18,40.69439332597219,0.08,9.32
1980-08-19,40.75082811924909,0.08,9.31
1980-08-20,40.6943933259722,0.08,9.33
1980-08-21,40.64531959268794,0.08,9.35
1980-08-22,41.074714758925204,0.08,9.64
1980-08-25,40.96429885903562,0.08,9.71
1980-08-26,40.78517973254807,0.08,9.75
1980-08-27,40.76800392589858,0.08,9.6
1980-08-28,40.36314562630344,0.09,9.91
1980-08-29,40.46129309287196,0.08,9.75
1980-09-01,40.46129309287196,0.08,9.69
1980-09-02,40.14231382652427,0.08,10.05
1980-09-03,39.97055576002937,0.08,10.09
1980-09-04,39.9950926266715,0.08,10.08
1980-09-05,40.11777695988214,0.08,10.0
1980-09-08,39.89203778677455,0.08,9.73
1980-09-09,40.02699055330627,0.08,8.64
1980-09-10,39.99999999999993,0.08,8.64
1980-09-11,39.95828732670831,0.08,8.13
1980-09-12,40.00736105999257,0.08,7.81
1980-09-15,40.04907373328419,0.08,7.62
1980-09-16,40.09324009324002,0.07,7.42
1980-09-17,40.00245368666414,0.07,6.93
1980-09-18,40.28462765304863,0.07,7.18
1980-09-19,40.35087719298238,0.07,7.2
1980-09-22,40.68212489265113,0.07,7.39
1980-09-23,40.755735492577514,0.07,7.39
1980-09-24,40.350877192982374,0.07,8.01
1980-09-25,40.363145626303435,0.07,8.01
1980-09-26,40.375414059624504,0.07,7.54
1980-09-29,40.59133848607525,0.06,7.71
1980-09-30,40.57170899276154,0.06,7.7
1980-10-01,40.28953502637705,0.06,7.97
1980-10-02,40.38768249294557,0.06,7.29
1980-10-03,40.37541405962451,0.06,7.26
1980-10-06,40.06870322659789,0.05,7.48
1980-10-07,40.196294933136976,0.05,7.57
1980-10-08,40.19138755980855,0.05,6.97
1980-10-09,40.14231382652429,0.05,6.93
1980-10-10,40.14231382652429,0.05,6.93
1980-10-13,40.14231382652429,0.06,6.52
1980-10-14,40.36314562630346,0.05,6.57
1980-10-15,40.42448779290878,0.06,6.58
1980-10-16,40.498098392835175,0.05,6.55
1980-10-17,40.68212489265114,0.05,6.39
1980-10-20,40.68212489265114,0.06,6.34
1980-10-21,40.65758802600901,0.06,6.34
1980-10-22,40.82934609250392,0.06,6.41
1980-10-23,40.79254079254073,0.06,6.43
1980-10-24,41.11152005888841,0.06,6.77
1980-10-27,41.70040485829953,0.05,7.86
1980-10-28,41.89669979143657,0.05,7.84
1980-10-29,41.61452582505207,0.05,8.04
1980-10-30,42.00711569132615,0.05,8.41
1980-10-31,42.08072629125254,0.06,8.14
1980-11-03,42.1298000245368,0.0,8.14
1980-11-04,42.1298000245368,0.0,7.39
1980-11-05,42.74322169059003,0.0,8.33
1980-11-06,42.82419335050906,0.0,8.32
1980-11-07,42.81683229051642,0.0,8.28
1980-11-10,41.89669979143655,0.01,10.87
1980-11-11,41.89669979143655,0.01,10.58
1980-11-12,41.970310391362936,0.01,10.58
1980-11-13,41.810820758189095,0.01,10.68
1980-11-14,42.05618942461039,0.01,10.4
1980-11-17,42.620537357379376,0.0,10.97
1980-11-18,42.375168690958084,-0.01,11.2
1980-11-19,42.09299472457359,0.0,11.45
1980-11-20,42.28928965771063,0.0,11.48
1980-11-21,42.399705557600214,0.0,11.47
1980-11-24,42.48558459084767,-0.01,11.41
1980-11-25,42.362900257637015,-0.01,11.5
1980-11-26,42.41197399092127,-0.01,11.5
1980-11-27,42.41197399092127,-0.01,11.47
1980-11-28,42.657342657342575,0.0,11.53
1980-12-01,43.000858790332394,-0.02,11.67
1980-12-02,43.12354312354304,-0.02,11.65
1980-12-03,42.95178505704813,-0.02,11.75
1980-12-04,42.97632192369025,-0.02,11.61
1980-12-05,43.467059256532856,-0.02,11.34
1980-12-08,43.55293828978029,-0.02,11.3
1980-12-09,43.982333456017564,-0.02,11.29
1980-12-10,44.65709728867613,-0.03,11.77
1980-12-11,44.82885535517104,-0.03,11.78
1980-12-12,44.57121825542868,-0.03,12.02
1980-12-15,44.387191755612704,-0.03,12.14
1980-12-16,44.914734388418495,-0.04,11.91
1980-12-17,44.239970555759925,-0.04,12.94
1980-12-18,44.33811802232845,-0.04,12.93
1980-12-19,44.19089682247567,-0.04,10.92
1980-12-22,43.50386455649604,-0.05,12.11
1980-12-23,43.55293828978029,-0.05,12.11
1980-12-24,43.25849589007474,-0.05,12.26
1980-12-25,43.25849589007474,-0.05,12.17
1980-12-26,43.49159612317497,-0.05,11.65
1980-12-29,43.55293828978029,-0.06,11.47
1980-12-30,43.356643356643254,-0.06,11.36
1980-12-31,43.85964912280692,-0.06,11.74
1981-01-01,43.85964912280692,-0.06,11.74
1981-01-02,43.92099128941224,-0.06,11.74
1981-01-05,43.111274690221954,-0.07,13.1
1981-01-06,42.95178505704812,-0.07,13.16
1981-01-07,43.35664335664327,-0.08,13.43
1981-01-08,43.54312354312346,-0.08,13.39
1981-01-09,44.092749355907166,-0.08,13.68
1981-01-12,44.289044289044206,-0.08,13.71
1981-01-13,44.46080235553912,-0.08,13.65
1981-01-14,44.338118022328466,-0.09,13.7
1981-01-15,44.54668138878656,-0.08,13.38
1981-01-16,44.70617102196041,-0.09,13.4
1981-01-19,44.87792908845532,-0.09,13.15
1981-01-20,44.63256042203402,-0.09,12.47
1981-01-21,44.46080235553911,-0.08,12.46
1981-01-22,44.98834498834489,-0.09,12.85
1981-01-23,45.1601030548398,-0.09,12.81
1981-01-26,45.41774015458216,-0.09,12.44
1981-01-27,45.87167218746156,-0.09,11.78
1981-01-28,46.19065145380925,-0.09,11.9
1981-01-29,46.69365721997291,-0.09,12.13
1981-01-30,47.405226352594674,-0.09,11.48
1981-02-02,47.110783952889115,-0.08,11.79
1981-02-03,47.52791068580533,-0.08,11.55
1981-02-04,47.0126364863206,-0.08,12.27
1981-02-05,47.69966875230024,-0.08,12.74
1981-02-06,47.65059501901598,-0.08,12.79
1981-02-09,47.62605815237385,-0.09,12.63
1981-02-10,47.81008465218982,-0.09,12.37
1981-02-11,47.89596368543727,-0.09,12.34
1981-02-12,47.89596368543727,-0.09,12.36
1981-02-13,49.503128450496774,-0.09,13.59
1981-02-16,49.503128450496774,-0.09,13.42
1981-02-17,48.96331738436992,-0.09,14.15
1981-02-18,48.779290884553944,-0.09,14.35
1981-02-19,47.23346828609977,-0.08,17.71
1981-02-20,46.25199362041458,-0.08,19.03
1981-02-23,46.68138878665186,-0.08,19.16
1981-02-24,47.086247086247,-0.08,19.21
1981-02-25,47.02490491964168,-0.08,19.22
1981-02-26,47.79781621886875,-0.08,19.7
1981-02-27,48.14133235185857,-0.07,19.75
1981-03-02,48.64433811802223,-0.07,19.73
1981-03-03,48.36216415163775,-0.07,19.8
1981-03-04,47.7855477855477,-0.07,20.09
1981-03-05,47.72420561894238,-0.07,20.11
1981-03-06,48.030916451969006,-0.07,20.12
1981-03-09,47.331615752668306,-0.08,20.55
1981-03-10,47.184394552815526,-0.08,20.51
1981-03-11,47.527910685805345,-0.08,20.37
1981-03-12,47.527910685805345,-0.08,19.87
1981-03-13,47.28254201938405,-0.08,19.84
1981-03-16,46.669120353330804,-0.08,20.03
1981-03-17,46.63231505336761,-0.08,19.78
1981-03-18,45.761256287572,-0.08,19.98
1981-03-19,45.88394062078265,-0.08,20.02
1981-03-20,46.28879892037779,-0.08,20.25
1981-03-23,46.57588026009071,-0.08,20.31
1981-03-24,46.53416758679909,-0.08,20.29
1981-03-25,46.71819408661506,-0.08,20.34
1981-03-26,47.30707888602617,-0.08,17.96
1981-03-27,47.47883695252108,-0.08,18.03
1981-03-30,46.91448901975209,-0.08,18.08
1981-03-31,47.30707888602616,-0.08,18.3
1981-04-01,47.02490491964168,-0.08,15.64
1981-04-02,47.2211998527787,-0.08,14.29
1981-04-03,47.662863452337035,-0.08,14.29
1981-04-06,48.31309041835348,-0.09,14.61
1981-04-07,47.57698441908959,-0.09,15.39
1981-04-08,47.675131885658104,-0.09,14.6
1981-04-09,47.945037418721526,-0.08,14.54
1981-04-10,48.116795485216436,-0.08,14.22
1981-04-13,48.595264384737966,-0.09,14.44
1981-04-14,48.43577475156412,-0.09,13.98
1981-04-15,48.791559317875006,-0.08,14.12
1981-04-16,48.92651208440672,-0.08,14.03
1981-04-17,49.036927984296305,-0.08,13.2
1981-04-20,48.828364617838204,-0.08,13.24
1981-04-21,48.9019752177646,-0.08,13.11
1981-04-22,48.42350631824307,-0.08,13.5
1981-04-23,48.65660655134331,-0.08,13.43
1981-04-24,48.65660655134331,-0.08,12.71
1981-04-27,48.85290148448035,-0.08,12.72
1981-04-28,48.75475401791183,-0.08,11.1
1981-04-29,49.58900748374423,-0.09,11.95
1981-04-30,49.58900748374423,-0.09,11.82
1981-05-01,49.515396883817836,-0.09,11.81
1981-05-04,50.32511348300813,-0.09,12.5
1981-05-05,50.729971782603265,-0.1,12.6
1981-05-06,50.55821371610837,-0.1,12.36
1981-05-07,50.92626671574031,-0.1,12.45
1981-05-08,50.39872408293452,-0.1,12.29
1981-05-11,50.92626671574031,-0.1,12.39
1981-05-12,50.92626671574031,-0.1,12.14
1981-05-13,50.98760888234564,-0.1,12.14
1981-05-14,51.06121948227202,-0.1,11.97
1981-05-15,50.76677708256646,-0.1,11.69
1981-05-18,50.381548276285024,-0.1,10.84
1981-05-19,50.496871549503034,-0.1,10.84
1981-05-20,50.251502883081734,-0.1,10.96
1981-05-21,50.93853514906137,-0.1,11.52
1981-05-22,50.86492454913498,-0.1,11.3
1981-05-25,50.86492454913498,-0.1,11.21
1981-05-26,50.93853514906137,-0.1,11.07
1981-05-27,51.183903815482665,-0.1,11.11
1981-05-28,50.86001717580656,-0.1,11.36
1981-05-29,50.93362777573295,-0.1,11.23
1981-06-01,50.93853514906137,-0.1,11.23
1981-06-02,51.576493681756745,-0.1,11.14
1981-06-03,51.282051282051185,-0.1,11.36
1981-06-04,52.60704208072621,-0.11,13.37
1981-06-05,52.38621028094703,-0.11,13.52
1981-06-08,51.89547294810445,-0.11,13.92
1981-06-09,51.82186234817806,-0.11,13.17
1981-06-10,51.23297754876695,-0.11,13.73
1981-06-11,51.89547294810445,-0.1,14.14
1981-06-12,51.429272481903986,-0.1,13.73
1981-06-15,50.165623849834304,-0.11,15.53
1981-06-16,50.31284504968707,-0.11,15.53
1981-06-17,50.25150288308174,-0.11,15.36
1981-06-18,50.84038768249286,-0.11,15.46
1981-06-19,50.74224021592434,-0.11,15.14
1981-06-22,50.39872408293452,-0.11,15.27
1981-06-23,49.90798675009193,-0.11,15.52
1981-06-24,49.99386578333939,-0.11,15.53
1981-06-25,50.03067108330258,-0.11,15.45
1981-06-26,49.76076555023915,-0.11,15.37
1981-06-29,49.89571831677087,-0.11,15.38
1981-06-30,50.28830818304495,-0.11,15.51
1981-07-01,50.91399828241926,-0.11,15.41
1981-07-02,50.877192982456066,-0.11,15.41
1981-07-03,50.91399828241926,-0.11,15.41
1981-07-06,51.30658814869334,-0.12,15.57
1981-07-07,51.31885658201439,-0.12,15.51
1981-07-08,51.89547294810446,-0.12,15.72
1981-07-09,51.674641148325286,-0.12,15.79
1981-07-10,50.98760888234565,-0.12,16.33
1981-07-13,50.81585081585075,-0.12,15.89
1981-07-14,51.38019874861972,-0.12,16.17
1981-07-15,50.79131394920861,-0.12,14.47
1981-07-16,50.88946141577713,-0.12,14.47
1981-07-17,51.14709851551949,-0.12,14.34
1981-07-20,51.44154091522503,-0.12,14.46
1981-07-21,51.92000981474658,-0.12,14.3
1981-07-22,51.564225248435704,-0.12,13.93
1981-07-23,51.7359833149306,-0.12,13.69
1981-07-24,51.65010428168315,-0.12,11.3
1981-07-27,51.83413078149912,-0.12,11.31
1981-07-28,51.89547294810446,-0.12,11.29
1981-07-29,52.06723101459936,-0.12,10.83
1981-07-30,52.31259968102066,-0.12,10.85
1981-07-31,52.71745798061579,-0.12,10.75
1981-08-03,53.93203287940121,-0.12,11.92
1981-08-04,54.079254079254,-0.12,11.92
1981-08-05,53.51490614648501,-0.12,12.55
1981-08-06,53.70874739295783,-0.12,12.32
1981-08-07,53.61305361305354,-0.12,12.39
1981-08-10,53.981106612685494,-0.12,12.35
1981-08-11,53.85842227947484,-0.13,12.03
1981-08-12,52.9996319470003,-0.12,13.17
1981-08-13,53.220463746779465,-0.12,13.2
1981-08-14,53.637590479695675,-0.13,13.2
1981-08-17,53.281805913384794,-0.12,13.42
1981-08-18,53.40449024659544,-0.12,13.08
1981-08-19,53.24500061342159,-0.12,13.03
1981-08-20,52.80333701386326,-0.12,12.6
1981-08-21,52.45982088087343,-0.12,12.74
1981-08-24,52.668384247331545,-0.12,12.4
1981-08-25,53.36768494663223,-0.12,12.31
1981-08-26,52.70518954729474,-0.12,13.02
1981-08-27,52.70518954729474,-0.12,12.97
1981-08-28,52.312599681020664,-0.12,13.13
1981-08-31,52.55796834744195,-0.12,12.92
1981-09-01,52.98736351367922,-0.12,12.91
1981-09-02,52.75426328057898,-0.12,12.99
1981-09-03,51.9445466813887,-0.12,13.85
1981-09-04,51.26978284873014,-0.11,14.36
1981-09-07,51.26978284873014,-0.11,14.35
1981-09-08,51.96908354803084,-0.11,14.92
1981-09-09,51.4906146485093,-0.11,15.09
1981-09-10,50.6195558827137,-0.12,15.64
1981-09-11,50.34965034965027,-0.12,13.76
1981-09-14,49.8834498834498,-0.12,13.81
1981-09-15,49.02465955097526,-0.11,14.31
1981-09-16,48.582995951416926,-0.11,14.27
1981-09-17,48.129063918537526,-0.11,14.37
1981-09-18,47.797816218868775,-0.11,14.02
1981-09-21,46.791804686541454,-0.1,14.9
1981-09-22,48.092258618574334,-0.1,17.35
1981-09-23,48.190406085142854,-0.1,17.27
1981-09-24,48.46031161820628,-0.1,17.15
1981-09-25,48.50938535149054,-0.1,17.18
1981-09-28,48.5584590847748,-0.1,17.14
1981-09-29,48.165869218500724,-0.1,17.2
1981-09-30,48.46031161820628,-0.1,17.36
1981-10-01,48.313090418353504,-0.1,17.33
1981-10-02,47.47883695252109,-0.11,17.73
1981-10-05,46.30106735369887,-0.11,18.07
1981-10-06,46.7427309532572,-0.11,18.41
1981-10-07,46.0802355539197,-0.12,18.61
1981-10-08,45.78579315421415,-0.12,18.59
1981-10-09,45.14783462151877,-0.1,18.57
1981-10-12,45.14783462151877,-0.1,18.18
1981-10-13,45.63857195436137,-0.1,18.83
1981-10-14,45.68764568764562,-0.1,18.62
1981-10-15,45.88394062078267,-0.1,18.6
1981-10-16,45.88394062078267,-0.1,18.6
1981-10-19,45.74898785425095,-0.1,17.81
1981-10-20,46.03116182063544,-0.1,18.02
1981-10-21,46.5341675867991,-0.1,18.06
1981-10-22,46.669120353330804,-0.1,18.12
1981-10-23,46.35014108698312,-0.09,18.05
1981-10-26,47.03717335296275,-0.1,18.16
1981-10-27,46.82860998650465,-0.1,18.03
1981-10-28,46.202919887130335,-0.1,18.24
1981-10-29,45.63857195436135,-0.09,18.46
1981-10-30,45.025150288308105,-0.1,17.83
1981-11-02,44.227702122438885,-0.11,16.13
1981-11-03,44.227702122438885,-0.11,16.08
1981-11-04,43.871917556128004,-0.11,15.93
1981-11-05,43.994601889338654,-0.11,15.98
1981-11-06,43.93325972273333,-0.11,15.94
1981-11-09,43.43025395656967,-0.11,16.06
1981-11-10,43.982333456017585,-0.11,16.54
1981-11-11,43.982333456017585,-0.11,16.57
1981-11-12,43.16034842350624,-0.12,16.69
1981-11-13,43.111274690221975,-0.11,15.26
1981-11-16,43.33210649000115,-0.12,14.99
1981-11-17,44.203165255796755,-0.11,15.99
1981-11-18,43.89645442277013,-0.11,16.0
1981-11-19,44.09274935590716,-0.11,15.61
1981-11-20,44.608023555391895,-0.11,16.04
1981-11-23,44.313581155686336,-0.11,15.76
1981-11-24,43.810575389522675,-0.12,16.05
1981-11-25,43.675622622990964,-0.12,15.95
1981-11-26,43.675622622990964,-0.12,15.95
1981-11-27,43.61428045638564,-0.12,15.95
1981-11-30,43.491596123174986,-0.12,15.77
1981-12-01,43.835112256164805,-0.12,15.56
1981-12-02,43.638817323027766,-0.12,15.5
1981-12-03,43.99460188933865,-0.12,15.74
1981-12-04,43.884185989449065,-0.12,14.88
1981-12-07,44.338118022328466,-0.13,15.34
1981-12-08,44.82885535517106,-0.13,15.38
1981-12-09,44.902465955097455,-0.13,14.99
1981-12-10,45.30732425469259,-0.13,14.7
1981-12-11,45.29505582137153,-0.13,13.59
1981-12-14,45.31959268801366,-0.13,13.59
1981-12-15,44.97607655502384,-0.13,13.56
1981-12-16,44.84112378849212,-0.13,13.59
1981-12-17,44.73070788860254,-0.13,13.61
1981-12-18,44.902465955097455,-0.13,13.11
1981-12-21,44.681634155318285,-0.13,12.73
1981-12-22,44.50987608882338,-0.13,12.8
1981-12-23,44.50987608882338,-0.13,11.32
1981-12-24,44.534412955465505,-0.13,11.3
1981-12-25,44.534412955465505,-0.13,11.24
1981-12-28,44.387191755612726,-0.12,9.63
1981-12-29,44.289044289044206,-0.12,9.41
1981-12-30,44.264507422402076,-0.12,9.32
1981-12-31,43.871917556128,-0.13,9.0
1982-01-01,43.871917556128,-0.13,8.8
1982-01-04,43.957796589375455,-0.13,8.12
1982-01-05,44.436265488896986,-0.13,8.66
1982-01-06,44.42399705557592,-0.13,8.67
1982-01-07,44.865660655134256,-0.13,9.08
1982-01-08,44.82885535517106,-0.14,9.02
1982-01-11,45.51588762115069,-0.14,9.77
1982-01-12,45.589498221077086,-0.14,9.6
1982-01-13,45.638571954361346,-0.14,9.38
1982-01-14,45.50361918782963,-0.14,9.4
1982-01-15,45.54042448779283,-0.14,8.97
1982-01-18,45.368666421297924,-0.14,8.51
1982-01-19,45.31959268801366,-0.15,8.51
1982-01-20,45.650840387682415,-0.15,8.37
1982-01-21,45.233713654766206,-0.15,8.83
1982-01-22,45.466813887866444,-0.15,8.97
1982-01-25,45.871672187461584,-0.15,9.01
1982-01-26,45.417740154582184,-0.15,9.5
1982-01-27,45.528156054471765,-0.15,9.47
1982-01-28,45.57722978775602,-0.14,9.42
1982-01-29,45.29505582137153,-0.14,9.49
1982-02-01,46.00662495399329,-0.15,10.41
1982-02-02,46.20291988713033,-0.15,10.45
1982-02-03,46.54643602012015,-0.15,10.6
1982-02-04,46.055698687277555,-0.15,11.2
1982-02-05,46.25199362041459,-0.15,11.15
1982-02-08,46.497362286835894,-0.15,11.15
1982-02-09,46.90222058643103,-0.15,11.32
1982-02-10,46.71819408661506,-0.15,10.97
1982-02-11,46.55379708011279,-0.15,11.08
1982-02-12,46.55379708011279,-0.15,11.1
1982-02-15,46.55379708011279,-0.15,10.77
1982-02-16,46.88995215310997,-0.15,10.88
1982-02-17,46.97583118635742,-0.15,10.59
1982-02-18,46.497362286835894,-0.15,11.15
1982-02-19,46.22745675377246,-0.15,10.46
1982-02-22,45.933014354066906,-0.15,10.66
1982-02-23,46.104772420561815,-0.15,10.71
1982-02-24,46.055698687277555,-0.15,10.67
1982-02-25,46.129309287203945,-0.15,10.67
1982-02-26,46.59550975340442,-0.15,10.96
1982-03-01,46.4605569868727,-0.16,11.01
1982-03-02,46.067967120598624,-0.16,11.16
1982-03-03,46.141577720525014,-0.16,10.77
1982-03-04,45.896209054103714,-0.15,10.83
1982-03-05,45.39320328794006,-0.16,11.01
1982-03-08,45.19690835480302,-0.16,10.68
1982-03-09,45.773524720893064,-0.15,11.33
1982-03-10,45.61403508771922,-0.15,11.38
1982-03-11,45.871672187461584,-0.15,11.33
1982-03-12,46.141577720525014,-0.15,10.46
1982-03-15,46.06796712059862,-0.14,10.39
1982-03-16,46.178383020488205,-0.14,10.16
1982-03-17,46.178383020488205,-0.14,9.64
1982-03-18,46.26426205373566,-0.14,9.57
1982-03-19,46.558704453441216,-0.14,9.63
1982-03-22,46.75499938657824,-0.14,9.35
1982-03-23,46.52189915347801,-0.14,9.39
1982-03-24,46.59550975340439,-0.14,9.35
1982-03-25,46.77953625322038,-0.14,9.42
1982-03-26,46.93902588639422,-0.14,9.47
1982-03-29,47.56471598576852,-0.14,10.04
1982-03-30,47.31934731934723,-0.14,10.17
1982-03-31,47.56471598576852,-0.14,9.73
1982-04-01,47.62605815237385,-0.14,9.51
1982-04-02,47.58925285241066,-0.14,9.25
1982-04-05,47.94503741872154,-0.14,9.41
1982-04-06,48.26401668506922,-0.14,9.51
1982-04-07,48.1658692185007,-0.14,9.57
1982-04-08,48.73021715126969,-0.13,9.71
1982-04-09,48.6566065513433,-0.13,9.66
1982-04-12,48.54619065145371,-0.12,9.23
1982-04-13,47.99411115200579,-0.12,10.05
1982-04-14,48.32535885167455,-0.12,9.96
1982-04-15,48.57072751809584,-0.12,9.17
1982-04-16,48.533922218132645,-0.13,8.99
1982-04-19,48.03091645196899,-0.13,9.21
1982-04-20,47.82235308551089,-0.13,9.26
1982-04-21,47.932768985400465,-0.13,9.18
1982-04-22,48.23947981842708,-0.15,9.2
1982-04-23,48.36216415163773,-0.15,9.15
1982-04-26,48.00637958532684,-0.15,9.54
1982-04-27,47.99411115200577,-0.15,9.55
1982-04-28,47.87142681879513,-0.15,9.61
1982-04-29,48.0922586185743,-0.15,9.54
1982-04-30,48.01864801864791,-0.15,9.52
1982-05-03,47.69966875230022,-0.14,9.63
1982-05-04,48.03091645196897,-0.14,9.8
1982-05-05,47.5647159857685,-0.14,10.27
1982-05-06,47.073978652925916,-0.15,10.74
1982-05-07,46.32560422034095,-0.15,10.98
1982-05-10,46.58324132008332,-0.14,11.07
1982-05-11,46.88995215310994,-0.14,11.14
1982-05-12,47.30707888602614,-0.14,11.48
1982-05-13,47.55244755244743,-0.15,11.59
1982-05-14,47.74874248558447,-0.15,11.43
1982-05-17,48.03091645196896,-0.15,11.39
1982-05-18,48.44804318488517,-0.15,11.68
1982-05-19,48.46031161820624,-0.15,11.12
1982-05-20,48.41123788492198,-0.15,11.12
1982-05-21,48.19040608514281,-0.15,11.18
1982-05-24,48.0186480186479,-0.15,10.69
1982-05-25,48.141332351858544,-0.15,10.51
1982-05-26,48.41123788492198,-0.15,10.53
1982-05-27,49.04919641761736,-0.15,11.25
1982-05-28,49.01239111765416,-0.15,10.75
1982-05-31,49.01239111765416,-0.15,10.64
1982-06-01,49.687154950312724,-0.15,11.3
1982-06-02,49.564470617102074,-0.15,11.24
1982-06-03,49.662618083670594,-0.15,11.23
1982-06-04,49.785302416881244,-0.15,10.94
1982-06-07,49.858913016807634,-0.15,10.93
1982-06-08,50.17789228315531,-0.15,10.97
1982-06-09,50.472334682860875,-0.15,11.0
1982-06-10,50.61955588271366,-0.15,10.96
1982-06-11,50.27603974972384,-0.16,10.97
1982-06-14,50.82811924917176,-0.16,11.21
1982-06-15,50.96307201570348,-0.16,10.61
1982-06-16,51.41700404858287,-0.16,10.01
1982-06-17,51.90774138142547,-0.16,8.25
1982-06-18,52.16537848116782,-0.16,8.25
1982-06-21,52.238989081094225,-0.16,8.24
1982-06-22,51.257514415409034,-0.16,10.52
1982-06-23,51.907741381425474,-0.16,10.91
1982-06-24,51.60103054839886,-0.16,11.22
1982-06-25,52.16537848116785,-0.16,11.45
1982-06-28,52.4230155809102,-0.16,11.33
1982-06-29,51.69917801496739,-0.16,12.36
1982-06-30,51.5151515151514,-0.16,12.45
1982-07-01,51.58876211507779,-0.16,12.28
1982-07-02,51.62556741504098,-0.16,12.15
1982-07-05,51.62556741504098,-0.16,12.18
1982-07-06,52.00588884799399,-0.16,12.23
1982-07-07,52.607042080726174,-0.15,12.11
1982-07-08,52.680652680652564,-0.15,12.07
1982-07-09,52.09176788124146,-0.16,12.74
1982-07-12,51.7237148816095,-0.17,12.5
1982-07-13,52.263525947736355,-0.17,12.73
1982-07-14,52.28806281437848,-0.17,12.73
1982-07-15,52.091767881241445,-0.17,12.84
1982-07-16,51.62556741504098,-0.17,13.22
1982-07-19,51.650104281683106,-0.17,13.12
1982-07-20,51.159366948840514,-0.17,13.4
1982-07-21,50.54594528278727,-0.17,13.89
1982-07-22,50.607287449392594,-0.17,13.73
1982-07-23,49.589007483744204,-0.17,14.63
1982-07-26,49.77303398356018,-0.17,14.66
1982-07-27,50.26377131640278,-0.17,14.72
1982-07-28,50.889461415777085,-0.17,14.93
1982-07-29,51.41700404858287,-0.17,15.2
1982-07-30,51.527419948472456,-0.18,15.21
1982-08-02,50.69316648264004,-0.18,14.93
1982-08-03,50.840387682492825,-0.18,14.42
1982-08-04,51.94454668138866,-0.19,15.77
1982-08-05,52.00588884799397,-0.19,15.43
1982-08-06,52.288062814378456,-0.19,15.44
1982-08-09,52.74199484725786,-0.2,15.04
1982-08-10,52.66838424733147,-0.2,15.0
1982-08-11,52.8646791804685,-0.2,15.02
1982-08-12,52.975095080358074,-0.2,15.03
1982-08-13,52.63157894736826,-0.2,15.19
1982-08-16,52.99963194700021,-0.2,15.17
1982-08-17,52.69292111397359,-0.19,14.91
1982-08-18,51.77278861489371,-0.19,15.81
1982-08-19,51.89547294810437,-0.19,15.48
1982-08-20,50.938535149061316,-0.2,16.32
1982-08-23,50.938535149061316,-0.2,15.97
1982-08-24,50.055207949944645,-0.19,16.72
1982-08-25,50.128818549871035,-0.19,16.73
1982-08-26,50.79131394920853,-0.19,17.09
1982-08-27,51.478346215188154,-0.19,17.6
1982-08-30,52.50889461415761,-0.19,18.32
1982-08-31,52.189915347809915,-0.19,18.01
1982-09-01,52.140841614525655,-0.19,18.02
1982-09-02,51.735983314930515,-0.19,17.0
1982-09-03,51.60103054839881,-0.19,17.03
1982-09-06,51.60103054839881,-0.19,16.83
1982-09-07,51.67464114832519,-0.19,16.45
1982-09-08,52.14084161452567,-0.19,16.38
1982-09-09,51.87093608146224,-0.19,16.46
1982-09-10,52.60704208072613,-0.19,16.13
1982-09-13,52.70518954729465,-0.19,16.13
1982-09-14,52.63157894736826,-0.19,14.87
1982-09-15,52.63157894736826,-0.19,14.86
1982-09-16,52.48435774751549,-0.19,14.81
1982-09-17,52.312599681020586,-0.19,14.6
1982-09-20,52.50889461415763,-0.19,14.65
1982-09-21,52.631578947368276,-0.19,14.62
1982-09-22,52.459820880873366,-0.19,14.63
1982-09-23,52.79106858054211,-0.19,14.63
1982-09-24,53.14685314685299,-0.19,14.62
1982-09-27,53.50263771316387,-0.19,14.63
1982-09-28,53.527174579806,-0.19,13.51
1982-09-29,53.23273218010045,-0.19,13.65
1982-09-30,53.26953748006363,-0.19,12.24
1982-10-01,53.34314807999002,-0.19,12.23
1982-10-04,54.04244877929073,-0.19,11.18
1982-10-05,53.94430131272221,-0.19,11.25
1982-10-06,53.68666421297985,-0.18,10.96
1982-10-07,52.90148448043169,-0.19,11.44
1982-10-08,52.852410747147424,-0.19,9.84
1982-10-11,52.852410747147424,-0.19,9.64
1982-10-12,51.9568151147097,-0.18,10.98
1982-10-13,52.54569991412082,-0.18,11.22
1982-10-14,52.87694761378956,-0.18,11.31
1982-10-15,52.79106858054211,-0.18,11.33
1982-10-18,52.74199484725786,-0.18,11.34
1982-10-19,52.95055821371595,-0.18,11.09
1982-10-20,53.25726904674257,-0.18,11.05
1982-10-21,53.36768494663215,-0.18,10.28
1982-10-22,53.41675867991642,-0.18,10.27
1982-10-25,53.932032879401135,-0.18,10.61
1982-10-26,53.85842227947474,-0.18,10.63
1982-10-27,53.78481167954836,-0.18,10.59
1982-10-28,54.275549012390954,-0.18,10.79
1982-10-29,54.165133112501366,-0.18,10.81
1982-11-01,53.76027481290622,-0.18,11.1
1982-11-02,53.76027481290622,-0.18,11.03
1982-11-03,53.981106612685394,-0.17,10.95
1982-11-04,54.52091767881224,-0.18,11.15
1982-11-05,54.42277021224372,-0.18,11.03
1982-11-08,54.97484971169163,-0.18,11.39
1982-11-09,54.23874371242775,-0.18,12.04
1982-11-10,54.3982333456016,-0.18,12.06
1982-11-11,54.3982333456016,-0.18,12.06
1982-11-12,54.569991412096506,-0.19,11.47
1982-11-15,54.471843945527986,-0.18,11.47
1982-11-16,53.79708011286941,-0.18,12.01
1982-11-17,54.06698564593284,-0.18,11.17
1982-11-18,53.944301312722196,-0.18,11.2
1982-11-19,53.527174579805994,-0.17,11.48
1982-11-22,53.78481167954835,-0.18,10.18
1982-11-23,53.76027481290622,-0.18,9.69
1982-11-24,53.13458471353192,-0.18,10.23
1982-11-25,53.13458471353192,-0.18,10.21
1982-11-26,52.77880014722103,-0.18,10.42
1982-11-29,52.3371365476627,-0.18,10.64
1982-11-30,51.956815114709684,-0.18,10.65
1982-12-01,51.79732548153585,-0.18,10.63
1982-12-02,51.46607778186709,-0.18,10.74
1982-12-03,50.9385351490613,-0.18,10.51
1982-12-06,50.77904551588747,-0.17,10.52
1982-12-07,50.52140841614511,-0.17,10.56
1982-12-08,50.69316648264001,-0.17,10.12
1982-12-09,51.36793031529858,-0.18,11.15
1982-12-10,51.110293215556226,-0.17,11.05
1982-12-13,51.99362041467289,-0.17,12.41
1982-12-14,51.03668261562982,-0.16,13.34
1982-12-15,51.331125015335374,-0.17,13.05
1982-12-16,50.42326094957657,-0.17,13.88
1982-12-17,50.276039749723786,-0.16,13.3
1982-12-20,49.957060483376104,-0.16,12.95
1982-12-21,49.589007483744155,-0.16,12.9
1982-12-22,49.5399337504599,-0.16,12.88
1982-12-23,49.319101950680725,-0.16,12.73
1982-12-24,49.09827015090156,-0.16,12.72
1982-12-27,49.09827015090156,-0.16,12.46
1982-12-28,49.04919641761731,-0.16,12.22
1982-12-29,48.95104895104879,-0.16,12.22
1982-12-30,49.38044411728607,-0.16,12.66
1982-12-31,49.25775978407541,-0.16,12.44
1983-01-03,48.92651208440667,-0.15,12.46
1983-01-04,48.803827751196025,-0.15,12.18
1983-01-05,48.03091645196893,-0.15,12.75
1983-01-06,48.09225861857425,-0.15,12.79
1983-01-07,47.50337381916314,-0.15,12.99
1983-01-10,47.04944178628374,-0.15,13.07
1983-01-11,47.50337381916314,-0.15,13.64
1983-01-12,47.74874248558444,-0.15,13.81
1983-01-13,47.012636486320545,-0.15,14.16
1983-01-14,47.454300085878884,-0.14,14.62
1983-01-17,47.442031652557816,-0.15,14.61
1983-01-18,48.190406085142776,-0.15,15.48
1983-01-19,48.48484848484833,-0.15,14.97
1983-01-20,48.53392221813259,-0.15,14.97
1983-01-21,48.85290148448027,-0.15,14.03
1983-01-24,49.687154950312674,-0.16,14.2
1983-01-25,48.840633051159195,-0.16,14.85
1983-01-26,48.767022451232805,-0.16,13.98
1983-01-27,48.779290884553866,-0.16,13.97
1983-01-28,48.852901484480256,-0.16,13.89
1983-01-31,49.44178628389137,-0.16,14.24
1983-02-01,49.45405471721243,-0.16,14.24
1983-02-02,50.26377131640272,-0.16,14.98
1983-02-03,49.52766531713882,-0.16,15.6
1983-02-04,49.9570604833761,-0.16,15.8
1983-02-07,49.539933750459895,-0.16,16.02
1983-02-08,49.527665317138826,-0.16,16.01
1983-02-09,49.58900748374415,-0.16,15.8
1983-02-10,49.36817568396498,-0.16,15.84
1983-02-11,49.2209544841122,-0.16,15.73
1983-02-14,49.23322291743326,-0.16,15.71
1983-02-15,49.06146485093835,-0.16,14.94
1983-02-16,48.54619065145363,-0.16,15.31
1983-02-17,48.86516991780131,-0.16,14.9
1983-02-18,49.00012268433302,-0.16,14.54
1983-02-21,49.00012268433302,-0.16,14.32
1983-02-22,49.53993375045987,-0.17,14.58
1983-02-23,49.957060483376075,-0.16,13.76
1983-02-24,49.674886516991585,-0.16,13.76
1983-02-25,49.85891301680755,-0.16,13.76
1983-02-28,50.6072874493925,-0.17,13.69
1983-03-01,50.72997178260316,-0.17,13.62
1983-03-02,50.41099251625547,-0.17,13.82
1983-03-03,50.41099251625547,-0.17,13.73
1983-03-04,50.12881854987098,-0.17,12.95
1983-03-07,50.17789228315523,-0.17,11.76
1983-03-08,50.607287449392516,-0.17,11.95
1983-03-09,50.59501901607144,-0.17,11.96
1983-03-10,50.34965034965014,-0.17,12.1
1983-03-11,50.84038768249274,-0.17,11.92
1983-03-14,50.63182431603464,-0.17,12.02
1983-03-15,50.34965034965014,-0.17,11.16
1983-03-16,50.30057661636588,-0.17,10.18
1983-03-17,50.57048214942931,-0.17,9.99
1983-03-18,50.7177033492821,-0.17,9.63
1983-03-21,51.03668261562978,-0.17,9.76
1983-03-22,50.98760888234551,-0.17,9.78
1983-03-23,51.20844068212469,-0.17,9.68
1983-03-24,50.81585081585062,-0.17,9.97
1983-03-25,50.66862961599783,-0.17,10.04
1983-03-28,51.1716353821615,-0.17,10.28
1983-03-29,51.07348791559298,-0.17,9.65
1983-03-30,51.13483008219829,-0.17,9.53
1983-03-31,51.17163538216148,-0.17,9.53
1983-04-01,51.22070911544574,-0.17,9.52
1983-04-04,50.84038768249274,-0.17,9.42
1983-04-05,50.33738191632907,-0.17,9.66
1983-04-06,50.17789228315523,-0.17,9.55
1983-04-07,50.30057661636588,-0.17,9.52
1983-04-08,50.49687154950292,-0.17,8.46
1983-04-11,50.325113483008025,-0.17,8.48
1983-04-12,50.16562384983418,-0.17,8.32
1983-04-13,50.447797816218674,-0.16,8.5
1983-04-14,50.276039749723765,-0.17,8.39
1983-04-15,50.0552079499446,-0.17,8.49
1983-04-18,50.55821371610827,-0.17,8.64
1983-04-19,50.64409274935572,-0.17,8.66
1983-04-20,50.864924549134884,-0.16,8.61
1983-04-21,50.631824316034646,-0.16,8.23
1983-04-22,50.57048214942932,-0.16,8.14
1983-04-25,50.435529382897606,-0.16,8.0
1983-04-26,50.4723346828608,-0.16,8.0
1983-04-27,50.361918782971216,-0.16,7.86
1983-04-28,50.74224021592422,-0.16,8.14
1983-04-29,50.86492454913487,-0.16,7.95
1983-05-02,50.75450864924529,-0.15,7.97
1983-05-03,50.737332842595805,-0.15,7.84
1983-05-04,50.4723346828608,-0.15,7.66
1983-05-05,50.386455649613346,-0.15,7.63
1983-05-06,50.37418721629228,-0.15,6.96
1983-05-09,50.03067108330247,-0.15,7.21
1983-05-10,50.104281683228855,-0.15,7.21
1983-05-11,49.66261808367053,-0.15,7.6
1983-05-12,49.62581278370733,-0.15,7.57
1983-05-13,49.63808121702839,-0.15,7.32
1983-05-16,50.12881854987099,-0.15,7.43
1983-05-17,50.251502883081635,-0.15,7.4
1983-05-18,49.63808121702839,-0.15,8.23
1983-05-19,50.77904551588741,-0.15,10.71
1983-05-20,50.99987731566657,-0.15,10.72
1983-05-23,50.99987731566657,-0.15,10.66
1983-05-24,51.098024782235086,-0.15,10.56
1983-05-25,50.86492454913485,-0.15,10.6
1983-05-26,50.90172984909805,-0.15,10.5
1983-05-27,51.159366948840415,-0.15,10.19
1983-05-30,51.159366948840415,-0.15,10.18
1983-05-31,51.429272481903844,-0.15,10.21
1983-06-01,51.748251748251526,-0.15,10.24
1983-06-02,51.625567415040884,-0.15,10.26
1983-06-03,51.73598331493046,-0.15,10.22
1983-06-06,52.03042571463602,-0.15,10.32
1983-06-07,52.263525947736255,-0.15,10.32
1983-06-08,52.30033124769946,-0.15,10.13
1983-06-09,52.23898908109413,-0.15,10.15
1983-06-10,52.189915347809865,-0.15,10.12
1983-06-13,52.189915347809865,-0.15,10.11
1983-06-14,52.38621028094691,-0.15,9.96
1983-06-15,52.44755244755224,-0.15,9.91
1983-06-16,52.128573181204544,-0.15,10.16
1983-06-17,51.981351981351764,-0.15,9.93
1983-06-20,51.65010428168302,-0.15,10.19
1983-06-21,51.78505704821473,-0.15,9.73
1983-06-22,51.07348791559298,-0.15,10.74
1983-06-23,51.14709851551935,-0.15,10.74
1983-06-24,51.19617224880362,-0.15,10.38
1983-06-27,51.429272481903844,-0.15,10.44
1983-06-28,51.44154091522489,-0.15,9.62
1983-06-29,51.674641148325115,-0.15,7.04
1983-06-30,51.58876211507767,-0.14,6.97
1983-07-01,51.674641148325115,-0.14,6.98
1983-07-04,51.674641148325115,-0.14,6.97
1983-07-05,52.23898908109411,-0.14,7.46
1983-07-06,52.14084161452559,-0.14,7.51
1983-07-07,52.30033124769944,-0.14,7.43
1983-07-08,52.23898908109411,-0.14,7.45
1983-07-11,52.263525947736234,-0.14,7.32
1983-07-12,51.944546681388545,-0.14,7.36
1983-07-13,51.83413078149896,-0.14,7.36
1983-07-14,51.895472948104306,-0.14,7.34
1983-07-15,52.22672064777304,-0.14,7.39
1983-07-18,52.067231014599194,-0.14,7.32
1983-07-19,51.98135198135174,-0.14,7.33
1983-07-20,51.51515151515128,-0.14,7.79
1983-07-21,51.46607778186703,-0.14,7.79
1983-07-22,51.69917801496726,-0.14,7.93
1983-07-25,51.895472948104306,-0.14,7.93
1983-07-26,51.821862348177916,-0.14,7.92
1983-07-27,51.895472948104306,-0.14,7.74
1983-07-28,52.091767881241346,-0.14,7.78
1983-07-29,52.37394184762583,-0.14,7.67
1983-08-01,52.87694761378948,-0.14,8.12
1983-08-02,52.53343148079968,-0.14,7.14
1983-08-03,52.852410747147346,-0.14,7.3
1983-08-04,53.01190038032119,-0.14,7.32
1983-08-05,53.257269046742486,-0.14,7.32
1983-08-08,53.453563979879526,-0.14,7.35
1983-08-09,53.429027113237396,-0.14,7.3
1983-08-10,53.87069071279572,-0.14,7.55
1983-08-11,53.78481167954827,-0.14,7.6
1983-08-12,53.60078517973229,-0.14,7.73
1983-08-15,53.20819531345822,-0.14,7.55
1983-08-16,52.545699914120725,-0.14,8.49
1983-08-17,52.53343148079965,-0.14,8.45
1983-08-18,52.631578947368176,-0.14,8.45
1983-08-19,52.87694761378946,-0.14,8.56
1983-08-22,52.545699914120725,-0.15,8.57
1983-08-23,52.459820880873266,-0.14,8.56
1983-08-24,52.66838424733138,-0.14,8.62
1983-08-25,52.656115814010306,-0.15,8.43
1983-08-26,53.26953748006355,-0.14,9.01
1983-08-29,53.470739786528995,-0.14,9.02
1983-08-30,53.60078517973228,-0.14,8.48
1983-08-31,53.662127346337606,-0.14,8.45
1983-09-01,53.698932646300804,-0.14,8.4
1983-09-02,53.735737946263995,-0.14,8.36
1983-09-05,53.735737946263995,-0.14,8.33
1983-09-06,53.42902711323738,-0.15,8.59
1983-09-07,53.51490614648483,-0.15,8.55
1983-09-08,53.34314807998992,-0.15,8.52
1983-09-09,53.23273218010035,-0.15,8.09
1983-09-12,53.09777941356864,-0.15,7.86
1983-09-13,53.47810084652165,-0.15,7.94
1983-09-14,53.61305361305336,-0.15,7.93
1983-09-15,53.44129554655845,-0.15,7.89
1983-09-16,53.12231628021077,-0.15,8.01
1983-09-19,52.82787388050521,-0.15,8.17
1983-09-20,52.97509508035798,-0.15,7.79
1983-09-21,53.02416881364225,-0.15,7.8
1983-09-22,53.2818059133846,-0.15,7.9
1983-09-23,52.631578947368176,-0.15,8.43
1983-09-26,52.631578947368176,-0.15,7.55
1983-09-27,52.47208931419433,-0.15,7.6
1983-09-28,52.33713654766261,-0.15,7.61
1983-09-29,52.2782480677215,-0.15,7.47
1983-09-30,52.018157281314934,-0.15,7.38
1983-10-03,51.846399214820025,-0.15,7.43
1983-10-04,51.95681511470962,-0.14,7.35
1983-10-05,51.56422524843555,-0.15,7.65
1983-10-06,51.39246718194064,-0.15,6.66
1983-10-07,51.20844068212467,-0.14,6.51
1983-10-10,51.20844068212467,-0.14,6.41
1983-10-11,51.613298981719794,-0.15,6.97
1983-10-12,52.091767881241324,-0.15,7.64
1983-10-13,51.907741381425346,-0.14,7.65
1983-10-14,52.04269414795705,-0.15,7.73
1983-10-17,51.78014967488625,-0.15,7.7
1983-10-18,51.478346215188054,-0.14,7.78
1983-10-19,51.515151515151246,-0.14,7.78
1983-10-20,51.62556741504084,-0.15,7.84
1983-10-21,51.551956815114444,-0.14,7.82
1983-10-24,52.037786774628614,-0.14,8.07
1983-10-25,51.8832045147832,-0.14,8.02
1983-10-26,52.0917678812413,-0.14,8.13
1983-10-27,52.128573181204494,-0.14,7.99
1983-10-28,52.25125751441515,-0.14,7.89
1983-10-31,52.58250521408389,-0.14,8.09
1983-11-01,53.036437246963295,-0.14,8.51
1983-11-02,52.766531713899866,-0.14,8.5
1983-11-03,52.95055821371584,-0.14,7.72
1983-11-04,53.245000613421404,-0.14,7.88
1983-11-07,53.41675867991631,-0.14,7.85
1983-11-08,53.41675867991631,-0.14,7.79
1983-11-09,53.183658446816075,-0.14,7.92
1983-11-10,52.80333701386306,-0.14,8.09
1983-11-11,52.80333701386306,-0.14,8.01
1983-11-14,53.07324254692648,-0.14,8.11
1983-11-15,53.083057293583344,-0.14,7.69
1983-11-16,53.15912158017395,-0.14,7.57
1983-11-17,53.563979879769086,-0.14,7.66
1983-11-18,53.64985891301656,-0.14,7.64
1983-11-21,53.5639798797691,-0.14,7.45
1983-11-22,53.23273218010035,-0.14,7.35
1983-11-23,53.46583241320057,-0.14,7.3
1983-11-24,53.46583241320057,-0.14,7.29
1983-11-25,53.5271745798059,-0.14,7.05
1983-11-28,53.41675867991631,-0.14,6.79
1983-11-29,53.527174579805894,-0.14,6.79
1983-11-30,53.036437246963295,-0.14,7.48
1983-12-01,53.07324254692648,-0.14,7.45
1983-12-02,53.34314807998991,-0.14,7.1
1983-12-05,53.73573794626398,-0.14,7.25
1983-12-06,53.64985891301654,-0.14,7.25
1983-12-07,53.74800637958504,-0.14,7.25
1983-12-08,53.833885412832494,-0.13,7.24
1983-12-09,54.26328057906977,-0.13,7.37
1983-12-12,54.27554901239083,-0.14,6.99
1983-12-13,54.47184394552787,-0.14,6.79
1983-12-14,54.287817445711894,-0.14,6.88
1983-12-15,54.31235431235402,-0.14,6.72
1983-12-16,54.37369647895935,-0.14,6.68
1983-12-19,54.26328057906977,-0.14,6.72
1983-12-20,54.17740154582232,-0.14,6.58
1983-12-21,54.23874371242764,-0.14,6.12
1983-12-22,54.26328057906977,-0.14,6.12
1983-12-23,53.93203287940103,-0.14,6.33
1983-12-26,53.93203287940103,-0.14,6.33
1983-12-27,53.73573794626398,-0.14,6.45
1983-12-28,53.71120107962186,-0.14,6.05
1983-12-29,53.588516746411216,-0.14,6.07
1983-12-30,53.465832413200566,-0.14,6.09
1984-01-02,53.465832413200566,-0.14,5.78
1984-01-03,54.385964912280436,-0.14,7.61
1984-01-04,54.79082321187558,-0.14,7.87
1984-01-05,54.75401791191239,-0.13,7.88
1984-01-06,54.920868605078866,-0.13,7.86
1984-01-09,55.257023678076024,-0.13,8.01
1984-01-10,54.85216537848089,-0.13,7.8
1984-01-11,55.281560544718154,-0.13,8.05
1984-01-12,55.20794994479176,-0.13,8.0
1984-01-13,54.65587044534384,-0.13,8.44
1984-01-16,54.52091767881212,-0.12,8.47
1984-01-17,54.876702245123,-0.12,8.65
1984-01-18,54.77855477855448,-0.12,8.68
1984-01-19,54.54545454545424,-0.12,8.48
1984-01-20,54.97484971169151,-0.12,8.79
1984-01-23,54.88897067844406,-0.12,8.75
1984-01-24,55.134339344865346,-0.12,8.76
1984-01-25,55.060728744938956,-0.12,8.78
1984-01-26,54.92086860507882,-0.12,8.83
1984-01-27,55.109802478223216,-0.12,8.84
1984-01-30,54.99938657833363,-0.12,8.85
1984-01-31,55.28156054471813,-0.12,8.96
1984-02-01,54.83989694515979,-0.12,9.33
1984-02-02,54.41050177892252,-0.12,9.45
1984-02-03,53.90749601275887,-0.11,9.88
1984-02-06,54.30008587903294,-0.11,10.05
1984-02-07,54.83989694515979,-0.11,10.44
1984-02-08,54.70494417862808,-0.11,10.44
1984-02-09,54.65587044534382,-0.11,10.41
1984-02-10,54.96258127837045,-0.11,10.51
1984-02-13,54.96258127837045,-0.11,9.25
1984-02-14,54.54545454545424,-0.11,9.28
1984-02-15,53.907496012758884,-0.11,9.91
1984-02-16,53.79708011286929,-0.11,9.85
1984-02-17,53.846153846153555,-0.11,9.64
1984-02-20,53.846153846153555,-0.11,9.43
1984-02-21,54.48411237884893,-0.11,9.83
1984-02-22,53.833885412832494,-0.11,10.42
1984-02-23,53.809348546190364,-0.11,10.02
1984-02-24,53.3431480799899,-0.11,10.3
1984-02-27,53.44129554655842,-0.11,10.09
1984-02-28,53.15912158017394,-0.11,10.17
1984-02-29,53.19592688013714,-0.11,10.13
1984-03-01,53.39222181327416,-0.11,9.87
1984-03-02,52.86467918046838,-0.11,10.23
1984-03-05,52.21445221445193,-0.11,10.59
1984-03-06,51.76052018157253,-0.11,10.78
1984-03-07,51.92000981474637,-0.11,10.89
1984-03-08,52.410747147588964,-0.11,11.3
1984-03-09,52.3616734143047,-0.11,11.31
1984-03-12,52.82787388050517,-0.11,11.57
1984-03-13,52.165378481167664,-0.11,11.88
1984-03-14,52.21445221445193,-0.11,11.75
1984-03-15,52.58250521408387,-0.11,11.75
1984-03-16,52.90148448043156,-0.11,11.68
1984-03-19,53.07324254692646,-0.11,11.27
1984-03-20,53.17139001349498,-0.11,11.3
1984-03-21,53.40939761992364,-0.11,11.42
1984-03-22,53.36768494663201,-0.11,11.25
1984-03-23,53.294074346705635,-0.11,11.24
1984-03-26,52.92602134707368,-0.11,11.21
1984-03-27,52.80824438719146,-0.11,10.71
1984-03-28,52.950558213715816,-0.11,10.75
1984-03-29,52.60704208072601,-0.11,10.89
1984-03-30,52.8156054471841,-0.11,10.98
1984-04-02,52.840142313826234,-0.11,10.29
1984-04-03,53.18365844681604,-0.11,9.94
1984-04-04,53.28180591338456,-0.11,9.97
1984-04-05,53.51490614648478,-0.11,9.71
1984-04-06,53.367684946632,-0.11,9.73
1984-04-09,53.39222181327413,-0.11,9.6
1984-04-10,53.23273218010029,-0.11,9.64
1984-04-11,53.13458471353177,-0.11,9.59
1984-04-12,53.28180591338455,-0.11,9.13
1984-04-13,53.404490246595195,-0.11,8.26
1984-04-16,53.65721997300913,-0.11,7.79
1984-04-17,53.809348546190336,-0.11,7.78
1984-04-18,53.74309900625659,-0.11,7.39
1984-04-19,54.030180345969505,-0.11,7.48
1984-04-20,54.030180345969505,-0.11,7.09
1984-04-23,53.882959146116725,-0.11,5.87
1984-04-24,54.4105017789225,-0.11,6.41
1984-04-25,54.373696478959324,-0.11,6.2
1984-04-26,54.62397251870904,-0.11,6.1
1984-04-27,54.827628511838725,-0.11,6.12
1984-04-30,55.122070911544284,-0.11,6.25
1984-05-01,55.08035823825266,-0.11,6.19
1984-05-02,55.15151515151484,-0.11,6.17
1984-05-03,55.0116550116547,-0.11,6.22
1984-05-04,55.220218378112804,-0.11,5.75
1984-05-07,55.993129677339894,-0.11,6.73
1984-05-08,55.993129677339894,-0.11,6.75
1984-05-09,55.94405594405563,-0.11,6.29
1984-05-10,56.14035087719267,-0.11,6.28
1984-05-11,56.194331983805355,-0.11,6.27
1984-05-14,55.94405594405563,-0.1,6.42
1984-05-15,55.735492577597526,-0.1,6.63
1984-05-16,55.64961354435006,-0.1,6.63
1984-05-17,55.78456631088178,-0.1,6.51
1984-05-18,55.96859281069776,-0.1,6.53
1984-05-21,55.68641884431326,-0.1,6.69
1984-05-22,55.62507667770793,-0.1,6.66
1984-05-23,55.88271377745029,-0.1,6.71
1984-05-24,55.64961354435005,-0.1,6.93
1984-05-25,55.1834130781496,-0.1,7.44
1984-05-28,55.1834130781496,-0.1,7.43
1984-05-29,55.4287817445709,-0.1,7.47
1984-05-30,55.57600294442368,-0.1,7.37
1984-05-31,55.45331861121302,-0.1,7.43
1984-06-01,54.70494417862807,-0.1,8.55
1984-06-04,54.61906514538062,-0.1,8.07
1984-06-05,54.82762851183873,-0.1,8.14
1984-06-06,54.8030916451966,-0.1,8.03
1984-06-07,55.0852656115811,-0.1,8.1
1984-06-08,55.18341307814961,-0.1,7.96
1984-06-11,55.62507667770793,-0.1,8.3
1984-06-12,55.91215801742086,-0.1,8.42
1984-06-13,55.72322414427645,-0.1,8.45
1984-06-14,55.74776101091858,-0.1,8.39
1984-06-15,55.956324377376696,-0.1,7.35
1984-06-18,56.263035210403324,-0.1,7.53
1984-06-19,56.14035087719267,-0.1,7.56
1984-06-20,56.582014476751006,-0.09,7.85
1984-06-21,56.753772543245915,-0.09,7.89
1984-06-22,56.76604097656697,-0.09,7.74
1984-06-25,57.318120476014876,-0.09,8.1
1984-06-26,56.97460434302507,-0.09,8.33
1984-06-27,57.21997300944637,-0.09,8.38
1984-06-28,57.09728867623573,-0.09,8.4
1984-06-29,57.19543614280425,-0.09,8.21
1984-07-02,57.47761010918874,-0.09,8.27
1984-07-03,58.0174211753156,-0.09,8.57
1984-07-04,58.0174211753156,-0.09,8.41
1984-07-05,58.250521408415835,-0.09,7.87
1984-07-06,58.56950067476352,-0.09,7.92
1984-07-09,58.692185007974174,-0.09,7.88
1984-07-10,58.48362164151608,-0.09,8.05
1984-07-11,58.962090541037604,-0.09,8.17
1984-07-12,59.09704330756932,-0.09,6.56
1984-07-13,58.888479941111214,-0.09,6.71
1984-07-16,58.56950067476353,-0.09,7.11
1984-07-17,59.0725064409272,-0.09,7.3
1984-07-18,59.41602257391702,-0.09,7.32
1984-07-19,59.07250644092721,-0.09,7.74
1984-07-20,59.45282787388021,-0.09,7.65
1984-07-23,59.869954606796405,-0.09,7.73
1984-07-24,59.87486198012483,-0.09,7.56
1984-07-25,59.72273340694363,-0.09,7.69
1984-07-26,59.56324377376979,-0.09,7.82
1984-07-27,60.40976567292328,-0.09,8.56
1984-07-30,60.44657097288646,-0.09,8.46
1984-07-31,60.66740277266563,-0.08,8.3
1984-08-01,60.483376272849654,-0.08,8.46
1984-08-02,60.13986013985985,-0.09,8.77
1984-08-03,58.98662740767975,-0.09,10.54
1984-08-06,59.391485707274896,-0.09,10.45
1984-08-07,60.238007606428354,-0.09,11.09
1984-08-08,59.99263894000706,-0.09,11.17
1984-08-09,59.90675990675961,-0.09,11.21
1984-08-10,59.93129677340173,-0.09,11.17
1984-08-13,60.12759170653877,-0.08,10.91
1984-08-14,59.41602257391702,-0.08,11.6
1984-08-15,59.170653907495726,-0.08,11.65
1984-08-16,58.28732670837906,-0.08,12.43
1984-08-17,58.4836216415161,-0.08,12.46
1984-08-20,58.790332474542716,-0.07,12.51
1984-08-21,59.10931174089039,-0.07,12.38
1984-08-22,58.9007483744323,-0.07,12.41
1984-08-23,58.495890074837156,-0.07,12.53
1984-08-24,58.71672187461632,-0.08,12.48
1984-08-27,58.9007483744323,-0.08,12.24
1984-08-28,58.70445344129527,-0.08,12.14
1984-08-29,58.66764814133207,-0.08,12.02
1984-08-30,58.925285241074434,-0.08,11.93
1984-08-31,59.121580174211466,-0.08,11.77
1984-09-03,59.121580174211466,-0.08,11.77
1984-09-04,60.05398110661238,-0.08,12.7
1984-09-05,60.45883940620753,-0.08,12.81
1984-09-06,60.3974972396022,-0.08,12.1
1984-09-07,61.02318733897651,-0.08,12.49
1984-09-10,61.14587167218717,-0.08,12.46
1984-09-11,61.31762973868208,-0.08,12.44
1984-09-12,61.09679793890292,-0.08,12.36
1984-09-13,61.661145871671884,-0.08,10.96
1984-09-14,61.464850938534845,-0.08,10.92
1984-09-17,62.01693043798275,-0.08,10.45
1984-09-18,62.39725187093577,-0.08,10.44
1984-09-19,62.18868850447766,-0.08,10.5
1984-09-20,62.740768003925574,-0.08,10.73
1984-09-21,61.648877438350816,-0.08,12.15
1984-09-24,61.14587167218715,-0.08,11.83
1984-09-25,61.8942461047721,-0.08,12.18
1984-09-26,61.53846153846122,-0.08,11.29
1984-09-27,61.46485093853483,-0.08,11.32
1984-09-28,62.15188320451447,-0.08,11.62
1984-10-01,61.906514538093184,-0.08,11.69
1984-10-02,61.575266838424426,-0.08,11.78
1984-10-03,61.219482272113545,-0.08,11.71
1984-10-04,61.53846153846122,-0.08,11.75
1984-10-05,61.8574408048089,-0.08,11.79
1984-10-08,61.8574408048089,-0.07,11.7
1984-10-09,62.39725187093577,-0.07,11.85
1984-10-10,62.26229910440405,-0.07,11.89
1984-10-11,62.495399337504274,-0.07,11.9
1984-10-12,62.8634523371362,-0.07,11.94
1984-10-15,63.1088210035575,-0.07,11.2
1984-10-16,63.03521040363111,-0.07,11.12
1984-10-17,62.76530487056768,-0.07,11.23
1984-10-18,62.66715740399916,-0.07,10.91
1984-10-19,62.16415163783551,-0.07,11.23
1984-10-22,62.053735737945914,-0.07,11.22
1984-10-23,61.45258250521375,-0.07,11.57
1984-10-24,60.97411360569222,-0.07,11.47
1984-10-25,60.72874493927093,-0.07,11.49
1984-10-26,61.145871672187134,-0.07,11.35
1984-10-29,61.857440804808896,-0.07,11.75
1984-10-30,61.501656238498015,-0.07,11.83
1984-10-31,61.1949454054714,-0.07,11.55
1984-11-01,60.31161820635474,-0.07,11.18
1984-11-02,59.526438473806586,-0.07,11.57
1984-11-05,59.133848607532514,-0.07,10.95
1984-11-06,59.133848607532514,-0.07,10.88
1984-11-07,59.30560667402741,-0.07,10.95
1984-11-08,59.256532940743156,-0.07,10.26
1984-11-09,59.526438473806586,-0.06,10.4
1984-11-12,59.526438473806586,-0.06,10.33
1984-11-13,59.23199607410103,-0.06,10.3
1984-11-14,60.115323273217705,-0.06,11.21
1984-11-15,59.906759906759596,-0.06,11.08
1984-11-16,60.18893387314408,-0.07,11.21
1984-11-19,60.70420807262881,-0.07,11.2
1984-11-20,61.09679793890288,-0.07,11.41
1984-11-21,61.39124033860843,-0.07,11.45
1984-11-22,61.39124033860843,-0.07,11.28
1984-11-23,61.37897190528737,-0.07,11.18
1984-11-26,61.95558827137743,-0.07,11.6
1984-11-27,61.90651453809317,-0.07,11.54
1984-11-28,61.8574408048089,-0.07,11.54
1984-11-29,62.04146730462489,-0.07,11.33
1984-11-30,62.69169427064133,-0.07,11.75
1984-12-03,62.94933137038369,-0.07,11.37
1984-12-04,62.07827260458808,-0.07,11.93
1984-12-05,62.44632560422002,-0.07,11.94
1984-12-06,61.980125138019545,-0.07,12.06
1984-12-07,62.421788737577884,-0.07,11.75
1984-12-10,62.65488897067812,-0.06,11.63
1984-12-11,62.59354680407281,-0.07,11.51
1984-12-12,62.69169427064133,-0.07,10.49
1984-12-13,62.86345233713623,-0.07,9.49
1984-12-14,62.44632560422002,-0.08,9.49
1984-12-17,62.569009937430664,-0.07,9.47
1984-12-18,62.409520304256816,-0.08,9.56
1984-12-19,62.7653048705677,-0.08,9.6
1984-12-20,63.096552570236454,-0.08,9.62
1984-12-21,62.98613667034688,-0.07,9.67
1984-12-24,63.059747270273256,-0.07,9.43
1984-12-25,63.059747270273256,-0.07,8.59
1984-12-26,63.206968470126036,-0.07,8.45
1984-12-27,63.77131640289502,-0.07,8.67
1984-12-28,63.57502146975798,-0.07,8.55
1984-12-31,63.82039013617927,-0.07,8.45
1985-01-01,63.82039013617927,-0.07,8.4
1985-01-02,64.21298000245336,-0.08,8.51
1985-01-03,64.32339590234294,-0.08,8.49
1985-01-04,64.63010673536955,-0.07,8.21
1985-01-07,64.9613544350383,-0.08,8.25
1985-01-08,64.69144890197487,-0.07,8.4
1985-01-09,65.07177033492789,-0.07,8.49
1985-01-10,64.67918046865381,-0.07,8.34
1985-01-11,64.90001226843299,-0.07,8.32
1985-01-14,65.68519200098113,-0.07,7.58
1985-01-15,65.77107103422858,-0.07,7.48
1985-01-16,65.67292356766006,-0.07,6.99
1985-01-17,65.73426573426539,-0.07,6.81
1985-01-18,65.79560790087073,-0.07,6.79
1985-01-21,65.79560790087073,-0.07,6.76
1985-01-22,65.5625076677705,-0.06,6.94
1985-01-23,65.84468163415498,-0.06,6.98
1985-01-24,65.18218623481748,-0.05,7.42
1985-01-25,65.3539443013124,-0.05,7.43
1985-01-28,65.32940743467026,-0.05,7.35
1985-01-29,65.43982333455983,-0.05,7.23
1985-01-30,65.66065513433901,-0.05,7.16
1985-01-31,65.63611826769687,-0.05,7.12
1985-02-01,66.3599558336397,-0.06,7.67
1985-02-04,67.21874616611426,-0.06,8.33
1985-02-05,67.2678198993985,-0.05,8.35
1985-02-06,67.16967243282998,-0.05,8.14
1985-02-07,67.72175193227791,-0.05,8.21
1985-02-08,68.08980493190985,-0.05,8.26
1985-02-11,68.58054226475244,-0.05,8.36
1985-02-12,68.58054226475244,-0.05,8.31
1985-02-13,68.99766899766865,-0.05,8.38
1985-02-14,68.6664212979999,-0.05,8.62
1985-02-15,68.13887866519411,-0.05,9.05
1985-02-18,68.13887866519411,-0.05,8.89
1985-02-19,68.97313213102652,-0.05,9.34
1985-02-20,69.26757453073208,-0.05,9.02
1985-02-21,69.39025886394272,-0.05,9.02
1985-02-22,70.12636486320662,-0.05,8.88
1985-02-25,71.57403999509225,-0.05,10.41
1985-02-26,71.30413446202883,-0.05,10.52
1985-02-27,69.68470126364826,-0.04,13.05
1985-02-28,70.10182799656447,-0.04,13.1
1985-03-01,70.19997546313299,-0.04,13.08
1985-03-04,70.98515519568113,-0.04,13.22
1985-03-05,71.7580664949082,-0.04,13.43
1985-03-06,71.10783952889179,-0.04,13.34
1985-03-07,71.18145012881817,-0.04,13.36
1985-03-08,71.23052386210243,-0.04,13.34
1985-03-11,69.90553306342744,-0.04,14.84
1985-03-12,69.68470126364826,-0.04,14.93
1985-03-13,69.93006993006958,-0.04,14.91
1985-03-14,70.66617592933346,-0.04,14.89
1985-03-15,70.56802846276494,-0.04,14.54
1985-03-18,69.75831186357466,-0.04,15.07
1985-03-19,68.27383143172582,-0.05,16.53
1985-03-20,67.59906759906725,-0.05,16.65
1985-03-21,66.74027726659273,-0.05,16.98
1985-03-22,67.01018279965615,-0.05,16.87
1985-03-25,67.28008833271957,-0.05,16.93
1985-03-26,66.74027726659273,-0.05,16.94
1985-03-27,65.02269660164364,-0.05,18.49
1985-03-28,65.02269660164364,-0.05,18.41
1985-03-29,63.795853269537176,-0.06,19.12
1985-04-01,64.75279106858022,-0.05,19.33
1985-04-02,65.26806526806496,-0.06,19.47
1985-04-03,64.82640166850662,-0.05,19.49
1985-04-04,65.9796344006867,-0.05,20.03
1985-04-05,65.63611826769687,-0.05,18.78
1985-04-08,65.41528646791771,-0.06,18.78
1985-04-09,65.09630720157003,-0.06,17.75
1985-04-10,65.09630720157003,-0.06,17.58
1985-04-11,63.624095203042245,-0.06,18.54
1985-04-12,63.035210403631126,-0.06,18.06
1985-04-15,62.053735737945935,-0.06,17.77
1985-04-16,62.053735737945935,-0.06,17.79
1985-04-17,62.1028094712302,-0.06,17.78
1985-04-18,60.85142927248158,-0.06,18.29
1985-04-19,60.76555023923413,-0.06,17.85
1985-04-22,61.41577720525058,-0.06,18.44
1985-04-23,62.740768003925574,-0.05,19.86
1985-04-24,63.673168936326505,-0.05,20.19
1985-04-25,64.32339590234294,-0.05,20.6
1985-04-26,64.0902956692427,-0.05,20.43
1985-04-29,64.11483253588483,-0.05,19.62
1985-04-30,63.79585326953715,-0.06,19.49
1985-05-01,64.77732793522233,-0.06,19.86
1985-05-02,65.26806526806493,-0.06,19.97
1985-05-03,66.51944546681354,-0.06,20.8
1985-05-06,66.3967611336029,-0.06,20.67
1985-05-07,65.34167586799131,-0.06,19.7
1985-05-08,65.9060238007603,-0.06,19.86
1985-05-09,64.18844313581123,-0.07,20.64
1985-05-10,64.53195926880103,-0.07,20.2
1985-05-13,63.40326340326307,-0.07,20.7
1985-05-14,62.98613667034686,-0.07,20.69
1985-05-15,63.329652803336664,-0.07,19.98
1985-05-16,63.57502146975798,-0.07,20.01
1985-05-17,63.3541896699788,-0.07,20.01
1985-05-20,62.98613667034686,-0.06,20.03
1985-05-21,63.3541896699788,-0.06,20.13
1985-05-22,63.50141086983159,-0.06,18.96
1985-05-23,63.45233713654732,-0.06,18.75
1985-05-24,63.99214820267417,-0.06,18.23
1985-05-27,63.99214820267417,-0.06,18.23
1985-05-28,64.22524843577439,-0.06,18.25
1985-05-29,63.55048460311582,-0.06,17.39
1985-05-30,63.771316402894996,-0.06,17.38
1985-05-31,63.18243160348388,-0.06,17.45
1985-06-03,62.83891547049406,-0.06,16.35
1985-06-04,63.08428413691536,-0.06,15.76
1985-06-05,63.40326340326305,-0.06,15.51
1985-06-06,63.10882100355748,-0.06,15.54
1985-06-07,63.74677953625285,-0.06,15.86
1985-06-10,64.1148325358848,-0.06,15.88
1985-06-11,63.771316402894996,-0.06,15.25
1985-06-12,63.82039013617925,-0.06,15.05
1985-06-13,64.04122193595842,-0.06,13.82
1985-06-14,63.13335787019964,-0.07,14.36
1985-06-17,63.17016317016283,-0.07,13.67
1985-06-18,62.299104404367235,-0.07,13.84
1985-06-19,62.07827260458806,-0.07,11.59
1985-06-20,63.1824316034839,-0.07,12.76
1985-06-21,62.937062937062606,-0.07,11.68
1985-06-24,62.96159980370473,-0.07,11.52
1985-06-25,63.08428413691538,-0.07,11.41
1985-06-26,62.200956937798715,-0.07,12.08
1985-06-27,62.91252607042047,-0.07,12.57
1985-06-28,62.34817813765149,-0.07,12.74
1985-07-01,62.544473070788534,-0.07,12.64
1985-07-02,62.5199362041464,-0.07,12.61
1985-07-03,62.37271500429361,-0.07,12.63
1985-07-04,62.37271500429361,-0.07,12.31
1985-07-05,61.83290393816676,-0.07,12.53
1985-07-08,61.354435038645235,-0.06,12.59
1985-07-09,60.70420807262881,-0.06,12.59
1985-07-10,60.13986013985983,-0.06,12.7
1985-07-11,59.77180714022787,-0.06,12.57
1985-07-12,58.863943074469084,-0.07,13.16
1985-07-15,58.728990307937366,-0.07,13.02
1985-07-16,58.728990307937366,-0.07,12.83
1985-07-17,57.293583609372774,-0.07,14.44
1985-07-18,58.12783707520519,-0.07,14.87
1985-07-19,58.348668874984355,-0.07,14.77
1985-07-22,58.373205741626485,-0.07,14.79
1985-07-23,57.41626794258343,-0.07,15.28
1985-07-24,58.1278370752052,-0.07,15.88
1985-07-25,57.41626794258343,-0.07,15.76
1985-07-26,57.29358360937279,-0.07,15.72
1985-07-29,56.189424610476955,-0.06,16.15
1985-07-30,56.361182676971865,-0.06,16.27
1985-07-31,56.287572077045475,-0.06,14.94
1985-08-01,56.92553060974084,-0.05,15.62
1985-08-02,56.77830940988806,-0.06,15.58
1985-08-05,57.03594650963043,-0.06,15.69
1985-08-06,57.96834744203135,-0.06,16.39
1985-08-07,57.95607900871029,-0.06,15.84
1985-08-08,57.42853637590451,-0.06,15.85
1985-08-09,57.44080480922557,-0.06,15.77
1985-08-12,56.52067231014569,-0.06,16.23
1985-08-13,56.410256410256096,-0.06,16.23
1985-08-14,56.483867010182486,-0.06,16.26
1985-08-15,55.62507667770794,-0.06,16.58
1985-08-16,55.4287817445709,-0.06,16.53
1985-08-19,55.49012391117623,-0.06,16.43
1985-08-20,55.91951907741349,-0.06,16.62
1985-08-21,55.64961354435006,-0.06,16.6
1985-08-22,55.060728744938956,-0.06,16.32
1985-08-23,55.281560544718126,-0.06,16.43
1985-08-26,55.69868727763432,-0.06,16.67
1985-08-27,56.140350877192645,-0.06,15.32
1985-08-28,55.61280824438687,-0.06,14.78
1985-08-29,55.956324377376674,-0.06,14.88
1985-08-30,56.680161943319504,-0.06,15.48
1985-09-02,56.680161943319504,-0.06,14.71
1985-09-03,57.71071034228895,-0.06,15.26
1985-09-04,57.56348914243618,-0.06,14.82
1985-09-05,57.82112624217854,-0.06,14.86
1985-09-06,59.330143540669525,-0.05,15.43
1985-09-09,59.45282787388017,-0.05,15.42
1985-09-10,59.52643847380655,-0.05,15.39
1985-09-11,59.86995460679637,-0.06,15.17
1985-09-12,59.50190160716442,-0.06,15.3
1985-09-13,58.716721874616276,-0.05,15.9
1985-09-16,58.471353208194984,-0.05,15.25
1985-09-17,58.373205741626464,-0.05,15.26
1985-09-18,58.61857440804776,-0.05,15.02
1985-09-19,58.471353208194984,-0.05,15.05
1985-09-20,57.46534167586768,-0.05,15.18
1985-09-23,54.98711814501258,-0.07,20.23
1985-09-24,54.76628634523342,-0.07,20.24
1985-09-25,54.12832781253803,-0.07,20.03
1985-09-26,53.78481167954823,-0.07,20.08
1985-09-27,53.90749601275887,-0.07,20.1
1985-09-30,53.8584222794746,-0.07,19.92
1985-10-01,53.195926880137115,-0.08,20.17
1985-10-02,53.122316280210725,-0.08,19.97
1985-10-03,52.680652680652386,-0.08,20.01
1985-10-04,53.048705680284336,-0.08,19.99
1985-10-07,53.2695374800635,-0.07,19.85
1985-10-08,53.2695374800635,-0.07,19.72
1985-10-09,53.392221813274155,-0.07,19.61
1985-10-10,53.63759047969544,-0.07,19.2
1985-10-11,53.44129554655841,-0.07,19.2
1985-10-14,53.44129554655841,-0.07,18.18
1985-10-15,53.56397987976905,-0.07,18.24
1985-10-16,54.103790945895916,-0.06,18.51
1985-10-17,53.367684946632025,-0.06,16.63
1985-10-18,53.220463746779245,-0.07,16.54
1985-10-21,53.0977794135686,-0.07,16.47
1985-10-22,53.318611213347765,-0.07,16.39
1985-10-23,53.12231628021073,-0.07,16.38
1985-10-24,53.29407434670564,-0.07,16.25
1985-10-25,53.367684946632025,-0.07,16.31
1985-10-28,53.17139001349499,-0.07,16.3
1985-10-29,52.7542632805788,-0.07,16.19
1985-10-30,52.7542632805788,-0.07,16.22
1985-10-31,52.77880014722092,-0.07,15.69
1985-11-01,52.41074714758898,-0.07,9.27
1985-11-04,52.48435774751536,-0.07,9.28
1985-11-05,52.80333701386306,-0.07,8.98
1985-11-06,52.5456999141207,-0.07,8.91
1985-11-07,52.999631947000104,-0.07,9.3
1985-11-08,52.93828978039479,-0.07,9.3
1985-11-11,52.93828978039479,-0.07,8.56
1985-11-12,52.827873880505194,-0.07,8.57
1985-11-13,52.594773647404956,-0.07,8.3
1985-11-14,52.60704208072603,-0.07,8.01
1985-11-15,52.7542632805788,-0.07,7.95
1985-11-18,52.55796834744175,-0.07,8.01
1985-11-19,52.214452214451946,-0.07,8.17
1985-11-20,52.557968347441765,-0.07,8.31
1985-11-21,52.054962581278104,-0.07,8.69
1985-11-22,51.71144644828829,-0.07,8.85
1985-11-25,51.56422524843551,-0.07,8.8
1985-11-26,51.30658814869315,-0.07,8.12
1985-11-27,51.28205128205102,-0.07,7.25
1985-11-28,51.28205128205102,-0.07,7.24
1985-11-29,51.06121948227186,-0.07,7.3
1985-12-02,51.65010428168297,-0.08,8.09
1985-12-03,51.85866764814108,-0.08,8.19
1985-12-04,51.41700404858274,-0.08,8.41
1985-12-05,51.42927248190381,-0.08,8.38
1985-12-06,51.65010428168297,-0.08,8.51
1985-12-09,51.93227824806746,-0.08,8.44
1985-12-10,52.03042571463599,-0.08,8.47
1985-12-11,52.23898908109409,-0.08,8.58
1985-12-12,51.61329898171978,-0.08,9.06
1985-12-13,51.68690958164617,-0.08,9.06
1985-12-16,51.84639921482,-0.08,8.9
1985-12-17,51.674641148325094,-0.07,8.84
1985-12-18,51.87093608146214,-0.07,8.49
1985-12-19,51.895472948104285,-0.07,8.5
1985-12-20,51.79732548153576,-0.07,8.5
1985-12-23,51.65010428168297,-0.08,8.51
1985-12-24,51.62556741504085,-0.07,8.44
1985-12-25,51.62556741504085,-0.07,8.44
1985-12-26,51.60103054839872,-0.07,8.37
1985-12-27,51.15936694884038,-0.08,8.65
1985-12-30,51.06121948227186,-0.08,8.48
1985-12-31,50.545945282787144,-0.08,8.62
1986-01-01,50.545945282787144,-0.08,8.23
1986-01-02,50.300576616365845,-0.07,8.14
1986-01-03,50.77904551588739,-0.07,8.69
1986-01-06,50.766777082566314,-0.08,8.57
1986-01-07,50.87719298245591,-0.07,8.61
1986-01-08,51.18390381548252,-0.08,8.81
1986-01-09,50.987608882345484,-0.08,8.79
1986-01-10,51.13483008219827,-0.08,8.1
1986-01-13,51.380198748619556,-0.08,8.14
1986-01-14,51.282051282051036,-0.08,7.75
1986-01-15,51.061219482271866,-0.08,7.85
1986-01-16,51.15936694884038,-0.08,7.75
1986-01-17,51.35566188197742,-0.08,7.65
1986-01-20,51.35566188197742,-0.08,7.62
1986-01-21,51.196172248803585,-0.08,7.53
1986-01-22,51.036682615629736,-0.08,6.72
1986-01-23,50.95080358238228,-0.08,6.7
1986-01-24,50.1778922831552,-0.09,7.93
1986-01-27,49.920255183412834,-0.09,8.0
1986-01-28,49.846644583486444,-0.09,7.85
1986-01-29,49.63808121702835,-0.09,7.87
1986-01-30,49.56447061710196,-0.09,7.87
1986-01-31,49.95706048337603,-0.08,8.35
1986-02-03,49.944792050054964,-0.09,8.35
1986-02-04,50.141086983192004,-0.09,8.48
1986-02-05,49.55220218378089,-0.09,9.07
1986-02-06,49.61354435038621,-0.09,8.82
1986-02-07,50.01840264998136,-0.09,9.23
1986-02-10,49.23322291743322,-0.09,9.9
1986-02-11,48.63206968470104,-0.09,10.47
1986-02-12,48.313090418353354,-0.09,10.53
1986-02-13,47.736474052263304,-0.1,10.44
1986-02-14,47.72420561894224,-0.09,10.44
1986-02-17,47.72420561894224,-0.09,10.38
1986-02-18,47.57698441908946,-0.09,10.06
1986-02-19,46.816341553183435,-0.09,10.85
1986-02-20,47.110783952888994,-0.08,11.06
1986-02-21,47.42976321923669,-0.08,11.2
1986-02-24,46.66912035333067,-0.08,11.9
1986-02-25,46.26426205373553,-0.08,12.01
1986-02-26,46.14157772052488,-0.08,11.89
1986-02-27,46.03116182063529,-0.08,11.68
1986-02-28,46.32560422034085,-0.08,12.02
1986-03-03,46.12930928720381,-0.08,12.02
1986-03-04,45.933014354066785,-0.08,12.02
1986-03-05,47.01263648632049,-0.08,14.47
1986-03-06,46.595509753404286,-0.09,14.07
1986-03-07,46.53416758679896,-0.09,14.06
1986-03-10,47.52791068580521,-0.09,15.73
1986-03-11,47.159857686173254,-0.1,15.82
1986-03-12,47.42976321923668,-0.1,15.98
1986-03-13,47.42976321923668,-0.09,15.72
1986-03-14,46.74273095325705,-0.1,16.17
1986-03-17,46.25199362041445,-0.1,16.23
1986-03-18,46.215188320451254,-0.1,16.0
1986-03-19,46.49736228683575,-0.1,16.16
1986-03-20,46.46055698687256,-0.1,15.85
1986-03-21,45.94528278738784,-0.09,15.54
1986-03-24,47.07397865292581,-0.09,17.15
1986-03-25,48.116795485216315,-0.09,18.39
1986-03-26,47.99411115200566,-0.09,18.04
1986-03-27,47.773279352226496,-0.09,18.09
1986-03-28,47.920500552079275,-0.09,18.12
1986-03-31,47.994111152005665,-0.09,18.09
1986-04-01,47.895963685437145,-0.09,17.38
1986-04-02,48.60753281805891,-0.09,17.81
1986-04-03,49.0982701509015,-0.09,17.94
1986-04-04,48.87743835112233,-0.09,17.21
1986-04-07,49.39271255060705,-0.09,17.11
1986-04-08,48.49711691816931,-0.1,18.13
1986-04-09,48.00637958532672,-0.1,18.44
1986-04-10,47.724205618942236,-0.1,18.5
1986-04-11,47.208931419457514,-0.1,18.78
1986-04-14,47.47883695252094,-0.11,18.77
1986-04-15,47.454300085878806,-0.11,17.48
1986-04-16,46.33787265366191,-0.12,18.73
1986-04-17,45.31959268801353,-0.12,19.86
1986-04-18,45.56496135443482,-0.12,18.77
1986-04-21,45.39320328793991,-0.12,18.68
1986-04-22,45.27051895472926,-0.12,18.56
1986-04-23,45.07422402159222,-0.12,18.57
1986-04-24,45.17237148816074,-0.13,18.17
1986-04-25,44.60802355539176,-0.13,18.27
1986-04-28,44.37492332229152,-0.13,18.31
1986-04-29,44.66936572199708,-0.13,18.33
1986-04-30,44.48533922218111,-0.13,18.35
1986-05-01,45.29505582137139,-0.13,18.99
1986-05-02,45.51588762115056,-0.13,17.47
1986-05-05,44.95153968838157,-0.13,16.25
1986-05-06,45.29505582137139,-0.13,16.52
1986-05-07,44.96380812170264,-0.13,16.58
1986-05-08,44.53441295546537,-0.13,16.64
1986-05-09,44.41172862225473,-0.13,16.6
1986-05-12,44.27677585572301,-0.13,16.6
1986-05-13,44.80431848852881,-0.13,16.33
1986-05-14,44.5957551220707,-0.14,15.84
1986-05-15,44.87792908845519,-0.14,16.1
1986-05-16,45.18463992148181,-0.14,15.85
1986-05-19,45.65084038768228,-0.14,15.61
1986-05-20,45.83486688749826,-0.14,15.5
1986-05-21,45.72445098760867,-0.14,15.45
1986-05-22,46.39921482026724,-0.13,15.89
1986-05-23,46.25199362041445,-0.13,15.79
1986-05-26,46.25199362041445,-0.13,15.79
1986-05-27,46.15384615384593,-0.13,14.11
1986-05-28,46.21518832045126,-0.13,12.34
1986-05-29,46.83597104649714,-0.13,12.84
1986-05-30,47.442031652557745,-0.13,13.23
1986-06-02,47.343884185989225,-0.12,13.21
1986-06-03,46.15384615384594,-0.13,15.42
1986-06-04,46.27653048705658,-0.13,15.42
1986-06-05,45.23371365476607,-0.13,16.51
1986-06-06,45.17237148816075,-0.13,16.43
1986-06-09,45.24598208808714,-0.13,16.33
1986-06-10,44.87792908845519,-0.13,16.47
1986-06-11,44.841123788491984,-0.13,15.53
1986-06-12,44.85339222181305,-0.12,15.45
1986-06-13,44.70617102196028,-0.13,15.03
1986-06-16,44.55894982210749,-0.13,14.85
1986-06-17,45.466813887866294,-0.13,15.93
1986-06-18,45.39320328793991,-0.13,15.65
1986-06-19,45.14783462151861,-0.13,15.72
1986-06-20,45.33186112133458,-0.13,15.71
1986-06-23,45.368666421297775,-0.13,15.34
1986-06-24,44.75524475524453,-0.13,15.84
1986-06-25,44.60802355539176,-0.13,15.75
1986-06-26,44.644828855354945,-0.14,15.6
1986-06-27,44.362654888970454,-0.14,15.34
1986-06-30,44.08048092258596,-0.14,15.34
1986-07-01,43.50386455649591,-0.14,15.74
1986-07-02,43.77377008955934,-0.14,15.12
1986-07-03,43.36155072997157,-0.14,15.28
1986-07-04,43.36155072997157,-0.14,15.28
1986-07-07,43.70015948963296,-0.14,15.57
1986-07-08,43.55293828978018,-0.14,15.54
1986-07-09,43.79830695620148,-0.14,14.99
1986-07-10,43.62164151637815,-0.14,14.24
1986-07-11,43.92099128941213,-0.14,14.54
1986-07-14,43.70015948963296,-0.13,12.73
1986-07-15,43.172616856827176,-0.12,13.0
1986-07-16,42.75549012391097,-0.13,11.62
1986-07-17,42.80947123052365,-0.13,11.65
1986-07-18,42.301558091031566,-0.12,11.98
1986-07-21,42.031652557968144,-0.12,11.91
1986-07-22,42.41197399092115,-0.12,12.38
1986-07-23,42.375168690957956,-0.12,12.36
1986-07-24,42.3260949576737,-0.12,12.36
1986-07-25,42.485584590847544,-0.12,12.46
1986-07-28,41.774015458225776,-0.11,11.33
1986-07-29,41.50410992516235,-0.11,11.37
1986-07-30,41.639062691694065,-0.11,11.5
1986-07-31,41.172862225493596,-0.11,11.57
1986-08-01,40.98883572567763,-0.11,11.5
1986-08-04,41.1728622254936,-0.09,11.3
1986-08-05,41.405962458593834,-0.09,11.58
1986-08-06,41.1728622254936,-0.09,11.57
1986-08-07,40.89068825910912,-0.09,11.58
1986-08-08,40.95203042571443,-0.09,11.6
1986-08-11,40.62078272604568,-0.09,11.26
1986-08-12,41.185130658814664,-0.09,12.0
1986-08-13,40.99619678567027,-0.09,11.81
1986-08-14,40.76800392589846,-0.09,11.85
1986-08-15,40.81707765918272,-0.09,11.5
1986-08-18,41.12378849220934,-0.09,11.86
1986-08-19,40.731198625935264,-0.09,11.83
1986-08-20,40.42448779290865,-0.09,11.92
1986-08-21,40.37541405962439,-0.09,11.56
1986-08-22,40.49809839283504,-0.09,11.68
1986-08-25,40.37541405962439,-0.09,11.3
1986-08-26,40.53490369279824,-0.09,11.21
1986-08-27,40.37541405962439,-0.09,11.18
1986-08-28,40.52263525947717,-0.09,10.87
1986-08-29,40.26499815973481,-0.09,10.87
1986-09-01,40.26499815973481,-0.09,10.38
1986-09-02,40.21592442645055,-0.08,10.38
1986-09-03,40.14231382652416,-0.08,10.38
1986-09-04,40.31407189301907,-0.08,10.41
1986-09-05,40.84161452582486,-0.08,10.23
1986-09-08,41.46239725187074,-0.08,11.12
1986-09-09,41.09925162556722,-0.08,11.37
1986-09-10,41.08698319224616,-0.08,10.86
1986-09-11,41.7004048582994,-0.1,11.64
1986-09-12,41.0011041589987,-0.09,12.7
1986-09-15,40.68212489265101,-0.1,12.76
1986-09-16,40.66985645932995,-0.1,12.67
1986-09-17,40.24046129309268,-0.09,12.89
1986-09-18,39.51662372714985,-0.09,13.91
1986-09-19,39.35713409397601,-0.09,13.77
1986-09-22,40.21592442645055,-0.09,14.72
1986-09-23,40.7557354925774,-0.09,15.26
1986-09-24,40.682124892651004,-0.09,15.18
1986-09-25,40.70666175929314,-0.09,15.17
1986-09-26,40.755735492577394,-0.09,15.0
1986-09-29,40.2649981597348,-0.08,15.16
1986-09-30,40.412219359587574,-0.08,15.04
1986-10-01,40.25272972641373,-0.08,15.08
1986-10-02,39.90921359342392,-0.08,15.26
1986-10-03,39.76199239357114,-0.08,15.27
1986-10-06,39.73745552692901,-0.08,15.21
1986-10-07,39.982824193350304,-0.08,15.31
1986-10-08,39.946018893387105,-0.08,15.26
1986-10-09,40.019629493313495,-0.08,15.16
1986-10-10,39.712918660286874,-0.08,15.32
1986-10-13,39.712918660286874,-0.08,15.32
1986-10-14,39.639308060360484,-0.08,15.32
1986-10-15,39.62703962703942,-0.08,15.25
1986-10-16,39.72518709360794,-0.08,14.7
1986-10-17,39.7742608268922,-0.08,13.86
1986-10-20,40.026990553306135,-0.09,13.85
1986-10-21,39.99018525334294,-0.09,13.85
1986-10-22,40.019629493313495,-0.09,12.98
1986-10-23,40.31897926634748,-0.09,12.31
1986-10-24,41.062446325604014,-0.09,13.32
1986-10-27,41.54091522512554,-0.08,13.74
1986-10-28,41.136056925530404,-0.08,13.68
1986-10-29,41.12378849220934,-0.08,12.37
1986-10-30,41.79855232486791,-0.07,13.02
1986-10-31,41.982578824683884,-0.08,11.56
1986-11-03,42.159244264507215,-0.07,11.0
1986-11-04,42.10526315789453,-0.07,10.99
1986-11-05,42.35063182431583,-0.07,11.08
1986-11-06,42.19114219114199,-0.07,11.18
1986-11-07,42.203410624463054,-0.07,10.4
1986-11-10,41.68813642497833,-0.07,11.18
1986-11-11,41.68813642497833,-0.07,11.08
1986-11-12,41.20966752545681,-0.07,11.35
1986-11-13,40.95203042571445,-0.07,11.48
1986-11-14,40.76800392589847,-0.07,11.59
1986-11-17,41.09925162556722,-0.07,11.68
1986-11-18,41.09925162556722,-0.06,11.67
1986-11-19,41.0011041589987,-0.06,11.71
1986-11-20,40.97656729235657,-0.07,11.42
1986-11-21,41.52864679180449,-0.06,11.99
1986-11-24,41.46730462519917,-0.06,11.99
1986-11-25,40.718930192614216,-0.06,13.36
1986-11-26,40.731198625935285,-0.06,13.36
1986-11-27,40.731198625935285,-0.06,13.36
1986-11-28,40.31407189301908,-0.06,13.65
1986-12-01,40.191387559808426,-0.05,13.68
1986-12-02,40.35087719298228,-0.05,13.72
1986-12-03,40.27726659305589,-0.05,13.55
1986-12-04,40.80480922586168,-0.05,12.97
1986-12-05,41.03790945896191,-0.05,12.59
1986-12-08,41.209667525456815,-0.05,12.32
1986-12-09,41.49184149184131,-0.05,12.48
1986-12-10,41.28327812538321,-0.05,11.54
1986-12-11,41.418230891914924,-0.05,11.51
1986-12-12,41.58998895840984,-0.06,11.5
1986-12-15,41.72494172494155,-0.05,11.55
1986-12-16,41.83535762483114,-0.05,11.44
1986-12-17,41.73721015826262,-0.05,11.4
1986-12-18,41.42559195190757,-0.05,11.6
1986-12-19,41.34462029198854,-0.05,11.03
1986-12-22,40.7311986259353,-0.05,11.87
1986-12-23,40.2772665930559,-0.05,11.85
1986-12-24,40.33860875966122,-0.05,11.74
1986-12-25,40.33860875966122,-0.05,11.68
1986-12-26,40.21592442645058,-0.05,11.4
1986-12-29,39.83560299349757,-0.04,11.69
1986-12-30,39.88467672678182,-0.04,11.71
1986-12-31,39.602502760397336,-0.04,11.85
1987-01-01,39.602502760397336,-0.04,10.97
1987-01-02,39.504355293828816,-0.04,10.97
1987-01-05,39.97055576002928,-0.03,10.43
1987-01-06,39.58287326708363,-0.03,10.77
1987-01-07,39.76199239357118,-0.03,10.89
1987-01-08,39.52889216047094,-0.03,10.62
1987-01-09,39.398846767267656,-0.03,10.62
1987-01-12,38.80996196785655,-0.03,11.35
1987-01-13,38.670101827996405,-0.03,11.37
1987-01-14,37.78677462887974,-0.04,12.23
1987-01-15,37.95853269537464,-0.04,12.16
1987-01-16,37.90945896209038,-0.04,11.98
1987-01-19,37.90945896209038,-0.04,11.64
1987-01-20,37.82357992884293,-0.04,11.62
1987-01-21,38.056680161943156,-0.04,11.8
1987-01-22,37.357379462642456,-0.05,12.48
1987-01-23,37.71316402895334,-0.06,12.93
1987-01-26,37.602748129063755,-0.06,12.79
1987-01-27,37.18562139614755,-0.07,12.98
1987-01-28,36.878910563120925,-0.07,13.0
1987-01-29,36.878910563120925,-0.07,13.04
1987-01-30,37.933995828732506,-0.07,15.77
1987-02-02,37.43099006256885,-0.07,15.9
1987-02-03,37.24696356275288,-0.07,15.86
1987-02-04,37.60274812906376,-0.07,16.26
1987-02-05,38.01987486197997,-0.07,16.75
1987-02-06,38.424733161575105,-0.07,16.99
1987-02-09,37.60274812906376,-0.07,18.03
1987-02-10,37.24696356275288,-0.06,18.1
1987-02-11,37.73770089559548,-0.06,18.66
1987-02-12,37.93399582873251,-0.06,18.77
1987-02-13,38.0076064286589,-0.06,18.36
1987-02-16,38.0076064286589,-0.06,18.2
1987-02-17,37.62728499570589,-0.07,18.28
1987-02-18,37.98306956201677,-0.07,18.54
1987-02-19,38.10575389522742,-0.07,18.58
1987-02-20,37.91436633541881,-0.07,18.12
1987-02-23,37.97080112869572,-0.07,18.11
1987-02-24,38.03214329530105,-0.07,16.72
1987-02-25,37.774506195558686,-0.07,16.8
1987-02-26,37.688627162311235,-0.07,16.8
1987-02-27,37.74996932891656,-0.07,16.81
1987-03-02,37.82848730217138,-0.07,16.81
1987-03-03,37.90945896209041,-0.07,16.72
1987-03-04,37.99533799533786,-0.07,15.72
1987-03-05,37.88492209544828,-0.07,15.51
1987-03-06,38.05668016194319,-0.07,15.53
1987-03-09,38.392835234940364,-0.07,15.3
1987-03-10,38.36339099496981,-0.07,15.03
1987-03-11,38.51797325481523,-0.07,15.05
1987-03-12,38.277511961722354,-0.07,12.73
1987-03-13,38.13029076186958,-0.07,12.08
1987-03-16,37.72543246227444,-0.07,12.45
1987-03-17,37.77450619555869,-0.07,12.13
1987-03-18,37.737700895595495,-0.07,11.65
1987-03-19,37.65182186234804,-0.06,11.17
1987-03-20,37.71316402895336,-0.06,9.1
1987-03-23,37.381916329284614,-0.06,9.04
1987-03-24,37.381916329284614,-0.06,8.09
1987-03-25,37.413814255919384,-0.06,7.92
1987-03-26,37.46779536253207,-0.06,7.91
1987-03-27,37.29603729603716,-0.06,8.0
1987-03-30,36.97705802968947,-0.05,7.85
1987-03-31,36.94025272972629,-0.05,7.21
1987-04-01,37.33284259600036,-0.05,7.91
1987-04-02,37.19788982946864,-0.05,7.85
1987-04-03,37.32057416267929,-0.04,7.91
1987-04-06,37.2837688627161,-0.04,7.88
1987-04-07,37.17335296282652,-0.04,7.69
1987-04-08,37.54140596245846,-0.04,8.27
1987-04-09,37.16108452950545,-0.04,8.78
1987-04-10,36.70715249662606,-0.04,9.41
1987-04-13,36.79303152987352,-0.04,9.42
1987-04-14,36.461783830204766,-0.03,9.66
1987-04-15,36.535394430131156,-0.03,9.7
1987-04-16,36.633541896699676,-0.03,9.61
1987-04-17,36.71942092994713,-0.03,9.16
1987-04-20,36.64581033002074,-0.04,9.16
1987-04-21,36.67034719666286,-0.03,9.03
1987-04-22,36.74395779658925,-0.03,8.98
1987-04-23,36.3759047969573,-0.04,9.32
1987-04-24,35.90970433075684,-0.03,9.54
1987-04-27,35.83609373083045,-0.03,9.5
1987-04-28,36.02012023064643,-0.03,9.72
1987-04-29,36.17960986382026,-0.03,9.88
1987-04-30,36.24095203042559,-0.03,9.88
1987-05-01,35.84836216415151,-0.02,10.05
1987-05-04,35.6397987976934,-0.03,10.12
1987-05-05,35.6766040976566,-0.02,10.13
1987-05-06,35.71340939761979,-0.02,10.11
1987-05-07,35.836093730830434,-0.02,10.18
1987-05-08,36.0937308305728,-0.02,10.24
1987-05-11,36.277757330388766,-0.02,10.39
1987-05-12,36.044657097288535,-0.02,9.93
1987-05-13,36.08146239725173,-0.02,9.92
1987-05-14,36.0569255306096,-0.02,9.83
1987-05-15,35.86308428413677,-0.02,9.91
1987-05-18,35.8115568641883,-0.02,9.9
1987-05-19,35.79928843086723,-0.02,9.28
1987-05-20,35.676604097656586,-0.02,8.92
1987-05-21,35.799288430867236,-0.02,8.36
1987-05-22,35.83609373083043,-0.02,8.32
1987-05-25,35.83609373083043,-0.02,7.94
1987-05-26,36.51085756348899,-0.01,9.79
1987-05-27,36.97705802968945,-0.01,10.48
1987-05-28,36.96478959636839,-0.01,10.46
1987-05-29,37.11201079622117,-0.01,10.5
1987-06-01,37.3451110293214,-0.01,10.64
1987-06-02,36.51085756348899,-0.01,12.7
1987-06-03,36.65317139001335,-0.01,12.38
1987-06-04,36.891178996442,-0.01,11.81
1987-06-05,36.90344742976307,-0.01,11.78
1987-06-08,36.84210526315775,-0.01,11.73
1987-06-09,36.39553429027099,-0.01,12.29
1987-06-10,36.48632069684687,-0.01,12.3
1987-06-11,36.41271009692048,-0.01,11.84
1987-06-12,36.80529996319455,0.0,12.05
1987-06-15,37.11201079622117,0.0,12.24
1987-06-16,37.320574162679264,0.0,12.3
1987-06-17,37.256778309409725,0.0,12.32
1987-06-18,37.197889829468615,0.0,12.22
1987-06-19,37.3451110293214,0.0,12.19
1987-06-22,37.504600662495235,0.01,12.0
1987-06-23,37.271500429395005,0.01,12.21
1987-06-24,37.08747392957903,0.01,12.34
1987-06-25,37.271500429395,0.01,12.23
1987-06-26,37.161084529505416,0.01,12.27
1987-06-29,37.34511102932139,0.01,12.31
1987-06-30,37.185621396147546,0.01,12.34
1987-07-01,37.28376886271606,0.01,12.33
1987-07-02,37.34511102932138,0.01,12.33
1987-07-03,37.55858176910791,0.01,12.39
1987-07-06,37.65182186234801,0.01,11.22
1987-07-07,37.65182186234801,0.01,10.62
1987-07-08,37.63219236903431,0.01,10.62
1987-07-09,37.66409029566907,0.01,10.57
1987-07-10,37.799043062200795,0.01,10.47
1987-07-13,37.71316402895334,0.01,7.73
1987-07-14,37.799043062200795,0.01,7.69
1987-07-15,37.36964789596352,0.01,8.36
1987-07-16,37.52177646914473,0.01,8.43
1987-07-17,37.970801128695705,0.01,9.05
1987-07-20,38.04441172862209,0.01,8.07
1987-07-21,37.983069562016766,0.01,8.12
1987-07-22,37.929088455404084,0.01,8.1
1987-07-23,37.71316402895334,0.01,7.83
1987-07-24,37.688627162311214,0.01,7.49
1987-07-27,37.757330388909175,0.01,7.34
1987-07-28,37.752423015580746,0.01,7.31
1987-07-29,37.7990430622008,0.01,7.28
1987-07-30,37.757330388909175,0.01,7.22
1987-07-31,37.749969328916535,0.01,7.12
1987-08-03,37.884922095448246,0.01,6.9
1987-08-04,38.473806894859365,0.01,8.0
1987-08-05,38.216169795117004,0.0,8.26
1987-08-06,38.326585695006585,0.01,8.19
1987-08-07,38.58422279474894,0.01,8.28
1987-08-10,38.60875966139106,0.01,8.12
1987-08-11,38.69954606796694,0.01,8.11
1987-08-12,38.58913016807736,0.01,8.2
1987-08-13,38.42473316157509,0.01,8.23
1987-08-14,38.22843822843806,0.01,8.4
1987-08-17,38.21862348178121,0.01,8.4
1987-08-18,37.46779536253203,0.02,10.38
1987-08-19,37.45552692921096,0.02,10.38
1987-08-20,37.16108452950541,0.02,10.56
1987-08-21,36.92062323641253,0.02,10.69
1987-08-24,36.73168936326814,0.02,10.73
1987-08-25,36.87891056312091,0.02,10.32
1987-08-26,36.90344742976304,0.02,10.23
1987-08-27,36.63354189669962,0.02,9.66
1987-08-28,36.61391240338591,0.02,9.62
1987-08-31,36.64581033002069,0.02,9.64
1987-09-01,36.7439577965892,0.02,9.71
1987-09-02,36.5353944301311,0.02,9.71
1987-09-03,36.38817323027831,0.02,9.75
1987-09-04,36.48632069684683,0.02,9.77
1987-09-07,36.48632069684683,0.02,9.78
1987-09-08,36.42007115691308,0.01,9.75
1987-09-09,36.48632069684684,0.01,9.79
1987-09-10,36.707152496626,0.02,10.03
1987-09-11,36.57219973009428,0.02,9.96
1987-09-14,37.00159489633156,0.01,9.42
1987-09-15,36.92307692307674,0.01,9.28
1987-09-16,36.952521163047294,0.01,9.22
1987-09-17,36.977058029689424,0.01,8.9
1987-09-18,36.72432830327549,0.01,9.02
1987-09-21,36.93534535639781,0.02,9.22
1987-09-22,37.00159489633156,0.02,9.26
1987-09-23,37.11201079622114,0.02,9.31
1987-09-24,37.072751809593726,0.02,9.23
1987-09-25,37.082566556250576,0.02,9.24
1987-09-28,37.148816096184326,0.02,7.2
1987-09-29,37.51196172248785,0.02,7.8
1987-09-30,37.62973868237007,0.02,7.44
1987-10-01,37.63955342902692,0.02,7.13
1987-10-02,37.66899766899747,0.02,6.9
1987-10-05,37.67635872899012,0.02,6.83
1987-10-06,37.55858176910789,0.03,6.93
1987-10-07,37.39418476260562,0.03,6.67
1987-10-08,37.26413936940233,0.03,6.77
1987-10-09,37.02613176297368,0.03,7.09
1987-10-12,37.02613176297368,0.03,7.06
1987-10-13,37.04085388295895,0.03,6.81
1987-10-14,36.842105263157706,0.03,6.9
1987-10-15,36.559931296773215,0.04,7.28
1987-10-16,36.633541896699604,0.03,7.3
1987-10-19,36.248313090418165,0.04,7.96
1987-10-20,36.82983682983663,0.04,9.29
1987-10-21,36.95252116304728,0.04,9.17
1987-10-22,36.92798429640515,0.04,9.1
1987-10-23,36.290025763709785,0.04,9.87
1987-10-26,35.897435897435706,0.05,10.33
1987-10-27,35.664335664335475,0.05,10.44
1987-10-28,35.43123543123524,0.05,10.54
1987-10-29,35.210403631456074,0.04,10.52
1987-10-30,35.063182431603295,0.04,10.3
1987-11-02,34.751564225248245,0.04,10.46
1987-11-03,34.700036805299774,0.04,10.34
1987-11-04,34.62151883204496,0.04,10.33
1987-11-05,33.56643356643339,0.04,13.37
1987-11-06,33.83633909949681,0.04,13.72
1987-11-09,33.50509139982806,0.04,13.25
1987-11-10,33.517359833149136,0.04,13.14
1987-11-11,33.517359833149136,0.04,13.13
1987-11-12,34.30253956569727,0.04,15.4
1987-11-13,34.06943933259704,0.04,15.4
1987-11-16,34.35161329898154,0.05,15.8
1987-11-17,34.10624463256024,0.05,15.84
1987-11-18,33.9467549993864,0.05,15.85
1987-11-19,33.78235799288413,0.05,15.82
1987-11-20,33.86087596613894,0.05,15.88
1987-11-23,33.59097043307552,0.05,15.91
1987-11-24,34.02036559931279,0.05,16.6
1987-11-25,33.65231259968084,0.05,16.72
1987-11-26,33.65231259968084,0.05,16.68
1987-11-27,33.33333333333316,0.05,16.63
1987-11-30,33.014354066985476,0.05,15.68
1987-12-01,33.39467549993849,0.05,16.21
1987-12-02,33.173843700159324,0.05,16.21
1987-12-03,33.345601766654234,0.05,15.84
1987-12-04,33.480554533185945,0.05,15.77
1987-12-07,33.529628266470205,0.05,15.76
1987-12-08,33.480554533185945,0.05,15.7
1987-12-09,33.394675499938494,0.05,15.64
1987-12-10,32.74444853392206,0.05,16.52
1987-12-11,32.6585695006746,0.05,16.4
1987-12-14,32.58986627407665,0.05,16.4
1987-12-15,32.58495890074822,0.05,16.41
1987-12-16,32.59722733406928,0.05,13.76
1987-12-17,32.31505336768479,0.05,13.65
1987-12-18,32.57269046742715,0.06,13.69
1987-12-21,32.621764200711404,0.06,13.7
1987-12-22,32.47454300085863,0.06,13.74
1987-12-23,32.64630106735354,0.06,11.71
1987-12-24,32.42546926757437,0.06,11.7
1987-12-25,32.42546926757437,0.06,11.31
1987-12-28,31.65255796834729,0.06,13.04
1987-12-29,31.628021101705155,0.06,13.03
1987-12-30,31.640289535026227,0.06,13.03
1987-12-31,31.198625935467895,0.06,13.42
1988-01-01,31.198625935467895,0.06,13.34
1988-01-04,31.529873635136646,0.06,13.13
1988-01-05,32.51134830082184,0.06,16.23
1988-01-06,33.05115936694868,0.06,17.07
1988-01-07,32.82542019384109,0.06,16.96
1988-01-08,33.10759416022558,0.06,16.93
1988-01-11,32.82296650717688,0.06,16.74
1988-01-12,32.74690222058628,0.06,16.65
1988-01-13,32.64139369402512,0.06,16.57
1988-01-14,32.78616120721369,0.06,16.58
1988-01-15,33.66458103300193,0.06,18.47
1988-01-18,33.66458103300193,0.06,18.46
1988-01-19,33.51735983314915,0.06,18.5
1988-01-20,33.10023310023295,0.06,17.9
1988-01-21,33.1493068335172,0.06,17.88
1988-01-22,33.289166973377334,0.06,17.89
1988-01-25,33.40939761992377,0.06,17.91
1988-01-26,33.38240706661743,0.06,17.92
1988-01-27,33.40694393325956,0.06,17.67
1988-01-28,33.28425960004891,0.06,17.6
1988-01-29,33.54925775978391,0.06,17.73
1988-02-01,33.922218132744284,0.06,17.9
1988-02-02,33.68911789964405,0.06,18.03
1988-02-03,33.848607532817894,0.06,17.89
1988-02-04,33.909949699423215,0.06,17.89
1988-02-05,34.15531836584451,0.06,16.08
1988-02-08,34.020365599312804,0.06,16.17
1988-02-09,34.184762605815074,0.06,16.17
1988-02-10,34.01545822598438,0.06,15.51
1988-02-11,34.04490246595493,0.06,15.5
1988-02-12,34.523371365476464,0.06,15.68
1988-02-15,34.523371365476464,0.06,13.17
1988-02-16,34.40068703226581,0.06,12.49
1988-02-17,34.417862838915305,0.06,12.23
1988-02-18,34.516010305483825,0.06,12.05
1988-02-19,34.339344865660486,0.06,11.82
1988-02-22,34.135688872530814,0.06,11.98
1988-02-23,34.111152005888684,0.06,11.91
1988-02-24,34.22156790577827,0.06,11.89
1988-02-25,34.253465832413035,0.06,9.03
1988-02-26,34.044902465954934,0.06,9.25
1988-02-29,34.16758679916559,0.06,9.17
1988-03-01,34.147957305851875,0.06,8.23
1988-03-02,34.319715372346785,0.06,8.31
1988-03-03,34.52337136547647,0.06,8.38
1988-03-04,34.334437492332064,0.06,8.59
1988-03-07,33.954116059379054,0.06,9.31
1988-03-08,33.799533799533634,0.06,9.43
1988-03-09,33.83633909949684,0.06,9.35
1988-03-10,33.8486075328179,0.06,9.07
1988-03-11,33.66458103300193,0.06,8.58
1988-03-14,33.676849466323,0.06,8.33
1988-03-15,33.78726536621258,0.06,8.27
1988-03-16,33.95902343270748,0.06,8.39
1988-03-17,34.38596491228055,0.06,8.94
1988-03-18,34.51110293215541,0.06,8.9
1988-03-21,34.35652067230999,0.06,8.92
1988-03-22,34.40068703226583,0.06,8.78
1988-03-23,34.3025395656973,0.06,8.83
1988-03-24,34.0743467059255,0.06,7.98
1988-03-25,34.02036559931281,0.06,7.99
1988-03-28,33.63268310636716,0.06,8.59
1988-03-29,33.72592319960725,0.06,8.65
1988-03-30,33.68911789964405,0.06,8.58
1988-03-31,33.4314807999017,0.06,8.73
1988-04-01,33.49282296650702,0.06,8.63
1988-04-04,33.45601766654382,0.06,8.63
1988-04-05,33.7553674395778,0.06,9.02
1988-04-06,33.93448656606535,0.06,9.18
1988-04-07,34.11851306588133,0.06,9.15
1988-04-08,33.92957919273693,0.07,9.24
1988-04-11,34.24855845908461,0.07,9.67
1988-04-12,34.30744693902574,0.07,9.57
1988-04-13,34.47429763219221,0.07,9.51
1988-04-14,33.7136547662862,0.07,11.52
1988-04-15,33.67684946632299,0.07,11.06
1988-04-18,33.6400441663598,0.08,10.98
1988-04-19,33.74800637958517,0.08,11.02
1988-04-20,33.74309900625674,0.08,11.02
1988-04-21,33.74309900625674,0.08,10.9
1988-04-22,33.94675499938642,0.08,11.04
1988-04-25,34.06943933259707,0.08,11.05
1988-04-26,34.02281928597702,0.08,10.96
1988-04-27,34.057170899275995,0.08,10.27
1988-04-28,33.973745552692755,0.08,10.21
1988-04-29,34.192123665807706,0.08,10.34
1988-05-02,34.30253956569729,0.08,10.38
1988-05-03,34.2289289657709,0.08,10.36
1988-05-04,34.35161329898154,0.08,10.21
1988-05-05,34.33443749233206,0.08,10.2
1988-05-06,34.4006870322658,0.08,9.53
1988-05-09,34.37615016562368,0.08,9.52
1988-05-10,34.22647527910669,0.08,9.62
1988-05-11,34.20439209912877,0.08,9.29
1988-05-12,34.25346583241303,0.08,9.29
1988-05-13,34.35652067230997,0.08,9.29
1988-05-16,34.46202919887113,0.08,8.98
1988-05-17,34.83008219850307,0.08,9.37
1988-05-18,34.879155931787324,0.08,9.27
1988-05-19,34.773647405226164,0.08,9.14
1988-05-20,34.85952643847362,0.08,8.77
1988-05-23,34.781008465218804,0.08,8.8
1988-05-24,34.891424365108385,0.08,8.74
1988-05-25,34.96503496503478,0.08,5.17
1988-05-26,34.940498098392645,0.08,5.16
1988-05-27,35.24720893141927,0.08,5.56
1988-05-30,35.24720893141927,0.08,5.56
1988-05-31,35.426328057906815,0.08,5.63
1988-06-01,35.36253220463728,0.08,5.71
1988-06-02,35.25947736474034,0.08,5.7
1988-06-03,35.32081953134566,0.08,5.65
1988-06-06,35.14906146485075,0.08,5.9
1988-06-07,35.0631824316033,0.08,5.99
1988-06-08,35.14906146485076,0.08,5.91
1988-06-09,35.22757943810558,0.08,5.69
1988-06-10,35.26683842473299,0.08,5.65
1988-06-13,35.39443013127205,0.08,5.62
1988-06-14,35.89007483744307,0.08,6.77
1988-06-15,35.97104649736211,0.08,6.74
1988-06-16,35.85817691080832,0.08,6.89
1988-06-17,35.762483130904,0.08,6.97
1988-06-20,35.90970433075678,0.08,6.79
1988-06-21,35.887621150778855,0.08,6.78
1988-06-22,36.14525825052123,0.08,6.98
1988-06-23,36.26548889706767,0.08,6.99
1988-06-24,36.977058029689424,0.08,8.74
1988-06-27,36.94025272972624,0.08,8.42
1988-06-28,36.75622622991026,0.08,8.68
1988-06-29,37.18562139614753,0.08,9.02
1988-06-30,36.9525211630473,0.08,9.38
1988-07-01,37.13654766286327,0.08,9.32
1988-07-04,37.13654766286327,0.08,9.34
1988-07-05,37.210158262789655,0.08,9.34
1988-07-06,37.141455036191694,0.08,9.38
1988-07-07,37.050668629615814,0.08,9.25
1988-07-08,37.55858176910789,0.08,9.89
1988-07-11,37.65672923567641,0.08,9.85
1988-07-12,37.374555269291925,0.08,10.2
1988-07-13,37.56594282910053,0.08,10.13
1988-07-14,37.59047969574266,0.08,10.14
1988-07-15,38.17200343516113,0.08,10.64
1988-07-18,38.34130781499182,0.08,10.52
1988-07-19,37.98306956201673,0.08,11.16
1988-07-20,37.70580296896066,0.08,11.56
1988-07-21,37.51686909581626,0.08,11.76
1988-07-22,37.24696356275284,0.08,12.08
1988-07-25,37.64691448901955,0.08,11.81
1988-07-26,37.93399582873247,0.08,11.94
1988-07-27,37.74506195558807,0.08,12.03
1988-07-28,38.05668016194312,0.08,12.1
1988-07-29,38.32658569500655,0.08,12.17
1988-08-01,38.32658569500655,0.08,12.16
1988-08-02,38.33885412832761,0.08,12.08
1988-08-03,38.33885412832761,0.08,12.09
1988-08-04,38.48362164151617,0.08,10.82
1988-08-05,38.792786161207005,0.08,10.97
1988-08-08,39.02588639430724,0.08,10.85
1988-08-09,39.332597227333856,0.08,10.59
1988-08-10,39.271255060728535,0.08,10.34
1988-08-11,39.02588639430724,0.08,10.6
1988-08-12,38.650472334682654,0.08,11.13
1988-08-15,38.719175561280615,0.08,11.12
1988-08-16,38.51797325481515,0.08,11.26
1988-08-17,39.357134093975986,0.08,12.72
1988-08-18,39.192737087473716,0.08,12.34
1988-08-19,39.062691694270434,0.08,12.41
1988-08-22,39.546067967120386,0.08,12.53
1988-08-23,39.38167096061812,0.08,12.62
1988-08-24,39.14857072751789,0.08,12.82
1988-08-25,38.584222794748904,0.08,12.92
1988-08-26,38.42473316157506,0.08,12.93
1988-08-29,38.657833394675286,0.08,12.7
1988-08-30,38.67010182799636,0.08,12.46
1988-08-31,38.890933627775524,0.08,12.4
1988-09-01,38.792786161207005,0.08,12.18
1988-09-02,38.375659428290795,0.08,12.36
1988-09-05,38.375659428290795,0.08,12.17
1988-09-06,38.118022328548435,0.08,12.26
1988-09-07,38.147466568518986,0.08,12.01
1988-09-08,38.35112256164866,0.08,11.93
1988-09-09,38.33394675499917,0.08,11.93
1988-09-12,38.12538338854107,0.08,12.04
1988-09-13,38.28241933505069,0.08,12.11
1988-09-14,38.85412832781231,0.08,12.86
1988-09-15,38.81732302784912,0.08,12.64
1988-09-16,38.87866519445444,0.08,12.52
1988-09-19,38.74371242792273,0.08,12.31
1988-09-20,38.63820390136157,0.08,12.32
1988-09-21,38.85658201447653,0.08,12.33
1988-09-22,38.95227579438084,0.08,11.99
1988-09-23,38.89093362777552,0.08,11.99
1988-09-26,39.10195068089783,0.08,11.97
1988-09-27,39.03324745429987,0.08,10.05
1988-09-28,39.01361796098617,0.08,9.97
1988-09-29,39.09213593424098,0.08,9.94
1988-09-30,38.85412832781232,0.08,9.34
1988-10-03,38.738805054594316,0.08,9.31
1988-10-04,38.770702981229086,0.08,9.17
1988-10-05,38.849220954483904,0.08,8.06
1988-10-06,38.841859894491265,0.08,7.95
1988-10-07,38.768249294564875,0.08,7.77
1988-10-10,38.768249294564875,0.08,7.77
1988-10-11,38.547417494785705,0.08,7.76
1988-10-12,38.05668016194311,0.08,8.6
1988-10-13,37.77450619555863,0.08,8.28
1988-10-14,37.5610354557721,0.08,8.42
1988-10-17,37.54140596245839,0.08,8.21
1988-10-18,37.40645319592667,0.08,8.25
1988-10-19,37.53649858912997,0.08,8.15
1988-10-20,37.35737946264242,0.08,8.24
1988-10-21,36.9942338363389,0.08,8.55
1988-10-24,37.19543614280437,0.08,8.63
1988-10-25,37.23469512943178,0.08,7.15
1988-10-26,36.90590111642724,0.08,7.48
1988-10-27,36.694884063304926,0.08,7.5
1988-10-28,36.75622622991025,0.08,7.56
1988-10-31,36.84210526315771,0.08,7.66
1988-11-01,36.817568396515576,0.08,7.33
1988-11-02,36.6703471966628,0.08,7.23
1988-11-03,36.43724696356257,0.08,7.34
1988-11-04,36.896086369770394,0.08,8.28
1988-11-07,36.658078763341734,0.08,8.38
1988-11-08,36.847012636486134,0.08,8.65
1988-11-09,36.35136793031511,0.08,9.22
1988-11-10,36.240952030425525,0.08,9.16
1988-11-11,36.240952030425525,0.08,9.18
1988-11-14,35.94650963071997,0.08,9.29
1988-11-15,35.909704330756774,0.08,9.2
1988-11-16,35.492577597840565,0.08,9.54
1988-11-17,35.63979879769334,0.08,9.78
1988-11-18,35.79192737087455,0.08,9.98
1988-11-21,35.62753036437228,0.08,9.95
1988-11-22,35.512207091154266,0.08,9.45
1988-11-23,35.34535639798778,0.08,9.35
1988-11-24,35.34535639798778,0.08,9.32
1988-11-25,35.259477364740334,0.08,9.3
1988-11-28,35.59808612440172,0.08,9.93
1988-11-29,35.46313335787,0.08,9.81
1988-11-30,35.66433566433547,0.08,10.03
1988-12-01,35.63979879769333,0.08,9.71
1988-12-02,35.58581769108065,0.08,9.48
1988-12-05,35.45577229787737,0.08,9.47
1988-12-06,35.63489142436491,0.08,9.4
1988-12-07,36.29002576370977,0.08,10.94
1988-12-08,35.97104649736209,0.08,11.21
1988-12-09,35.85326953747987,0.08,11.19
1988-12-12,35.97595387069051,0.08,11.27
1988-12-13,36.09373083057274,0.08,11.28
1988-12-14,35.956324377376816,0.08,11.19
1988-12-15,36.13053613053594,0.08,10.58
1988-12-16,36.54766286345214,0.08,11.03
1988-12-19,36.51085756348895,0.08,10.91
1988-12-20,36.78076309655238,0.08,10.34
1988-12-21,36.65807876334172,0.08,10.35
1988-12-22,36.74395779658918,0.08,10.36
1988-12-23,36.7684946632313,0.08,10.01
1988-12-26,36.7684946632313,0.08,10.0
1988-12-27,36.793031529873424,0.08,9.22
1988-12-28,37.13654766286324,0.08,9.49
1988-12-29,37.17335296282643,0.08,9.45
1988-12-30,36.854373696478746,0.08,9.76
1989-01-02,36.854373696478746,0.08,9.67
1989-01-03,36.739050423260736,0.08,9.59
1989-01-04,37.26659305606652,0.08,10.33
1989-01-05,37.5659428291005,0.08,10.4
1989-01-06,38.00760642865883,0.08,10.56
1989-01-09,38.21616979511694,0.08,10.43
1989-01-10,38.38792786161184,0.08,10.4
1989-01-11,38.15973500184003,0.08,10.67
1989-01-12,38.18427186848216,0.08,10.62
1989-01-13,38.343761501656004,0.08,10.46
1989-01-16,38.890933627775496,0.08,10.99
1989-01-17,38.682370261317395,0.08,10.2
1989-01-18,39.02097902097878,0.08,9.79
1989-01-19,39.038154827628276,0.08,9.63
1989-01-20,38.486075328180355,0.08,10.92
1989-01-23,38.21616979511693,0.09,11.27
1989-01-24,38.302048828364384,0.09,11.12
1989-01-25,38.473806894859294,0.09,11.11
1989-01-26,38.466445834866654,0.09,10.75
1989-01-27,38.92773892773869,0.09,11.13
1989-01-30,38.74861980125114,0.09,11.19
1989-01-31,39.25162556741479,0.09,11.55
1989-02-01,38.866396761133366,0.09,12.12
1989-02-02,38.90320206109655,0.09,12.11
1989-02-03,39.19764446080211,0.09,12.21
1989-02-06,39.17310759415999,0.09,12.23
1989-02-07,38.92773892773869,0.09,12.28
1989-02-08,39.03815482762827,0.09,12.28
1989-02-09,38.75598086124378,0.09,12.18
1989-02-10,38.82959146117017,0.09,12.17
1989-02-13,39.00134952766507,0.09,12.1
1989-02-14,38.52288062814355,0.09,12.23
1989-02-15,38.363390994969706,0.09,12.14
1989-02-16,38.380566801619196,0.09,11.65
1989-02-17,38.277511961722254,0.09,11.57
1989-02-20,38.473806894859294,0.09,11.6
1989-02-21,38.49834376150142,0.09,11.44
1989-02-22,38.48607532818035,0.09,11.44
1989-02-23,38.13029076186947,0.09,11.73
1989-02-24,38.20390136179585,0.09,10.87
1989-02-27,38.09348546190627,0.09,10.8
1989-02-28,38.15237394184738,0.09,10.44
1989-03-01,38.48607532818034,0.09,10.81
1989-03-02,38.63820390136154,0.09,10.01
1989-03-03,38.63820390136154,0.09,9.76
1989-03-06,38.866396761133345,0.09,9.88
1989-03-07,38.85412832781227,0.09,9.81
1989-03-08,38.9154704944176,0.09,9.81
1989-03-09,39.01361796098612,0.09,9.17
1989-03-10,39.06269169427038,0.09,9.06
1989-03-13,39.19764446080209,0.09,8.24
1989-03-14,39.018525334314546,0.09,7.8
1989-03-15,39.479818427186586,0.09,8.54
1989-03-16,39.54116059379191,0.09,8.26
1989-03-17,39.70065022696575,0.09,8.33
1989-03-20,39.63930806036042,0.09,8.09
1989-03-21,39.79879769353427,0.09,8.13
1989-03-22,39.8233345601764,0.09,7.75
1989-03-23,39.88467672678173,0.09,7.75
1989-03-24,39.95828732670812,0.09,7.68
1989-03-27,40.277266593055806,0.09,6.8
1989-03-28,40.559440559440304,0.09,6.75
1989-03-29,40.350877192982196,0.09,7.07
1989-03-30,40.69439332597201,0.09,7.21
1989-03-31,40.79254079254053,0.09,7.15
1989-04-03,40.47356152619284,0.09,7.73
1989-04-04,40.049073733284004,0.09,8.54
1989-04-05,40.28953502637687,0.09,7.98
1989-04-06,40.228192859771546,0.09,8.04
1989-04-07,40.46129309287178,0.09,8.0
1989-04-10,40.64041221935933,0.09,8.02
1989-04-11,40.85388295914586,0.09,7.83
1989-04-12,40.91522512575118,0.09,7.81
1989-04-13,40.41221935958752,0.09,8.9
1989-04-14,40.48582995951391,0.09,8.8
1989-04-17,40.14967488651674,0.09,9.26
1989-04-18,39.958287326708124,0.09,9.42
1989-04-19,40.142313826524095,0.09,9.48
1989-04-20,39.93865783339442,0.09,9.65
1989-04-21,40.068703226597705,0.09,9.64
1989-04-24,40.314071893019,0.09,9.63
1989-04-25,40.343516132989556,0.09,9.04
1989-04-26,40.687032265979376,0.09,9.33
1989-04-27,40.70175438596465,0.09,9.29
1989-04-28,41.06244632560396,0.09,9.55
1989-05-01,41.45503619187803,0.09,9.84
1989-05-02,41.17286222549354,0.09,10.14
1989-05-03,41.30781499202526,0.09,10.16
1989-05-04,41.38142559195165,0.09,10.16
1989-05-05,41.683229051649846,0.09,10.12
1989-05-08,41.83535762483105,0.09,9.99
1989-05-09,41.81572813151734,0.09,9.82
1989-05-10,41.54091522512549,0.09,9.82
1989-05-11,41.8476260581521,0.09,10.01
1989-05-12,42.20341062446298,0.09,9.88
1989-05-15,42.64507422402132,0.09,9.51
1989-05-16,42.59600049073707,0.09,9.48
1989-05-17,43.29530119003776,0.09,10.34
1989-05-18,43.08673782357966,0.09,10.52
1989-05-19,43.14317261685656,0.09,10.5
1989-05-22,43.97742608268897,0.09,11.65
1989-05-23,43.87927861612045,0.09,11.74
1989-05-24,43.82284382284356,0.09,10.88
1989-05-25,43.0916451969081,0.09,12.36
1989-05-26,42.62053735737921,0.09,12.6
1989-05-29,42.62053735737921,0.09,12.44
1989-05-30,43.074469390258606,0.09,12.67
1989-05-31,41.859894491473185,0.09,15.59
1989-06-01,41.83535762483106,0.09,15.59
1989-06-02,41.34462029198846,0.09,16.02
1989-06-05,41.58998895840976,0.08,16.09
1989-06-06,42.043920991289156,0.09,16.2
1989-06-07,41.688136424978275,0.09,16.46
1989-06-08,42.031652557968094,0.09,16.43
1989-06-09,42.694147957305596,0.08,16.83
1989-06-12,43.0744693902586,0.08,16.81
1989-06-13,43.00576616366064,0.08,16.82
1989-06-14,43.00085879033222,0.08,16.83
1989-06-15,42.919887130413194,0.08,16.75
1989-06-16,42.22794749110514,0.08,17.5
1989-06-19,41.84762605815212,0.08,17.73
1989-06-20,42.694147957305596,0.08,18.58
1989-06-21,41.7862838915468,0.08,19.63
1989-06-22,41.34952766531689,0.08,19.69
1989-06-23,40.85388295914588,0.08,19.66
1989-06-26,41.33235185866741,0.08,20.05
1989-06-27,41.35688872530954,0.08,19.33
1989-06-28,41.44276775855699,0.08,19.33
1989-06-29,41.14832535885144,0.08,19.39
1989-06-30,41.1973990921357,0.08,18.32
1989-07-03,40.58397742608245,0.08,18.71
1989-07-04,40.436756226229676,0.08,18.71
1989-07-05,39.76199239357111,0.08,18.71
1989-07-06,39.81106612685537,0.08,18.56
1989-07-07,39.74972396025005,0.08,18.55
1989-07-10,39.16083916083894,0.08,18.47
1989-07-11,39.67611336032366,0.08,17.34
1989-07-12,39.61477119371834,0.08,17.34
1989-07-13,39.73745552692899,0.08,17.12
1989-07-14,40.39995092626649,0.08,17.82
1989-07-17,40.42448779290862,0.08,17.45
1989-07-18,40.26499815973478,0.08,17.33
1989-07-19,40.40731198625913,0.08,17.15
1989-07-20,40.27726659305584,0.08,16.32
1989-07-21,40.38032143295278,0.08,16.04
1989-07-24,40.36314562630329,0.08,16.04
1989-07-25,40.03189792663454,0.08,16.13
1989-07-26,39.57796589375514,0.08,16.35
1989-07-27,39.4552815605445,0.08,15.81
1989-07-28,39.85277880014701,0.08,16.09
1989-07-31,39.41847626058131,0.08,14.83
1989-08-01,39.44301312722343,0.08,13.67
1989-08-02,39.06759906759885,0.08,13.62
1989-08-03,39.438105753895,0.08,13.66
1989-08-04,40.11777695988199,0.08,14.22
1989-08-07,40.19138755980838,0.08,14.24
1989-08-08,39.91657465341653,0.08,14.31
1989-08-09,40.13004539320306,0.08,14.32
1989-08-10,40.01962949331348,0.08,14.32
1989-08-11,41.03790945896186,0.08,15.66
1989-08-14,41.10415899889561,0.08,15.61
1989-08-15,41.18513065881464,0.08,14.65
1989-08-16,41.037909458961856,0.08,14.72
1989-08-17,41.639062691694036,0.08,15.24
1989-08-18,41.344620291988484,0.07,14.61
1989-08-21,41.263648632069454,0.07,14.23
1989-08-22,41.03790945896186,0.07,14.36
1989-08-23,41.40596245859381,0.07,14.53
1989-08-24,41.41823089191487,0.07,13.76
1989-08-25,41.33725923199585,0.07,13.78
1989-08-28,41.418230891914874,0.07,13.71
1989-08-29,40.96429885903548,0.07,14.14
1989-08-30,41.14832535885145,0.07,14.14
1989-08-31,41.41823089191487,0.07,14.24
1989-09-01,41.958041958041726,0.08,14.68
1989-09-04,41.933505091399596,0.08,14.39
1989-09-05,42.146975831186126,0.08,13.85
1989-09-06,41.835357624831076,0.08,14.06
1989-09-07,42.031652557968116,0.08,13.87
1989-09-08,41.933505091399596,0.08,13.36
1989-09-11,42.092994724573444,0.08,13.36
1989-09-12,42.1052631578945,0.08,12.87
1989-09-13,41.94822721138487,0.08,12.82
1989-09-14,41.67586799165723,0.08,12.2
1989-09-15,42.37271500429372,0.08,13.03
1989-09-18,41.344620291988484,0.08,15.04
1989-09-19,41.405962458593805,0.08,14.99
1989-09-20,41.234204392098896,0.08,15.03
1989-09-21,41.31272236535371,0.08,13.05
1989-09-22,41.44276775855699,0.08,13.07
1989-09-25,40.657588026008845,0.08,14.29
1989-09-26,40.240461293092636,0.08,14.57
1989-09-27,40.044166359955604,0.08,13.82
1989-09-28,40.05152741994824,0.08,13.71
1989-09-29,39.818427186848005,0.08,13.79
1989-10-02,39.860139860139626,0.08,13.74
1989-10-03,39.884676726781755,0.08,13.4
1989-10-04,39.93375046006601,0.08,13.41
1989-10-05,40.166850693166246,0.08,13.58
1989-10-06,40.37541405962435,0.08,13.68
1989-10-09,40.47356152619287,0.08,13.34
1989-10-10,40.65758802600884,0.08,13.34
1989-10-11,40.97656729235652,0.08,13.41
1989-10-12,41.05017789228291,0.08,12.78
1989-10-13,40.76800392589842,0.08,12.91
1989-10-16,40.11777695988199,0.07,13.53
1989-10-17,39.835602993497496,0.09,13.52
1989-10-18,39.884676726781755,0.09,13.4
1989-10-19,39.798797693534304,0.09,13.4
1989-10-20,39.89694516010282,0.08,13.36
1989-10-23,39.872408293460694,0.09,13.35
1989-10-24,39.55342902711301,0.08,13.46
1989-10-25,39.55342902711301,0.08,13.4
1989-10-26,39.47981842718662,0.08,12.13
1989-10-27,39.30806036069171,0.09,10.04
1989-10-30,39.43074469390236,0.1,10.1
1989-10-31,39.614771193718326,0.1,10.24
1989-11-01,39.602502760397265,0.1,10.2
1989-11-02,39.835602993497496,0.1,10.34
1989-11-03,39.798797693534304,0.1,8.75
1989-11-06,39.852778800146986,0.11,8.25
1989-11-07,39.73745552692897,0.11,8.17
1989-11-08,39.67611336032365,0.11,8.18
1989-11-09,39.79143663354166,0.11,8.05
1989-11-10,40.18402649981574,0.11,8.57
1989-11-13,40.264998159734766,0.1,8.58
1989-11-14,40.031897926634535,0.1,8.77
1989-11-15,39.823334560176434,0.1,8.73
1989-11-16,39.958287326708145,0.1,8.64
1989-11-17,40.0441663599556,0.1,8.63
1989-11-20,40.056434793276665,0.1,8.5
1989-11-21,39.70801128695843,0.1,8.44
1989-11-22,39.61967856704676,0.1,8.39
1989-11-23,39.67611336032366,0.1,8.24
1989-11-24,39.6270396270394,0.09,6.78
1989-11-27,39.39393939393916,0.09,6.68
1989-11-28,39.16083916083893,0.08,6.86
1989-11-29,38.97681266102296,0.08,6.95
1989-11-30,39.05042326094935,0.08,6.93
1989-12-01,39.07496012759148,0.08,6.94
1989-12-04,39.25898662740746,0.09,6.74
1989-12-05,39.01361796098616,0.09,6.97
1989-12-06,38.92773892773871,0.09,6.98
1989-12-07,39.07496012759148,0.09,6.99
1989-12-08,39.20991289412319,0.09,7.0
1989-12-11,39.18537602748106,0.09,6.84
1989-12-12,38.7191755612806,0.09,7.67
1989-12-13,38.67010182799634,0.09,7.39
1989-12-14,38.37565942829079,0.09,7.65
1989-12-15,38.032143295300976,0.09,7.94
1989-12-18,37.97570850202408,0.08,7.93
1989-12-19,38.32658569500653,0.08,8.56
1989-12-20,38.33885412832759,0.08,8.48
1989-12-21,38.22843822843801,0.08,7.76
1989-12-22,38.0198748619799,0.08,7.75
1989-12-25,38.0198748619799,0.08,7.68
1989-12-26,38.0566801619431,0.07,7.64
1989-12-27,37.68862716231116,0.07,7.86
1989-12-28,37.774506195558615,0.07,7.87
1989-12-29,37.81131149552181,0.07,7.89
1990-01-01,37.81131149552181,0.07,7.62
1990-01-02,38.68973132131004,0.07,10.61
1990-01-03,38.73144399460167,0.07,10.6
1990-01-04,37.83584836216393,0.08,12.57
1990-01-05,37.71316402895328,0.07,12.51
1990-01-08,37.38927738927717,0.09,12.63
1990-01-09,37.46779536253198,0.09,12.63
1990-01-10,37.1120107962211,0.1,12.82
1990-01-11,37.19788982946856,0.1,12.86
1990-01-12,36.67034719666277,0.1,13.24
1990-01-15,37.12427922954217,0.09,13.88
1990-01-16,37.21015826278962,0.09,13.93
1990-01-17,36.96969696969675,0.09,13.9
1990-01-18,37.25923199607388,0.09,14.12
1990-01-19,37.16108452950536,0.09,14.12
1990-01-22,37.59047969574263,0.07,14.3
1990-01-23,37.00159489633152,0.07,14.97
1990-01-24,36.71942092994703,0.07,14.97
1990-01-25,36.510857563488926,0.07,14.85
1990-01-26,36.756226229910226,0.07,15.04
1990-01-29,36.461783830204666,0.07,14.83
1990-01-30,36.584468163415316,0.07,14.9
1990-01-31,36.903447429763,0.08,15.2
1990-02-01,36.76113360323865,0.08,15.17
1990-02-02,36.731689363268096,0.08,15.17
1990-02-05,36.319470003680316,0.08,15.45
1990-02-06,36.238498343761286,0.08,15.24
1990-02-07,36.351367930315085,0.08,15.26
1990-02-08,36.677708256655414,0.08,15.56
1990-02-09,36.7316893632681,0.08,15.57
1990-02-12,36.702245123297544,0.08,13.69
1990-02-13,36.7316893632681,0.08,13.68
1990-02-14,36.61636609005009,0.08,11.95
1990-02-15,36.694884063304904,0.08,11.97
1990-02-16,36.645810330020645,0.08,11.74
1990-02-19,36.510857563488926,0.08,11.74
1990-02-20,36.437246963562544,0.09,11.43
1990-02-21,36.184517237148604,0.09,11.55
1990-02-22,36.130536130535916,0.09,10.79
1990-02-23,36.240952030425504,0.09,10.1
1990-02-26,36.4863206968468,0.09,10.31
1990-02-27,36.39553429027092,0.09,10.17
1990-02-28,36.59673659673638,0.09,10.02
1990-03-01,36.95252116304725,0.09,10.46
1990-03-02,37.13654766286322,0.09,9.95
1990-03-05,36.80529996319447,0.09,9.15
1990-03-06,36.79303152987341,0.09,8.85
1990-03-07,36.96969696969675,0.09,8.78
1990-03-08,37.03349282296629,0.09,8.57
1990-03-09,37.10710342289267,0.09,8.19
1990-03-12,37.39173107594137,0.09,8.42
1990-03-13,37.4923322291741,0.09,8.08
1990-03-14,37.467795362531966,0.09,7.97
1990-03-15,37.34511102932132,0.09,8.05
1990-03-16,37.0384001962947,0.09,7.67
1990-03-19,37.018770702980994,0.08,7.63
1990-03-20,37.215065636118034,0.08,7.72
1990-03-21,37.320574162679186,0.08,7.33
1990-03-22,37.173352962826414,0.08,7.45
1990-03-23,37.25923199607386,0.08,7.46
1990-03-26,37.45552692921089,0.08,7.59
1990-03-27,37.246963562752796,0.08,7.74
1990-03-28,37.19788982946854,0.08,7.75
1990-03-29,36.756226229910204,0.08,8.58
1990-03-30,36.743957796589136,0.08,8.5
1990-04-02,36.989326463010435,0.08,8.69
1990-04-03,36.87154950312821,0.08,8.45
1990-04-04,36.964789596368306,0.08,8.45
1990-04-05,36.82983682983659,0.08,8.52
1990-04-06,36.837197889829234,0.08,8.3
1990-04-09,36.712059869954366,0.08,8.33
1990-04-10,36.71451355661858,0.08,8.17
1990-04-11,36.41271009692038,0.08,7.99
1990-04-12,36.383265856949826,0.08,7.8
1990-04-13,36.437246963562515,0.08,7.39
1990-04-16,36.567292356765805,0.06,7.49
1990-04-17,36.572199730094226,0.06,7.32
1990-04-18,36.41271009692039,0.06,7.39
1990-04-19,36.38326585694983,0.06,7.35
1990-04-20,36.59182922340795,0.06,7.16
1990-04-23,36.63354189669957,0.05,7.11
1990-04-24,36.51085756348892,0.05,7.15
1990-04-25,35.9955833640042,0.05,8.17
1990-04-26,35.86063059747248,0.05,7.92
1990-04-27,35.7502146975829,0.05,7.94
1990-04-30,35.59072506440905,0.05,7.73
1990-05-01,35.71340939761971,0.05,7.77
1990-05-02,35.71340939761971,0.05,7.74
1990-05-03,35.68641884431336,0.05,7.66
1990-05-04,35.448411237884706,0.05,7.52
1990-05-07,35.149061464850725,0.05,7.7
1990-05-08,35.161329898171786,0.05,7.73
1990-05-09,34.44976076555002,0.05,9.05
1990-05-10,34.241197399091924,0.05,9.1
1990-05-11,34.233836339099284,0.05,8.69
1990-05-14,34.246104772420345,0.05,8.74
1990-05-15,34.302539565697245,0.05,8.69
1990-05-16,34.3516132989815,0.05,8.77
1990-05-17,34.44976076555002,0.06,8.87
1990-05-18,34.46939025886373,0.06,8.91
1990-05-21,34.94049809839262,0.06,10.07
1990-05-22,34.793276898539844,0.06,9.89
1990-05-23,34.653416758679704,0.06,9.92
1990-05-24,34.8423506318241,0.06,10.1
1990-05-25,34.97730339835581,0.06,10.12
1990-05-28,34.89142436510836,0.06,10.11
1990-05-29,34.592074592074376,0.05,10.3
1990-05-30,34.86688749846623,0.06,10.69
1990-05-31,35.161329898171786,0.05,10.89
1990-06-01,35.23494049809817,0.06,10.91
1990-06-04,35.35762483130882,0.06,10.99
1990-06-05,35.203042571463406,0.06,10.27
1990-06-06,35.050913998282205,0.06,10.29
1990-06-07,35.29628266470349,0.06,10.52
1990-06-08,35.5244755244753,0.05,10.64
1990-06-11,35.34535639798775,0.05,10.68
1990-06-12,35.2594773647403,0.05,10.7
1990-06-13,35.15642252484336,0.05,10.72
1990-06-14,35.22267206477711,0.05,10.57
1990-06-15,35.23494049809817,0.05,10.26
1990-06-18,34.75647159857665,0.05,11.05
1990-06-19,34.540547172125905,0.05,9.35
1990-06-20,34.70739786529239,0.05,9.25
1990-06-21,34.73193473193452,0.05,9.24
1990-06-22,34.57244509876068,0.05,9.37
1990-06-25,34.6141577720523,0.05,9.37
1990-06-26,34.498834498834285,0.05,9.42
1990-06-27,34.54790823211854,0.05,9.39
1990-06-28,34.687768371978684,0.06,9.47
1990-06-29,34.731934731934516,0.06,8.52
1990-07-02,34.449760765550025,0.06,8.77
1990-07-03,34.216660532449794,0.06,8.92
1990-07-04,34.138142559194975,0.06,8.75
1990-07-05,34.344252238988865,0.06,8.87
1990-07-06,34.388418598944696,0.06,8.87
1990-07-09,34.241197399091924,0.06,8.59
1990-07-10,34.26082689240563,0.06,8.21
1990-07-11,34.43749233222896,0.06,7.93
1990-07-12,34.47429763219216,0.06,7.9
1990-07-13,34.1798552324866,0.06,8.13
1990-07-16,34.75647159857665,0.06,9.66
1990-07-17,34.52337136547642,0.06,9.78
1990-07-18,34.56753772543225,0.06,9.52
1990-07-19,34.596981965402804,0.06,9.27
1990-07-20,34.53563979879748,0.06,9.19
1990-07-23,34.06943933259702,0.06,9.95
1990-07-24,33.73819163292827,0.06,10.27
1990-07-25,33.71365476628615,0.06,10.22
1990-07-26,33.81670960618309,0.06,10.3
1990-07-27,33.57870199975443,0.06,9.74
1990-07-30,33.49282296650698,0.05,9.62
1990-07-31,33.06833517359813,0.05,10.06
1990-08-01,33.25972273340674,0.05,10.28
1990-08-02,33.28425960004887,0.05,10.25
1990-08-03,33.14930683351716,0.05,10.25
1990-08-06,32.688013740645125,0.07,10.91
1990-08-07,32.65856950067457,0.07,10.87
1990-08-08,32.97754876702225,0.07,11.28
1990-08-09,32.84259600049054,0.07,11.26
1990-08-10,32.8548644338116,0.07,11.11
1990-08-13,32.30278493436368,0.07,11.94
1990-08-14,32.04514783462132,0.07,12.07
1990-08-15,31.72616856827363,0.07,12.02
1990-08-16,31.983805668015997,0.06,12.39
1990-08-17,31.44399460188914,0.07,13.13
1990-08-20,31.696724328303077,0.07,13.5
1990-08-21,31.574039995092424,0.07,13.28
1990-08-22,31.247699668752098,0.08,13.4
1990-08-23,30.92872040240441,0.08,13.47
1990-08-24,31.125015335541445,0.09,12.33
1990-08-27,31.284504968715282,0.08,12.58
1990-08-28,31.443994601889123,0.08,12.76
1990-08-29,31.529873635136575,0.09,12.83
1990-08-30,31.799779168200004,0.08,13.3
1990-08-31,32.106490001226625,0.08,13.37
1990-09-03,32.30278493436366,0.08,13.36
1990-09-04,32.32732180100579,0.09,13.38
1990-09-05,31.8365844681632,0.09,13.92
1990-09-06,31.868482394797958,0.09,13.86
1990-09-07,31.996074101337037,0.09,13.97
1990-09-10,32.36412710096898,0.09,14.05
1990-09-11,32.64630106735347,0.09,14.2
1990-09-12,32.46718194086593,0.09,14.27
1990-09-13,32.23898908109412,0.09,14.36
1990-09-14,31.664826401668282,0.09,14.74
1990-09-17,31.578947368420828,0.09,14.74
1990-09-18,31.468531468531246,0.09,14.36
1990-09-19,32.0451478346213,0.09,15.51
1990-09-20,32.38866396761111,0.08,15.88
1990-09-21,32.4426450742238,0.08,15.05
1990-09-24,31.8365844681632,0.09,15.92
1990-09-25,31.94700036805278,0.09,15.66
1990-09-26,32.172739541160375,0.09,15.62
1990-09-27,32.09422156790556,0.09,14.71
1990-09-28,31.88565820144746,0.09,14.68
1990-10-01,31.640289535026163,0.08,14.82
1990-10-02,31.701631701631484,0.08,14.47
1990-10-03,31.529873635136575,0.08,14.21
1990-10-04,31.33357870199954,0.08,14.24
1990-10-05,31.677094834989354,0.08,14.53
1990-10-08,31.382652435283802,0.08,14.74
1990-10-09,31.345847135320614,0.08,14.72
1990-10-10,31.358115568641676,0.08,14.47
1990-10-11,31.677094834989354,0.07,14.5
1990-10-12,31.370384001962737,0.07,14.61
1990-10-15,31.615752668384033,0.07,14.84
1990-10-16,31.382652435283802,0.07,14.3
1990-10-17,31.247699668752094,0.07,14.34
1990-10-18,31.259968102073156,0.07,14.27
1990-10-19,31.161820635504633,0.07,13.77
1990-10-22,31.456263035210192,0.07,13.82
1990-10-23,31.448901975217552,0.07,13.76
1990-10-24,31.161820635504633,0.07,13.86
1990-10-25,31.33357870199954,0.07,12.97
1990-10-26,31.43172616856806,0.07,12.99
1990-10-29,31.578947368420835,0.07,13.02
1990-10-30,31.640289535026163,0.07,11.78
1990-10-31,31.578947368420835,0.07,11.27
1990-11-01,31.313949208685838,0.07,11.47
1990-11-02,31.178996442154123,0.06,10.14
1990-11-05,30.683351735983106,0.07,11.03
1990-11-06,30.67108330266204,0.07,10.73
1990-11-07,30.52386210280926,0.07,10.77
1990-11-08,30.634278002698846,0.07,10.77
1990-11-09,30.67108330266204,0.07,10.62
1990-11-12,30.67108330266204,0.07,10.58
1990-11-13,30.76186970923792,0.07,10.56
1990-11-14,30.572935836093524,0.06,10.56
1990-11-15,30.725064409274722,0.06,10.09
1990-11-16,30.523862102809257,0.06,9.91
1990-11-19,30.565574776100878,0.06,9.93
1990-11-20,30.604833762728283,0.06,9.94
1990-11-21,30.7029812292968,0.06,9.44
1990-11-22,30.683351735983095,0.06,9.05
1990-11-23,30.87964666912013,0.06,8.94
1990-11-26,31.100478468899297,0.06,9.0
1990-11-27,30.91645196908332,0.06,9.08
1990-11-28,31.12010796221299,0.06,9.31
1990-11-29,31.333578701999514,0.06,9.49
1990-11-30,31.32131026867845,0.06,9.05
1990-12-03,31.70163170163146,0.06,9.76
1990-12-04,31.510244141822845,0.06,9.52
1990-12-05,31.49306833517336,0.06,9.39
1990-12-06,31.223162802109925,0.06,9.7
1990-12-07,30.99006256900969,0.06,9.82
1990-12-10,30.965525702367565,0.06,9.78
1990-12-11,31.10047846889928,0.05,9.89
1990-12-12,31.02686786897289,0.05,9.61
1990-12-13,31.051404735615023,0.05,9.53
1990-12-14,31.26487547540155,0.05,8.38
1990-12-17,31.28450496871525,0.05,8.38
1990-12-18,31.16918169549724,0.05,8.31
1990-12-19,31.1618206355046,0.05,8.27
1990-12-20,31.647650595018767,0.05,9.39
1990-12-21,32.11875843454765,0.05,10.24
1990-12-24,32.29051650104256,0.05,10.29
1990-12-25,32.16783216783191,0.05,10.15
1990-12-26,32.0696847012634,0.05,10.2
1990-12-27,32.04514783462127,0.05,9.92
1990-12-28,31.394920868604835,0.05,11.94
1990-12-31,31.33357870199951,0.05,11.97
1991-01-01,31.33357870199951,0.05,11.95
1991-01-02,30.970433075695997,0.05,12.5
1991-01-03,31.075941602257156,0.05,12.4
1991-01-04,31.296773402036326,0.04,12.4
1991-01-07,31.70408538829567,0.04,12.81
1991-01-08,31.60348423506294,0.04,12.74
1991-01-09,31.240338608759423,0.04,13.08
1991-01-10,31.615752668384,0.04,13.57
1991-01-11,31.407189301925897,0.04,13.21
1991-01-14,31.48325358851649,0.04,13.12
1991-01-15,31.58630842841344,0.04,13.15
1991-01-16,31.628021101705055,0.04,12.87
1991-01-17,31.223162802109915,0.03,13.28
1991-01-18,30.965525702367557,0.03,13.52
1991-01-21,30.609741136056677,0.03,13.88
1991-01-22,30.872285609127463,0.02,14.13
1991-01-23,30.74960127591682,0.02,14.17
1991-01-24,30.86737823579904,0.02,14.06
1991-01-25,30.916451969083298,0.02,14.07
1991-01-28,31.002331002330752,0.02,14.06
1991-01-29,30.928720402404362,0.02,14.07
1991-01-30,31.10047846889928,0.02,13.34
1991-01-31,30.86737823579905,0.02,12.6
1991-02-01,30.732425469267334,0.02,12.46
1991-02-04,30.700527542632567,0.02,12.44
1991-02-05,30.64654643601988,0.02,12.43
1991-02-06,30.29566924303742,0.01,12.78
1991-02-07,30.364372469635388,0.02,11.46
1991-02-08,30.53613053613029,0.02,11.64
1991-02-11,30.315298736351124,0.01,11.79
1991-02-12,30.548398969451362,0.01,11.6
1991-02-13,30.658814869340944,0.01,11.61
1991-02-14,30.842841369156915,0.01,11.55
1991-02-15,31.112746902220344,0.01,11.15
1991-02-18,31.242792295423637,0.01,11.22
1991-02-19,31.4439946018891,0.01,10.84
1991-02-20,31.402281928597475,0.01,10.22
1991-02-21,31.26732916206576,0.01,10.11
1991-02-22,31.640289535026135,0.01,10.71
1991-02-25,31.996074101337012,0.02,11.17
1991-02-26,32.02061096797914,0.02,11.17
1991-02-27,32.29051650104257,0.02,10.62
1991-02-28,32.54815360078493,0.02,10.39
1991-03-01,32.68310636731665,0.02,9.56
1991-03-04,32.87940130045369,0.02,9.43
1991-03-05,32.7689854005641,0.02,9.39
1991-03-06,33.0143540669854,0.02,9.51
1991-03-07,33.12476996687499,0.02,9.52
1991-03-08,33.48055453318587,0.01,9.84
1991-03-11,33.62777573303865,0.01,9.72
1991-03-12,33.431480799901614,0.01,10.03
1991-03-13,33.603238866396524,0.02,9.56
1991-03-14,33.578701999754394,0.02,9.36
1991-03-15,34.03999509262643,0.01,9.79
1991-03-18,34.64605569868703,0.01,10.51
1991-03-19,35.05091399828218,0.01,9.52
1991-03-20,34.91596123175046,0.01,9.86
1991-03-21,34.60925039872384,0.01,10.67
1991-03-22,34.57980615875328,0.01,10.18
1991-03-25,35.06318243160323,0.01,10.52
1991-03-26,35.21776469144864,0.01,10.52
1991-03-27,35.688872530977534,0.01,10.82
1991-03-28,35.71340939761967,0.01,10.83
1991-03-29,35.45577229787732,0.01,11.41
1991-04-01,35.28892160471083,0.01,11.71
1991-04-02,34.94785915838523,0.01,12.32
1991-04-03,34.746656851919774,0.01,12.41
1991-04-04,34.38841859894468,0.01,12.82
1991-04-05,34.817813765181945,0.0,12.9
1991-04-08,35.14170040485806,0.0,13.02
1991-04-09,34.658324132008104,0.01,13.87
1991-04-10,34.940498098392595,0.01,13.88
1991-04-11,34.646055698687036,0.01,14.24
1991-04-12,35.001840264997924,0.01,14.41
1991-04-15,34.928229665071534,0.0,14.37
1991-04-16,34.793276898539816,0.0,14.38
1991-04-17,34.989571831676855,0.0,14.42
1991-04-18,35.40669856459306,0.0,14.49
1991-04-19,36.10599926389375,0.0,15.41
1991-04-22,36.33909949699398,0.0,15.24
1991-04-23,35.81155686418819,0.0,16.09
1991-04-24,36.06428659060213,0.0,16.13
1991-04-25,35.96613912403361,0.0,15.82
1991-04-26,36.30229419703078,0.0,15.23
1991-04-29,36.412710096920364,0.0,14.92
1991-04-30,35.55391976444583,0.0,16.67
1991-05-01,35.45577229787732,0.0,16.44
1991-05-02,35.79928843086713,0.0,16.64
1991-05-03,36.216415163783324,0.0,16.49
1991-05-06,36.07410133725897,0.0,16.53
1991-05-07,35.79928843086712,0.0,16.25
1991-05-08,35.946509630719895,0.0,16.29
1991-05-09,36.142804563856934,0.0,16.2
1991-05-10,35.79928843086712,0.0,16.41
1991-05-13,35.43123543123517,0.0,16.45
1991-05-14,35.14170040485804,0.0,16.55
1991-05-15,35.12452459820856,0.0,16.21
1991-05-16,35.35762483130879,0.0,15.91
1991-05-17,36.09373083057268,0.0,16.83
1991-05-20,35.79192737087449,0.0,16.46
1991-05-21,35.56618819776689,0.0,16.46
1991-05-22,35.82382529750925,0.0,16.32
1991-05-23,35.73303889093337,0.0,16.11
1991-05-24,35.69132621764175,0.0,16.1
1991-05-27,35.5293828978037,0.0,16.12
1991-05-28,35.46804073119837,0.0,16.06
1991-05-29,35.89743589743565,0.0,16.07
1991-05-30,35.97104649736204,0.0,14.96
1991-05-31,36.36854373696454,0.0,15.2
1991-06-03,36.54766286345208,0.0,14.57
1991-06-04,36.4372469635625,0.0,14.47
1991-06-05,36.71205986995435,0.0,14.59
1991-06-06,36.86664212979977,0.0,14.39
1991-06-07,37.271500429394905,0.0,14.71
1991-06-10,37.094834989571574,0.0,12.71
1991-06-11,37.161084529505324,0.0,12.64
1991-06-12,37.602748129063656,0.0,12.79
1991-06-13,37.72052508894588,0.0,12.43
1991-06-14,37.627284995705786,0.0,12.38
1991-06-17,37.9339958287324,0.0,12.2
1991-06-18,38.32903938167068,0.0,12.44
1991-06-19,37.75487670224485,0.0,13.43
1991-06-20,37.82848730217124,0.0,12.98
1991-06-21,37.9536253220461,0.0,12.42
1991-06-24,37.627284995705786,0.01,12.45
1991-06-25,38.09348546190625,0.01,12.77
1991-06-26,37.88492209544815,0.01,12.94
1991-06-27,38.019874861979865,0.01,11.66
1991-06-28,38.23334560176639,0.01,11.27
1991-07-01,38.40019629493286,0.01,10.96
1991-07-02,38.78051772788588,0.01,11.09
1991-07-03,38.8418598944912,0.01,10.98
1991-07-04,38.85412832781226,0.01,10.93
1991-07-05,38.65783339467523,0.01,10.97
1991-07-08,38.36339099496968,0.01,11.34
1991-07-09,38.60875966139098,0.01,11.03
1991-07-10,38.571954361427785,0.01,11.08
1991-07-11,39.00871058765769,0.01,11.1
1991-07-12,38.029689608636716,0.01,13.84
1991-07-15,37.978162188688245,0.01,13.8
1991-07-16,38.314317261685424,0.01,13.86
1991-07-17,38.118022328548385,0.01,13.97
1991-07-18,37.67635872899005,0.0,14.14
1991-07-19,37.17335296282639,0.0,14.66
1991-07-22,37.369647895963425,0.0,14.73
1991-07-23,37.43099006256875,0.0,14.3
1991-07-24,37.094834989571574,0.0,14.5
1991-07-25,37.55367439577939,0.0,14.99
1991-07-26,37.17335296282638,0.01,15.06
1991-07-29,37.60274812906365,0.01,15.14
1991-07-30,37.51196172248777,0.01,14.48
1991-07-31,37.44325849588981,0.01,14.47
1991-08-01,37.68126610231847,0.01,14.57
1991-08-02,37.001594896331476,0.01,15.34
1991-08-05,36.78076309655231,0.01,14.89
1991-08-06,36.687523003312215,0.01,14.83
1991-08-07,36.670347196662725,0.01,14.76
1991-08-08,36.98932646301041,0.01,14.92
1991-08-09,37.17335296282637,0.01,14.95
1991-08-12,37.05066862961573,0.02,14.56
1991-08-13,37.14881609618425,0.02,14.59
1991-08-14,37.25923199607383,0.02,14.64
1991-08-15,37.36964789596342,0.02,14.65
1991-08-16,37.79904306220069,0.02,14.98
1991-08-19,38.05668016194305,0.01,15.0
1991-08-20,37.99533799533772,0.01,15.0
1991-08-21,37.36964789596342,0.0,15.29
1991-08-22,36.92798429640508,0.0,13.78
1991-08-23,37.59047969574259,0.01,14.89
1991-08-26,37.480063795853006,0.0,14.63
1991-08-27,37.36228683597078,0.01,14.58
1991-08-28,37.22978775610329,0.0,14.22
1991-08-29,37.430990062568746,0.0,13.72
1991-08-30,37.504600662495136,0.0,13.65
1991-09-02,37.632192369034215,0.0,13.67
1991-09-03,37.455526929210876,0.0,13.46
1991-09-04,37.389277389277126,0.0,12.95
1991-09-05,37.475156422524584,0.0,12.59
1991-09-06,37.357379462642356,0.0,12.13
1991-09-09,36.559931296773144,0.0,13.71
1991-09-10,36.32683106367291,0.0,13.81
1991-09-11,36.46914489019726,0.0,13.7
1991-09-12,36.25322046374652,0.0,12.74
1991-09-13,36.216415163783324,0.0,12.64
1991-09-16,35.9097043307567,0.0,12.85
1991-09-17,35.78701999754605,0.0,12.88
1991-09-18,36.01521285731785,0.0,12.74
1991-09-19,36.25812783707494,0.0,12.82
1991-09-20,36.13053613053586,0.0,12.83
1991-09-23,35.799288430867115,0.0,13.01
1991-09-24,35.762483130903924,0.0,12.95
1991-09-25,35.93424119739882,0.0,13.02
1991-09-26,35.96368543736938,0.0,12.42
1991-09-27,35.81155686418817,0.0,12.16
1991-09-30,35.553919764445816,0.0,12.25
1991-10-01,35.6275303643722,0.0,11.48
1991-10-02,35.67169672432803,0.0,11.06
1991-10-03,35.76493681756812,0.0,9.46
1991-10-04,36.03238866396733,0.0,9.84
1991-10-07,36.13053613053585,-0.01,9.89
1991-10-08,36.4617838302046,0.0,10.33
1991-10-09,36.33909949699396,0.0,10.18
1991-10-10,36.36363636363609,0.0,10.15
1991-10-11,36.36363636363609,0.0,10.06
1991-10-14,36.48632069684673,0.0,10.09
1991-10-15,36.6703471966627,0.0,10.24
1991-10-16,36.51085756348886,0.0,10.25
1991-10-17,36.523125996809924,0.0,10.24
1991-10-18,36.22868359710437,0.0,8.31
1991-10-21,36.33909949699396,0.0,8.15
1991-10-22,36.30229419703077,0.0,8.06
1991-10-23,36.535394430131,0.0,8.08
1991-10-24,36.52312599680994,0.0,8.08
1991-10-25,36.54766286345207,0.0,7.6
1991-10-28,36.81266102318707,0.0,7.75
1991-10-29,36.27775733038864,0.0,8.86
1991-10-30,35.921972764077765,0.0,9.12
1991-10-31,35.946509630719895,-0.01,9.07
1991-11-01,35.84836216415138,-0.01,8.67
1991-11-04,35.20549625812759,0.0,10.23
1991-11-05,35.55391976444584,0.0,10.58
1991-11-06,35.6029934977301,0.0,10.59
1991-11-07,35.30855109802454,0.0,10.8
1991-11-08,35.6029934977301,0.0,10.9
1991-11-11,35.49257759784051,-0.01,10.92
1991-11-12,35.615261931051165,-0.01,10.97
1991-11-13,35.65206723101436,-0.01,10.94
1991-11-14,35.51711446448264,-0.01,10.74
1991-11-15,35.65206723101435,-0.01,10.77
1991-11-18,34.98957183167685,-0.01,11.66
1991-11-19,34.817813765181945,-0.01,11.7
1991-11-20,34.89142436510833,-0.01,11.73
1991-11-21,34.812906391853524,-0.01,11.72
1991-11-22,34.61415777205227,-0.01,11.69
1991-11-25,34.560176665439585,-0.01,11.5
1991-11-26,34.376150165623606,-0.01,11.52
1991-11-27,35.02637713164005,-0.01,13.09
1991-11-28,35.08771929824537,-0.01,12.95
1991-11-29,35.23494049809814,-0.01,12.99
1991-12-02,34.92822966507153,-0.02,13.19
1991-12-03,35.06318243160324,-0.02,13.08
1991-12-04,35.06318243160324,-0.02,13.08
1991-12-05,34.54790823211851,-0.01,13.66
1991-12-06,34.09888357256754,-0.01,13.75
1991-12-09,34.118513065881245,-0.01,13.26
1991-12-10,34.24119739909189,-0.01,13.14
1991-12-11,34.15531836584444,-0.01,13.13
1991-12-12,34.27800269905508,-0.01,13.22
1991-12-13,34.31480799901828,-0.01,12.2
1991-12-16,34.22892896577082,-0.01,11.74
1991-12-17,34.22892896577082,-0.01,11.72
1991-12-18,34.21666053244976,-0.01,11.52
1991-12-19,33.9418476260579,-0.01,11.32
1991-12-20,33.419212366580545,-0.01,12.06
1991-12-23,33.02662250030647,-0.02,12.27
1991-12-24,33.247454300085636,-0.02,12.54
1991-12-25,33.02662250030647,-0.02,12.6
1991-12-26,32.98981720034328,-0.02,12.45
1991-12-27,33.149306833517116,-0.02,11.6
1991-12-30,33.2597227334067,-0.02,11.66
1991-12-31,33.40694393325948,-0.02,11.75
1992-01-01,33.40694393325948,-0.02,11.75
1992-01-02,33.492822966506935,-0.02,11.73
1992-01-03,33.767635872898786,-0.02,12.06
1992-01-06,33.100233100232856,-0.02,13.3
1992-01-07,33.105140473561285,-0.02,11.78
1992-01-08,33.149306833517116,-0.02,11.77
1992-01-09,33.93448656606527,-0.02,13.91
1992-01-10,34.6215188320449,-0.02,15.1
1992-01-13,34.30744693902564,-0.03,15.27
1992-01-14,34.63378726536595,-0.03,15.57
1992-01-15,35.42387437124253,-0.02,16.36
1992-01-16,35.25947736474026,-0.02,15.88
1992-01-17,34.90369279842939,-0.03,16.24
1992-01-20,34.60925039872383,-0.02,16.45
1992-01-21,34.44239970555734,-0.02,16.5
1992-01-22,34.49883449883424,-0.02,16.47
1992-01-23,34.76874003189767,-0.02,16.63
1992-01-24,34.58471353208169,-0.02,16.7
1992-01-27,35.271745798061325,-0.02,17.67
1992-01-28,34.86688749846619,-0.02,18.06
1992-01-29,34.80554533186087,-0.02,17.88
1992-01-30,35.38216169795091,-0.02,17.72
1992-01-31,35.06318243160324,-0.02,17.54
1992-02-03,34.95276653171365,-0.02,17.54
1992-02-04,34.87915593178726,-0.02,17.39
1992-02-05,34.78100846521875,-0.02,17.43
1992-02-06,34.52337136547638,-0.02,17.62
1992-02-07,34.10624463256017,-0.02,18.07
1992-02-10,34.432584958900506,-0.02,18.22
1992-02-11,34.95276653171366,-0.02,18.69
1992-02-12,35.31345847135296,-0.02,18.87
1992-02-13,35.81155686418819,-0.02,19.13
1992-02-14,36.02012023064629,-0.02,17.9
1992-02-17,35.85326953747982,-0.02,18.02
1992-02-18,36.54766286345208,-0.02,18.67
1992-02-19,36.53048705680259,-0.02,17.63
1992-02-20,36.54766286345208,-0.02,16.78
1992-02-21,36.65807876334166,-0.02,16.43
1992-02-24,36.577107103422634,-0.02,16.33
1992-02-25,36.44951539688356,-0.02,15.09
1992-02-26,36.78076309655231,-0.02,15.17
1992-02-27,36.535394430131014,-0.02,14.96
1992-02-28,36.424978530241425,-0.02,14.7
1992-03-02,36.505950190160455,-0.02,14.56
1992-03-03,36.977058029689346,-0.02,14.92
1992-03-04,37.39418476260556,-0.02,15.06
1992-03-05,37.399092135933984,-0.02,14.89
1992-03-06,37.22242669611065,-0.02,14.08
1992-03-09,37.00159489633148,-0.02,13.68
1992-03-10,37.25923199607385,-0.02,13.7
1992-03-11,37.01386332965255,-0.02,13.23
1992-03-12,37.12427922954213,-0.02,12.82
1992-03-13,36.98932646301042,-0.02,12.84
1992-03-16,37.06293706293681,-0.02,12.77
1992-03-17,36.71942092994699,-0.02,13.15
1992-03-18,36.62863452337111,-0.02,12.9
1992-03-19,37.17335296282639,-0.02,12.67
1992-03-20,37.43099006256875,-0.02,12.57
1992-03-23,37.234695129431714,-0.02,12.21
1992-03-24,37.161084529505324,-0.02,12.01
1992-03-25,36.80529996319444,-0.02,11.85
1992-03-26,37.21015826278958,-0.02,12.15
1992-03-27,36.719420929946985,-0.01,12.78
1992-03-30,36.908354803091385,-0.01,11.54
1992-03-31,36.854373696478696,-0.01,11.55
1992-04-01,37.026131762973606,-0.01,11.63
1992-04-02,36.871549503128186,-0.01,11.68
1992-04-03,36.535394430131014,-0.01,11.99
1992-04-06,36.52803337013837,-0.01,11.94
1992-04-07,36.6090050300574,-0.01,11.64
1992-04-08,36.61636609005004,-0.01,11.46
1992-04-09,36.48632069684676,-0.01,11.48
1992-04-10,37.001594896331476,-0.01,12.2
1992-04-13,37.41872162924768,-0.01,12.06
1992-04-14,37.13654766286319,-0.01,11.81
1992-04-15,37.627284995705786,-0.01,12.47
1992-04-16,37.86038522880601,-0.01,12.49
1992-04-17,37.90945896209027,-0.01,12.33
1992-04-20,37.99533799533773,-0.01,12.19
1992-04-21,37.96834744203139,-0.01,11.99
1992-04-22,37.82357992884282,-0.01,12.05
1992-04-23,37.83584836216388,-0.01,11.98
1992-04-24,37.61501656238471,-0.01,12.14
1992-04-27,37.54140596245833,-0.01,11.78
1992-04-28,37.229787756103285,-0.01,12.06
1992-04-29,37.34511102932129,-0.01,11.26
1992-04-30,37.22242669611063,-0.01,11.11
1992-05-01,36.82983682983656,-0.01,11.44
1992-05-04,36.91571586308402,0.0,11.46
1992-05-05,37.00895595632411,0.0,11.11
1992-05-06,36.854373696478696,0.0,10.66
1992-05-07,37.09238130290735,0.0,10.06
1992-05-08,37.51686909581619,0.0,10.5
1992-05-11,37.49233222917406,0.0,10.48
1992-05-12,36.91571586308402,0.0,11.45
1992-05-13,36.670347196662725,0.0,11.56
1992-05-14,36.216415163783324,0.0,11.83
1992-05-15,36.52312599680994,0.0,12.12
1992-05-18,35.946509630719895,0.0,12.99
1992-05-19,35.811556864188184,-0.01,13.03
1992-05-20,36.0814623972516,-0.01,13.23
1992-05-21,36.37590479695716,-0.01,12.74
1992-05-22,36.535394430131,-0.01,12.31
1992-05-25,36.47405226352568,-0.01,12.13
1992-05-26,36.29493313703813,0.0,11.42
1992-05-27,36.47405226352568,0.0,11.35
1992-05-28,36.23604465709702,-0.01,11.42
1992-05-29,35.73058520426915,-0.01,11.95
1992-06-01,35.86553797080086,-0.01,12.07
1992-06-02,35.84836216415137,-0.01,12.07
1992-06-03,36.07655502392318,-0.01,12.3
1992-06-04,35.860630597472436,-0.01,12.3
1992-06-05,35.578456631087946,-0.01,12.45
1992-06-08,35.634891424364845,0.0,12.32
1992-06-09,35.725677830940725,0.0,12.3
1992-06-10,35.62753036437221,0.0,12.3
1992-06-11,35.12452459820856,0.0,12.59
1992-06-12,35.01410869831897,0.0,12.53
1992-06-15,34.71966629861342,0.0,12.61
1992-06-16,34.523371365476386,-0.01,12.64
1992-06-17,34.84235063182407,-0.01,12.84
1992-06-18,34.6583241320081,-0.01,12.16
1992-06-19,34.756471598576624,-0.01,12.26
1992-06-22,34.71966629861342,-0.01,11.6
1992-06-23,34.76874003189768,-0.01,11.56
1992-06-24,34.46202919887106,-0.01,11.3
1992-06-25,34.15531836584444,-0.01,11.04
1992-06-26,33.971291866028466,-0.01,10.26
1992-06-29,33.566433566433325,-0.01,10.68
1992-06-30,33.730830572935595,-0.01,10.49
1992-07-01,33.52962826647013,-0.01,10.02
1992-07-02,33.321064900012026,-0.01,9.82
1992-07-03,33.30879646669096,-0.01,9.84
1992-07-06,33.21801006011508,-0.01,9.83
1992-07-07,33.08796466691179,-0.01,9.51
1992-07-08,33.075696233590726,-0.01,9.5
1992-07-09,33.66458103300184,-0.01,10.78
1992-07-10,33.271991166727766,-0.01,11.0
1992-07-13,32.781253833885174,-0.01,11.57
1992-07-14,33.07814992025494,-0.01,11.8
1992-07-15,32.786161207213596,-0.01,11.9
1992-07-16,32.58495890074814,-0.01,11.84
1992-07-17,32.06968470126341,-0.01,12.36
1992-07-20,32.21690590111619,-0.01,12.47
1992-07-21,32.45000613421642,-0.01,12.88
1992-07-22,32.43773770089536,-0.01,12.44
1992-07-23,32.29051650104258,-0.01,12.45
1992-07-24,32.66102318733874,-0.01,13.02
1992-07-27,32.14820267451823,-0.01,13.62
1992-07-28,31.983805668015957,-0.02,13.15
1992-07-29,32.34204392099105,-0.01,13.78
1992-07-30,32.32732180100577,-0.01,13.7
1992-07-31,32.27824806772152,-0.01,13.7
1992-08-03,32.3125996810205,-0.01,13.69
1992-08-04,32.49907986750069,-0.03,13.76
1992-08-05,32.47454300085856,-0.03,13.6
1992-08-06,32.58495890074815,-0.03,13.63
1992-08-07,32.24880382775097,-0.03,13.52
1992-08-10,32.258618574407826,-0.03,13.39
1992-08-11,32.405839774260606,-0.02,13.44
1992-08-12,32.42056189424588,-0.02,13.36
1992-08-13,32.08686050791292,-0.02,13.65
1992-08-14,32.38375659428269,-0.02,13.99
1992-08-17,32.346951294319496,-0.02,13.96
1992-08-18,32.06232364127079,-0.02,14.17
1992-08-19,31.89301926144009,-0.02,12.97
1992-08-20,31.61329898171981,-0.02,12.79
1992-08-21,31.20107962213204,-0.02,12.63
1992-08-24,30.506686296159767,-0.03,13.64
1992-08-25,30.563121089436667,-0.04,13.57
1992-08-26,30.89436878910542,-0.04,14.08
1992-08-27,30.92381302907597,-0.04,13.4
1992-08-28,30.943442522389674,-0.04,13.29
1992-08-31,30.680898049318884,-0.03,13.18
1992-09-01,30.342289289657494,-0.03,13.45
1992-09-02,30.460066249539715,-0.03,13.55
1992-09-03,30.99496994233814,-0.03,14.21
1992-09-04,30.79376763587267,-0.03,13.62
1992-09-07,30.6661759293336,-0.03,13.6
1992-09-08,30.298122929701655,-0.03,13.37
1992-09-09,30.769230769230543,-0.03,14.38
1992-09-10,30.850202429149576,-0.03,14.44
1992-09-11,31.581401055085035,-0.03,16.25
1992-09-14,32.31014599435629,-0.02,17.64
1992-09-15,32.3690344742974,-0.02,17.65
1992-09-16,32.560422034106004,-0.02,17.71
1992-09-17,31.67218746166092,-0.02,19.33
1992-09-18,31.84885290148425,-0.02,19.42
1992-09-21,31.9347319347317,-0.01,19.38
1992-09-22,31.92982456140327,-0.03,19.38
1992-09-23,32.121212121211876,-0.03,19.22
1992-09-24,32.030425714635996,-0.03,19.03
1992-09-25,31.76297386823678,-0.02,19.18
1992-09-28,31.117654275548773,-0.03,19.95
1992-09-29,30.160716476505723,-0.02,21.88
1992-09-30,30.347196662985905,-0.02,21.9
1992-10-01,30.50177892283133,-0.02,21.67
1992-10-02,30.229419703103687,-0.01,20.77
1992-10-05,30.410992516255455,-0.01,20.85
1992-10-06,30.555760029444016,-0.01,20.63
1992-10-07,31.149552202183557,-0.02,21.46
1992-10-08,32.32732180100577,-0.01,24.13
1992-10-09,32.23162802110148,-0.01,23.97
1992-10-12,32.03533308796444,0.0,23.77
1992-10-13,32.13102686786875,0.0,23.76
1992-10-14,31.93473193473171,0.0,23.37
1992-10-15,31.922463501410643,0.0,23.26
1992-10-16,32.40829346092481,-0.01,23.56
1992-10-19,32.8794013004537,0.0,23.44
1992-10-20,33.32106490001204,0.0,23.34
1992-10-21,33.27444485339199,0.0,23.37
1992-10-22,33.03889093362755,0.0,22.62
1992-10-23,33.46828609986482,0.0,21.95
1992-10-26,33.59342411973968,0.0,21.96
1992-10-27,33.34314807998995,0.0,22.06
1992-10-28,33.760274812906154,0.0,20.46
1992-10-29,33.70138633296504,0.0,20.47
1992-10-30,33.72101582627875,0.0,20.47
1992-11-02,34.27064163906245,0.01,20.9
1992-11-03,34.35161329898147,0.01,20.87
1992-11-04,34.56999141209643,0.01,20.84
1992-11-05,34.86198012513777,0.01,20.62
1992-11-06,35.23494049809814,0.01,19.37
1992-11-09,35.18586676481388,0.01,16.06
1992-11-10,35.28401423138239,0.01,16.08
1992-11-11,35.16132989817174,0.01,16.29
1992-11-12,35.038645564961094,0.01,15.93
1992-11-13,34.76137897190504,0.01,16.4
1992-11-16,35.30119003803189,0.01,16.72
1992-11-17,35.52202183781105,0.01,16.13
1992-11-18,35.50484603116156,0.01,12.62
1992-11-19,34.82272113851036,0.01,14.23
1992-11-20,35.492577597840494,0.01,14.77
1992-11-23,35.16132989817175,0.01,15.27
1992-11-24,35.12943197153698,0.01,15.06
1992-11-25,35.07545086492429,0.01,15.09
1992-11-26,35.14906146485068,0.01,14.63
1992-11-27,35.35762483130879,0.01,14.22
1992-11-30,35.17850570482124,0.01,13.98
1992-12-01,34.43749233222893,0.02,15.59
1992-12-02,34.25346583241295,0.02,15.51
1992-12-03,34.6975831186355,0.01,15.51
1992-12-04,35.05091399828218,0.02,15.72
1992-12-07,34.194577352471846,0.01,17.4
1992-12-08,34.24119739909189,0.01,17.02
1992-12-09,34.60679671205963,0.01,17.27
1992-12-10,34.54300085879009,0.01,17.29
1992-12-11,34.53563979879745,0.01,16.63
1992-12-14,34.57980615875328,0.01,16.62
1992-12-15,34.61170408538805,0.01,16.51
1992-12-16,34.33689117899619,0.02,16.47
1992-12-17,34.33443749233198,0.02,16.1
1992-12-18,34.59698196540276,0.02,16.3
1992-12-21,34.70739786529235,0.02,16.31
1992-12-22,35.394430131271974,0.02,17.36
1992-12-23,35.468040731198364,0.02,17.33
1992-12-24,35.578456631087946,0.02,17.15
1992-12-25,35.409152251257254,0.02,16.61
1992-12-28,35.995583364004155,0.02,17.23
1992-12-29,35.93424119739882,0.02,17.24
1992-12-30,35.96613912403359,0.02,16.1
1992-12-31,36.007851797325216,0.02,15.11
1993-01-01,36.007851797325216,0.02,14.8
1993-01-04,36.31456263035183,0.03,14.97
1993-01-05,36.10845295055795,0.03,15.09
1993-01-06,36.51576493681729,0.03,15.39
1993-01-07,36.675254569991125,0.03,15.36
1993-01-08,36.84210526315761,0.03,15.26
1993-01-11,36.60900503005738,0.02,13.76
1993-01-12,36.79057784320915,0.02,13.58
1993-01-13,36.38326585694979,0.02,13.77
1993-01-14,36.43233959023405,0.02,13.52
1993-01-15,36.7439577965891,0.02,11.0
1993-01-18,36.29002576370971,0.04,11.87
1993-01-19,36.06919396393054,0.04,11.8
1993-01-20,36.04465709728841,0.04,11.77
1993-01-21,36.32192369034447,0.04,11.9
1993-01-22,35.78701999754605,0.05,12.9
1993-01-25,35.52938289780368,0.04,13.14
1993-01-26,35.63979879769326,0.04,12.86
1993-01-27,35.92197276407775,0.04,13.01
1993-01-28,35.91461170408511,0.04,12.88
1993-01-29,36.51085756348886,0.04,13.65
1993-02-01,37.27886148938752,0.05,13.8
1993-02-02,37.325481536007565,0.05,13.8
1993-02-03,37.44325849588978,0.05,13.8
1993-02-04,37.62728499570575,0.05,13.68
1993-02-05,37.57821126242149,0.05,12.97
1993-02-08,37.68862716231107,0.06,12.94
1993-02-09,37.56594282910042,0.07,13.02
1993-02-10,37.73770089559534,0.07,13.05
1993-02-11,37.68862716231108,0.06,13.07
1993-02-12,37.74996932891641,0.07,12.89
1993-02-15,37.835848362163865,0.07,12.71
1993-02-16,36.927984296405064,0.07,14.53
1993-02-17,36.780763096552285,0.07,14.54
1993-02-18,36.97705802968932,0.07,14.56
1993-02-19,37.021224389645155,0.07,14.42
1993-02-22,36.498589130167794,0.07,14.99
1993-02-23,36.74395779658909,0.07,14.74
1993-02-24,36.952521163047194,0.07,14.82
1993-02-25,37.26413936940224,0.07,14.82
1993-02-26,37.492332229174046,0.07,14.35
1993-03-01,37.71807140228163,0.07,14.24
1993-03-02,37.34511102932127,0.06,14.64
1993-03-03,37.40645319592659,0.06,14.5
1993-03-04,37.34511102932127,0.06,13.68
1993-03-05,37.92172739541132,0.07,14.01
1993-03-08,37.77695988222275,0.06,14.12
1993-03-09,37.80395043552909,0.07,14.01
1993-03-10,37.65182186234789,0.06,14.11
1993-03-11,37.38191632928446,0.07,13.56
1993-03-12,37.30830572935807,0.07,12.08
1993-03-15,37.36964789596339,0.07,12.08
1993-03-16,37.45552692921085,0.07,12.07
1993-03-17,37.6346460556984,0.07,12.06
1993-03-18,37.038400196294646,0.06,12.97
1993-03-19,37.038400196294646,0.07,12.93
1993-03-22,37.16108452950529,0.07,12.95
1993-03-23,37.06293706293677,0.07,12.88
1993-03-24,37.21015826278955,0.07,12.95
1993-03-25,37.32057416267913,0.07,12.98
1993-03-26,37.1242792295421,0.07,13.03
1993-03-29,36.92798429640506,0.06,10.9
1993-03-30,36.682615629983765,0.06,11.02
1993-03-31,36.58446816341525,0.06,10.91
1993-04-01,36.16734143049904,0.06,11.39
1993-04-02,36.33909949699396,0.07,10.71
1993-04-05,36.24095203042545,0.07,10.52
1993-04-06,36.54766286345207,0.07,10.7
1993-04-07,36.59673659673633,0.07,10.37
1993-04-08,36.27775733038864,0.07,10.43
1993-04-09,36.24095203042545,0.07,10.19
1993-04-12,35.944055944055684,0.06,10.07
1993-04-13,35.48030916451943,0.06,10.61
1993-04-14,35.818917924180816,0.06,11.14
1993-04-15,36.007851797325216,0.06,10.09
1993-04-16,36.40044166359929,0.07,10.75
1993-04-19,36.04465709728841,0.08,11.03
1993-04-20,35.82382529750924,0.08,11.09
1993-04-21,35.73794626426178,0.08,10.96
1993-04-22,35.51711446448262,0.08,11.05
1993-04-23,35.099987731566415,0.09,11.4
1993-04-26,34.85461906514512,0.09,11.4
1993-04-27,35.075450864924285,0.09,11.5
1993-04-28,35.050913998282155,0.09,10.71
1993-04-29,34.965034965034704,0.09,10.7
1993-04-30,35.124524598208545,0.09,10.76
1993-05-03,35.05091399828216,0.09,10.76
1993-05-04,34.86688749846619,0.09,10.65
1993-05-05,34.76874003189768,0.09,10.52
1993-05-06,34.68286099865022,0.09,10.49
1993-05-07,35.07545086492429,0.09,11.2
1993-05-10,35.774751564224985,0.08,12.81
1993-05-11,35.78701999754605,0.08,12.8
1993-05-12,35.87289903079351,0.08,12.39
1993-05-13,35.87289903079351,0.08,12.29
1993-05-14,35.55391976444582,0.08,12.54
1993-05-17,35.983314930683086,0.08,12.82
1993-05-18,36.3268310636729,0.08,13.16
1993-05-19,36.155072997177996,0.08,12.97
1993-05-20,36.02012023064628,0.08,13.01
1993-05-21,36.02012023064628,0.08,12.77
1993-05-24,36.06919396393054,0.08,12.12
1993-05-25,35.78701999754605,0.08,12.04
1993-05-26,35.676604097656465,0.08,11.96
1993-05-27,35.087719298245354,0.08,12.4
1993-05-28,34.76874003189767,0.08,12.36
1993-05-31,34.85461906514512,0.08,12.31
1993-06-01,34.74420316525554,0.07,12.32
1993-06-02,34.95276653171364,0.07,12.38
1993-06-03,35.026377131640025,0.07,11.9
1993-06-04,35.89743589743563,0.07,13.8
1993-06-07,35.70114096429859,0.08,13.83
1993-06-08,35.8728990307935,0.08,13.88
1993-06-09,36.1182676972148,0.08,13.95
1993-06-10,35.8728990307935,0.08,14.11
1993-06-11,35.68887253097753,0.08,14.19
1993-06-14,35.68887253097753,0.08,14.08
1993-06-15,36.13053613053586,0.08,14.44
1993-06-16,36.42497853024142,0.08,14.53
1993-06-17,36.37590479695716,0.08,14.24
1993-06-18,36.83474420316499,0.08,13.52
1993-06-21,36.84210526315763,0.07,13.52
1993-06-22,37.08747392957893,0.07,13.62
1993-06-23,36.95252116304721,0.07,13.69
1993-06-24,37.22242669611063,0.07,13.46
1993-06-25,37.17335296282637,0.07,13.09
1993-06-28,36.92798429640508,0.07,13.02
1993-06-29,36.76849466323123,0.07,13.0
1993-06-30,37.14881609618425,0.07,13.25
1993-07-01,37.0261317629736,0.07,13.31
1993-07-02,37.09974236289999,0.06,13.31
1993-07-05,37.13654766286319,0.06,13.03
1993-07-06,37.11201079622105,0.07,12.97
1993-07-07,37.11201079622105,0.07,11.72
1993-07-08,37.09974236289998,0.07,11.24
1993-07-09,37.59047969574258,0.07,11.7
1993-07-12,37.52913752913726,0.07,11.64
1993-07-13,37.27150042939489,0.07,11.93
1993-07-14,37.07520549625786,0.07,12.14
1993-07-15,37.22242669611064,0.07,9.95
1993-07-16,36.952521163047216,0.08,10.08
1993-07-19,36.842105263157634,0.08,10.09
1993-07-20,36.731689363268046,0.08,9.98
1993-07-21,36.8175683965155,0.08,9.73
1993-07-22,36.927984296405086,0.08,9.56
1993-07-23,37.308305729358096,0.08,9.93
1993-07-26,37.296037296037035,0.08,9.36
1993-07-27,37.320574162679165,0.08,9.11
1993-07-28,37.11201079622107,0.08,9.29
1993-07-29,37.516869095816205,0.08,9.1
1993-07-30,37.39418476260556,0.08,9.17
1993-08-02,36.69488406330487,0.07,10.65
1993-08-03,36.84210526315765,0.07,10.68
1993-08-04,36.91571586308404,0.07,10.46
1993-08-05,36.984419089682,0.07,10.47
1993-08-06,36.86664212979978,0.07,10.33
1993-08-09,36.88136424978506,0.08,10.24
1993-08-10,37.48006379585303,0.08,10.9
1993-08-11,37.62728499570581,0.08,10.9
1993-08-12,37.40645319592664,0.08,11.05
1993-08-13,37.40645319592664,0.08,11.05
1993-08-16,36.70715249662594,0.08,12.45
1993-08-17,36.891178996441916,0.09,12.55
1993-08-18,36.47405226352571,0.09,12.99
1993-08-19,36.47405226352571,0.09,12.28
1993-08-20,36.032388663967374,0.09,12.72
1993-08-23,36.35136793031506,0.11,12.96
1993-08-24,36.167341430499086,0.1,12.95
1993-08-25,36.36363636363612,0.11,13.01
1993-08-26,36.125628757207465,0.11,12.98
1993-08-27,36.03238866396737,0.11,12.97
1993-08-30,36.14280456385696,0.11,13.0
1993-08-31,36.277757330388674,0.11,13.04
1993-09-01,35.787019997546075,0.11,13.56
1993-09-02,35.48030916451946,0.11,13.27
1993-09-03,34.89142436510834,0.11,14.0
1993-09-06,34.89142436510834,0.11,13.99
1993-09-07,34.83008219850302,0.11,13.95
1993-09-08,34.78100846521877,0.11,13.36
1993-09-09,34.38841859894469,0.11,13.61
1993-09-10,34.19212366580766,0.1,12.72
1993-09-13,34.42522389890789,0.11,12.88
1993-09-14,34.41295546558682,0.11,12.82
1993-09-15,34.16758679916552,0.11,12.83
1993-09-16,34.37615016562362,0.11,13.09
1993-09-17,34.17985523248658,0.11,13.1
1993-09-20,34.37615016562362,0.11,12.05
1993-09-21,34.91596123175047,0.1,13.13
1993-09-22,34.91596123175047,0.1,13.11
1993-09-23,35.16132989817177,0.09,13.39
1993-09-24,35.06318243160326,0.1,12.35
1993-09-27,34.90369279842941,0.09,12.21
1993-09-28,34.64605569868705,0.1,11.98
1993-09-29,34.67059256532919,0.1,11.99
1993-09-30,34.98221077168423,0.09,11.95
1993-10-01,34.94049809839261,0.09,11.56
1993-10-04,34.79327689853983,0.1,11.53
1993-10-05,34.91596123175049,0.1,11.44
1993-10-06,34.928229665071555,0.1,11.34
1993-10-07,35.00184026499794,0.1,11.37
1993-10-08,34.46202919887109,0.1,12.1
1993-10-11,34.52582505214063,0.1,12.03
1993-10-12,34.33934486566044,0.09,11.52
1993-10-13,34.474297632192155,0.1,11.4
1993-10-14,34.915961231750494,0.1,11.03
1993-10-15,35.03864556496114,0.1,11.08
1993-10-18,35.504846031161605,0.1,11.73
1993-10-19,35.529382897803735,0.1,11.71
1993-10-20,35.590725064409064,0.1,11.1
1993-10-21,36.093730830572724,0.1,11.52
1993-10-22,36.265488897067634,0.1,11.46
1993-10-25,36.449515396883605,0.1,11.48
1993-10-26,36.277757330388695,0.1,11.32
1993-10-27,36.35136793031508,0.1,11.25
1993-10-28,36.29002576370976,0.1,11.06
1993-10-29,36.62127346337851,0.1,11.21
1993-11-01,36.86664212979981,0.1,10.52
1993-11-02,37.03840019629471,0.1,10.53
1993-11-03,36.77585572322392,0.1,10.76
1993-11-04,36.85437369647874,0.1,10.68
1993-11-05,36.71942092994702,0.1,10.63
1993-11-08,36.4495153968836,0.11,10.63
1993-11-09,36.633541896699576,0.11,10.67
1993-11-10,36.54766286345212,0.11,10.51
1993-11-11,36.71942092994702,0.11,10.52
1993-11-12,36.54766286345212,0.1,10.54
1993-11-15,36.682615629983836,0.12,10.54
1993-11-16,36.89117899644194,0.13,10.6
1993-11-17,36.731689363268096,0.13,10.76
1993-11-18,36.92798429640513,0.13,9.39
1993-11-19,36.81756839651554,0.13,9.53
1993-11-22,36.682615629983836,0.13,9.41
1993-11-23,36.62127346337851,0.12,9.47
1993-11-24,36.626180836706936,0.12,8.89
1993-11-25,36.70715249662596,0.12,8.87
1993-11-26,36.805299963194486,0.13,8.12
1993-11-29,36.584468163415316,0.13,8.41
1993-11-30,36.78076309655236,0.14,8.5
1993-12-01,36.829836829836616,0.14,7.51
1993-12-02,36.7316893632681,0.14,7.46
1993-12-03,36.572199730094255,0.14,7.45
1993-12-06,35.8606305974725,0.13,9.43
1993-12-07,35.79928843086718,0.13,9.41
1993-12-08,36.09373083057273,0.14,9.75
1993-12-09,35.98331493068314,0.14,9.35
1993-12-10,35.688872530977584,0.14,9.34
1993-12-13,35.995583364004204,0.14,9.63
1993-12-14,35.95877806404101,0.14,9.44
1993-12-15,36.04711078395268,0.14,9.45
1993-12-16,35.84836216415143,0.13,9.52
1993-12-17,35.82627898417351,0.13,9.3
1993-12-20,35.774751564225035,0.14,9.14
1993-12-21,35.58091031775221,0.17,9.23
1993-12-22,35.237394184762394,0.17,9.42
1993-12-23,35.21040363145605,0.17,9.37
1993-12-24,35.2962826647035,0.17,9.32
1993-12-27,35.4091522512573,0.17,9.17
1993-12-28,35.311004784688784,0.17,9.14
1993-12-29,35.998037050668415,0.17,10.87
1993-12-30,36.390626916942495,0.16,11.4
1993-12-31,36.52312599680999,0.16,11.42
1994-01-03,36.658078763341706,0.16,11.46
1994-01-04,36.41516378358462,0.15,11.64
1994-01-05,36.326831063672955,0.15,11.63
1994-01-06,36.37590479695721,0.15,11.6
1994-01-07,35.998037050668415,0.15,11.87
1994-01-10,36.11090663722221,0.15,11.79
1994-01-11,36.29002576370976,0.15,11.9
1994-01-12,35.897435897435685,0.15,12.28
1994-01-13,36.27775733038868,0.15,12.68
1994-01-14,36.28021101705289,0.14,11.17
1994-01-17,36.21641516378336,0.14,11.17
1994-01-18,35.84836216415142,0.14,11.34
1994-01-19,35.86063059747248,0.14,11.31
1994-01-20,35.72813151760498,0.14,11.08
1994-01-21,35.94896331738415,0.14,10.94
1994-01-24,35.95141700404836,0.14,10.93
1994-01-25,35.98331493068312,0.14,10.91
1994-01-26,36.07164765059479,0.14,10.8
1994-01-27,35.82382529750928,0.14,11.0
1994-01-28,36.08146239725164,0.15,11.2
1994-01-31,35.74530732425447,0.13,11.45
1994-02-01,35.556373451110076,0.13,11.17
1994-02-02,35.5809103177522,0.13,11.16
1994-02-03,35.62753036437224,0.13,11.15
1994-02-04,36.105999263893764,0.11,11.79
1994-02-07,36.032388663967374,0.1,11.77
1994-02-08,36.31701631701608,0.1,10.53
1994-02-09,36.24095203042548,0.1,10.02
1994-02-10,36.29002576370974,0.1,9.97
1994-02-11,36.31701631701608,0.1,9.9
1994-02-14,35.73794626426182,0.1,10.82
1994-02-15,35.73794626426182,0.1,10.8
1994-02-16,35.67905778432071,0.1,10.79
1994-02-17,35.725677830940754,0.1,10.37
1994-02-18,35.43368911789941,0.11,10.58
1994-02-21,35.74776101091868,0.11,10.83
1994-02-22,35.59072506440904,0.11,10.42
1994-02-23,35.6766040976565,0.11,9.91
1994-02-24,35.13679303152965,0.12,10.83
1994-02-25,35.053367684946416,0.12,10.84
1994-02-28,35.00184026499794,0.11,10.47
1994-03-01,35.30855109802456,0.11,10.85
1994-03-02,35.13679303152965,0.11,10.89
1994-03-03,35.28401423138243,0.1,10.79
1994-03-04,35.33554165133091,0.11,10.8
1994-03-07,35.333087964666696,0.11,10.8
1994-03-08,35.286467918046654,0.11,10.75
1994-03-09,35.07545086492434,0.11,10.71
1994-03-10,34.79327689853985,0.11,10.64
1994-03-11,34.89387805177258,0.11,10.4
1994-03-14,35.25947736474031,0.11,10.83
1994-03-15,35.40669856459309,0.11,10.91
1994-03-16,35.139246718193874,0.11,11.12
1994-03-17,35.271745798061374,0.11,10.36
1994-03-18,35.372346951294105,0.11,10.41
1994-03-21,35.15151515151494,0.11,10.2
1994-03-22,35.02883081830429,0.11,10.22
1994-03-23,35.02637713164008,0.11,10.19
1994-03-24,34.75892528524086,0.11,10.35
1994-03-25,34.783462151883,0.11,9.33
1994-03-28,34.89387805177258,0.1,9.41
1994-03-29,34.96748865169897,0.1,9.44
1994-03-30,34.82026745184619,0.1,9.48
1994-03-31,34.68286099865027,0.1,9.26
1994-04-01,35.04109925162536,0.1,9.4
1994-04-04,34.96748865169898,0.1,9.35
1994-04-05,35.53183658446796,0.12,10.56
1994-04-06,35.54410501778902,0.12,9.47
1994-04-07,35.492577597840544,0.12,9.44
1994-04-08,35.492577597840544,0.12,9.43
1994-04-11,35.36007851797305,0.11,9.15
1994-04-12,35.45822598454156,0.11,9.05
1994-04-13,35.323273218009845,0.11,9.05
1994-04-14,35.50729971782582,0.12,9.18
1994-04-15,35.683965157649155,0.11,9.29
1994-04-18,35.52938289780374,0.11,9.38
1994-04-19,35.40915225125731,0.11,9.25
1994-04-20,35.17359833149287,0.11,9.14
1994-04-21,35.21285731812028,0.11,9.11
1994-04-22,35.17359833149287,0.11,8.56
1994-04-25,35.198135198135006,0.11,8.46
1994-04-26,35.09017298490963,0.11,8.2
1994-04-27,34.98221077168426,0.11,8.16
1994-04-28,34.66077781867236,0.11,8.53
1994-04-29,34.43749233222898,0.11,8.54
1994-05-02,34.41540915225107,0.11,8.49
1994-05-03,34.280456385719354,0.11,8.55
1994-05-04,34.52582505214066,0.11,8.59
1994-05-05,34.74420316525561,0.11,8.8
1994-05-06,34.67304625199344,0.11,8.77
1994-05-09,34.62397251870918,0.11,8.74
1994-05-10,35.151515151514964,0.11,9.8
1994-05-11,34.96748865169899,0.12,9.86
1994-05-12,34.933137038400005,0.11,9.36
1994-05-13,34.96748865169899,0.11,9.35
1994-05-16,35.01410869831904,0.12,7.94
1994-05-17,34.90369279842946,0.11,7.97
1994-05-18,34.57244509876071,0.11,8.41
1994-05-19,34.68286099865029,0.11,8.49
1994-05-20,34.49883449883432,0.11,8.56
1994-05-23,34.46202919887112,0.12,8.48
1994-05-24,34.70739786529242,0.12,8.77
1994-05-25,34.44976076555006,0.11,8.81
1994-05-26,34.51110293215539,0.11,8.66
1994-05-27,34.4006870322658,0.11,8.63
1994-05-30,34.50619555882696,0.11,8.68
1994-05-31,34.41295546558687,0.12,8.52
1994-06-01,34.4006870322658,0.12,8.5
1994-06-02,34.44976076555006,0.12,8.53
1994-06-03,34.81781376518201,0.12,9.17
1994-06-06,34.78100846521882,0.12,9.14
1994-06-07,34.658324132008175,0.12,9.15
1994-06-08,34.70003680529979,0.12,8.73
1994-06-09,34.62151883204498,0.12,8.53
1994-06-10,34.49883449883433,0.12,8.6
1994-06-13,34.020365599312804,0.12,9.51
1994-06-14,34.032634032633865,0.12,9.23
1994-06-15,33.664581033001916,0.12,9.49
1994-06-16,33.664581033001916,0.12,9.49
1994-06-17,33.2646301067352,0.13,10.04
1994-06-20,33.112501533553996,0.13,8.67
1994-06-21,32.977548767022284,0.13,8.64
1994-06-22,33.137038400196126,0.13,8.88
1994-06-23,33.14930683351719,0.13,8.86
1994-06-24,32.597227334069274,0.15,9.86
1994-06-27,32.614403140718764,0.15,9.9
1994-06-28,32.597227334069274,0.15,9.66
1994-06-29,32.737087473929414,0.15,9.72
1994-06-30,32.71991166727992,0.15,9.67
1994-07-01,32.89166973377483,0.16,9.9
1994-07-04,32.88676236044641,0.16,9.54
1994-07-05,32.54815360078502,0.16,9.73
1994-07-06,32.57759784075558,0.16,9.7
1994-07-07,32.47454300085863,0.15,9.7
1994-07-08,32.32732180100585,0.15,9.6
1994-07-11,31.628021101705155,0.15,11.26
1994-07-12,31.72616856827367,0.15,11.38
1994-07-13,31.910195068089642,0.15,11.6
1994-07-14,32.18010060115307,0.15,11.38
1994-07-15,32.10158262789825,0.15,11.37
1994-07-18,32.05005520794978,0.14,11.38
1994-07-19,32.609495767390335,0.14,12.82
1994-07-20,32.400932400932234,0.14,12.88
1994-07-21,33.0388909336276,0.14,14.43
1994-07-22,33.28916697337733,0.14,14.14
1994-07-25,33.09287204024029,0.15,14.21
1994-07-26,33.014354066985476,0.15,13.89
1994-07-27,32.744448533922046,0.15,14.07
1994-07-28,33.137038400196126,0.16,14.15
1994-07-29,32.87940130045376,0.14,14.28
1994-08-01,32.683106367316725,0.14,14.34
1994-08-02,32.80824438719158,0.14,14.31
1994-08-03,32.668384247331446,0.14,14.35
1994-08-04,32.89412342043904,0.14,13.59
1994-08-05,32.72236535394412,0.14,13.69
1994-08-08,32.76898540056416,0.14,13.69
1994-08-09,32.73463378726519,0.14,13.64
1994-08-10,32.78125383388524,0.14,13.64
1994-08-11,32.241442767758386,0.15,14.42
1994-08-12,31.951907741381252,0.14,14.63
1994-08-15,31.971537234694956,0.14,14.35
1994-08-16,32.216905901116256,0.14,14.55
1994-08-17,31.971537234694956,0.14,14.69
1994-08-18,31.807140228192694,0.14,14.71
1994-08-19,31.78751073487899,0.14,13.14
1994-08-22,31.61575266838408,0.12,13.21
1994-08-23,31.689363268310466,0.12,13.11
1994-08-24,31.971537234694953,0.13,13.14
1994-08-25,31.959268801373884,0.13,13.12
1994-08-26,32.72236535394411,0.14,14.91
1994-08-29,32.69537480063778,0.14,14.0
1994-08-30,32.62176420071138,0.14,13.87
1994-08-31,32.68310636731672,0.14,12.54
1994-09-01,32.4524598208807,0.14,12.45
1994-09-02,32.02551834130764,0.15,12.91
1994-09-05,32.07949944792033,0.15,12.93
1994-09-06,31.750705434915794,0.14,13.05
1994-09-07,31.809593914856904,0.14,12.46
1994-09-08,31.95436142804547,0.14,12.42
1994-09-09,31.424365108575465,0.15,13.21
1994-09-12,31.576493681756666,0.12,13.25
1994-09-13,31.54214206845769,0.12,13.22
1994-09-14,31.4317261685681,0.12,12.99
1994-09-15,31.55441050177875,0.12,13.04
1994-09-16,31.44399460188917,0.13,13.03
1994-09-19,31.529873635136617,0.12,13.09
1994-09-20,31.529873635136617,0.12,13.07
1994-09-21,31.480799901852357,0.12,12.18
1994-09-22,31.529873635136614,0.12,11.93
1994-09-23,31.566678935099805,0.12,11.94
1994-09-26,31.578947368420874,0.13,11.67
1994-09-27,31.338486075328003,0.13,11.67
1994-09-28,31.615752668384072,0.13,11.92
1994-09-29,31.542142068457686,0.12,11.94
1994-09-30,31.591215801741946,0.12,11.84
1994-10-03,31.718807508281017,0.12,11.89
1994-10-04,31.517605201815552,0.12,11.71
1994-10-05,31.39492086860491,0.12,11.75
1994-10-06,31.40718930192597,0.12,9.06
1994-10-07,31.40718930192597,0.13,9.07
1994-10-10,31.47834621518814,0.12,9.13
1994-10-11,31.615752668384072,0.13,9.23
1994-10-12,31.51269782848713,0.13,9.08
1994-10-13,31.23543123543106,0.12,8.61
1994-10-14,31.026867868972957,0.12,8.74
1994-10-17,30.585204269414625,0.12,9.21
1994-10-18,30.626916942706245,0.12,9.19
1994-10-19,30.560667402772495,0.11,9.01
1994-10-20,30.388909336277585,0.12,7.81
1994-10-21,30.634278002698878,0.11,8.09
1994-10-24,30.4870568028461,0.12,8.17
1994-10-25,30.65881486934101,0.11,8.38
1994-10-26,30.496871549502952,0.11,8.35
1994-10-27,30.764323395902167,0.12,8.82
1994-10-28,30.904183535762307,0.12,8.91
1994-10-31,30.830572935835914,0.11,8.92
1994-11-01,30.54839896945143,0.11,9.27
1994-11-02,30.99006256900976,0.11,10.33
1994-11-03,31.125015335541473,0.11,10.42
1994-11-04,31.075941602257213,0.11,10.43
1994-11-07,31.137283768862538,0.11,10.21
1994-11-08,30.965525702367636,0.11,9.94
1994-11-09,31.468531468531292,0.11,11.12
1994-11-10,31.48570727518078,0.11,11.11
1994-11-11,31.48325358851657,0.11,11.04
1994-11-14,31.762973868236845,0.12,11.19
1994-11-15,32.1310268678688,0.12,11.61
1994-11-16,32.00834253465815,0.12,11.69
1994-11-17,32.032879401300285,0.12,11.69
1994-11-18,32.35921972764061,0.12,12.02
1994-11-21,32.364127100969036,0.11,11.97
1994-11-22,32.317507054348994,0.11,11.93
1994-11-23,32.36412710096904,0.11,11.54
1994-11-24,32.474543000858624,0.11,11.29
1994-11-25,32.40093240093224,0.11,10.24
1994-11-28,32.55306097411344,0.11,10.27
1994-11-29,32.53588516746396,0.11,10.22
1994-11-30,32.54815360078502,0.11,9.95
1994-12-01,32.60949576739034,0.11,9.79
1994-12-02,32.71255060728729,0.11,9.55
1994-12-05,32.52361673414289,0.12,9.81
1994-12-06,32.52361673414289,0.12,9.57
1994-12-07,32.49907986750076,0.12,9.39
1994-12-08,32.83032756716951,0.11,9.68
1994-12-09,32.80579070052738,0.11,9.62
1994-12-12,32.71255060728729,0.11,9.1
1994-12-13,32.60949576739034,0.11,8.44
1994-12-14,32.55551466077766,0.1,8.46
1994-12-15,32.56042203410609,0.1,8.42
1994-12-16,32.69046742730938,0.1,8.45
1994-12-19,32.67083793399567,0.1,8.18
1994-12-20,32.58495890074823,0.1,6.99
1994-12-21,32.75180959391471,0.1,7.08
1994-12-22,32.67083793399568,0.1,7.16
1994-12-23,32.70518954729466,0.1,6.76
1994-12-26,32.732180100601006,0.1,5.93
1994-12-27,32.62176420071142,0.1,5.9
1994-12-28,31.996074101337115,0.1,8.41
1994-12-29,32.229174334437346,0.1,8.12
1994-12-30,32.108943687890914,0.1,8.2
1995-01-02,32.278248067721606,0.1,8.35
1995-01-03,32.253711201079476,0.1,8.34
1995-01-04,32.1064900012267,0.1,8.37
1995-01-05,31.910195068089664,0.1,8.53
1995-01-06,32.18010060115309,0.1,8.81
1995-01-09,31.505336768494523,0.11,10.79
1995-01-10,31.463624095202903,0.11,10.78
1995-01-11,31.603484235063046,0.11,10.87
1995-01-12,31.4439946018892,0.11,10.85
1995-01-13,31.628021101705173,0.11,10.97
1995-01-16,31.49306833517346,0.11,11.01
1995-01-17,31.56667893509985,0.11,11.06
1995-01-18,31.677094834989433,0.11,10.61
1995-01-19,31.223162802110032,0.12,11.32
1995-01-20,31.193718562139484,0.12,11.31
1995-01-23,31.174089068825772,0.12,11.31
1995-01-24,31.186357502146834,0.12,11.32
1995-01-25,31.32131026867855,0.12,11.44
1995-01-26,31.32131026867855,0.12,11.33
1995-01-27,31.2746902220585,0.13,11.33
1995-01-30,31.095571095570957,0.12,11.4
1995-01-31,31.542142068457718,0.12,12.2
1995-02-01,31.505336768494523,0.12,12.19
1995-02-02,31.529873635136653,0.12,12.19
1995-02-03,31.664826401668368,0.12,12.29
1995-02-06,31.750705434915822,0.12,12.32
1995-02-07,31.95926880137392,0.12,11.1
1995-02-08,31.78751073487901,0.12,10.98
1995-02-09,31.721261194945257,0.12,10.94
1995-02-10,31.45626303521026,0.12,11.05
1995-02-13,31.542142068457714,0.11,11.1
1995-02-14,31.259968102073216,0.11,11.32
1995-02-15,31.296773402036415,0.11,11.22
1995-02-16,30.92872040240447,0.11,11.33
1995-02-17,30.707888602625307,0.11,9.71
1995-02-20,30.622009569377852,0.11,9.73
1995-02-21,30.49932523616721,0.12,9.63
1995-02-22,30.614648509385212,0.12,9.66
1995-02-23,30.560667402772523,0.12,9.43
1995-02-24,30.548398969451462,0.12,9.39
1995-02-27,30.53613053613039,0.12,9.33
1995-02-28,30.364372469635487,0.12,9.31
1995-03-01,30.401177769598682,0.12,8.42
1995-03-02,30.008587903324607,0.13,9.17
1995-03-03,29.48104527051882,0.12,10.39
1995-03-06,28.80628143786025,0.13,12.15
1995-03-07,27.984296405348907,0.14,14.26
1995-03-08,28.573181204760022,0.14,16.04
1995-03-09,28.76947613789706,0.15,16.31
1995-03-10,28.941234204391964,0.15,16.49
1995-03-13,28.80628143786025,0.15,15.66
1995-03-14,28.862716231137142,0.15,15.73
1995-03-15,28.249294565083904,0.15,16.61
1995-03-16,28.585449638081084,0.16,17.1
1995-03-17,28.24193350509127,0.16,17.17
1995-03-20,28.622254938044282,0.17,17.68
1995-03-21,28.80628143786025,0.17,17.93
1995-03-22,28.56827383143159,0.17,17.99
1995-03-23,28.475033738191502,0.17,17.93
1995-03-24,28.80628143786025,0.18,18.4
1995-03-27,28.45049687154937,0.17,18.53
1995-03-28,28.131517605201683,0.17,18.63
1995-03-29,28.033370138633163,0.17,18.45
1995-03-30,28.659060238007466,0.18,19.92
1995-03-31,27.689854005643344,0.18,22.11
1995-04-03,27.55490123911163,0.19,22.11
1995-04-04,27.76346460556973,0.2,22.25
1995-04-05,27.567169672432694,0.2,22.27
1995-04-06,27.65304870568015,0.2,22.35
1995-04-07,27.72665930560654,0.2,22.4
1995-04-10,28.46276530487043,0.2,24.06
1995-04-11,28.32781253833872,0.2,24.05
1995-04-12,28.32781253833872,0.2,23.84
1995-04-13,28.131517605201683,0.2,23.39
1995-04-14,28.254201938412333,0.2,22.47
1995-04-17,27.640780272359095,0.2,21.74
1995-04-18,27.370874739295665,0.2,20.87
1995-04-19,27.800269905532936,0.2,21.35
1995-04-20,28.0579070052753,0.21,21.48
1995-04-21,27.71439087228548,0.2,21.72
1995-04-24,27.984296405348914,0.2,21.95
1995-04-25,27.692307692307566,0.2,21.23
1995-04-26,27.763464605569737,0.2,20.91
1995-04-27,27.89350999877303,0.2,20.68
1995-04-28,28.07017543859636,0.2,20.35
1995-05-01,28.119249171880618,0.2,20.25
1995-05-02,27.866519445466682,0.2,20.27
1995-05-03,27.85425101214562,0.2,20.26
1995-05-04,27.79045515887609,0.2,19.9
1995-05-05,27.812538338854004,0.19,19.6
1995-05-08,27.67267819899386,0.19,19.38
1995-05-09,27.95485216537836,0.19,19.61
1995-05-10,28.241933505091275,0.19,18.67
1995-05-11,29.34609250398711,0.2,19.11
1995-05-12,29.61845172371475,0.2,19.1
1995-05-15,29.414795730585077,0.2,19.24
1995-05-16,29.640534903692668,0.2,19.1
1995-05-17,29.598822230401044,0.2,19.13
1995-05-18,29.476137897190398,0.2,19.23
1995-05-19,29.566924303766278,0.2,17.73
1995-05-22,29.45650840387669,0.2,17.7
1995-05-23,29.525211630474658,0.2,17.69
1995-05-24,29.4197031039135,0.2,17.57
1995-05-25,28.367071524966132,0.22,20.9
1995-05-26,27.871426818795115,0.23,20.51
1995-05-29,27.984296405348914,0.23,20.29
1995-05-30,28.165869218500667,0.23,19.86
1995-05-31,28.639430744693765,0.24,20.28
1995-06-01,28.479941111519924,0.24,19.98
1995-06-02,28.492209544840986,0.24,19.79
1995-06-05,28.44804318488515,0.24,19.51
1995-06-06,28.551098024782096,0.24,19.52
1995-06-07,28.63943074469376,0.24,19.5
1995-06-08,28.462765304870423,0.24,19.53
1995-06-09,28.504477978162047,0.24,19.53
1995-06-12,28.340080971659777,0.24,19.41
1995-06-13,28.536375904796817,0.24,19.5
1995-06-14,28.33026622500293,0.24,19.63
1995-06-15,28.57563489142423,0.24,19.77
1995-06-16,28.492209544840986,0.24,19.72
1995-06-19,28.440682124892515,0.25,19.53
1995-06-20,28.29836829836816,0.25,19.37
1995-06-21,28.06772175193214,0.25,15.44
1995-06-22,28.40633051159353,0.25,15.64
1995-06-23,28.153600785179595,0.25,15.72
1995-06-26,28.210035578456488,0.26,15.5
1995-06-27,28.138878665194312,0.26,15.5
1995-06-28,28.4603116182062,0.26,15.97
1995-06-29,28.136424978530094,0.26,16.2
1995-06-30,28.16832290516486,0.26,16.2
1995-07-03,28.09716599190269,0.26,16.16
1995-07-04,28.178137651821718,0.26,16.21
1995-07-05,28.06772175193213,0.26,12.1
1995-07-06,28.077536498588984,0.26,10.85
1995-07-07,28.41614525825037,0.26,11.36
1995-07-10,28.40878419825773,0.27,11.21
1995-07-11,28.74493927125491,0.26,10.63
1995-07-12,28.6296159980369,0.26,10.56
1995-07-13,28.40878419825773,0.26,10.82
1995-07-14,28.543736964789446,0.26,10.91
1995-07-17,28.688504477978015,0.26,10.96
1995-07-18,28.49220954484098,0.26,11.12
1995-07-19,28.146239725186952,0.27,11.56
1995-07-20,28.264016685069173,0.27,11.62
1995-07-21,28.310636731689215,0.27,11.51
1995-07-24,28.271377745061805,0.27,11.31
1995-07-25,28.470126364863056,0.27,11.31
1995-07-26,28.281192491718656,0.27,11.17
1995-07-27,28.200220831799623,0.27,11.17
1995-07-28,28.1953134584712,0.27,11.16
1995-07-31,28.27873880505444,0.27,11.1
1995-08-01,27.930315298736204,0.27,11.46
1995-08-02,28.438228438228286,0.27,12.17
1995-08-03,28.165869218500646,0.27,12.22
1995-08-04,28.2885535517113,0.27,12.28
1995-08-07,28.592810698073706,0.27,12.65
1995-08-08,28.646791804686387,0.27,12.2
1995-08-09,28.553551711446296,0.27,11.71
1995-08-10,28.88234572445083,0.27,12.16
1995-08-11,29.385351490614486,0.26,13.06
1995-08-14,29.319101950680736,0.26,13.1
1995-08-15,30.300576616365927,0.25,16.04
1995-08-16,30.26377131640273,0.25,16.07
1995-08-17,30.011041589988796,0.25,16.12
1995-08-18,30.025763709974072,0.25,16.11
1995-08-21,30.128818549871024,0.25,15.83
1995-08-22,30.26622500306695,0.25,15.75
1995-08-23,30.104281683228894,0.26,15.63
1995-08-24,29.92516255674135,0.26,15.79
1995-08-25,29.67243283032741,0.26,16.03
1995-08-28,29.67243283032741,0.26,15.84
1995-08-29,29.873635136792874,0.26,15.34
1995-08-30,29.74113605692537,0.26,15.44
1995-08-31,29.527665317138847,0.26,15.68
1995-09-01,29.368175683965003,0.25,15.79
1995-09-04,29.463869463869308,0.25,15.7
1995-09-05,29.461415777205097,0.25,15.52
1995-09-06,29.768126610231715,0.25,15.69
1995-09-07,29.86872776346444,0.25,15.68
1995-09-08,29.8049319101949,0.25,15.73
1995-09-11,29.714145503619022,0.25,15.18
1995-09-12,29.549748497116745,0.25,14.52
1995-09-13,29.888357256778136,0.25,14.41
1995-09-14,29.75095080358221,0.25,14.52
1995-09-15,29.6159980370505,0.25,14.37
1995-09-18,29.552202183780956,0.26,14.4
1995-09-19,29.53748006379568,0.26,14.35
1995-09-20,28.769476137897026,0.25,16.18
1995-09-21,27.99901852533415,0.27,17.18
1995-09-22,28.133971291865866,0.27,17.29
1995-09-25,28.38424733161559,0.27,14.04
1995-09-26,28.516746411483084,0.27,14.19
1995-09-27,28.291007238375492,0.27,14.17
1995-09-28,28.035823825297346,0.27,14.3
1995-09-29,28.322905165010265,0.27,14.7
1995-10-02,28.22475769844175,0.27,14.55
1995-10-03,28.46767267819883,0.27,14.88
1995-10-04,28.28364617838286,0.27,14.9
1995-10-05,27.96466691203517,0.27,15.04
1995-10-06,28.06281437860369,0.27,15.12
1995-10-09,28.033370138633135,0.27,14.88
1995-10-10,28.18795239847855,0.27,15.04
1995-10-11,28.403876824929284,0.27,15.2
1995-10-12,28.19040608514276,0.27,15.27
1995-10-13,28.342534658323963,0.27,15.34
1995-10-16,28.337627284995538,0.26,15.34
1995-10-17,28.156054471843778,0.26,14.97
1995-10-18,28.37197889829452,0.26,15.17
1995-10-19,28.175683965157482,0.26,15.24
1995-10-20,27.991657465341508,0.26,15.3
1995-10-23,27.702122438964377,0.26,15.48
1995-10-24,27.87388050545928,0.26,15.12
1995-10-25,27.790455158876043,0.26,15.11
1995-10-26,27.75610354557706,0.26,15.1
1995-10-27,27.94013004539303,0.26,15.33
1995-10-30,27.89841737210141,0.27,15.32
1995-10-31,27.88124156545192,0.27,13.33
1995-11-01,27.972027972027792,0.27,10.65
1995-11-02,28.116795485216358,0.27,10.66
1995-11-03,27.95239847871409,0.26,10.43
1995-11-06,27.922954238743536,0.27,10.31
1995-11-07,27.94503741872146,0.27,10.07
1995-11-08,28.131517605201644,0.27,9.92
1995-11-09,27.886148938780348,0.27,9.75
1995-11-10,27.94749110538567,0.27,9.74
1995-11-13,28.077536498588962,0.27,9.47
1995-11-14,27.986750092013086,0.27,9.33
1995-11-15,27.954852165378313,0.27,8.69
1995-11-16,27.922954238743543,0.27,8.63
1995-11-17,27.932768985400397,0.27,8.63
1995-11-20,27.891056312108773,0.27,8.46
1995-11-21,27.90087105876563,0.27,8.09
1995-11-22,27.90332474542985,0.27,7.8
1995-11-23,27.93031529873619,0.27,7.61
1995-11-24,28.087351245245817,0.27,7.83
1995-11-27,28.443135811556697,0.27,8.49
1995-11-28,28.396515764936648,0.27,8.2
1995-11-29,28.62716231137267,0.27,8.25
1995-11-30,28.85780885780868,0.27,8.24
1995-12-01,28.867623604465535,0.27,7.44
1995-12-04,28.649245491350577,0.27,7.76
1995-12-05,28.597718071402106,0.27,7.71
1995-12-06,28.72040240461276,0.27,7.74
1995-12-07,28.698319224634837,0.27,7.57
1995-12-08,28.66887498466429,0.26,7.56
1995-12-11,28.69341185130641,0.26,7.54
1995-12-12,28.830818304502344,0.26,7.6
1995-12-13,28.83327199116656,0.26,7.5
1995-12-14,28.51674641148308,0.26,8.07
1995-12-15,28.546190651453635,0.27,8.05
1995-12-18,28.131517605201644,0.28,9.27
1995-12-19,28.418598944914553,0.28,9.55
1995-12-20,28.332719911667105,0.28,9.19
1995-12-21,28.4087841982577,0.28,9.2
1995-12-22,28.45049687154932,0.28,9.12
1995-12-25,28.43822843822825,0.28,9.05
1995-12-26,28.29100723837547,0.28,9.21
1995-12-27,28.34744203165237,0.28,9.2
1995-12-28,28.34008097165973,0.28,9.21
1995-12-29,28.322905165010244,0.28,9.19
1996-01-01,28.381793644951355,0.28,9.2
1996-01-02,28.438228438228247,0.29,9.21
1996-01-03,28.595264384737874,0.29,9.33
1996-01-04,28.5069316648262,0.29,9.27
1996-01-05,28.50447797816199,0.29,8.48
1996-01-08,28.51674641148306,0.29,8.47
1996-01-09,28.465218991534584,0.29,8.12
1996-01-10,28.49711691816935,0.28,7.72
1996-01-11,28.526561158139906,0.29,7.73
1996-01-12,28.536375904796756,0.28,7.4
1996-01-15,28.63697705802949,0.29,7.46
1996-01-16,29.063918537602547,0.29,8.6
1996-01-17,29.17678812415634,0.29,8.65
1996-01-18,29.1890565574774,0.29,8.64
1996-01-19,29.274935590724855,0.29,8.66
1996-01-22,29.100723837565727,0.28,8.79
1996-01-23,29.147343884185776,0.28,8.8
1996-01-24,29.213593424119527,0.28,8.07
1996-01-25,29.434425223898693,0.28,8.31
1996-01-26,29.721506563611612,0.28,7.16
1996-01-29,29.554655870445124,0.29,7.03
1996-01-30,29.85645933014332,0.29,7.37
1996-01-31,29.719052876947394,0.29,7.61
1996-02-01,29.775487670224287,0.29,7.61
1996-02-02,29.782848730216926,0.29,7.59
1996-02-05,29.35590725064387,0.31,8.77
1996-02-06,29.382897803950215,0.31,8.77
1996-02-07,29.61599803705045,0.32,8.98
1996-02-08,29.579192737087258,0.31,9.0
1996-02-09,29.628266470371518,0.32,9.0
1996-02-12,29.581646423751472,0.32,9.04
1996-02-13,29.52030425714615,0.32,9.0
1996-02-14,29.321555637344904,0.32,9.22
1996-02-15,29.370629370629164,0.32,9.22
1996-02-16,29.032020610967773,0.32,9.97
1996-02-19,28.884799411114997,0.32,10.09
1996-02-20,28.960863697705598,0.32,10.11
1996-02-21,29.05410379094569,0.32,10.14
1996-02-22,28.93878051772768,0.31,10.23
1996-02-23,28.862716231137075,0.31,10.23
1996-02-26,28.95350263771296,0.3,9.24
1996-02-27,28.99766899766879,0.3,9.17
1996-02-28,29.377990430621804,0.29,9.99
1996-02-29,29.481045270518745,0.29,10.01
1996-03-01,29.530119003803,0.3,9.83
1996-03-04,29.493313703839807,0.3,9.83
1996-03-05,29.40988835725657,0.3,9.86
1996-03-06,29.530119003803,0.29,9.68
1996-03-07,29.456508403876608,0.29,9.23
1996-03-08,29.48104527051874,0.28,9.09
1996-03-11,29.493313703839803,0.27,8.52
1996-03-12,29.252852410746932,0.27,8.75
1996-03-13,29.157158630842627,0.27,8.75
1996-03-14,29.147343884185776,0.27,8.75
1996-03-15,29.11789964421523,0.27,7.65
1996-03-18,29.272481904060644,0.27,7.82
1996-03-19,29.17678812415634,0.27,7.46
1996-03-20,29.260213470739576,0.27,7.53
1996-03-21,29.380444117286014,0.27,7.62
1996-03-22,29.267574530732222,0.27,7.69
1996-03-25,29.257759784075365,0.27,7.67
1996-03-26,29.29701877070277,0.27,7.42
1996-03-27,29.422156790577635,0.27,7.51
1996-03-28,29.213593424119537,0.27,6.97
1996-03-29,29.19151024414162,0.27,6.78
1996-04-01,29.30928720402384,0.28,6.84
1996-04-02,29.346092503987038,0.28,6.79
1996-04-03,29.36081462397232,0.28,6.65
1996-04-04,29.284750337381716,0.28,6.65
1996-04-05,29.3583609373081,0.28,6.63
1996-04-08,29.328916697337544,0.27,6.64
1996-04-09,29.723960250275834,0.26,6.7
1996-04-10,29.829468776836986,0.26,6.7
1996-04-11,29.984051036682402,0.26,6.84
1996-04-12,30.150901729848883,0.26,6.98
1996-04-15,30.273586063059533,0.26,6.96
1996-04-16,30.138633296527818,0.26,7.07
1996-04-17,30.116550116549902,0.26,7.02
1996-04-18,29.922708870077074,0.26,7.35
1996-04-19,30.13127223653517,0.26,7.59
1996-04-22,30.170531223162584,0.26,7.07
1996-04-23,30.280947123052165,0.26,6.98
1996-04-24,30.192614403140496,0.26,7.08
1996-04-25,30.37418721629226,0.26,7.18
1996-04-26,30.31039136302272,0.26,7.16
1996-04-29,30.40853882959124,0.26,7.05
1996-04-30,30.53613053613031,0.26,7.08
1996-05-01,30.683351735983088,0.26,7.11
1996-05-02,30.572935836093507,0.26,7.09
1996-05-03,30.47478836952499,0.26,7.21
1996-05-06,30.541037909458733,0.26,7.22
1996-05-07,30.54594528278716,0.26,7.17
1996-05-08,30.273586063059522,0.26,7.39
1996-05-09,30.410992516255448,0.26,7.43
1996-05-10,30.64163906269146,0.25,7.62
1996-05-13,30.65390749601253,0.25,7.62
1996-05-14,30.688259109311506,0.25,7.62
1996-05-15,30.75205496258104,0.25,7.51
1996-05-16,30.79376763587266,0.25,7.51
1996-05-17,30.953257269046503,0.26,7.53
1996-05-20,30.9728867623602,0.26,6.64
1996-05-21,31.129922708869834,0.26,6.7
1996-05-22,31.125015335541406,0.26,6.61
1996-05-23,31.04158998895816,0.26,6.58
1996-05-24,31.075941602257146,0.26,6.51
1996-05-27,31.04649736228659,0.26,6.32
1996-05-28,31.22070911544571,0.25,6.44
1996-05-29,30.91154459575488,0.26,6.9
1996-05-30,30.916451969083308,0.26,6.66
1996-05-31,30.636731689363028,0.26,7.3
1996-06-03,30.747147589252616,0.26,7.3
1996-06-04,30.882100355784324,0.26,7.3
1996-06-05,30.855109802477987,0.26,7.14
1996-06-06,30.852656115813776,0.26,7.09
1996-06-07,31.164274322168815,0.26,7.6
1996-06-10,31.085756348914,0.26,7.59
1996-06-11,31.03177524230132,0.26,7.51
1996-06-12,30.98270150901706,0.26,7.43
1996-06-13,30.761869709237892,0.26,7.7
1996-06-14,30.823211875843214,0.26,7.7
1996-06-17,30.7250644092747,0.26,7.77
1996-06-18,30.580296896086136,0.26,7.4
1996-06-19,30.75941602257368,0.26,7.48
1996-06-20,30.8183045025148,0.26,7.16
1996-06-21,31.10047846889929,0.26,7.64
1996-06-24,30.94344252238966,0.25,7.82
1996-06-25,30.92381302907595,0.25,7.8
1996-06-26,30.855109802477994,0.25,7.83
1996-06-27,30.5925653294072,0.25,8.07
1996-06-28,30.7814992025516,0.25,8.3
1996-07-01,30.683351735983084,0.25,8.18
1996-07-02,30.69071279597572,0.25,8.19
1996-07-03,30.727518095938915,0.25,8.17
1996-07-04,30.78395288921581,0.25,8.19
1996-07-05,30.967979389031786,0.24,8.4
1996-07-08,30.972886762360215,0.24,8.21
1996-07-09,31.017053122316046,0.24,7.65
1996-07-10,31.00478468899498,0.24,7.66
1996-07-11,30.845295055821136,0.24,7.3
1996-07-12,30.916451969083308,0.24,7.26
1996-07-15,30.671083302662012,0.24,7.53
1996-07-16,29.91289412342021,0.24,10.58
1996-07-17,29.73132131026845,0.24,10.68
1996-07-18,29.925162556741274,0.24,10.38
1996-07-19,29.814746656851693,0.24,10.39
1996-07-22,29.615998037050446,0.24,10.51
1996-07-23,29.765672923567436,0.24,10.7
1996-07-24,29.81229297018748,0.24,10.58
1996-07-25,29.596368543736734,0.23,10.69
1996-07-26,29.674886516991556,0.23,10.75
1996-07-29,29.603729603729377,0.23,10.7
1996-07-30,29.51048951048929,0.23,10.49
1996-07-31,29.390258863942854,0.23,10.47
1996-08-01,29.481045270518734,0.23,10.04
1996-08-02,29.468776837197673,0.23,10.0
1996-08-05,29.483498957182952,0.23,10.01
1996-08-06,29.628266470371518,0.23,10.2
1996-08-07,29.7018770702979,0.23,10.02
1996-08-08,29.699423383633683,0.23,9.77
1996-08-09,29.505582137160857,0.23,9.89
1996-08-12,29.525211630474562,0.23,9.89
1996-08-13,29.434425223898682,0.23,9.87
1996-08-14,29.66752545699891,0.23,10.22
1996-08-15,29.554655870445114,0.23,10.0
1996-08-16,29.64053490369257,0.23,10.08
1996-08-19,29.620905410378867,0.23,10.04
1996-08-20,29.598822230400945,0.23,10.04
1996-08-21,29.441786283891318,0.23,10.04
1996-08-22,29.638081217028358,0.23,10.28
1996-08-23,29.274935590724844,0.23,10.61
1996-08-26,29.277389277389055,0.22,7.74
1996-08-27,29.297018770702753,0.22,7.57
1996-08-28,29.262667157403776,0.22,7.25
1996-08-29,29.304379830695392,0.22,7.22
1996-08-30,29.485952643847153,0.21,7.24
1996-09-02,29.669979143663124,0.21,7.33
1996-09-03,29.67734020365576,0.21,7.31
1996-09-04,29.579192737087247,0.21,7.05
1996-09-05,29.650349650349423,0.21,7.04
1996-09-06,29.912894123420212,0.21,7.47
1996-09-09,29.98159735001818,0.21,7.41
1996-09-10,30.293215556373227,0.21,7.82
1996-09-11,30.31284504968694,0.21,7.8
1996-09-12,30.37173352962805,0.21,7.79
1996-09-13,30.5336768494661,0.21,7.89
1996-09-16,30.445344129554435,0.21,7.9
1996-09-17,30.52631578947346,0.21,7.9
1996-09-18,30.46742730953235,0.21,7.95
1996-09-19,30.499325236167117,0.21,7.61
1996-09-20,30.401177769598597,0.21,7.72
1996-09-23,30.325113483007993,0.21,7.69
1996-09-24,30.07238375659406,0.21,7.88
1996-09-25,30.442890442890214,0.21,8.51
1996-09-26,30.76677708256633,0.21,8.97
1996-09-27,30.80358238252952,0.21,8.95
1996-09-30,30.788860262544237,0.21,8.94
1996-10-01,30.80848975585794,0.21,8.7
1996-10-02,30.862470862470627,0.21,8.56
1996-10-03,30.78395288921581,0.21,7.55
1996-10-04,30.81830450251479,0.21,7.53
1996-10-07,30.79622132253687,0.21,7.56
1996-10-08,30.788860262544226,0.21,7.53
1996-10-09,30.739786529259966,0.21,7.6
1996-10-10,30.64409274935566,0.21,7.6
1996-10-11,30.77168445589474,0.21,7.5
1996-10-14,30.737332842595755,0.21,7.52
1996-10-15,31.122561648877188,0.21,8.1
1996-10-16,31.11029321555613,0.21,8.13
1996-10-17,31.13237639553404,0.21,7.82
1996-10-18,31.142191142190896,0.21,7.82
1996-10-21,30.985155195681262,0.21,7.52
1996-10-22,30.783952889215804,0.21,7.83
1996-10-23,30.786406575880022,0.21,7.82
1996-10-24,30.801128695865305,0.21,7.68
1996-10-25,30.911544595754886,0.21,7.67
1996-10-28,30.94834989571808,0.21,7.65
1996-10-29,30.820758189179003,0.21,7.74
1996-10-30,30.77413814255896,0.21,7.76
1996-10-31,31.129922708869838,0.21,8.36
1996-11-01,31.080848975585578,0.2,8.33
1996-11-04,31.09311740890665,0.21,7.83
1996-11-05,31.37283768862692,0.21,7.45
1996-11-06,31.284504968715254,0.21,6.92
1996-11-07,31.27223653539419,0.21,6.92
1996-11-08,31.02686786897289,0.21,7.36
1996-11-11,30.781499202551593,0.21,7.76
1996-11-12,31.120107962212984,0.21,8.41
1996-11-13,31.20353330879622,0.21,8.4
1996-11-14,31.316402895350016,0.21,8.45
1996-11-15,31.380198748619552,0.21,8.45
1996-11-18,31.02686786897289,0.21,9.18
1996-11-19,31.196172248803588,0.22,9.29
1996-11-20,31.066126855600302,0.21,9.33
1996-11-21,31.078395288921367,0.21,9.26
1996-11-22,31.186357502146738,0.22,9.29
1996-11-25,31.618206355048223,0.23,9.46
1996-11-26,31.63047478836929,0.23,9.45
1996-11-27,31.67709483498934,0.22,9.45
1996-11-28,31.787510734878925,0.22,9.49
1996-11-29,32.02061096797915,0.22,9.52
1996-12-02,32.415654520917435,0.23,9.77
1996-12-03,32.386210280946884,0.22,9.79
1996-12-04,32.44755244755221,0.22,9.79
1996-12-05,32.20954484112355,0.22,10.14
1996-12-06,32.31014599435629,0.22,10.16
1996-12-09,32.58986627407657,0.23,10.22
1996-12-10,32.55306097411337,0.24,10.21
1996-12-11,32.12611949454032,0.24,10.73
1996-12-12,32.15556373451088,0.24,10.69
1996-12-13,32.50644092749333,0.24,11.07
1996-12-16,32.36658078763319,0.24,10.96
1996-12-17,32.521163047478616,0.24,10.95
1996-12-18,32.599681020733435,0.24,10.94
1996-12-19,32.842596000490516,0.24,10.68
1996-12-20,32.732180100600935,0.24,10.37
1996-12-23,32.79597595387047,0.24,10.01
1996-12-24,33.00208563366436,0.24,10.09
1996-12-25,33.0290761869707,0.24,10.08
1996-12-26,32.965280333701166,0.24,10.15
1996-12-27,33.06342780026968,0.24,9.31
1996-12-30,33.087964666911816,0.24,9.27
1996-12-31,32.916206600416906,0.24,9.33
1997-01-01,32.91129922708848,0.24,9.34
1997-01-02,33.08796466691181,0.24,9.39
1997-01-03,33.35787019997523,0.24,8.87
1997-01-06,33.19838056680139,0.24,9.09
1997-01-07,33.22537112010774,0.24,9.09
1997-01-08,33.50509139982801,0.23,9.3
1997-01-09,33.5983314930681,0.23,9.15
1997-01-10,33.75536743957773,0.23,8.6
1997-01-13,33.77499693289144,0.23,8.57
1997-01-14,33.72592319960718,0.23,8.61
1997-01-15,33.61305361305338,0.23,8.32
1997-01-16,33.77990430621986,0.23,8.37
1997-01-17,34.33934486566042,0.24,9.26
1997-01-20,34.756471598576624,0.23,9.71
1997-01-21,34.834989571831436,0.23,8.44
1997-01-22,35.075450864924306,0.23,8.51
1997-01-23,34.660777818672315,0.24,9.25
1997-01-24,34.47429763219213,0.24,9.33
1997-01-27,35.08526561158115,0.23,10.38
1997-01-28,35.00184026499792,0.23,10.49
1997-01-29,35.004293951662135,0.23,10.4
1997-01-30,34.93804441172838,0.23,10.33
1997-01-31,34.903692798429404,0.23,10.38
1997-02-03,34.80309164519667,0.23,10.4
1997-02-04,35.065636118267456,0.23,10.53
1997-02-05,34.94540547172102,0.23,10.6
1997-02-06,35.014108698318985,0.23,10.59
1997-02-07,35.05091399828218,0.23,10.59
1997-02-10,35.014108698318985,0.23,10.4
1997-02-11,35.27419948472556,0.23,10.49
1997-02-12,35.70114096429861,0.23,10.85
1997-02-13,35.69132621764176,0.23,10.75
1997-02-14,35.98331493068309,0.23,10.65
1997-02-17,36.42497853024143,0.23,10.99
1997-02-18,36.09863820390111,0.23,11.45
1997-02-19,36.48141332351833,0.22,11.7
1997-02-20,36.17960986382013,0.23,12.14
1997-02-21,36.11336032388638,0.23,12.2
1997-02-24,35.7379462642618,0.22,12.74
1997-02-25,35.81646423751662,0.22,12.63
1997-02-26,36.31947000368028,0.22,13.1
1997-02-27,36.13053613053588,0.22,12.55
1997-02-28,36.29002576370972,0.22,12.17
1997-03-03,36.285118390381285,0.22,12.18
1997-03-04,36.46914489019726,0.21,12.11
1997-03-05,36.38326585694981,0.21,11.46
1997-03-06,36.334192123665545,0.21,11.29
1997-03-07,36.30965525702342,0.2,10.2
1997-03-10,36.09373083057268,0.19,10.37
1997-03-11,36.12808244387166,0.19,10.37
1997-03-12,35.67169672432805,0.19,11.13
1997-03-13,35.97104649736203,0.18,11.35
1997-03-14,35.73549257759758,0.18,11.52
1997-03-17,35.84836216415138,0.17,11.36
1997-03-18,35.31100478468874,0.18,12.26
1997-03-19,35.41405962458569,0.18,12.28
1997-03-20,35.671696724328044,0.17,12.45
1997-03-21,35.762483130903924,0.17,12.45
1997-03-24,35.79438105753869,0.17,12.28
1997-03-25,35.934241197398826,0.17,11.8
1997-03-26,35.875352717457716,0.17,11.81
1997-03-27,35.568641884431095,0.18,11.83
1997-03-28,35.612808244386926,0.18,11.18
1997-03-31,35.549012391117394,0.17,10.89
1997-04-01,35.39443013127197,0.17,10.39
1997-04-02,35.418966997914104,0.16,10.15
1997-04-03,35.205496258127575,0.17,10.27
1997-04-04,35.394430131271974,0.16,9.99
1997-04-07,36.064286590602116,0.17,11.49
1997-04-08,36.18451723714855,0.17,10.73
1997-04-09,36.32437737700869,0.17,10.68
1997-04-10,36.044657097288415,0.17,10.85
1997-04-11,35.85572322414401,0.17,10.95
1997-04-14,36.096184517236885,0.17,11.04
1997-04-15,35.966139124033596,0.16,11.07
1997-04-16,36.110906637222165,0.16,11.14
1997-04-17,35.924426450741976,0.16,11.24
1997-04-18,35.70850202429124,0.16,11.24
1997-04-21,35.384615384615124,0.16,11.53
1997-04-22,35.907250644092485,0.17,11.8
1997-04-23,35.899889584099846,0.17,11.52
1997-04-24,35.855723224144015,0.17,11.35
1997-04-25,36.037296037295775,0.17,11.42
1997-04-28,36.177156177155915,0.17,10.43
1997-04-29,36.0225739173105,0.16,10.52
1997-04-30,36.155072997178,0.16,10.36
1997-05-01,36.06919396393055,0.16,10.37
1997-05-02,36.11336032388638,0.16,10.37
1997-05-05,36.19923935713384,0.16,10.34
1997-05-06,35.88762115077879,0.16,10.66
1997-05-07,35.79438105753871,0.16,10.36
1997-05-08,35.51956815114685,0.16,10.62
1997-05-09,34.93068335173574,0.16,11.73
1997-05-12,35.3404490246593,0.16,12.22
1997-05-13,35.19322782480652,0.16,12.28
1997-05-14,35.23003312476972,0.16,12.15
1997-05-15,35.04846031161796,0.16,12.13
1997-05-16,34.852165378480926,0.16,10.68
1997-05-19,35.033738191632686,0.16,10.77
1997-05-20,33.98846767267796,0.15,13.74
1997-05-21,34.51846399214797,0.15,14.62
1997-05-22,34.702490491963935,0.15,14.71
1997-05-23,34.442399705557364,0.15,14.62
1997-05-26,34.199484725800275,0.15,14.7
1997-05-27,34.861980125137784,0.13,15.91
1997-05-28,34.616611458716484,0.13,15.96
1997-05-29,34.641148325358614,0.13,15.9
1997-05-30,34.700036805299725,0.13,15.72
1997-06-02,35.13188565820121,0.12,15.53
1997-06-03,35.25456999141186,0.12,15.58
1997-06-04,35.438596491227834,0.12,15.68
1997-06-05,35.46313335786996,0.12,15.59
1997-06-06,35.57354925775954,0.12,15.57
1997-06-09,35.308551098024545,0.12,15.67
1997-06-10,35.364985891301444,0.12,15.63
1997-06-11,35.29137529137505,0.12,15.63
1997-06-12,35.42632805790676,0.12,15.68
1997-06-13,35.40669856459306,0.12,15.65
1997-06-16,35.414059624585704,0.12,15.46
1997-06-17,35.433689117899405,0.12,15.44
1997-06-18,35.487670224512094,0.12,15.28
1997-06-19,35.315912158017184,0.12,14.47
1997-06-20,35.29628266470348,0.12,14.04
1997-06-23,35.09998773156645,0.12,14.09
1997-06-24,35.291375291375054,0.12,14.18
1997-06-25,35.274199484725564,0.12,14.09
1997-06-26,35.22757943810552,0.12,13.98
1997-06-27,35.64470617102173,0.12,14.33
1997-06-30,35.86799165746511,0.12,10.74
1997-07-01,35.98576861734733,0.12,9.89
1997-07-02,36.07655502392321,0.12,9.83
1997-07-03,35.97840755735469,0.12,9.53
1997-07-04,35.97840755735469,0.12,9.16
1997-07-07,35.81891792418085,0.12,7.58
1997-07-08,35.97595387069048,0.12,7.23
1997-07-09,35.80664949085979,0.12,7.45
1997-07-10,35.56128082443849,0.12,7.82
1997-07-11,36.02012023064631,0.12,7.89
1997-07-14,36.17470249049173,0.13,7.91
1997-07-15,36.18451723714858,0.12,7.8
1997-07-16,36.19923935713387,0.12,7.8
1997-07-17,36.29002576370974,0.12,7.79
1997-07-18,36.21396147711914,0.12,7.42
1997-07-21,36.21150779045493,0.12,7.42
1997-07-22,36.400441663599324,0.12,7.48
1997-07-23,36.43233959023409,0.12,7.43
1997-07-24,36.935345356397754,0.12,8.33
1997-07-25,37.19788982946854,0.12,8.49
1997-07-28,37.139001349527426,0.12,8.54
1997-07-29,37.254324622745436,0.12,8.55
1997-07-30,37.11937185621372,0.12,8.47
1997-07-31,37.11201079622108,0.12,8.46
1997-08-01,37.4187216292477,0.12,8.37
1997-08-04,37.41381425591927,0.12,8.33
1997-08-05,37.65182186234792,0.12,8.39
1997-08-06,37.56594282910047,0.12,8.44
1997-08-07,37.5536743957794,0.12,7.92
1997-08-08,37.04330756962311,0.12,9.05
1997-08-11,37.413814255919256,0.13,9.41
1997-08-12,37.450619555882454,0.13,9.41
1997-08-13,37.094834989571574,0.13,9.89
1997-08-14,37.215065636118005,0.13,9.9
1997-08-15,36.969696969696706,0.14,10.04
1997-08-18,37.239602502760135,0.14,10.16
1997-08-19,37.165991902833746,0.14,10.05
1997-08-20,37.40154582259819,0.14,9.83
1997-08-21,37.12427922954212,0.14,9.57
1997-08-22,36.773402036559666,0.14,10.02
1997-08-25,36.756226229910176,0.14,10.02
1997-08-26,36.424978530241425,0.15,10.43
1997-08-27,36.70715249662592,0.15,10.65
1997-08-28,36.35136793031504,0.15,11.05
1997-08-29,36.621273463378465,0.15,11.26
1997-09-01,36.626180836706894,0.15,11.17
1997-09-02,36.972150656360924,0.15,11.5
1997-09-03,36.824929456508144,0.15,10.81
1997-09-04,36.75131885658176,0.15,10.59
1997-09-05,36.27284995706023,0.15,11.25
1997-09-08,36.44951539688357,0.15,11.32
1997-09-09,36.49858913016783,0.15,11.3
1997-09-10,36.29738682370237,0.15,11.4
1997-09-11,36.14280456385695,0.16,11.09
1997-09-12,35.90479695742829,0.15,11.2
1997-09-15,35.48030916451945,0.16,11.36
1997-09-16,35.615261931051165,0.16,11.49
1997-09-17,35.86063059747246,0.16,11.78
1997-09-18,35.97104649736204,0.16,11.24
1997-09-19,35.88026009078616,0.16,10.71
1997-09-22,36.05201815728107,0.16,10.85
1997-09-23,36.0765550239232,0.16,10.56
1997-09-24,35.75757575757551,0.16,10.74
1997-09-25,35.5858176910806,0.16,10.67
1997-09-26,35.607900871058526,0.16,10.35
1997-09-29,35.6790577843207,0.16,10.4
1997-09-30,35.519568151146856,0.16,10.16
1997-10-01,35.83609373083033,0.16,10.48
1997-10-02,35.708502024291256,0.16,10.2
1997-10-03,35.517114464482646,0.16,10.28
1997-10-06,35.549012391117415,0.16,10.0
1997-10-07,35.5465587044532,0.16,9.64
1997-10-08,35.40669856459306,0.16,9.31
1997-10-09,35.75757575757551,0.16,9.54
1997-10-10,35.75266838424708,0.16,9.54
1997-10-13,35.88026009078615,0.16,9.11
1997-10-14,35.85572322414403,0.16,9.06
1997-10-15,35.78701999754606,0.16,9.06
1997-10-16,35.73794626426181,0.16,8.24
1997-10-17,36.21396147711912,0.16,9.09
1997-10-20,36.12562875720746,0.16,9.1
1997-10-21,36.53539443013102,0.16,9.59
1997-10-22,36.37835848362138,0.16,9.59
1997-10-23,35.90479695742829,0.17,10.2
1997-10-24,35.97350018402625,0.16,9.52
1997-10-27,35.40179119126463,0.17,10.66
1997-10-28,35.009201324990556,0.15,10.91
1997-10-29,34.658324132008104,0.15,11.18
1997-10-30,34.28536375904773,0.15,11.53
1997-10-31,34.339344865660415,0.15,11.41
1997-11-03,34.702490491963935,0.16,11.97
1997-11-04,34.432584958900506,0.16,11.91
1997-11-05,34.432584958900506,0.16,11.86
1997-11-06,34.63378726536597,0.16,12.04
1997-11-07,34.15531836584444,0.16,12.6
1997-11-10,34.032634032633794,0.16,12.59
1997-11-11,34.155318365844444,0.16,12.28
1997-11-12,34.16022573917287,0.16,12.27
1997-11-13,34.351613298981476,0.16,12.39
1997-11-14,34.474297632192126,0.16,12.46
1997-11-17,34.56753772543222,0.16,12.51
1997-11-18,34.48656606551319,0.16,12.48
1997-11-19,34.476751318856344,0.16,12.03
1997-11-20,34.6583241320081,0.16,12.19
1997-11-21,34.596981965402776,0.16,12.1
1997-11-24,34.48656606551319,0.16,12.11
1997-11-25,34.6583241320081,0.16,12.26
1997-11-26,34.77855477855453,0.16,12.33
1997-11-27,34.94049809839259,0.16,11.67
1997-11-28,35.01165501165476,0.16,11.7
1997-12-01,35.12452459820856,0.16,11.15
1997-12-02,35.17359833149282,0.16,11.14
1997-12-03,35.099987731566436,0.16,10.51
1997-12-04,35.14415409152226,0.16,10.5
1997-12-05,35.33308796466666,0.16,9.53
1997-12-08,35.76984419089656,0.16,9.58
1997-12-09,35.68396515764911,0.16,9.03
1997-12-10,35.49993865783314,0.16,8.49
1997-12-11,34.92822966507151,0.17,9.96
1997-12-12,35.25947736474026,0.17,9.87
1997-12-15,35.16869095816438,0.17,9.58
1997-12-16,35.328180591338224,0.16,9.64
1997-12-17,35.24230155809077,0.16,9.57
1997-12-18,35.26683842473291,0.16,8.44
1997-12-19,35.22267206477708,0.16,8.35
1997-12-22,35.27665317138976,0.16,8.32
1997-12-23,35.16869095816439,0.16,8.41
1997-12-24,35.14906146485069,0.16,8.3
1997-12-25,35.16378358483596,0.16,8.25
1997-12-26,35.18586676481388,0.16,8.23
1997-12-29,35.541651331124754,0.16,8.64
1997-12-30,35.659428291006975,0.16,8.66
1997-12-31,35.870445344129294,0.16,8.69
1998-01-01,35.806649490859755,0.16,8.69
1998-01-02,36.074101337258966,0.16,8.77
1998-01-05,36.326831063672905,0.16,8.87
1998-01-06,36.417617470248786,0.16,8.85
1998-01-07,36.272849957060224,0.16,8.95
1998-01-08,36.23359097043281,0.16,8.98
1998-01-09,36.24095203042545,0.16,8.96
1998-01-12,36.23604465709702,0.16,8.97
1998-01-13,36.26548889706758,0.16,8.91
1998-01-14,36.39553429027087,0.16,8.94
1998-01-15,36.75622622991017,0.16,9.23
1998-01-16,36.748865169917536,0.15,8.6
1998-01-19,36.75131885658175,0.15,8.54
1998-01-20,36.69979143663327,0.15,8.36
1998-01-21,36.19923935713383,0.16,7.9
1998-01-22,36.044657097288415,0.16,7.64
1998-01-23,35.33308796466665,0.16,9.8
1998-01-26,35.696233590970174,0.16,10.18
1998-01-27,35.541651331124754,0.16,10.25
1998-01-28,35.946509630719895,0.16,10.77
1998-01-29,36.172248803827486,0.16,10.88
1998-01-30,36.22132253711175,0.16,10.88
1998-02-02,36.125628757207444,0.16,10.86
1998-02-03,35.92933382407041,0.16,11.02
1998-02-04,35.61526193105115,0.16,11.39
1998-02-05,35.42632805790675,0.16,11.52
1998-02-06,35.782112624217625,0.16,11.51
1998-02-09,35.9661391240336,0.16,11.57
1998-02-10,35.85572322414402,0.16,11.48
1998-02-11,35.90970433075671,0.16,11.47
1998-02-12,35.67169672432805,0.16,11.41
1998-02-13,35.84100110415875,0.16,11.29
1998-02-16,35.82627898417347,0.16,11.26
1998-02-17,36.13053613053588,0.15,11.52
1998-02-18,36.10845295055796,0.15,11.52
1998-02-19,35.97840755735467,0.15,11.56
1998-02-20,35.98822230401152,0.15,11.56
1998-02-23,35.58581769108059,0.16,12.02
1998-02-24,35.634891424364845,0.16,11.96
1998-02-25,36.03484235063155,0.16,12.08
1998-02-26,36.02012023064628,0.16,12.07
1998-02-27,35.95387069071253,0.16,12.08
1998-03-02,36.01275917065364,0.16,12.1
1998-03-03,36.049564470616836,0.16,11.4
1998-03-04,36.31701631701605,0.16,11.54
1998-03-05,36.61636609005003,0.16,9.93
1998-03-06,36.5721997300942,0.16,9.56
1998-03-09,36.48141332351831,0.16,9.48
1998-03-10,36.55993129677313,0.16,8.92
1998-03-11,36.55993129677313,0.16,8.75
1998-03-12,36.47405226352568,0.16,8.78
1998-03-13,36.19187829714119,0.17,9.06
1998-03-16,36.312108943687626,0.16,8.95
1998-03-17,36.3268310636729,0.16,8.49
1998-03-18,36.60409765672896,0.16,8.52
1998-03-19,36.71942092994696,0.16,8.1
1998-03-20,36.76849466323122,0.16,7.99
1998-03-23,36.52803337013835,0.17,8.21
1998-03-24,36.567292356765755,0.17,8.21
1998-03-25,36.65317139001321,0.17,7.9
1998-03-26,36.501042816832005,0.17,7.96
1998-03-27,36.75867991657437,0.17,8.17
1998-03-30,37.37455526929183,0.17,9.18
1998-03-31,37.352472089313906,0.17,9.18
1998-04-01,37.61256287572048,0.17,9.21
1998-04-02,37.61992393571312,0.17,9.21
1998-04-03,37.457980615875066,0.17,8.53
1998-04-06,37.47024904919613,0.17,8.54
1998-04-07,37.413814255919235,0.17,8.07
1998-04-08,36.99668752300303,0.17,8.89
1998-04-09,37.21751932278219,0.17,8.97
1998-04-10,37.178260336154786,0.17,8.99
1998-04-13,37.05557600294413,0.17,9.09
1998-04-14,36.628634523371076,0.17,9.6
1998-04-15,36.709606183290106,0.17,9.31
1998-04-16,36.893632683106084,0.17,9.41
1998-04-17,36.793031529873346,0.17,9.42
1998-04-20,36.746411483253304,0.17,9.41
1998-04-21,36.36609005030029,0.17,9.93
1998-04-22,36.478959636854086,0.17,9.96
1998-04-23,36.540301803459414,0.17,9.67
1998-04-24,36.596736596736314,0.17,9.63
1998-04-27,36.476505950189875,0.17,9.69
1998-04-28,36.65317139001321,0.17,9.53
1998-04-29,36.763587289902794,0.17,9.52
1998-04-30,36.837197889829184,0.17,9.53
1998-05-01,36.616366090050015,0.16,9.5
1998-05-04,36.55502392344469,0.16,9.51
1998-05-05,36.28511839038126,0.16,9.73
1998-05-06,36.15016562384955,0.16,9.71
1998-05-07,36.1403508771927,0.16,9.44
1998-05-08,36.353821616979225,0.17,8.08
1998-05-11,36.43233959023404,0.17,8.13
1998-05-12,36.33419212366552,0.17,7.77
1998-05-13,36.32928475033709,0.17,7.77
1998-05-14,36.32683106367288,0.17,7.72
1998-05-15,36.48141332351829,0.17,7.87
1998-05-18,36.44951539688353,0.16,7.87
1998-05-19,36.30965525702339,0.17,7.26
1998-05-20,36.240952030425426,0.16,6.97
1998-05-21,35.929333824070376,0.17,7.34
1998-05-22,35.96123175070514,0.17,7.34
1998-05-25,36.12072138387898,0.17,6.74
1998-05-26,36.08146239725157,0.16,6.69
1998-05-27,36.17470249049166,0.16,6.54
1998-05-28,36.19433198380537,0.16,6.52
1998-05-29,36.3906269169424,0.16,6.75
1998-06-01,36.22868359710434,0.16,6.14
1998-06-02,36.30965525702337,0.16,6.1
1998-06-03,36.182063550484294,0.16,6.15
1998-06-04,36.08882345724421,0.16,6.16
1998-06-05,36.26548889706754,0.16,6.3
1998-06-08,36.30229419703073,0.16,6.11
1998-06-09,36.24831309041805,0.16,6.03
1998-06-10,36.42988590356981,0.16,6.21
1998-06-11,36.70715249662588,0.15,6.4
1998-06-12,36.7488651699175,0.15,6.38
1998-06-15,36.947613789718744,0.15,6.11
1998-06-16,36.72187461661115,0.15,6.31
1998-06-17,36.53048705680254,0.15,6.54
1998-06-18,36.70960618329009,0.15,6.47
1998-06-19,36.68016194331953,0.15,6.45
1998-06-22,36.724328303275364,0.14,6.39
1998-06-23,36.92798429640504,0.15,6.58
1998-06-24,37.00159489633143,0.15,6.59
1998-06-25,37.21506563611796,0.15,6.68
1998-06-26,37.443258495889765,0.15,6.85
1998-06-29,37.381916329284444,0.15,6.74
1998-06-30,37.303398356029625,0.15,6.75
1998-07-01,37.4874248558456,0.15,6.15
1998-07-02,37.590479695742545,0.15,6.15
1998-07-03,37.55367439577935,0.15,6.13
1998-07-06,37.37700895595602,0.15,6.36
1998-07-07,37.49233222917403,0.15,6.37
1998-07-08,37.50950803582352,0.15,6.37
1998-07-09,37.82357992884278,0.15,6.6
1998-07-10,37.7327935222669,0.15,6.46
1998-07-13,37.25187093608116,0.14,7.73
1998-07-14,37.29112992270856,0.14,7.61
1998-07-15,37.05802968960833,0.14,7.85
1998-07-16,36.89854005643449,0.14,7.9
1998-07-17,36.87400318979236,0.14,7.91
1998-07-20,36.94270641639032,0.14,7.89
1998-07-21,37.070298122929394,0.14,7.83
1998-07-22,37.07765918292205,0.14,7.52
1998-07-23,36.92307692307663,0.14,7.64
1998-07-24,36.7464114832533,0.14,7.6
1998-07-27,36.9181695497482,0.14,7.5
1998-07-28,36.53784811679519,0.15,7.99
1998-07-29,36.42497853024139,0.15,7.89
1998-07-30,36.6139124033858,0.15,8.05
1998-07-31,36.60164397006473,0.15,8.04
1998-08-03,36.81266102318704,0.15,8.06
1998-08-04,36.734143049932236,0.14,8.05
1998-08-05,36.559931296773115,0.14,7.94
1998-08-06,36.64826401668478,0.14,7.72
1998-08-07,36.7096061832901,0.14,7.75
1998-08-10,36.75867991657436,0.14,7.76
1998-08-11,36.54766286345205,0.14,7.72
1998-08-12,36.51821862348149,0.14,7.64
1998-08-13,36.51821862348149,0.14,7.65
1998-08-14,37.01877070298094,0.14,8.71
1998-08-17,36.95988222303983,0.14,8.65
1998-08-18,37.05312231627992,0.14,8.69
1998-08-19,36.950067476382976,0.14,8.28
1998-08-20,36.94761378971876,0.14,8.27
1998-08-21,36.86664212979973,0.14,7.39
1998-08-24,36.82738314317232,0.14,7.38
1998-08-25,36.86664212979973,0.14,7.17
1998-08-26,36.93534535639769,0.14,7.07
1998-08-27,36.36363636363606,0.15,8.48
1998-08-28,35.34535639798768,0.15,11.87
1998-08-31,35.39443013127194,0.14,11.81
1998-09-01,35.418966997914076,0.14,11.81
1998-09-02,35.377254324622456,0.14,11.79
1998-09-03,34.79327689853977,0.14,12.6
1998-09-04,34.91350754508621,0.14,12.55
1998-09-07,34.59698196540273,0.14,12.48
1998-09-08,34.76874003189764,0.14,12.64
1998-09-09,34.6092503987238,0.14,12.49
1998-09-10,33.99582873267056,0.14,13.35
1998-09-11,34.138142559194904,0.14,13.27
1998-09-14,34.336891178996154,0.15,13.51
1998-09-15,34.246104772420274,0.14,13.49
1998-09-16,34.138142559194904,0.14,13.41
1998-09-17,34.130781499202264,0.14,13.37
1998-09-18,34.21666053244972,0.14,13.4
1998-09-21,34.12587412587384,0.14,13.37
1998-09-22,34.076800392589575,0.14,13.36
1998-09-23,34.123420439209625,0.14,13.39
1998-09-24,34.003189792663186,0.14,12.44
1998-09-25,34.015458225984254,0.14,12.48
1998-09-28,34.057170899275874,0.14,12.43
1998-09-29,34.044902465954806,0.14,12.45
1998-09-30,33.82407066617564,0.14,12.47
1998-10-01,33.3627775733036,0.15,12.87
1998-10-02,33.27935222672036,0.14,12.85
1998-10-05,32.95301190038004,0.15,12.91
1998-10-06,32.87940130045365,0.15,12.8
1998-10-07,32.16047110783926,0.15,13.47
1998-10-08,32.339590234326806,0.15,11.51
1998-10-09,32.46227456753745,0.15,11.62
1998-10-12,32.93583609373055,0.15,12.71
1998-10-13,32.48681143417958,0.15,13.13
1998-10-14,32.77634646055671,0.15,12.88
1998-10-15,32.5285241074712,0.14,12.87
1998-10-16,32.32732180100574,0.14,12.76
1998-10-19,32.5481536007849,0.14,12.87
1998-10-20,33.014354066985355,0.14,13.76
1998-10-21,33.235185866764525,0.14,13.0
1998-10-22,32.891669733774705,0.14,13.22
1998-10-23,32.854864433811514,0.14,13.04
1998-10-26,33.433934486565775,0.14,14.21
1998-10-27,32.98981720034323,0.14,14.69
1998-10-28,33.10023310023281,0.14,14.75
1998-10-29,33.019261440313784,0.14,14.71
1998-10-30,33.16157526683814,0.14,14.8
1998-11-02,33.15666789350971,0.14,14.8
1998-11-03,33.33333333333305,0.14,14.9
1998-11-04,33.52962826647008,0.14,15.01
1998-11-05,33.53698932646271,0.14,15.01
1998-11-06,33.87069071279568,0.14,15.32
1998-11-09,34.27064163906238,0.14,15.73
1998-11-10,34.03999509262636,0.14,15.74
1998-11-11,33.94675499938627,0.14,15.17
1998-11-12,34.08906882591062,0.14,15.18
1998-11-13,34.03263403263372,0.14,14.84
1998-11-16,33.782357992884,0.14,15.02
1998-11-17,33.75046006624923,0.14,13.24
1998-11-18,33.88541283278094,0.14,13.2
1998-11-19,34.04244877929057,0.14,13.22
1998-11-20,34.1994847258002,0.14,12.65
1998-11-23,34.46202919887099,0.14,11.88
1998-11-24,34.53073242546895,0.14,11.69
1998-11-25,34.5969819654027,0.14,11.33
1998-11-26,34.52337136547631,0.14,11.11
1998-11-27,34.6730462519933,0.14,11.04
1998-11-30,34.204392099128626,0.14,11.36
1998-12-01,33.922218132744135,0.14,11.58
1998-12-02,33.52962826647006,0.14,11.69
1998-12-03,33.343148079989874,0.14,11.83
1998-12-04,33.573794626425894,0.15,10.8
1998-12-07,33.81180223285455,0.15,10.14
1998-12-08,33.38240706661729,0.15,10.9
1998-12-09,33.3456017666541,0.15,10.87
1998-12-10,32.791068580541975,0.15,11.94
1998-12-11,32.597227334069146,0.15,12.05
1998-12-14,32.57514415409123,0.15,11.91
1998-12-15,32.98736351367901,0.15,12.42
1998-12-16,33.2155563734508,0.15,12.62
1998-12-17,33.10268678689701,0.15,12.24
1998-12-18,33.06097411360539,0.15,11.6
1998-12-21,33.34560176665409,0.15,11.83
1998-12-22,33.47073978652895,0.15,11.89
1998-12-23,33.43393448656576,0.15,11.8
1998-12-24,33.782357992884,0.15,12.25
1998-12-25,33.67684946632284,0.15,12.08
1998-12-28,33.58115568641854,0.15,12.11
1998-12-29,33.57134093976169,0.15,12.04
1998-12-30,33.92467181940836,0.15,12.39
1998-12-31,33.74555269292081,0.15,12.39
1999-01-01,33.74555269292081,0.15,12.13
1999-01-04,33.56643356643327,0.15,12.18
1999-01-05,33.66948840633021,0.15,12.21
1999-01-06,34.16758679916544,0.15,13.07
1999-01-07,33.80198748619771,0.15,13.34
1999-01-08,34.22156790577813,0.15,13.3
1999-01-11,34.34670592565299,0.15,13.09
1999-01-12,34.025272972641105,0.15,12.91
1999-01-13,33.441295546558415,0.16,13.87
1999-01-14,33.343148079989895,0.16,13.74
1999-01-15,33.804441172861935,0.16,14.2
1999-01-18,33.851061219481984,0.16,13.64
1999-01-19,33.794626426205085,0.16,13.65
1999-01-20,34.06943933259694,0.16,12.73
1999-01-21,33.97865292602106,0.16,12.6
1999-01-22,33.91731075941574,0.16,12.62
1999-01-25,34.03508771929796,0.16,12.16
1999-01-26,34.10379094589592,0.16,12.03
1999-01-27,34.579806158753236,0.15,12.55
1999-01-28,34.641148325358564,0.15,12.52
1999-01-29,34.74420316525551,0.15,12.34
1999-02-01,34.86443381180195,0.15,12.34
1999-02-02,34.67304625199334,0.16,12.49
1999-02-03,34.75647159857659,0.16,12.18
1999-02-04,34.6632315053365,0.16,12.16
1999-02-05,34.8546190651451,0.15,12.18
1999-02-08,34.749110538583935,0.15,12.24
1999-02-09,34.73929579192709,0.15,11.9
1999-02-10,34.592074592074304,0.15,11.85
1999-02-11,34.97484971169153,0.16,12.23
1999-02-12,34.746656851919724,0.15,12.3
1999-02-15,34.933137038399906,0.15,12.35
1999-02-16,35.001840264997874,0.16,11.63
1999-02-17,34.844804318488244,0.16,11.19
1999-02-18,35.095080358237965,0.16,10.81
1999-02-19,35.487670224512044,0.16,11.21
1999-02-22,35.593178751073204,0.16,10.74
1999-02-23,35.52938289780367,0.16,9.08
1999-02-24,35.487670224512044,0.16,9.01
1999-02-25,35.3281805913382,0.16,8.47
1999-02-26,35.487670224512044,0.16,8.51
1999-03-01,35.84590847748714,0.16,8.81
1999-03-02,35.789473684210236,0.16,8.67
1999-03-03,35.86308428413663,0.16,8.56
1999-03-04,35.823825297509224,0.16,8.53
1999-03-05,36.08391608391579,0.16,8.67
1999-03-08,35.912158017420886,0.16,8.91
1999-03-09,35.791927370874454,0.16,8.2
1999-03-10,35.8189179241808,0.16,8.2
1999-03-11,35.62016930437955,0.16,8.42
1999-03-12,35.59563243773742,0.16,8.39
1999-03-15,35.94160225739145,0.17,8.58
1999-03-16,35.66433566433539,0.17,8.98
1999-03-17,35.59563243773743,0.17,8.95
1999-03-18,35.43123543123516,0.16,8.99
1999-03-19,35.63489142436483,0.16,9.04
1999-03-22,35.91951907741354,0.16,9.28
1999-03-23,35.79928843086711,0.16,9.23
1999-03-24,35.61526193105113,0.16,8.9
1999-03-25,36.08882345724423,0.17,9.37
1999-03-26,36.28757207704549,0.17,9.38
1999-03-29,36.45196908354775,0.17,9.43
1999-03-30,36.51576493681729,0.17,9.25
1999-03-31,36.37099742362872,0.17,9.23
1999-04-01,36.1943319838054,0.17,8.87
1999-04-02,36.30720157035919,0.17,8.88
1999-04-05,36.30229419703077,0.16,8.85
1999-04-06,36.1771561771559,0.16,8.92
1999-04-07,36.09127714390845,0.16,8.83
1999-04-08,36.48386701018252,0.17,9.27
1999-04-09,36.39062691694243,0.17,8.88
1999-04-12,36.35872899030766,0.16,8.87
1999-04-13,36.35872899030766,0.16,8.86
1999-04-14,36.41761747024877,0.16,8.85
1999-04-15,36.326831063672884,0.17,8.65
1999-04-16,36.71451355661854,0.17,9.04
1999-04-19,36.861734756471314,0.16,9.0
1999-04-20,36.98441908968197,0.16,9.02
1999-04-21,37.05557600294414,0.16,8.78
1999-04-22,36.89854005643451,0.16,8.92
1999-04-23,36.99914120966724,0.16,8.55
1999-04-26,37.13409397619895,0.16,8.14
1999-04-27,36.986872776346175,0.16,8.24
1999-04-28,37.07765918292205,0.16,8.03
1999-04-29,37.23469512943168,0.16,7.97
1999-04-30,37.43099006256871,0.16,7.81
1999-05-03,37.41381425591922,0.16,7.69
1999-05-04,37.08256655625048,0.16,8.07
1999-05-05,36.64090295669214,0.16,8.17
1999-05-06,36.567292356765755,0.16,8.05
1999-05-07,36.677708256655336,0.16,7.99
1999-05-10,36.5771071034226,0.16,8.02
1999-05-11,36.849466323150246,0.16,8.21
1999-05-12,36.95742853637561,0.16,8.07
1999-05-13,36.87400318979236,0.16,8.09
1999-05-14,36.88872530977765,0.16,8.08
1999-05-17,36.87400318979237,0.16,7.99
1999-05-18,36.793031529873346,0.16,7.99
1999-05-19,36.896086369770295,0.16,7.38
1999-05-20,37.013863329652516,0.16,7.37
1999-05-21,37.19788982946849,0.16,7.47
1999-05-24,37.077659182922055,0.17,7.56
1999-05-25,36.7832167832165,0.17,7.98
1999-05-26,37.477610109188774,0.17,9.63
1999-05-27,37.448165869218215,0.17,9.18
1999-05-28,37.504600662495115,0.17,9.13
1999-05-31,37.47270273586034,0.17,9.1
1999-06-01,37.399092135933955,0.17,9.11
1999-06-02,37.681266102318446,0.17,9.25
1999-06-03,37.79413568887224,0.17,9.25
1999-06-04,37.578211262421505,0.17,9.4
1999-06-07,37.87265366212706,0.17,9.55
1999-06-08,37.33284259600021,0.17,10.56
1999-06-09,37.37455526929183,0.17,10.49
1999-06-10,37.364740522634975,0.17,10.37
1999-06-11,37.14390872285581,0.17,10.52
1999-06-14,37.529137529137245,0.17,10.62
1999-06-15,37.56594282910044,0.17,9.9
1999-06-16,37.980615875352434,0.18,10.31
1999-06-17,37.860385228805995,0.18,10.38
1999-06-18,37.791682002208034,0.18,10.35
1999-06-21,37.855477855477574,0.18,10.17
1999-06-22,37.916820022082895,0.18,10.15
1999-06-23,37.916820022082895,0.18,10.11
1999-06-24,37.67881241565424,0.18,10.34
1999-06-25,37.605201815727845,0.18,10.37
1999-06-28,37.968347442031366,0.18,10.66
1999-06-29,38.029689608636694,0.18,10.65
1999-06-30,38.01742117531563,0.18,10.64
1999-07-01,38.48852901484452,0.18,11.11
1999-07-02,38.4664458348666,0.18,11.04
1999-07-05,38.51551956815085,0.18,10.66
1999-07-06,38.42227947491076,0.18,9.31
1999-07-07,38.53760274812876,0.18,9.31
1999-07-08,38.53514906146455,0.18,9.32
1999-07-09,38.6970923813026,0.18,9.35
1999-07-12,38.81241565452062,0.18,9.32
1999-07-13,38.70690712795946,0.18,9.18
1999-07-14,38.63084284136886,0.18,9.2
1999-07-15,38.67746288798891,0.18,8.98
1999-07-16,38.67255551466048,0.18,8.73
1999-07-19,38.15237394184734,0.18,8.6
1999-07-20,37.801496748864885,0.18,9.1
1999-07-21,37.453073242546644,0.18,9.55
1999-07-22,37.519322782480394,0.18,9.38
1999-07-23,37.56348914243623,0.18,8.86
1999-07-26,36.9525211630472,0.18,10.13
1999-07-27,36.94270641639035,0.18,9.47
1999-07-28,36.77585572322386,0.18,9.51
1999-07-29,36.50595019016044,0.18,9.7
1999-07-30,36.57956079008683,0.18,9.71
1999-08-02,36.65317139001322,0.18,9.72
1999-08-03,36.7267819899396,0.18,9.76
1999-08-04,36.42007115691298,0.18,9.88
1999-08-05,36.525579683474135,0.18,9.95
1999-08-06,36.557477610108904,0.18,9.42
1999-08-09,36.675254569991125,0.18,9.48
1999-08-10,36.721874616611174,0.18,9.5
1999-08-11,36.89117899644187,0.18,8.73
1999-08-12,36.82247576984391,0.18,8.73
1999-08-13,37.21261194945377,0.18,9.42
1999-08-16,37.14390872285581,0.18,9.41
1999-08-17,37.403999509262384,0.18,9.65
1999-08-18,37.31075941602229,0.18,9.65
1999-08-19,36.84455894982183,0.18,10.09
1999-08-20,36.69979143663327,0.18,10.01
1999-08-23,37.460434302539284,0.18,12.05
1999-08-24,37.26904674273067,0.18,12.11
1999-08-25,37.71561771561743,0.18,12.71
1999-08-26,37.607655502392056,0.18,12.73
1999-08-27,37.52668384247303,0.18,12.12
1999-08-30,37.48742485584562,0.18,11.82
1999-08-31,37.163538216169506,0.18,11.78
1999-09-01,37.136547662863165,0.18,11.77
1999-09-02,36.64581033002058,0.18,12.38
1999-09-03,36.972150656360895,0.18,11.72
1999-09-06,37.06293706293678,0.18,11.75
1999-09-07,37.06048337627257,0.18,11.66
1999-09-08,37.070298122929415,0.18,11.42
1999-09-09,37.271500429394884,0.18,11.5
1999-09-10,38.059133848607246,0.18,13.0
1999-09-13,37.811311495521736,0.18,13.21
1999-09-14,37.990430622009285,0.18,12.93
1999-09-15,37.808857808857525,0.18,13.05
1999-09-16,37.87019997546285,0.18,13.05
1999-09-17,37.82357992884281,0.18,13.06
1999-09-20,38.08121702858517,0.18,13.17
1999-09-21,37.47270273586036,0.18,14.11
1999-09-22,37.73033983560272,0.18,14.21
1999-09-23,37.41381425591925,0.18,14.14
1999-09-24,37.62973868237,0.18,14.22
1999-09-27,37.56103545577203,0.18,14.09
1999-09-28,37.340203655992866,0.18,14.19
1999-09-29,36.883817936449255,0.18,14.16
1999-09-30,36.697337749969066,0.18,14.2
1999-10-01,36.383265856949805,0.18,12.91
1999-10-04,36.410256410256146,0.18,12.85
1999-10-05,36.353821616979246,0.18,12.23
1999-10-06,36.55011655011629,0.18,12.38
1999-10-07,36.49122807017518,0.18,12.38
1999-10-08,36.89608636977032,0.18,12.89
1999-10-11,36.891178996441894,0.18,12.64
1999-10-12,36.275303643724435,0.19,13.58
1999-10-13,36.09618451723689,0.19,13.09
1999-10-14,36.206600417126474,0.19,12.82
1999-10-15,35.733038890933365,0.19,13.3
1999-10-18,36.06428659060212,0.19,13.66
1999-10-19,36.02993497730314,0.19,13.66
1999-10-20,36.37345111029296,0.2,13.89
1999-10-21,36.21886885044754,0.19,12.17
1999-10-22,36.7022451232975,0.2,12.86
1999-10-25,36.73905042326069,0.19,12.75
1999-10-26,37.070298122929444,0.19,13.05
1999-10-27,37.345111029321295,0.19,13.26
1999-10-28,37.421175315911896,0.21,13.28
1999-10-29,37.318120476014954,0.21,13.11
1999-11-01,37.4383511225614,0.2,12.25
1999-11-02,37.46043430253931,0.2,12.06
1999-11-03,37.64936817568371,0.2,11.89
1999-11-04,38.18427186848214,0.2,12.49
1999-11-05,38.00269905533038,0.2,12.58
1999-11-08,38.01496748865144,0.2,12.42
1999-11-09,37.933995828732414,0.2,11.8
1999-11-10,37.786774628879634,0.2,11.75
1999-11-11,37.875107348791296,0.2,11.37
1999-11-12,38.18427186848213,0.2,11.54
1999-11-15,38.11556864188416,0.2,11.55
1999-11-16,38.17445712182528,0.2,11.49
1999-11-17,37.784320942215416,0.2,11.99
1999-11-18,38.17445712182528,0.2,11.94
1999-11-19,38.16709606183264,0.2,11.94
1999-11-22,38.09348546190625,0.2,10.61
1999-11-23,38.1989939884674,0.2,10.41
1999-11-24,38.55477855477828,0.2,10.64
1999-11-25,38.55477855477828,0.2,9.55
1999-11-26,38.697092381302625,0.2,9.33
1999-11-29,38.976812661022905,0.2,9.38
1999-11-30,38.920377867746005,0.2,9.21
1999-12-01,38.96699791436605,0.2,8.99
1999-12-02,39.18046865415257,0.2,8.41
1999-12-03,39.03324745429978,0.2,8.6
1999-12-06,38.36829836829808,0.2,10.09
1999-12-07,38.28241933505062,0.2,9.95
1999-12-08,38.21126242178845,0.2,9.98
1999-12-09,38.43209422156762,0.2,10.03
1999-12-10,38.75598086124373,0.2,10.25
1999-12-13,38.75352717457952,0.2,10.26
1999-12-14,39.04551588762086,0.2,10.37
1999-12-15,38.98908109434396,0.2,9.6
1999-12-16,38.62838915470465,0.2,9.93
1999-12-17,38.97190528769447,0.2,10.23
1999-12-20,38.70445344129525,0.2,10.46
1999-12-21,38.94736842105233,0.2,10.49
1999-12-22,38.90074837443229,0.2,10.5
1999-12-23,38.77561035455743,0.2,10.32
1999-12-24,38.89093362777544,0.2,10.32
1999-12-27,38.9032020610965,0.2,10.32
1999-12-28,39.13630229419673,0.2,9.86
1999-12-29,39.18782971414521,0.2,9.45
1999-12-30,39.08722856091247,0.2,9.5
1999-12-31,39.03079376763558,0.2,9.49
2000-01-03,38.44927002821711,0.2,10.59
2000-01-04,38.21126242178845,0.2,10.37
2000-01-05,37.997791682001925,0.2,10.49
2000-01-06,38.110661268555724,0.2,10.47
2000-01-07,38.390381548276004,0.2,10.47
2000-01-10,38.50815850815823,0.2,10.52
2000-01-11,38.23579928843059,0.2,10.7
2000-01-12,38.33640044166332,0.2,10.58
2000-01-13,38.55723224144248,0.2,10.71
2000-01-14,39.12403386087567,0.21,10.31
2000-01-17,39.15593178751045,0.21,10.28
2000-01-18,39.04796957428508,0.21,10.3
2000-01-19,39.08477487424827,0.21,10.18
2000-01-20,38.87866519445438,0.21,10.03
2000-01-21,39.1657465341673,0.21,10.26
2000-01-24,39.25407925407896,0.2,10.04
2000-01-25,39.52889216047081,0.2,10.23
2000-01-26,39.50190160716447,0.2,9.78
2000-01-27,40.061342166605016,0.2,10.29
2000-01-28,40.50791313949178,0.19,10.43
2000-01-31,40.67231014599405,0.2,10.36
2000-02-01,40.65758802600877,0.2,10.34
2000-02-02,40.48828364617807,0.2,10.38
2000-02-03,39.835602993497425,0.2,11.65
2000-02-04,40.115323273217705,0.2,11.79
2000-02-07,40.18893387314408,0.2,11.69
2000-02-08,40.03680529996288,0.2,11.78
2000-02-09,39.7178260336152,0.2,12.03
2000-02-10,39.99999999999969,0.2,12.17
2000-02-11,39.87731566678904,0.2,11.21
2000-02-14,40.35578456631057,0.2,11.4
2000-02-15,40.16685069316617,0.2,11.35
2000-02-16,39.90430622009538,0.2,11.62
2000-02-17,39.86259354680376,0.2,11.51
2000-02-18,39.98037050668597,0.19,11.51
2000-02-21,39.84051036682584,0.19,11.31
2000-02-22,39.312967734020056,0.19,12.13
2000-02-23,39.396393080603296,0.19,12.05
2000-02-24,39.77671451355631,0.19,11.6
2000-02-25,40.46374677953594,0.18,12.61
2000-02-28,40.59869954606765,0.18,12.57
2000-02-29,40.86124401913844,0.18,12.66
2000-03-01,40.52018157281284,0.18,12.85
2000-03-02,40.84897558581738,0.18,12.88
2000-03-03,41.14341798552294,0.18,13.0
2000-03-06,41.155686418844,0.19,12.89
2000-03-07,41.13360323886607,0.18,12.89
2000-03-08,41.01827996564806,0.18,12.33
2000-03-09,40.79008710587626,0.18,12.05
2000-03-10,40.979020979020646,0.18,12.06
2000-03-13,41.028094712304906,0.18,12.07
2000-03-14,40.83179977916787,0.18,12.09
2000-03-15,40.932400932400604,0.18,10.96
2000-03-16,40.792540792540464,0.17,10.87
2000-03-17,40.672310145994025,0.17,10.91
2000-03-20,40.65268065268033,0.17,10.83
2000-03-21,41.126242178873426,0.17,10.99
2000-03-22,41.084529505581806,0.17,10.85
2000-03-23,40.39504355293796,0.16,12.05
2000-03-24,39.82824193350477,0.16,12.27
2000-03-27,40.30180345969788,0.16,12.73
2000-03-28,40.635504846030834,0.16,12.78
2000-03-29,41.113973745552364,0.16,13.19
2000-03-30,40.65022696601611,0.16,13.69
2000-03-31,40.861244019138425,0.16,13.69
2000-04-03,40.60360691939607,0.16,13.17
2000-04-04,40.29689608636945,0.16,13.42
2000-04-05,40.13986013985982,0.16,13.2
2000-04-06,40.22573917310727,0.16,12.15
2000-04-07,40.331247699668424,0.16,12.13
2000-04-10,40.09078640657556,0.16,12.07
2000-04-11,40.26745184639889,0.16,11.91
2000-04-12,40.54471843945496,0.16,11.84
2000-04-13,40.47846889952121,0.16,11.62
2000-04-14,40.07115691326186,0.16,11.96
2000-04-17,40.4563857195433,0.16,12.36
2000-04-18,40.87596613912371,0.16,12.76
2000-04-19,40.96920623236382,0.16,12.67
2000-04-20,41.155686418844006,0.16,12.66
2000-04-21,41.106612685559746,0.16,12.67
2000-04-24,41.128695865537665,0.16,12.58
2000-04-25,41.896699791436326,0.17,13.7
2000-04-26,41.783830204882534,0.17,13.69
2000-04-27,42.38007606428628,0.17,14.2
2000-04-28,42.09790209790179,0.17,14.39
2000-05-01,41.92369034474267,0.17,14.11
2000-05-02,41.99975463133327,0.17,14.1
2000-05-03,42.32118758434517,0.17,13.13
2000-05-04,42.70396270396239,0.16,12.36
2000-05-05,42.50276039749693,0.16,12.18
2000-05-08,42.36044657097258,0.16,12.1
2000-05-09,42.07827260458809,0.16,11.91
2000-05-10,41.970310391362716,0.16,11.35
2000-05-11,42.37026131762943,0.16,11.57
2000-05-12,41.49184149184119,0.16,13.17
2000-05-15,41.889338731443694,0.16,13.17
2000-05-16,42.22549380444087,0.17,13.21
2000-05-17,42.546926757452766,0.16,13.32
2000-05-18,42.645074224021286,0.16,13.32
2000-05-19,42.44632560422003,0.16,13.26
2000-05-22,42.24021592442614,0.16,13.39
2000-05-23,42.23040117776929,0.16,13.3
2000-05-24,42.30155809103146,0.16,13.27
2000-05-25,42.0635504846028,0.17,12.97
2000-05-26,41.31026867868942,0.17,14.0
2000-05-29,41.52128573181174,0.17,13.76
2000-05-30,41.42559195190743,0.17,13.77
2000-05-31,41.221935958777756,0.17,13.8
2000-06-01,41.39614771193688,0.17,13.85
2000-06-02,40.809716599189976,0.16,14.51
2000-06-05,40.765550239234145,0.16,13.29
2000-06-06,40.3778677462885,0.17,13.53
2000-06-07,39.99509262667127,0.16,12.88
2000-06-08,40.25763709974207,0.16,13.04
2000-06-09,40.28217396638419,0.16,13.03
2000-06-12,40.17911912648725,0.17,13.0
2000-06-13,39.9607410133723,0.17,12.73
2000-06-14,40.10060115323243,0.17,12.39
2000-06-15,40.132499079867195,0.17,12.4
2000-06-16,39.68347442031622,0.17,12.7
2000-06-19,40.022083179977614,0.17,13.02
2000-06-20,39.95337995337965,0.17,13.01
2000-06-21,40.240461293092565,0.17,12.85
2000-06-22,40.613421666052936,0.17,11.8
2000-06-23,40.7017543859646,0.17,11.4
2000-06-26,40.5324500061339,0.17,11.09
2000-06-27,40.098147466568214,0.17,11.07
2000-06-28,40.451478346214884,0.17,11.47
2000-06-29,40.132499079867195,0.17,11.58
2000-06-30,40.10060115323243,0.17,11.55
2000-07-03,40.164397006501964,0.17,11.59
2000-07-04,40.07606428659029,0.17,11.54
2000-07-05,39.85768617347534,0.17,11.53
2000-07-06,39.899398846766964,0.17,10.4
2000-07-07,39.926389400073305,0.17,10.24
2000-07-10,39.81842718684794,0.17,10.24
2000-07-11,39.946018893387006,0.17,10.27
2000-07-12,40.52999631946969,0.17,11.18
2000-07-13,40.59869954606766,0.17,10.38
2000-07-14,40.505459452827566,0.17,10.4
2000-07-17,40.56434793276867,0.18,10.0
2000-07-18,41.14341798552293,0.17,10.38
2000-07-19,41.12624217887343,0.17,10.24
2000-07-20,40.79254079254048,0.17,10.58
2000-07-21,40.73610599926357,0.17,10.55
2000-07-24,40.85633664581001,0.17,10.41
2000-07-25,40.5717089927613,0.17,10.63
2000-07-26,40.4392099128938,0.17,10.68
2000-07-27,40.8367071524963,0.17,10.43
2000-07-28,41.126242178873426,0.17,10.35
2000-07-31,40.974113605692224,0.17,10.41
2000-08-01,41.42068457857898,0.17,10.67
2000-08-02,41.41086983192213,0.17,10.37
2000-08-03,41.83781131149518,0.17,10.75
2000-08-04,41.84517237148782,0.17,10.64
2000-08-07,41.86970923812995,0.18,9.98
2000-08-08,41.97276407802689,0.18,9.73
2000-08-09,42.06600417126698,0.18,9.31
2000-08-10,41.823089191509894,0.18,9.54
2000-08-11,42.23776223776189,0.18,9.87
2000-08-14,42.193595877806054,0.18,9.83
2000-08-15,41.93350509139949,0.18,9.89
2000-08-16,41.8598944914731,0.18,9.94
2000-08-17,41.88443135811523,0.18,9.94
2000-08-18,42.2402159244261,0.18,10.05
2000-08-21,42.478223530854756,0.18,10.1
2000-08-22,42.69414795730549,0.18,9.39
2000-08-23,42.198503251134476,0.18,10.22
2000-08-24,42.036559931296416,0.18,10.29
2000-08-25,41.953134584713176,0.18,10.33
2000-08-28,42.058643111274336,0.17,9.53
2000-08-29,42.537112010795866,0.18,10.03
2000-08-30,42.44632560421998,0.18,9.66
2000-08-31,42.75303643724659,0.18,9.78
2000-09-01,42.31628021101669,0.18,10.4
2000-09-04,42.45859403754104,0.18,10.1
2000-09-05,42.83155441050142,0.19,10.2
2000-09-06,43.63145626303484,0.19,11.11
2000-09-07,43.61918782971377,0.19,11.04
2000-09-08,43.773770089559186,0.19,10.9
2000-09-11,43.543123543123166,0.18,10.79
2000-09-12,43.332106490000854,0.18,10.96
2000-09-13,43.442522389890435,0.18,10.63
2000-09-14,43.506318243159974,0.18,10.62
2000-09-15,43.80812170285817,0.18,10.75
2000-09-18,43.771316402894975,0.18,10.77
2000-09-19,43.597104649735854,0.18,10.89
2000-09-20,43.594650963071636,0.18,10.68
2000-09-21,43.290393816709226,0.18,10.64
2000-09-22,42.51502883081793,0.18,12.05
2000-09-25,42.56410256410219,0.18,11.88
2000-09-26,42.27947491105349,0.18,12.06
2000-09-27,42.31382652435246,0.18,12.06
2000-09-28,42.53465832413163,0.18,11.9
2000-09-29,42.318733897680886,0.18,11.88
2000-10-02,42.620537357379085,0.18,11.98
2000-10-03,42.50521408416107,0.18,11.46
2000-10-04,42.57637099742325,0.18,11.39
2000-10-05,42.99349773033945,0.18,11.7
2000-10-06,42.94197031039098,0.18,11.7
2000-10-09,42.97877561035418,0.18,11.23
2000-10-10,42.780026990552926,0.17,11.31
2000-10-11,42.75794381057501,0.17,11.1
2000-10-12,42.780026990552926,0.17,10.64
2000-10-13,43.388541283277746,0.17,11.38
2000-10-16,43.550484603115805,0.18,11.15
2000-10-17,43.39099496994196,0.18,9.72
2000-10-18,43.869463869463495,0.18,10.28
2000-10-19,43.781131149551825,0.18,10.25
2000-10-20,43.722242669610715,0.18,10.13
2000-10-23,44.109925162556365,0.18,10.33
2000-10-24,44.12464728254164,0.18,10.31
2000-10-25,44.69390258863904,0.18,10.95
2000-10-26,44.64973622868321,0.18,10.8
2000-10-27,44.3062200956934,0.17,11.08
2000-10-30,44.37983069561978,0.17,11.0
2000-10-31,44.1001104158995,0.17,11.19
2000-11-01,43.577475156422146,0.17,11.59
2000-11-02,43.633909949699046,0.17,10.1
2000-11-03,43.094098883572194,0.17,10.86
2000-11-06,43.33456017666507,0.17,10.73
2000-11-07,43.39590234327039,0.18,10.74
2000-11-08,43.555391976444234,0.18,10.69
2000-11-09,43.02539565697424,0.18,11.26
2000-11-10,43.47442031652521,0.17,11.47
2000-11-13,43.53085510980211,0.17,11.42
2000-11-14,43.552938289780016,0.17,11.42
2000-11-15,43.670715249662244,0.17,11.1
2000-11-16,43.84983437614978,0.17,11.13
2000-11-17,44.154091522512196,0.17,11.29
2000-11-20,44.00687032265942,0.17,11.24
2000-11-21,44.25469267574493,0.17,11.31
2000-11-22,44.18108207581854,0.17,11.34
2000-11-23,44.49760765550201,0.17,10.78
2000-11-24,44.355293828977665,0.17,10.8
2000-11-27,43.54557722978738,0.17,12.17
2000-11-28,43.28548644338082,0.17,11.82
2000-11-29,43.1873389768123,0.16,11.82
2000-11-30,42.42424242424207,0.17,12.91
2000-12-01,42.254938044411375,0.17,12.57
2000-12-04,41.766654398232994,0.16,12.92
2000-12-05,42.080726291252255,0.16,12.44
2000-12-06,41.661145871671835,0.17,12.66
2000-12-07,41.71267329162031,0.17,12.59
2000-12-08,41.73966384492665,0.16,12.57
2000-12-11,41.94577352472054,0.16,12.67
2000-12-12,42.021837811311144,0.16,12.31
2000-12-13,42.07581891792383,0.16,12.31
2000-12-14,41.41086983192211,0.16,12.64
2000-12-15,41.27346337872619,0.16,12.47
2000-12-18,41.21702858544929,0.16,12.43
2000-12-19,41.26364863206934,0.16,12.35
2000-12-20,40.99619678567012,0.16,12.02
2000-12-21,40.73365231259933,0.16,11.49
2000-12-22,40.35087719298212,0.16,11.64
2000-12-25,40.38522880628109,0.16,11.64
2000-12-26,39.99754631333545,0.16,11.71
2000-12-27,40.13004539320295,0.16,11.67
2000-12-28,40.09324009323975,0.16,11.27
2000-12-29,39.531345847134986,0.16,11.73
2001-01-01,39.51662372714971,0.16,11.42
2001-01-02,39.217273954115726,0.16,11.45
2001-01-03,40.03189792663443,0.17,13.24
2001-01-04,39.349773033983226,0.17,13.84
2001-01-05,39.20991289412309,0.17,13.12
2001-01-08,39.501901607164434,0.16,13.5
2001-01-09,39.609863820389805,0.16,13.61
2001-01-10,39.982824193350176,0.16,13.29
2001-01-11,39.580419580419246,0.16,13.5
2001-01-12,39.7227334069436,0.16,13.28
2001-01-15,40.122684333210316,0.16,13.47
2001-01-16,40.08097165991869,0.15,13.21
2001-01-17,40.30916451969049,0.15,13.36
2001-01-18,39.75217764691415,0.15,13.88
2001-01-19,40.19384124647248,0.15,14.26
2001-01-22,40.03189792663442,0.15,14.25
2001-01-23,40.16930437983035,0.15,14.3
2001-01-24,40.65513433934452,0.15,14.15
2001-01-25,40.52999631946966,0.15,14.15
2001-01-26,40.51036682615595,0.15,14.14
2001-01-29,40.66494908600137,0.15,14.2
2001-01-30,40.40240461293059,0.15,14.2
2001-01-31,40.12759170653873,0.15,14.21
2001-02-01,40.07606428659026,0.15,13.94
2001-02-02,40.35333087964632,0.15,14.1
2001-02-05,40.23310023309988,0.15,13.82
2001-02-06,40.58643111274655,0.15,14.03
2001-02-07,40.610967979388676,0.15,14.02
2001-02-08,41.001104158998544,0.14,13.52
2001-02-09,40.755735492577244,0.15,13.69
2001-02-12,40.574162679425484,0.14,13.54
2001-02-13,40.954484112378495,0.14,12.41
2001-02-14,40.996196785670115,0.14,11.09
2001-02-15,41.51147098515484,0.14,11.46
2001-02-16,41.148325358851324,0.14,11.77
2001-02-19,40.934854619064794,0.14,11.92
2001-02-20,41.310268678689376,0.14,11.91
2001-02-21,41.386332965279976,0.14,11.39
2001-02-22,41.55318365844645,0.14,11.39
2001-02-23,41.08207581891756,0.14,11.72
2001-02-26,41.410869831922106,0.14,11.89
2001-02-27,41.185130658814515,0.14,11.97
2001-02-28,40.92994724573636,0.14,11.29
2001-03-01,40.50791313949173,0.14,11.35
2001-03-02,40.372960372960016,0.14,11.32
2001-03-05,40.55207949944756,0.14,11.35
2001-03-06,40.4662004662001,0.14,10.77
2001-03-07,40.65758802600872,0.14,10.83
2001-03-08,40.505459452827516,0.14,10.89
2001-03-09,40.54717212611914,0.14,10.83
2001-03-12,40.6526806526803,0.14,10.68
2001-03-13,41.2783707520546,0.14,11.35
2001-03-14,41.432953011900025,0.14,11.36
2001-03-15,42.05618942461011,0.14,11.98
2001-03-16,41.9408661513921,0.14,11.97
2001-03-19,41.85253343148044,0.14,11.79
2001-03-20,41.42559195190738,0.14,12.27
2001-03-21,41.96049564470581,0.14,12.53
2001-03-22,42.27211385106086,0.13,12.49
2001-03-23,42.2230401177766,0.13,12.39
2001-03-26,42.05618942461012,0.13,12.24
2001-03-27,42.139614771193365,0.13,12.24
2001-03-28,42.370261317629385,0.13,11.8
2001-03-29,42.387437124278875,0.13,11.43
2001-03-30,42.76285118390346,0.13,11.49
2001-04-02,42.583732057415915,0.13,11.36
2001-04-03,41.759293338240354,0.13,12.92
2001-04-04,41.60716476505915,0.13,12.92
2001-04-05,41.81327444485304,0.13,12.49
2001-04-06,41.50656361182642,0.13,12.5
2001-04-09,41.79855232486777,0.13,12.54
2001-04-10,42.12489265120809,0.14,12.55
2001-04-11,41.94331983805633,0.14,12.16
2001-04-12,41.88688504477943,0.14,12.11
2001-04-13,42.03901361796063,0.14,12.09
2001-04-16,42.0537357379459,0.14,12.05
2001-04-17,42.39970555759992,0.14,12.18
2001-04-18,42.52484357747479,0.14,12.08
2001-04-19,41.781376518218266,0.13,13.4
2001-04-20,41.589988958409656,0.13,13.49
2001-04-23,41.87216292479414,0.14,12.87
2001-04-24,42.04637467795326,0.13,12.88
2001-04-25,41.88197767145099,0.13,12.14
2001-04-26,41.78628389154669,0.13,12.13
2001-04-27,42.30891915102405,0.14,12.68
2001-04-30,42.52238989081058,0.14,12.31
2001-05-01,42.35799288430831,0.13,11.81
2001-05-02,42.35799288430831,0.13,11.6
2001-05-03,42.52238989081058,0.13,11.65
2001-05-04,42.41933505091363,0.13,11.61
2001-05-07,42.50030671083266,0.13,11.61
2001-05-08,42.74567537725396,0.13,11.62
2001-05-09,42.70150901729813,0.13,11.63
2001-05-10,42.75549012391081,0.13,11.33
2001-05-11,42.97141455036155,0.13,11.35
2001-05-14,42.9812292970184,0.13,9.53
2001-05-15,42.79474911053821,0.13,9.57
2001-05-16,42.56900993743062,0.13,9.66
2001-05-17,42.67206477732756,0.13,9.35
2001-05-18,42.74567537725395,0.13,9.17
2001-05-21,42.89535026377094,0.13,8.95
2001-05-22,43.368911789964045,0.13,9.33
2001-05-23,43.68052999631909,0.13,9.46
2001-05-24,43.624095203042195,0.13,9.47
2001-05-25,43.53330879646632,0.13,9.52
2001-05-28,43.606919396392705,0.13,9.27
2001-05-29,43.69279842964015,0.12,9.26
2001-05-30,43.63881732302746,0.12,7.3
2001-05-31,44.11483253588479,0.12,7.56
2001-06-01,44.04612930928682,0.12,7.49
2001-06-04,44.04367562262261,0.12,7.47
2001-06-05,43.589743589743215,0.12,8.13
2001-06-06,44.016685069316274,0.12,8.42
2001-06-07,43.947981842718306,0.12,7.8
2001-06-08,43.994601889338355,0.12,7.71
2001-06-11,44.293951662372336,0.12,7.73
2001-06-12,43.879278616120345,0.12,8.39
2001-06-13,43.849834376149786,0.12,8.36
2001-06-14,43.435161329897795,0.12,8.89
2001-06-15,43.560299349772656,0.12,8.9
2001-06-18,43.63145626303483,0.12,8.78
2001-06-19,43.911176542755115,0.11,8.92
2001-06-20,43.771316402894975,0.11,9.01
2001-06-21,43.619187829713766,0.11,9.0
2001-06-22,43.49895718316733,0.11,9.05
2001-06-25,43.405717089927236,0.11,8.97
2001-06-26,43.28303275671659,0.11,8.85
2001-06-27,43.33456017666506,0.11,8.83
2001-06-28,44.17126732916169,0.12,10.44
2001-06-29,43.972518709360436,0.12,10.55
2001-07-02,44.04367562262261,0.12,10.07
2001-07-03,44.04367562262261,0.12,9.86
2001-07-04,44.112378849220576,0.12,9.86
2001-07-05,44.61047724205581,0.11,10.34
2001-07-06,43.989694516009926,0.12,11.25
2001-07-09,44.038768249294186,0.12,11.24
2001-07-10,43.648632069684325,0.12,11.57
2001-07-11,43.368911789964045,0.12,11.22
2001-07-12,43.4547908232115,0.12,11.24
2001-07-13,43.41307814991989,0.12,11.24
2001-07-16,43.47932768985363,0.12,10.82
2001-07-17,43.0180345969816,0.12,10.83
2001-07-18,42.24512329775452,0.12,12.01
2001-07-19,42.38498343761465,0.12,12.07
2001-07-20,42.36290025763673,0.11,11.81
2001-07-23,42.53220463746743,0.11,11.66
2001-07-24,42.28192859771771,0.11,11.75
2001-07-25,42.04146730462484,0.11,11.56
2001-07-26,42.20095693779868,0.11,11.59
2001-07-27,42.20831799779132,0.11,11.57
2001-07-30,42.37762237762202,0.11,11.44
2001-07-31,42.36290025763673,0.11,11.43
2001-08-01,42.02919887130378,0.11,11.59
2001-08-02,41.93350509139947,0.11,11.59
2001-08-03,41.88443135811521,0.11,11.58
2001-08-06,41.96294933137002,0.11,11.61
2001-08-07,42.14206845785757,0.11,11.7
2001-08-08,41.93105140473526,0.11,9.95
2001-08-09,41.445221445221094,0.11,10.36
2001-08-10,41.572813151760165,0.11,10.41
2001-08-13,41.538461538461185,0.11,10.4
2001-08-14,41.182676972150304,0.11,10.52
2001-08-15,40.77291129922674,0.11,9.87
2001-08-16,40.90786406575845,0.11,9.45
2001-08-17,40.64777327935188,0.11,9.45
2001-08-20,40.74101337259198,0.11,9.37
2001-08-21,40.58397742608234,0.11,9.29
2001-08-22,40.81707765918258,0.11,9.52
2001-08-23,40.7655502392341,0.11,9.52
2001-08-24,40.84897558581736,0.11,9.54
2001-08-27,40.90786406575847,0.11,9.22
2001-08-28,40.797448165868886,0.11,7.7
2001-08-29,40.96429885903536,0.11,7.75
2001-08-30,40.59133848607499,0.11,8.1
2001-08-31,40.77536498589096,0.11,8.14
2001-09-03,40.99374309900591,0.11,8.26
2001-09-04,41.774015458225634,0.11,10.06
2001-09-05,41.859894491473085,0.11,10.01
2001-09-06,41.418230891914746,0.11,10.47
2001-09-07,41.05263157894702,0.11,10.65
2001-09-10,41.432953011900025,0.11,11.09
2001-09-11,40.30425714636206,0.11,13.56
2001-09-12,40.731198625935114,0.11,14.02
2001-09-13,40.43184885290113,0.11,14.15
2001-09-14,39.80125138019841,0.11,14.76
2001-09-17,39.366948840632716,0.12,14.88
2001-09-18,39.19028340080938,0.12,14.88
2001-09-19,39.12403386087563,0.12,14.59
2001-09-20,38.90320206109646,0.12,14.55
2001-09-21,38.74371242792262,0.12,14.55
2001-09-24,39.19028340080938,0.12,14.99
2001-09-25,38.959636854373365,0.12,14.83
2001-09-26,39.24181082075785,0.12,14.99
2001-09-27,39.56815114709818,0.12,15.18
2001-09-28,39.75953870690679,0.12,15.25
2001-10-01,39.65648386700985,0.12,15.23
2001-10-02,39.73254815360045,0.12,15.13
2001-10-03,39.81351981351947,0.12,15.15
2001-10-04,39.77671451355627,0.12,15.12
2001-10-05,39.65893755367405,0.12,15.12
2001-10-08,39.45773524720859,0.12,15.16
2001-10-09,39.877315666789,0.12,15.49
2001-10-10,39.92148202674484,0.12,15.29
2001-10-11,40.35823825297476,0.12,15.6
2001-10-12,39.88958410011008,0.12,15.85
2001-10-15,39.899398846766935,0.11,14.63
2001-10-16,40.105508526560826,0.11,14.73
2001-10-17,40.208563366457774,0.11,14.49
2001-10-18,40.179119126487215,0.11,14.29
2001-10-19,40.30180345969787,0.11,14.01
2001-10-22,40.69930069930037,0.11,11.68
2001-10-23,40.731198625935136,0.11,11.25
2001-10-24,40.63305115936662,0.11,11.04
2001-10-25,40.56434793276866,0.11,9.91
2001-10-26,40.51036682615598,0.11,9.25
2001-10-29,39.94356520672279,0.11,10.18
2001-10-30,39.86013986013955,0.11,10.19
2001-10-31,40.08587903324714,0.11,10.1
2001-11-01,40.01962949331339,0.11,10.01
2001-11-02,39.98527788001441,0.11,9.5
2001-11-05,40.24291497975677,0.11,9.42
2001-11-06,40.38277511961691,0.11,9.26
2001-11-07,40.144767513188256,0.11,9.2
2001-11-08,40.260090786406266,0.11,9.13
2001-11-09,40.211017053122006,0.11,9.1
2001-11-12,40.19874861980094,0.11,9.09
2001-11-13,40.981474665684864,0.11,10.7
2001-11-14,40.84652189915316,0.11,10.76
2001-11-15,40.76309655256992,0.11,10.74
2001-11-16,40.68212489265089,0.11,10.61
2001-11-19,40.72138387927829,0.11,10.2
2001-11-20,40.45883940620752,0.11,10.42
2001-11-21,40.61096797938872,0.11,9.97
2001-11-22,40.75573549257728,0.11,9.3
2001-11-23,40.88332719911635,0.11,9.32
2001-11-26,40.82443871917524,0.11,9.25
2001-11-27,40.66004171267298,0.11,9.33
2001-11-28,40.397497239602195,0.11,9.55
2001-11-29,40.61832903938136,0.12,9.65
2001-11-30,40.27726659305576,0.11,9.51
2001-12-03,40.61587535271715,0.12,9.86
2001-12-04,40.561894246104465,0.11,9.85
2001-12-05,40.71156913262145,0.11,9.89
2001-12-06,40.42203410624432,0.11,10.12
2001-12-07,40.67967120598668,0.11,9.31
2001-12-10,40.81217028585418,0.11,9.31
2001-12-11,40.57416267942552,0.11,9.39
2001-12-12,40.30425714636209,0.11,9.61
2001-12-13,40.51527419948441,0.11,9.72
2001-12-14,39.97300944669335,0.11,10.39
2001-12-17,40.06624953993344,0.11,10.35
2001-12-18,40.046620046619736,0.11,10.2
2001-12-19,40.22083179977885,0.11,10.25
2001-12-20,40.02699055330602,0.11,10.35
2001-12-21,40.52999631946968,0.11,11.02
2001-12-24,41.5556373451107,0.11,12.02
2001-12-25,41.45258250521376,0.11,12.0
2001-12-26,41.39369402527265,0.11,11.99
2001-12-27,41.170408538829264,0.11,12.1
2001-12-28,41.0428168322902,0.11,12.14
2001-12-31,40.7385596859278,0.11,12.2
2002-01-01,40.79990185253312,0.11,12.15
2002-01-02,40.34351613298951,0.11,12.57
2002-01-03,40.50055207949914,0.11,12.59
2002-01-04,40.564347932768676,0.11,12.6
2002-01-07,40.47846889952122,0.11,12.56
2002-01-08,40.59133848607501,0.11,12.43
2002-01-09,40.741013372592,0.11,12.37
2002-01-10,40.75573549257727,0.11,12.09
2002-01-11,40.52999631946968,0.11,11.95
2002-01-14,40.64041221935927,0.11,11.97
2002-01-15,40.915225125751114,0.11,12.09
2002-01-16,40.69193963930774,0.11,12.01
2002-01-17,40.87596613912371,0.11,11.94
2002-01-18,40.741013372592,0.11,11.94
2002-01-21,40.77291129922676,0.11,11.81
2002-01-22,40.7606428659057,0.11,11.62
2002-01-23,40.99374309900593,0.11,11.64
2002-01-24,41.05999263893968,0.11,10.81
2002-01-25,41.818181818181486,0.11,12.0
2002-01-28,41.89915347810052,0.11,11.98
2002-01-29,41.690590111642415,0.11,12.11
2002-01-30,41.98257882468376,0.12,12.07
2002-01-31,42.18623481781344,0.12,11.64
2002-02-01,42.0463746779533,0.12,9.13
2002-02-04,41.66114587167186,0.12,9.54
2002-02-05,41.683229051649775,0.12,9.53
2002-02-06,41.639062691693944,0.12,9.37
2002-02-07,41.50165623849802,0.12,9.38
2002-02-08,41.49920255183381,0.12,9.06
2002-02-11,41.32253711201047,0.12,9.18
2002-02-12,41.35934241197367,0.12,8.43
2002-02-13,41.71267329162034,0.12,8.69
2002-02-14,41.66605324500029,0.12,8.72
2002-02-15,41.621886885044454,0.12,8.69
2002-02-18,41.715126978284545,0.12,8.68
2002-02-19,41.42068457857899,0.12,8.96
2002-02-20,41.739663844926675,0.12,9.21
2002-02-21,41.697951171635054,0.12,9.01
2002-02-22,41.477119371855885,0.12,9.19
2002-02-25,41.661145871671856,0.13,9.07
2002-02-26,41.93841246472792,0.13,9.04
2002-02-27,41.85498711814468,0.13,9.02
2002-02-28,41.62924794503709,0.13,9.13
2002-03-01,41.71267329162033,0.13,9.14
2002-03-04,41.7273954116056,0.13,9.13
2002-03-05,41.56790577843176,0.13,9.1
2002-03-06,41.285731812047274,0.13,9.35
2002-03-07,40.96429885903537,0.13,7.79
2002-03-08,41.055085265611254,0.13,7.8
2002-03-11,41.22684333210616,0.13,7.82
2002-03-12,41.182676972150325,0.13,7.48
2002-03-13,41.113973745552364,0.13,7.29
2002-03-14,40.60851429272449,0.13,8.03
2002-03-15,40.57907005275394,0.13,7.64
2002-03-18,40.68212489265088,0.14,7.7
2002-03-19,40.71647650594986,0.14,7.71
2002-03-20,40.59379217273922,0.14,7.7
2002-03-21,40.66249539933718,0.13,7.74
2002-03-22,40.898049319101624,0.13,7.89
2002-03-25,40.871058765795276,0.14,7.88
2002-03-26,40.932400932400604,0.14,7.41
2002-03-27,41.204760152128244,0.14,7.72
2002-03-28,41.33480554533153,0.14,7.79
2002-03-29,41.2538338854125,0.14,7.77
2002-04-01,40.7802723592194,0.15,8.23
2002-04-02,40.817077659182594,0.15,7.84
2002-04-03,40.7238375659425,0.15,7.85
2002-04-04,40.85633664581,0.14,7.82
2002-04-05,40.90541037909426,0.14,7.68
2002-04-08,41.121334805545004,0.14,7.57
2002-04-09,40.86369770580265,0.15,7.75
2002-04-10,40.949576739050094,0.15,7.66
2002-04-11,40.74837443258463,0.15,7.73
2002-04-12,40.890688259108984,0.15,7.83
2002-04-15,40.952030425714305,0.14,7.79
2002-04-16,40.81707765918259,0.14,7.6
2002-04-17,40.49319101950648,0.14,7.61
2002-04-18,40.407311986259025,0.14,7.59
2002-04-19,40.328794013004206,0.14,7.45
2002-04-22,40.517727886148606,0.14,7.63
2002-04-23,40.503005766163334,0.14,7.62
2002-04-24,40.306710833026294,0.14,6.82
2002-04-25,39.987731566678605,0.13,7.2
2002-04-26,39.87486198012481,0.13,7.17
2002-04-29,39.73745552692888,0.14,7.2
2002-04-30,39.68838179364462,0.14,7.17
2002-05-01,39.31542142068425,0.13,7.58
2002-05-02,39.47981842718652,0.13,7.45
2002-05-03,38.91547049441754,0.14,8.43
2002-05-06,38.89584100110384,0.14,8.38
2002-05-07,39.0038032143292,0.14,8.1
2002-05-08,39.47245736719388,0.14,8.99
2002-05-09,39.19764446080203,0.15,9.13
2002-05-10,39.04551588762083,0.15,8.64
2002-05-13,39.14366335418935,0.14,8.7
2002-05-14,39.61477119371825,0.15,9.57
2002-05-15,39.16083916083885,0.15,9.98
2002-05-16,39.22463501410839,0.15,9.99
2002-05-17,38.77561035455742,0.15,10.21
2002-05-20,38.6970923813026,0.15,10.12
2002-05-21,38.709360814623665,0.15,10.07
2002-05-22,38.481167954851855,0.15,10.1
2002-05-23,38.73144399460158,0.15,10.29
2002-05-24,38.87130413446172,0.15,10.37
2002-05-27,38.82468408784167,0.15,10.37
2002-05-28,38.62593546804042,0.14,10.24
2002-05-29,38.50815850815819,0.14,10.25
2002-05-30,38.33640044166329,0.14,10.28
2002-05-31,38.468899521530794,0.14,10.22
2002-06-03,38.383020488283336,0.15,10.21
2002-06-04,38.407557354925466,0.15,10.19
2002-06-05,38.422279474910745,0.15,10.02
2002-06-06,38.184271868482085,0.15,10.12
2002-06-07,38.24561403508741,0.15,10.14
2002-06-10,38.25542878174426,0.15,10.15
2002-06-11,38.16464237516838,0.15,9.84
2002-06-12,38.42964053490338,0.15,10.0
2002-06-13,38.34621518832014,0.15,9.1
2002-06-14,38.284873021714816,0.15,9.11
2002-06-17,38.33640044166328,0.15,9.07
2002-06-18,38.03214329530088,0.15,8.45
2002-06-19,37.681266102318425,0.15,8.62
2002-06-20,37.399092135933934,0.15,8.79
2002-06-21,37.08502024291467,0.15,8.94
2002-06-24,37.08747392957889,0.15,7.87
2002-06-25,36.75377254324593,0.15,7.63
2002-06-26,36.65807876334162,0.15,7.54
2002-06-27,36.51085756348884,0.15,7.01
2002-06-28,36.33909949699394,0.15,7.06
2002-07-01,36.3709974236287,0.15,7.08
2002-07-02,36.47159857686144,0.15,7.12
2002-07-03,36.64581033002056,0.15,6.95
2002-07-04,36.70960618329009,0.15,6.84
2002-07-05,36.98932646301038,0.15,7.41
2002-07-08,36.415163783584546,0.15,8.46
2002-07-09,36.378358483621355,0.15,8.46
2002-07-10,36.449515396883534,0.15,8.5
2002-07-11,36.410256410256125,0.15,8.35
2002-07-12,36.393080603606634,0.15,8.36
2002-07-15,35.88762115077876,0.15,9.08
2002-07-16,35.5710955710953,0.15,9.24
2002-07-17,35.70114096429858,0.15,9.36
2002-07-18,35.51956815114682,0.15,9.31
2002-07-19,35.38461538461511,0.15,9.28
2002-07-22,35.39688381793618,0.15,9.32
2002-07-23,36.052018157281026,0.15,10.9
2002-07-24,35.76002944423969,0.13,11.04
2002-07-25,35.33799533799505,0.13,11.4
2002-07-26,35.966139124033575,0.14,12.89
2002-07-29,36.454422770211956,0.14,13.58
2002-07-30,36.380812170285566,0.14,13.36
2002-07-31,36.442154336890894,0.14,13.24
2002-08-01,36.13053613053584,0.14,13.25
2002-08-02,36.020120230646256,0.14,13.26
2002-08-05,36.38571954361399,0.13,13.42
2002-08-06,37.03349282296621,0.14,14.44
2002-08-07,36.70715249662588,0.14,14.64
2002-08-08,37.11446448288523,0.14,14.91
2002-08-09,36.88381793644921,0.14,15.06
2002-08-12,36.65071770334898,0.14,15.17
2002-08-13,36.46914489019722,0.14,15.18
2002-08-14,36.677708256655315,0.14,15.27
2002-08-15,36.56483867010152,0.14,15.11
2002-08-16,36.52803337013833,0.14,14.36
2002-08-19,36.905901116427124,0.14,14.67
2002-08-20,36.8249294565081,0.14,14.69
2002-08-21,36.73414304993222,0.14,14.7
2002-08-22,37.29112992270856,0.14,15.35
2002-08-23,37.12673291620629,0.14,14.75
2002-08-26,37.158630842841056,0.14,14.41
2002-08-27,36.62618083670684,0.14,15.16
2002-08-28,36.851920009814435,0.14,15.12
2002-08-29,36.6752545699911,0.14,15.16
2002-08-30,36.775855723223835,0.14,15.16
2002-09-02,36.680161943319526,0.14,14.25
2002-09-03,36.0691939639305,0.14,14.96
2002-09-04,36.21641516378328,0.15,14.51
2002-09-05,36.14035087719268,0.15,13.56
2002-09-06,36.43233959023402,0.15,13.16
2002-09-09,36.5403018034594,0.15,13.17
2002-09-10,36.74641148325329,0.15,13.27
2002-09-11,36.8249294565081,0.15,12.99
2002-09-12,36.71942092994695,0.15,12.98
2002-09-13,37.07275180959362,0.15,12.95
2002-09-16,37.18562139614742,0.15,11.86
2002-09-17,37.01386332965251,0.15,11.63
2002-09-18,36.83965157649339,0.15,11.23
2002-09-19,36.356275303643436,0.15,11.75
2002-09-20,36.58201447675103,0.15,11.77
2002-09-23,36.719420929946956,0.15,11.73
2002-09-24,36.55502392344469,0.15,11.68
2002-09-25,36.793031529873346,0.15,11.81
2002-09-26,36.842105263157606,0.15,11.81
2002-09-27,36.66543982333427,0.15,11.48
2002-09-30,36.196785670469595,0.15,12.08
2002-10-01,36.52557968347413,0.15,12.4
2002-10-02,36.28021101705283,0.15,11.6
2002-10-03,36.250766777082276,0.15,11.55
2002-10-04,36.60409765672894,0.15,11.97
2002-10-07,36.53048705680255,0.15,11.18
2002-10-08,36.741504109924875,0.15,11.16
2002-10-09,36.272849957060195,0.15,11.72
2002-10-10,36.420071156912975,0.15,11.76
2002-10-11,36.370997423628715,0.15,11.74
2002-10-14,36.346460556986585,0.15,10.57
2002-10-15,36.653171390013206,0.15,10.79
2002-10-16,36.67525456999112,0.15,10.77
2002-10-17,37.09974236289996,0.15,11.04
2002-10-18,37.10219604956417,0.15,11.01
2002-10-21,37.08256655625048,0.15,10.9
2002-10-22,36.84701263648603,0.15,11.07
2002-10-23,36.93043798306927,0.15,11.05
2002-10-24,36.81756839651547,0.15,10.7
2002-10-25,36.88627162311343,0.15,10.67
2002-10-28,36.52312599680991,0.16,10.98
2002-10-29,36.559931296773115,0.16,10.91
2002-10-30,36.530487056802556,0.16,10.15
2002-10-31,36.233590970432786,0.16,10.26
2002-11-01,36.005398110660984,0.16,10.34
2002-11-04,35.971046497362,0.16,10.27
2002-11-05,35.8949822107714,0.16,10.04
2002-11-06,35.76493681756811,0.15,10.05
2002-11-07,35.5735492577595,0.16,10.07
2002-11-08,35.4017911912646,0.16,9.46
2002-11-11,35.50239234449733,0.16,9.04
2002-11-12,35.42387437124251,0.16,8.87
2002-11-13,35.68396515764909,0.16,9.2
2002-11-14,35.85326953747979,0.16,8.8
2002-11-15,35.63243773770062,0.16,8.94
2002-11-18,35.67660409765645,0.16,8.73
2002-11-19,35.939148570727234,0.16,8.27
2002-11-20,35.99558336400414,0.16,8.18
2002-11-21,35.96613912403358,0.16,8.18
2002-11-22,36.25076677708229,0.15,8.55
2002-11-25,36.43479327689826,0.16,8.29
2002-11-26,36.38081217028557,0.16,8.3
2002-11-27,36.55257023678049,0.16,7.62
2002-11-28,36.43479327689827,0.16,7.66
2002-11-29,36.39308060360665,0.16,7.66
2002-12-02,36.2335909704328,0.16,7.55
2002-12-03,36.19678567046961,0.16,7.5
2002-12-04,36.11090663722216,0.16,7.48
2002-12-05,36.07900871058739,0.16,7.44
2002-12-06,35.76493681756813,0.15,7.32
2002-12-09,35.75021469758285,0.15,7.3
2002-12-10,35.85326953747979,0.15,7.38
2002-12-11,35.84836216415137,0.15,7.0
2002-12-12,35.58581769108058,0.15,7.09
2002-12-13,35.399337504600396,0.15,7.23
2002-12-16,35.404244877928825,0.15,7.22
2002-12-17,35.046006624953726,0.15,7.73
2002-12-18,34.91350754508623,0.15,7.66
2002-12-19,34.928229665071505,0.15,7.55
2002-12-20,34.94540547172099,0.15,7.49
2002-12-23,34.795730585204005,0.16,7.56
2002-12-24,34.550361918782706,0.16,7.38
2002-12-25,34.56263035210378,0.16,7.17
2002-12-26,34.39823334560151,0.16,7.1
2002-12-27,34.1111520058886,0.16,7.37
2002-12-30,34.03999509262641,0.16,6.83
2002-12-31,33.94920868605053,0.16,6.75
2003-01-01,33.94920868605053,0.16,6.77
2003-01-02,34.39332597227308,0.16,7.59
2003-01-03,34.30744693902563,0.15,7.28
2003-01-06,34.18721629247919,0.15,7.29
2003-01-07,34.37615016562359,0.15,7.37
2003-01-08,34.03263403263377,0.15,7.73
2003-01-09,34.15777205250863,0.15,7.94
2003-01-10,33.87314439945993,0.15,8.13
2003-01-13,34.01791191264849,0.15,8.36
2003-01-14,34.02527297264113,0.15,8.38
2003-01-15,33.944301312722104,0.15,8.38
2003-01-16,33.730830572935574,0.15,8.23
2003-01-17,33.57134093976173,0.15,8.25
2003-01-20,33.551711446448024,0.15,8.12
2003-01-21,33.45601766654372,0.15,8.09
2003-01-22,33.463378726536355,0.15,7.98
2003-01-23,33.44865660655108,0.15,7.93
2003-01-24,33.20083425346557,0.16,8.07
2003-01-27,33.20083425346557,0.15,7.71
2003-01-28,33.301435406698296,0.15,7.82
2003-01-29,33.257269046742465,0.15,7.79
2003-01-30,33.27444485339196,0.16,7.79
2003-01-31,33.46583241320057,0.16,8.06
2003-02-03,33.34805545331835,0.16,7.89
2003-02-04,33.04379830695595,0.16,8.22
2003-02-05,33.38240706661734,0.16,8.87
2003-02-06,33.22537112010771,0.16,8.66
2003-02-07,33.26463010673512,0.16,8.67
2003-02-10,33.57379462642596,0.16,9.15
2003-02-11,33.55171144644803,0.16,9.15
2003-02-12,33.65476628634498,0.16,8.24
2003-02-13,33.24500061342142,0.16,8.92
2003-02-14,33.42166605324475,0.16,9.09
2003-02-17,33.67684946632289,0.16,9.24
2003-02-18,33.77745061955563,0.16,8.83
2003-02-19,33.55416513311224,0.16,8.95
2003-02-20,33.29162066004145,0.16,8.9
2003-02-21,33.48791559317849,0.16,9.0
2003-02-24,33.26953748006354,0.16,9.17
2003-02-25,33.328425960004644,0.16,9.19
2003-02-26,33.242546926757186,0.16,9.04
2003-02-27,33.414304993252095,0.16,9.1
2003-02-28,33.173843700159225,0.16,9.34
2003-03-03,32.84014231382626,0.16,9.76
2003-03-04,32.75426328057881,0.16,9.77
2003-03-05,32.62912526070395,0.16,9.82
2003-03-06,32.76407802723566,0.16,9.71
2003-03-07,32.78370752054936,0.16,9.71
2003-03-10,32.53343148079965,0.16,9.88
2003-03-11,32.59968102073339,0.16,9.92
2003-03-12,32.78861489387779,0.16,10.1
2003-03-13,33.409397619923666,0.17,11.5
2003-03-14,33.54189669979116,0.17,11.51
2003-03-17,33.88541283278098,0.17,11.51
2003-03-18,33.93203287940103,0.17,11.14
2003-03-19,34.1921236658076,0.17,11.21
2003-03-20,34.0399950926264,0.17,11.33
2003-03-21,34.42277021224362,0.18,11.48
2003-03-24,33.96638449270001,0.18,12.24
2003-03-25,33.92467181940839,0.18,12.22
2003-03-26,33.89277389277361,0.18,11.6
2003-03-27,33.94430131272209,0.18,11.51
2003-03-28,33.61059992638912,0.18,11.7
2003-03-31,33.15912158017394,0.19,12.33
2003-04-01,33.176297386823435,0.19,12.19
2003-04-02,33.83633909949671,0.19,13.36
2003-04-03,33.80689485952616,0.19,13.26
2003-04-04,33.99337504600635,0.19,13.17
2003-04-07,34.05717089927588,0.19,13.17
2003-04-08,34.03754140596219,0.19,13.14
2003-04-09,33.84860753281779,0.19,13.2
2003-04-10,34.06207827260432,0.19,13.1
2003-04-11,34.19457735247182,0.19,12.66
2003-04-14,34.10379094589594,0.18,12.67
2003-04-15,34.15777205250862,0.18,12.56
2003-04-16,33.65721997300918,0.19,13.45
2003-04-17,33.89522757943784,0.19,13.57
2003-04-18,33.897681266102055,0.19,13.3
2003-04-21,34.052263525947474,0.19,13.33
2003-04-22,33.63022941970284,0.19,13.9
2003-04-23,33.72837688627136,0.19,12.77
2003-04-24,33.39958287326683,0.19,13.07
2003-04-25,33.41921236658054,0.19,12.67
2003-04-28,33.64740522635233,0.19,12.85
2003-04-29,33.402036559931034,0.19,12.77
2003-04-30,33.24009324009298,0.19,12.78
2003-05-01,33.00699300699275,0.19,12.35
2003-05-02,32.9775487670222,0.19,11.79
2003-05-05,32.92847503373794,0.19,11.79
2003-05-06,32.50153355416488,0.19,12.32
2003-05-07,32.49662618083645,0.19,12.3
2003-05-08,32.24389645442252,0.19,12.18
2003-05-09,32.292970187706786,0.19,11.61
2003-05-12,32.16783216783192,0.19,11.64
2003-05-13,32.22426696110882,0.19,9.75
2003-05-14,32.34695129431947,0.19,9.89
2003-05-15,32.49417249417224,0.19,9.83
2003-05-16,32.08440682124868,0.19,10.31
2003-05-19,31.816954974849466,0.19,10.47
2003-05-20,31.667280088332472,0.19,10.45
2003-05-21,31.905287694761135,0.19,10.55
2003-05-22,31.794871794871554,0.19,10.38
2003-05-23,31.628021101705073,0.2,10.41
2003-05-26,31.576493681756602,0.2,10.34
2003-05-27,31.576493681756602,0.19,9.66
2003-05-28,31.826769721506327,0.2,9.74
2003-05-29,31.485707275180726,0.2,10.04
2003-05-30,31.846399214820032,0.2,10.68
2003-06-02,31.87338976812637,0.2,10.24
2003-06-03,32.167832167831925,0.2,10.67
2003-06-04,32.3518586676479,0.2,10.58
2003-06-05,31.90283400809693,0.2,11.24
2003-06-06,32.38130290761846,0.2,12.04
2003-06-09,32.27824806772151,0.2,11.91
2003-06-10,32.31750705434892,0.2,11.87
2003-06-11,32.11385106121924,0.2,11.84
2003-06-12,32.165378481167714,0.2,11.87
2003-06-13,31.797325481535776,0.2,12.29
2003-06-16,32.03778677462864,0.2,11.99
2003-06-17,32.123665807876094,0.2,12.02
2003-06-18,32.452459820880634,0.2,12.2
2003-06-19,32.25861857440781,0.2,12.33
2003-06-20,32.58495890074814,0.2,12.63
2003-06-23,32.45245982088064,0.2,12.7
2003-06-24,32.60213470739763,0.2,12.72
2003-06-25,32.634032634032394,0.2,12.65
2003-06-26,33.14439946018869,0.2,12.81
2003-06-27,33.127223653539204,0.2,12.49
2003-06-30,33.1468531468529,0.2,12.34
2003-07-01,32.948104527051655,0.2,12.41
2003-07-02,32.98981720034327,0.2,12.32
2003-07-03,33.08060360691915,0.2,12.16
2003-07-04,33.07814992025494,0.2,12.13
2003-07-07,33.69893264630082,0.2,13.14
2003-07-08,33.5811556864186,0.2,13.13
2003-07-09,33.36277757330364,0.2,12.81
2003-07-10,33.39222181327419,0.2,12.47
2003-07-11,33.7725432462272,0.2,12.8
2003-07-14,33.70384001962924,0.2,12.66
2003-07-15,33.98601398601373,0.2,12.76
2003-07-16,33.74064531959243,0.2,12.14
2003-07-17,33.60323886639651,0.2,11.57
2003-07-18,33.46092503987215,0.2,11.61
2003-07-21,33.20574162679401,0.2,11.92
2003-07-22,33.41675867991633,0.2,11.8
2003-07-23,33.03643724696331,0.2,12.41
2003-07-24,33.0143540669854,0.2,11.81
2003-07-25,32.98981720034327,0.2,11.66
2003-07-28,33.026622500306466,0.2,11.65
2003-07-29,33.17875107348767,0.2,11.36
2003-07-30,33.51735983314906,0.2,11.49
2003-07-31,33.6375904796955,0.2,11.2
2003-08-01,33.47319347319323,0.2,11.23
2003-08-04,33.043798306955956,0.2,11.93
2003-08-05,33.070788860262304,0.2,11.93
2003-08-06,33.21064900012244,0.2,11.05
2003-08-07,33.127223653539204,0.2,11.07
2003-08-08,33.352962826646795,0.2,11.26
2003-08-11,33.328425960004665,0.2,11.1
2003-08-12,33.576248313090176,0.2,11.29
2003-08-13,33.519813519813276,0.2,11.29
2003-08-14,33.63022941970286,0.2,11.32
2003-08-15,33.63759047969549,0.2,9.85
2003-08-18,34.079254079253815,0.2,10.53
2003-08-19,34.06943933259697,0.2,10.31
2003-08-20,34.05471721261169,0.2,10.32
2003-08-21,34.67304625199336,0.2,11.12
2003-08-22,34.77855477855452,0.2,11.1
2003-08-25,34.72948104527026,0.2,10.89
2003-08-26,34.66568519200073,0.2,10.64
2003-08-27,34.67059256532916,0.2,10.52
2003-08-28,34.70249049196392,0.2,10.4
2003-08-29,34.34915961231725,0.2,10.63
2003-09-01,34.36878910563096,0.2,10.51
2003-09-02,34.81536007851772,0.2,10.36
2003-09-03,34.72457367194184,0.2,10.42
2003-09-04,34.45957551220684,0.2,10.78
2003-09-05,33.922218132744206,0.2,11.95
2003-09-08,34.1307814992023,0.2,12.0
2003-09-09,33.82407066617568,0.2,12.01
2003-09-10,33.94675499938633,0.2,12.01
2003-09-11,33.94430131272212,0.2,11.9
2003-09-12,33.838792786160965,0.2,11.22
2003-09-15,33.86823702613152,0.2,11.22
2003-09-16,34.096429885903326,0.2,11.32
2003-09-17,33.846153846153605,0.2,11.54
2003-09-18,33.978652926021105,0.2,11.44
2003-09-19,33.56397987976911,0.2,12.07
2003-09-22,33.240093240092996,0.2,12.21
2003-09-23,33.34805545331837,0.2,12.25
2003-09-24,33.127223653539204,0.2,12.35
2003-09-25,32.97018770702957,0.2,12.41
2003-09-26,33.00208563366434,0.2,11.68
2003-09-29,32.518709360814384,0.2,12.37
2003-09-30,32.36903447429739,0.2,12.39
2003-10-01,32.22917433443725,0.2,10.79
2003-10-02,32.31996074101313,0.2,10.78
2003-10-03,32.79842964053466,0.2,11.95
2003-10-06,32.400932400932156,0.2,12.33
2003-10-07,32.297877561035214,0.2,12.31
2003-10-08,32.207091154459334,0.2,12.27
2003-10-09,32.32486811434155,0.2,12.17
2003-10-10,32.219359587780396,0.2,12.14
2003-10-13,32.457367194209056,0.2,11.6
2003-10-14,32.329775487669984,0.2,11.61
2003-10-15,32.65120844068188,0.2,12.06
2003-10-16,32.77880014722095,0.2,11.38
2003-10-17,32.58495890074812,0.2,11.23
2003-10-20,32.70273586063034,0.2,11.09
2003-10-21,32.65120844068187,0.2,10.99
2003-10-22,32.23162802110146,0.2,11.52
2003-10-23,32.22181327444461,0.2,11.52
2003-10-24,32.219359587780396,0.2,11.5
2003-10-27,32.339590234326835,0.2,11.33
2003-10-28,32.66593056066715,0.2,11.73
2003-10-29,32.66102318733872,0.2,11.63
2003-10-30,32.71009692062298,0.2,11.15
2003-10-31,32.86713286713261,0.2,10.93
2003-11-03,33.38486075328155,0.2,11.9
2003-11-04,33.402036559931034,0.2,11.72
2003-11-05,33.593424119739645,0.2,11.72
2003-11-06,33.789719052876684,0.2,11.82
2003-11-07,33.463378726536355,0.2,11.29
2003-11-10,33.63513679303127,0.2,11.22
2003-11-11,33.41185130658789,0.2,11.35
2003-11-12,33.16157526683817,0.2,11.63
2003-11-13,32.80333701386308,0.2,11.33
2003-11-14,32.56532940743442,0.2,10.92
2003-11-17,32.50644092749331,0.2,10.89
2003-11-18,31.691816954974605,0.2,13.31
2003-11-19,32.1064900012266,0.2,13.86
2003-11-20,31.880750828118998,0.2,13.99
2003-11-21,31.853760274812657,0.2,13.78
2003-11-24,32.39602502760373,0.2,14.7
2003-11-25,32.33713654766262,0.2,14.39
2003-11-26,31.706539074959885,0.2,15.44
2003-11-27,31.912648754753775,0.2,15.53
2003-11-28,31.677094834989326,0.2,15.59
2003-12-01,31.821862348177888,0.2,15.68
2003-12-02,31.596123175070296,0.2,15.36
2003-12-03,31.561771561771312,0.2,15.36
2003-12-04,31.618206355048205,0.2,15.38
2003-12-05,31.27469022205839,0.2,15.61
2003-12-08,31.107839528891905,0.2,15.27
2003-12-09,30.98760888234547,0.2,15.27
2003-12-10,31.078395288921346,0.2,15.31
2003-12-11,31.125015335541395,0.2,15.21
2003-12-12,30.999877315666534,0.2,14.21
2003-12-15,30.909090909090654,0.21,14.18
2003-12-16,30.901729849098015,0.21,13.96
2003-12-17,30.75696233590945,0.21,13.71
2003-12-18,30.661268556005144,0.21,13.56
2003-12-19,30.82075818917899,0.21,13.56
2003-12-22,30.85756348914218,0.2,13.57
2003-12-23,30.88455404244852,0.2,13.53
2003-12-24,30.617102196049306,0.21,13.42
2003-12-25,30.62446325604194,0.21,13.35
2003-12-26,30.779045515887354,0.21,13.53
2003-12-29,30.651453809348283,0.2,11.43
2003-12-30,30.484603116181795,0.2,10.62
2003-12-31,30.403631456262776,0.2,10.5
2004-01-01,30.52876947613763,0.2,10.64
2004-01-02,30.401177769598558,0.2,9.01
2004-01-05,30.23187338976786,0.2,9.06
2004-01-06,30.217151269782583,0.2,7.3
2004-01-07,30.445344129554382,0.2,7.41
2004-01-08,30.07729112992244,0.2,7.88
2004-01-09,29.991412096674985,0.2,7.63
2004-01-12,30.1263648632067,0.2,7.71
2004-01-13,29.964421543368648,0.2,7.78
2004-01-14,30.24904919641735,0.2,8.42
2004-01-15,30.563121089436613,0.2,8.62
2004-01-16,31.039136302293922,0.2,9.78
2004-01-19,31.183903815482488,0.2,9.8
2004-01-20,30.597472702735594,0.2,11.32
2004-01-21,30.423260949576473,0.2,11.4
2004-01-22,30.24659550975314,0.2,11.46
2004-01-23,30.48951048951022,0.2,11.74
2004-01-26,30.864924549134802,0.2,12.34
2004-01-27,30.408538829591198,0.21,13.06
2004-01-28,30.82811924917161,0.2,13.69
2004-01-29,30.896822475769575,0.2,13.62
2004-01-30,30.83057293583582,0.2,13.63
2004-02-02,30.963072015703325,0.2,13.69
2004-02-03,30.64900012268407,0.2,13.78
2004-02-04,30.693166482639896,0.2,13.79
2004-02-05,30.678444362654616,0.2,13.7
2004-02-06,30.276039749723694,0.2,14.21
2004-02-09,30.300576616365827,0.2,14.13
2004-02-10,30.393816709605915,0.2,14.14
2004-02-11,30.17298490982675,0.2,14.24
2004-02-12,30.20242914979731,0.2,14.2
2004-02-13,30.391363022941707,0.2,14.23
2004-02-16,30.271132376395276,0.2,14.28
2004-02-17,30.099374309900366,0.2,14.19
2004-02-18,30.460066249539675,0.2,14.16
2004-02-19,30.403631456262776,0.2,14.15
2004-02-20,30.89436878910537,0.19,14.85
2004-02-23,30.845295055821108,0.2,14.75
2004-02-24,30.457612562875465,0.2,15.05
2004-02-25,30.889461415776942,0.2,15.32
2004-02-26,31.0906637222424,0.2,14.73
2004-02-27,30.97288676236018,0.2,14.7
2004-03-01,31.09311740890662,0.2,13.54
2004-03-02,31.802232854864158,0.2,14.9
2004-03-03,31.706539074959856,0.2,14.8
2004-03-04,31.711446448288278,0.2,14.67
2004-03-05,31.33848607532791,0.2,14.78
2004-03-08,31.26732916206573,0.2,14.02
2004-03-09,31.431726168567998,0.2,13.53
2004-03-10,31.608391608391333,0.19,13.6
2004-03-11,31.078395288921335,0.2,14.58
2004-03-12,31.515151515151242,0.2,15.11
2004-03-15,31.306588148693137,0.2,14.91
2004-03-16,31.355661881977397,0.2,14.91
2004-03-17,31.331125015335264,0.2,14.91
2004-03-18,30.850202429149526,0.2,15.12
2004-03-19,31.134830082198224,0.2,15.33
2004-03-22,30.869831922463227,0.2,15.58
2004-03-23,30.855109802477948,0.2,15.39
2004-03-24,31.32867132867105,0.2,15.99
2004-03-25,31.41945773524693,0.2,15.92
2004-03-26,31.510244141822806,0.2,15.85
2004-03-29,31.515151515151235,0.2,15.71
2004-03-30,31.446448288553274,0.2,15.41
2004-03-31,31.06121948227184,0.2,15.91
2004-04-01,30.997423629002306,0.2,15.2
2004-04-02,31.65501165501138,0.2,16.42
2004-04-05,31.99607410133698,0.2,16.12
2004-04-06,31.63783584836189,0.2,16.1
2004-04-07,31.323763955342628,0.2,16.31
2004-04-08,31.47589252852383,0.2,16.32
2004-04-09,31.458716721874342,0.2,16.29
2004-04-12,31.463624095202768,0.2,14.77
2004-04-13,31.8856582014474,0.2,15.3
2004-04-14,31.846399214819986,0.2,15.3
2004-04-15,31.78260336155045,0.2,14.87
2004-04-16,31.77524230155781,0.2,14.84
2004-04-19,31.635382161697674,0.2,14.84
2004-04-20,32.18010060115296,0.2,15.61
2004-04-21,32.22426696110879,0.2,14.63
2004-04-22,32.10649000122657,0.2,14.15
2004-04-23,32.26107226107198,0.2,14.02
2004-04-26,32.0745920745918,0.2,14.17
2004-04-27,31.87338976812633,0.2,14.32
2004-04-28,32.05986995460652,0.2,13.5
2004-04-29,31.723714881609343,0.2,13.72
2004-04-30,31.7899644215431,0.2,13.42
2004-05-03,31.912648754753743,0.2,13.44
2004-05-04,31.43908722856064,0.2,13.55
2004-05-05,31.262421788737306,0.2,13.63
2004-05-06,31.500429395165963,0.2,13.79
2004-05-07,31.94454668138851,0.2,14.42
2004-05-10,31.858667648141054,0.19,14.43
2004-05-11,31.80468654152837,0.19,13.9
2004-05-12,31.760520181572538,0.19,13.88
2004-05-13,31.944546681388513,0.19,12.51
2004-05-14,31.79241810820731,0.19,12.17
2004-05-17,31.296773402036294,0.19,12.61
2004-05-18,31.490614648509112,0.19,12.4
2004-05-19,31.345847135320547,0.19,12.39
2004-05-20,31.53478100846494,0.19,12.52
2004-05-21,31.48570727518068,0.19,12.53
2004-05-24,31.380198748619527,0.19,11.87
2004-05-25,31.21334805545305,0.19,11.95
2004-05-26,31.21089436878884,0.19,11.95
2004-05-27,30.563121089436617,0.19,13.41
2004-05-28,30.72261072261046,0.19,13.51
2004-05-31,30.77168445589472,0.19,12.33
2004-06-01,30.58275058275032,0.19,12.37
2004-06-02,30.678444362654627,0.19,12.45
2004-06-03,30.668629615997776,0.19,12.3
2004-06-04,30.41835357624805,0.19,12.39
2004-06-07,30.352104036314305,0.19,12.31
2004-06-08,30.369279842963792,0.19,12.11
2004-06-09,30.781499202551565,0.19,12.64
2004-06-10,30.55821371610819,0.19,12.74
2004-06-11,30.911544595754858,0.19,13.22
2004-06-14,30.828119249171614,0.19,12.52
2004-06-15,30.66372224266935,0.19,12.51
2004-06-16,31.07839528892134,0.19,12.98
2004-06-17,30.729971782603098,0.19,12.57
2004-06-18,30.5410379094587,0.19,12.64
2004-06-21,30.58029689608611,0.18,12.67
2004-06-22,30.666175929333566,0.18,12.73
2004-06-23,30.75450864924523,0.18,12.61
2004-06-24,30.545945282787123,0.18,12.68
2004-06-25,30.60483376272824,0.18,11.9
2004-06-28,30.65636118267671,0.18,11.74
2004-06-29,31.068580542264485,0.19,12.42
2004-06-30,30.639185376027218,0.19,12.91
2004-07-01,30.649000122684072,0.18,12.91
2004-07-02,30.271132376395276,0.19,13.35
2004-07-05,30.334928229664815,0.19,13.32
2004-07-06,30.354557722978527,0.18,13.33
2004-07-07,30.104281683228802,0.18,12.04
2004-07-08,30.07483744325824,0.18,11.91
2004-07-09,30.00613421666028,0.18,11.89
2004-07-12,30.055207949944535,0.19,11.8
2004-07-13,30.32756716967217,0.19,12.1
2004-07-14,30.168077536498327,0.19,12.19
2004-07-15,30.342289289657447,0.19,12.09
2004-07-16,30.057661636608753,0.19,12.4
2004-07-19,30.13617960986356,0.19,12.43
2004-07-20,30.531223162801847,0.19,12.38
2004-07-21,30.666175929333562,0.19,12.26
2004-07-22,30.636731689363,0.19,11.75
2004-07-23,31.100478468899258,0.19,12.58
2004-07-26,31.02932155563708,0.21,12.48
2004-07-27,31.304134462028934,0.21,12.11
2004-07-28,31.291866028707872,0.21,11.57
2004-07-29,31.41455036191852,0.21,11.42
2004-07-30,31.443994601889074,0.21,11.42
2004-08-02,31.390013495276392,0.2,11.43
2004-08-03,31.36056925530583,0.21,11.42
2004-08-04,31.31885658201421,0.21,11.2
2004-08-05,31.30168077536472,0.21,11.21
2004-08-06,30.688259109311478,0.21,12.78
2004-08-09,30.76923076923051,0.21,12.13
2004-08-10,30.967979389031765,0.21,11.53
2004-08-11,30.950803582382274,0.21,11.53
2004-08-12,30.82566556250741,0.21,10.93
2004-08-13,30.388909336277504,0.21,11.79
2004-08-16,30.437983069561763,0.21,11.8
2004-08-17,30.511593669488157,0.21,11.53
2004-08-18,30.536130536130283,0.21,11.52
2004-08-19,30.504232609495517,0.21,11.49
2004-08-20,30.678444362654638,0.21,11.59
2004-08-23,31.149552202183532,0.21,12.14
2004-08-24,31.22807017543835,0.21,12.0
2004-08-25,31.245245982087845,0.21,11.91
2004-08-26,31.22561648877414,0.21,11.48
2004-08-27,31.47098515519543,0.21,11.64
2004-08-30,31.40228192859747,0.21,11.12
2004-08-31,31.073487915592928,0.21,11.58
2004-09-01,30.918905655747515,0.21,11.69
2004-09-02,30.950803582382285,0.21,10.77
2004-09-03,31.193718562139367,0.21,11.01
2004-09-06,31.183903815482513,0.21,10.68
2004-09-07,31.0882100355782,0.2,10.71
2004-09-08,30.928720402404362,0.2,10.73
2004-09-09,30.958164642374918,0.2,10.73
2004-09-10,30.87719298245589,0.2,10.75
2004-09-13,30.887007729112742,0.21,10.75
2004-09-14,30.882100355784313,0.21,10.75
2004-09-15,31.15691326217617,0.2,11.1
2004-09-16,31.127469022205613,0.2,9.3
2004-09-17,31.110293215556123,0.2,9.28
2004-09-20,31.196172248803578,0.2,9.12
2004-09-21,30.75941602257367,0.2,10.08
2004-09-22,30.909090909090658,0.2,10.12
2004-09-23,30.926266715740148,0.2,9.09
2004-09-24,30.953257269046496,0.2,9.08
2004-09-27,30.943442522389645,0.2,9.07
2004-09-28,30.894368789105386,0.2,9.09
2004-09-29,30.894368789105386,0.2,9.08
2004-09-30,30.5753895227577,0.2,9.48
2004-10-01,30.65636118267673,0.2,8.26
2004-10-04,31.036682615629736,0.21,9.08
2004-10-05,30.963072015703347,0.21,9.1
2004-10-06,31.026867868972886,0.21,9.12
2004-10-07,31.029321555637097,0.21,8.78
2004-10-08,30.69316648263992,0.21,9.3
2004-10-11,30.688259109311495,0.21,8.8
2004-10-12,30.80848975585793,0.21,8.78
2004-10-13,30.70543491596099,0.21,8.82
2004-10-14,30.548398969451362,0.21,8.57
2004-10-15,30.271132376395293,0.21,8.93
2004-10-18,30.214697583118394,0.21,8.91
2004-10-19,30.16807753649835,0.22,8.82
2004-10-20,29.959514170040247,0.22,8.98
2004-10-21,29.878542510121214,0.22,8.98
2004-10-22,29.709238130290522,0.22,9.07
2004-10-25,29.36081462397228,0.22,9.58
2004-10-26,29.473684210526073,0.22,9.18
2004-10-27,29.606183290393574,0.22,9.37
2004-10-28,29.449147343883947,0.22,9.43
2004-10-29,29.30437983069538,0.22,9.36
2004-11-01,29.493313703839778,0.22,8.93
2004-11-02,29.505582137160847,0.22,8.74
2004-11-03,29.28720402404589,0.22,8.88
2004-11-04,29.14243651085733,0.22,8.88
2004-11-05,28.89216047110761,0.21,9.08
2004-11-08,28.978039504355063,0.22,9.21
2004-11-09,29.032020610967745,0.22,9.27
2004-11-10,28.992761624340336,0.22,8.92
2004-11-11,28.89706784443603,0.22,8.82
2004-11-12,28.757207704575887,0.22,7.64
2004-11-15,28.928965771070796,0.22,8.06
2004-11-16,28.857808857808614,0.22,7.94
2004-11-17,28.531468531468295,0.22,8.33
2004-11-18,28.737578211262182,0.22,8.48
2004-11-19,28.50447797816195,0.22,8.63
2004-11-22,28.524107471475656,0.23,8.45
2004-11-23,28.421052631578714,0.22,8.46
2004-11-24,28.09961967856681,0.22,8.83
2004-11-25,27.94749110538561,0.22,8.65
2004-11-26,27.94749110538561,0.23,8.69
2004-11-29,28.018648018647784,0.23,8.82
2004-11-30,28.00392589866251,0.23,8.73
2004-12-01,27.97938903202038,0.22,8.74
2004-12-02,28.254201938412233,0.22,9.38
2004-12-03,27.751196172248576,0.22,10.15
2004-12-06,27.994111152005658,0.22,10.51
2004-12-07,28.016194331983574,0.23,10.36
2004-12-08,28.190406085142694,0.23,10.58
2004-12-09,28.22475769844168,0.23,10.55
2004-12-10,28.477487424855614,0.23,10.75
2004-12-13,28.317997791681766,0.22,10.81
2004-12-14,28.33026622500283,0.23,10.66
2004-12-15,28.030916451968853,0.23,10.98
2004-12-16,28.43577475156399,0.23,11.7
2004-12-17,28.39160839160816,0.22,11.65
2004-12-20,28.20267451846376,0.23,11.75
2004-12-21,28.313090418353344,0.23,11.84
2004-12-22,28.291007238375425,0.23,11.82
2004-12-23,28.057907005275197,0.23,11.97
2004-12-24,28.060360691939408,0.23,11.79
2004-12-27,27.856704698809732,0.22,11.93
2004-12-28,27.82235308551075,0.22,11.51
2004-12-29,27.81744571218232,0.22,11.24
2004-12-30,27.78064041221913,0.22,11.03
2004-12-31,27.981842718684597,0.22,11.28
2005-01-03,28.17077659182899,0.22,11.45
2005-01-04,28.649245491350523,0.22,12.02
2005-01-05,28.66887498466423,0.22,11.88
2005-01-06,28.825910931173865,0.22,11.95
2005-01-07,29.066372224266736,0.22,12.14
2005-01-10,29.017298490982473,0.22,12.16
2005-01-11,29.041835357624603,0.21,12.14
2005-01-12,28.66887498466423,0.21,12.56
2005-01-13,28.747392957919043,0.21,11.19
2005-01-14,28.94614157772029,0.21,11.09
2005-01-17,29.032020610967745,0.21,11.11
2005-01-18,29.093362777573073,0.21,11.0
2005-01-19,29.098270150901502,0.21,11.01
2005-01-20,29.203778677462655,0.21,10.77
2005-01-21,29.093362777573073,0.21,10.68
2005-01-24,29.034474297631963,0.21,10.71
2005-01-25,29.274935590724834,0.22,10.32
2005-01-26,29.05165010428145,0.21,9.87
2005-01-27,29.05655747760988,0.21,9.85
2005-01-28,29.112992270886778,0.21,9.57
2005-01-31,29.17188075082788,0.22,9.54
2005-02-01,29.220954484112145,0.22,9.52
2005-02-02,29.272481904060616,0.22,9.07
2005-02-03,29.493313703839778,0.22,9.24
2005-02-04,29.721506563611587,0.22,8.97
2005-02-07,30.042939516623484,0.22,9.25
2005-02-08,29.976689976689734,0.22,9.33
2005-02-09,29.856459330143302,0.22,9.46
2005-02-10,29.652803337013623,0.22,9.74
2005-02-11,29.70678444362631,0.22,9.63
2005-02-14,29.392712550607047,0.22,9.16
2005-02-15,29.1939639308058,0.21,9.44
2005-02-16,29.1375291375289,0.21,9.35
2005-02-17,29.056557477609875,0.21,9.06
2005-02-18,29.02711323763932,0.21,9.05
2005-02-21,29.002576370997186,0.21,9.05
2005-02-22,28.421052631578718,0.21,10.21
2005-02-23,28.551098024782,0.21,10.28
2005-02-24,28.690958164642144,0.22,10.16
2005-02-25,28.509385351490383,0.21,10.27
2005-02-28,28.53882959146094,0.21,10.25
2005-03-01,28.587903324745202,0.21,10.27
2005-03-02,28.796466691203303,0.21,10.46
2005-03-03,28.980493191019274,0.21,10.61
2005-03-04,28.693411851306355,0.21,11.0
2005-03-07,28.83081830450228,0.21,10.79
2005-03-08,28.504477978161958,0.21,11.07
2005-03-09,28.433321064899786,0.21,11.08
2005-03-10,28.313090418353347,0.21,11.1
2005-03-11,28.22475769844169,0.21,11.08
2005-03-14,28.45295055821349,0.2,11.39
2005-03-15,28.59526438473784,0.19,11.5
2005-03-16,28.28119249171858,0.19,11.59
2005-03-17,28.384247331615526,0.19,11.36
2005-03-18,28.556005398110436,0.19,10.96
2005-03-21,28.919151024413953,0.18,11.78
2005-03-22,29.147343884185755,0.17,12.05
2005-03-23,29.350999877315427,0.17,12.12
2005-03-24,29.485952643847142,0.17,12.19
2005-03-25,29.436878910562882,0.17,11.77
2005-03-28,29.535026377131402,0.17,11.62
2005-03-29,29.488406330511353,0.16,11.61
2005-03-30,29.451601030548158,0.16,11.58
2005-03-31,29.358360937308063,0.16,11.62
2005-04-01,29.510489510489275,0.16,11.7
2005-04-04,29.684701263648392,0.14,9.85
2005-04-05,29.569377990430386,0.14,9.93
2005-04-06,29.584100110415662,0.14,9.86
2005-04-07,29.613544350386217,0.14,9.59
2005-04-08,29.37799043062177,0.14,9.99
2005-04-11,29.292111397374317,0.14,10.06
2005-04-12,29.419703103913392,0.15,9.92
2005-04-13,29.441786283891307,0.15,9.76
2005-04-14,29.79020979020955,0.14,9.76
2005-04-15,29.441786283891307,0.15,10.45
2005-04-18,29.139982824193115,0.14,10.33
2005-04-19,28.968224757698213,0.14,10.48
2005-04-20,28.9093362777571,0.14,10.41
2005-04-21,29.024659550975112,0.14,10.38
2005-04-22,28.98049319101928,0.15,10.17
2005-04-25,29.127714390872057,0.15,10.17
2005-04-26,29.117899644215207,0.14,9.51
2005-04-27,29.262667157403772,0.14,9.56
2005-04-28,29.27248190406062,0.14,9.43
2005-04-29,29.324009324009094,0.14,8.7
2005-05-02,29.387805177278626,0.14,8.42
2005-05-03,29.40988835725654,0.14,8.16
2005-05-04,29.250398724082693,0.14,8.2
2005-05-05,29.284750337381677,0.14,8.2
2005-05-06,29.613544350386217,0.14,8.82
2005-05-09,29.579192737087233,0.14,8.82
2005-05-10,29.46632315053344,0.15,8.89
2005-05-11,29.574285363758808,0.15,8.89
2005-05-12,29.822107716844314,0.14,9.1
2005-05-13,30.02576370997399,0.14,9.16
2005-05-16,29.97423629002552,0.14,9.09
2005-05-17,30.067476383265618,0.13,9.12
2005-05-18,29.880996196785432,0.13,9.34
2005-05-19,29.974236290025523,0.13,9.01
2005-05-20,30.273586063059504,0.13,9.35
2005-05-23,30.20242914979733,0.13,9.35
2005-05-24,30.14844804318464,0.13,9.39
2005-05-25,30.10182799656459,0.13,8.77
2005-05-26,30.334928229664825,0.13,8.19
2005-05-27,30.19016071647626,0.13,7.63
2005-05-30,30.391363022941718,0.13,7.47
2005-05-31,30.629370629370378,0.12,7.59
2005-06-01,30.85510980247797,0.12,7.74
2005-06-02,30.725064409274683,0.12,7.9
2005-06-03,30.734879155931534,0.12,7.86
2005-06-06,30.65390749601251,0.12,7.95
2005-06-07,30.55576002944399,0.12,8.02
2005-06-08,30.788860262544215,0.12,8.21
2005-06-09,30.783952889215787,0.12,8.23
2005-06-10,31.137283768862456,0.12,8.73
2005-06-13,31.176542755489862,0.12,8.73
2005-06-14,31.34584713532056,0.11,8.47
2005-06-15,31.1839038154825,0.11,8.76
2005-06-16,31.210894368788843,0.11,8.31
2005-06-17,30.86001717580639,0.11,9.16
2005-06-20,31.183903815482495,0.11,9.39
2005-06-21,31.056312108943423,0.11,9.54
2005-06-22,31.21334805545305,0.11,9.38
2005-06-23,31.38755980861217,0.1,9.32
2005-06-24,31.264875475401528,0.1,9.42
2005-06-27,31.125015335541384,0.1,9.57
2005-06-28,31.451355661881713,0.1,9.67
2005-06-29,31.468531468531204,0.1,9.66
2005-06-30,31.441540915224863,0.1,9.34
2005-07-01,31.809593914856805,0.11,9.76
2005-07-04,31.986259354680136,0.11,9.76
2005-07-05,31.99362041467277,0.1,9.71
2005-07-06,31.95681511470957,0.1,9.6
2005-07-07,31.851306588148415,0.1,9.52
2005-07-08,31.88320451478318,0.1,9.4
2005-07-11,31.583854741749196,0.1,9.76
2005-07-12,31.18881118881091,0.1,10.38
2005-07-13,31.64765059501874,0.1,11.11
2005-07-14,31.65501165501137,0.1,11.11
2005-07-15,31.789964421543086,0.1,11.09
2005-07-18,31.767881241565167,0.1,11.02
2005-07-19,31.897926634768453,0.1,10.89
2005-07-20,31.574039995092342,0.1,11.41
2005-07-21,31.529873635136507,0.1,10.94
2005-07-22,31.81450128818521,0.1,11.24
2005-07-25,31.80714022819257,0.1,11.15
2005-07-26,31.890565574775813,0.1,11.02
2005-07-27,31.77278861489359,0.1,11.1
2005-07-28,31.539688381793358,0.1,10.77
2005-07-29,31.637835848361878,0.1,10.37
2005-08-01,31.387559808612153,0.1,10.59
2005-08-02,31.340939761992114,0.1,10.5
2005-08-03,30.948349895718042,0.1,11.03
2005-08-04,30.872285609127438,0.1,10.99
2005-08-05,30.97043307569595,0.1,10.97
2005-08-08,30.948349895718035,0.1,10.47
2005-08-09,30.904183535762204,0.1,10.46
2005-08-10,30.840387682492665,0.1,10.47
2005-08-11,30.565574776100817,0.1,10.03
2005-08-12,30.609741136056652,0.09,9.84
2005-08-15,30.791313949208405,0.09,10.08
2005-08-16,30.774138142558915,0.09,10.08
2005-08-17,30.967979389031736,0.09,10.31
2005-08-18,31.191264875475117,0.09,10.58
2005-08-19,31.299227088700487,0.09,10.3
2005-08-22,31.16672800883299,0.09,9.66
2005-08-23,31.16182063550456,0.09,8.53
2005-08-24,31.026867868972847,0.09,8.6
2005-08-25,30.828119249171593,0.09,8.63
2005-08-26,30.887007729112703,0.09,8.67
2005-08-29,31.088210035578168,0.09,8.83
2005-08-30,31.152005888847707,0.09,8.38
2005-08-31,30.74469390258835,0.08,9.2
2005-09-01,30.290761869708955,0.08,9.6
2005-09-02,30.17789228315516,0.08,9.6
2005-09-05,30.224512329775205,0.08,9.56
2005-09-06,30.384001962949046,0.08,9.78
2005-09-07,30.501778922831267,0.08,9.73
2005-09-08,30.543491596122884,0.08,9.68
2005-09-09,30.504232609495478,0.08,9.45
2005-09-12,30.86983192246321,0.08,10.2
2005-09-13,30.953257269046453,0.08,9.53
2005-09-14,30.86001717580636,0.08,9.54
2005-09-15,31.102932155563444,0.08,9.79
2005-09-16,31.1520058888477,0.08,9.79
2005-09-19,31.372837688626866,0.07,9.99
2005-09-20,31.461170408538536,0.06,9.98
2005-09-21,31.181450128818256,0.07,9.98
2005-09-22,31.370384001962652,0.07,10.1
2005-09-23,31.708992761624046,0.07,10.42
2005-09-26,31.637835848361867,0.06,10.46
2005-09-27,31.797325481535708,0.07,10.41
2005-09-28,31.716353821616682,0.07,10.27
2005-09-29,31.755612808244088,0.07,10.23
2005-09-30,31.748251748251448,0.07,10.13
2005-10-03,31.93718562139585,0.06,10.25
2005-10-04,31.93718562139585,0.06,10.13
2005-10-05,31.72371488160932,0.07,10.15
2005-10-06,31.181450128818263,0.07,11.51
2005-10-07,31.35320819531317,0.07,11.47
2005-10-10,31.488160961844887,0.07,11.52
2005-10-11,31.64028953502609,0.07,10.79
2005-10-12,31.59121580174183,0.07,9.65
2005-10-13,31.630474788369227,0.07,9.52
2005-10-14,31.532327321800715,0.07,9.62
2005-10-17,31.71144644828826,0.07,9.64
2005-10-18,31.858667648141036,0.06,9.66
2005-10-19,31.77278861489358,0.06,9.74
2005-10-20,31.59612317507025,0.07,9.93
2005-10-21,31.704085388295617,0.06,9.39
2005-10-24,31.581401055084967,0.05,9.48
2005-10-25,31.32376395534261,0.05,9.79
2005-10-26,31.480799901852237,0.05,9.63
2005-10-27,31.242792295423584,0.06,9.91
2005-10-28,31.417004048582704,0.05,9.83
2005-10-31,31.618206355048166,0.05,9.98
2005-11-01,31.60839160839132,0.05,9.57
2005-11-02,31.36302294197002,0.05,9.72
2005-11-03,31.696724328302984,0.05,9.7
2005-11-04,32.0794994479202,0.05,10.32
2005-11-07,32.042694147957015,0.05,10.23
2005-11-08,32.170285854496086,0.05,10.25
2005-11-09,32.16292479450345,0.05,10.25
2005-11-10,32.27824806772146,0.05,10.29
2005-11-11,32.16292479450345,0.05,10.22
2005-11-14,32.342043920991,0.05,10.35
2005-11-15,32.30523862102781,0.05,10.12
2005-11-16,32.52607042080697,0.05,8.63
2005-11-17,32.317507054348866,0.05,8.85
2005-11-18,32.243896454422476,0.04,8.84
2005-11-21,32.388663967611045,0.03,8.83
2005-11-22,32.165378481167664,0.02,9.1
2005-11-23,32.170285854496086,0.02,9.1
2005-11-24,32.27824806772146,0.02,9.07
2005-11-25,32.35431235431206,0.02,8.95
2005-11-28,32.02551834130751,0.02,9.44
2005-11-29,32.23898908109405,0.02,9.59
2005-11-30,32.27088700772881,0.02,9.4
2005-12-01,32.33222917433414,0.02,9.37
2005-12-02,32.31505336768464,0.02,9.27
2005-12-05,32.07213838792756,0.02,9.22
2005-12-06,32.06968470126335,0.02,9.13
2005-12-07,32.22917433443719,0.02,8.85
2005-12-08,31.90038032143266,0.02,9.35
2005-12-09,31.964176174702196,0.02,9.19
2005-12-12,31.65255796834715,0.02,9.68
2005-12-13,31.72862225493775,0.02,9.39
2005-12-14,31.456263035210114,0.02,9.22
2005-12-15,31.630474788369227,0.02,8.6
2005-12-16,31.650104281682935,0.02,8.6
2005-12-19,31.711446448288257,0.02,8.53
2005-12-20,32.12121212121182,0.02,9.42
2005-12-21,32.21690590111612,0.02,9.4
2005-12-22,32.20218378113084,0.02,9.33
2005-12-23,32.19236903447399,0.02,9.18
2005-12-26,32.24389645442247,0.02,9.19
2005-12-27,32.33468286099835,0.02,8.98
2005-12-28,32.31750705434885,0.02,8.78
2005-12-29,32.26352594773617,0.02,8.76
2005-12-30,32.22672064777298,0.02,8.66
2006-01-02,32.25616488774354,0.02,8.41
2006-01-03,31.662372715004,0.02,10.1
2006-01-04,31.32867132867104,0.02,10.45
2006-01-05,31.30413446202891,0.02,10.4
2006-01-06,31.166728008832983,0.01,10.07
2006-01-09,31.301680775364698,0.02,9.93
2006-01-10,31.41945773524692,0.02,10.02
2006-01-11,31.304134462028916,0.02,10.01
2006-01-12,31.537234695129147,0.01,10.33
2006-01-13,31.326217642006824,0.01,10.28
2006-01-16,31.377745061955302,0.01,10.31
2006-01-17,31.417004048582715,0.0,10.18
2006-01-18,31.397374555269014,0.0,9.75
2006-01-19,31.507790455158595,0.0,9.8
2006-01-20,31.3188565820142,0.01,9.53
2006-01-23,30.840387682492672,0.01,10.49
2006-01-24,30.93853514906119,0.0,10.28
2006-01-25,31.046497362286562,0.0,10.19
2006-01-26,31.15936694884036,0.01,10.26
2006-01-27,31.517605201815453,0.0,10.85
2006-01-30,31.581401055084985,0.01,10.1
2006-01-31,31.355661881977394,0.01,10.23
2006-02-01,31.635382161697663,0.02,10.64
2006-02-02,31.55441050177864,0.02,10.66
2006-02-03,31.77033492822938,0.02,10.87
2006-02-06,31.924917188074797,0.02,10.95
2006-02-07,31.831677094834703,0.02,10.97
2006-02-08,31.88075082811896,0.02,10.98
2006-02-09,31.888111888111602,0.02,10.98
2006-02-10,32.06232364127072,0.02,11.12
2006-02-13,32.099128941233914,0.03,9.55
2006-02-14,32.09176788124128,0.03,8.91
2006-02-15,32.155563734510814,0.03,8.91
2006-02-16,32.13593424119711,0.03,8.77
2006-02-17,32.14084161452554,0.03,8.71
2006-02-20,32.08686050791286,0.03,8.7
2006-02-21,32.09422156790549,0.04,8.59
2006-02-22,32.158017421175025,0.04,8.36
2006-02-23,32.126119494540255,0.04,8.06
2006-02-24,32.319960741013084,0.03,8.2
2006-02-27,32.457367194209006,0.03,8.26
2006-02-28,32.18500797448137,0.04,8.73
2006-03-01,32.21199852778771,0.04,8.69
2006-03-02,31.846399214819982,0.05,9.22
2006-03-03,31.819408661513638,0.05,7.8
2006-03-06,31.86357502146947,0.05,7.77
2006-03-07,32.2291743344372,0.05,8.34
2006-03-08,32.09176788124128,0.05,8.47
2006-03-09,32.24144276775827,0.05,7.92
2006-03-10,32.32486811434151,0.05,7.93
2006-03-13,32.19236903447401,0.03,7.7
2006-03-14,31.964176174702203,0.03,7.65
2006-03-15,31.789964421543086,0.03,7.8
2006-03-16,31.6402895350261,0.02,7.66
2006-03-17,31.64274322169031,0.02,7.51
2006-03-20,31.689363268310355,0.02,7.48
2006-03-21,31.927370874739015,0.02,7.81
2006-03-22,32.0181572813149,0.02,7.85
2006-03-23,32.31014599435624,0.02,8.15
2006-03-24,32.16537848116768,0.02,8.27
2006-03-27,32.11385106121921,0.02,8.28
2006-03-28,32.14084161452555,0.02,8.26
2006-03-29,32.15311004784662,0.02,8.26
2006-03-30,31.821862348177866,0.02,8.83
2006-03-31,32.000981474665416,0.02,8.99
2006-04-03,32.00588884799384,0.01,8.99
2006-04-04,31.66482640166824,0.01,9.51
2006-04-05,31.49797570850176,0.0,9.61
2006-04-06,31.65255796834717,0.01,9.55
2006-04-07,31.93473193473167,0.0,9.87
2006-04-10,31.959268801373792,0.0,9.57
2006-04-11,31.853760274812636,0.0,9.6
2006-04-12,31.868482394797915,0.0,8.97
2006-04-13,31.843945528155785,0.01,8.97
2006-04-14,31.856213961476854,0.01,8.96
2006-04-17,31.40473561526167,0.01,9.22
2006-04-18,31.134830082198246,0.0,9.46
2006-04-19,31.085756348913986,0.0,9.29
2006-04-20,31.365476628634266,0.01,9.72
2006-04-21,31.299227088700516,0.01,9.68
2006-04-24,31.117654275548755,0.02,9.61
2006-04-25,31.11274690222033,0.02,9.51
2006-04-26,31.169181695497223,0.02,9.46
2006-04-27,30.894368789105375,0.02,9.78
2006-04-28,30.396270396270136,0.02,10.78
2006-05-01,30.45025150288283,0.02,10.48
2006-05-02,30.366826156299588,0.02,10.39
2006-05-03,30.342289289657455,0.02,9.83
2006-05-04,30.163170163169912,0.02,9.87
2006-05-05,30.084652189915097,0.01,9.87
2006-05-08,30.128818549870928,0.02,9.89
2006-05-09,29.94969942338338,0.02,9.92
2006-05-10,29.898172003434908,0.02,9.61
2006-05-11,29.77548767022426,0.03,9.32
2006-05-12,29.380444117285975,0.03,9.83
2006-05-15,29.731321310268427,0.03,10.47
2006-05-16,29.615998037050417,0.03,10.44
2006-05-17,29.8024782235306,0.02,10.54
2006-05-18,29.589007483744073,0.02,10.08
2006-05-19,29.85400564347907,0.02,10.61
2006-05-22,29.539933750459813,0.02,10.89
2006-05-23,29.657710710342037,0.02,11.03
2006-05-24,29.883449883449632,0.02,11.43
2006-05-25,29.871181450128564,0.03,11.42
2006-05-26,30.07238375659402,0.03,11.08
2006-05-29,30.050300576616106,0.03,10.86
2006-05-30,29.71905287694736,0.04,11.26
2006-05-31,29.91534781008439,0.05,11.07
2006-06-01,29.97178260336129,0.05,11.12
2006-06-02,29.645442277020965,0.05,11.41
2006-06-05,29.64053490369254,0.05,11.41
2006-06-06,29.827015090172726,0.05,11.61
2006-06-07,29.981597350018145,0.05,11.55
2006-06-08,30.229419703103655,0.05,10.86
2006-06-09,30.209790209789954,0.05,10.84
2006-06-12,30.276039749723697,0.05,10.84
2006-06-13,30.42080726291227,0.05,10.93
2006-06-14,30.219604956446805,0.05,10.97
2006-06-15,30.19752177646889,0.05,10.94
2006-06-16,30.217151269782594,0.05,10.93
2006-06-19,30.440436756225974,0.05,10.98
2006-06-20,30.40117776959857,0.05,10.97
2006-06-21,30.280947123052133,0.04,10.96
2006-06-22,30.496871549502874,0.04,10.23
2006-06-23,30.653907496012504,0.04,9.78
2006-06-26,30.496871549502874,0.04,9.84
2006-06-27,30.516501042816586,0.04,9.71
2006-06-28,30.565574776100846,0.04,9.38
2006-06-29,30.337381916329036,0.03,9.4
2006-06-30,30.011041589988718,0.03,9.43
2006-07-03,30.035578456630844,0.03,9.37
2006-07-04,30.047846889951913,0.03,9.11
2006-07-05,30.23678076309631,0.03,9.28
2006-07-06,30.126364863206728,0.03,9.15
2006-07-07,30.020856336645572,0.03,9.21
2006-07-10,30.192614403140478,0.03,8.7
2006-07-11,30.074837443258257,0.03,8.59
2006-07-12,30.271132376395293,0.02,8.78
2006-07-13,30.1778922831552,0.03,8.13
2006-07-14,30.285854496380573,0.02,8.18
2006-07-17,30.626916942706174,0.02,8.61
2006-07-18,30.744693902588395,0.03,8.56
2006-07-19,30.64409274935566,0.02,8.33
2006-07-20,30.52876947613765,0.02,8.42
2006-07-21,30.342289289657465,0.02,8.62
2006-07-24,30.560667402772424,0.03,8.77
2006-07-25,30.75941602257367,0.04,8.7
2006-07-26,30.43798306956177,0.04,9.31
2006-07-27,30.388909336277507,0.03,9.33
2006-07-28,30.26131762973844,0.03,9.14
2006-07-31,30.209790209789965,0.03,9.15
2006-08-01,30.07974481658668,0.03,9.16
2006-08-02,30.202429149797332,0.03,8.98
2006-08-03,30.209790209789972,0.03,8.82
2006-08-04,30.020856336645572,0.03,8.88
2006-08-07,30.067476383265618,0.02,8.9
2006-08-08,30.074837443258257,0.02,8.88
2006-08-09,30.096920623236173,0.02,8.62
2006-08-10,30.278493436387937,0.02,8.17
2006-08-11,30.501778922831317,0.01,8.44
2006-08-14,30.479695742853398,0.01,8.45
2006-08-15,30.344742976321683,0.01,8.37
2006-08-16,30.182799656483628,0.01,8.46
2006-08-17,30.25395656974581,0.01,8.41
2006-08-18,30.258863943074232,0.01,8.24
2006-08-21,30.047846889951913,0.01,8.43
2006-08-22,30.280947123052147,0.01,8.53
2006-08-23,30.307937676358492,0.01,8.47
2006-08-24,30.39872408293437,0.01,8.45
2006-08-25,30.42080726291229,0.01,7.73
2006-08-28,30.35701140964275,0.01,7.65
2006-08-29,30.1582627898415,0.01,7.82
2006-08-30,30.121457489878306,0.01,7.76
2006-08-31,30.192614403140478,0.01,7.6
2006-09-01,30.21224389645419,0.01,7.26
2006-09-04,30.136179609863582,0.01,6.96
2006-09-05,30.278493436387933,0.01,6.44
2006-09-06,30.3103913630227,0.01,6.44
2006-09-07,30.48951048951024,0.01,6.55
2006-09-08,30.61219482272089,0.01,6.61
2006-09-11,30.54103790945871,0.01,6.5
2006-09-12,30.688259109311485,0.01,6.54
2006-09-13,30.702981229296768,0.01,6.54
2006-09-14,30.71524966261783,0.01,6.19
2006-09-15,30.8035823825295,0.01,6.22
2006-09-18,30.680898049318845,0.01,6.38
2006-09-19,30.710342289289404,0.01,6.39
2006-09-20,30.717703349282043,0.01,6.17
2006-09-21,30.489510489510234,0.02,6.23
2006-09-22,30.322659796343753,0.02,6.44
2006-09-25,30.396270396270143,0.02,6.35
2006-09-26,30.504232609495517,0.03,6.2
2006-09-27,30.53122316280186,0.03,6.18
2006-09-28,30.59992638939983,0.03,6.2
2006-09-29,30.685805422647285,0.03,5.8
2006-10-02,30.504232609495524,0.02,5.71
2006-10-03,30.558213716108206,0.02,5.72
2006-10-04,30.63918537602723,0.02,5.71
2006-10-05,30.715249662617833,0.02,5.75
2006-10-06,30.92135934241172,0.02,6.0
2006-10-09,30.965525702367557,0.02,5.57
2006-10-10,31.161820635504593,0.02,5.76
2006-10-11,31.228070175438344,0.02,5.75
2006-10-12,31.13237639553404,0.02,5.89
2006-10-13,31.230523862102554,0.02,5.82
2006-10-16,31.181450128818295,0.01,5.77
2006-10-17,31.117654275548755,0.01,5.84
2006-10-18,31.16918169549723,0.02,5.64
2006-10-19,30.860017175806398,0.01,6.4
2006-10-20,30.894368789105386,0.01,6.35
2006-10-23,31.073487915592928,0.01,6.42
2006-10-24,31.083302662249785,0.01,6.42
2006-10-25,31.04158998895816,0.01,6.44
2006-10-26,30.754508649245256,0.01,7.0
2006-10-27,30.636731689363028,0.01,7.0
2006-10-30,30.634278002698817,0.01,6.99
2006-10-31,30.528769476137658,0.01,7.06
2006-11-01,30.563121089436642,0.01,6.7
2006-11-02,30.55330634277979,0.01,6.48
2006-11-03,30.75941602257368,0.01,6.73
2006-11-06,30.810943442522152,0.02,6.68
2006-11-07,30.65636118267674,0.02,6.86
2006-11-08,30.698073855968357,0.02,6.84
2006-11-09,30.501778922831317,0.02,7.06
2006-11-10,30.467427309532336,0.02,6.84
2006-11-13,30.54594528278715,0.02,6.87
2006-11-14,30.5165010428166,0.02,6.82
2006-11-15,30.568028462765074,0.02,6.8
2006-11-16,30.622009569377763,0.02,6.49
2006-11-17,30.523862102809247,0.02,6.52
2006-11-20,30.526315789473458,0.02,6.17
2006-11-21,30.452705189547068,0.02,6.13
2006-11-22,30.09201324990776,0.02,6.94
2006-11-23,30.05030057661614,0.02,6.81
2006-11-24,29.67488651699156,0.02,7.6
2006-11-27,29.606183290393595,0.02,7.6
2006-11-28,29.510489510489297,0.02,7.54
2006-11-29,29.6822475769842,0.03,7.45
2006-11-30,29.390258863942858,0.03,7.83
2006-12-01,29.277389277389066,0.03,7.5
2006-12-04,29.272481904060637,0.03,7.48
2006-12-05,29.255306097411143,0.03,7.49
2006-12-06,29.341185130658598,0.03,7.29
2006-12-07,29.328916697337537,0.03,7.26
2006-12-08,29.57428536375883,0.03,7.83
2006-12-11,29.517850570481937,0.03,7.8
2006-12-12,29.434425223898693,0.03,7.79
2006-12-13,29.598822230400955,0.03,8.05
2006-12-14,29.807385596859064,0.03,8.08
2006-12-15,29.96932891669712,0.04,8.27
2006-12-18,29.993865783339245,0.03,8.19
2006-12-19,29.79266347687378,0.03,8.35
2006-12-20,29.885903570113875,0.03,8.27
2006-12-21,29.84909827015068,0.03,8.27
2006-12-22,29.939884676726564,0.03,8.29
2006-12-25,29.930069930069713,0.03,8.29
2006-12-26,30.015948963317168,0.03,8.33
2006-12-27,30.101827996564616,0.03,8.36
2006-12-28,29.97668997668976,0.03,8.39
2006-12-29,29.937430990062346,0.03,8.39
2007-01-01,29.90553306342758,0.03,8.38
2007-01-02,29.780395043552716,0.03,7.7
2007-01-03,30.087105876579333,0.04,8.32
2007-01-04,30.251502883081606,0.04,7.49
2007-01-05,30.337381916329054,0.04,7.46
2007-01-08,30.337381916329054,0.04,7.36
2007-01-09,30.45515887621128,0.04,7.26
2007-01-10,30.58275058275035,0.04,6.51
2007-01-11,30.661268556005172,0.05,6.31
2007-01-12,30.602380076064062,0.05,6.38
2007-01-15,30.63673168936304,0.05,6.35
2007-01-16,30.624463256041974,0.05,6.36
2007-01-17,30.604833762728273,0.05,6.36
2007-01-18,30.5925653294072,0.05,6.02
2007-01-19,30.63918537602725,0.05,5.94
2007-01-22,30.646546436019896,0.05,5.81
2007-01-23,30.48705680284605,0.05,5.99
2007-01-24,30.617102196049334,0.05,5.79
2007-01-25,30.639185376027246,0.04,5.62
2007-01-26,30.75696233590947,0.04,5.69
2007-01-29,30.75205496258105,0.04,5.19
2007-01-30,30.70298122929679,0.04,5.22
2007-01-31,30.52631578947345,0.04,5.56
2007-02-01,30.511593669488175,0.04,5.52
2007-02-02,30.622009569377756,0.04,5.58
2007-02-05,30.636731689363028,0.04,5.55
2007-02-06,30.423260949576502,0.04,5.96
2007-02-07,30.462519936203915,0.04,5.8
2007-02-08,30.565574776100856,0.04,5.83
2007-02-09,30.60974113605669,0.04,5.8
2007-02-12,30.75696233590947,0.04,5.71
2007-02-13,30.5925653294072,0.03,5.29
2007-02-14,30.420807262912298,0.03,5.38
2007-02-15,30.29321555637322,0.03,5.47
2007-02-16,30.30548398969429,0.03,5.47
2007-02-19,30.244141823088967,0.03,5.36
2007-02-20,30.342289289657487,0.02,5.3
2007-02-21,30.37418721629226,0.02,5.24
2007-02-22,30.37909458962068,0.02,5.22
2007-02-23,30.244141823088967,0.02,5.35
2007-02-26,30.180345969819435,0.02,5.37
2007-02-27,29.873635136792814,0.04,6.11
2007-02-28,29.925162556741284,0.04,6.16
2007-03-01,29.97668997668976,0.04,6.16
2007-03-02,29.84909827015068,0.04,6.24
2007-03-05,29.954606796711847,0.05,6.23
2007-03-06,30.015948963317168,0.05,6.11
2007-03-07,29.871181450128603,0.05,6.21
2007-03-08,30.121457489878324,0.05,6.66
2007-03-09,30.295669243037445,0.05,6.94
2007-03-12,30.045393203287716,0.04,7.31
2007-03-13,29.878542510121235,0.05,7.3
2007-03-14,29.85155195681489,0.05,7.3
2007-03-15,29.8711814501286,0.05,7.19
2007-03-16,29.61599803705045,0.05,7.54
2007-03-19,29.74358974358952,0.05,7.48
2007-03-20,29.73132131026846,0.05,7.46
2007-03-21,29.6822475769842,0.05,7.35
2007-03-22,29.797570850202206,0.06,7.46
2007-03-23,29.912894123420212,0.06,7.4
2007-03-26,29.827015090172758,0.06,7.29
2007-03-27,29.765672923567436,0.06,7.16
2007-03-28,29.846644583486466,0.06,7.15
2007-03-29,29.87608882345702,0.06,7.15
2007-03-30,29.824561403508547,0.06,7.15
2007-04-02,29.824561403508547,0.06,7.06
2007-04-03,29.996319470003453,0.06,7.29
2007-04-04,29.932523616733913,0.06,7.31
2007-04-05,29.81229297018748,0.06,7.29
2007-04-06,29.98405103668239,0.06,7.5
2007-04-09,30.101827996564605,0.06,6.93
2007-04-10,29.85155195681488,0.06,7.37
2007-04-11,29.95460679671183,0.06,7.43
2007-04-12,29.86382039013595,0.05,7.37
2007-04-13,29.80983928352326,0.05,7.31
2007-04-16,29.797570850202188,0.05,7.28
2007-04-17,29.652803337013623,0.05,7.28
2007-04-18,29.54238743712404,0.05,6.84
2007-04-19,29.557109557109317,0.05,6.56
2007-04-20,29.652803337013623,0.05,6.24
2007-04-23,29.679793890319967,0.05,6.05
2007-04-24,29.481045270518713,0.05,6.35
2007-04-25,29.557109557109314,0.05,6.41
2007-04-26,29.655257023677827,0.05,5.97
2007-04-27,29.581646423751444,0.05,5.86
2007-04-30,29.623359097043068,0.04,5.88
2007-05-01,29.80247822353061,0.05,6.14
2007-05-02,29.780395043552694,0.05,6.03
2007-05-03,29.836829836829594,0.05,5.94
2007-05-04,29.731321310268438,0.05,5.98
2007-05-07,29.721506563611587,0.05,5.95
2007-05-08,29.893264630106493,0.05,6.14
2007-05-09,29.90307937676334,0.05,6.14
2007-05-10,29.934977303398114,0.05,6.12
2007-05-11,29.910440436755987,0.05,6.13
2007-05-14,29.9128941234202,0.05,5.87
2007-05-15,29.824561403508536,0.05,5.9
2007-05-16,30.020856336645572,0.06,6.1
2007-05-17,30.10918905655724,0.06,5.92
2007-05-18,30.114096429885667,0.06,5.81
2007-05-21,30.19506808980469,0.06,5.24
2007-05-22,30.18034596981941,0.06,5.16
2007-05-23,30.12391117654251,0.06,5.1
2007-05-24,30.126364863206724,0.06,5.06
2007-05-25,30.12881854987094,0.06,5.06
2007-05-28,30.14599435652043,0.06,4.79
2007-05-29,30.06993006992983,0.06,4.7
2007-05-30,30.07483744325825,0.06,4.7
2007-05-31,30.0650226966014,0.06,4.64
2007-06-01,30.1778922831552,0.06,4.74
2007-06-04,30.025763709973997,0.06,4.52
2007-06-05,29.885903570113854,0.06,4.75
2007-06-06,29.84419089682223,0.06,4.69
2007-06-07,30.035578456630844,0.06,4.96
2007-06-08,30.30548398969427,0.06,5.56
2007-06-11,30.38154827628487,0.06,5.35
2007-06-12,30.48705680284603,0.06,5.39
2007-06-13,30.5385842227945,0.06,5.39
2007-06-14,30.577843209421907,0.06,5.22
2007-06-15,30.460066249539686,0.06,5.4
2007-06-18,30.477242056189173,0.06,5.18
2007-06-19,30.44043675622598,0.06,5.21
2007-06-20,30.36191878297117,0.06,5.3
2007-06-21,30.462519936203904,0.06,5.35
2007-06-22,30.165623849834134,0.07,6.19
2007-06-25,30.141086983192,0.07,6.12
2007-06-26,30.13127223653515,0.07,5.81
2007-06-27,30.163170163169923,0.07,5.76
2007-06-28,30.209790209789972,0.07,5.77
2007-06-29,29.971782603361312,0.07,6.19
2007-07-02,29.709238130290526,0.06,6.7
2007-07-03,29.834376150165387,0.06,6.83
2007-07-04,29.849098270150666,0.06,6.84
2007-07-05,29.86872776346437,0.06,6.84
2007-07-06,29.885903570113857,0.06,6.84
2007-07-09,29.85400564347909,0.07,6.81
2007-07-10,29.495767390504003,0.07,7.67
2007-07-11,29.601275917065163,0.07,7.78
2007-07-12,29.517850570481922,0.07,7.69
2007-07-13,29.508035823825068,0.06,7.57
2007-07-16,29.530119003802984,0.06,7.48
2007-07-17,29.515396883817708,0.06,7.47
2007-07-18,29.463869463869237,0.07,7.18
2007-07-19,29.530119003802984,0.06,6.6
2007-07-20,29.46632315053345,0.07,6.53
2007-07-23,29.589007483744094,0.07,6.57
2007-07-24,29.515396883817708,0.07,6.53
2007-07-25,29.770580296895847,0.07,7.13
2007-07-26,29.53748006379562,0.08,7.38
2007-07-27,29.652803337013623,0.07,7.51
2007-07-30,29.5153968838177,0.08,7.59
2007-07-31,29.47123052386187,0.08,7.58
2007-08-01,29.554655870445107,0.08,7.56
2007-08-02,29.554655870445107,0.08,7.06
2007-08-03,29.216047110783723,0.09,7.76
2007-08-06,29.23813029076164,0.09,7.78
2007-08-07,29.37553674395757,0.09,7.95
2007-08-08,29.358360937308074,0.09,7.91
2007-08-09,29.355907250643863,0.08,7.62
2007-08-10,29.41479573058498,0.08,7.23
2007-08-13,29.57673905042304,0.09,7.31
2007-08-14,29.714145503618965,0.08,7.46
2007-08-15,29.91534781008443,0.08,7.74
2007-08-16,29.844190896822255,0.08,7.77
2007-08-17,29.63808121702837,0.07,8.03
2007-08-20,29.586553797079894,0.07,7.17
2007-08-21,29.59391485707253,0.07,7.09
2007-08-22,29.601275917065166,0.07,7.04
2007-08-23,29.62335909704309,0.07,7.04
2007-08-24,29.45896209054082,0.07,7.24
2007-08-27,29.515396883817722,0.07,7.26
2007-08-28,29.45896209054082,0.07,7.27
2007-08-29,29.436878910562907,0.06,7.24
2007-08-30,29.562016930437775,0.06,7.32
2007-08-31,29.650349650349433,0.07,7.27
2007-09-03,29.647895963685215,0.07,7.23
2007-09-04,29.75340449024637,0.07,6.82
2007-09-05,29.544841123788267,0.07,6.74
2007-09-06,29.48104527051873,0.07,6.66
2007-09-07,29.166973377499474,0.07,7.26
2007-09-10,29.115445957551,0.08,7.26
2007-09-11,29.1718807508279,0.08,7.23
2007-09-12,29.07373328425938,0.08,7.28
2007-09-13,29.100723837565724,0.08,6.44
2007-09-14,29.18660287081318,0.08,6.51
2007-09-17,29.125260704207857,0.08,6.36
2007-09-18,28.987854251011928,0.07,6.5
2007-09-19,29.05655747760989,0.07,6.55
2007-09-20,28.771929824561195,0.08,7.09
2007-09-21,28.764568764568548,0.07,6.83
2007-09-24,28.774383511225405,0.07,6.62
2007-09-25,28.61980125137999,0.07,6.27
2007-09-26,28.72285609127693,0.07,6.45
2007-09-27,28.798920377867532,0.07,6.31
2007-09-28,28.553551711446236,0.07,6.7
2007-10-01,28.666421298000028,0.08,6.87
2007-10-02,28.830818304502298,0.08,7.16
2007-10-03,28.965771071034013,0.07,7.33
2007-10-04,28.821003557845447,0.07,7.3
2007-10-05,28.914243651085535,0.07,7.36
2007-10-08,29.110538584222574,0.07,7.68
2007-10-09,29.036927984296184,0.07,7.7
2007-10-10,29.032020610967756,0.07,7.57
2007-10-11,29.00503005766141,0.07,7.48
2007-10-12,29.076186970923594,0.07,7.54
2007-10-15,28.973132131026652,0.07,7.47
2007-10-16,29.01484480431827,0.07,7.26
2007-10-17,28.95595632437715,0.07,7.25
2007-10-18,28.698319224634787,0.07,7.04
2007-10-19,28.60753281805891,0.07,7.07
2007-10-22,28.899521531100252,0.08,7.75
2007-10-23,28.78419825788225,0.08,7.77
2007-10-24,28.757207704575904,0.08,7.76
2007-10-25,28.60753281805891,0.08,7.82
2007-10-26,28.5682738314315,0.08,7.81
2007-10-29,28.573181204759933,0.07,7.71
2007-10-30,28.43086737823558,0.07,7.77
2007-10-31,28.416145258250296,0.07,7.24
2007-11-01,28.421052631578725,0.07,7.24
2007-11-02,28.320451478345987,0.07,7.3
2007-11-05,28.308183045024926,0.07,7.14
2007-11-06,28.084897558581552,0.06,7.38
2007-11-07,27.81253833885391,0.07,7.77
2007-11-08,27.675131885657983,0.07,7.52
2007-11-09,27.5450864924547,0.08,7.43
2007-11-12,27.694761378971688,0.07,7.4
2007-11-13,27.667770825665343,0.07,7.16
2007-11-14,27.581891792417895,0.07,7.1
2007-11-15,27.54754017911891,0.07,6.95
2007-11-16,27.429763219236687,0.07,6.47
2007-11-19,27.363513679302937,0.07,6.47
2007-11-20,27.132867132866917,0.07,6.72
2007-11-21,27.034719666298397,0.07,6.72
2007-11-22,27.017543859648907,0.07,6.57
2007-11-23,27.04208072629104,0.07,6.64
2007-11-26,26.914489019751965,0.07,6.57
2007-11-27,27.123052386210063,0.08,7.26
2007-11-28,27.258005152741777,0.08,7.27
2007-11-29,27.42976321923668,0.08,7.64
2007-11-30,27.77082566556229,0.08,7.97
2007-12-03,27.660409765672707,0.08,7.97
2007-12-04,27.400318979266135,0.09,8.33
2007-12-05,27.66286345233692,0.09,8.89
2007-12-06,27.716844558949603,0.09,8.94
2007-12-07,27.677585572322194,0.09,8.94
2007-12-10,27.68003925898641,0.09,8.86
2007-12-11,27.748742485584373,0.09,8.92
2007-12-12,27.841982578824464,0.09,9.0
2007-12-13,28.00147221199831,0.09,9.15
2007-12-14,28.28855355171122,0.08,9.69
2007-12-17,28.192859771806916,0.08,9.44
2007-12-18,28.259109311740666,0.08,8.94
2007-12-19,28.34989571831655,0.08,8.81
2007-12-20,28.418598944914507,0.08,8.65
2007-12-21,28.33517359833127,0.08,8.62
2007-12-24,28.37443258495868,0.08,8.61
2007-12-25,28.418598944914507,0.08,8.52
2007-12-26,28.249294565083815,0.08,8.75
2007-12-27,27.949944792049834,0.09,9.29
2007-12-28,27.638326585694788,0.09,9.91
2007-12-31,27.812538338853905,0.09,9.68
2008-01-01,27.805177278861265,0.09,9.58
2008-01-02,27.469022205864093,0.09,10.35
2008-01-03,27.258005152741777,0.09,10.65
2008-01-04,27.194209299472238,0.09,10.57
2008-01-07,27.392957919273485,0.09,10.54
2008-01-08,27.297264139369183,0.1,10.5
2008-01-09,27.397865292601907,0.1,10.38
2008-01-10,27.076432339590006,0.09,10.22
2008-01-11,27.024904919641536,0.09,10.18
2008-01-14,26.81879523984765,0.09,10.05
2008-01-15,26.81634155318343,0.09,9.54
2008-01-16,27.007729112992042,0.09,9.81
2008-01-17,27.015090172984678,0.09,9.82
2008-01-18,26.94884063305093,0.09,9.83
2008-01-21,27.1893019261438,0.09,10.21
2008-01-22,26.865415286467687,0.09,10.67
2008-01-23,26.781989939884443,0.08,10.46
2008-01-24,26.693657219972778,0.08,9.82
2008-01-25,26.909581646423515,0.08,10.25
2008-01-28,26.728008833271755,0.07,10.29
2008-01-29,26.838424733161343,0.07,10.34
2008-01-30,26.58324132008319,0.07,10.49
2008-01-31,26.53416758679893,0.07,10.49
2008-02-01,26.737823579928598,0.07,10.86
2008-02-04,26.728008833271748,0.07,10.81
2008-02-05,26.980738559685687,0.06,11.27
2008-02-06,26.943933259722495,0.06,10.92
2008-02-07,27.09115445957528,0.06,10.64
2008-02-08,27.012636486320464,0.06,10.44
2008-02-11,27.046988099619444,0.06,10.46
2008-02-12,27.039627039626808,0.06,9.86
2008-02-13,27.19420929947222,0.06,9.78
2008-02-14,26.93411851306564,0.07,10.17
2008-02-15,26.82370261317606,0.07,9.94
2008-02-18,27.04208072629102,0.07,10.25
2008-02-19,26.845785793153983,0.07,10.37
2008-02-20,26.97828487302148,0.07,9.91
2008-02-21,26.73782357992861,0.07,10.25
2008-02-22,26.627407680039028,0.07,10.07
2008-02-25,26.730462519935976,0.07,10.14
2008-02-26,26.391853760274586,0.07,10.56
2008-02-27,26.08759661391218,0.07,11.04
2008-02-28,25.815237394184543,0.07,11.38
2008-02-29,25.547785547785324,0.07,11.21
2008-03-03,25.57722978775588,0.07,10.83
2008-03-04,25.46190651453787,0.07,10.85
2008-03-05,25.434915961231525,0.07,10.84
2008-03-06,25.093853514905923,0.08,10.97
2008-03-07,25.152741994847034,0.08,10.97
2008-03-10,25.010428168322683,0.08,10.85
2008-03-11,25.358851674640924,0.09,11.65
2008-03-12,24.897558581768887,0.09,12.69
2008-03-13,24.76505950190139,0.09,12.34
2008-03-14,24.490246595509536,0.1,12.58
2008-03-17,24.15409152251236,0.1,12.37
2008-03-18,24.595755122070692,0.11,13.99
2008-03-19,24.492700282173747,0.11,13.74
2008-03-20,24.77732793522245,0.12,14.46
2008-03-21,24.765059501901383,0.12,14.42
2008-03-24,25.037418721629017,0.12,15.0
2008-03-25,24.66445834866865,0.12,15.21
2008-03-26,24.264507422401937,0.12,15.6
2008-03-27,24.392099128941013,0.12,15.82
2008-03-28,24.42399705557578,0.12,15.49
2008-03-31,24.367562262298883,0.12,15.45
2008-04-01,24.83867010182777,0.13,16.69
2008-04-02,24.74788369525189,0.13,16.59
2008-04-03,24.782235308550874,0.13,16.62
2008-04-04,24.684087841982354,0.13,16.51
2008-04-07,24.858299595141474,0.14,16.46
2008-04-08,24.880382775119394,0.14,16.21
2008-04-09,24.583486688749627,0.14,16.3
2008-04-10,24.738068948595046,0.14,16.23
2008-04-11,24.57367194209278,0.14,16.3
2008-04-14,24.50742240215903,0.14,16.28
2008-04-15,24.691448901975,0.14,16.49
2008-04-16,24.546681388786435,0.14,16.11
2008-04-17,24.691448901975004,0.14,16.2
2008-04-18,24.976076555023706,0.14,16.52
2008-04-21,24.752791068580326,0.14,16.15
2008-04-22,24.617838302048618,0.14,15.29
2008-04-23,24.90982701508996,0.15,15.63
2008-04-24,25.40792540792519,0.15,16.27
2008-04-25,25.373573794626207,0.15,15.61
2008-04-28,25.36621273463357,0.15,14.77
2008-04-29,25.46436020120209,0.15,14.7
2008-04-30,25.383388541283058,0.15,14.41
2008-05-01,25.72445098760866,0.15,14.88
2008-05-02,25.940375414059396,0.15,14.74
2008-05-05,25.852042694147737,0.15,13.94
2008-05-06,25.815237394184543,0.15,12.83
2008-05-07,25.891301680775143,0.15,12.79
2008-05-08,25.79070052754241,0.15,12.92
2008-05-09,25.545331861121113,0.15,13.31
2008-05-12,25.609127714390656,0.15,12.16
2008-05-13,25.832413200834033,0.15,12.28
2008-05-14,25.879033247454075,0.15,12.28
2008-05-15,25.935468040730974,0.15,12.16
2008-05-16,25.70482149429496,0.15,12.45
2008-05-19,25.84468163415509,0.15,12.51
2008-05-20,25.459452827873662,0.16,12.84
2008-05-21,25.150288308182827,0.16,13.34
2008-05-22,25.28524107471454,0.16,13.22
2008-05-23,25.128205128204918,0.16,13.36
2008-05-26,25.138019874861765,0.16,13.2
2008-05-27,25.363759047969364,0.16,13.27
2008-05-28,25.47172126119473,0.16,13.22
2008-05-29,25.7489878542508,0.16,13.18
2008-05-30,25.57477610109168,0.16,13.04
2008-06-02,25.456999141209458,0.16,13.0
2008-06-03,25.572322414427468,0.16,12.62
2008-06-04,25.57477610109168,0.16,11.18
2008-06-05,25.469267574530523,0.16,11.25
2008-06-06,24.990798675008993,0.17,12.62
2008-06-09,25.211630474788166,0.17,12.86
2008-06-10,25.562507667770618,0.17,13.51
2008-06-11,25.31468531468511,0.17,13.19
2008-06-12,25.55760029444219,0.18,13.27
2008-06-13,25.68028462765283,0.18,13.33
2008-06-16,25.633664581032782,0.18,13.34
2008-06-17,25.557600294442185,0.18,13.32
2008-06-18,25.42264752791047,0.18,13.36
2008-06-19,25.65329407434649,0.18,13.35
2008-06-20,25.41528646791783,0.19,13.62
2008-06-23,25.648386701018055,0.19,13.65
2008-06-24,25.560053981106396,0.19,13.67
2008-06-25,25.393203287939908,0.19,13.76
2008-06-26,25.12084406821227,0.19,13.88
2008-06-27,24.973622868359495,0.19,13.82
2008-06-30,25.052140841614307,0.2,13.19
2008-07-01,25.02269660164375,0.2,12.68
2008-07-02,24.880382775119397,0.2,12.67
2008-07-03,25.18218623481759,0.2,13.09
2008-07-04,25.160103054839674,0.2,13.09
2008-07-07,25.199362041467072,0.2,12.8
2008-07-08,25.363759047969342,0.2,12.9
2008-07-09,25.2238989081092,0.2,12.53
2008-07-10,25.21899153478077,0.2,12.39
2008-07-11,24.931910195067854,0.21,12.76
2008-07-14,24.931910195067854,0.21,12.66
2008-07-15,24.762605815237162,0.21,12.78
2008-07-16,24.96135443503841,0.21,13.03
2008-07-17,25.01042816832267,0.21,11.74
2008-07-18,25.096307201570117,0.21,11.48
2008-07-21,24.97116918169526,0.21,10.71
2008-07-22,25.299963194699792,0.22,11.11
2008-07-23,25.459452827873637,0.22,10.89
2008-07-24,25.44963808121678,0.21,10.79
2008-07-25,25.437369647895718,0.21,10.78
2008-07-28,25.383388541283036,0.21,10.76
2008-07-29,25.68519200098123,0.22,11.22
2008-07-30,25.721997300944423,0.22,10.9
2008-07-31,25.69009937430965,0.21,10.52
2008-08-01,25.75389522757919,0.21,10.19
2008-08-04,25.721997300944416,0.21,10.13
2008-08-05,25.871672187461403,0.21,10.04
2008-08-06,26.00907864065733,0.21,9.48
2008-08-07,26.07042080726265,0.21,9.23
2008-08-08,26.556250766776817,0.22,10.53
2008-08-11,26.6470371733527,0.22,10.49
2008-08-12,26.6666666666664,0.22,10.22
2008-08-13,26.632315053367417,0.22,9.82
2008-08-14,26.813887866519178,0.22,9.88
2008-08-15,26.93411851306561,0.22,9.91
2008-08-18,26.92675745307297,0.22,9.85
2008-08-19,26.796712059869687,0.22,9.8
2008-08-20,26.96601643970038,0.22,9.85
2008-08-21,26.64212980002427,0.22,9.94
2008-08-22,26.958655379707743,0.22,10.31
2008-08-25,26.894859526438207,0.22,10.01
2008-08-26,26.978284873021448,0.22,9.88
2008-08-27,26.931664826401402,0.22,9.97
2008-08-28,26.956201693043536,0.22,9.97
2008-08-29,27.019997546313068,0.22,9.7
2008-09-01,27.02490491964149,0.22,9.18
2008-09-02,27.152496626180568,0.22,9.12
2008-09-03,27.140228192859507,0.22,9.13
2008-09-04,27.2162924794501,0.21,9.09
2008-09-05,27.451846399214546,0.22,9.17
2008-09-08,27.765918292233806,0.22,9.13
2008-09-09,27.65304870568001,0.22,9.35
2008-09-10,27.88860262544446,0.22,9.44
2008-09-11,27.925407925407647,0.22,9.45
2008-09-12,27.738927738927465,0.22,9.8
2008-09-15,27.38068948595237,0.22,10.8
2008-09-16,27.54263280579043,0.22,10.81
2008-09-17,27.06171021960469,0.23,12.3
2008-09-18,27.10342289289631,0.22,11.09
2008-09-19,27.123052386210013,0.22,11.06
2008-09-22,26.359955833639788,0.23,14.09
2008-09-23,26.656851920009554,0.23,14.5
2008-09-24,26.784443626548626,0.23,14.43
2008-09-25,26.7599067599065,0.22,14.36
2008-09-26,26.745184639921227,0.22,14.36
2008-09-29,26.73536989326437,0.21,14.29
2008-09-30,27.532818059133586,0.22,16.72
2008-10-01,27.616243405716823,0.22,16.25
2008-10-02,27.866519445466544,0.21,16.1
2008-10-03,27.682492945650573,0.21,16.24
2008-10-06,28.168322905164732,0.2,16.96
2008-10-07,27.954852165378206,0.2,17.15
2008-10-08,27.638326585694738,0.2,17.56
2008-10-09,27.69721506563585,0.19,17.56
2008-10-10,27.94749110538557,0.18,17.73
2008-10-13,27.89841737210131,0.16,17.71
2008-10-14,27.903324745429735,0.16,17.71
2008-10-15,27.76837197889802,0.15,17.79
2008-10-16,27.920500552079226,0.15,17.68
2008-10-17,27.868973132130755,0.15,17.37
2008-10-20,28.202674518463724,0.15,17.67
2008-10-21,28.244387191755344,0.15,17.5
2008-10-22,28.538829591460903,0.14,17.75
2008-10-23,28.43332106489974,0.14,17.66
2008-10-24,28.644338118022056,0.13,17.23
2008-10-27,28.349895718316503,0.14,17.53
2008-10-28,28.450496871549234,0.13,16.56
2008-10-29,27.743835112255905,0.13,18.41
2008-10-30,27.94258373205715,0.13,18.51
2008-10-31,28.408784198257614,0.13,16.65
2008-11-03,28.825910931173816,0.13,16.85
2008-11-04,28.514292724818763,0.13,17.31
2008-11-05,28.413691571586032,0.13,17.37
2008-11-06,28.90442890442862,0.12,17.92
2008-11-07,28.926512084406543,0.12,17.91
2008-11-10,28.924058397742332,0.12,15.89
2008-11-11,29.144890197521494,0.11,15.99
2008-11-12,29.115445957550946,0.11,15.85
2008-11-13,29.125260704207793,0.11,15.65
2008-11-14,29.341185130658538,0.11,15.0
2008-11-17,29.417249417249142,0.1,14.74
2008-11-18,29.527665317138723,0.11,14.17
2008-11-19,29.78284873021687,0.1,14.3
2008-11-20,30.050300576616078,0.09,14.29
2008-11-21,30.067476383265575,0.09,14.25
2008-11-24,29.289657710710067,0.08,16.65
2008-11-25,29.039381670960346,0.08,16.82
2008-11-26,29.544841123788213,0.08,17.43
2008-11-27,29.446693657219697,0.08,17.47
2008-11-28,29.777941356888448,0.08,17.43
2008-12-01,29.58655379707984,0.08,17.61
2008-12-02,29.59636854373669,0.08,17.4
2008-12-03,29.67488651699151,0.08,17.34
2008-12-04,29.331370384001698,0.09,17.67
2008-12-05,29.942338363390718,0.09,18.27
2008-12-08,29.527665317138734,0.09,18.87
2008-12-09,29.57428536375878,0.08,16.99
2008-12-10,29.412342043920724,0.08,17.07
2008-12-11,29.04674273095299,0.09,16.96
2008-12-12,28.887253097779148,0.09,16.5
2008-12-15,28.440682124892387,0.09,16.84
2008-12-16,27.569623359096784,0.08,19.22
2008-12-17,26.305974727027113,0.08,22.83
2008-12-18,26.58078763341896,0.08,23.17
2008-12-19,27.093608146239472,0.08,24.08
2008-12-22,26.833517359832896,0.08,23.98
2008-12-23,26.715740399950676,0.08,23.97
2008-12-24,26.332965280333454,0.08,24.19
2008-12-25,26.42375168690933,0.08,24.06
2008-12-26,26.25444730707864,0.08,23.99
2008-12-29,26.063059747270028,0.08,23.89
2008-12-30,26.013986013985768,0.08,23.57
2008-12-31,26.222549380443873,0.08,23.52
2009-01-01,26.050791313948967,0.08,23.47
2009-01-02,26.531713900134708,0.08,23.51
2009-01-05,27.208931419457482,0.08,24.95
2009-01-06,27.346337872653407,0.08,24.32
2009-01-07,27.027358606305725,0.08,24.47
2009-01-08,26.8138878665192,0.08,24.11
2009-01-09,27.33652312599656,0.08,25.05
2009-01-12,27.348791559317625,0.08,25.05
2009-01-13,27.456753772542992,0.08,25.08
2009-01-14,27.383143172616602,0.08,24.92
2009-01-15,27.59661391240313,0.08,24.11
2009-01-16,27.47392957919248,0.08,23.87
2009-01-19,27.83462151883179,0.08,24.29
2009-01-20,28.124156545208916,0.07,24.55
2009-01-21,28.29591461170382,0.07,24.41
2009-01-22,28.27628511839012,0.07,24.37
2009-01-23,28.320451478345948,0.07,23.93
2009-01-26,27.905778432093957,0.07,22.42
2009-01-27,28.035823825297246,0.07,16.96
2009-01-28,28.249294565083773,0.07,16.86
2009-01-29,28.298368298368025,0.07,16.01
2009-01-30,28.509385351490334,0.07,15.72
2009-02-02,28.492209544840847,0.07,15.62
2009-02-03,28.03582382529724,0.07,15.79
2009-02-04,28.421052631578675,0.07,16.16
2009-02-05,28.71549503128422,0.07,16.08
2009-02-06,28.51429272481876,0.07,16.06
2009-02-09,28.56336645810302,0.07,15.99
2009-02-10,28.384247331615477,0.07,16.17
2009-02-11,28.421052631578668,0.07,15.92
2009-02-12,28.53882959146089,0.07,15.21
2009-02-13,28.43822843822816,0.07,13.57
2009-02-16,28.452950558213434,0.07,13.53
2009-02-17,28.693411851306312,0.07,13.05
2009-02-18,28.90933627775705,0.07,12.77
2009-02-19,28.796466691203253,0.07,11.81
2009-02-20,28.364617838301776,0.07,12.85
2009-02-23,28.673782357992618,0.07,13.14
2009-02-24,28.465218991534506,0.07,13.35
2009-02-25,28.705680284627384,0.07,13.38
2009-02-26,28.573181204759884,0.07,13.39
2009-02-27,28.681143417985254,0.07,12.91
2009-03-02,28.838179364494888,0.06,12.67
2009-03-03,28.855355171144375,0.06,12.56
2009-03-04,28.649245491350488,0.06,12.78
2009-03-05,28.74003189792637,0.06,12.8
2009-03-06,28.40633051159341,0.06,12.49
2009-03-09,28.421052631578693,0.06,12.42
2009-03-10,28.475033738191378,0.06,12.24
2009-03-11,28.29100723837541,0.06,12.39
2009-03-12,29.07864065758777,0.06,14.74
2009-03-13,29.08109434425198,0.06,14.73
2009-03-16,29.07618697092355,0.06,13.78
2009-03-17,29.009937430989797,0.06,13.27
2009-03-18,27.999018525334062,0.06,16.8
2009-03-19,27.569623359096795,0.06,17.27
2009-03-20,27.65304870568004,0.06,17.3
2009-03-23,27.599067599067357,0.06,17.23
2009-03-24,27.76837197889805,0.06,17.34
2009-03-25,27.513188565819902,0.06,17.45
2009-03-26,27.65550239234425,0.06,17.54
2009-03-27,28.07017543859624,0.06,18.17
2009-03-30,28.178137651821615,0.06,18.01
2009-03-31,27.957305852042445,0.06,17.96
2009-04-01,28.10698073855944,0.06,18.04
2009-04-02,27.82480677217495,0.05,17.73
2009-04-03,27.753649858912777,0.05,17.37
2009-04-06,27.883695252116063,0.05,17.35
2009-04-07,28.028462765304628,0.05,17.22
2009-04-08,28.141332351858424,0.05,17.23
2009-04-09,28.364617838301797,0.05,17.37
2009-04-10,28.33762728499546,0.05,17.28
2009-04-13,27.805177278861244,0.05,18.12
2009-04-14,27.94013004539296,0.05,18.12
2009-04-15,28.038277511961475,0.05,18.13
2009-04-16,28.131517605201566,0.05,17.85
2009-04-17,28.587903324745177,0.05,18.51
2009-04-20,28.68114341798528,0.05,18.53
2009-04-21,28.646791804686295,0.05,18.42
2009-04-22,28.55109802478199,0.05,16.42
2009-04-23,28.229665071770093,0.05,16.73
2009-04-24,27.93522267206454,0.05,16.96
2009-04-27,28.362164151637593,0.05,17.67
2009-04-28,28.038277511961486,0.05,14.46
2009-04-29,27.88124156545185,0.05,13.77
2009-04-30,27.984296405348797,0.05,13.78
2009-05-01,27.871426818794998,0.05,13.83
2009-05-04,27.640780272358985,0.05,13.94
2009-05-05,27.78064041221912,0.05,13.73
2009-05-06,27.758557232241206,0.05,13.66
2009-05-07,27.736474052263286,0.05,12.87
2009-05-08,27.123052386210045,0.05,14.37
2009-05-11,27.22610722610699,0.05,14.3
2009-05-12,27.130413446202684,0.05,14.18
2009-05-13,27.1524966261806,0.05,13.92
2009-05-14,27.0960618329037,0.05,13.92
2009-05-15,27.513188565819902,0.05,14.65
2009-05-18,27.341430499324996,0.04,14.64
2009-05-19,27.218746166114343,0.04,14.6
2009-05-20,26.99300699300676,0.04,14.48
2009-05-21,26.83351735983291,0.05,14.53
2009-05-22,26.63476874003166,0.05,13.65
2009-05-25,26.558704453441063,0.05,13.51
2009-05-26,26.595509753404258,0.04,13.45
2009-05-27,26.82370261317606,0.04,13.73
2009-05-28,26.600417126732683,0.04,12.71
2009-05-29,26.17838302048805,0.04,13.2
2009-06-01,26.26180836707129,0.04,13.32
2009-06-02,26.048337627284763,0.04,13.41
2009-06-03,26.25690099374286,0.04,13.57
2009-06-04,26.232364127100727,0.04,13.34
2009-06-05,26.63231505336744,0.04,13.34
2009-06-08,26.784443626548644,0.04,13.22
2009-06-09,26.46546436020096,0.04,13.53
2009-06-10,26.509630720156796,0.04,13.47
2009-06-11,26.26180836707129,0.04,13.64
2009-06-12,26.47773279352203,0.04,13.83
2009-06-15,26.77708256655601,0.04,14.22
2009-06-16,26.70837933995805,0.04,14.23
2009-06-17,26.497362286835735,0.04,14.36
2009-06-18,26.65685192000958,0.04,13.0
2009-06-19,26.5292602134705,0.04,12.98
2009-06-22,26.65439823334536,0.04,13.06
2009-06-23,26.173475647159623,0.04,14.07
2009-06-24,26.93902588639407,0.04,16.7
2009-06-25,26.840878419825554,0.04,16.02
2009-06-26,26.58324132008319,0.04,16.16
2009-06-29,26.558704453441063,0.04,16.12
2009-06-30,26.644583486688518,0.04,15.99
2009-07-01,26.382039013617725,0.04,16.16
2009-07-02,26.607778186725316,0.04,16.24
2009-07-03,26.661759293338005,0.04,16.23
2009-07-06,26.607778186725316,0.04,16.24
2009-07-07,26.7181940866149,0.04,16.07
2009-07-08,26.75254569991388,0.04,15.87
2009-07-09,26.46301067353675,0.04,15.46
2009-07-10,26.65930560667379,0.04,15.58
2009-07-13,26.573426573426335,0.04,15.39
2009-07-14,26.7181940866149,0.04,15.3
2009-07-15,26.36240952030402,0.03,15.86
2009-07-16,26.325604220340825,0.03,15.17
2009-07-17,26.41639062691671,0.03,15.1
2009-07-20,26.205373573794393,0.03,14.87
2009-07-21,26.161207213838562,0.03,14.86
2009-07-22,26.153846153845922,0.03,14.6
2009-07-23,26.3771316402893,0.03,14.62
2009-07-24,26.29615998037027,0.03,14.2
2009-07-27,26.271623113728136,0.03,14.19
2009-07-28,26.386946386946143,0.03,14.08
2009-07-29,26.674027726659062,0.03,14.34
2009-07-30,26.686296159980127,0.03,14.27
2009-07-31,26.217642007115455,0.03,15.16
2009-08-03,25.994356520672074,0.03,14.37
2009-08-04,26.00907864065735,0.03,11.21
2009-08-05,26.055698687277395,0.03,11.22
2009-08-06,26.139124033860632,0.03,10.96
2009-08-07,26.52680652680628,0.03,11.87
2009-08-10,26.63476874003165,0.03,11.9
2009-08-11,26.543982333455773,0.03,11.55
2009-08-12,26.45074224021568,0.03,11.31
2009-08-13,26.254447307078642,0.03,11.49
2009-08-14,26.301067353698688,0.03,11.5
2009-08-17,26.45074224021568,0.03,11.56
2009-08-18,26.394307446938782,0.03,11.56
2009-08-19,26.158753527174333,0.03,11.42
2009-08-20,26.08023555391952,0.03,11.18
2009-08-21,25.967365967365723,0.03,11.21
2009-08-24,26.043430253956323,0.03,11.1
2009-08-25,26.048337627284756,0.03,10.4
2009-08-26,26.20291988713017,0.03,10.57
2009-08-27,25.994356520672067,0.03,10.76
2009-08-28,26.001717580664714,0.03,10.51
2009-08-31,25.98454177401522,0.03,10.5
2009-09-01,26.14403140718906,0.03,10.67
2009-09-02,26.028708133971058,0.03,10.41
2009-09-03,26.07287449392689,0.03,10.4
2009-09-04,26.02380076064263,0.03,10.41
2009-09-07,26.00907864065735,0.03,10.3
2009-09-08,25.697460434302304,0.03,10.25
2009-09-09,25.547785547785317,0.03,10.32
2009-09-10,25.476628634523145,0.03,9.03
2009-09-11,25.479082321187356,0.03,8.72
2009-09-14,25.383388541283054,0.03,8.76
2009-09-15,25.39074960127569,0.03,8.73
2009-09-16,25.326953748006154,0.03,8.65
2009-09-17,25.23125996810185,0.03,7.16
2009-09-18,25.260704208072404,0.03,6.99
2009-09-21,25.329407434670365,0.03,7.1
2009-09-22,25.11593669488384,0.03,7.37
2009-09-23,25.19690835480286,0.03,7.3
2009-09-24,25.268065268065037,0.03,7.35
2009-09-25,25.214084161452355,0.03,7.02
2009-09-28,25.334314807998787,0.03,7.28
2009-09-29,25.425101214574664,0.03,7.03
2009-09-30,25.42755490123888,0.03,7.01
2009-10-01,25.535517114464252,0.03,7.09
2009-10-02,25.395656974604115,0.03,7.15
2009-10-05,25.326953748006154,0.03,7.16
2009-10-06,25.196908354802865,0.03,6.94
2009-10-07,25.34167586799143,0.03,6.93
2009-10-08,25.169917801496528,0.03,7.14
2009-10-09,25.307324254692453,0.03,7.41
2009-10-12,25.199362041467076,0.03,7.14
2009-10-13,25.06686296159958,0.03,7.18
2009-10-14,24.90491964176152,0.03,7.28
2009-10-15,24.897558581768884,0.03,7.29
2009-10-16,24.983437615016342,0.03,7.44
2009-10-19,24.81658692184986,0.03,6.88
2009-10-20,24.82640166850671,0.03,6.74
2009-10-21,24.684087841982358,0.03,6.87
2009-10-22,24.647282542019163,0.03,6.86
2009-10-23,24.752791068580315,0.03,6.99
2009-10-26,24.980983928352124,0.03,7.61
2009-10-27,25.07422402159222,0.03,7.69
2009-10-28,25.201815728131287,0.03,7.78
2009-10-29,25.003067108330036,0.03,8.12
2009-10-30,25.182186234817582,0.02,8.38
2009-11-02,25.06931664826379,0.02,8.09
2009-11-03,25.17237148816073,0.02,8.13
2009-11-04,24.92945650840365,0.02,8.57
2009-11-05,24.93191019506786,0.02,8.56
2009-11-06,24.96135443503842,0.02,8.43
2009-11-09,24.725800515273974,0.02,8.74
2009-11-10,24.725800515273974,0.02,8.74
2009-11-11,24.7307078886024,0.02,8.6
2009-11-12,24.968715495031056,0.02,9.05
2009-11-13,24.843577475156188,0.02,9.13
2009-11-16,24.723346828609756,0.02,9.12
2009-11-17,24.931910195067854,0.02,9.32
2009-11-18,24.777327935222438,0.02,9.29
2009-11-19,24.85584590847725,0.02,9.18
2009-11-20,24.97607655502369,0.02,9.25
2009-11-23,24.782235308550867,0.02,9.4
2009-11-24,24.752791068580308,0.02,9.21
2009-11-25,24.4485339222179,0.02,9.91
2009-11-26,24.60311618206332,0.02,10.05
2009-11-27,24.684087841982354,0.02,9.93
2009-11-30,24.666912035332864,0.02,9.93
2009-12-01,24.5221445221443,0.02,9.93
2009-12-02,24.585940375413838,0.02,9.96
2009-12-03,24.566310882100133,0.02,9.87
2009-12-04,24.94663231505314,0.02,10.57
2009-12-07,25.01778922831532,0.02,10.54
2009-12-08,25.199362041467072,0.02,10.66
2009-12-09,25.192000981474433,0.02,10.37
2009-12-10,25.174825174824946,0.02,10.15
2009-12-11,25.38093485461883,0.02,10.34
2009-12-14,25.31223162802087,0.02,10.32
2009-12-15,25.52815605447161,0.02,10.13
2009-12-16,25.481536007851556,0.02,10.16
2009-12-17,25.70482149429494,0.02,10.44
2009-12-18,25.5845908477485,0.02,10.09
2009-12-21,25.668016194331745,0.02,10.1
2009-12-22,25.739173107593917,0.02,10.1
2009-12-23,25.491350754508407,0.02,10.29
2009-12-24,25.45699914120943,0.02,10.16
2009-12-25,25.420193841246235,0.02,10.03
2009-12-28,25.390749601275676,0.02,9.78
2009-12-29,25.439823334559936,0.02,9.55
2009-12-30,25.434915961231514,0.02,9.53
2009-12-31,25.40056434793253,0.02,9.47
2010-01-01,25.40056434793253,0.02,9.11
2010-01-04,25.270518954729248,0.02,9.27
2010-01-05,25.358851674640913,0.02,8.36
2010-01-06,25.214084161452348,0.02,8.46
2010-01-07,25.373573794626193,0.02,8.59
2010-01-08,25.118390381548046,0.02,9.2
2010-01-11,24.94172494172471,0.02,9.28
2010-01-12,24.993252361673186,0.02,9.27
2010-01-13,24.98343761501633,0.02,9.27
2010-01-14,24.995706048337397,0.02,8.05
2010-01-15,25.15764936817545,0.02,8.24
2010-01-18,25.145380934854384,0.02,7.95
2010-01-19,25.3392221813272,0.02,8.28
2010-01-20,25.618942461047485,0.02,8.88
2010-01-21,25.587044534412712,0.02,8.58
2010-01-22,25.547785547785306,0.02,8.55
2010-01-25,25.50361918782948,0.02,8.18
2010-01-26,25.67292356766017,0.02,8.39
2010-01-27,25.76370997423605,0.02,8.04
2010-01-28,25.817691080848736,0.02,7.93
2010-01-29,26.023800760642622,0.02,8.21
2010-02-01,25.918292234081463,0.02,8.28
2010-02-02,25.883940620782482,0.02,7.71
2010-02-03,25.996810207336278,0.02,7.77
2010-02-04,26.175929333823824,0.01,7.96
2010-02-05,26.318243160348175,0.02,8.03
2010-02-08,26.337872653661876,0.02,8.03
2010-02-09,26.102318733897434,0.02,8.58
2010-02-10,26.19555882713753,0.02,8.59
2010-02-11,26.264262053735486,0.02,8.6
2010-02-12,26.386946386946132,0.02,8.43
2010-02-15,26.440927493558817,0.02,8.41
2010-02-16,26.158753527174333,0.01,8.92
2010-02-17,26.46301067353674,0.01,9.33
2010-02-18,26.59550975340424,0.01,8.66
2010-02-19,26.394307446938775,0.01,8.72
2010-02-22,26.40657588025984,0.01,8.73
2010-02-23,26.59550975340424,0.01,8.83
2010-02-24,26.52435284014206,0.01,8.94
2010-02-25,26.502269660164146,0.01,8.87
2010-02-26,26.340326340326087,0.01,9.16
2010-03-01,26.48264016685044,0.01,9.05
2010-03-02,26.37222426696086,0.01,8.71
2010-03-03,26.202919887130165,0.01,8.97
2010-03-04,26.43356643356618,0.01,9.24
2010-03-05,26.35750214697558,0.01,9.28
2010-03-08,26.332965280333447,0.01,9.14
2010-03-09,26.382039013617707,0.01,9.11
2010-03-10,26.251993620414428,0.01,9.26
2010-03-11,26.210280947122804,0.01,8.99
2010-03-12,25.955097534044658,0.01,9.4
2010-03-15,26.05569868727739,0.01,9.46
2010-03-16,25.879033247454057,0.01,9.6
2010-03-17,25.86431112746878,0.01,9.35
2010-03-18,25.960004907373087,0.0,9.26
2010-03-19,26.040976567292105,0.0,9.32
2010-03-22,25.96736596736572,0.0,8.96
2010-03-23,25.942829100723586,0.0,8.89
2010-03-24,26.32560422034081,0.0,9.93
2010-03-25,26.35995583363979,0.0,9.84
2010-03-26,26.13667034719641,0.0,10.13
2010-03-29,26.065513433934235,0.0,9.65
2010-03-30,26.168568273831184,0.0,9.04
2010-03-31,25.859403754140352,0.0,9.51
2010-04-01,25.86431112746878,0.0,9.29
2010-04-02,26.021347073978408,0.0,9.5
2010-04-05,26.063059747270028,0.0,9.23
2010-04-06,26.227456753772298,0.0,9.44
2010-04-07,26.350141086982948,0.0,9.56
2010-04-08,26.328057907005025,0.0,9.38
2010-04-09,26.148938780517483,0.0,9.44
2010-04-12,25.989449147343635,0.0,9.53
2010-04-13,25.854496380811927,0.0,9.47
2010-04-14,25.810330020856092,0.0,9.03
2010-04-15,25.920745920745674,0.0,9.13
2010-04-16,26.043430253956323,0.0,9.26
2010-04-19,26.08514292724794,-0.01,9.26
2010-04-20,26.220095693779655,0.0,9.29
2010-04-21,26.266715740399704,0.0,9.29
2010-04-22,26.453195926879893,-0.01,9.0
2010-04-23,26.330511593669236,-0.01,9.08
2010-04-26,26.32560422034081,-0.01,8.81
2010-04-27,26.69365721997276,-0.01,9.65
2010-04-28,26.610231873389516,-0.01,9.7
2010-04-29,26.59305606674003,-0.01,9.68
2010-04-30,26.440927493558817,-0.01,9.82
2010-05-03,26.642129800024282,-0.01,10.02
2010-05-04,27.061710219604695,-0.01,10.15
2010-05-05,27.434670592565062,-0.01,10.84
2010-05-06,27.33652312599655,-0.01,10.52
2010-05-07,27.186848239479556,-0.01,10.66
2010-05-10,27.233468286099605,-0.01,10.63
2010-05-11,27.277634646055432,-0.01,9.8
2010-05-12,27.272727272727003,-0.01,9.81
2010-05-13,27.422402159243997,-0.01,9.79
2010-05-14,27.81499202551807,-0.01,10.47
2010-05-17,27.75610354557696,-0.01,10.47
2010-05-18,28.160961845172096,-0.01,11.1
2010-05-19,28.23211875843427,-0.01,11.06
2010-05-20,28.23457244509849,-0.01,10.71
2010-05-21,28.210035578456356,-0.01,10.42
2010-05-24,28.445589498220798,-0.01,10.24
2010-05-25,28.391608391608113,-0.01,10.25
2010-05-26,28.477487424855568,-0.01,10.24
2010-05-27,28.241933505091122,-0.02,10.8
2010-05-28,28.44068212489237,-0.02,10.86
2010-05-31,28.337627284995428,-0.02,11.02
2010-06-01,28.386701018279688,-0.02,11.02
2010-06-02,28.337627284995428,-0.02,11.01
2010-06-03,28.376886271622837,-0.02,10.79
2010-06-04,28.51429272481876,-0.02,10.78
2010-06-07,28.53882959146089,-0.02,10.22
2010-06-08,28.28119249171853,-0.02,10.66
2010-06-09,28.17813765182159,-0.02,10.77
2010-06-10,28.021101705311956,-0.02,10.76
2010-06-11,28.202674518463716,-0.02,10.71
2010-06-14,28.021101705311956,-0.02,10.12
2010-06-15,27.802723592197005,-0.02,9.7
2010-06-16,27.753649858912745,-0.02,9.64
2010-06-17,27.284995706048072,-0.02,10.85
2010-06-18,27.199116672800617,-0.02,10.88
2010-06-21,27.289903079376497,-0.03,10.92
2010-06-22,27.172126119494273,-0.03,11.0
2010-06-23,27.11814501288159,-0.03,10.87
2010-06-24,27.066617592933117,-0.03,9.89
2010-06-25,26.8163415531834,-0.03,10.2
2010-06-28,26.666666666666412,-0.03,9.04
2010-06-29,26.551343393448402,-0.03,8.96
2010-06-30,26.436020120230392,-0.03,8.96
2010-07-01,25.989449147343635,-0.03,9.97
2010-07-02,26.07532818059109,-0.03,9.56
2010-07-05,26.12194822721114,-0.03,9.66
2010-07-06,25.989449147343635,-0.03,9.5
2010-07-07,25.805422647527664,-0.03,9.45
2010-07-08,25.74408048092234,-0.03,8.92
2010-07-09,25.955097534044658,-0.03,9.57
2010-07-12,26.018893387314197,-0.03,9.61
2010-07-13,25.879033247454053,-0.03,9.62
2010-07-14,25.825052140841372,-0.03,9.53
2010-07-15,25.542878174456877,-0.03,9.46
2010-07-16,25.788246840878177,-0.03,10.19
2010-07-19,25.886394307446693,-0.03,10.26
2010-07-20,25.832413200834008,-0.03,10.26
2010-07-21,25.798061587535027,-0.03,10.24
2010-07-22,25.58949822107693,-0.03,9.94
2010-07-23,25.86921850079721,-0.03,10.76
2010-07-26,25.72935836093707,-0.03,10.68
2010-07-27,26.023800760642622,-0.03,11.47
2010-07-28,25.92810698073832,-0.03,10.53
2010-07-29,25.545331861121095,-0.04,11.24
2010-07-30,25.547785547785313,-0.04,11.13
2010-08-02,25.493804441172628,-0.04,11.11
2010-08-03,25.49625812783684,-0.04,11.13
2010-08-04,25.839774260826655,-0.04,12.06
2010-08-05,25.665562507667538,-0.04,11.94
2010-08-06,25.488897067844203,-0.04,11.99
2010-08-09,25.74653416758656,-0.04,12.44
2010-08-10,25.72935836093707,-0.04,12.4
2010-08-11,26.01398601398578,-0.04,11.85
2010-08-12,25.76370997423606,-0.04,12.15
2010-08-13,25.788246840878188,-0.04,12.14
2010-08-16,25.501165501165275,-0.04,12.49
2010-08-17,25.601766654398013,-0.04,12.4
2010-08-18,25.579683474420094,-0.04,12.38
2010-08-19,25.324500061341947,-0.04,12.43
2010-08-20,25.368666421297785,-0.04,12.42
2010-08-23,25.53797080112848,-0.04,12.53
2010-08-24,25.34903692798408,-0.04,12.7
2010-08-25,25.28769476137876,-0.04,12.31
2010-08-26,25.125751441540707,-0.04,12.04
2010-08-27,25.223898908109227,-0.04,12.04
2010-08-30,25.182186234817607,-0.04,12.04
2010-08-31,24.90737332842575,-0.04,12.41
2010-09-01,24.927002821739457,-0.04,12.24
2010-09-02,24.846031161820427,-0.04,11.69
2010-09-03,24.93927125506052,-0.04,11.72
2010-09-06,24.841123788492002,-0.04,11.09
2010-09-07,24.816586921849872,-0.04,11.07
2010-09-08,24.816586921849872,-0.04,10.27
2010-09-09,24.90737332842575,-0.04,10.36
2010-09-10,25.02269660164376,-0.04,10.49
2010-09-13,24.718439455281352,-0.05,11.04
2010-09-14,24.443626548889497,-0.05,10.49
2010-09-15,24.617838302048618,-0.05,10.71
2010-09-16,24.922095448411024,-0.05,11.33
2010-09-17,24.77732793522246,-0.05,10.91
2010-09-20,24.65464360201181,-0.06,10.96
2010-09-21,24.44608023555371,-0.06,10.44
2010-09-22,24.195804195803987,-0.06,10.49
2010-09-23,24.18108207581871,-0.06,10.45
2010-09-24,24.122193595877597,-0.06,10.08
2010-09-27,24.17617470249028,-0.06,10.0
2010-09-28,23.943074469390048,-0.06,10.25
2010-09-29,23.974972396024814,-0.06,10.02
2010-09-30,24.107471475892318,-0.07,10.21
2010-10-01,23.894000736105788,-0.07,10.08
2010-10-04,23.840019629493103,-0.06,9.95
2010-10-05,23.707520549625603,-0.06,10.0
2010-10-06,23.59465096307181,-0.06,9.95
2010-10-07,23.709974236289817,-0.07,10.01
2010-10-08,23.624095203042362,-0.07,10.02
2010-10-11,23.673168936326622,-0.07,9.72
2010-10-12,23.476874003189586,-0.07,9.88
2010-10-13,23.518586676481203,-0.07,9.94
2010-10-14,23.38363390994949,-0.07,9.84
2010-10-15,23.528401423138057,-0.08,10.14
2010-10-18,23.543123543123336,-0.09,10.16
2010-10-19,23.844927002821528,-0.09,11.05
2010-10-20,23.599558336400232,-0.09,11.25
2010-10-21,23.746779536253012,-0.09,11.35
2010-10-22,23.97987976935324,-0.09,11.38
2010-10-25,23.827751196172038,-0.09,11.07
2010-10-26,24.149184149183935,-0.09,11.64
2010-10-27,24.301312722365136,-0.09,11.15
2010-10-28,24.129554655870233,-0.1,11.21
2010-10-29,24.105017789228103,-0.1,11.14
2010-11-01,24.33321064899991,-0.11,11.27
2010-11-02,24.033860875965928,-0.11,11.46
2010-11-03,23.8203901361794,-0.11,11.76
2010-11-04,23.516132989816995,-0.11,12.31
2010-11-05,23.59710464973602,-0.11,12.35
2010-11-08,23.70015948963297,-0.11,12.13
2010-11-09,23.756594282909866,-0.11,12.14
2010-11-10,23.8203901361794,-0.11,12.05
2010-11-11,23.928352349404772,-0.1,11.84
2010-11-12,24.068212489264916,-0.11,11.94
2010-11-15,24.158998895840796,-0.11,11.84
2010-11-16,24.43626548889686,-0.11,12.14
2010-11-17,24.32830327567149,-0.11,12.2
2010-11-18,24.43135811556844,-0.11,12.15
2010-11-19,24.3479327689852,-0.11,12.23
2010-11-22,24.284136915715663,-0.1,11.94
2010-11-23,24.473070788860056,-0.1,12.1
2010-11-24,24.44117286222529,-0.1,11.93
2010-11-25,24.55158876211487,-0.1,11.88
2010-11-26,24.625199362041265,-0.11,11.88
2010-11-29,24.536866642129596,-0.12,11.45
2010-11-30,24.62029198871284,-0.12,10.92
2010-12-01,24.59330143540649,-0.12,10.84
2010-12-02,24.36020120230626,-0.13,10.97
2010-12-03,23.88663967611316,-0.13,12.37
2010-12-06,24.087841982578624,-0.14,11.95
2010-12-07,24.2350631824314,-0.14,11.95
2010-12-08,24.19580419580399,-0.14,11.76
2010-12-09,24.12955465587024,-0.14,11.79
2010-12-10,24.07311986259334,-0.14,11.44
2010-12-13,23.746779536253023,-0.14,11.57
2010-12-14,23.545577229787558,-0.14,11.54
2010-12-15,23.75659428290987,-0.14,11.19
2010-12-16,23.665807876333993,-0.13,11.22
2010-12-17,23.766409029566727,-0.14,11.21
2010-12-20,23.675622622990847,-0.14,11.25
2010-12-21,23.508771929824366,-0.14,11.4
2010-12-22,23.359097043307372,-0.14,11.43
2010-12-23,23.52349404980964,-0.14,11.5
2010-12-24,23.611826769721308,-0.14,11.5
2010-12-27,23.562753036437048,-0.14,10.86
2010-12-28,23.361550729971583,-0.14,11.04
2010-12-29,23.202061096797742,-0.14,11.02
2010-12-30,22.949331370383806,-0.14,11.35
2010-12-31,22.946877683719595,-0.14,11.36
2011-01-03,22.902711323763764,-0.14,10.95
2011-01-04,23.27567169672413,-0.14,12.27
2011-01-05,23.700159489632973,-0.14,13.51
2011-01-06,23.690344742976123,-0.14,13.45
2011-01-07,23.734511102931958,-0.14,13.47
2011-01-10,23.741872162924594,-0.14,13.4
2011-01-11,23.891547049441584,-0.14,13.59
2011-01-12,23.717335296282464,-0.14,13.48
2011-01-13,23.651085756348714,-0.14,12.19
2011-01-14,23.63881732302765,-0.14,11.88
2011-01-17,23.670715249662415,-0.14,11.72
2011-01-18,23.63881732302765,-0.14,11.72
2011-01-19,23.430253956569548,-0.14,11.95
2011-01-20,23.736964789596172,-0.14,12.66
2011-01-21,23.516132989817002,-0.14,12.3
2011-01-24,23.2879401300452,-0.14,12.38
2011-01-25,23.12108943687872,-0.14,12.2
2011-01-26,23.10636731689344,-0.14,12.17
2011-01-27,23.19715372346932,-0.14,12.15
2011-01-28,23.111274690221865,-0.15,12.15
2011-01-31,23.162802110170336,-0.15,12.03
2011-02-01,22.951785057048024,-0.15,12.18
2011-02-02,23.067108330266034,-0.15,12.08
2011-02-03,23.202061096797742,-0.14,12.16
2011-02-04,23.432707643233762,-0.14,12.55
2011-02-07,23.44497607655483,-0.14,12.28
2011-02-08,23.63636363636344,-0.14,12.31
2011-02-09,23.501410869831727,-0.14,11.94
2011-02-10,23.77867746288779,-0.15,12.38
2011-02-11,23.87927861612052,-0.15,12.37
2011-02-14,23.800760642865708,-0.15,11.57
2011-02-15,23.729603729603532,-0.15,10.29
2011-02-16,23.540669856459136,-0.15,10.57
2011-02-17,23.302662250030476,-0.15,10.95
2011-02-18,23.177524230155612,-0.15,11.04
2011-02-21,23.231505336768297,-0.15,10.86
2011-02-22,23.037664090295472,-0.15,10.93
2011-02-23,22.89289657710691,-0.15,11.03
2011-02-24,22.730953257268855,-0.15,11.17
2011-02-25,22.775119617224686,-0.15,11.19
2011-02-28,22.79229542387418,-0.15,11.2
2011-03-01,22.780026990553115,-0.15,10.95
2011-03-02,22.66225003067089,-0.15,10.12
2011-03-03,22.85854496380793,-0.15,10.27
2011-03-04,22.68433321064881,-0.14,10.12
2011-03-07,22.735860630597276,-0.15,9.97
2011-03-08,22.946877683719595,-0.14,10.4
2011-03-09,22.809471230523666,-0.14,10.45
2011-03-10,22.86835971046478,-0.15,10.45
2011-03-11,22.814378603852095,-0.15,10.43
2011-03-14,22.681879523984595,-0.17,10.22
2011-03-15,22.48803827751177,-0.17,10.36
2011-03-16,22.284382284382094,-0.17,10.43
2011-03-17,22.046374677953438,-0.17,10.18
2011-03-18,22.107716844558762,-0.16,10.26
2011-03-21,22.193595877806217,-0.17,9.94
2011-03-22,22.169059011164087,-0.17,9.89
2011-03-23,22.289289657710523,-0.17,9.23
2011-03-24,22.29419703103895,-0.17,9.05
2011-03-25,22.571463624095017,-0.17,10.06
2011-03-28,22.495399337504416,-0.17,10.06
2011-03-29,22.576370997423446,-0.17,10.0
2011-03-30,22.534658324131822,-0.17,9.63
2011-03-31,22.5493804441171,-0.17,9.55
2011-04-01,22.667157403999326,-0.17,9.68
2011-04-04,22.649981597349836,-0.17,9.4
2011-04-05,22.703962703962517,-0.17,9.27
2011-04-06,22.54692675745289,-0.17,9.25
2011-04-07,22.485584590847566,-0.17,9.26
2011-04-08,22.24266961109048,-0.17,9.76
2011-04-11,22.24757698441891,-0.18,9.76
2011-04-12,22.007115691326042,-0.17,10.14
2011-04-13,21.994847258004977,-0.17,9.69
2011-04-14,21.896699791436458,-0.17,9.54
2011-04-15,21.891792418108032,-0.17,9.49
2011-04-18,21.99484725800498,-0.18,9.11
2011-04-19,22.07827260458822,-0.18,9.13
2011-04-20,21.78873757821109,-0.18,9.74
2011-04-21,21.74457121825526,-0.18,9.73
2011-04-22,21.742117531591045,-0.18,9.66
2011-04-25,21.62188688504461,-0.18,9.49
2011-04-26,21.474665685191834,-0.18,9.34
2011-04-27,21.46239725187077,-0.18,8.87
2011-04-28,21.437860385228642,-0.18,8.8
2011-04-29,21.23175070543475,-0.18,9.02
2011-05-02,21.229297018770538,-0.18,9.03
2011-05-03,21.133603238866232,-0.18,8.81
2011-05-04,21.14341798552309,-0.18,8.82
2011-05-05,21.361796098638045,-0.18,8.52
2011-05-06,21.567905778431932,-0.18,9.18
2011-05-09,21.391240338608597,-0.17,9.25
2011-05-10,21.587535271745633,-0.17,9.82
2011-05-11,21.781376518218458,-0.17,10.29
2011-05-12,21.69304379830679,-0.17,10.13
2011-05-13,21.89915347810068,-0.17,10.65
2011-05-16,21.705312231627857,-0.17,10.83
2011-05-17,21.597350018402487,-0.17,10.76
2011-05-18,21.61697951171619,-0.17,10.77
2011-05-19,21.612072138387763,-0.17,10.37
2011-05-20,21.528646791804523,-0.17,10.39
2011-05-23,21.685682738314156,-0.18,10.23
2011-05-24,21.592442645074065,-0.18,10.3
2011-05-25,21.41086983192231,-0.18,10.5
2011-05-26,21.2391117654274,-0.18,10.72
2011-05-27,20.8416145258249,-0.17,11.82
2011-05-30,20.912771439087074,-0.17,11.8
2011-05-31,20.954484112378694,-0.17,11.32
2011-06-01,20.660041712673138,-0.16,11.95
2011-06-02,20.672310145994206,-0.16,11.96
2011-06-03,20.451478346215037,-0.16,12.21
2011-06-06,20.47846889952138,-0.16,12.15
2011-06-07,20.520181572813005,-0.16,12.2
2011-06-08,20.512820512820362,-0.16,12.2
2011-06-09,20.647773279352073,-0.16,12.16
2011-06-10,20.684578579315268,-0.16,12.19
2011-06-13,20.54226475279092,-0.16,12.28
2011-06-14,20.743467059256382,-0.15,12.68
2011-06-15,20.929947245736567,-0.16,12.58
2011-06-16,20.79744816586907,-0.16,12.27
2011-06-17,20.812170285854346,-0.16,12.09
2011-06-20,20.763096552570083,-0.16,11.69
2011-06-21,20.623236412709947,-0.16,11.34
2011-06-22,20.591338486075177,-0.16,11.32
2011-06-23,20.581523739418326,-0.16,10.79
2011-06-24,20.441663599558186,-0.16,10.68
2011-06-27,20.49319101950666,-0.16,10.73
2011-06-28,20.41221935958763,-0.16,10.71
2011-06-29,20.468654152864534,-0.16,10.79
2011-06-30,20.62078272604574,-0.15,11.12
2011-07-01,20.802355539197496,-0.15,11.24
2011-07-04,20.807262912525918,-0.15,11.22
2011-07-05,20.623236412709947,-0.15,11.24
2011-07-06,20.591338486075177,-0.15,11.05
2011-07-07,20.716476505950045,-0.14,9.76
2011-07-08,20.527542632805645,-0.14,10.05
2011-07-11,20.50791313949194,-0.14,10.02
2011-07-12,20.380321432952865,-0.14,9.29
2011-07-13,20.066249539933604,-0.14,10.31
2011-07-14,20.022083179977773,-0.14,9.87
2011-07-15,20.002453686664072,-0.13,9.85
2011-07-18,20.061342166605183,-0.13,9.88
2011-07-19,20.220831799779027,-0.13,10.22
2011-07-20,20.112869586553657,-0.13,10.08
2011-07-21,20.002453686664072,-0.13,10.13
2011-07-22,20.100601153232592,-0.13,10.13
2011-07-25,19.779168200220692,-0.13,10.59
2011-07-26,19.661391240338467,-0.13,10.14
2011-07-27,19.67120598699532,-0.13,10.08
2011-07-28,19.658937553674257,-0.13,10.06
2011-07-29,19.273708747392824,-0.13,11.39
2011-08-01,19.227088700772775,-0.12,11.31
2011-08-02,18.701999754631203,-0.11,13.6
2011-08-03,18.903202061096668,-0.11,14.22
2011-08-04,18.738805054594398,-0.1,14.28
2011-08-05,18.829591461170278,-0.1,14.38
2011-08-08,18.52533431480787,-0.07,14.92
2011-08-09,17.688627162311253,-0.11,19.55
2011-08-10,17.82848730217139,-0.11,19.58
2011-08-11,18.6823702613175,-0.07,24.7
2011-08-12,19.087228560912642,-0.07,25.81
2011-08-15,19.241810820758058,-0.06,25.95
2011-08-16,19.536253220463614,-0.06,26.47
2011-08-17,19.386578333946623,-0.06,26.42
2011-08-18,19.484725800515143,-0.06,26.41
2011-08-19,19.263894000735977,-0.06,26.57
2011-08-22,19.389032020610838,-0.06,26.66
2011-08-23,19.44055944055931,-0.06,26.34
2011-08-24,19.528892160470978,-0.05,26.39
2011-08-25,19.457735247208802,-0.05,26.4
2011-08-26,19.784075573549124,-0.05,26.9
2011-08-29,20.017175806649355,-0.04,27.04
2011-08-30,20.122684333210515,-0.04,27.04
2011-08-31,19.776714513556488,-0.05,27.49
2011-09-01,19.519077413814127,-0.04,27.7
2011-09-02,19.342411973990796,-0.04,27.42
2011-09-05,19.31542142068445,-0.04,27.38
2011-09-06,21.153232732179962,-0.04,38.74
2011-09-07,21.040363145626166,-0.05,38.8
2011-09-08,21.4820267451845,-0.05,38.55
2011-09-09,21.685682738314174,-0.05,38.54
2011-09-12,21.597350018402505,-0.05,37.36
2011-09-13,21.60225739173093,-0.05,37.34
2011-09-14,21.49429517850556,-0.05,37.23
2011-09-15,21.332351858667504,-0.06,37.41
2011-09-16,21.48448043184871,-0.06,36.87
2011-09-19,21.64397006502255,-0.06,33.26
2011-09-20,21.781376518218476,-0.06,33.26
2011-09-21,22.08317997791667,-0.06,30.97
2011-09-22,22.296650717703194,-0.07,30.62
2011-09-23,22.22058643111259,-0.07,30.72
2011-09-26,22.11998527787986,-0.07,30.67
2011-09-27,21.98748619801236,-0.07,30.62
2011-09-28,22.08808735124509,-0.07,30.62
2011-09-29,22.01202306465449,-0.07,30.33
2011-09-30,22.28438228438213,-0.07,30.41
2011-10-03,22.613176297386666,-0.08,30.55
2011-10-04,22.488038277511805,-0.08,30.71
2011-10-05,22.652435284014075,-0.08,30.61
2011-10-06,22.586185744080325,-0.08,30.49
2011-10-07,22.750582750582595,-0.08,30.42
2011-10-10,22.173966384492548,-0.09,31.73
2011-10-11,22.296650717703198,-0.09,31.07
2011-10-12,21.958041958041814,-0.09,31.19
2011-10-13,22.03901361796084,-0.09,30.93
2011-10-14,21.87461661145857,-0.09,31.09
2011-10-17,22.06600417126718,-0.09,15.82
2011-10-18,22.051282051281905,-0.09,15.69
2011-10-19,22.151883204514636,-0.09,14.57
2011-10-20,21.93105140473547,-0.09,14.69
2011-10-21,21.6537848116794,-0.1,15.16
2011-10-24,21.612072138387788,-0.1,15.17
2011-10-25,21.543368911789823,-0.09,15.12
2011-10-26,21.616979511716213,-0.09,14.96
2011-10-27,21.10170531223149,-0.1,16.52
2011-10-28,21.182676972150517,-0.1,16.39
2011-10-31,21.518832045147697,-0.1,17.0
2011-11-01,21.766654398233207,-0.11,16.83
2011-11-02,21.693043798306817,-0.11,16.55
2011-11-03,21.5384615384614,-0.11,16.64
2011-11-04,21.7077659182921,-0.11,16.82
2011-11-07,22.10035578456617,-0.11,17.62
2011-11-08,21.95804195804182,-0.11,17.67
2011-11-09,22.316280211016913,-0.11,18.3
2011-11-10,22.232854864433673,-0.11,17.97
2011-11-11,22.070911544595617,-0.11,17.49
2011-11-14,22.284382284382147,-0.11,17.7
2011-11-15,22.451232977548628,-0.11,17.71
2011-11-16,22.559195190774,-0.11,17.75
2011-11-17,22.62544473070775,-0.11,17.63
2011-11-18,22.490491964176034,-0.11,15.89
2011-11-21,22.507667770825527,-0.11,15.82
2011-11-22,22.42914979757071,-0.11,15.11
2011-11-23,22.576370997423485,-0.11,15.19
2011-11-24,22.564102564102424,-0.11,14.98
2011-11-25,22.819285977180574,-0.11,15.11
2011-11-28,22.632805790700385,-0.11,15.37
2011-11-29,22.596000490737193,-0.11,15.34
2011-11-30,22.407066617592797,-0.12,15.24
2011-12-01,22.470862470862333,-0.12,14.67
2011-12-02,22.60826892405826,-0.12,14.7
2011-12-05,22.59109311740877,-0.12,14.65
2011-12-06,22.718684823947843,-0.12,14.69
2011-12-07,22.662250030670943,-0.12,12.4
2011-12-08,22.723592197276268,-0.12,12.4
2011-12-09,22.647527910685668,-0.12,11.79
2011-12-12,22.99595141700391,-0.12,12.14
2011-12-13,23.202061096797795,-0.12,12.2
2011-12-14,23.398356029934835,-0.12,11.96
2011-12-15,23.064654643601866,-0.12,12.92
2011-12-16,22.96405349036914,-0.12,12.08
2011-12-19,23.00085879033233,-0.12,11.83
2011-12-20,22.86099865047219,-0.12,11.14
2011-12-21,22.95914611704071,-0.12,11.1
2011-12-22,22.968960863697564,-0.12,10.79
2011-12-23,22.98122929701863,-0.12,10.48
2011-12-26,22.96405349036914,-0.12,10.3
2011-12-27,22.917433443749093,-0.12,10.26
2011-12-28,23.130904183535623,-0.12,10.57
2011-12-29,23.0695620169303,-0.12,10.42
2011-12-30,23.018034596981828,-0.12,10.46
2012-01-02,23.059747270273444,-0.12,10.38
2012-01-03,22.87081339712905,-0.12,10.58
2012-01-04,23.106367316893493,-0.12,10.97
2012-01-05,23.37136547662849,-0.12,10.98
2012-01-06,23.437615016562244,-0.12,10.63
2012-01-09,23.30020856336632,-0.12,10.81
2012-01-10,23.290393816709468,-0.12,10.42
2012-01-11,23.410624463255903,-0.12,10.48
2012-01-12,23.177524230155672,-0.12,10.91
2012-01-13,23.368911789964287,-0.12,11.11
2012-01-16,23.413078149920118,-0.12,11.03
2012-01-17,23.297754876702108,-0.12,11.13
2012-01-18,23.05238621028081,-0.12,11.63
2012-01-19,22.870813397129055,-0.13,11.85
2012-01-20,22.929701877070162,-0.12,10.94
2012-01-23,22.765304870567892,-0.13,10.77
2012-01-24,22.760397497239467,-0.13,10.4
2012-01-25,22.61317629738669,-0.13,9.7
2012-01-26,22.58618574408035,-0.13,9.63
2012-01-27,22.392344497607525,-0.13,9.9
2012-01-30,22.500306710832895,-0.12,9.91
2012-01-31,22.57882468408771,-0.12,9.88
2012-02-01,22.458594037541275,-0.12,9.97
2012-02-02,22.495399337504466,-0.12,9.99
2012-02-03,22.529750950803447,-0.12,10.02
2012-02-06,22.54201938412451,-0.12,10.01
2012-02-07,22.370261317629602,-0.12,9.75
2012-02-08,22.387437124279096,-0.12,9.75
2012-02-09,22.37271500429382,-0.12,9.74
2012-02-10,22.48803827751183,-0.12,9.88
2012-02-13,22.48803827751183,-0.12,9.62
2012-02-14,22.559195190774005,-0.12,9.1
2012-02-15,22.65979634400674,-0.12,8.44
2012-02-16,22.554287817445584,-0.12,8.42
2012-02-17,22.57391731075929,-0.12,8.32
2012-02-20,22.367807630965395,-0.12,8.66
2012-02-21,22.3874371242791,-0.12,8.46
2012-02-22,22.32854864433799,-0.12,8.05
2012-02-23,22.117531591215673,-0.12,7.85
2012-02-24,21.985032511348173,-0.12,7.85
2012-02-27,22.0660041712672,-0.12,7.99
2012-02-28,21.972764078027108,-0.12,7.57
2012-02-29,22.191142191142063,-0.12,8.06
2012-03-01,22.232854864433683,-0.12,8.03
2012-03-02,22.431603484234934,-0.12,8.33
2012-03-05,22.38252975095067,-0.12,8.35
2012-03-06,22.546926757452944,-0.13,8.46
2012-03-07,22.492945650840255,-0.13,8.48
2012-03-08,22.284382284382154,-0.13,8.55
2012-03-09,22.54447307078873,-0.13,9.14
2012-03-12,22.488038277511833,-0.13,9.11
2012-03-13,22.64998159734989,-0.12,9.21
2012-03-14,22.83400809716586,-0.12,9.5
2012-03-15,22.647527910685675,-0.12,9.84
2012-03-16,22.465955097533914,-0.12,10.15
2012-03-19,22.357992884308544,-0.12,9.99
2012-03-20,22.37026131762961,-0.12,9.98
2012-03-21,22.38498343761489,-0.12,9.98
2012-03-22,22.409520304257015,-0.12,9.86
2012-03-23,22.27947491105373,-0.12,10.01
2012-03-26,22.15679057784308,-0.12,10.07
2012-03-27,22.210771684455764,-0.12,9.99
2012-03-28,22.210771684455764,-0.12,9.92
2012-03-29,22.237762237762105,-0.12,9.92
2012-03-30,22.14452214452201,-0.12,9.63
2012-04-02,22.173966384492566,-0.12,9.63
2012-04-03,22.331002331002196,-0.13,9.85
2012-04-04,22.47331615752655,-0.13,9.57
2012-04-05,22.569009937430852,-0.13,9.41
2012-04-06,22.507667770825527,-0.13,9.43
2012-04-09,22.505214084161317,-0.13,9.31
2012-04-10,22.537112010796083,-0.12,8.88
2012-04-11,22.51012145748974,-0.12,8.88
2012-04-12,22.357992884308537,-0.13,8.74
2012-04-13,22.561648877438216,-0.13,9.13
2012-04-16,22.438964544227566,-0.13,9.01
2012-04-17,22.45859403754127,-0.13,8.99
2012-04-18,22.470862470862333,-0.13,8.52
2012-04-19,22.453686664212842,-0.13,7.77
2012-04-20,22.30155809103164,-0.13,7.99
2012-04-23,22.414427677585437,-0.13,7.83
2012-04-24,22.338363390994832,-0.13,7.42
2012-04-25,22.311372837688488,-0.13,7.06
2012-04-26,22.304011777695855,-0.13,6.66
2012-04-27,22.240215924426316,-0.12,6.56
2012-04-30,22.267206477732657,-0.13,6.57
2012-05-01,22.274567537725297,-0.13,6.57
2012-05-02,22.404612930928582,-0.13,6.8
2012-05-03,22.414427677585437,-0.13,6.56
2012-05-04,22.529750950803447,-0.12,6.47
2012-05-07,22.588639430744557,-0.13,6.48
2012-05-08,22.662250030670947,-0.13,6.52
2012-05-09,22.79474911053845,-0.13,6.7
2012-05-10,22.782480677217386,-0.13,6.53
2012-05-11,22.816832290516366,-0.13,6.53
2012-05-14,22.983682983682847,-0.13,6.55
2012-05-15,23.150533676849328,-0.13,6.62
2012-05-16,23.17752423015567,-0.13,6.55
2012-05-17,23.206968470126224,-0.13,6.45
2012-05-18,23.057293583609233,-0.13,6.83
2012-05-21,22.995951417003912,-0.13,6.9
2012-05-22,23.236412710096783,-0.13,7.46
2012-05-23,23.42289289657697,-0.13,7.32
2012-05-24,23.518586676481274,-0.13,6.99
2012-05-25,23.543123543123407,-0.13,6.66
2012-05-28,23.516132989817063,-0.13,6.71
2012-05-29,23.570114096429748,-0.13,6.71
2012-05-30,23.825297509507894,-0.13,7.19
2012-05-31,23.832658569500538,-0.13,6.68
2012-06-01,23.70506686296146,-0.13,7.0
2012-06-04,23.577475156422388,-0.13,7.17
2012-06-05,23.66090050300563,-0.12,7.12
2012-06-06,23.417985523248547,-0.13,8.0
2012-06-07,23.46215188320438,-0.13,7.87
2012-06-08,23.54557722978762,-0.13,7.89
2012-06-11,23.606919396392943,-0.13,7.87
2012-06-12,23.570114096429748,-0.13,7.85
2012-06-13,23.469512943197017,-0.13,8.05
2012-06-14,23.327199116672663,-0.13,8.29
2012-06-15,23.312476996687387,-0.12,8.29
2012-06-18,23.432707643233826,-0.12,8.36
2012-06-19,23.22905165010415,-0.12,8.73
2012-06-20,23.192246350140955,-0.12,8.75
2012-06-21,23.49650349650336,-0.13,9.51
2012-06-22,23.440068703226462,-0.13,9.35
2012-06-25,23.567660409765537,-0.13,9.25
2012-06-26,23.589743589743456,-0.13,9.25
2012-06-27,23.633909949699287,-0.13,9.26
2012-06-28,23.680529996319333,-0.13,9.0
2012-06-29,23.27321801005998,-0.14,10.49
2012-07-02,23.427800269905397,-0.14,10.21
2012-07-03,23.373819163292715,-0.14,9.95
2012-07-04,23.525947736473913,-0.14,10.07
2012-07-05,23.78603852288049,-0.14,10.59
2012-07-06,23.97987976935331,-0.14,10.83
2012-07-09,23.933259722733265,-0.14,10.85
2012-07-10,24.0534903692797,-0.14,10.47
2012-07-11,24.073119862593405,-0.14,10.47
2012-07-12,24.1467304625198,-0.14,10.35
2012-07-13,24.055944055943918,-0.14,10.27
2012-07-16,24.011777695988084,-0.14,10.26
2012-07-17,23.97497239602489,-0.14,9.72
2012-07-18,23.992148202674382,-0.14,9.72
2012-07-19,23.99705557600281,-0.14,9.68
2012-07-20,24.24242424242411,-0.14,10.08
2012-07-23,24.318488529014715,-0.14,10.07
2012-07-24,24.43381180223273,-0.14,9.99
2012-07-25,24.239970555759903,-0.14,10.13
2012-07-26,23.992148202674397,-0.15,10.7
2012-07-27,23.920991289412218,-0.15,10.68
2012-07-30,24.03876824929444,-0.15,10.34
2012-07-31,23.957796589375413,-0.15,10.4
2012-08-01,24.117286222549257,-0.15,9.88
2012-08-02,24.190896822475644,-0.15,9.85
2012-08-03,23.803214329529997,-0.15,11.01
2012-08-06,23.771316402895227,-0.15,11.02
2012-08-07,23.77377008955944,-0.15,11.01
2012-08-08,23.835112256164763,-0.15,11.02
2012-08-09,23.94798184271856,-0.15,9.65
2012-08-10,23.977426082689114,-0.15,9.49
2012-08-13,23.896454422770084,-0.15,9.53
2012-08-14,23.918537602748003,-0.15,9.37
2012-08-15,23.977426082689117,-0.15,8.82
2012-08-16,23.852288062814253,-0.15,8.62
2012-08-17,23.896454422770084,-0.15,8.62
2012-08-20,23.87437124279217,-0.16,8.48
2012-08-21,23.626548889706662,-0.15,9.0
2012-08-22,23.521040363145502,-0.15,8.99
2012-08-23,23.454790823211756,-0.15,8.97
2012-08-24,23.548030916451847,-0.16,9.08
2012-08-27,23.577475156422402,-0.16,9.09
2012-08-28,23.452337136547545,-0.16,9.19
2012-08-29,23.518586676481295,-0.16,9.25
2012-08-30,23.56275303643713,-0.16,8.66
2012-08-31,23.43025395656963,-0.16,8.67
2012-09-03,23.400809716599074,-0.16,8.47
2012-09-04,23.45479082321176,-0.16,8.3
2012-09-05,23.44988344988333,-0.16,7.8
2012-09-06,23.39835602993486,-0.16,7.79
2012-09-07,23.172616856827265,-0.16,8.02
2012-09-10,23.219236903447317,-0.16,8.05
2012-09-11,23.037664090295554,-0.16,7.93
2012-09-12,22.995951417003933,-0.16,7.8
2012-09-13,22.949331370383888,-0.16,6.4
2012-09-14,22.738314317261572,-0.16,6.83
2012-09-17,22.75794381057528,-0.16,6.85
2012-09-18,22.78493436388162,-0.16,6.79
2012-09-19,22.753036437246852,-0.16,6.5
2012-09-20,22.897803950435417,-0.16,6.89
2012-09-21,22.88553551711435,-0.16,6.87
2012-09-24,22.96159980370495,-0.17,6.99
2012-09-25,23.00576616366078,-0.16,6.96
2012-09-26,23.05238621028083,-0.17,6.93
2012-09-27,22.998405103668144,-0.17,6.88
2012-09-28,23.05974727027347,-0.16,6.98
2012-10-01,23.020488283646063,-0.16,6.37
2012-10-02,22.973868237026014,-0.16,6.28
2012-10-03,23.03030303030291,-0.16,6.32
2012-10-04,22.834008097165874,-0.16,6.58
2012-10-05,22.80211017053111,-0.16,6.55
2012-10-08,22.902711323763842,-0.16,6.62
2012-10-09,23.069562016930327,-0.16,6.97
2012-10-10,23.047478836952408,-0.16,6.92
2012-10-11,22.941970310391252,-0.16,6.86
2012-10-12,22.905165010428057,-0.16,6.87
2012-10-15,22.895350263771206,-0.16,6.8
2012-10-16,22.723592197276297,-0.17,7.09
2012-10-17,22.630352104036202,-0.17,7.14
2012-10-18,22.691694270641523,-0.17,6.71
2012-10-19,22.784934363881618,-0.16,6.82
2012-10-22,22.743221690589994,-0.16,6.46
2012-10-23,22.880628143785923,-0.16,6.73
2012-10-24,22.880628143785923,-0.16,6.7
2012-10-25,22.946877683719674,-0.16,6.12
2012-10-26,22.93460925039861,-0.16,6.13
2012-10-29,22.983682983682865,-0.16,6.15
2012-10-30,22.87817445712171,-0.16,6.3
2012-10-31,22.85609127714379,-0.16,6.01
2012-11-01,22.86590602380064,-0.16,6.01
2012-11-02,23.07201570359453,-0.16,6.52
2012-11-05,23.152987363513557,-0.16,6.58
2012-11-06,23.13335787019985,-0.16,6.56
2012-11-07,23.182431603484112,-0.16,6.54
2012-11-08,23.20696847012624,-0.16,6.5
2012-11-09,23.280579070052628,-0.16,6.53
2012-11-12,23.268310636731567,-0.16,6.5
2012-11-13,23.246227456753648,-0.16,6.48
2012-11-14,23.187338976812537,-0.15,5.94
2012-11-15,23.11618206355036,-0.15,6.01
2012-11-16,23.199607410133602,-0.15,5.97
2012-11-19,23.064654643601887,-0.15,5.87
2012-11-20,23.064654643601887,-0.15,5.86
2012-11-21,23.03275671696712,-0.15,5.7
2012-11-22,22.939516623727027,-0.15,5.82
2012-11-23,22.77511961722476,-0.15,6.21
2012-11-26,22.76039749723948,-0.15,5.78
2012-11-27,22.831554410501656,-0.15,5.7
2012-11-28,22.79965648386689,-0.15,5.67
2012-11-29,22.755490123911056,-0.15,5.57
2012-11-30,22.772665930560542,-0.15,5.55
2012-12-03,22.711323763955214,-0.15,5.28
2012-12-04,22.730953257268922,-0.15,5.29
2012-12-05,22.730953257268922,-0.15,5.21
2012-12-06,22.8781744571217,-0.15,5.59
2012-12-07,22.929701877070173,-0.15,5.59
2012-12-10,22.907618697092257,-0.15,5.42
2012-12-11,22.87572077045749,-0.15,5.43
2012-12-12,22.730953257268926,-0.15,5.75
2012-12-13,22.662250030670965,-0.15,5.06
2012-12-14,22.51993620414661,-0.15,5.16
2012-12-17,22.51502883081818,-0.15,5.17
2012-12-18,22.402159244264386,-0.15,5.22
2012-12-19,22.409520304257022,-0.15,5.2
2012-12-20,22.3678076309654,-0.15,5.02
2012-12-21,22.45859403754128,-0.15,5.27
2012-12-24,22.47331615752656,-0.15,5.3
2012-12-25,22.475769844190772,-0.15,5.3
2012-12-26,22.409520304257022,-0.15,5.29
2012-12-27,22.409520304257022,-0.15,5.1
2012-12-28,22.41442767758545,-0.15,4.91
2012-12-31,22.461047724205493,-0.15,4.99
2013-01-01,22.463501410869704,-0.15,4.99
2013-01-02,22.522389890810818,-0.15,5.0
2013-01-03,22.73831431726156,-0.15,5.45
2013-01-04,22.686786897313084,-0.15,5.49
2013-01-07,22.605815237394058,-0.15,5.49
2013-01-08,22.674518463992023,-0.15,5.57
2013-01-09,22.703962703962578,-0.15,5.56
2013-01-10,22.431603484234934,-0.15,6.61
2013-01-11,22.414427677585444,-0.15,6.57
2013-01-14,22.620537357379337,-0.15,7.17
2013-01-15,22.86590602380063,-0.15,7.88
2013-01-16,22.843822843822718,-0.15,7.65
2013-01-17,22.880628143785913,-0.15,7.63
2013-01-18,22.922340817077533,-0.15,7.65
2013-01-21,22.8781744571217,-0.15,7.66
2013-01-22,22.802110170531098,-0.15,7.48
2013-01-23,22.804563857195312,-0.15,7.41
2013-01-24,22.792295423874247,-0.15,7.14
2013-01-25,22.733406943933137,-0.15,7.19
2013-01-28,22.728499570604708,-0.15,7.0
2013-01-29,22.608268924058272,-0.15,7.22
2013-01-30,22.3481781376517,-0.15,8.03
2013-01-31,22.328548644337996,-0.15,7.93
2013-02-01,22.279474911053736,-0.15,7.95
2013-02-04,22.286835971046372,-0.15,7.95
2013-02-05,22.286835971046372,-0.15,7.9
2013-02-06,22.33345601766642,-0.15,7.93
2013-02-07,22.534658324131883,-0.15,8.39
2013-02-08,22.510121457489753,-0.15,8.38
2013-02-11,22.581278370751928,-0.15,8.43
2013-02-12,22.500306710832902,-0.15,8.46
2013-02-13,22.495399337504473,-0.15,7.93
2013-02-14,22.603361550729844,-0.15,8.05
2013-02-15,22.61808367071512,-0.15,7.98
2013-02-18,22.65734265734253,-0.15,7.94
2013-02-19,22.63771316402882,-0.15,7.94
2013-02-20,22.745675377254194,-0.15,7.14
2013-02-21,22.84627653048693,-0.15,7.23
2013-02-22,22.80701754385952,-0.15,6.76
2013-02-25,22.868359710464844,-0.15,5.98
2013-02-26,22.865906023800626,-0.15,5.97
2013-02-27,22.80947123052373,-0.15,5.99
2013-02-28,22.983682983682847,-0.15,6.4
2013-03-01,23.135811556864052,-0.15,6.66
2013-03-04,23.086737823579796,-0.16,6.6
2013-03-05,23.084284136915585,-0.16,6.61
2013-03-06,23.280579070052625,-0.16,7.02
2013-03-07,23.12845049687142,-0.16,7.29
2013-03-08,23.34437492332216,-0.16,7.74
2013-03-11,23.238866396761008,-0.16,7.68
2013-03-12,23.238866396761008,-0.16,6.64
2013-03-13,23.368911789964294,-0.16,6.72
2013-03-14,23.241320083425222,-0.16,6.96
2013-03-15,23.032756716967118,-0.16,7.63
2013-03-18,23.214329530118878,-0.16,7.88
2013-03-19,23.233959023432586,-0.17,7.88
2013-03-20,23.19470003680518,-0.17,7.56
2013-03-21,23.22169059011152,-0.17,7.54
2013-03-22,23.084284136915596,-0.17,7.79
2013-03-25,23.270764323395785,-0.17,7.96
2013-03-26,23.263403263403145,-0.17,7.96
2013-03-27,23.408170776591707,-0.17,8.04
2013-03-28,23.305115936694765,-0.17,8.21
2013-03-29,23.290393816709486,-0.17,8.22
2013-04-01,23.22659796343995,-0.17,8.28
2013-04-02,23.283032756716846,-0.17,8.21
2013-04-03,23.192246350140966,-0.17,8.24
2013-04-04,23.057293583609255,-0.17,8.44
2013-04-05,22.927248190405965,-0.17,8.59
2013-04-08,22.94933137038388,-0.17,8.6
2013-04-09,22.883081830450134,-0.17,8.61
2013-04-10,22.883081830450134,-0.17,8.29
2013-04-11,22.8389154704943,-0.17,8.04
2013-04-12,22.753036437246845,-0.17,8.08
2013-04-15,22.853637590479575,-0.17,8.22
2013-04-16,22.637713164028835,-0.17,8.19
2013-04-17,22.88798920377856,-0.17,8.74
2013-04-18,22.883081830450134,-0.17,8.21
2013-04-19,22.90271132376384,-0.17,8.14
2013-04-22,22.91988713041333,-0.17,8.15
2013-04-23,23.197153723469395,-0.17,8.79
2013-04-24,23.2364127100968,-0.17,8.66
2013-04-25,23.18243160348412,-0.17,8.23
2013-04-26,23.135811556864073,-0.17,7.91
2013-04-29,22.981229297018654,-0.17,8.14
2013-04-30,22.80211017053111,-0.17,8.44
2013-05-01,22.753036437246852,-0.17,8.43
2013-05-02,22.939516623727034,-0.17,8.67
2013-05-03,22.9517850570481,-0.17,8.29
2013-05-06,23.022941970310274,-0.17,8.36
2013-05-07,23.072015703594534,-0.16,8.15
2013-05-08,22.95423874371231,-0.17,8.18
2013-05-09,23.26340326340315,-0.17,9.18
2013-05-10,23.476874003189675,-0.17,9.54
2013-05-13,23.49650349650338,-0.16,9.52
2013-05-14,23.72960372960361,-0.16,9.84
2013-05-15,23.673168936326714,-0.16,9.68
2013-05-16,23.673168936326714,-0.16,9.47
2013-05-17,23.86701018279954,-0.16,9.7
2013-05-20,23.73451110293204,-0.16,9.84
2013-05-21,23.80321432953,-0.16,9.84
2013-05-22,24.004416635995465,-0.16,10.01
2013-05-23,23.771316402895234,-0.16,10.46
2013-05-24,23.59219727640769,-0.16,10.76
2013-05-27,23.631456263035094,-0.16,10.25
2013-05-28,23.970065022696485,-0.16,10.57
2013-05-29,23.5946509630719,-0.16,11.78
2013-05-30,23.386087596613798,-0.16,12.15
2013-05-31,23.435161329898058,-0.16,12.15
2013-06-03,23.241320083425236,-0.17,11.93
2013-06-04,23.231505336768386,-0.17,11.92
2013-06-05,23.11618206355038,-0.17,11.99
2013-06-06,22.799656483866904,-0.17,12.67
2013-06-07,22.966507177033385,-0.17,12.72
2013-06-10,22.910072383756486,-0.17,12.52
2013-06-11,22.68924058397732,-0.16,12.85
2013-06-12,22.59845417740144,-0.16,12.63
2013-06-13,22.620537357379355,-0.16,12.64
2013-06-14,22.60090786406565,-0.17,12.59
2013-06-17,22.637713164028845,-0.16,12.58
2013-06-18,22.578824684087735,-0.16,12.52
2013-06-19,22.77511961722477,-0.16,12.1
2013-06-20,22.76039749723949,-0.16,11.71
2013-06-21,22.92970187707019,-0.16,11.97
2013-06-24,22.900257637099635,-0.16,11.5
2013-06-25,23.02294197031029,-0.16,11.66
2013-06-26,23.14071893019251,-0.16,11.8
2013-06-27,23.194700036805195,-0.16,11.52
2013-06-28,23.18733897681255,-0.16,11.43
2013-07-01,23.19224635014098,-0.16,11.38
2013-07-02,23.32474543000848,-0.17,11.2
2013-07-03,23.226597963439964,-0.17,10.91
2013-07-04,23.47196662986126,-0.17,11.21
2013-07-05,23.653539443013017,-0.16,11.45
2013-07-08,23.643724696356163,-0.17,10.57
2013-07-09,23.867010182799543,-0.17,9.84
2013-07-10,23.511225616488666,-0.17,10.53
2013-07-11,23.23641271009681,-0.17,11.1
2013-07-12,23.22414427677575,-0.17,10.82
2013-07-15,23.27076432339579,-0.17,10.83
2013-07-16,23.04011777695977,-0.17,11.15
2013-07-17,23.08919151024403,-0.17,10.32
2013-07-18,23.17997791681991,-0.17,10.16
2013-07-19,23.091645196908246,-0.17,10.2
2013-07-22,22.976321923690236,-0.17,9.87
2013-07-23,22.939516623727037,-0.17,9.8
2013-07-24,23.000858790332366,-0.17,9.82
2013-07-25,22.814378603852177,-0.17,10.15
2013-07-26,22.7800269905532,-0.17,10.16
2013-07-29,22.846276530486946,-0.18,10.15
2013-07-30,22.811924917187966,-0.18,9.83
2013-07-31,22.72604588394051,-0.18,9.9
2013-08-01,22.9885903570113,-0.17,10.25
2013-08-02,22.797202797202694,-0.19,10.56
2013-08-05,22.755490123911073,-0.2,10.43
2013-08-06,22.71868482394788,-0.23,10.29
2013-08-07,22.613176297386723,-0.23,10.32
2013-08-08,22.578824684087742,-0.23,10.32
2013-08-09,22.632805790700424,-0.2,10.36
2013-08-12,22.716231137283664,-0.26,10.26
2013-08-13,22.890442890442785,-0.27,10.51
2013-08-14,22.954238743712324,-0.27,10.0
2013-08-15,22.723592197276307,-0.26,10.02
2013-08-16,22.733406943933158,-0.26,10.04
2013-08-19,22.67451846399205,-0.27,9.47
2013-08-20,22.507667770825567,-0.27,8.72
2013-08-21,22.630352104036213,-0.27,8.36
2013-08-22,22.654888970678343,-0.27,8.38
2013-08-23,22.627898417372,-0.28,8.33
2013-08-26,22.649981597349917,-0.29,7.87
2013-08-27,22.512575144153992,-0.29,7.99
2013-08-28,22.627898417372002,-0.29,8.06
2013-08-29,22.84136915715853,-0.29,8.56
2013-08-30,22.814378603852187,-0.29,8.44
2013-09-02,22.927248190405983,-0.29,8.57
2013-09-03,22.981229297018665,-0.29,8.56
2013-09-04,22.949331370383895,-0.29,8.2
2013-09-05,23.184885290148337,-0.29,8.71
2013-09-06,23.013127223653427,-0.29,9.0
2013-09-09,22.878174457121716,-0.29,9.17
2013-09-10,22.937062937062823,-0.29,9.12
2013-09-11,22.829100723837456,-0.29,8.55
2013-09-12,22.834008097165878,-0.29,8.17
2013-09-13,22.811924917187962,-0.29,8.16
2013-09-16,22.753036437246855,-0.29,8.18
2013-09-17,22.72113851061209,-0.29,8.07
2013-09-18,22.377622377622274,-0.29,9.28
2013-09-19,22.34327076432329,-0.29,9.25
2013-09-20,22.33590970433065,-0.29,9.16
2013-09-23,22.35063182431593,-0.28,8.82
2013-09-24,22.397251870935975,-0.29,8.79
2013-09-25,22.30891915102431,-0.29,8.37
2013-09-26,22.335909704330653,-0.29,8.39
2013-09-27,22.227947491105287,-0.28,8.46
2013-09-30,22.203410624463153,-0.28,8.2
2013-10-01,22.21813274444843,-0.27,8.01
2013-10-02,22.149429517850468,-0.27,8.02
2013-10-03,22.06845785793144,-0.27,8.07
2013-10-04,22.259845417740053,-0.27,8.54
2013-10-07,22.154336891178897,-0.27,8.47
2013-10-08,22.178873757821027,-0.25,8.31
2013-10-09,22.328548644338017,-0.25,8.04
2013-10-10,22.365353944301212,-0.25,8.07
2013-10-11,22.375168690958063,-0.25,7.89
2013-10-14,22.335909704330657,-0.24,7.83
2013-10-15,22.392344497607553,-0.24,7.9
2013-10-16,22.411973990921258,-0.24,7.15
2013-10-17,22.14206845785783,-0.24,7.65
2013-10-18,22.124892651208338,-0.24,7.52
2013-10-21,22.13225371120098,-0.24,7.44
2013-10-22,21.953134584713435,-0.24,7.66
2013-10-23,21.89424610477232,-0.24,7.65
2013-10-24,21.89424610477232,-0.24,7.66
2013-10-25,21.90160716476496,-0.24,7.67
2013-10-28,21.980125138019776,-0.23,7.81
2013-10-29,22.05618942461038,-0.22,6.59
2013-10-30,22.063550484603024,-0.22,6.59
2013-10-31,22.252484357747424,-0.22,7.11
2013-11-01,22.38498343761492,-0.21,7.34
2013-11-04,22.32609495767381,-0.21,7.35
2013-11-05,22.41688136424969,-0.21,7.36
2013-11-06,22.38252975095071,-0.21,7.36
2013-11-07,22.47086247086237,-0.22,7.29
2013-11-08,22.61072261072251,-0.21,7.48
2013-11-11,22.55919519077404,-0.2,7.53
2013-11-12,22.512575144153992,-0.2,7.49
2013-11-13,22.414427677585476,-0.2,7.53
2013-11-14,22.48558459084765,-0.2,7.15
2013-11-15,22.446325604220245,-0.2,7.01
2013-11-18,22.3997055576002,-0.19,7.04
2013-11-19,22.353085510980154,-0.2,6.79
2013-11-20,22.48067721751923,-0.2,6.99
2013-11-21,22.39725187093599,-0.2,7.08
2013-11-22,22.247576984418995,-0.2,7.35
2013-11-25,22.37271500429386,-0.2,7.51
2013-11-26,22.24512329775478,-0.19,7.69
2013-11-27,22.26966016439691,-0.19,6.76
2013-11-28,22.22058643111265,-0.19,6.79
2013-11-29,22.23530855109793,-0.19,6.8
2013-12-02,22.29665071770325,-0.19,6.33
2013-12-03,22.191142191142095,-0.19,6.46
2013-12-04,22.14206845785783,-0.19,6.5
2013-12-05,22.002208317997695,-0.19,6.81
2013-12-06,21.88443135811547,-0.19,6.92
2013-12-09,21.85007974481649,-0.19,6.84
2013-12-10,21.7764691448901,-0.19,6.89
2013-12-11,21.751932278247974,-0.18,6.31
2013-12-12,21.818181818181724,-0.18,6.08
2013-12-13,21.82554287817436,-0.18,6.06
2013-12-16,21.771561771561675,-0.18,5.89
2013-12-17,21.712673291620565,-0.18,5.91
2013-12-18,21.933505091399734,-0.17,6.64
2013-12-19,22.034106244632465,-0.17,6.5
2013-12-20,21.98993988467663,-0.17,6.49
2013-12-23,21.93105140473552,-0.17,6.5
2013-12-24,21.98257882468399,-0.17,6.48
2013-12-25,21.977671451355565,-0.17,6.37
2013-12-26,21.99975463133348,-0.17,6.39
2013-12-27,21.87461661145862,-0.17,6.55
2013-12-30,21.78137651821853,-0.16,6.62
2013-12-31,21.9089682247576,-0.16,6.64
2014-01-01,21.877070298122835,-0.16,6.58
2014-01-02,22.05864311127459,-0.16,6.86
2014-01-03,22.210771684455796,-0.16,6.97
2014-01-06,22.183781131149455,-0.16,6.77
2014-01-07,22.306465464360105,-0.16,6.97
2014-01-08,22.35799288430858,-0.16,6.96
2014-01-09,22.254938044411634,-0.16,7.11
2014-01-10,22.142068457857835,-0.16,7.22
2014-01-13,22.058643111274595,-0.16,7.17
2014-01-14,22.14452214452205,-0.15,7.24
2014-01-15,22.29665071770325,-0.15,7.24
2014-01-16,22.20095693779895,-0.15,7.17
2014-01-17,22.331002331002235,-0.15,7.31
2014-01-20,22.32854864433802,-0.15,7.21
2014-01-21,22.331002331002235,-0.15,7.19
2014-01-22,22.367807630965427,-0.15,7.16
2014-01-23,22.01693043798297,-0.14,8.73
2014-01-24,21.948227211385007,-0.13,8.75
2014-01-27,21.98993988467663,-0.14,8.71
2014-01-28,22.01447675131876,-0.14,8.18
2014-01-29,21.945773524720796,-0.13,8.12
2014-01-30,22.151883204514686,-0.13,8.58
2014-01-31,22.242669611090566,-0.13,8.6
2014-02-03,22.10526315789464,-0.12,8.81
2014-02-04,22.173966384492605,-0.12,8.85
2014-02-05,22.16905901116418,-0.12,8.85
2014-02-06,22.107716844558855,-0.12,8.71
2014-02-07,22.03655993129668,-0.12,8.66
2014-02-10,22.004662004661913,-0.12,8.51
2014-02-11,22.041467304625108,-0.12,8.51
2014-02-12,22.097902097902004,-0.12,8.17
2014-02-13,21.921236658078673,-0.12,8.24
2014-02-14,21.899153478100754,-0.12,8.23
2014-02-17,21.874616611458624,-0.12,8.03
2014-02-18,21.786283891546958,-0.12,8.03
2014-02-19,21.803459698196445,-0.12,7.96
2014-02-20,21.825542878174364,-0.12,7.86
2014-02-21,21.781376518218533,-0.12,7.81
2014-02-24,21.8132744448533,-0.12,7.72
2014-02-25,21.759293338240614,-0.12,7.39
2014-02-26,21.85498711814492,-0.12,7.47
2014-02-27,21.796098638203805,-0.12,7.23
2014-02-28,21.59980370506677,-0.12,7.63
2014-03-03,21.668506931664734,-0.12,7.73
2014-03-04,21.771561771561675,-0.11,7.88
2014-03-05,21.76665439823325,-0.11,6.39
2014-03-06,21.60716476505941,-0.11,6.68
2014-03-07,21.540915225125655,-0.11,6.67
2014-03-10,21.53600785179723,-0.11,6.65
2014-03-11,21.55072997178251,-0.11,6.62
2014-03-12,21.445221445221353,-0.11,5.97
2014-03-13,21.462397251870843,-0.12,5.79
2014-03-14,21.405962458593944,-0.12,5.6
2014-03-17,21.42804563857186,-0.11,5.49
2014-03-18,21.425591951907645,-0.11,5.49
2014-03-19,21.609618451723623,-0.12,6.18
2014-03-20,21.68568273831422,-0.11,6.27
2014-03-21,21.663599558336305,-0.11,6.26
2014-03-24,21.612072138387834,-0.11,6.25
2014-03-25,21.658692185007883,-0.11,6.23
2014-03-26,21.715126978284783,-0.11,5.87
2014-03-27,21.75438596491219,-0.11,5.9
2014-03-28,21.759293338240614,-0.11,5.89
2014-03-31,21.705312231627932,-0.11,5.82
2014-04-01,21.678321678321584,-0.11,5.82
2014-04-02,21.75438596491219,-0.11,5.91
2014-04-03,21.85989449147334,-0.11,6.06
2014-04-04,21.889338731443896,-0.11,6.06
2014-04-07,21.78628389154695,-0.11,6.19
2014-04-08,21.673414304993155,-0.11,6.23
2014-04-09,21.582627898417275,-0.11,6.3
2014-04-10,21.50656361182667,-0.1,5.78
2014-04-11,21.49674886516982,-0.1,5.69
2014-04-14,21.5875352717457,-0.09,5.65
2014-04-15,21.594896331738337,-0.09,5.65
2014-04-16,21.636609005029957,-0.09,5.24
2014-04-17,21.670960618328934,-0.09,5.17
2014-04-18,21.67832167832157,-0.09,5.17
2014-04-21,21.717580664948983,-0.09,5.19
2014-04-22,21.715126978284772,-0.09,4.94
2014-04-23,21.675867991657363,-0.09,4.98
2014-04-24,21.63170163170153,-0.09,4.95
2014-04-25,21.636609005029953,-0.09,4.95
2014-04-28,21.59980370506676,-0.09,4.98
2014-04-29,21.67832167832157,-0.09,4.41
2014-04-30,21.60225739173097,-0.09,4.41
2014-05-01,21.57526683842463,-0.09,4.41
2014-05-02,21.543368911789862,-0.09,4.38
2014-05-05,21.538461538461437,-0.09,4.32
2014-05-06,21.45258250521398,-0.09,4.38
2014-05-07,21.50165623849824,-0.09,4.4
2014-05-08,21.59735001840254,-0.08,4.63
2014-05-09,21.749478591583742,-0.08,5.06
2014-05-12,21.783830204882726,-0.08,5.06
2014-05-13,21.842718684823836,-0.08,5.02
2014-05-14,21.832903938166986,-0.08,4.81
2014-05-15,21.862348178137538,-0.08,4.81
2014-05-16,21.90406085142916,-0.08,4.61
2014-05-19,21.894246104772304,-0.08,4.31
2014-05-20,21.886885044779667,-0.08,4.08
2014-05-21,21.916329284750223,-0.08,3.89
2014-05-22,21.94086615139235,-0.08,3.88
2014-05-23,21.98012513801976,-0.08,3.74
2014-05-26,21.953134584713414,-0.08,3.78
2014-05-27,22.002208317997674,-0.08,3.79
2014-05-28,22.043920991289294,-0.08,3.8
2014-05-29,22.031652557968233,-0.08,3.81
2014-05-30,21.96540301803448,-0.07,3.94
2014-06-02,22.05128205128193,-0.08,4.07
2014-06-03,21.99239357134082,-0.08,4.12
2014-06-04,22.016930437982946,-0.08,4.05
2014-06-05,21.87216292479438,-0.08,4.59
2014-06-06,21.926144031407063,-0.07,4.59
2014-06-09,22.012023064654517,-0.07,4.6
2014-06-10,22.063550484602988,-0.07,4.46
2014-06-11,22.080726291252482,-0.07,4.42
2014-06-12,22.046374677953498,-0.07,4.42
2014-06-13,22.085633664580907,-0.07,4.42
2014-06-16,22.012023064654514,-0.07,4.35
2014-06-17,22.068457857931413,-0.07,4.36
2014-06-18,21.977671451355533,-0.07,4.47
2014-06-19,21.938412464728124,-0.07,4.05
2014-06-20,21.96294933137025,-0.07,4.04
2014-06-23,21.94331983805655,-0.05,3.99
2014-06-24,21.931051404735484,-0.05,3.99
2014-06-25,21.906514538093354,-0.05,3.99
2014-06-26,21.92614403140706,-0.05,3.96
2014-06-27,21.857440804809098,-0.05,4.07
2014-06-30,21.759293338240578,-0.04,4.28
2014-07-01,21.77646914489007,-0.03,4.26
2014-07-02,21.808367071524838,-0.03,4.27
2014-07-03,21.91878297141442,-0.03,4.52
2014-07-04,21.938412464728124,-0.03,4.52
2014-07-07,21.92614403140706,-0.03,4.46
2014-07-08,21.91142191142178,-0.03,4.42
2014-07-09,21.862348178137523,-0.03,4.46
2014-07-10,21.894246104772293,-0.03,4.41
2014-07-11,21.89179241810808,-0.03,4.23
2014-07-14,21.88443135811544,-0.02,4.16
2014-07-15,21.977671451355533,-0.02,4.35
2014-07-16,22.04392099128928,-0.02,3.94
2014-07-17,22.01938412464715,-0.02,3.91
2014-07-18,22.04637467795349,-0.02,3.74
2014-07-21,22.03410624463243,-0.02,3.68
2014-07-22,22.142068457857796,-0.02,3.96
2014-07-23,22.13716108452937,-0.02,3.93
2014-07-24,22.146975831186225,-0.01,3.9
2014-07-25,22.20341062446312,-0.01,3.81
2014-07-28,22.181327444485206,0.0,3.77
2014-07-29,22.25248435774738,0.0,3.63
2014-07-30,22.29910440436743,0.0,3.59
2014-07-31,22.29910440436743,-0.01,3.59
2014-08-01,22.22794749110525,0.0,3.74
2014-08-04,22.247576984418956,0.01,3.73
2014-08-05,22.304011777695855,0.01,3.74
2014-08-06,22.26966016439687,0.01,3.8
2014-08-07,22.30155809103164,0.01,3.63
2014-08-08,22.215679057784186,0.01,3.55
2014-08-11,22.245123297754745,0.01,3.55
2014-08-12,22.26966016439687,0.01,3.55
2014-08-13,22.26720647773266,0.01,3.29
2014-08-14,22.24266961109053,0.01,3.32
2014-08-15,22.146975831186225,0.01,3.61
2014-08-18,22.24266961109053,0.01,3.78
2014-08-19,22.308919151024277,0.01,3.75
2014-08-20,22.411973990921226,0.01,3.92
2014-08-21,22.365353944301177,0.01,4.01
2014-08-22,22.421788737578076,0.01,4.03
2014-08-25,22.461047724205482,0.01,3.9
2014-08-26,22.512575144153953,0.01,3.87
2014-08-27,22.446325604220203,0.01,3.99
2014-08-28,22.453686664212842,0.01,3.98
2014-08-29,22.529750950803443,0.01,4.05
2014-09-01,22.564102564102424,0.01,3.85
2014-09-02,22.549380444117148,0.01,3.86
2014-09-03,22.517482517482375,0.01,3.91
2014-09-04,22.865906023800616,0.01,5.89
2014-09-05,22.846276530486918,0.01,5.89
2014-09-08,22.954238743712285,0.01,5.96
2014-09-09,22.890442890442745,0.01,6.06
2014-09-10,22.98368298368284,0.01,6.12
2014-09-11,22.961599803704924,0.01,6.01
2014-09-12,22.89780395043539,0.01,6.13
2014-09-15,22.946877683719645,0.02,6.12
2014-09-16,22.88308183045011,0.02,6.18
2014-09-17,23.09409888357242,0.02,6.65
2014-09-18,22.91252607042066,0.01,7.04
2014-09-19,23.084284136915567,0.01,7.29
2014-09-22,23.06220095693765,0.01,7.32
2014-09-23,23.06220095693765,0.01,7.32
2014-09-24,23.199607410133577,0.02,7.42
2014-09-25,23.226597963439918,0.02,7.2
2014-09-26,23.344374923322142,0.02,7.23
2014-09-29,23.341921236657928,0.02,7.24
2014-09-30,23.43516132989802,0.02,7.22
2014-10-01,23.457244509875935,0.02,7.13
2014-10-02,23.408170776591678,0.02,7.21
2014-10-03,23.739418476260433,0.03,8.14
2014-10-06,23.513679303152838,0.03,8.83
2014-10-07,23.476874003189643,0.03,8.77
2014-10-08,23.354189669978993,0.03,9.0
2014-10-09,23.417985523248536,0.03,8.99
2014-10-10,23.484235063182286,0.03,9.0
2014-10-13,23.260949576738906,0.03,9.56
2014-10-14,23.400809716599046,0.03,9.64
2014-10-15,23.064654643601866,0.04,9.75
2014-10-16,23.12599681020719,0.04,9.76
2014-10-17,23.219236903447285,0.04,9.74
2014-10-20,23.13335787019983,0.05,9.77
2014-10-21,23.28794013004525,0.05,9.89
2014-10-22,23.400809716599042,0.05,9.97
2014-10-23,23.410624463255893,0.05,9.91
2014-10-24,23.356643356643207,0.05,9.94
2014-10-27,23.300208563366308,0.05,9.93
2014-10-28,23.241320083425197,0.05,9.61
2014-10-29,23.430253956569594,0.05,9.55
2014-10-30,23.457244509875938,0.05,9.32
2014-10-31,23.61918782971399,0.05,9.5
2014-11-03,23.70015948963302,0.06,9.52
2014-11-04,23.55048460311603,0.06,9.63
2014-11-05,23.65353944301297,0.06,9.7
2014-11-06,23.881732302784783,0.06,9.99
2014-11-07,23.70752054962566,0.07,10.27
2014-11-10,23.75659428290992,0.07,10.23
2014-11-11,23.665807876334043,0.07,10.31
2014-11-12,23.714881609618303,0.07,10.29
2014-11-13,23.641271009691913,0.07,9.44
2014-11-14,23.533308796466542,0.07,9.09
2014-11-17,23.675622622990897,0.07,9.25
2014-11-18,23.51367930315284,0.07,9.35
2014-11-19,23.481781376518068,0.07,9.33
2014-11-20,23.516132989817056,0.07,9.3
2014-11-21,23.793399582873118,0.07,9.44
2014-11-24,23.714881609618306,0.08,9.37
2014-11-25,23.653539443012978,0.08,8.22
2014-11-26,23.584836216415017,0.08,8.28
2014-11-27,23.65599312967719,0.08,8.24
2014-11-28,23.68543736964775,0.08,8.13
2014-12-01,23.67071524966247,0.08,7.94
2014-12-02,23.852288062814228,0.08,8.12
2014-12-03,23.984787142681725,0.08,8.25
2014-12-04,23.832658569500524,0.08,8.48
2014-12-05,24.016685069316495,0.08,8.67
2014-12-08,23.95043552938274,0.08,8.68
2014-12-09,23.835112256164734,0.08,8.57
2014-12-10,23.712427922954085,0.08,8.74
2014-12-11,23.74923322291728,0.08,8.51
2014-12-12,23.648632069684545,0.09,8.55
2014-12-15,23.692798429640384,0.08,8.34
2014-12-16,23.552938289780244,0.09,8.43
2014-12-17,23.876824929456355,0.1,8.94
2014-12-18,24.043675622622835,0.1,8.88
2014-12-19,24.151637835848206,0.1,8.95
2014-12-22,24.13936940252714,0.11,8.85
2014-12-23,24.23751686909566,0.11,8.9
2014-12-24,24.193350509139826,0.11,8.86
2014-12-25,24.139369402527137,0.11,8.75
2014-12-26,24.23015580910302,0.11,8.65
2014-12-29,24.28659060237992,0.11,8.33
2014-12-30,24.264507422402005,0.11,8.32
2014-12-31,24.3970065022695,0.1,8.42
2015-01-01,24.38719175561265,0.1,7.78
2015-01-02,24.578579315421262,0.1,7.94
2015-01-05,24.70617102196033,0.1,7.93
2015-01-06,24.78714268187936,0.1,7.83
2015-01-07,24.88774383511209,0.1,7.85
2015-01-08,24.988344988344824,0.1,7.88
2015-01-09,24.88774383511209,0.1,8.04
2015-01-12,24.90001226843316,0.1,7.84
2015-01-13,25.03005766163645,0.1,7.82
2015-01-14,24.995706048337464,0.1,7.49
2015-01-15,20.591338486075195,0.16,58.91
2015-01-16,21.06980738559672,0.17,59.52
2015-01-19,21.582627898417233,0.17,60.12
2015-01-20,21.486934118512924,0.16,60.12
2015-01-21,21.106612685559913,0.16,60.26
2015-01-22,21.378971905287553,0.17,60.47
2015-01-23,21.59489633173829,0.17,60.58
2015-01-26,22.154336891178847,0.17,61.18
2015-01-27,22.154336891178847,0.16,60.99
2015-01-28,22.205864311127318,0.16,60.94
2015-01-29,22.667157403999354,0.17,61.31
2015-01-30,22.57882468408769,0.17,61.31
2015-02-02,22.772665930560514,0.18,61.37
2015-02-03,22.66961109066357,0.17,61.37
2015-02-04,22.72849957060468,0.17,61.39
2015-02-05,22.603361550729815,0.17,61.37
2015-02-06,22.74076800392574,0.17,61.4
2015-02-09,22.66470371733514,0.17,61.4
2015-02-10,22.73095325726889,0.17,61.38
2015-02-11,22.787388050545786,0.17,61.39
2015-02-12,22.84136915715847,0.17,61.33
2015-02-13,22.873267083793237,0.17,61.3
2015-02-16,22.865906023800598,0.17,61.27
2015-02-17,22.988590357011244,0.17,61.29
2015-02-18,23.11863575021453,0.17,61.31
2015-02-19,23.297754876702076,0.17,61.38
2015-02-20,23.020488283646014,0.17,61.45
2015-02-23,23.305115936694715,0.17,61.57
2015-02-24,23.327199116672627,0.17,61.57
2015-02-25,23.27076432339573,0.17,16.45
2015-02-26,23.376272849956887,0.17,15.39
2015-02-27,23.4155318365843,0.18,14.02
2015-03-02,23.518586676481245,0.18,13.85
2015-03-03,23.587289903079206,0.18,12.23
2015-03-04,23.63390994969925,0.18,11.92
2015-03-05,23.896454422770045,0.18,11.97
2015-03-06,24.193350509139812,0.17,10.23
2015-03-09,24.1908968224756,0.17,10.24
2015-03-10,24.524598208808566,0.15,10.72
2015-03-11,24.765059501901437,0.15,9.54
2015-03-12,24.593301435406527,0.15,9.79
2015-03-13,24.674273095325553,0.14,9.63
2015-03-16,24.723346828609813,0.15,9.37
2015-03-17,24.68899521531083,0.15,9.46
2015-03-18,24.00687032265963,0.13,13.03
2015-03-19,24.291497975708328,0.13,13.3
2015-03-20,23.92835234940481,0.12,14.2
2015-03-23,23.707520549625645,0.13,14.58
2015-03-24,23.51122561648861,0.13,14.86
2015-03-25,23.548030916451804,0.13,14.86
2015-03-26,23.62900257637083,0.13,14.87
2015-03-27,23.599558336400275,0.13,14.88
2015-03-30,23.72715004293935,0.13,14.89
2015-03-31,23.867010182799486,0.13,14.89
2015-04-01,23.727150042939346,0.13,14.89
2015-04-02,23.5480309164518,0.13,14.6
2015-04-03,23.351735983314764,0.13,14.39
2015-04-06,23.523494049809667,0.12,14.56
2015-04-07,23.702613176297216,0.12,14.69
2015-04-08,23.71488160961828,0.12,14.64
2015-04-09,23.987240829345925,0.13,15.0
2015-04-10,24.02404612930912,0.13,14.96
2015-04-13,23.99705557600278,0.13,14.96
2015-04-14,23.857195436142643,0.13,15.07
2015-04-15,23.66580787633403,0.13,14.89
2015-04-16,23.457244509875927,0.14,14.57
2015-04-17,23.36155072997162,0.14,14.59
2015-04-20,23.462151883204356,0.14,13.96
2015-04-21,23.4327076432338,0.14,13.51
2015-04-22,23.837565942828938,0.15,14.56
2015-04-23,23.42534658324116,0.14,15.29
2015-04-24,23.405717089927457,0.14,15.25
2015-04-27,23.432707643233798,0.14,15.27
2015-04-28,23.444976076554866,0.14,12.94
2015-04-29,23.04747883695237,0.15,13.21
2015-04-30,22.878174457121673,0.15,12.69
2015-05-01,22.878174457121673,0.15,12.47
2015-05-04,22.91007238375644,0.15,12.29
2015-05-05,22.733406943933105,0.15,12.43
2015-05-06,22.478223530854958,0.15,12.7
2015-05-07,22.61562998405088,0.15,12.91
2015-05-08,22.826647037173196,0.16,13.16
2015-05-11,22.9223408170775,0.16,13.08
2015-05-12,22.79965648386685,0.16,13.06
2015-05-13,22.49294565084023,0.16,13.44
2015-05-14,22.382529750950646,0.15,13.32
2015-05-15,22.480677217519165,0.15,13.17
2015-05-18,22.728499570604672,0.15,13.42
2015-05-19,22.988590357011244,0.15,13.95
2015-05-20,22.995951417003884,0.15,13.42
2015-05-21,22.98613667034703,0.15,13.39
2015-05-22,23.150533676849303,0.15,13.64
2015-05-25,23.18979266347671,0.15,13.59
2015-05-26,23.393448656606388,0.15,13.71
2015-05-27,23.295301190037872,0.14,13.51
2015-05-28,23.162802110170368,0.14,13.56
2015-05-29,23.072015703594488,0.14,13.53
2015-06-01,23.211875843454628,0.15,13.67
2015-06-02,22.895350263771157,0.15,13.12
2015-06-03,22.91252607042065,0.15,12.15
2015-06-04,22.907618697092225,0.15,12.15
2015-06-05,23.057293583609216,0.15,12.33
2015-06-08,22.75549012391102,0.15,12.89
2015-06-09,22.83891547049426,0.15,11.95
2015-06-10,22.856091277143754,0.15,11.75
2015-06-11,22.895350263771164,0.14,11.76
2015-06-12,22.789841737210004,0.14,11.84
2015-06-15,22.807017543859498,0.14,11.6
2015-06-16,22.87326708379325,0.15,11.07
2015-06-17,22.622991044043527,0.14,11.46
2015-06-18,22.615629984050887,0.15,11.1
2015-06-19,22.512575144153942,0.15,11.08
2015-06-22,22.608268924058248,0.16,11.07
2015-06-23,22.919887130413294,0.16,11.04
2015-06-24,22.91007238375644,0.16,10.91
2015-06-25,22.98613667034704,0.15,10.89
2015-06-26,22.90025763709959,0.15,10.49
2015-06-29,22.694147957305702,0.16,10.26
2015-06-30,22.95423874371227,0.16,10.85
2015-07-01,23.270764323395742,0.16,11.61
2015-07-02,23.150533676849307,0.16,11.53
2015-07-03,23.07446939025871,0.16,11.56
2015-07-06,23.12599681020718,0.16,11.26
2015-07-07,23.226597963439914,0.16,11.28
2015-07-08,23.194700036805145,0.16,11.15
2015-07-09,23.256042203410466,0.16,11.11
2015-07-10,23.032756716967086,0.15,11.34
2015-07-13,23.314930683351577,0.16,11.14
2015-07-14,23.182431603484073,0.16,11.3
2015-07-15,23.356643356643193,0.16,11.49
2015-07-16,23.50141086983176,0.16,11.48
2015-07-17,23.59219727640764,0.16,10.68
2015-07-20,23.668261562998243,0.16,10.67
2015-07-21,23.516132989817038,0.16,10.91
2015-07-22,23.555391976444444,0.16,10.91
2015-07-23,23.555391976444444,0.16,10.78
2015-07-24,23.62654888970662,0.16,10.79
2015-07-27,23.624095203042405,0.16,10.79
2015-07-28,23.61673414304977,0.16,10.13
2015-07-29,23.751686909581476,0.16,10.19
2015-07-30,23.78113114955203,0.16,10.0
2015-07-31,23.70997423628986,0.16,10.08
2015-08-03,23.781131149552035,0.16,9.38
2015-08-04,24.00932400932384,0.16,9.68
2015-08-05,24.024046129309117,0.16,9.67
2015-08-06,24.068212489264955,0.16,9.53
2015-08-07,24.14182308919134,0.15,8.93
2015-08-10,24.136915715862916,0.15,8.48
2015-08-11,24.244877929088283,0.15,7.68
2015-08-12,23.933259722733236,0.15,8.6
2015-08-13,23.957796589375366,0.15,8.49
2015-08-14,23.940620782725873,0.15,8.5
2015-08-17,24.016685069316477,0.15,8.47
2015-08-18,23.977426082689064,0.15,8.48
2015-08-19,23.692798429640362,0.15,9.32
2015-08-20,23.521040363145456,0.15,9.1
2015-08-21,23.2265979634399,0.16,9.23
2015-08-24,22.82664703717319,0.18,10.46
2015-08-25,23.045025150288144,0.17,10.62
2015-08-26,23.42780026990536,0.19,11.62
2015-08-27,23.709974236289856,0.19,12.12
2015-08-28,23.646178383020317,0.19,12.11
2015-08-31,23.734511102931982,0.19,11.99
2015-09-01,23.525947736473878,0.19,12.29
2015-09-02,23.781131149552028,0.2,12.71
2015-09-03,23.881732302784762,0.2,12.74
2015-09-04,23.835112256164713,0.2,12.76
2015-09-07,23.92589866274059,0.2,12.8
2015-09-08,24.02404612930911,0.2,12.75
2015-09-09,23.935713409397444,0.2,12.8
2015-09-10,23.879278616120544,0.2,12.79
2015-09-11,23.781131149552024,0.2,12.83
2015-09-14,23.763955342902534,0.2,12.48
2015-09-15,23.898908109434245,0.2,12.61
2015-09-16,23.83020488283628,0.2,12.62
2015-09-17,23.54557722978758,0.2,13.04
2015-09-18,23.7762237762236,0.2,13.42
2015-09-21,23.84492700282156,0.2,13.37
2015-09-22,23.92589866274059,0.2,12.86
2015-09-23,24.038768249294385,0.2,12.93
2015-09-24,23.933259722733226,0.2,13.0
2015-09-25,24.03386087596596,0.2,13.03
2015-09-28,23.89154704944161,0.2,13.14
2015-09-29,23.84492700282156,0.2,12.64
2015-09-30,23.881732302784755,0.2,12.43
2015-10-01,23.97742608268906,0.2,11.78
2015-10-02,23.837565942828924,0.2,10.54
2015-10-05,23.938167096061655,0.2,10.28
2015-10-06,23.722242669610914,0.2,9.6
2015-10-07,23.8890933627774,0.2,9.15
2015-10-08,23.70506686296142,0.19,9.42
2015-10-09,23.59465096307184,0.19,9.46
2015-10-12,23.62654888970661,0.2,9.08
2015-10-13,23.501410869831744,0.2,8.6
2015-10-14,23.302662250030494,0.2,8.8
2015-10-15,23.324745430008413,0.2,8.81
2015-10-16,23.400809716599014,0.2,8.78
2015-10-19,23.467059256532767,0.2,8.73
2015-10-20,23.462151883204342,0.2,8.68
2015-10-21,23.545577229787582,0.2,8.76
2015-10-22,23.879278616120544,0.21,9.7
2015-10-23,24.011777695988044,0.21,9.83
2015-10-26,24.13446202919869,0.21,9.8
2015-10-27,24.200711569132437,0.21,9.77
2015-10-28,24.394552815605262,0.21,9.21
2015-10-29,24.279229542387252,0.21,8.98
2015-10-30,24.239970555759847,0.21,8.98
2015-11-02,24.21788737578193,0.21,8.95
2015-11-03,24.313581155686236,0.21,8.92
2015-11-04,24.374923322291558,0.21,8.81
2015-11-05,24.421543368911607,0.21,8.75
2015-11-06,24.66936572199712,0.21,8.96
2015-11-09,24.625199362041286,0.21,8.96
2015-11-10,24.693902588639247,0.21,8.97
2015-11-11,24.649736228683413,0.21,8.97
2015-11-12,24.53932032879383,0.21,8.88
2015-11-13,24.686541528646615,0.21,8.96
2015-11-16,24.777327935222495,0.21,8.41
2015-11-17,24.897558581768926,0.21,8.31
2015-11-18,25.022696601643784,0.21,7.87
2015-11-19,24.850938535148874,0.21,8.06
2015-11-20,24.983437615016378,0.21,8.13
2015-11-23,24.980983928352167,0.22,7.85
2015-11-24,24.946632315053183,0.22,7.22
2015-11-25,25.07177033492805,0.22,7.25
2015-11-26,25.1183903815481,0.22,7.24
2015-11-27,25.277880014721944,0.22,7.34
2015-11-30,25.24843577475139,0.22,7.38
2015-12-01,25.17237148816079,0.21,7.55
2015-12-02,24.985891301680603,0.22,7.18
2015-12-03,24.37246963562736,0.22,10.58
2015-12-04,24.448533922217965,0.22,10.51
2015-12-07,24.53932032879385,0.22,10.54
2015-12-08,24.35038645564945,0.23,10.55
2015-12-09,24.124647282541854,0.23,10.82
2015-12-10,24.23506318243144,0.23,10.91
2015-12-11,24.10992516255658,0.23,11.01
2015-12-14,24.176174702490325,0.23,10.98
2015-12-15,24.325849589007316,0.23,11.12
2015-12-16,24.29395166237255,0.23,11.1
2015-12-17,24.443626548889537,0.23,10.82
2015-12-18,24.34547908232102,0.22,10.87
2015-12-21,24.35038645564945,0.22,10.83
2015-12-22,24.22034106244616,0.22,10.92
2015-12-23,24.30867378235783,0.22,10.92
2015-12-24,24.22524843577459,0.22,10.78
2015-12-25,24.247331615752504,0.22,10.71
2015-12-28,24.247331615752504,0.22,10.57
2015-12-29,24.37001594896315,0.22,10.58
2015-12-30,24.262053735737783,0.22,10.47
2015-12-31,24.588394062078102,0.22,11.17
2016-01-01,24.571218255428615,0.22,11.16
2016-01-04,24.588394062078102,0.22,11.17
2016-01-05,24.750337381916157,0.22,11.25
2016-01-06,24.720893141945606,0.22,11.23
2016-01-07,24.37246963562736,0.22,11.73
2016-01-08,24.40927493559056,0.22,11.76
2016-01-11,24.573671942092826,0.22,11.98
2016-01-12,24.590847748742313,0.22,11.81
2016-01-13,24.686541528646618,0.22,9.15
2016-01-14,24.66200466200449,0.21,9.12
2016-01-15,24.566310882100186,0.21,9.14
2016-01-18,24.66691203533292,0.21,8.89
2016-01-19,24.622745675377086,0.21,8.39
2016-01-20,24.64237516869079,0.21,8.31
2016-01-21,24.720893141945606,0.21,8.15
2016-01-22,24.931910195067918,0.21,8.45
2016-01-25,24.850938535148888,0.21,8.39
2016-01-26,24.949086001717404,0.21,8.42
2016-01-27,24.907373328425784,0.21,8.29
2016-01-28,24.875475401791018,0.21,8.19
2016-01-29,25.103668261562824,0.21,8.56
2016-02-01,25.0226966016438,0.21,8.44
2016-02-02,24.993252361673246,0.21,8.43
2016-02-03,24.64237516869079,0.2,9.49
2016-02-04,24.37246963562737,0.2,10.1
2016-02-05,24.31603484235047,0.2,10.13
2016-02-08,24.217887375781952,0.21,10.08
2016-02-09,23.86946386946371,0.21,10.89
2016-02-10,23.89154704944163,0.21,10.01
2016-02-11,23.862102809471075,0.21,10.01
2016-02-12,23.974972396024867,0.21,10.15
2016-02-15,24.220341062446163,0.21,10.45
2016-02-16,24.25960004907357,0.21,10.47
2016-02-17,24.35284014231366,0.21,9.67
2016-02-18,24.36510857563472,0.21,9.66
2016-02-19,24.301312722365186,0.21,9.45
2016-02-22,24.52950558213699,0.21,9.89
2016-02-23,24.323395902343105,0.21,10.11
2016-02-24,24.262053735737783,0.21,10.13
2016-02-25,24.301312722365186,0.21,10.1
2016-02-26,24.45834866887482,0.21,10.22
2016-02-29,24.497607655502225,0.21,10.22
2016-03-01,24.473070788860095,0.21,10.22
2016-03-02,24.45834866887482,0.21,10.17
2016-03-03,24.345479082321024,0.21,9.86
2016-03-04,24.357747515642092,0.21,9.83
2016-03-07,24.426450742240053,0.21,9.79
2016-03-08,24.43135811556848,0.21,9.79
2016-03-09,24.470617102195884,0.21,9.81
2016-03-10,24.168813642497692,0.21,9.95
2016-03-11,24.105017789228157,0.21,9.95
2016-03-14,24.22279474911038,0.21,10.11
2016-03-15,24.22279474911038,0.21,9.27
2016-03-16,23.970065022696446,0.21,9.22
2016-03-17,23.741872162924643,0.21,9.59
2016-03-18,23.788492209544685,0.21,9.57
2016-03-21,23.798306956201536,0.21,8.55
2016-03-22,23.8670101827995,0.21,8.6
2016-03-23,23.928352349404825,0.21,8.62
2016-03-24,23.940620782725887,0.21,8.5
2016-03-25,23.98724082934594,0.21,7.92
2016-03-28,23.894000736105845,0.21,7.97
2016-03-29,23.72224266961094,0.21,8.09
2016-03-30,23.6780763096551,0.21,8.08
2016-03-31,23.59955833640029,0.21,8.1
2016-04-01,23.506318243160194,0.21,7.48
2016-04-04,23.528401423138114,0.21,7.19
2016-04-05,23.45969819654015,0.21,7.19
2016-04-06,23.45233713654751,0.21,7.15
2016-04-07,23.45233713654751,0.21,6.76
2016-04-08,23.398356029934828,0.21,6.69
2016-04-11,23.413078149920103,0.21,6.72
2016-04-12,23.437615016562237,0.21,6.76
2016-04-13,23.722242669610942,0.21,7.81
2016-04-14,23.724696356275153,0.21,7.8
2016-04-15,23.749233222917283,0.21,7.74
2016-04-18,23.660900503005617,0.21,7.77
2016-04-19,23.602012023064507,0.21,7.74
2016-04-20,23.854741749478443,0.21,7.73
2016-04-21,23.92835234940483,0.21,7.77
2016-04-22,24.01177769598807,0.21,7.69
2016-04-25,23.923444976076404,0.21,7.76
2016-04-26,23.886639676113212,0.21,7.12
2016-04-27,23.8277511961721,0.21,6.54
2016-04-28,23.719788982946728,0.21,6.66
2016-04-29,23.552938289780247,0.21,6.97
2016-05-02,23.417985523248536,0.21,7.08
2016-05-03,23.420439209912747,0.21,7.01
2016-05-04,23.496503496503347,0.21,7.1
2016-05-05,23.744325849588858,0.21,7.82
2016-05-06,23.862102809471082,0.21,7.89
2016-05-09,23.83020488283631,0.21,7.59
2016-05-10,23.947981842718534,0.21,7.69
2016-05-11,23.825297509507887,0.21,7.79
2016-05-12,23.813029076186822,0.21,7.68
2016-05-13,23.935713409397476,0.21,7.81
2016-05-16,23.98724082934595,0.21,7.75
2016-05-17,24.058397742608125,0.21,7.77
2016-05-18,24.235063182431464,0.21,7.99
2016-05-19,24.30867378235785,0.21,7.94
2016-05-20,24.298859035701,0.21,7.96
2016-05-23,24.279229542387295,0.21,7.98
2016-05-24,24.3749233222916,0.21,7.29
2016-05-25,24.32339590234313,0.21,7.35
2016-05-26,24.274322169058866,0.21,7.4
2016-05-27,24.40682124892637,0.21,7.39
2016-05-30,24.345479082321045,0.21,7.39
2016-05-31,24.387191755612665,0.21,6.78
2016-06-01,24.244877929088315,0.21,7.02
2016-06-02,24.30131272236521,0.21,6.98
2016-06-03,23.945528156054333,0.21,8.25
2016-06-06,23.815482762851044,0.21,8.4
2016-06-07,23.685437369647758,0.21,8.53
2016-06-08,23.53821616979498,0.21,8.62
2016-06-09,23.668261562998264,0.21,8.52
2016-06-10,23.6756226229909,0.21,8.32
2016-06-13,23.663354189669835,0.21,8.33
2016-06-14,23.636363636363495,0.21,8.29
2016-06-15,23.58974358974345,0.21,7.67
2016-06-16,23.67807630965511,0.21,7.6
2016-06-17,23.55539197644446,0.21,7.74
2016-06-20,23.606919396392932,0.21,7.61
2016-06-21,23.60937308305715,0.21,7.47
2016-06-22,23.518586676481267,0.21,7.55
2016-06-23,23.5063182431602,0.21,7.35
2016-06-24,23.84983437615002,0.19,8.6
2016-06-27,24.009324009323866,0.19,8.8
2016-06-28,24.092749355907102,0.19,8.57
2016-06-29,24.03876824929442,0.18,8.53
2016-06-30,23.94798184271854,0.18,8.59
2016-07-01,23.88173230278479,0.18,8.62
2016-07-04,23.82284382284368,0.18,8.52
2016-07-05,23.967611336032242,0.18,8.75
2016-07-06,23.920991289412193,0.18,8.75
2016-07-07,24.01423138265229,0.18,8.66
2016-07-08,24.127100969206086,0.18,8.78
2016-07-11,24.11483253588502,0.18,8.76
2016-07-12,24.266961109066223,0.18,8.81
2016-07-13,24.176174702490343,0.18,8.85
2016-07-14,24.068212489264972,0.18,7.74
2016-07-15,24.112378849220804,0.18,7.56
2016-07-18,24.105017789228164,0.18,7.34
2016-07-19,24.18353576248298,0.18,7.06
2016-07-20,24.2252484357746,0.18,6.92
2016-07-21,24.185989449147193,0.18,6.96
2016-07-22,24.22034106244617,0.18,6.95
2016-07-25,24.190896822475615,0.18,6.95
2016-07-26,24.35038645564946,0.18,7.11
2016-07-27,24.190896822475615,0.18,7.41
2016-07-28,24.06821248926497,0.18,7.41
2016-07-29,23.78849220954469,0.18,8.27
2016-08-01,23.763955342902563,0.19,8.28
2016-08-02,23.658446816341407,0.19,8.31
2016-08-03,23.87927861612057,0.19,8.74
2016-08-04,23.901361796098488,0.19,7.59
2016-08-05,24.063305115936544,0.19,7.6
2016-08-08,24.105017789228164,0.19,7.55
2016-08-09,24.07802723592182,0.19,7.52
2016-08-10,23.923444976076404,0.19,7.69
2016-08-11,23.935713409397476,0.19,7.64
2016-08-12,23.90872285609113,0.19,7.61
2016-08-15,23.87191755612794,0.19,7.4
2016-08-16,23.5995583364003,0.19,8.13
2016-08-17,23.60691939639294,0.19,8.02
2016-08-18,23.41553183658433,0.19,8.16
2016-08-19,23.567660409765534,0.19,8.46
2016-08-22,23.614280456385583,0.19,8.22
2016-08-23,23.636363636363498,0.19,8.19
2016-08-24,23.72715004293938,0.19,8.22
2016-08-25,23.744325849588865,0.19,8.2
2016-08-26,24.001962949331222,0.19,8.87
2016-08-29,24.004416635995437,0.19,8.81
2016-08-30,24.141823089191362,0.19,8.97
2016-08-31,24.141823089191362,0.19,8.96
2016-09-01,24.04858299595127,0.19,9.02
2016-09-02,24.068212489264976,0.19,9.02
2016-09-05,24.043675622622846,0.19,8.77
2016-09-06,23.793399582873125,0.19,9.1
2016-09-07,23.795853269537336,0.19,8.99
2016-09-08,23.864556496135297,0.19,8.33
2016-09-09,23.938167096061687,0.18,8.36
2016-09-12,23.847380689485806,0.18,8.33
2016-09-13,23.960250276039606,0.18,7.98
2016-09-14,23.884185989449,0.18,8.03
2016-09-15,23.844927002821596,0.18,7.77
2016-09-16,24.055944055943908,0.18,8.21
2016-09-19,24.051036682615482,0.18,8.21
2016-09-20,24.02404612930914,0.18,7.97
2016-09-21,23.896454422770066,0.18,8.14
2016-09-22,23.76886271623099,0.18,8.29
2016-09-23,23.81057538952262,0.18,8.3
2016-09-26,23.78113114955206,0.18,7.52
2016-09-27,23.820390136179466,0.18,7.53
2016-09-28,23.82529750950789,0.18,7.06
2016-09-29,23.70752054962567,0.18,7.01
2016-09-30,23.835112256164745,0.18,7.16
2016-10-03,23.88663967611322,0.17,7.18
2016-10-04,24.02159244264493,0.17,7.28
2016-10-05,23.90626916942692,0.17,7.45
2016-10-06,24.06575880260076,0.17,6.99
2016-10-07,23.984787142681736,0.17,7.07
2016-10-10,24.107471475892385,0.18,7.02
2016-10-11,24.262053735737805,0.18,7.28
2016-10-12,24.31112746902206,0.18,7.19
2016-10-13,24.198257882468262,0.18,7.35
2016-10-14,24.298859035700993,0.18,7.43
2016-10-17,24.266961109066223,0.17,6.66
2016-10-18,24.28904428904414,0.17,6.66
2016-10-19,24.26696110906622,0.17,6.64
2016-10-20,24.3577475156421,0.17,6.66
2016-10-21,24.38228438228423,0.17,6.52
2016-10-24,24.377377008955804,0.17,6.41
2016-10-25,24.39700650226951,0.17,6.3
2016-10-26,24.377377008955804,0.17,6.28
2016-10-27,24.379830695620022,0.17,5.76
2016-10-28,24.244877929088307,0.18,6.04
2016-10-31,24.266961109066223,0.17,6.02
2016-11-01,23.93325972273326,0.18,7.19
2016-11-02,23.879278616120573,0.18,7.04
2016-11-03,23.896454422770063,0.18,7.02
2016-11-04,23.76150165623835,0.18,7.22
2016-11-07,23.906269169426917,0.18,7.44
2016-11-08,23.994601889338583,0.18,7.51
2016-11-09,24.156545209176638,0.18,7.58
2016-11-10,24.212980002453534,0.18,7.45
2016-11-11,24.242424242424093,0.18,7.44
2016-11-14,24.490246595509603,0.18,7.84
2016-11-15,24.581033002085483,0.18,7.7
2016-11-16,24.583486688749698,0.18,7.5
2016-11-17,24.711078395288773,0.18,7.5
2016-11-18,24.784688995215156,0.18,7.42
2016-11-21,24.752791068580386,0.18,7.26
2016-11-22,24.814133235185718,0.18,7.26
2016-11-23,24.946632315053215,0.18,7.2
2016-11-24,24.936817568396368,0.18,7.14
2016-11-25,24.88283646178368,0.18,7.17
2016-11-28,24.8484848484847,0.18,7.2
2016-11-29,24.82394798184257,0.18,7.2
2016-11-30,24.961354435038498,0.18,7.29
2016-12-01,24.796957428536228,0.18,7.62
2016-12-02,24.8092258618573,0.18,7.62
2016-12-05,24.69390258863929,0.18,7.78
2016-12-06,24.787142681879377,0.18,7.84
2016-12-07,24.72089314194563,0.17,7.89
2016-12-08,24.936817568396368,0.17,8.04
2016-12-09,24.956447061710072,0.17,8.04
2016-12-12,24.865660655134196,0.17,6.77
2016-12-13,24.83376272849943,0.17,6.73
2016-12-14,25.037418721629102,0.17,7.03
2016-12-15,25.272972641393547,0.17,7.02
2016-12-16,25.177278861489246,0.17,7.13
2016-12-19,25.209176788124015,0.16,7.11
2016-12-20,25.243528401422992,0.16,6.93
2016-12-21,25.194454668138732,0.17,7.0
2016-12-22,25.165010428168177,0.17,7.05
2016-12-23,25.18709360814609,0.16,6.48
2016-12-26,25.204269414795576,0.16,6.43
2016-12-27,25.223898908109287,0.16,6.43
2016-12-28,25.233713654766138,0.16,6.29
2016-12-29,25.101214574898634,0.16,6.49
2016-12-30,25.003067108330114,0.17,6.6
2017-01-02,25.1134830082197,0.17,6.69
2017-01-03,25.209176788124005,0.17,6.6
2017-01-04,25.049687154950156,0.17,6.9
2017-01-05,24.77732793522252,0.17,7.63
2017-01-06,24.97853024168798,0.17,8.01
2017-01-09,24.91228070175423,0.17,8.04
2017-01-10,24.953993375045844,0.17,7.88
2017-01-11,24.88283646178367,0.17,7.67
2017-01-12,24.80431848852885,0.17,7.73
2017-01-13,24.74297632192353,0.17,7.64
2017-01-16,24.823947981842558,0.17,7.62
2017-01-17,24.573671942092837,0.14,8.17
2017-01-18,24.718439455281402,0.14,7.93
2017-01-19,24.688995215310843,0.14,7.92
2017-01-20,24.576125628757048,0.14,7.96
2017-01-23,24.450987608882187,0.14,8.08
2017-01-24,24.561403508771765,0.14,7.79
2017-01-25,24.52214452214436,0.13,7.14
2017-01-26,24.531959268801216,0.13,7.1
2017-01-27,24.51969083548015,0.14,7.07
2017-01-30,24.42154336891163,0.13,7.09
2017-01-31,24.271868482394645,0.13,7.24
2017-02-01,24.36756226229895,0.13,7.41
2017-02-02,24.357747515642096,0.13,7.39
2017-02-03,24.365108575634732,0.13,7.38
2017-02-06,24.320942215678897,0.14,7.36
2017-02-07,24.482885535516953,0.14,7.72
2017-02-08,24.406821248926352,0.14,7.63
2017-02-09,24.578579315421262,0.14,7.94
2017-02-10,24.59575512207075,0.14,7.8
2017-02-13,24.676726781989778,0.14,7.77
2017-02-14,24.68899521531084,0.14,7.58
2017-02-15,24.671819408661353,0.14,6.86
2017-02-16,24.46570972886746,0.14,6.79
2017-02-17,24.60066249539917,0.14,7.01
2017-02-20,24.605569868727592,0.14,6.99
2017-02-21,24.774874248558294,0.14,7.28
2017-02-22,24.789596368543567,0.14,7.22
2017-02-23,24.69144890197505,0.14,7.28
2017-02-24,24.720893141945606,0.14,7.22
2017-02-27,24.757698441908797,0.14,6.53
2017-02-28,24.679180468653986,0.14,6.37
2017-03-01,24.755244755244586,0.14,6.43
2017-03-02,24.86566065513417,0.14,6.39
2017-03-03,24.730707888602453,0.14,6.41
2017-03-06,24.838670101827823,0.15,6.41
2017-03-07,24.863206968469957,0.15,6.38
2017-03-08,24.902465955097362,0.15,6.39
2017-03-09,24.8337627284994,0.15,6.46
2017-03-10,24.804318488528843,0.15,6.33
2017-03-13,24.713532081952966,0.16,6.13
2017-03-14,24.787142681879352,0.16,6.08
2017-03-15,24.541774015458053,0.16,6.85
2017-03-16,24.450987608882176,0.16,6.95
2017-03-17,24.4927002821738,0.16,6.94
2017-03-20,24.50006134216644,0.18,6.65
2017-03-21,24.38719175561264,0.18,6.73
2017-03-22,24.325849589007316,0.18,6.41
2017-03-23,24.374923322291572,0.18,6.44
2017-03-24,24.325849589007316,0.18,6.36
2017-03-27,24.183535762482965,0.18,6.55
2017-03-28,24.352840142313664,0.18,6.94
2017-03-29,24.450987608882183,0.18,6.61
2017-03-30,24.56631088210019,0.18,6.55
2017-03-31,24.600662495399167,0.18,6.57
2017-04-03,24.57367194209283,0.18,6.22
2017-04-04,24.585940375413895,0.18,6.22
2017-04-05,24.65709728867607,0.18,6.18
2017-04-06,24.65955097534028,0.18,6.17
2017-04-07,24.76015212857302,0.18,6.27
2017-04-10,24.75033738191616,0.18,6.2
2017-04-11,24.72089314194561,0.18,6.14
2017-04-12,24.6055698687276,0.18,6.13
2017-04-13,24.684087841982418,0.18,6.01
2017-04-14,24.671819408661353,0.18,5.85
2017-04-17,24.64728254201922,0.18,5.84
2017-04-18,24.446080235553758,0.18,6.27
2017-04-19,24.49760765550223,0.18,6.28
2017-04-20,24.504968715494872,0.18,6.28
2017-04-21,24.446080235553758,0.18,6.23
2017-04-24,24.433811802232693,0.18,6.15
2017-04-25,24.384738068948437,0.18,5.43
2017-04-26,24.372469635627372,0.18,5.32
2017-04-27,24.392099128941076,0.18,5.3
2017-04-28,24.40436756226214,0.18,5.3
2017-05-01,24.44608023555376,0.17,5.14
2017-05-02,24.330756962335755,0.17,5.29
2017-05-03,24.40927493559057,0.17,5.34
2017-05-04,24.203165255796684,0.17,5.89
2017-05-05,24.235063182431453,0.17,5.64
2017-05-08,24.507422402159087,0.17,6.22
2017-05-09,24.718439455281402,0.17,6.62
2017-05-10,24.755244755244593,0.17,6.49
2017-05-11,24.728254201938253,0.17,6.5
2017-05-12,24.558949822107554,0.17,6.82
2017-05-15,24.453441295546398,0.17,6.94
2017-05-16,24.19089682247561,0.17,7.56
2017-05-17,24.019138755980702,0.17,7.8
2017-05-18,24.043675622622832,0.17,7.67
2017-05-19,23.871917556127926,0.17,7.88
2017-05-22,23.88418598944899,0.17,7.9
2017-05-23,23.947981842718526,0.17,7.91
2017-05-24,23.87437124279214,0.17,7.82
2017-05-25,23.8670101827995,0.17,7.83
2017-05-26,23.90136179609848,0.17,7.86
2017-05-29,23.98969451601015,0.17,7.66
2017-05-30,23.91363022941955,0.17,7.65
2017-05-31,23.74677953625307,0.17,7.86
2017-06-01,23.83756594282895,0.17,7.98
2017-06-02,23.63145626303506,0.17,8.32
2017-06-05,23.678076309655104,0.17,8.36
2017-06-06,23.606919396392932,0.17,8.38
2017-06-07,23.682983682983537,0.17,8.47
2017-06-08,23.732057416267796,0.17,8.5
2017-06-09,23.78603852288048,0.17,8.52
2017-06-12,23.771316402895202,0.17,8.44
2017-06-13,23.773770089559417,0.17,8.35
2017-06-14,23.827751196172102,0.17,8.07
2017-06-15,23.930806036069043,0.17,8.18
2017-06-16,23.88173230278479,0.17,7.35
2017-06-19,23.9406207827259,0.17,6.83
2017-06-20,23.925898662740618,0.17,6.79
2017-06-21,23.862102809471082,0.17,6.8
2017-06-22,23.844927002821592,0.17,6.57
2017-06-23,23.783584836216267,0.17,6.51
2017-06-26,23.85964912280687,0.17,5.86
2017-06-27,23.56520672310132,0.17,6.59
2017-06-28,23.54557722978761,0.17,6.57
2017-06-29,23.45479082321173,0.17,6.34
2017-06-30,23.50386455649599,0.17,6.38
2017-07-03,23.643724696356134,0.17,6.61
2017-07-04,23.69034474297618,0.17,6.59
2017-07-05,23.65353944301298,0.17,6.6
2017-07-06,23.56520672310132,0.17,6.66
2017-07-07,23.65353944301298,0.17,6.66
2017-07-10,23.6952521163046,0.17,6.64
2017-07-11,23.646178383020345,0.17,6.34
2017-07-12,23.687891056311965,0.17,6.25
2017-07-13,23.732057416267796,0.17,5.69
2017-07-14,23.64127100969192,0.17,5.79
2017-07-17,23.619187829714,0.17,5.72
2017-07-18,23.42780026990539,0.17,6.13
2017-07-19,23.44742976321909,0.17,6.09
2017-07-20,23.341921236657935,0.17,6.15
2017-07-21,23.204514783462006,0.17,6.35
2017-07-24,23.21432953011886,0.17,6.35
2017-07-25,23.368911789964276,0.17,6.68
2017-07-26,23.33210649000108,0.17,6.5
2017-07-27,23.6756226229909,0.17,7.97
2017-07-28,23.76886271623099,0.17,8.03
2017-07-31,23.72469635627516,0.17,8.04
2017-08-01,23.695252116304605,0.17,8.01
2017-08-02,23.82284382284368,0.17,8.19
2017-08-03,23.766409029566784,0.17,8.18
2017-08-04,23.86701018279952,0.17,8.22
2017-08-07,23.874371242792154,0.17,7.27
2017-08-08,23.90381548276271,0.17,7.26
2017-08-09,23.646178383020352,0.17,7.92
2017-08-10,23.61918782971401,0.17,7.91
2017-08-11,23.599558336400307,0.18,7.71
2017-08-14,23.849834376150028,0.18,8.32
2017-08-15,23.862102809471093,0.18,8.3
2017-08-16,23.697705802968827,0.18,8.5
2017-08-17,23.629002576370862,0.18,8.47
2017-08-18,23.66826156299827,0.18,8.47
2017-08-21,23.60201202306452,0.17,8.49
2017-08-22,23.754140596245723,0.15,8.7
2017-08-23,23.68298368298355,0.15,8.73
2017-08-24,23.690344742976187,0.15,8.65
2017-08-25,23.481781376518086,0.16,9.05
2017-08-28,23.440068703226466,0.14,8.73
2017-08-29,23.45233713654753,0.14,8.72
2017-08-30,23.643724696356145,0.14,8.93
2017-08-31,23.52349404980971,0.14,8.88
2017-09-01,23.673168936326704,0.13,9.06
2017-09-04,23.511225616488648,0.13,9.13
2017-09-05,23.43761501656226,0.13,9.17
2017-09-06,23.474420316525453,0.13,8.02
2017-09-07,23.324745430008463,0.13,8.11
2017-09-08,23.167709483498832,0.13,8.31
2017-09-11,23.464605569868606,0.13,9.25
2017-09-12,23.565206723101337,0.13,9.19
2017-09-13,23.655993129677213,0.13,9.25
2017-09-14,23.633909949699298,0.13,9.15
2017-09-15,23.562753036437122,0.13,9.19
2017-09-18,23.59219727640768,0.14,9.19
2017-09-19,23.621641516378237,0.14,8.61
2017-09-20,23.795853269537357,0.14,8.88
2017-09-21,23.81548276285106,0.14,8.88
2017-09-22,23.783584836216292,0.14,8.3
2017-09-25,23.717335296282542,0.14,8.34
2017-09-26,23.768862716231013,0.14,8.1
2017-09-27,23.852288062814253,0.14,8.1
2017-09-28,23.805668016194208,0.14,8.12
2017-09-29,23.759047969574162,0.14,8.1
2017-10-02,23.916083916083792,0.14,8.11
2017-10-03,23.891547049441666,0.14,8.06
2017-10-04,23.93080603606907,0.14,8.07
2017-10-05,24.004416635995458,0.14,7.58
2017-10-06,24.038768249294442,0.14,7.54
2017-10-09,24.041221935958657,0.14,7.54
2017-10-10,23.928352349404857,0.14,7.37
2017-10-11,23.886639676113237,0.14,7.21
2017-10-12,23.935713409397497,0.14,7.0
2017-10-13,23.911176542755367,0.14,6.64
2017-10-16,23.938167096061708,0.14,6.54
2017-10-17,24.006870322659672,0.14,6.57
2017-10-18,24.085388295914484,0.14,6.22
2017-10-19,23.955342902711195,0.14,6.07
2017-10-20,24.14918414918402,0.14,5.37
2017-10-23,24.16881364249772,0.13,5.27
2017-10-24,24.31848852901471,0.13,5.43
2017-10-25,24.28413691571573,0.13,5.45
2017-10-26,24.47552447552434,0.14,5.69
2017-10-27,24.490246595509618,0.14,5.69
2017-10-30,24.397006502269527,0.13,5.89
2017-10-31,24.477978162188556,0.13,5.61
2017-11-01,24.617838302048693,0.13,5.79
2017-11-02,24.52214452214438,0.13,5.94
2017-11-03,24.55404244877915,0.13,5.82
2017-11-06,24.473070788860124,0.13,5.96
2017-11-07,24.53195926880124,0.13,5.93
2017-11-08,24.539320328793877,0.13,5.86
2017-11-09,24.38964544227689,0.13,6.18
2017-11-10,24.441172862225358,0.13,5.94
2017-11-13,24.44608023555378,0.14,5.92
2017-11-14,24.27432216905887,0.13,6.36
2017-11-15,24.252238989080954,0.13,6.32
2017-11-16,24.39209912894109,0.14,6.52
2017-11-17,24.269414795730444,0.14,6.73
2017-11-20,24.374923322291597,0.13,6.64
2017-11-21,24.32584958900734,0.13,6.65
2017-11-22,24.095203042571324,0.14,7.29
2017-11-23,24.0902956692429,0.14,7.28
2017-11-24,24.033860875966,0.14,7.32
2017-11-27,24.087841982578684,0.14,7.3
2017-11-28,24.14918414918401,0.14,7.28
2017-11-29,24.15899889584086,0.14,7.07
2017-11-30,24.134462029198733,0.13,6.66
2017-12-01,23.952889216046973,0.14,7.02
2017-12-04,24.16881364249771,0.12,7.31
2017-12-05,24.227702122438824,0.12,7.34
2017-12-06,24.289044289044146,0.12,6.97
2017-12-07,24.399460188933727,0.12,7.11
2017-12-08,24.35774751564211,0.12,7.04
2017-12-11,24.33566433566419,0.11,6.96
2017-12-12,24.330756962335766,0.11,6.72
2017-12-13,24.17862838915456,0.11,6.87
2017-12-14,24.269414795730437,0.11,6.97
2017-12-15,24.30376640902942,0.11,6.93
2017-12-18,24.1859894491472,0.11,7.01
2017-12-19,24.166359955833496,0.11,7.01
2017-12-20,24.215433689117756,0.11,6.83
2017-12-21,24.254692675745165,0.11,6.81
2017-12-22,24.2424242424241,0.11,6.81
2017-12-25,24.29149797570836,0.11,6.51
2017-12-26,24.274322169058866,0.11,6.51
2017-12-27,24.20071156913248,0.11,6.32
2017-12-28,24.011777695988084,0.11,6.56
2017-12-29,23.906269169426928,0.11,6.5
2018-01-01,23.923444976076418,0.11,6.5
2018-01-02,23.842473316157392,0.12,5.96
2018-01-03,23.974972396024892,0.12,6.21
2018-01-04,23.903815482762717,0.12,6.24
2018-01-05,23.91608391608378,0.12,6.19
2018-01-08,23.977426082689103,0.11,6.2
2018-01-09,24.119739909213457,0.11,6.46
2018-01-10,24.001962949331237,0.11,6.62
2018-01-11,23.943074469390126,0.1,6.26
2018-01-12,23.734511102932025,0.1,6.14
2018-01-15,23.631456263035076,0.1,6.17
2018-01-16,23.54312354312341,0.11,6.13
2018-01-17,23.70015948963304,0.11,6.34
2018-01-18,23.52840142313813,0.11,6.61
2018-01-19,23.624095203042437,0.11,6.8
2018-01-22,23.599558336400307,0.11,6.79
2018-01-23,23.498957183167573,0.11,6.67
2018-01-24,23.194700036805166,0.11,7.42
2018-01-25,23.081830450251367,0.11,7.42
2018-01-26,22.87817445712169,0.1,7.67
2018-01-29,23.003312476996552,0.09,7.98
2018-01-30,22.9370629370628,0.09,7.9
2018-01-31,22.85118390381535,0.09,7.84
2018-02-01,22.73340694393313,0.09,7.88
2018-02-02,22.853637590479565,0.08,8.1
2018-02-05,22.860998650472204,0.08,8.12
2018-02-06,22.96405349036915,0.08,8.35
2018-02-07,23.160348423506186,0.08,8.68
2018-02-08,22.97141455036179,0.09,8.88
2018-02-09,23.0303030303029,0.09,8.94
2018-02-12,23.047478836952394,0.09,8.94
2018-02-13,22.93951662372702,0.08,8.75
2018-02-14,22.804563857195305,0.08,8.83
2018-02-15,22.622991044043548,0.07,9.01
2018-02-16,22.745675377254194,0.07,9.18
2018-02-19,22.807017543859516,0.07,8.98
2018-02-20,22.968960863697575,0.06,9.32
2018-02-21,23.040117776959747,0.06,9.41
2018-02-22,22.89044289044276,0.06,9.27
2018-02-23,22.968960863697575,0.06,9.32
2018-02-26,23.015580910317617,0.06,9.32
2018-02-27,23.037664090295536,0.06,9.05
2018-02-28,23.177524230155676,0.05,9.07
2018-03-01,23.10882100355771,0.06,8.99
2018-03-02,23.000858790332344,0.06,9.06
2018-03-05,23.062200956937666,0.06,9.06
2018-03-06,23.081830450251367,0.06,8.21
2018-03-07,23.15053367684933,0.06,8.13
2018-03-08,23.33701386332951,0.06,7.97
2018-03-09,23.34192123665794,0.06,7.84
2018-03-12,23.25113483008206,0.06,7.88
2018-03-13,23.165255796834607,0.06,7.88
2018-03-14,23.18488529014831,0.06,7.68
2018-03-15,23.34437492332215,0.06,7.78
2018-03-16,23.359097043307425,0.06,7.78
2018-03-19,23.33701386332951,0.07,7.71
2018-03-20,23.46951294319701,0.07,7.48
2018-03-21,23.30266225003053,0.07,7.37
2018-03-22,23.290393816709464,0.07,7.35
2018-03-23,23.246227456753633,0.07,7.38
2018-03-26,23.202061096797795,0.06,7.25
2018-03-27,23.23150533676835,0.06,6.99
2018-03-28,23.47442031652544,0.06,7.05
2018-03-29,23.4670592565328,0.06,6.94
2018-03-30,23.40817077659169,0.06,7.01
2018-04-02,23.435161329898033,0.07,6.74
2018-04-03,23.528401423138128,0.07,6.77
2018-04-04,23.575021469758177,0.07,6.4
2018-04-05,23.641271009691927,0.07,6.38
2018-04-06,23.533308796466557,0.07,6.58
2018-04-09,23.46215188320438,0.07,6.68
2018-04-10,23.47932768985387,0.07,6.47
2018-04-11,23.498957183167573,0.07,6.38
2018-04-12,23.614280456385586,0.07,6.29
2018-04-13,23.60937308305716,0.07,6.27
2018-04-16,23.555391976444476,0.07,6.34
2018-04-17,23.709974236289895,0.07,6.55
2018-04-18,23.768862716231006,0.07,6.18
2018-04-19,23.83265856950054,0.07,6.21
2018-04-20,23.913630229419567,0.07,6.09
2018-04-23,24.001962949331237,0.07,5.96
2018-04-24,24.01913875598073,0.07,5.96
2018-04-25,24.127100969206097,0.07,5.8
2018-04-26,24.269414795730448,0.07,5.96
2018-04-27,24.235063182431468,0.07,5.98
2018-04-30,24.313581155686283,0.07,5.86
2018-05-01,24.453441295546423,0.07,5.41
2018-05-02,24.507422402159108,0.06,5.37
2018-05-03,24.47552447552434,0.06,5.33
2018-05-04,24.536866642129663,0.07,5.21
2018-05-07,24.60311618206341,0.07,5.21
2018-05-08,24.578579315421287,0.07,4.58
2018-05-09,24.659550975340313,0.07,4.57
2018-05-10,24.625199362041336,0.06,4.48
2018-05-11,24.53195926880124,0.06,4.78
2018-05-14,24.551588762114942,0.06,4.73
2018-05-15,24.568764568764436,0.06,4.73
2018-05-16,24.566310882100225,0.06,4.73
2018-05-17,24.57367194209286,0.06,4.38
2018-05-18,24.487792908845403,0.06,4.43
2018-05-21,24.470617102195913,0.07,4.47
2018-05-22,24.36020120230633,0.07,4.81
2018-05-23,24.431358115568504,0.07,4.7
2018-05-24,24.330756962335776,0.07,4.95
2018-05-25,24.316034842350494,0.07,4.87
2018-05-28,24.379830695620033,0.07,4.6
2018-05-29,24.323395902343133,0.07,4.67
2018-05-30,24.269414795730448,0.06,4.72
2018-05-31,24.188443135811422,0.07,4.79
2018-06-01,24.247331615752532,0.07,4.72
2018-06-04,24.235063182431468,0.07,4.72
2018-06-05,24.15409152251244,0.07,4.66
2018-06-06,24.205618942460916,0.07,4.35
2018-06-07,24.058397742608136,0.07,4.7
2018-06-08,24.185989449147208,0.07,4.88
2018-06-11,24.17862838915457,0.07,4.52
2018-06-12,24.21298000245355,0.07,4.48
2018-06-13,24.181082075818782,0.07,4.48
2018-06-14,24.463256042203273,0.07,5.7
2018-06-15,24.477978162188556,0.07,5.63
2018-06-18,24.419089682247442,0.06,5.67
2018-06-19,24.414182308919017,0.06,5.56
2018-06-20,24.443626548889572,0.06,5.57
2018-06-21,24.347932768985263,0.07,5.58
2018-06-22,24.244877929088318,0.06,5.69
2018-06-25,24.225248435774613,0.09,5.68
2018-06-26,24.32094221567892,0.09,5.84
2018-06-27,24.470617102195906,0.09,6.15
2018-06-28,24.47552447552433,0.09,6.06
2018-06-29,24.306220095693636,0.09,6.4
2018-07-02,24.379830695620026,0.1,6.33
2018-07-03,24.352840142313685,0.1,6.28
2018-07-04,24.365108575634746,0.1,6.15
2018-07-05,24.36756226229896,0.1,6.15
2018-07-06,24.274322169058866,0.1,6.21
2018-07-09,24.328303275671555,0.09,6.21
2018-07-10,24.33811802232841,0.09,6.17
2018-07-11,24.43626548889693,0.09,6.18
2018-07-12,24.59575512207077,0.09,6.43
2018-07-13,24.57857931542128,0.09,6.43
2018-07-16,24.458348668874848,0.09,6.53
2018-07-17,24.539320328793877,0.09,6.57
2018-07-18,24.512329775487533,0.09,6.27
2018-07-19,24.504968715494897,0.09,6.1
2018-07-20,24.347932768985263,0.09,6.44
2018-07-23,24.34547908232105,0.09,6.43
2018-07-24,24.37983069562003,0.09,6.42
2018-07-25,24.33811802232841,0.09,5.4
2018-07-26,24.39455281560531,0.09,5.45
2018-07-27,24.40191387559795,0.09,5.4
2018-07-30,24.24733161575253,0.09,5.73
2018-07-31,24.298859035701003,0.09,5.75
2018-08-01,24.343025395656838,0.09,5.67
2018-08-02,24.419089682247442,0.09,5.58
2018-08-03,24.3920991289411,0.09,5.59
2018-08-06,24.468163415531702,0.09,5.54
2018-08-07,24.428904428904293,0.09,5.25
2018-08-08,24.372469635627393,0.09,5.29
2018-08-09,24.37983069562003,0.09,4.86
2018-08-10,24.41908968224744,0.09,4.8
2018-08-13,24.374923322291604,0.09,4.82
2018-08-14,24.39455281560531,0.09,4.82
2018-08-15,24.379830695620033,0.09,4.82
2018-08-16,24.46080235553906,0.09,4.77
2018-08-17,24.433811802232714,0.09,4.74
2018-08-20,24.330756962335773,0.09,4.92
2018-08-21,24.181082075818782,0.09,5.09
2018-08-22,24.12219359587767,0.09,4.65
2018-08-23,24.19825788246827,0.09,4.79
2018-08-24,24.13200834253452,0.09,4.65
2018-08-27,24.04367562262285,0.09,4.59
2018-08-28,23.955342902711184,0.09,4.68
2018-08-29,23.81302907618683,0.09,4.92
2018-08-30,23.77867746288785,0.09,4.63
2018-08-31,23.773770089559424,0.09,4.63
2018-09-03,23.783584836216278,0.09,4.59
2018-09-04,23.911176542755353,0.09,4.95
2018-09-05,23.84247331615739,0.09,4.9
2018-09-06,23.68298368298354,0.09,5.2
2018-09-07,23.78113114955206,0.09,5.15
2018-09-10,23.925898662740625,0.09,5.47
2018-09-11,23.857195436142664,0.09,5.47
2018-09-12,23.82284382284368,0.09,5.34
2018-09-13,23.68789105631197,0.1,5.53
2018-09-14,23.761501656238355,0.1,5.53
2018-09-17,23.619187829714004,0.1,5.73
2018-09-18,23.665807876334053,0.1,5.79
2018-09-19,23.7320574162678,0.1,5.89
2018-09-20,23.53085510980234,0.1,6.26
2018-09-21,23.523494049809702,0.1,6.26
2018-09-24,23.660900503005628,0.1,6.58
2018-09-25,23.678076309655115,0.1,6.61
2018-09-26,23.70506686296146,0.1,6.5
2018-09-27,23.97987976935331,0.1,7.52
2018-09-28,24.08784198257868,0.1,7.59
2018-10-01,24.146730462519788,0.1,7.41
2018-10-02,24.141823089191362,0.1,7.37
2018-10-03,24.350386455649467,0.1,7.76
2018-10-04,24.333210648999977,0.1,7.71
2018-10-05,24.340571708992613,0.1,7.61
2018-10-08,24.355293828977896,0.1,7.51
2018-10-09,24.34547908232104,0.1,7.24
2018-10-10,24.29395166237257,0.1,7.26
2018-10-11,24.27677585572308,0.1,7.27
2018-10-12,24.362654888970532,0.1,7.31
2018-10-15,24.22770212243882,0.1,7.42
2018-10-16,24.30867378235785,0.1,7.39
2018-10-17,24.421543368911642,0.1,7.11
2018-10-18,24.431358115568496,0.1,7.05
2018-10-19,24.438719175561136,0.1,6.87
2018-10-22,24.438719175561136,0.1,6.78
2018-10-23,24.411728622254795,0.1,6.77
2018-10-24,24.48533922218118,0.1,6.49
2018-10-25,24.502515028830675,0.1,6.46
2018-10-26,24.46325604220327,0.1,6.14
2018-10-29,24.583486688749705,0.09,6.24
2018-10-30,24.664458348668735,0.09,6.25
2018-10-31,24.745430008587753,0.1,5.47
2018-11-01,24.588394062078127,0.09,5.96
2018-11-02,24.622745675377107,0.09,5.81
2018-11-05,24.647282542019234,0.08,5.81
2018-11-06,24.598208808734974,0.08,5.9
2018-11-07,24.59330143540655,0.08,4.98
2018-11-08,24.681634155318214,0.08,4.92
2018-11-09,24.674273095325574,0.08,4.91
2018-11-12,24.80431848852886,0.07,5.08
2018-11-13,24.70862470862455,0.07,4.69
2018-11-14,24.706171021960337,0.07,4.68
2018-11-15,24.70126364863191,0.07,4.68
2018-11-16,24.53441295546543,0.07,5.17
2018-11-19,24.377377008955804,0.07,5.54
2018-11-20,24.423997055575846,0.07,5.52
2018-11-21,24.411728622254785,0.07,5.52
2018-11-22,24.414182308919,0.07,5.42
2018-11-23,24.473070788860106,0.07,5.17
2018-11-26,24.495153968838025,0.07,5.09
2018-11-27,24.50742240215909,0.07,4.91
2018-11-28,24.39209912894108,0.07,5.12
2018-11-29,24.44117286222534,0.07,5.16
2018-11-30,24.485339222181178,0.07,5.18
2018-12-03,24.475524475524328,0.07,5.17
2018-12-04,24.473070788860113,0.06,5.09
2018-12-05,24.480431848852753,0.06,5.09
2018-12-06,24.355293828977892,0.06,5.3
2018-12-07,24.340571708992613,0.07,5.06
2018-12-10,24.301312722365203,0.06,4.94
2018-12-11,24.37246963562738,0.06,4.92
2018-12-12,24.377377008955804,0.06,4.58
2018-12-13,24.394552815605298,0.06,4.56
2018-12-14,24.487792908845393,0.06,4.71
2018-12-17,24.362654888970532,0.06,4.91
2018-12-18,24.347932768985252,0.06,4.91
2018-12-19,24.404367562262152,0.06,4.83
2018-12-20,24.239970555759882,0.07,5.19
2018-12-21,24.384738068948444,0.06,5.27
2018-12-24,24.20071156913247,0.07,5.59
2018-12-25,24.22279474911039,0.07,5.61
2018-12-26,24.431358115568493,0.07,6.25
2018-12-27,24.242424242424093,0.07,6.35
2018-12-28,24.158998895840853,0.07,6.15
2018-12-31,24.097656729235524,0.07,6.15
2019-01-01,24.085388295914463,0.07,6.15
2019-01-02,24.293951662372564,0.07,6.72
2019-01-03,24.212980002453534,0.07,6.74
2019-01-04,24.23260949576724,0.07,6.74
2019-01-07,24.038768249294414,0.06,7.11
2019-01-08,24.078027235921823,0.07,7.03
2019-01-09,23.90872285609113,0.06,7.25
2019-01-10,24.156545209176638,0.07,7.95
2019-01-11,24.132008342534508,0.07,7.95
2019-01-14,24.07066617592918,0.07,7.97
2019-01-15,24.237516869095664,0.07,8.28
2019-01-16,24.298859035700985,0.07,8.18
2019-01-17,24.394552815605287,0.07,8.27
2019-01-18,24.423997055575843,0.07,8.26
2019-01-21,24.46816341553168,0.07,8.23
2019-01-22,24.470617102195895,0.07,8.23
2019-01-23,24.411728622254785,0.07,8.26
2019-01-24,24.448533922217976,0.07,8.19
2019-01-25,24.38719175561265,0.07,8.08
2019-01-28,24.33566433566418,0.07,8.1
2019-01-29,24.404367562262145,0.07,8.12
2019-01-30,24.39455281560529,0.07,7.85
2019-01-31,24.39455281560529,0.06,7.64
2019-02-01,24.428904428904275,0.06,7.28
2019-02-04,24.482885535516957,0.07,7.3
2019-02-05,24.531959268801216,0.07,6.86
2019-02-06,24.588394062078116,0.07,6.44
2019-02-07,24.588394062078116,0.06,6.32
2019-02-08,24.549135075450707,0.06,6.28
2019-02-11,24.632560422033947,0.06,6.33
2019-02-12,24.70126364863191,0.06,5.88
2019-02-13,24.76260581523724,0.06,5.78
2019-02-14,24.657097288676077,0.06,5.97
2019-02-15,24.66445834866872,0.06,5.34
2019-02-18,24.657097288676077,0.06,5.35
2019-02-19,24.56140350877177,0.06,4.99
2019-02-20,24.54422770212228,0.06,4.07
2019-02-21,24.56140350877177,0.06,4.04
2019-02-22,24.546681388786492,0.06,3.94
2019-02-25,24.554042448779132,0.06,3.43
2019-02-26,24.52705189547279,0.06,3.4
2019-02-27,24.57367194209284,0.06,3.25
2019-02-28,24.49270028217381,0.06,3.4
2019-03-01,24.51969083548015,0.06,3.38
2019-03-04,24.512329775487515,0.06,3.38
2019-03-05,24.637467795362376,0.06,3.61
2019-03-06,24.65709728867608,0.06,3.59
2019-03-07,24.814133235185714,0.06,3.92
2019-03-08,24.73806894859511,0.06,3.99
2019-03-11,24.79695742853622,0.06,3.97
2019-03-12,24.725800515274045,0.06,4.09
2019-03-13,24.637467795362376,0.06,4.26
2019-03-14,24.630106735369743,0.06,4.25
2019-03-15,24.58839406207812,0.06,4.25
2019-03-18,24.571218255428633,0.06,4.22
2019-03-19,24.517237148815944,0.06,4.21
2019-03-20,24.35529382897789,0.06,4.64
2019-03-21,24.340571708992613,0.06,4.63
2019-03-22,24.379830695620022,0.06,4.52
2019-03-25,24.350386455649463,0.06,4.42
2019-03-26,24.399460188933723,0.06,4.4
2019-03-27,24.411728622254785,0.06,4.25
2019-03-28,24.42890442890428,0.06,4.25
2019-03-29,24.419089682247424,0.06,4.25
2019-04-01,24.50496871549488,0.06,4.26
2019-04-02,24.485339222181175,0.06,4.26
2019-04-03,24.49270028217381,0.06,4.25
2019-04-04,24.53686664212964,0.06,4.29
2019-04-05,24.54422770212228,0.06,4.29
2019-04-08,24.5098760888233,0.06,4.3
2019-04-09,24.536866642129645,0.06,4.27
2019-04-10,24.603116182063395,0.06,4.22
2019-04-11,24.610477242056035,0.06,4.21
2019-04-12,24.595755122070763,0.06,4.22
2019-04-15,24.637467795362383,0.06,3.96
2019-04-16,24.73316157526669,0.06,4.12
2019-04-17,24.79450374187201,0.06,3.72
2019-04-18,24.914734388418445,0.06,3.87
2019-04-19,24.89510489510474,0.06,3.82
2019-04-22,24.91473438841845,0.06,3.71
2019-04-23,25.03496503496488,0.06,3.76
2019-04-24,25.037418721629095,0.06,3.75
2019-04-25,25.034965034964884,0.06,3.69
2019-04-26,25.017789228315397,0.06,3.69
2019-04-29,25.020242914979608,0.06,3.59
2019-04-30,25.010428168322758,0.06,2.81
2019-05-01,24.9809839283522,0.06,2.84
2019-05-02,25.00552079499433,0.06,2.83
2019-05-03,24.944178628389007,0.06,2.94
2019-05-06,24.978530241687995,0.06,2.92
2019-05-07,25.0177892283154,0.06,2.93
2019-05-08,25.034965034964895,0.06,2.93
2019-05-09,24.904919641761605,0.06,3.43
2019-05-10,24.826401668506794,0.06,3.5
2019-05-13,24.693902588639293,0.06,3.89
2019-05-14,24.750337381916193,0.06,3.94
2019-05-15,24.750337381916193,0.06,3.91
2019-05-16,24.782235308550966,0.06,3.93
2019-05-17,24.806772175193096,0.06,3.89
2019-05-20,24.747883695251986,0.06,3.97
2019-05-21,24.80922586185731,0.06,3.96
2019-05-22,24.77487424855833,0.06,3.99
2019-05-23,24.617838302048696,0.07,4.45
2019-05-24,24.590847748742352,0.07,4.43
2019-05-27,24.630106735369765,0.07,4.3
2019-05-28,24.72580051527407,0.06,4.39
2019-05-29,24.730707888602495,0.06,4.12
2019-05-30,24.72825420193828,0.06,4.12
2019-05-31,24.551588762114946,0.07,4.6
2019-06-03,24.3528401423137,0.07,4.83
2019-06-04,24.34547908232106,0.07,4.83
2019-06-05,24.409274935590595,0.07,4.94
2019-06-06,24.32094221567893,0.07,5.01
2019-06-07,24.235063182431478,0.06,5.05
2019-06-10,24.286590602379945,0.06,5.14
2019-06-11,24.35038645564948,0.06,5.25
2019-06-12,24.42645074224009,0.06,5.36
2019-06-13,24.38964544227689,0.06,5.34
2019-06-14,24.512329775487544,0.06,5.58
2019-06-17,24.514783462151758,0.06,5.55
2019-06-18,24.54913507545074,0.06,5.57
2019-06-19,24.39455281560532,0.06,5.66
2019-06-20,24.090295669242913,0.06,6.65
2019-06-21,23.960250276039627,0.06,6.65
2019-06-24,23.849834376150042,0.06,6.65
2019-06-25,23.935713409397497,0.06,6.8
2019-06-26,23.99705557600282,0.06,6.86
2019-06-27,23.962703962703838,0.06,6.83
2019-06-28,23.955342902711198,0.06,6.82
2019-07-01,24.235063182431478,0.06,7.75
2019-07-02,24.200711569132498,0.06,7.75
2019-07-03,24.21298000245356,0.06,7.57
2019-07-04,24.168813642497728,0.06,7.58
2019-07-05,24.330756962335784,0.06,7.86
2019-07-08,24.38719175561268,0.06,7.79
2019-07-09,24.379830695620043,0.06,7.79
2019-07-10,24.279229542387313,0.06,7.87
2019-07-11,24.291497975708374,0.06,7.6
2019-07-12,24.149184149184023,0.05,7.42
2019-07-15,24.15654520917666,0.05,7.42
2019-07-16,24.2399705557599,0.05,7.45
2019-07-17,24.230155809103053,0.05,7.38
2019-07-18,24.08048092258606,0.05,7.54
2019-07-19,24.092749355907124,0.05,7.51
2019-07-22,24.095203042571335,0.05,7.45
2019-07-23,24.176174702490364,0.05,7.46
2019-07-24,24.1639062691693,0.05,7.45
2019-07-25,24.313581155686293,0.05,7.54
2019-07-26,24.370015948963193,0.05,7.58
2019-07-29,24.330756962335784,0.05,7.57
2019-07-30,24.301312722365225,0.05,7.35
2019-07-31,24.389645442276894,0.05,6.34
2019-08-01,24.301312722365225,0.05,6.2
2019-08-02,24.105017789228192,0.05,6.55
2019-08-05,23.886639676113237,0.06,7.05
2019-08-06,23.95779658937541,0.06,7.07
2019-08-07,23.93325972273328,0.06,7.06
2019-08-08,23.91608391608379,0.06,7.06
2019-08-09,23.86701018279953,0.06,6.09
2019-08-12,23.78358483621629,0.06,6.15
2019-08-13,23.962703962703838,0.06,6.6
2019-08-14,23.879278616120597,0.06,6.66
2019-08-15,23.960250276039627,0.06,6.4
2019-08-16,24.004416635995458,0.06,6.38
2019-08-19,24.087841982578702,0.06,6.49
2019-08-20,23.997055576002822,0.06,6.47
2019-08-21,24.092749355907127,0.06,6.6
2019-08-22,24.136915715862965,0.06,6.4
2019-08-23,23.906269169426945,0.07,7.01
2019-08-26,24.011777695988098,0.07,7.06
2019-08-27,24.082934609250273,0.07,7.13
2019-08-28,24.090295669242913,0.07,6.88
2019-08-29,24.208072629125134,0.07,7.04
2019-08-30,24.301312722365225,0.07,7.12
2019-09-02,24.30867378235786,0.07,7.06
2019-09-03,24.220341062446195,0.07,7.15
2019-09-04,24.063305115936565,0.06,7.15
2019-09-05,24.188443135811426,0.07,7.3
2019-09-06,24.230155809103042,0.07,7.31
2019-09-09,24.343025395656838,0.06,7.44
2019-09-10,24.343025395656838,0.06,7.36
2019-09-11,24.362654888970543,0.06,7.28
2019-09-12,24.301312722365218,0.06,6.88
2019-09-13,24.301312722365218,0.06,6.23
2019-09-16,24.36020120230633,0.06,6.22
2019-09-17,24.36756226229897,0.06,6.2
2019-09-18,24.473070788860127,0.06,6.28
2019-09-19,24.35774751564212,0.06,6.44
2019-09-20,24.313581155686286,0.06,6.36
2019-09-23,24.289044289044156,0.06,6.02
2019-09-24,24.181082075818786,0.06,6.09
2019-09-25,24.3356643356642,0.06,6.28
2019-09-26,24.37983069562004,0.06,6.28
2019-09-27,24.313581155686286,0.06,6.29
2019-09-30,24.480431848852767,0.06,6.45
2019-10-01,24.377377008955825,0.06,6.53
2019-10-02,24.46080235553907,0.06,6.58
2019-10-03,24.514783462151755,0.06,5.8
2019-10-04,24.43381180223273,0.06,5.83
2019-10-07,24.409274935590595,0.06,5.8
2019-10-08,24.35774751564212,0.06,5.85
2019-10-09,24.436265488896936,0.06,5.75
2019-10-10,24.463256042203277,0.06,5.65
2019-10-11,24.47307078886013,0.06,5.65
2019-10-14,24.47061710219592,0.06,5.53
2019-10-15,24.50742240215911,0.06,5.11
2019-10-16,24.421543368911657,0.06,5.05
2019-10-17,24.24242424242411,0.06,5.53
2019-10-18,24.178628389154575,0.06,5.39
2019-10-21,24.190896822475636,0.06,5.39
2019-10-22,24.279229542387306,0.06,5.51
2019-10-23,24.306220095693646,0.06,5.47
2019-10-24,24.34302539565684,0.06,5.49
2019-10-25,24.406821248926384,0.06,5.5
2019-10-28,24.40436756226217,0.06,5.5
2019-10-29,24.38964544227689,0.06,5.34
2019-10-30,24.27677585572309,0.06,5.33
2019-10-31,24.203165255796705,0.06,5.38
2019-11-01,24.185989449147215,0.06,5.37
2019-11-04,24.2399705557599,0.06,5.25
2019-11-05,24.362654888970546,0.06,5.11
2019-11-06,24.360201202306335,0.06,5.08
2019-11-07,24.416635995583235,0.06,5.06
2019-11-08,24.473070788860134,0.06,4.67
2019-11-11,24.374923322291618,0.06,4.65
2019-11-12,24.36756226229898,0.06,4.53
2019-11-13,24.29395166237259,0.06,4.55
2019-11-14,24.242424242424118,0.06,4.49
2019-11-15,24.291497975708378,0.06,4.54
2019-11-18,24.281683229051527,0.06,4.5
2019-11-19,24.303766409029446,0.06,4.39
2019-11-20,24.313581155686297,0.06,4.38
2019-11-21,24.367562262298982,0.06,4.44
2019-11-22,24.477978162188567,0.06,4.65
2019-11-25,24.450987608882222,0.06,4.64
2019-11-26,24.463256042203287,0.06,4.52
2019-11-27,24.519690835480183,0.06,3.93
2019-11-28,24.502515028830697,0.06,3.83
2019-11-29,24.541774015458103,0.06,3.85
2019-12-02,24.32339590234315,0.06,4.65
2019-12-03,24.220341062446206,0.06,4.82
2019-12-04,24.254692675745193,0.06,4.81
2019-12-05,24.22279474911042,0.06,4.75
2019-12-06,24.3135811556863,0.06,4.9
2019-12-09,24.244877929088336,0.06,4.96
2019-12-10,24.154091522512456,0.06,4.9
2019-12-11,24.12710096920611,0.06,4.82
2019-12-12,24.168813642497735,0.06,4.85
2019-12-13,24.14918414918403,0.06,4.81
2019-12-16,24.105017789228196,0.06,4.55
2019-12-17,24.068212489265,0.06,4.56
2019-12-18,24.05594405594394,0.06,4.48
2019-12-19,24.009324009323894,0.06,4.42
2019-12-20,24.11483253588505,0.06,4.54
2019-12-23,24.092749355907134,0.06,4.54
2019-12-24,24.053490369279725,0.06,4.48
2019-12-25,24.055944055943943,0.06,4.45
2019-12-26,24.07311986259343,0.06,4.41
2019-12-27,23.92344497607644,0.06,4.75
2019-12-30,23.786038522880514,0.06,4.98
2019-12-31,23.71733529628255,0.06,5.01
2020-01-01,23.727150042939403,0.06,4.93
2020-01-02,23.837565942828988,0.06,4.95
2020-01-03,23.87191755612797,0.06,4.99
2020-01-06,23.761501656238384,0.06,5.1
2020-01-07,23.80566801619422,0.06,5.08
2020-01-08,23.8964544227701,0.06,5.28
2020-01-09,23.879278616120608,0.06,5.22
2020-01-10,23.864556496135332,0.06,4.6
2020-01-13,23.817936449515287,0.06,4.48
2020-01-14,23.73696478959626,0.06,4.52
2020-01-15,23.65599312967723,0.06,4.58
2020-01-16,23.670715249662507,0.06,4.39
2020-01-17,23.749233222917322,0.06,4.52
2020-01-20,23.761501656238387,0.06,4.44
2020-01-21,23.76886271623103,0.06,4.44
2020-01-22,23.74677953625311,0.06,4.39
2020-01-23,23.773770089559452,0.06,4.42
2020-01-24,23.840019629493202,0.06,4.51
2020-01-27,23.790945896208946,0.06,4.52
2020-01-28,23.8768249294564,0.07,4.68
2020-01-29,23.87927861612061,0.07,4.65
2020-01-30,23.78849220954473,0.06,4.55
2020-01-31,23.63881732302774,0.07,4.87
2020-02-03,23.700159489633066,0.07,4.96
2020-02-04,23.78113114955209,0.08,5.09
2020-02-05,23.88663967611325,0.08,5.28
2020-02-06,23.918537602748017,0.08,4.97
2020-02-07,23.989694516010196,0.07,4.71
2020-02-10,23.97987976935334,0.07,4.61
2020-02-11,23.94552815605436,0.07,4.64
2020-02-12,24.001962949331254,0.07,4.49
2020-02-13,24.0289535026376,0.07,4.49
2020-02-14,24.10256410256399,0.07,4.3
2020-02-17,24.065758802600794,0.07,4.32
2020-02-18,24.124647282541904,0.07,4.24
2020-02-19,24.146730462519823,0.08,4.23
2020-02-20,24.146730462519823,0.07,4.22
2020-02-21,24.001962949331258,0.08,4.59
2020-02-24,24.024046129309177,0.07,4.45
2020-02-25,23.950435529382787,0.07,4.42
2020-02-26,23.96761133603228,0.07,4.42
2020-02-27,23.744325849588897,0.08,5.21
2020-02-28,23.675622622990932,0.08,5.28
2020-03-02,23.538216169795007,0.07,5.54
2020-03-03,23.467059256532828,0.07,5.6
2020-03-04,23.471966629861253,0.07,5.58
2020-03-05,23.202061096797824,0.08,6.41
2020-03-06,23.022941970310278,0.08,6.72
2020-03-09,22.701509017298378,0.09,7.59
2020-03-10,23.064654643601894,0.1,9.23
2020-03-11,23.0278493436387,0.09,9.2
2020-03-12,23.15789473684199,0.07,9.27
2020-03-13,23.351735983314814,0.07,9.61
2020-03-16,23.236412710096804,0.07,9.62
2020-03-17,23.587289903079263,0.07,10.62
2020-03-18,23.75904796957417,0.07,10.86
2020-03-19,24.19335050913986,0.07,12.14
2020-03-20,24.215433689117777,0.07,12.14
2020-03-23,24.163906269169306,0.07,12.15
2020-03-24,24.082934609250277,0.06,12.19
2020-03-25,23.97987976935333,0.06,12.25
2020-03-26,23.60446570972875,0.05,13.08
2020-03-27,23.351735983314814,0.05,13.42
2020-03-30,23.51367930315287,0.05,13.59
2020-03-31,23.58238252975083,0.05,13.63
2020-04-01,23.70261317629727,0.05,13.74
2020-04-02,23.898908109434306,0.05,13.89
2020-04-03,23.97987976935333,0.05,13.92
2020-04-06,24.016685069316527,0.05,13.9
2020-04-07,23.78603852288051,0.05,14.2
2020-04-08,23.844927002821617,0.05,13.93
2020-04-09,23.705066862961477,0.05,14.02
2020-04-10,23.707520549625688,0.05,13.9
2020-04-13,23.73696478959625,0.04,13.87
2020-04-14,23.555391976444486,0.04,14.08
2020-04-15,23.668261562998286,0.04,13.66
2020-04-16,23.808121702858422,0.04,13.49
2020-04-17,23.717335296282542,0.04,12.75
2020-04-20,23.751686909581522,0.04,11.94
2020-04-21,23.795853269537357,0.04,11.92
2020-04-22,23.832658569500552,0.04,11.84
2020-04-23,23.94798184271856,0.04,11.68
2020-04-24,23.87437124279217,0.04,11.61
2020-04-27,23.928352349404854,0.04,10.77
2020-04-28,23.928352349404854,0.04,10.57
2020-04-29,23.891547049441662,0.04,9.0
2020-04-30,23.685437369647772,0.04,9.32
2020-05-01,23.589743589743463,0.04,9.37
2020-05-04,23.678076309655125,0.04,9.43
2020-05-05,23.867010182799525,0.04,9.69
2020-05-06,23.92099128941221,0.04,8.41
2020-05-07,23.87682492945638,0.04,7.7
2020-05-08,23.83265856950055,0.04,7.5
2020-05-11,23.874371242792165,0.04,7.47
2020-05-12,23.78849220954471,0.04,7.42
2020-05-13,23.852288062814242,0.04,7.03
2020-05-14,23.876824929456372,0.04,6.96
2020-05-15,23.837565942828963,0.04,6.95
2020-05-18,23.830204882836323,0.04,6.31
2020-05-19,23.832658569500538,0.04,6.27
2020-05-20,23.68052999631933,0.04,6.31
2020-05-21,23.813029076186833,0.04,6.54
2020-05-22,23.83020488283632,0.04,6.53
2020-05-25,23.84738068948581,0.04,6.06
2020-05-26,23.692798429640398,0.04,6.25
2020-05-27,23.761501656238355,0.04,6.05
2020-05-28,23.658446816341407,0.04,6.08
2020-05-29,23.59465096307187,0.04,6.11
2020-06-01,23.57747515642238,0.04,6.08
2020-06-02,23.614280456385575,0.04,6.08
2020-06-03,23.58483621641502,0.04,5.87
2020-06-04,23.44497607655488,0.04,6.05
2020-06-05,23.61182676972136,0.04,6.42
2020-06-08,23.49650349650335,0.04,6.56
2020-06-09,23.32965280333687,0.04,6.83
2020-06-10,23.157894736841964,0.04,6.71
2020-06-11,23.167709483498818,0.04,6.64
2020-06-12,23.368911789964283,0.04,7.09
2020-06-15,23.29039381670947,0.04,6.64
2020-06-16,23.341921236657946,0.04,6.63
2020-06-17,23.278125383388407,0.04,6.65
2020-06-18,23.344374923322157,0.04,6.74
2020-06-19,23.366458103300072,0.04,6.71
2020-06-22,23.253588516746277,0.04,6.77
2020-06-23,23.184885290148312,0.04,6.71
2020-06-24,23.258495890074705,0.04,6.8
2020-06-25,23.27321801005998,0.04,6.82
2020-06-26,23.253588516746277,0.04,6.81
2020-06-29,23.339467549993735,0.04,6.94
2020-06-30,23.24377377008943,0.04,6.8
2020-07-01,23.206968470126235,0.04,6.52
2020-07-02,23.194700036805173,0.04,6.51
2020-07-03,23.206968470126238,0.04,6.5
2020-07-06,23.118635750214573,0.04,6.34
2020-07-07,23.123543123542998,0.04,6.24
2020-07-08,23.022941970310264,0.04,6.24
2020-07-09,23.067108330266098,0.04,6.27
2020-07-10,23.094098883572443,0.04,6.3
2020-07-13,23.10391363022929,0.04,6.27
2020-07-14,23.06465464360188,0.04,6.28
2020-07-15,23.17016317016304,0.04,6.26
2020-07-16,23.20206109679781,0.04,5.84
2020-07-17,23.030303030302903,0.04,6.06
2020-07-20,23.037664090295543,0.04,5.73
2020-07-21,22.897803950435407,0.04,5.59
2020-07-22,22.809471230523737,0.04,5.68
2020-07-23,22.706416390626792,0.04,5.04
2020-07-24,22.58863943074457,0.04,5.15
2020-07-27,22.57146362409508,0.04,5.05
2020-07-28,22.52238989081082,0.04,5.03
2020-07-29,22.39234449760753,0.04,5.06
2020-07-30,22.30155809103165,0.04,5.07
2020-07-31,22.399705557600168,0.04,5.27
2020-08-03,22.5199362041466,0.04,5.6
2020-08-04,22.40952030425702,0.04,5.57
2020-08-05,22.291743344374797,0.04,5.66
2020-08-06,22.32364127100957,0.04,5.72
2020-08-07,22.387437124279103,0.04,5.66
2020-08-10,22.465955097533918,0.04,5.78
2020-08-11,22.495399337504473,0.04,5.83
2020-08-12,22.380076064286463,0.04,5.95
2020-08-13,22.32118758434535,0.04,5.94
2020-08-14,22.306465464360077,0.04,5.89
2020-08-17,22.24512329775475,0.04,5.89
2020-08-18,22.176420071156784,0.04,5.84
2020-08-19,22.45614035087706,0.04,7.11
2020-08-20,22.272113851061086,0.04,7.41
2020-08-21,22.367807630965395,0.04,7.57
2020-08-24,22.375168690958034,0.04,7.58
2020-08-25,22.272113851061086,0.04,7.45
2020-08-26,22.28683597104637,0.04,7.43
2020-08-27,22.30401177769586,0.04,7.21
2020-08-28,22.186234817813634,0.04,7.31
2020-08-31,22.17396638449257,0.04,7.15
2020-09-01,22.31382652435271,0.04,7.43
2020-09-02,22.34572445098748,0.04,7.36
2020-09-03,22.31382652435271,0.04,7.23
2020-09-04,22.41442767758544,0.04,7.38
2020-09-07,22.478223530854976,0.04,7.41
2020-09-08,22.5199362041466,0.04,7.21
2020-09-09,22.387437124279096,0.04,7.33
2020-09-10,22.34327076432326,0.04,7.23
2020-09-11,22.30155809103164,0.04,7.05
2020-09-14,22.289289657710576,0.04,6.91
2020-09-15,22.28192859771794,0.04,6.73
2020-09-16,22.313826524352706,0.04,6.73
2020-09-17,22.286835971046365,0.04,6.67
2020-09-18,22.36780763096539,0.04,6.68
2020-09-21,22.438964544227566,0.04,6.74
2020-09-22,22.56900993743085,0.04,6.77
2020-09-23,22.6720647773278,0.04,6.83
2020-09-24,22.74076800392576,0.04,6.86
2020-09-25,22.777573303888957,0.04,6.78
2020-09-28,22.699055330634145,0.04,6.8
2020-09-29,22.56655625076664,0.04,6.04
2020-09-30,22.5960004907372,0.04,5.46
2020-10-01,22.546926757452944,0.04,5.38
2020-10-02,22.58863943074456,0.04,5.4
2020-10-05,22.46104772420549,0.04,5.5
2020-10-06,22.524843577475025,0.04,5.55
2020-10-07,22.51012145748975,0.04,5.56
2020-10-08,22.5003067108329,0.04,5.29
2020-10-09,22.345724450987483,0.04,5.72
2020-10-12,22.306465464360073,0.04,5.44
2020-10-13,22.451232977548642,0.03,5.76
2020-10-14,22.419335050913872,0.03,5.76
2020-10-15,22.441418230891784,0.03,5.61
2020-10-16,22.448779290884424,0.03,5.54
2020-10-19,22.326094957673774,0.04,5.74
2020-10-20,22.257391731075813,0.04,5.55
2020-10-21,22.218132744448404,0.04,5.54
2020-10-22,22.257391731075813,0.04,5.54
2020-10-23,22.19114219114206,0.04,5.61
2020-10-26,22.274567537725304,0.03,5.73
2020-10-27,22.296650717703216,0.04,5.72
2020-10-28,22.34081707765905,0.03,5.74
2020-10-29,22.45614035087706,0.03,5.85
2020-10-30,22.500306710832895,0.03,5.8
2020-11-02,22.549380444117155,0.03,5.57
2020-11-03,22.394798184271735,0.03,5.74
2020-11-04,22.375168690958034,0.03,5.64
2020-11-05,22.1985032511347,0.03,6.01
2020-11-06,22.070911544595624,0.03,6.14
2020-11-09,22.40215924426438,0.04,7.58
2020-11-10,22.46104772420549,0.04,7.62
2020-11-11,22.507667770825535,0.04,7.62
2020-11-12,22.443871917555995,0.04,7.64
2020-11-13,22.394798184271735,0.04,7.48
2020-11-16,22.39725187093595,0.04,7.43
2020-11-17,22.367807630965395,0.04,7.43
2020-11-18,22.36535394430118,0.04,7.43
2020-11-19,22.353085510980115,0.04,7.14
2020-11-20,22.360446570972755,0.04,7.12
2020-11-23,22.399705557600164,0.04,6.86
2020-11-24,22.36044657097275,0.04,6.87
2020-11-25,22.286835971046365,0.04,6.93
2020-11-26,22.2549380444116,0.04,6.93
2020-11-27,22.23776223776211,0.04,6.75
2020-11-30,22.301558091031648,0.04,6.74
2020-12-01,22.075818917924057,0.04,7.39
2020-12-02,21.950680898049193,0.04,7.54
2020-12-03,21.869709238130163,0.04,7.57
2020-12-04,21.891792418108082,0.04,7.47
2020-12-07,21.852533431480673,0.04,7.46
2020-12-08,21.818181818181692,0.04,7.42
2020-12-09,21.820635504845903,0.04,7.19
2020-12-10,21.739663844926877,0.04,7.17
2020-12-11,21.842718684823822,0.04,7.32
2020-12-14,21.75683965157637,0.04,7.16
2020-12-15,21.73230278493424,0.04,7.16
2020-12-16,21.7249417249416,0.04,6.83
2020-12-17,21.707765918292115,0.04,6.65
2020-12-18,21.68322905164998,0.04,4.61
2020-12-21,21.73230278493424,0.04,4.58
2020-12-22,21.827996564838546,0.04,4.78
2020-12-23,21.79855232486799,0.04,4.75
2020-12-24,21.864801864801738,0.04,4.88
2020-12-25,21.83290393816697,0.04,4.88
2020-12-28,21.820635504845903,0.04,4.88
2020-12-29,21.695497484971042,0.04,5.09
2020-12-30,21.624340571708867,0.04,5.13
2020-12-31,21.720034351613172,0.04,5.38
2021-01-01,21.74211753159109,0.04,5.35
2021-01-04,21.629247945037292,0.04,5.49
2021-01-05,21.553183658446688,0.04,5.5
2021-01-06,21.555637345110902,0.04,5.51
2021-01-07,21.715126978284744,0.04,6.06
2021-01-08,21.72739541160581,0.04,5.97
2021-01-11,21.845172371488037,0.04,5.53
2021-01-12,21.74947859158373,0.04,5.43
2021-01-13,21.783830204882715,0.04,5.35
2021-01-14,21.793644951539566,0.04,5.35
2021-01-15,21.86234817813753,0.03,5.41
2021-01-18,21.857440804809105,0.03,5.39
2021-01-19,21.80345969819642,0.03,5.44
2021-01-20,21.830450251502768,0.03,5.33
2021-01-21,21.722488038277397,0.03,5.34
2021-01-22,21.72984909827004,0.03,5.22
2021-01-25,21.801006011532216,0.03,5.3
2021-01-26,21.76174702490481,0.03,5.33
2021-01-27,21.808367071524856,0.03,5.36
2021-01-28,21.808367071524856,0.03,5.34
2021-01-29,21.845172371488047,0.03,5.32
2021-02-01,22.009569377990317,0.03,5.63
2021-02-02,22.01693043798296,0.03,5.6
2021-02-03,22.061096797938795,0.03,5.56
2021-02-04,22.186234817813656,0.03,5.76
2021-02-05,22.05864311127458,0.03,6.06
2021-02-08,22.05618942461037,0.03,5.75
2021-02-09,21.89424610477231,0.03,6.13
2021-02-10,21.847626058152265,0.03,6.04
2021-02-11,21.84026499815963,0.03,6.04
2021-02-12,21.88443135811546,0.03,5.83
2021-02-15,21.845172371488054,0.03,5.74
2021-02-16,21.899153478100736,0.03,5.77
2021-02-17,22.056189424610366,0.03,5.75
2021-02-18,21.982578824683976,0.03,5.86
2021-02-19,21.992393571340823,0.03,5.66
2021-02-22,21.987486198012398,0.03,5.47
2021-02-23,22.208317997791564,0.03,6.18
2021-02-24,22.242669611090545,0.03,6.19
2021-02-25,22.200956937798924,0.03,6.18
2021-02-26,22.2917433443748,0.03,6.27
2021-03-01,22.45614035087707,0.04,6.5
2021-03-02,22.44632560422022,0.04,6.51
2021-03-03,22.57146362409508,0.03,6.38
2021-03-04,22.78738805054582,0.03,6.83
2021-03-05,22.79965648386689,0.03,6.82
2021-03-08,22.9714145503618,0.04,6.96
2021-03-09,22.762851183903695,0.03,7.7
2021-03-10,22.814378603852166,0.04,7.69
2021-03-11,22.67451846399203,0.03,8.02
2021-03-12,22.82419335050902,0.04,7.96
2021-03-15,22.772665930560546,0.04,8.03
2021-03-16,22.689240583977305,0.04,8.15
2021-03-17,22.640166850693046,0.04,8.07
2021-03-18,22.753036437246845,0.04,7.91
2021-03-19,22.78984173721004,0.03,7.9
2021-03-22,22.65488897067833,0.03,7.77
2021-03-23,22.917433443749115,0.03,8.29
2021-03-24,22.956692430376524,0.03,8.27
2021-03-25,23.05974727027347,0.03,8.31
2021-03-26,23.04257146362398,0.03,8.27
2021-03-29,23.04502515028819,0.03,8.28
2021-03-30,23.123543123543005,0.03,8.13
2021-03-31,23.15298736351356,0.03,7.99
2021-04-01,23.116182063550365,0.03,8.04
2021-04-02,23.12108943687879,0.03,8.03
2021-04-05,22.98368298368286,0.03,7.93
2021-04-06,22.84136915715851,0.03,8.23
2021-04-07,22.82664703717323,0.03,8.2
2021-04-08,22.68678689731309,0.03,8.41
2021-04-09,22.676972150656237,0.03,8.15
2021-04-12,22.642620537357253,0.03,8.16
2021-04-13,22.596000490737207,0.03,8.03
2021-04-14,22.635259477364617,0.03,7.49
2021-04-15,22.63771316402883,0.03,7.49
2021-04-16,22.576370997423506,0.03,7.12
2021-04-19,22.443871917556002,0.03,6.82
2021-04-20,22.478223530854983,0.03,6.8
2021-04-21,22.500306710832902,0.03,6.58
2021-04-22,22.50766777082554,0.03,6.24
2021-04-23,22.426696110906512,0.03,6.28
2021-04-26,22.43405717089915,0.03,6.21
2021-04-27,22.416881364249658,0.03,6.19
2021-04-28,22.331002331002203,0.03,6.05
2021-04-29,22.294197031039005,0.03,6.01
2021-04-30,22.404612930928593,0.03,6.02
2021-05-03,22.350631824315904,0.03,4.78
2021-05-04,22.419335050913865,0.03,4.87
2021-05-05,22.40215924426438,0.03,4.58
2021-05-06,22.26229910440424,0.03,4.85
2021-05-07,22.102809471230398,0.03,5.15
2021-05-10,22.110170531223034,0.03,4.96
2021-05-11,22.17396638449257,0.03,5.07
2021-05-12,22.3113728376885,0.03,5.56
2021-05-13,22.24021592442632,0.03,5.57
2021-05-14,22.117531591215673,0.03,5.54
2021-05-17,22.164151637835715,0.03,5.42
2021-05-18,22.029198871304004,0.03,5.63
2021-05-19,22.18623481781363,0.03,5.94
2021-05-20,22.016930437982936,0.03,6.29
2021-05-21,22.031652557968215,0.03,6.3
2021-05-24,22.014476751318725,0.03,6.29
2021-05-25,21.9727640780271,0.03,6.25
2021-05-26,22.039013617960855,0.03,6.35
2021-05-27,22.004662004661874,0.03,6.33
2021-05-28,22.080726291252475,0.03,6.27
2021-05-31,22.056189424610345,0.03,6.23
2021-06-01,22.016930437982936,0.03,6.22
2021-06-02,22.031652557968215,0.03,6.23
2021-06-03,22.169059011164137,0.03,6.5
2021-06-04,22.068457857931406,0.03,6.61
2021-06-07,22.026745184639786,0.03,6.62
2021-06-08,22.00466200466187,0.03,6.55
2021-06-09,21.97767145135553,0.03,6.54
2021-06-10,21.94822721138497,0.03,6.32
2021-06-11,22.041467304625066,0.03,6.47
2021-06-14,22.080726291252475,0.03,6.41
2021-06-15,22.03410624463243,0.03,6.43
2021-06-16,22.296650717703216,0.03,7.18
2021-06-17,22.512575144153956,0.03,7.37
2021-06-18,22.613176297386687,0.03,7.46
2021-06-21,22.519936204146592,0.03,7.57
2021-06-22,22.52484357747502,0.03,7.37
2021-06-23,22.537112010796083,0.03,7.29
2021-06-24,22.52238989081081,0.03,7.06
2021-06-25,22.50766777082553,0.03,7.05
2021-06-28,22.561648877438216,0.03,6.76
2021-06-29,22.59845417740141,0.03,6.48
2021-06-30,22.69660164396993,0.03,6.04
2021-07-01,22.708870077290992,0.03,6.04
2021-07-02,22.5960004907372,0.03,6.28
2021-07-05,22.62544473070776,0.03,6.22
2021-07-06,22.67697215065623,0.03,6.2
2021-07-07,22.708870077290996,0.03,6.15
2021-07-08,22.46104772420549,0.03,7.08
2021-07-09,22.443871917555995,0.03,7.08
2021-07-12,22.453686664212846,0.03,7.04
2021-07-13,22.53220463746766,0.03,7.09
2021-07-14,22.45859403754127,0.03,6.98
2021-07-15,22.519936204146592,0.03,6.84
2021-07-16,22.559195190774,0.03,6.8
2021-07-19,22.512575144153953,0.03,6.83
2021-07-20,22.615629984050898,0.03,6.89
2021-07-21,22.515028830818164,0.03,7.05
2021-07-22,22.549380444117148,0.03,6.98
2021-07-23,22.559195190774,0.03,6.97
2021-07-26,22.478223530854972,0.03,7.04
2021-07-27,22.438964544227563,0.03,6.16
2021-07-28,22.331002331002193,0.03,5.61
2021-07-29,22.235308551097887,0.03,5.53
2021-07-30,22.227947491105247,0.03,5.42
2021-08-02,22.218132744448397,0.03,5.42
2021-08-03,22.17396638449256,0.03,5.42
2021-08-04,22.250030671083167,0.03,5.55
2021-08-05,22.254938044411592,0.03,5.56
2021-08-06,22.446325604220203,0.03,6.12
2021-08-09,22.57637099742349,0.03,6.36
2021-08-10,22.630352104036174,0.03,6.26
2021-08-11,22.620537357379323,0.03,6.26
2021-08-12,22.6548889706783,0.03,6.09
2021-08-13,22.4659550975339,0.03,6.58
2021-08-16,22.38007606428645,0.02,6.62
2021-08-17,22.426696110906494,0.02,6.64
2021-08-18,22.50030671083288,0.02,5.86
2021-08-19,22.54692675745293,0.02,5.89
2021-08-20,22.502760397497095,0.02,5.92
2021-08-23,22.387437124279085,0.02,6.02
2021-08-24,22.39234449760751,0.02,5.95
2021-08-25,22.42669611090649,0.02,5.9
2021-08-26,22.51993620414658,0.02,6.02
2021-08-27,22.360446570972737,0.02,6.35
2021-08-30,22.497853024168663,0.02,6.48
2021-08-31,22.453686664212828,0.02,6.37
2021-09-01,22.456140350877043,0.02,6.35
2021-09-02,22.43405717089912,0.02,6.35
2021-09-03,22.411973990921204,0.02,6.27
2021-09-06,22.453686664212828,0.02,6.27
2021-09-07,22.56655625076662,0.02,6.26
2021-09-08,22.61562998405088,0.02,6.11
2021-09-09,22.50030671083287,0.02,6.34
2021-09-10,22.515028830818146,0.02,6.34
2021-09-13,22.615629984050877,0.02,6.4
2021-09-14,22.58373205741611,0.02,6.37
2021-09-15,22.56900993743083,0.02,6.38
2021-09-16,22.762851183903656,0.02,6.38
2021-09-17,22.875720770457452,0.02,6.32
2021-09-20,22.760397497239442,0.02,6.5
2021-09-21,22.662250030670926,0.02,6.63
2021-09-22,22.7137774506194,0.02,6.65
2021-09-23,22.67451846399199,0.02,6.15
2021-09-24,22.691694270641477,0.02,6.01
2021-09-27,22.716231137283604,0.02,5.99
2021-09-28,22.807017543859484,0.02,6.03
2021-09-29,22.92479450374171,0.02,6.17
2021-09-30,22.86099865047217,0.02,6.21
2021-10-01,22.846276530486893,0.02,5.97
2021-10-04,22.699055330634117,0.02,6.34
2021-10-05,22.77021224389629,0.02,6.39
2021-10-06,22.755490123911013,0.02,6.29
2021-10-07,22.780026990553143,0.02,5.85
2021-10-08,22.757943810575227,0.02,5.62
2021-10-11,22.762851183903653,0.02,5.57
2021-10-12,22.838915470494257,0.02,5.63
2021-10-13,22.6769721506562,0.02,6.07
2021-10-14,22.657342657342497,0.02,6.07
2021-10-15,22.64507422402143,0.02,6.06
2021-10-18,22.66961109066356,0.02,5.89
2021-10-19,22.647527910685646,0.02,5.86
2021-10-20,22.54692675745292,0.02,5.81
2021-10-21,22.529750950803425,0.02,5.81
2021-10-22,22.47086247086231,0.02,5.7
2021-10-25,22.571463624095045,0.02,5.85
2021-10-26,22.57637099742347,0.02,5.85
2021-10-27,22.52975095080342,0.02,5.24
2021-10-28,22.372715004293795,0.02,5.34
2021-10-29,22.478223530854947,0.02,5.41
2021-11-01,22.30646546436004,0.02,5.72
2021-11-02,22.441418230891752,0.02,6.0
2021-11-03,22.37271500429379,0.02,6.04
2021-11-04,22.394798184271707,0.02,6.04
2021-11-05,22.394798184271707,0.02,6.02
2021-11-08,22.409520304256986,0.02,5.88
2021-11-09,22.357992884308516,0.02,5.62
2021-11-10,22.524843577475,0.02,6.1
2021-11-11,22.593546804072957,0.02,6.19
2021-11-12,22.61072261072245,0.02,5.91
2021-11-15,22.70150901729833,0.02,5.96
2021-11-16,22.819285977180552,0.02,6.16
2021-11-17,22.78493436388157,0.02,6.17
2021-11-18,22.718684823947815,0.02,6.23
2021-11-19,22.765304870567864,0.02,6.26
2021-11-22,22.8855355171143,0.02,6.38
2021-11-23,22.890442890442724,0.02,5.98
2021-11-24,22.929701877070137,0.02,5.98
2021-11-25,22.966507177033332,0.02,5.98
2021-11-26,22.649981597349857,0.02,7.36
2021-11-29,22.65243528401407,0.02,7.36
2021-11-30,22.546926757452916,0.02,7.37
2021-12-01,22.573917310759256,0.02,7.37
2021-12-02,22.581278370751896,0.02,7.33
2021-12-03,22.505214084161295,0.02,7.27
2021-12-06,22.70641639062676,0.02,7.76
2021-12-07,22.70641639062676,0.02,7.73
2021-12-08,22.588639430744536,0.02,7.59
2021-12-09,22.662250030670926,0.02,7.52
2021-12-10,22.60581523739403,0.02,7.17
2021-12-13,22.642620537357224,0.02,6.97
2021-12-14,22.664703717335144,0.02,6.89
2021-12-15,22.699055330634128,0.02,6.89
2021-12-16,22.556741504109773,0.02,7.19
2021-12-17,22.657342657342504,0.02,7.29
2021-12-20,22.600907864065604,0.02,7.3
2021-12-21,22.66225003067093,0.02,7.01
2021-12-22,22.571463624095053,0.02,7.06
2021-12-23,22.537112010796072,0.02,7.07
2021-12-24,22.551834130781348,0.02,6.96
2021-12-27,22.515028830818153,0.02,6.76
2021-12-28,22.51257514415394,0.02,6.76
2021-12-29,22.443871917555978,0.02,6.76
2021-12-30,22.416881364249637,0.02,6.72
2021-12-31,22.399705557600146,0.02,6.48
2022-01-03,22.554287817445562,0.02,6.86
2022-01-04,22.47822353085496,0.02,6.88
2022-01-05,22.497853024168666,0.02,6.86
2022-01-06,22.603361550729822,0.02,5.71
2022-01-07,22.54447307078871,0.02,5.76
2022-01-10,22.753036437246816,0.02,6.23
2022-01-11,22.65734265734251,0.02,6.37
2022-01-12,22.43405717089913,0.02,7.04
2022-01-13,22.355539197644315,0.02,7.04
2022-01-14,22.426696110906494,0.02,6.55
2022-01-17,22.426696110906494,0.02,6.55
2022-01-18,22.510121457489735,0.02,6.49
2022-01-19,22.48067721751918,0.02,6.41
2022-01-20,22.49785302416867,0.02,6.38
2022-01-21,22.365353944301166,0.02,6.58
2022-01-24,22.41933505091385,0.02,6.62
2022-01-25,22.52484357747501,0.02,6.77
2022-01-26,22.664703717335147,0.02,6.77
2022-01-27,22.836461783830057,0.02,7.01
2022-01-28,22.83155441050163,0.02,6.96
2022-01-31,22.750582750582605,0.02,7.02
2022-02-01,22.60826892405825,0.02,7.17
2022-02-02,22.5420193841245,0.02,7.21
2022-02-03,22.56900993743084,0.02,7.22
2022-02-04,22.711323763955193,0.02,7.44
2022-02-07,22.669611090663576,0.02,7.46
2022-02-08,22.68924058397728,0.02,7.4
2022-02-09,22.684333210648855,0.02,7.38
2022-02-10,22.703962703962556,0.02,7.37
2022-02-11,22.718684823947832,0.02,7.1
2022-02-14,22.68187952398464,0.02,7.04
2022-02-15,22.70396270396256,0.02,7.04
2022-02-16,22.64016685069302,0.02,6.96
2022-02-17,22.583732057416125,0.02,6.96
2022-02-18,22.61072261072247,0.02,6.37
2022-02-21,22.473316157526547,0.02,6.5
2022-02-22,22.61072261072247,0.02,6.05
2022-02-23,22.522389890810803,0.02,6.08
2022-02-24,22.71868482394784,0.02,6.53
2022-02-25,22.701509017298353,0.02,6.54
2022-02-28,22.49539933750446,0.02,7.05
2022-03-01,22.537112010796083,0.02,7.06
2022-03-02,22.581278370751917,0.02,7.08
2022-03-03,22.505214084161317,0.02,6.92
2022-03-04,22.492945650840248,0.02,6.89
2022-03-07,22.70887007729099,0.0,7.33
2022-03-08,22.79229542387423,0.0,7.17
2022-03-09,22.730953257268908,0.0,6.85
2022-03-10,22.814378603852145,0.0,6.94
2022-03-11,22.92234081707752,0.0,6.99
2022-03-14,23.0327567169671,-0.02,6.82
2022-03-15,23.096552570236636,-0.02,6.75
2022-03-16,23.07692307692293,-0.02,6.77
2022-03-17,22.99349773033969,-0.02,6.67
2022-03-18,22.8634523371364,-0.02,6.89
2022-03-21,22.910072383756447,-0.02,6.9
2022-03-22,22.890442890442745,-0.02,6.91
2022-03-23,22.834008097165846,-0.02,6.96
2022-03-24,22.824193350508995,-0.02,6.96
2022-03-25,22.81928597718057,-0.02,6.94
2022-03-28,22.924794503741726,-0.02,7.06
2022-03-29,22.85363759047955,-0.02,7.07
2022-03-30,22.65243528401409,-0.02,7.55
2022-03-31,22.635259477364595,-0.02,7.54
2022-04-01,22.7309532572689,-0.01,7.4
2022-04-04,22.72849957060469,-0.02,7.18
2022-04-05,22.809471230523716,-0.02,7.14
2022-04-06,22.89780395043538,-0.02,6.75
2022-04-07,22.912526070420657,-0.02,6.75
2022-04-08,22.924794503741726,-0.02,6.08
2022-04-11,22.841369157158486,-0.02,6.2
2022-04-12,22.89289657710696,-0.02,6.21
2022-04-13,22.9198871304133,-0.02,6.09
2022-04-14,23.121089436878766,-0.02,6.55
2022-04-15,23.140718930192467,-0.02,5.98
2022-04-18,23.177524230155658,-0.01,5.91
2022-04-19,23.36155072997163,-0.01,6.21
2022-04-20,23.273218010059963,-0.01,6.31
2022-04-21,23.390994969942184,-0.01,6.33
2022-04-22,23.49404980983913,-0.02,6.31
2022-04-25,23.53576248313075,-0.02,6.28
2022-04-26,23.616734143049772,-0.02,6.32
2022-04-27,23.778677462887828,-0.02,6.41
2022-04-28,23.849834376150003,-0.02,6.07
2022-04-29,23.844927002821578,-0.02,6.09
2022-05-02,23.994601889338572,-0.02,6.22
2022-05-03,24.00687032265964,-0.02,6.1
2022-05-04,23.854741749478432,-0.02,6.54
2022-05-05,24.168813642497692,-0.03,7.37
2022-05-06,24.266961109066216,-0.03,7.35
2022-05-09,24.38719175561265,-0.03,7.23
2022-05-10,24.436265488896908,-0.03,6.36
2022-05-11,24.399460188933713,-0.03,6.4
2022-05-12,24.61538461538446,-0.03,6.66
2022-05-13,24.5663108821002,-0.03,6.75
2022-05-16,24.593301435406538,-0.03,6.76
2022-05-17,24.377377008955797,-0.04,7.56
2022-05-18,24.24733161575251,-0.03,7.88
2022-05-19,23.854741749478436,-0.03,9.59
2022-05-20,23.91363022941955,-0.03,9.47
2022-05-23,23.69770580296881,-0.03,9.99
2022-05-24,23.55784566310867,-0.03,10.21
2022-05-25,23.59710464973608,-0.03,9.93
2022-05-26,23.552938289780247,-0.03,9.96
2022-05-27,23.476874003189646,-0.03,10.02
2022-05-30,23.48914243651071,-0.03,9.75
2022-05-31,23.543123543123397,-0.03,9.69
2022-06-01,23.633909949699273,-0.03,9.64
2022-06-02,23.50877192982441,-0.03,9.7
2022-06-03,23.606919396392932,-0.03,9.77
2022-06-06,23.82039013617946,-0.04,10.08
2022-06-07,23.87191755612793,-0.04,9.89
2022-06-08,24.00932400932386,-0.04,10.0
2022-06-09,24.051036682615475,-0.04,10.01
2022-06-10,24.242424242424086,-0.05,10.11
2022-06-13,24.47797816218853,-0.06,10.49
2022-06-14,24.576125628757048,-0.06,10.3
2022-06-15,24.394552815605287,-0.06,9.9
2022-06-16,23.71733529628251,-0.05,12.99
2022-06-17,23.798306956201536,-0.05,12.93
2022-06-20,23.741872162924636,-0.05,12.91
2022-06-21,23.70506686296144,-0.05,12.91
2022-06-22,23.58483621641501,-0.05,12.59
2022-06-23,23.577475156422366,-0.05,12.6
2022-06-24,23.51367930315283,-0.05,12.58
2022-06-27,23.464605569868574,-0.05,12.38
2022-06-28,23.486688749846493,-0.05,12.33
2022-06-29,23.432707643233805,-0.05,11.4
2022-06-30,23.43516132989802,-0.05,11.37
2022-07-01,23.582382529750795,-0.05,11.24
2022-07-04,23.58483621641501,-0.05,11.1
2022-07-05,23.763955342902552,-0.05,11.32
2022-07-06,23.825297509507877,-0.05,11.32
2022-07-07,23.891547049441627,-0.05,11.28
2022-07-08,23.977426082689078,-0.05,11.32
2022-07-11,24.124647282541854,-0.05,11.43
2022-07-12,24.100110415899724,-0.05,11.4
2022-07-13,24.01177769598806,-0.05,11.33
2022-07-14,24.13446202919871,-0.05,11.36
2022-07-15,23.977426082689078,-0.05,11.27
2022-07-18,23.98724082934593,-0.05,11.25
2022-07-19,23.761501656238337,-0.05,11.47
2022-07-20,23.844927002821574,-0.05,11.51
2022-07-21,23.719788982946717,-0.05,11.31
2022-07-22,23.626548889706623,-0.05,10.87
2022-07-25,23.660900503005607,-0.06,10.79
2022-07-26,23.626548889706623,-0.06,10.62
2022-07-27,23.550484603116022,-0.06,6.58
2022-07-28,23.430253956569587,-0.06,6.63
2022-07-29,23.36891178996426,-0.06,6.64
2022-08-01,23.300208563366297,-0.06,6.67
2022-08-02,23.484235063182265,-0.06,6.98
2022-08-03,23.579928843086574,-0.06,7.09
2022-08-04,23.442522389890648,-0.06,7.27
2022-08-05,23.592197276407642,-0.06,7.49
2022-08-08,23.435161329898012,-0.06,7.76
2022-08-09,23.40080971659903,-0.06,7.74
2022-08-10,23.130904183535606,-0.06,8.48
2022-08-11,23.10391363022926,-0.06,8.22
2022-08-12,23.10391363022926,-0.06,8.22
2022-08-15,23.204514783461992,-0.06,7.97
2022-08-16,23.300208563366294,-0.06,8.05
2022-08-17,23.359097043307404,-0.06,8.04
2022-08-18,23.4719666298612,-0.06,8.11
2022-08-19,23.535762483130735,-0.06,7.9
2022-08-22,23.6609005030056,-0.06,8.11
2022-08-23,23.651085756348746,-0.06,8.06
2022-08-24,23.717335296282496,-0.06,7.94
2022-08-25,23.643724696356106,-0.06,7.76
2022-08-26,23.695252116304573,-0.06,7.8
2022-08-29,23.756594282909894,-0.06,7.32
2022-08-30,23.906269169426885,-0.06,7.49
2022-08-31,23.9847871426817,-0.07,7.36
2022-09-01,24.09029566924286,-0.07,7.33
2022-09-02,24.075573549257577,-0.07,7.34
2022-09-05,24.0412219359586,-0.07,7.33
2022-09-06,24.134462029198694,-0.07,7.3
2022-09-07,23.965157649368,-0.07,7.47
2022-09-08,23.81793644951522,-0.07,7.69
2022-09-09,23.589743589743417,-0.07,8.22
2022-09-12,23.398356029934806,-0.07,8.27
2022-09-13,23.59219727640763,-0.08,8.56
2022-09-14,23.611826769721333,-0.08,8.37
2022-09-15,23.597104649736057,-0.08,8.15
2022-09-16,23.678076309655086,-0.08,7.94
2022-09-19,23.66580787633402,-0.08,7.92
2022-09-20,23.65599312967717,-0.08,7.01
2022-09-21,23.712427922954067,-0.08,7.0
2022-09-22,24.001962949331197,-0.08,7.75
2022-09-23,24.090295669242863,-0.08,7.73
2022-09-26,24.382284382284205,-0.08,8.34
2022-09-27,24.33321064899994,-0.08,8.4
2022-09-28,23.94798184271851,-0.08,9.81
2022-09-29,23.938167096061655,-0.08,9.79
2022-09-30,24.21788737578193,-0.09,10.25
2022-10-03,24.34793276898522,-0.08,10.33
2022-10-04,24.03876824929439,-0.09,11.1
2022-10-05,24.13936940252712,-0.09,11.1
2022-10-06,24.30867378235781,-0.09,11.25
2022-10-07,24.399460188933688,-0.09,11.27
2022-10-10,24.529505582136977,-0.09,11.23
2022-10-11,24.475524475524292,-0.09,11.24
2022-10-12,24.487792908845357,-0.09,11.18
2022-10-13,24.534412955465402,-0.09,11.18
2022-10-14,24.66936572199712,-0.09,11.26
2022-10-17,24.446080235553737,-0.09,11.6
2022-10-18,24.40191387559791,-0.09,11.39
2022-10-19,24.63746779536235,-0.09,11.5
2022-10-20,24.627653048705504,-0.09,11.02
2022-10-21,24.48288553551694,-0.1,10.85
2022-10-24,24.55894982210754,-0.09,10.67
2022-10-25,24.414182308918974,-0.1,10.89
2022-10-26,24.198257882468237,-0.1,11.29
2022-10-27,24.316034842350458,-0.09,11.32
2022-10-28,24.433811802232682,-0.09,11.37
2022-10-31,24.568764568764397,-0.09,11.44
2022-11-01,24.517237148815923,-0.09,11.48
2022-11-02,24.617838302048657,-0.09,11.01
2022-11-03,24.863206968469953,-0.09,11.31
2022-11-04,24.416635995583192,-0.1,12.17
2022-11-07,24.25714636240935,-0.11,12.32
2022-11-08,24.17862838915454,-0.11,11.35
2022-11-09,24.15654520917662,-0.11,11.35
2022-11-10,23.651085756348753,-0.12,12.5
2022-11-11,23.106367316893476,-0.12,14.04
2022-11-14,23.148079990185096,-0.12,13.65
2022-11-15,23.165255796834586,-0.12,13.56
2022-11-16,23.179977916819862,-0.12,13.33
2022-11-17,23.351735983314768,-0.12,13.51
2022-11-18,23.425346583241154,-0.12,13.42
2022-11-21,23.51858667648125,-0.12,13.52
2022-11-22,23.356643356643193,-0.12,13.61
2022-11-23,23.1309041835356,-0.12,13.77
2022-11-24,23.143172616856667,-0.12,13.6
2022-11-25,23.209422156790417,-0.12,13.51
2022-11-28,23.287940130045232,-0.12,13.6
2022-11-29,23.400809716599024,-0.12,13.3
2022-11-30,23.20451478346199,-0.13,13.44
2022-12-01,22.993497730339673,-0.12,13.56
2022-12-02,22.995951417003884,-0.12,13.49
2022-12-05,23.12845049687138,-0.13,13.64
2022-12-06,23.113728376886105,-0.12,13.47
2022-12-07,23.08428413691555,-0.12,13.32
2022-12-08,22.99104404367546,-0.13,13.18
2022-12-09,22.922340817077494,-0.12,12.97
2022-12-12,22.973868237025968,-0.12,13.04
2022-12-13,22.780026990553147,-0.12,13.02
2022-12-14,22.68433321064884,-0.12,12.42
2022-12-15,22.780026990553147,-0.12,11.7
2022-12-16,22.910072383756432,-0.13,11.87
2022-12-19,22.784934363881572,-0.13,11.91
2022-12-20,22.721138510612036,-0.13,11.91
2022-12-21,22.738314317261526,-0.12,10.37
2022-12-22,22.846276530486897,-0.12,7.98
2022-12-23,22.897803950435367,-0.12,7.99
2022-12-26,22.868359710464816,-0.12,7.99
2022-12-27,22.794749110538426,-0.12,8.02
2022-12-28,22.794749110538426,-0.12,7.64
2022-12-29,22.652435284014075,-0.13,7.7
2022-12-30,22.68433321064884,-0.13,7.58
2023-01-02,22.72359219727625,-0.13,7.42
2023-01-03,22.966507177033332,-0.13,7.69
2023-01-04,22.814378603852127,-0.13,7.92
2023-01-05,22.971414550361757,-0.13,8.16
2023-01-06,22.767758557232078,-0.13,8.46
2023-01-09,22.605815237394026,-0.13,8.48
2023-01-10,22.640166850693006,-0.13,8.21
2023-01-11,22.851183903815322,-0.13,8.34
2023-01-12,22.760397497239442,-0.13,8.41
2023-01-13,22.74322169058995,-0.13,8.2
2023-01-16,22.7334069439331,-0.13,8.2
2023-01-17,22.62544473070773,-0.13,8.29
2023-01-18,22.483130904183376,-0.13,8.4
2023-01-19,22.47822353085495,-0.13,8.38
2023-01-20,22.588639430744532,-0.12,8.5
2023-01-23,22.61808367071509,-0.12,8.15
2023-01-24,22.637713164028796,-0.12,8.07
2023-01-25,22.524843577475,-0.12,8.08
2023-01-26,22.588639430744532,-0.12,7.93
2023-01-27,22.598454177401386,-0.12,7.78
2023-01-30,22.69414795730569,-0.13,7.85
2023-01-31,22.48067721751916,-0.13,8.33
2023-02-01,22.286835971046337,-0.13,8.53
2023-02-02,22.407066617592772,-0.13,8.69
2023-02-03,22.723592197276247,-0.13,9.75
2023-02-06,22.777573303888932,-0.13,9.73
2023-02-07,22.620537357379302,-0.13,9.95
2023-02-08,22.598454177401386,-0.13,9.77
2023-02-09,22.630352104036152,-0.13,9.77
2023-02-10,22.667157403999344,-0.13,9.77
2023-02-13,22.561648877438188,-0.13,9.28
2023-02-14,22.613176297386662,-0.13,9.12
2023-02-15,22.667157403999344,-0.13,8.89
2023-02-16,22.71132376395518,-0.13,8.52
2023-02-17,22.70150901729833,-0.13,8.23
2023-02-20,22.654888970678282,-0.13,8.25
2023-02-21,22.765304870567864,-0.13,7.89
2023-02-22,22.85363759047953,-0.13,7.88
2023-02-23,22.91743344374907,-0.13,7.91
2023-02-24,23.0744693902587,-0.13,8.15
2023-02-27,22.961599803704903,-0.14,8.16
2023-02-28,23.118635750214533,-0.14,8.09
2023-03-01,23.054839896944994,-0.14,8.16
2023-03-02,23.123543123542962,-0.14,8.09
2023-03-03,22.971414550361757,-0.14,8.38
2023-03-06,22.836461783830043,-0.14,8.6
2023-03-07,23.108821003557683,-0.14,9.1
2023-03-08,23.108821003557683,-0.14,9.09
2023-03-09,22.88308183045009,-0.14,9.62
2023-03-10,22.591093117408747,-0.14,10.33
2023-03-13,22.37516869095801,-0.14,10.34
2023-03-14,22.431603484234905,-0.14,10.03
2023-03-15,22.900257637099582,-0.14,11.67
2023-03-16,22.802110170531066,-0.14,11.01
2023-03-17,22.72359219727625,-0.14,11.03
2023-03-20,22.797202797202637,-0.14,10.87
2023-03-21,22.632805790700367,-0.14,11.09
2023-03-22,22.510121457489717,-0.14,11.2
2023-03-23,22.4880382775118,-0.14,11.19
2023-03-24,22.569009937430828,-0.14,11.16
2023-03-27,22.465955097533886,-0.14,11.22
2023-03-28,22.571463624095042,-0.14,11.29
2023-03-29,22.537112010796058,-0.14,11.28
2023-03-30,22.407066617592772,-0.14,11.4
2023-03-31,22.458594037541246,-0.14,11.42
2023-04-03,22.38989081094328,-0.14,11.33
2023-04-04,22.232854864433655,-0.14,11.41
2023-04-05,22.25003067108315,-0.14,11.36
2023-04-06,22.19359587780625,-0.14,11.1
2023-04-07,22.215679057784165,-0.14,11.07
2023-04-10,22.31873389768111,-0.14,10.94
2023-04-11,22.164151637835694,-0.14,11.07
2023-04-12,21.987486198012363,-0.14,11.16
2023-04-13,21.827996564838518,-0.14,11.18
2023-04-14,21.928597718071252,-0.14,11.27
2023-04-17,22.0512820512819,-0.14,10.72
2023-04-18,21.992393571340784,-0.14,10.72
2023-04-19,22.02183781131134,-0.14,10.45
2023-04-20,21.894246104772268,-0.14,9.93
2023-04-21,21.894246104772268,-0.14,9.57
2023-04-24,21.781376518218472,-0.14,9.61
2023-04-25,21.88443135811542,-0.14,7.13
2023-04-26,21.867255551465927,-0.14,7.08
2023-04-27,21.945773524720742,-0.14,7.21
2023-04-28,21.950680898049164,-0.14,7.09
2023-05-01,21.972764078027083,-0.14,6.88
2023-05-02,21.916329284750187,-0.13,6.76
2023-05-03,21.690590111642592,-0.13,7.33
2023-05-04,21.732302784934213,-0.13,7.24
2023-05-05,21.859894491473288,-0.13,7.47
2023-05-08,21.825542878174303,-0.13,7.27
2023-05-09,21.850079744816433,-0.13,7.3
2023-05-10,21.832903938166943,-0.13,7.15
2023-05-11,21.940866151392314,-0.13,7.3
2023-05-12,22.02183781131134,-0.13,7.39
2023-05-15,21.975217764691294,-0.13,7.13
2023-05-16,21.99730094466921,-0.13,7.13
2023-05-17,22.043920991289255,-0.13,7.14
2023-05-18,22.21077168445574,-0.13,7.5
2023-05-19,22.075818917924025,-0.13,7.57
2023-05-22,22.03165255796819,-0.12,7.32
2023-05-23,22.115077904551427,-0.13,6.99
2023-05-24,22.203410624463096,-0.13,6.68
2023-05-25,22.223040117776797,-0.13,6.57
2023-05-26,22.223040117776797,-0.13,6.37
2023-05-29,22.18868850447782,-0.13,6.33
2023-05-30,22.227947491105226,-0.13,6.34
2023-05-31,22.345724450987447,-0.13,6.21
2023-06-01,22.218132744448376,-0.13,6.5
2023-06-02,22.306465464360045,-0.12,6.33
2023-06-05,22.237762237762084,-0.12,6.32
2023-06-06,22.26966016439685,-0.12,6.31
2023-06-07,22.33100233100218,-0.12,6.28
2023-06-08,22.058643111274538,-0.12,7.37
2023-06-09,22.164151637835698,-0.12,7.49
2023-06-12,22.304011777695834,-0.12,7.65
2023-06-13,22.21077168445574,-0.12,7.02
2023-06-14,22.107716844558798,-0.12,7.2
2023-06-15,21.881977671451207,-0.12,7.71
2023-06-16,21.931051404735467,-0.12,7.72
2023-06-19,21.977671451355516,-0.12,7.74
2023-06-20,22.031652557968197,-0.12,7.76
2023-06-21,21.913875598085976,-0.12,7.8
2023-06-22,21.955588271377596,-0.12,7.74
2023-06-23,22.00956937799028,-0.12,7.75
2023-06-26,21.977671451355516,-0.12,7.76
2023-06-27,21.928597718071256,-0.12,7.75
2023-06-28,22.007115691326067,-0.12,7.47
2023-06-29,22.0709115445956,-0.12,7.31
2023-06-30,21.975217764691298,-0.12,7.4
2023-07-03,21.99239357134079,-0.12,7.31
2023-07-04,22.009569377990285,-0.12,7.2
2023-07-05,22.053735737946116,-0.12,7.23
2023-07-06,21.96540301803445,-0.12,7.32
2023-07-07,21.80591338486061,-0.12,7.6
2023-07-10,21.72248803827737,-0.12,7.62
2023-07-11,21.580174211753018,-0.12,7.57
2023-07-12,21.283278125383248,-0.12,8.37
2023-07-13,21.072261072260932,-0.12,8.56
2023-07-14,21.15077904551575,-0.12,8.72
2023-07-17,21.11397374555256,-0.13,8.66
2023-07-18,21.045270518954595,-0.13,8.56
2023-07-19,21.06980738559672,-0.13,7.99
2023-07-20,21.268556005397976,-0.13,8.44
2023-07-21,21.244019138755846,-0.13,8.09
2023-07-24,21.33971291866015,-0.13,8.26
2023-07-25,21.19003803214316,-0.13,8.38
2023-07-26,21.121334805545196,-0.13,7.95
2023-07-27,21.32499079867487,-0.13,8.53
2023-07-28,21.342166605324365,-0.13,8.49
2023-07-31,21.393694025272836,-0.13,8.49
2023-08-01,21.477119371856077,-0.13,8.5
2023-08-02,21.53110047846876,-0.13,8.52
2023-08-03,21.450128818549732,-0.13,8.51
2023-08-04,21.408416145258112,-0.13,8.52
2023-08-07,21.41577720525075,-0.13,8.52
2023-08-08,21.484480431848713,-0.13,8.5
2023-08-09,21.52619310514033,-0.13,8.46
2023-08-10,21.513924671819264,-0.13,8.4
2023-08-11,21.51147098515505,-0.13,8.38
2023-08-14,21.553183658446667,-0.13,8.41
2023-08-15,21.555637345110878,-0.13,8.37
2023-08-16,21.592442645074073,-0.13,8.34
2023-08-17,21.555637345110874,-0.13,8.09
2023-08-18,21.64151637835833,-0.13,8.12
2023-08-21,21.555637345110874,-0.12,7.97
2023-08-22,21.602257391730923,-0.12,6.74
2023-08-23,21.543368911789813,-0.13,6.0
2023-08-24,21.70285854496365,-0.13,6.26
2023-08-25,21.707765918292083,-0.13,6.21
2023-08-28,21.685682738314167,-0.12,6.11
2023-08-29,21.553183658446663,-0.13,6.47
2023-08-30,21.555637345110874,-0.13,5.9
2023-08-31,21.67586799165731,-0.13,6.06
2023-09-01,21.71758066494893,-0.13,5.96
2023-09-04,21.705312231627865,-0.13,5.49
2023-09-05,21.8255428781743,-0.13,5.51
2023-09-06,21.86480186480171,-0.13,4.86
2023-09-07,21.90651453809333,-0.13,4.87
2023-09-08,21.913875598085966,-0.13,4.85
2023-09-11,21.857440804809066,-0.13,4.85
2023-09-12,21.869709238130127,-0.13,4.82
2023-09-13,21.928597718071238,-0.13,4.67
2023-09-14,21.975217764691283,-0.13,4.61
2023-09-15,22.007115691326053,-0.13,4.61
2023-09-18,22.012023064654482,-0.13,4.56
2023-09-19,22.029198871303976,-0.13,4.54
2023-09-20,22.04882836461768,-0.13,4.52
2023-09-21,22.193595877806246,-0.13,4.82
2023-09-22,22.245123297754716,-0.13,4.83
2023-09-25,22.37762237762222,-0.13,5.03
2023-09-26,22.47086247086231,-0.13,5.1
2023-09-27,22.605815237394026,-0.13,5.19
2023-09-28,22.451232977548607,-0.13,5.72
2023-09-29,22.458594037541246,-0.13,5.5
2023-10-02,22.532204637467636,-0.14,5.52
2023-10-03,22.598454177401383,-0.14,5.38
2023-10-04,22.50521408416129,-0.14,5.35
2023-10-05,22.384983437614856,-0.14,5.7
2023-10-06,22.323641271009535,-0.14,5.78
2023-10-09,22.245123297754716,-0.14,5.53
2023-10-10,22.193595877806242,-0.14,5.62
2023-10-11,22.13225371120092,-0.14,5.54
2023-10-12,22.289289657710547,-0.14,5.85
2023-10-13,22.13225371120092,-0.14,6.31
2023-10-16,22.08317997791666,-0.14,6.18
2023-10-17,22.088087351245086,-0.14,6.16
2023-10-18,22.05864311127453,-0.14,6.17
2023-10-19,21.872162924794345,-0.14,6.7
2023-10-20,21.88933873144384,-0.14,6.65
2023-10-23,21.86480186480171,-0.14,6.66
2023-10-24,21.916329284750184,-0.14,6.65
2023-10-25,22.00466200466185,-0.14,6.73
2023-10-26,22.05373573794611,-0.14,6.75
2023-10-27,22.13961477119356,-0.14,6.85
2023-10-30,22.13225371120092,-0.14,6.84
2023-10-31,22.33836339099481,-0.14,7.37
2023-11-01,22.274567537725275,-0.14,7.18
2023-11-02,22.230401177769444,-0.14,7.17
2023-11-03,22.053735737946113,-0.14,7.31
2023-11-06,22.06845785793139,-0.14,7.18
2023-11-07,22.08563366458088,-0.14,6.89
2023-11-08,22.066004171267174,-0.14,6.63
2023-11-09,22.154336891178843,-0.14,6.77
2023-11-10,22.149429517850415,-0.14,6.67
2023-11-13,22.122438964544074,-0.14,6.58
2023-11-14,21.815728131517453,-0.14,7.63
2023-11-15,21.78873757821111,-0.14,7.51
2023-11-16,21.805913384860602,-0.14,7.51
2023-11-17,21.732302784934213,-0.14,7.5
2023-11-20,21.715126978284722,-0.14,7.49
2023-11-21,21.683229051649956,-0.14,7.47
2023-11-22,21.688136424978378,-0.14,7.08
2023-11-23,21.695497484971014,-0.14,6.82
2023-11-24,21.66605324500046,-0.14,6.81
2023-11-27,21.599803705066705,-0.14,6.84
2023-11-28,21.54336891178981,-0.14,6.86
2023-11-29,21.44276775855708,-0.14,6.55
2023-11-30,21.474665685191844,-0.15,6.57
2023-12-01,21.32744448533907,-0.15,6.83
2023-12-04,21.415777205250734,-0.15,6.93
2023-12-05,21.469758311863423,-0.15,6.85
2023-12-06,21.464850938534997,-0.15,6.78
2023-12-07,21.479573058520273,-0.15,6.64
2023-12-08,21.589988958409858,-0.15,6.89
2023-12-11,21.553183658446663,-0.15,6.13
2023-12-12,21.47711937185606,-0.15,6.15
2023-12-13,21.388786651944393,-0.15,6.21
2023-12-14,21.288185498711663,-0.15,5.96
2023-12-15,21.359342411973838,-0.15,6.09
2023-12-18,21.275917065390594,-0.15,6.11
2023-12-19,21.123788492209393,-0.15,6.36
2023-12-20,21.167954852165227,-0.15,6.23
2023-12-21,21.008465218991386,-0.16,6.47
2023-12-22,20.99374309900611,-0.16,6.47
2023-12-25,20.971659919028195,-0.16,5.26
2023-12-26,20.94712305238606,-0.16,5.26
2023-12-27,20.684578579315275,-0.16,6.2
2023-12-28,20.728744939271106,-0.16,6.29
2023-12-29,20.645319592687866,-0.16,6.33
2024-01-01,20.628143786038375,-0.16,6.33
2024-01-02,20.866151392467035,-0.16,7.45
2024-01-03,20.834253465832266,-0.16,7.43
2024-01-04,20.86124401913861,-0.16,7.48
2024-01-05,20.856336645810185,-0.16,7.46
2024-01-08,20.80971659919014,-0.16,7.46
2024-01-09,20.912771439087084,-0.16,7.59
2024-01-10,20.87596613912389,-0.16,7.56
2024-01-11,20.905410379094445,-0.16,7.37
2024-01-12,20.912771439087084,-0.16,7.22
2024-01-15,20.99865047233454,-0.16,7.3
2024-01-16,21.14096429885889,-0.16,7.64
2024-01-17,21.209667525456847,-0.16,7.72
2024-01-18,21.298000245368513,-0.16,7.66
2024-01-19,21.30781499202536,-0.16,7.65
2024-01-22,21.32499079867485,-0.16,7.6
2024-01-23,21.35198135198119,-0.16,7.51
2024-01-24,21.170408538829435,-0.16,7.82
2024-01-25,21.275917065390594,-0.16,7.9
2024-01-26,21.204760152128415,-0.16,7.88
2024-01-29,21.13360323886624,-0.16,7.64
2024-01-30,21.145871672187305,-0.16,7.61
2024-01-31,21.136056925530454,-0.16,7.25
2024-02-01,21.047724205618785,-0.16,7.36
2024-02-02,21.26855600539795,-0.16,7.98
2024-02-05,21.36424978530226,-0.16,8.05
2024-02-06,21.34216660532434,-0.16,6.94
2024-02-07,21.455036191878136,-0.16,7.05
2024-02-08,21.43786038522865,-0.16,6.89
2024-02-09,21.462397251870776,-0.16,6.86
2024-02-12,21.486934118512906,-0.16,6.1
2024-02-13,21.766654398233186,-0.16,7.01
2024-02-14,21.73966384492684,-0.16,7.06
2024-02-15,21.589988958409855,-0.16,7.48
2024-02-16,21.60716476505935,-0.16,7.4
2024-02-19,21.65133112501518,-0.16,7.32
2024-02-20,21.639062691694118,-0.17,7.28
2024-02-21,21.58262789841722,-0.17,7.38
2024-02-22,21.597350018402494,-0.17,7.37
2024-02-23,21.614525825051984,-0.17,7.31
2024-02-26,21.59244264507407,-0.17,7.11
2024-02-27,21.55809103177509,-0.17,7.1
2024-02-28,21.562998405103517,-0.17,7.01
2024-02-29,21.702858544963654,-0.17,7.24
2024-03-01,21.675867991657313,-0.17,7.27
2024-03-04,21.71267329162051,-0.17,7.27
2024-03-05,21.67586799165732,-0.17,6.74
2024-03-06,21.643970065022554,-0.17,6.65
2024-03-07,21.536007851797184,-0.17,6.76
2024-03-08,21.521285731811904,-0.17,6.66
2024-03-11,21.528646791804544,-0.17,6.66
2024-03-12,21.52373941847612,-0.17,6.66
2024-03-13,21.56545209176774,-0.17,6.5
2024-03-14,21.68322905164996,-0.17,5.96
2024-03-15,21.68568273831417,-0.17,5.85
2024-03-18,21.783830204882694,-0.17,5.94
2024-03-19,21.79119126487533,-0.17,5.77
2024-03-20,21.761747024904775,-0.17,5.79
2024-03-21,22.02183781131135,-0.17,6.71
2024-03-22,22.02183781131135,-0.17,6.72
2024-03-25,22.0684578579314,-0.17,5.6
2024-03-26,22.181327444485195,-0.17,5.74
2024-03-27,22.176420071156773,-0.17,5.25
2024-03-28,22.1248926512083,-0.17,5.33
2024-03-29,22.11753159121566,-0.17,5.33
2024-04-01,22.188688504477835,-0.17,5.37
2024-04-02,22.27947491105372,-0.17,5.34
2024-04-03,22.154336891178854,-0.17,5.71
2024-04-04,22.117531591215663,-0.17,5.76
2024-04-05,22.127346337872517,-0.17,5.73
2024-04-08,22.21567905778418,-0.17,5.75
2024-04-09,22.169059011164133,-0.17,5.82
2024-04-10,22.397251870935936,-0.17,6.25
2024-04-11,22.328548644337975,-0.17,6.34
2024-04-12,22.41933505091385,-0.17,6.4
2024-04-15,22.36780763096538,-0.17,6.43
2024-04-16,22.402159244264364,-0.17,6.38
2024-04-17,22.34817813765168,-0.17,6.19
2024-04-18,22.38498343761487,-0.17,6.16
2024-04-19,22.333456017666396,-0.18,6.25
2024-04-22,22.377622377622234,-0.18,6.24
2024-04-23,22.377622377622234,-0.18,6.25
2024-04-24,22.453686664212835,-0.18,6.15
2024-04-25,22.38252975095066,-0.17,6.28
2024-04-26,22.43160348423492,-0.17,6.2
2024-04-29,22.338363390994825,-0.18,6.39
2024-04-30,22.55919519077399,-0.18,6.89
2024-05-01,22.4659550975339,-0.18,6.23
2024-05-02,22.34572445098746,-0.18,6.49
2024-05-03,22.215679057784175,-0.19,6.74
2024-05-06,22.237762237762094,-0.18,6.57
2024-05-07,22.289289657710565,-0.18,6.6
2024-05-08,22.279474911053715,-0.18,6.56
2024-05-09,22.230401177769455,-0.18,6.6
2024-05-10,22.242669611090516,-0.18,6.53
2024-05-13,22.28683597104635,-0.18,6.44
2024-05-14,22.24266961109052,-0.18,6.24
2024-05-15,22.13716108452936,-0.18,6.39
2024-05-16,22.23530855109788,-0.18,6.52
2024-05-17,22.306465464360056,-0.18,6.48
2024-05-20,22.343270764323247,-0.19,6.46
2024-05-21,22.353085510980105,-0.19,5.67
2024-05-22,22.46840878419811,-0.19,5.8
2024-05-23,22.43405717089913,-0.19,5.7
2024-05-24,22.44387191755598,-0.19,5.65
2024-05-27,22.41933505091385,-0.19,5.65
2024-05-28,22.389890810943296,-0.19,5.61
2024-05-29,22.40706661759279,-0.19,5.59
2024-05-30,22.164151637835708,-0.18,6.45
2024-05-31,22.13961477119358,-0.18,6.42
2024-06-03,21.977671451355523,-0.18,6.75
2024-06-04,21.842718684823808,-0.18,6.83
2024-06-05,21.923690344742838,-0.18,6.93
2024-06-06,21.820635504845892,-0.18,6.97
2024-06-07,21.99975463133344,-0.18,7.41
2024-06-10,21.997300944669227,-0.18,6.68
2024-06-11,22.024291497975568,-0.18,6.63
2024-06-12,21.945773524720753,-0.18,6.53
2024-06-13,21.93350509139969,-0.18,6.33
2024-06-14,21.854987118144876,-0.18,6.38
2024-06-17,21.825542878174318,-0.2,6.32
2024-06-18,21.695497484971032,-0.2,6.51
2024-06-19,21.695497484971032,-0.2,6.5
2024-06-20,21.872162924794363,-0.2,7.02
2024-06-21,21.93350509139969,-0.2,7.06
2024-06-24,21.911421911421773,-0.2,7.04
2024-06-25,21.95313458471339,-0.2,6.95
2024-06-26,22.01938412464714,-0.2,6.88
2024-06-27,22.051282051281913,-0.2,6.81
2024-06-28,22.053735737946123,-0.2,6.79
2024-07-01,22.14942951785043,-0.2,6.93
2024-07-02,22.178873757820988,-0.2,6.74
2024-07-03,22.119985277879874,-0.2,6.77
2024-07-04,22.085633664580897,-0.2,6.77
2024-07-05,21.977671451355526,-0.2,6.89
2024-07-08,22.026745184639786,-0.2,6.94
2024-07-09,22.029198871303997,-0.2,6.94
2024-07-10,22.07336523125983,-0.2,6.19
2024-07-11,21.997300944669227,-0.2,6.26
2024-07-12,21.945773524720757,-0.2,5.9
2024-07-15,21.980125138019737,-0.2,5.61
2024-07-16,21.928597718071266,-0.2,5.55
2024-07-17,21.675867991657327,-0.2,6.41
2024-07-18,21.781376518218487,-0.2,6.07
2024-07-19,21.81082075818904,-0.2,6.09
2024-07-22,21.82799656483853,-0.2,6.09
2024-07-23,21.86970923813015,-0.2,6.03
2024-07-24,21.717580664948947,-0.2,6.37
2024-07-25,21.634155318365707,-0.2,6.39
2024-07-26,21.680775364985752,-0.19,6.42
2024-07-29,21.742117531591074,-0.19,6.23
2024-07-30,21.658692185007837,-0.19,6.34
2024-07-31,21.543368911789823,-0.19,6.0
2024-08-01,21.420684578579174,-0.19,6.1
2024-08-02,21.077168445589358,-0.18,7.64
2024-08-05,20.910317752422877,-0.17,7.82
2024-08-06,20.89314194577339,-0.17,7.69
2024-08-07,21.14341798552311,-0.18,8.68
2024-08-08,21.26610231873376,-0.17,8.93
2024-08-09,21.226843332106355,-0.17,8.76
2024-08-12,21.229297018770566,-0.17,8.74
2024-08-13,21.219482272113716,-0.17,8.73
2024-08-14,21.229297018770566,-0.17,8.75
2024-08-15,21.410869831922327,-0.16,9.16
2024-08-16,21.251380198748482,-0.17,9.31
2024-08-19,21.170408538829456,-0.17,9.33
2024-08-20,20.95448411237871,-0.16,9.64
2024-08-21,20.898049319101812,-0.16,9.63
2024-08-22,20.910317752422877,-0.16,9.65
2024-08-23,20.80480922586172,-0.17,9.65
2024-08-26,20.790087105876445,-0.17,9.66
2024-08-27,20.650226966016305,-0.17,9.3
2024-08-28,20.664949086001585,-0.17,9.12
2024-08-29,20.79008710587645,-0.17,9.37
2024-08-30,20.846521899153345,-0.16,9.44
2024-09-02,20.898049319101812,-0.16,9.46
2024-09-03,20.86369770580283,-0.16,9.31
2024-09-04,20.77045761256274,-0.16,9.32
2024-09-05,20.709115445957412,-0.16,9.27
2024-09-06,20.684578579315282,-0.16,9.17
2024-09-09,20.8391608391607,-0.15,9.54
2024-09-10,20.782726045883805,-0.15,9.47
2024-09-11,20.912771439087088,-0.15,9.62
2024-09-12,20.885780885780747,-0.15,8.37
2024-09-13,20.826892405839637,-0.15,8.07
2024-09-16,20.728744939271117,-0.15,8.18
2024-09-17,20.787633419212227,-0.15,7.34
2024-09-18,20.763096552570097,-0.15,7.07
2024-09-19,20.802355539197503,-0.15,7.11
2024-09-20,20.856336645810188,-0.15,7.17
2024-09-23,20.794994479204863,-0.15,7.2
2024-09-24,20.691939639307922,-0.14,7.31
2024-09-25,20.86615139246704,-0.15,7.29
2024-09-26,20.763096552570094,-0.15,7.12
2024-09-27,20.625690099374168,-0.15,7.27
2024-09-30,20.748374432584818,-0.14,6.95
2024-10-01,20.772911299226948,-0.14,6.92
2024-10-02,20.84897558581755,-0.14,7.02
2024-10-03,20.927493559072367,-0.14,6.93
2024-10-04,21.06244632560408,-0.13,7.17
2024-10-07,20.966752545699773,-0.13,7.0
2024-10-08,21.037909458961952,-0.13,7.05
2024-10-09,21.121334805545192,-0.13,6.93
2024-10-10,21.028094712305098,-0.13,7.05
2024-10-11,21.033002085633523,-0.13,7.02
2024-10-14,21.167954852165238,-0.13,7.23
2024-10-15,21.143417985523108,-0.12,7.08
2024-10-16,21.234204392098988,-0.12,7.07
2024-10-17,21.248926512084264,-0.12,7.05
2024-10-18,21.21948227211371,-0.12,6.78
2024-10-21,21.25383388541269,-0.12,6.7
2024-10-22,21.23420439209898,-0.12,6.5
2024-10-23,21.25874125874111,-0.12,6.48
2024-10-24,21.24156545209162,-0.12,6.41
2024-10-25,21.268556005397965,-0.12,6.19
2024-10-28,21.23420439209898,-0.13,6.2
2024-10-29,21.28082443871903,-0.13,6.19
2024-10-30,21.266102318733754,-0.13,6.19
2024-10-31,21.202306465464215,-0.13,6.27
2024-11-01,21.347073978652784,-0.12,6.44
2024-11-04,21.20230646546422,-0.11,6.61
2024-11-05,21.182676972150514,-0.11,6.2
2024-11-06,21.509017298490843,-0.08,7.39
2024-11-07,21.405962458593898,-0.08,7.23
2024-11-08,21.484480431848716,-0.08,7.12
2024-11-11,21.607164765059363,-0.06,7.25
2024-11-12,21.634155318365707,-0.06,7.21
2024-11-13,21.73230278493422,-0.06,7.24
2024-11-14,21.8427186848238,-0.06,7.16
2024-11-15,21.77892283155426,-0.06,7.06
2024-11-18,21.66850693166468,-0.06,7.28
2024-11-19,21.65133112501519,-0.06,7.24
2024-11-20,21.69549748497102,-0.06,7.06
2024-11-21,21.75683965157635,-0.06,7.07
2024-11-22,21.93350509139968,-0.05,7.2
2024-11-25,21.747024904919492,-0.05,7.75
2024-11-26,21.751932278247914,-0.05,7.68
2024-11-27,21.634155318365696,-0.05,7.91
2024-11-28,21.666053245000462,-0.05,7.89
2024-11-29,21.616979511716202,-0.05,7.93
2024-12-02,21.751932278247914,-0.05,8.09
2024-12-03,21.747024904919492,-0.05,8.1
2024-12-04,21.697951171635232,-0.05,8.14
2024-12-05,21.55563734511088,-0.04,8.42
2024-12-06,21.562998405103524,-0.04,8.4
2024-12-09,21.565452091767735,-0.05,8.38
2024-12-10,21.66114587167204,-0.05,8.46
2024-12-11,21.69549748497102,-0.05,8.39
2024-12-12,21.889338731443846,-0.05,8.55
2024-12-13,21.904060851429126,-0.05,8.21
2024-12-16,21.945773524720746,-0.05,8.19
2024-12-17,21.90651453809334,-0.05,6.97
2024-12-18,22.11017053122302,-0.05,7.22
2024-12-19,22.05128205128191,-0.05,7.26
2024-12-20,21.91387559808598,-0.06,7.41
2024-12-23,22.04882836461769,-0.06,7.6
2024-12-24,22.088087351245097,-0.06,7.51
2024-12-25,22.092994724573522,-0.06,7.38
2024-12-26,22.05864311127454,-0.06,7.33
2024-12-27,22.13225371120093,-0.06,7.18
2024-12-30,22.173966384492548,-0.05,7.17
2024-12-31,22.26475279106843,-0.05,7.23
2025-01-01,22.240215924426305,-0.05,7.22
2025-01-02,22.38498343761487,-0.06,7.09
2025-01-03,22.29174334437478,-0.06,6.67
2025-01-06,22.196049564470474,-0.05,6.84
2025-01-07,22.321187584345335,-0.05,6.72
2025-01-08,22.355539197644315,-0.05,6.72
2025-01-09,22.38007606428645,-0.05,6.64
2025-01-10,22.485584590847605,-0.05,6.55
2025-01-13,22.50030671083288,-0.05,6.54
2025-01-14,22.38743712427908,-0.05,6.72
2025-01-15,22.392344497607507,-0.05,6.3
2025-01-16,22.35063182431589,-0.05,6.37
2025-01-17,22.451232977548617,-0.05,6.43
2025-01-20,22.24757698441894,-0.05,7.08
2025-01-21,22.23040117776945,-0.06,7.09
2025-01-22,22.252484357747367,-0.06,6.64
2025-01-23,22.264752791068428,-0.06,6.64
2025-01-24,22.227947491105233,-0.06,6.66
2025-01-27,22.132253711200928,-0.06,6.78
2025-01-28,22.186234817813613,-0.06,6.23
2025-01-29,22.250030671083152,-0.06,6.23
2025-01-30,22.321187584345324,-0.06,5.94
2025-01-31,22.35063182431588,-0.06,5.69
2025-02-03,22.3359097043306,-0.06,5.69
2025-02-04,22.21077168445574,-0.06,5.96
2025-02-05,22.12489265120828,-0.06,6.07
2025-02-06,22.20586431112731,-0.06,6.08
2025-02-07,22.326094957673746,-0.06,6.27
2025-02-10,22.360446570972726,-0.06,6.17
2025-02-11,22.409520304256986,-0.06,6.18
2025-02-12,22.416881364249626,-0.06,5.88
2025-02-13,22.15679057784305,-0.06,6.74
2025-02-14,22.078272604588236,-0.06,6.7
2025-02-17,22.100355784566155,-0.06,6.47
2025-02-18,22.16415163783569,-0.06,6.52
2025-02-19,22.19604956447046,-0.06,6.53
2025-02-20,22.031652557968194,-0.05,6.67
2025-02-21,22.041467304625048,-0.05,6.67
2025-02-24,22.012023064654493,-0.05,6.54
2025-02-25,21.911421911421762,-0.05,6.64
2025-02-26,21.953134584713382,-0.05,6.68
2025-02-27,22.075818917924032,-0.05,6.76
2025-02-28,22.15924426450727,-0.05,6.34
2025-03-03,22.004662004661853,-0.04,6.66
2025-03-04,21.823089191510093,-0.03,7.06
2025-03-05,21.8623481781375,-0.03,7.09
2025-03-06,21.690590111642592,-0.03,7.41
2025-03-07,21.58998895840986,-0.02,7.42
2025-03-10,21.616979511716202,-0.04,7.38
2025-03-11,21.658692185007826,-0.04,7.35
2025-03-12,21.63906269169412,-0.04,7.23
2025-03-13,21.653784811679397,-0.04,7.22
2025-03-14,21.717580664948937,-0.04,7.32
2025-03-17,21.61452582505199,-0.03,7.27
2025-03-18,21.51147098515505,-0.03,7.31
2025-03-19,21.53846153846139,-0.03,7.2
2025-03-20,21.63906269169412,-0.03,7.14
2025-03-21,21.661145871672037,-0.03,7.13
2025-03-24,21.668506931664677,-0.03,7.07
2025-03-25,21.6537848116794,-0.03,7.06
2025-03-26,21.68813642497838,-0.03,6.31
2025-03-27,21.634155318365696,-0.03,6.27
2025-03-28,21.61207213838778,-0.03,6.25
2025-03-31,21.697951171635232,-0.03,6.31
2025-04-01,21.683229051649956,-0.03,6.28
2025-04-02,21.636609005029907,-0.03,5.95
2025-04-03,21.082075818917776,0.01,9.63
2025-04-04,21.12133480554518,0.01,9.68
2025-04-07,21.084529505581983,0.01,9.63
2025-04-08,20.802355539197492,0.01,10.24
2025-04-09,21.02809471230508,0.03,10.7
2025-04-10,20.220831799779017,0.06,15.37
2025-04-11,19.99263894000721,0.05,15.52
2025-04-14,19.995092626671422,0.06,15.48
2025-04-15,20.201202306465312,0.05,15.92
2025-04-16,19.955833640044016,0.06,16.1
2025-04-17,20.110415899889432,0.06,16.4
2025-04-18,20.04171267329147,0.06,16.36
2025-04-21,19.85277880014707,0.06,16.42
2025-04-22,20.093240093239938,0.07,17.02
2025-04-23,20.380321432952854,0.07,17.73
2025-04-24,20.291988713041185,0.07,17.67
2025-04-25,20.32634032634017,0.07,17.69
2025-04-28,20.12023064654628,0.07,17.84
2025-04-29,20.215924426450584,0.07,17.94
2025-04-30,20.262544473070633,0.07,17.87
2025-05-01,20.35823825297494,0.07,17.96
2025-05-02,20.291988713041185,0.07,17.95
2025-05-05,20.174211753158964,0.07,17.97
2025-05-06,20.16930437983054,0.07,17.95
2025-05-07,20.211017053122156,0.07,18.0
2025-05-08,20.40731198625919,0.07,18.35
2025-05-09,20.39749723960234,0.07,18.27
2025-05-12,20.748374432584797,0.08,19.15
2025-05-13,20.598699546067806,0.08,19.22
2025-05-14,20.66740277266577,0.08,17.73
2025-05-15,20.510366826156137,0.08,17.83
2025-05-16,20.55207949944776,0.08,17.85
2025-05-19,20.473561526192942,0.08,17.45
2025-05-20,20.323886639675955,0.08,17.2
2025-05-21,20.25518341307799,0.08,12.58
2025-05-22,20.34106244632544,0.08,12.13
2025-05-23,20.147221199852623,0.08,12.51
2025-05-26,20.147221199852623,0.08,12.11
2025-05-27,20.299349773033825,0.08,11.72
2025-05-28,20.296896086369614,0.08,11.51
2025-05-29,20.19384124647267,0.08,11.57
2025-05-30,20.17911912648739,0.08,11.17
2025-06-02,20.056434793276743,0.08,10.76
2025-06-03,20.21592442645058,0.08,10.13
2025-06-04,20.083425346583084,0.09,10.23
2025-06-05,20.107962213225214,0.09,10.23
2025-06-06,20.176665439823175,0.09,9.82
2025-06-09,20.164397006502107,0.09,9.71
2025-06-10,20.188933873144236,0.09,9.69
2025-06-11,20.127591706538915,0.09,9.61
2025-06-12,19.879769353453405,0.09,10.23
2025-06-13,19.90921359342396,0.08,10.13
2025-06-16,19.970555760029285,0.09,10.18
2025-06-17,20.029444239970402,0.09,10.2
2025-06-18,20.08833271991151,0.09,9.78
2025-06-19,20.04171267329146,0.09,9.8
2025-06-20,20.06624953993359,0.09,8.16
2025-06-23,19.94111152005873,0.09,8.09
2025-06-24,19.75953870690697,0.08,8.32
2025-06-25,19.747270273585904,0.08,8.1
2025-06-26,19.63440068703211,0.08,8.14
2025-06-27,19.604956447061554,0.08,8.11
2025-06-30,19.46018893387299,0.08,8.11
2025-07-01,19.41111520058873,0.08,8.1
2025-07-02,19.433198380566644,0.08,7.95
2025-07-03,19.509262667157245,0.08,7.71
2025-07-04,19.482272113850904,0.08,7.7
2025-07-07,19.58778064041206,0.08,7.5
2025-07-08,19.531345847135164,0.08,7.51
2025-07-09,19.48963317384354,0.08,7.43
2025-07-10,19.558336400441505,0.08,7.56
2025-07-11,19.546067967120436,0.08,7.4
2025-07-14,19.577965893755206,0.08,6.93
2025-07-15,19.671205986995293,0.08,6.93
2025-07-16,19.649122807017378,0.08,6.9
2025-07-17,19.739909213593258,0.08,6.98
2025-07-18,19.661391240338443,0.08,7.05
2025-07-21,19.5779658937552,0.08,7.09
2025-07-22,19.440559440559273,0.08,7.29
2025-07-23,19.443013127223484,0.08,6.41
2025-07-24,19.514170040485663,0.08,6.52
2025-07-25,19.516623727149874,0.08,6.42
2025-07-28,19.717826033615335,0.08,7.15
2025-07-29,19.77671451355645,0.08,7.15
2025-07-30,19.992638940007186,0.08,7.89
2025-07-31,19.93129677340186,0.08,7.93
2025-08-01,19.72764078027219,0.08,8.3
2025-08-04,19.828241933504923,0.08,7.99
2025-08-05,19.815973500183855,0.08,7.99
2025-08-06,19.78407557354909,0.08,7.8
2025-08-07,19.79143663354172,0.08,7.78
2025-08-08,19.83314930683334,0.09,7.42
2025-08-11,19.933750460066076,0.08,7.46
2025-08-12,19.78898294687751,0.08,7.85
2025-08-13,19.761992393571166,0.08,7.81
2025-08-14,19.81597350018385,0.08,7.82
2025-08-15,19.796344006870147,0.08,7.68
2025-08-18,19.81351981351964,0.08,7.62
2025-08-19,19.818427186848066,0.08,7.58
2025-08-20,19.7300944669364,0.08,7.66
2025-08-21,19.842964053490196,0.08,7.83
2025-08-22,19.66629861366686,0.08,8.31
2025-08-25,19.776714513556442,0.08,8.36
2025-08-26,19.712918660286903,0.08,8.41
2025-08-27,19.685928106980562,0.08,8.31
2025-08-28,19.66139124033843,0.08,8.23
2025-08-29,19.641761747024727,0.08,8.13
2025-09-01,19.641761747024727,0.08,7.82
2025-09-02,19.742362900257458,0.08,7.95
2025-09-03,19.730094466936393,0.08,7.89
2025-09-04,19.766899766899588,0.08,7.91
2025-09-05,19.580419580419406,0.08,7.84
2025-09-08,19.465096307201396,0.08,7.95
2025-09-09,19.56815114709834,0.08,7.36
2025-09-10,19.60986382038996,0.08,7.37
2025-09-11,19.523984787142506,0.08,6.85
2025-09-12,19.546067967120422,0.08,6.65
2025-09-15,19.496994233836162,0.08,6.68
2025-09-16,19.28597718071385,0.08,7.36
2025-09-17,19.35468040731181,0.08,7.47
2025-09-18,19.44301312722348,0.08,7.59
2025-09-19,19.519077413814085,0.08,7.52
2025-09-22,19.445466813887695,0.09,7.3
2025-09-23,19.418476260581354,0.09,7.3
2025-09-24,19.511716353821445,0.08,7.42
2025-09-25,19.622132253711026,0.08,7.64
2025-09-26,19.577965893755195,0.09,7.65
2025-09-29,19.573058520426766,0.09,7.65
2025-09-30,19.541160593792,0.09,7.56
2025-10-01,19.558336400441494,0.09,7.34
2025-10-02,19.577965893755195,0.09,6.86
2025-10-03,19.52643847380672,0.09,6.66
2025-10-06,19.50680898049302,0.09,6.61
2025-10-07,19.58532695374783,0.09,6.73
2025-10-08,19.67611336032371,0.09,6.87
2025-10-09,19.78407557354908,0.09,7.05
2025-10-10,19.619678567046815,0.09,7.51
2025-10-13,19.7300944669364,0.09,7.54
2025-10-14,19.6540301803458,0.09,7.62
2025-10-15,19.54852165378464,0.09,7.76
2025-10-16,19.457735247208763,0.1,7.35
2025-10-17,19.465096307201403,0.1,7.14
2025-10-20,19.445466813887695,0.09,6.95
2025-10-21,19.541160593792,0.09,7.09
2025-10-22,19.53134584713515,0.09,6.97
2025-10-23,19.511716353821445,0.09,6.97
2025-10-24,19.523984787142506,0.09,6.93
2025-10-27,19.51907741381408,0.1,6.04
2025-10-28,19.46754999386561,0.1,6.03
2025-10-29,19.62703962703945,0.1,6.36
2025-10-30,19.678567046987926,0.1,6.3
2025-10-31,19.74236290025746,0.1,6.23
2025-11-03,19.828241933504913,0.1,6.31
2025-11-04,19.879769353453387,0.1,6.21
2025-11-05,19.879769353453387,0.1,6.01
2025-11-06,19.786529260213293,0.1,6.16
2025-11-07,19.757085020242737,0.1,6.18
2025-11-10,19.754631333578523,0.1,6.15
2025-11-11,19.639308060360513,0.1,6.43
2025-11-12,19.573058520426763,0.1,6.5
2025-11-13,19.45528156054454,0.1,6.71
2025-11-14,19.482272113850886,0.1,6.72
2025-11-17,19.53625322046357,0.1,6.66
2025-11-18,19.622132253711023,0.1,6.64
2025-11-19,19.764446080235373,0.1,6.8
2025-11-20,19.771807140228013,0.1,6.29
2025-11-21,19.833149306833338,0.1,6.13
