Date,Total Return Index,Beta Raw,Volatility 30D
1999-01-04,100.0,,
1999-01-05,99.8755803324614,,
1999-01-06,99.94290742675042,,
1999-01-07,99.85721839765529,,
1999-01-08,99.53523233867836,,
1999-01-11,99.32050807373271,,
1999-01-12,99.70430261271267,,
1999-01-13,100.25797013325948,,
1999-01-14,100.70317179847625,,
1999-01-15,100.4180099475531,,
1999-01-19,100.42282619274813,,
1999-01-20,100.14739717065663,,
1999-01-21,100.43536849794357,,
1999-01-22,100.77872664497349,,
1999-01-25,100.7233398252305,,
1999-01-26,100.65852119198055,,
1999-01-27,100.64607922522669,,
1999-01-28,100.8003997483512,,
1999-01-29,100.87595459484844,,
1999-01-31,100.89662431381048,,
1999-02-01,100.49617359353098,,
1999-02-02,100.18261596364538,,
1999-02-03,100.17127771974872,,
1999-02-04,99.63306231920266,,
1999-02-05,99.50884332854719,,
1999-02-08,99.59483337296702,,
1999-02-09,99.83985984726482,,
1999-02-10,99.78878758050907,,
1999-02-11,99.74413697401336,,
1999-02-12,99.14963170775025,,
1999-02-16,99.39576190490524,,
1999-02-17,99.6763081875165,,
1999-02-18,99.4947959467283,,
1999-02-19,99.39526021269744,,
1999-02-22,99.61470038439657,,
1999-02-23,99.26883377632755,,
1999-02-24,98.89597612747798,,
1999-02-25,98.18277048484538,,
1999-02-26,98.34311131446368,,
1999-02-28,98.37481826199772,,
1999-03-01,97.75161620144748,,
1999-03-02,98.06206333964462,,
1999-03-03,98.01109141133041,,
1999-03-04,97.86911251651821,,
1999-03-05,98.49743183758818,,
1999-03-08,98.590545911359,,
1999-03-09,98.85513838176168,,
1999-03-10,98.99420746176855,,
1999-03-11,98.92778341345357,,
1999-03-12,99.18384711632335,,
1999-03-15,99.34739877607169,,
1999-03-16,99.54606889036721,,
1999-03-17,99.44472706438819,,
1999-03-18,99.53613538465244,,
1999-03-19,99.40097950386655,,
1999-03-22,99.2445518734692,,
1999-03-23,99.24916744178113,,
1999-03-24,99.43910811166063,,
1999-03-25,99.25859925528809,,
1999-03-26,99.23401633710505,,
1999-03-29,99.10317500930638,,
1999-03-30,99.20441649684385,,
1999-03-31,99.05481188047283,,
1999-04-01,98.80115630020057,,
1999-04-02,99.28789808022461,,
1999-04-05,99.3725837249041,,
1999-04-06,99.72527334699943,,
1999-04-07,99.75286641842935,,
1999-04-08,100.00642166026006,,
1999-04-09,100.22184829429665,,
1999-04-12,100.20017519091897,,
1999-04-13,99.94150268856853,,
1999-04-14,99.8846107922021,,
1999-04-15,99.72477165479161,,
1999-04-16,99.55881187244576,,
1999-04-19,99.58339479062879,,
1999-04-20,99.92053195428178,,
1999-04-21,99.89795580493004,,
1999-04-22,99.53824249192526,,
1999-04-23,99.36566037243622,,
1999-04-26,99.41773602360765,,
1999-04-27,99.68824846206255,,
1999-04-28,99.50723791348217,,
1999-04-29,99.83383954077102,,
1999-04-30,99.20251006645415,,
1999-05-03,99.23742784411822,,
1999-05-04,98.82724429500705,,
1999-05-05,98.90259846462118,,
1999-05-06,98.59064624980057,,
1999-05-07,98.49211390018532,,
1999-05-10,98.54268447473328,,
1999-05-11,98.35806174225664,,
1999-05-12,98.46562455161259,,
1999-05-13,98.84510453760534,,
1999-05-14,97.99734504483622,,
1999-05-17,97.9244993362612,,
1999-05-18,97.9466741318467,,
1999-05-19,97.92660644353404,,
1999-05-20,97.91296041548142,,
1999-05-21,98.21528013991193,,
1999-05-24,98.26043243861545,,
1999-05-25,98.23223733653613,,
1999-05-26,98.21347404796377,,
1999-05-27,97.86028273366063,,
1999-05-28,97.71449097806902,,
1999-05-31,97.73425765105702,,
1999-06-01,97.21209640116112,,
1999-06-02,97.08998451777848,,
1999-06-03,97.11757758920841,,
1999-06-04,97.11506912816931,,
1999-06-07,97.23587661181163,,
1999-06-08,97.17687760817238,,
1999-06-09,96.8942242182883,,
1999-06-10,96.5973227697022,,
1999-06-11,96.26580455877675,,
1999-06-14,96.39383641021165,,
1999-06-15,96.72976951256588,,
1999-06-16,96.87385551465091,,
1999-06-17,97.31634804194549,,
1999-06-18,97.34384077493385,,
1999-06-21,96.96757161907112,,
1999-06-22,96.88559511231384,,
1999-06-23,96.58207132658457,,
1999-06-24,96.45474184424062,,
1999-06-25,96.55668570086902,,
1999-06-28,96.80271555958248,,
1999-06-29,96.93686805595271,,
1999-06-30,97.01101816426808,,
1999-07-01,97.27571097311231,,
1999-07-02,97.55786267078858,,
1999-07-06,97.37805618350697,,
1999-07-07,97.27089472791727,,
1999-07-08,97.49595385234396,,
1999-07-09,97.61736336663566,,
1999-07-12,97.94677447028828,,
1999-07-13,98.13250092562213,,
1999-07-14,98.01269682639544,,
1999-07-15,98.0541366027611,,
1999-07-16,98.24869284095253,,
1999-07-19,98.30789252147493,,
1999-07-20,98.2627402227714,,
1999-07-21,98.21317303263909,,
1999-07-22,97.78723634820248,,
1999-07-23,97.44036635571783,,
1999-07-26,97.29347087726903,,
1999-07-27,97.44638666221164,,
1999-07-28,97.54220987390468,,
1999-07-29,97.22604344453842,,
1999-07-30,97.08566996479124,,
1999-07-31,97.08918181024596,,
1999-08-02,97.09339602479162,,
1999-08-03,96.98031460114967,,
1999-08-04,97.03028314504824,,
1999-08-05,97.1830985915493,,
1999-08-06,96.69374801204462,,
1999-08-09,96.44882187618839,,
1999-08-10,96.29319695332356,,
1999-08-11,96.37527379852241,,
1999-08-12,96.43056027982384,,
1999-08-13,96.77662756477599,,
1999-08-16,96.93947685543337,,
1999-08-17,97.38879239675425,,
1999-08-18,97.34815532792108,,
1999-08-19,97.49153896091516,,
1999-08-20,97.51421544870848,,
1999-08-23,97.45812625987456,,
1999-08-24,97.5509393183207,,
1999-08-25,98.08754930380171,,
1999-08-26,98.04340038951382,,
1999-08-27,97.83208763158132,,
1999-08-30,97.71117980949744,,
1999-08-31,97.1734661011592,,
1999-09-01,97.18008843830239,,
1999-09-02,97.00660327283929,,
1999-09-03,97.52725944611174,,
1999-09-07,97.38467852065016,,
1999-09-08,97.43685451026312,,
1999-09-09,97.38849138142956,,
1999-09-10,97.69211550560038,,
1999-09-13,97.65910415832604,,
1999-09-14,97.5473271344244,,
1999-09-15,97.67295086326179,,
1999-09-16,97.8952005113247,,
1999-09-17,98.01309818016168,,
1999-09-20,97.9708556962635,,
1999-09-21,97.87964805288236,,
1999-09-22,97.91908106041679,,
1999-09-23,98.09838585549056,,
1999-09-24,98.51790087966711,,
1999-09-27,98.357058357841,,
1999-09-28,98.22511330718513,,
1999-09-29,97.92600441288465,,
1999-09-30,98.1742417173125,,
1999-10-01,97.86730642457007,,
1999-10-04,98.01229547262919,,
1999-10-05,97.92459967470278,,
1999-10-06,97.73094648248542,,
1999-10-07,97.71689910066654,,
1999-10-08,97.80399286794358,,
1999-10-12,97.78342348742306,,
1999-10-13,97.70847067157521,,
1999-10-14,97.52123913961793,,
1999-10-15,97.68127895391154,,
1999-10-18,97.61615930533691,,
1999-10-19,97.5509393183207,,
1999-10-20,97.41457937623605,,
1999-10-21,97.45200561493918,,
1999-10-22,97.45832693675767,,
1999-10-25,97.40263910169,,
1999-10-26,97.41427836091135,,
1999-10-27,97.54552104247627,,
1999-10-28,97.86108544119315,,
1999-10-29,98.25350908614757,,
1999-10-31,98.27377745134338,,
1999-11-01,98.19882463549551,,
1999-11-02,98.29434683186388,,
1999-11-03,98.42478680589628,,
1999-11-04,98.71215610253384,,
1999-11-05,98.86637628721678,,
1999-11-08,98.85383398202136,,
1999-11-09,98.83777983137122,,
1999-11-10,98.70071752019562,,
1999-11-12,98.87691182358095,,
1999-11-15,98.97002589735176,,
1999-11-16,98.96420626774109,,
1999-11-17,98.71907945500172,,
1999-11-18,98.65957875915463,,
1999-11-19,98.66068248201184,,
1999-11-22,98.61813898278895,,
1999-11-23,98.58502729707303,,
1999-11-24,98.58984354226807,,
1999-11-26,98.56576231629286,,
1999-11-29,98.35254312797063,,
1999-11-30,98.4009062568042,,
1999-12-01,98.40150828745358,,
1999-12-02,98.36257697212699,,
1999-12-03,98.61753695213956,,
1999-12-06,98.68546607707798,,
1999-12-07,98.80205934617466,,
1999-12-08,98.73483259032717,,
1999-12-09,98.8095847292919,,
1999-12-10,98.95918934566292,,
1999-12-13,99.01086364306806,,
1999-12-14,98.6410161474654,,
1999-12-15,98.617436613698,,
1999-12-16,98.4009062568042,,
1999-12-17,98.42328172927284,,
1999-12-20,98.32605377939791,,
1999-12-21,98.27066695965492,,
1999-12-22,98.22631736848389,,
1999-12-23,98.19320568276797,,
1999-12-24,98.19320568276797,,
1999-12-27,98.31862873472221,,
1999-12-28,98.25190367108256,,
1999-12-29,98.38354770641374,,
1999-12-30,98.462313383041,,
1999-12-31,98.34561977550278,,
2000-01-03,98.04330005107225,,
2000-01-04,98.0780171518532,,
2000-01-05,97.91878004509209,,
2000-01-06,98.04089192847475,,
2000-01-07,98.05002272665702,,
2000-01-10,98.09748280951649,,
2000-01-11,97.85044956638743,,
2000-01-12,97.70054393469171,,
2000-01-13,97.98299664769267,,
2000-01-14,97.6816803076778,,
2000-01-18,97.6603082196248,,
2000-01-19,97.77228592040954,,
2000-01-20,97.72010993079658,,
2000-01-21,97.71148082482213,,
2000-01-24,98.0308580843184,,
2000-01-25,98.13681547860935,,
2000-01-26,98.1802620238063,,
2000-01-27,98.11022579159506,,
2000-01-28,98.02273067055177,,
2000-01-31,97.96011948301621,,
2000-02-01,98.03727974457846,,
2000-02-02,98.0319618071756,,
2000-02-03,98.39920050329762,,
2000-02-04,98.16731836484462,,
2000-02-07,97.97476889548446,,
2000-02-08,98.14825406094756,,
2000-02-09,98.01339919548637,,
2000-02-10,97.87131996223262,,
2000-02-11,98.0161083334086,,
2000-02-14,98.20012903523585,,
2000-02-15,98.18006134692318,,
2000-02-16,98.12206572769952,,
2000-02-17,98.09266656432145,,
2000-02-18,98.03597534483814,,
2000-02-22,98.79924986981086,,
2000-02-23,98.5631535168122,,
2000-02-24,98.76222498487398,,
2000-02-25,98.32515073342384,,
2000-02-28,98.51589411083584,,
2000-02-29,98.52893810823909,,
2000-03-01,98.60670040045072,,
2000-03-02,98.62185150512678,,
2000-03-03,98.70342665811783,,
2000-03-06,98.65907706694681,,
2000-03-07,98.75821144721144,,
2000-03-08,98.80195900773307,,
2000-03-09,98.82032094253917,,
2000-03-10,98.69469721370182,,
2000-03-13,98.72108622383297,,
2000-03-14,98.7832960576023,,
2000-03-15,98.96852082072832,,
2000-03-16,99.00333825995081,,
2000-03-17,99.13026638852851,,
2000-03-20,99.19257656073938,,
2000-03-21,99.28769740334147,,
2000-03-22,99.28900180308179,,
2000-03-23,99.39746765841183,,
2000-03-24,99.1432100474902,,
2000-03-27,99.11270716125492,,
2000-03-28,99.27485408282135,,
2000-03-29,99.18444914697274,,
2000-03-30,99.37930640048884,,
2000-03-31,99.53603504621087,,
2000-04-03,99.64389887089152,,
2000-04-04,99.88230300804614,,
2000-04-05,100.01464941246824,,
2000-04-06,99.83604698648541,,
2000-04-07,100.03080390155996,,
2000-04-10,100.19365319221735,,
2000-04-11,100.02829544052088,,
2000-04-12,99.90287238856664,,
2000-04-13,99.98304280337578,,
2000-04-14,100.06261118753554,,
2000-04-17,100.02929882493652,,
2000-04-18,99.9380911815554,,
2000-04-19,100.12953692805833,,
2000-04-20,100.21743340286788,,
2000-04-21,100.21743340286788,,
2000-04-24,100.27392394546806,,
2000-04-25,99.96688831428408,,
2000-04-26,99.9257495532431,,
2000-04-27,99.95233924025739,,
2000-04-28,99.57928091452469,,
2000-04-30,99.61419869218875,,
2000-05-01,99.58209039088847,,
2000-05-02,99.48295601062384,,
2000-05-03,99.35372009789019,,
2000-05-04,99.12414574359315,,
2000-05-05,98.8515261978654,,
2000-05-08,98.8181134968248,,
2000-05-09,98.83868287734529,,
2000-05-10,98.974340450339,,
2000-05-11,98.87520607007436,,
2000-05-12,98.61984473629552,,
2000-05-15,98.71496557889763,,
2000-05-16,98.87901893085377,,
2000-05-17,98.76362972305586,,
2000-05-18,98.55893930226655,,
2000-05-19,98.65566555993365,,
2000-05-22,98.94213181059715,,
2000-05-23,98.86697831786616,,
2000-05-24,98.93039221293422,,
2000-05-25,99.12103525190467,,
2000-05-26,99.39786901217808,,
2000-05-30,99.30886881451134,,
2000-05-31,99.56693928621239,,
2000-06-01,99.88932669895559,,
2000-06-02,100.21753374130944,,
2000-06-05,100.33392633352298,,
2000-06-06,100.33181922625015,,
2000-06-07,100.43386342132013,,
2000-06-08,100.39774158235728,,
2000-06-09,100.44560301898304,,
2000-06-12,100.54122555379294,,
2000-06-13,100.6589225457468,,
2000-06-14,100.72043001042516,,
2000-06-15,100.74681902055633,,
2000-06-16,100.97779811303526,,
2000-06-19,100.94037187433213,,
2000-06-20,100.97819946680153,,
2000-06-21,100.67858888029322,,
2000-06-22,100.62239935301773,,
2000-06-23,100.47229304443887,,
2000-06-26,100.63664741171974,,
2000-06-27,100.78625202809076,,
2000-06-28,100.7505315428942,,
2000-06-29,101.03398764031077,,
2000-06-30,101.11987734628904,,
2000-07-03,101.31413256915576,,
2000-07-05,101.45530875643547,,
2000-07-06,101.41587574890106,,
2000-07-07,101.51721757488008,,
2000-07-10,101.47928964396911,,
2000-07-11,101.4803933668263,,
2000-07-12,101.45079352656509,,
2000-07-13,101.66842760631611,,
2000-07-14,101.4061429200694,,
2000-07-17,101.30460041720724,,
2000-07-18,101.32787893564993,,
2000-07-19,101.43213057643432,,
2000-07-20,101.76144134164538,,
2000-07-21,101.83860160320761,,
2000-07-24,101.83769855723355,,
2000-07-25,101.90261752892506,,
2000-07-26,101.91194900399046,,
2000-07-27,101.97205173048694,,
2000-07-28,101.98168422087701,,
2000-07-31,101.93502684555004,,
2000-08-01,102.02964599594434,,
2000-08-02,102.10780964192222,,
2000-08-03,102.26303321102077,,
2000-08-04,102.41323985804118,,
2000-08-07,102.45066609674431,,
2000-08-08,102.52501688194278,,
2000-08-09,102.55311164558054,,
2000-08-10,102.6595707320793,,
2000-08-11,102.6041839123363,,
2000-08-14,102.62043873986957,,
2000-08-15,102.57669117934793,,
2000-08-16,102.53986697129417,,
2000-08-17,102.5639481972694,,
2000-08-18,102.6393023668835,,
2000-08-21,102.68846820324957,,
2000-08-22,102.73452354792715,,
2000-08-23,102.89065016299979,,
2000-08-24,102.99259401962821,,
2000-08-25,103.03804733365642,,
2000-08-28,102.99429977313478,,
2000-08-29,102.87549905832371,,
2000-08-30,102.85844152325794,,
2000-08-31,103.08089184820399,,
2000-09-01,103.27203657938225,,
2000-09-05,103.36374591497119,,
2000-09-06,103.32932982951495,,
2000-09-07,103.2618020583428,,
2000-09-08,103.31548312457922,,
2000-09-11,103.29942897392905,,
2000-09-12,103.29160257548713,,
2000-09-13,103.44481937575442,,
2000-09-14,103.48425238328882,,
2000-09-15,103.4645860487424,,
2000-09-18,103.46468638718397,,
2000-09-19,103.55629538433134,,
2000-09-20,103.5772661186181,,
2000-09-21,103.45655897341734,,
2000-09-22,103.58820300874851,,
2000-09-25,103.6019493752427,,
2000-09-26,103.73720559447015,,
2000-09-27,103.76961491109513,,
2000-09-28,103.83202542174756,,
2000-09-29,103.96557588746845,,
2000-09-30,103.98383748383297,,
2000-10-02,103.91891851214146,,
2000-10-03,103.92293204980399,,
2000-10-04,103.81677397862991,,
2000-10-05,103.91630971266079,,
2000-10-06,103.96316776487092,,
2000-10-10,104.01203258591227,,
2000-10-11,104.13675326877558,,
2000-10-12,104.3096364035893,,
2000-10-13,104.31254621839466,,
2000-10-16,104.34846738047435,,
2000-10-17,104.46787012593477,,
2000-10-18,104.56479706048502,,
2000-10-19,104.6013202532141,,
2000-10-20,104.65369691971019,,
2000-10-23,104.8145394415363,,
2000-10-24,104.73757985685717,,
2000-10-25,104.67627306906195,,
2000-10-26,104.66824599373687,,
2000-10-27,104.62961569373496,,
2000-10-30,104.64235867581353,,
2000-10-31,104.64436544464478,,
2000-11-01,104.66312873321715,,
2000-11-02,104.75062385426041,,
2000-11-03,104.62479944853993,,
2000-11-06,104.55606761606899,,
2000-11-07,104.56931229035537,,
2000-11-08,104.61145443581199,,
2000-11-09,104.78213012491133,,
2000-11-10,104.79336803036642,,
2000-11-13,103.88048888902269,,
2000-11-14,103.62322112485414,,
2000-11-15,105.09849723116072,,
2000-11-16,105.1985346573994,,
2000-11-17,105.14174309947452,,
2000-11-20,105.20284921038663,,
2000-11-21,105.16050638804688,,
2000-11-22,105.40342575507185,,
2000-11-24,105.31763638753515,,
2000-11-27,105.36499613195309,,
2000-11-28,105.49904828988177,,
2000-11-29,105.65657964313631,,
2000-11-30,106.11462462887317,,
2000-12-01,106.02301563172583,,
2000-12-04,106.10318604653497,,
2000-12-05,106.33205803174106,,
2000-12-06,106.73762601254029,,
2000-12-07,106.7548842244892,,
2000-12-08,106.76090453098301,,
2000-12-11,106.78348068033476,,
2000-12-12,106.80595649124498,,
2000-12-13,107.09432917229816,,
2000-12-14,107.44220254919846,,
2000-12-15,107.6018410097258,,
2000-12-18,107.79017626454028,,
2000-12-19,107.63926724842896,,
2000-12-20,108.06048802611208,,
2000-12-21,108.23026066923734,,
2000-12-22,108.37976494716679,,
2000-12-26,108.4296331526238,,
2000-12-27,108.2799281978112,,
2000-12-28,108.13162798118053,,
2000-12-29,108.32457880430692,,
2000-12-31,108.35237255262,,
2001-01-02,109.05102912122588,,
2001-01-03,108.91717764018034,,
2001-01-04,109.14594928694486,,
2001-01-05,109.62356026878662,,
2001-01-08,110.10970001816125,,
2001-01-09,109.91163193451511,,
2001-01-10,109.58161880021314,,
2001-01-11,109.43612805994618,,
2001-01-12,109.01550931291246,,
2001-01-16,109.12056366122933,,
2001-01-17,109.34612447786382,,
2001-01-18,109.76563950204037,,
2001-01-19,109.70965065164802,,
2001-01-22,109.6161352241109,,
2001-01-23,109.51629847475535,,
2001-01-24,109.35625866046172,,
2001-01-25,109.43793415189434,,
2001-01-26,109.53797157813302,,
2001-01-29,109.54750373008156,,
2001-01-30,109.82855170490062,,
2001-01-31,110.06264128906803,,
2001-02-01,110.51275953792141,,
2001-02-02,110.28489093713094,,
2001-02-05,110.25218060518127,,
2001-02-06,110.04909559945698,,
2001-02-07,110.08632116127698,,
2001-02-08,110.04558375400227,,
2001-02-09,110.34890686284837,,
2001-02-12,110.38593174778528,,
2001-02-13,110.2973329038848,,
2001-02-14,110.15515333218949,,
2001-02-15,109.8047714942501,,
2001-02-16,110.17843185063218,,
2001-02-20,110.31920668414563,,
2001-02-21,110.28368687583219,,
2001-02-22,110.32793612856165,,
2001-02-23,110.55480134493646,,
2001-02-26,110.76952560988214,,
2001-02-27,111.16917362262913,,
2001-02-28,111.24332373094448,,
2001-03-01,111.46657676342302,,
2001-03-02,111.39754391562742,,
2001-03-05,111.25636772834773,,
2001-03-06,111.26238803484152,,
2001-03-07,111.4192170190051,,
2001-03-08,111.64668426602931,,
2001-03-09,111.51694666108784,,
2001-03-12,111.58206630966248,,
2001-03-13,111.56701554342798,,
2001-03-14,111.78123811616582,,
2001-03-15,112.01833785358014,,
2001-03-16,112.1820901902116,,
2001-03-19,112.11044854293533,,
2001-03-20,112.09860860683082,,
2001-03-21,112.38557654970214,,
2001-03-22,112.59297610841368,,
2001-03-23,112.39129584087127,,
2001-03-26,112.19483317229013,,
2001-03-27,111.81756063201178,,
2001-03-28,111.84485268811702,,
2001-03-29,111.93856879253723,,
2001-03-30,112.16824348527584,,
2001-03-31,112.17787597566591,,
2001-04-02,112.09449473072672,,
2001-04-03,112.2807228782684,,
2001-04-04,112.3665122458051,,
2001-04-05,112.30600816554237,,
2001-04-06,112.62859625516867,,
2001-04-09,112.61685665750576,,
2001-04-10,112.14095142917057,,
2001-04-11,111.80311189642664,,
2001-04-12,111.6431724205746,,
2001-04-13,111.6431724205746,,
2001-04-16,111.2794455699073,,
2001-04-17,111.54273364056964,,
2001-04-18,111.9882363211111,,
2001-04-19,111.88960363305429,,
2001-04-20,111.87425185149509,,
2001-04-23,112.25172506865657,,
2001-04-24,112.25694266761788,,
2001-04-25,112.09690285332425,,
2001-04-26,112.31373422554276,,
2001-04-27,111.96826897124,,
2001-04-30,111.86722816058565,,
2001-05-01,112.08355784059634,,
2001-05-02,112.12901115462455,,
2001-05-03,112.39731614736506,,
2001-05-04,112.62658948633741,,
2001-05-07,112.66401572504057,,
2001-05-08,112.67635735335287,,
2001-05-09,112.78181305543598,,
2001-05-10,112.52554867568307,,
2001-05-11,111.80923254136201,,
2001-05-14,111.96405475669434,,
2001-05-15,111.8638166535725,,
2001-05-16,111.98994207461767,,
2001-05-17,111.97940653825351,,
2001-05-18,112.03218455851587,,
2001-05-21,112.09258830033704,,
2001-05-22,112.1800834213803,,
2001-05-23,112.23015230372044,,
2001-05-24,112.10623432838966,,
2001-05-25,111.98763429046173,,
2001-05-29,112.05134920085449,,
2001-05-30,112.05847323020548,,
2001-05-31,112.49885865022722,,
2001-06-01,112.63863009932503,,
2001-06-04,112.8097071421906,,
2001-06-05,113.07700875051549,,
2001-06-06,113.15657713467526,,
2001-06-07,113.05112143259213,,
2001-06-08,112.91134998349432,,
2001-06-11,113.1246695102581,,
2001-06-12,113.30738581234505,,
2001-06-13,113.29424147650022,,
2001-06-14,113.56284748456544,,
2001-06-15,113.5782996045662,,
2001-06-18,113.55783056248727,,
2001-06-19,113.51247758690062,,
2001-06-20,113.62596036430881,,
2001-06-21,113.70442502561137,,
2001-06-22,113.94433423938946,,
2001-06-25,113.99440312172959,,
2001-06-26,113.7191747765212,,
2001-06-27,113.5879320949563,,
2001-06-28,113.21136192376886,,
2001-06-29,112.85104658011474,,
2001-06-30,112.8700105455702,,
2001-07-02,113.16982180896163,,
2001-07-03,113.13390064688194,,
2001-07-05,113.0138958707721,,
2001-07-06,113.23584450351034,,
2001-07-09,113.36217060143865,,
2001-07-10,113.63408777807544,,
2001-07-11,113.68074515340243,,
2001-07-12,113.7282052362619,,
2001-07-13,113.74476107911985,,
2001-07-16,113.93379870302529,,
2001-07-17,113.95617417549393,,
2001-07-18,114.32973419343446,,
2001-07-19,114.3524106812278,,
2001-07-20,114.41953709863371,,
2001-07-23,114.52689923110653,,
2001-07-24,114.60104933942188,,
2001-07-25,114.44532407811548,,
2001-07-26,114.48686419292274,,
2001-07-27,114.74413195709128,,
2001-07-30,114.92072761424284,,
2001-07-31,115.14267624698107,,
2001-08-01,115.00601528957174,,
2001-08-02,114.8166766503416,,
2001-08-03,114.6788116316335,,
2001-08-06,114.79159203995076,,
2001-08-07,114.8059404370943,,
2001-08-08,115.06672004671759,,
2001-08-09,115.32087731919765,,
2001-08-10,115.34395516075723,,
2001-08-13,115.55727468752102,,
2001-08-14,115.48583371712786,,
2001-08-15,115.33081082491243,,
2001-08-16,115.48874353193321,,
2001-08-17,115.85377478234082,,
2001-08-20,115.7272480075294,,
2001-08-21,115.74500791168612,,
2001-08-22,115.75032584908898,,
2001-08-23,115.87655160857572,,
2001-08-24,115.74791772649147,,
2001-08-27,115.77821993584358,,
2001-08-28,116.12197943663978,,
2001-08-29,116.30600013846706,,
2001-08-30,116.4521932478249,,
2001-08-31,116.33830911665046,,
2001-09-04,115.72975646856847,,
2001-09-05,115.79929100857191,,
2001-09-06,116.2118826802806,,
2001-09-07,116.66802123562778,,
2001-09-10,116.62306961380737,,
2001-09-11,116.62306961380737,,
2001-09-12,116.62306961380737,,
2001-09-13,117.37370149514312,,
2001-09-14,117.67020158996296,,
2001-09-17,117.63678888892233,,
2001-09-18,117.35634294475265,,
2001-09-19,117.5352463860602,,
2001-09-20,117.41132841072938,,
2001-09-21,117.40410404293682,,
2001-09-24,117.34671045436255,,
2001-09-25,117.57718785463366,,
2001-09-26,117.65655556191032,,
2001-09-27,118.05158800634541,,
2001-09-28,118.07336144816465,,
2001-09-30,118.21162782063901,,
2001-10-01,118.2587868881738,,
2001-10-02,118.5287976344209,,
2001-10-03,118.80803951729185,,
2001-10-04,118.69836960066304,,
2001-10-05,118.79379145858984,,
2001-10-09,118.61117549494445,,
2001-10-10,118.52026886688802,,
2001-10-11,118.27945660713586,,
2001-10-12,118.31397303103368,,
2001-10-15,118.65291628663482,,
2001-10-16,118.87285815054179,,
2001-10-17,118.89794276093262,,
2001-10-18,118.95965090249412,,
2001-10-19,118.93396426145388,,
2001-10-22,118.94319539807772,,
2001-10-23,118.81606659261689,,
2001-10-24,119.00410083210669,,
2001-10-25,119.3919089087492,,
2001-10-26,119.40304647576274,,
2001-10-29,119.72493219629811,,
2001-10-30,120.02494413657266,,
2001-10-31,120.41596304334522,,
2001-11-01,120.80507551972804,,
2001-11-02,120.27448584074081,,
2001-11-05,120.4847952142577,,
2001-11-06,120.69319815738486,,
2001-11-07,121.2749604415694,,
2001-11-08,121.00705680259516,,
2001-11-09,120.90240380804454,,
2001-11-13,120.62115515634233,,
2001-11-14,120.07842452592594,,
2001-11-15,119.11387108717706,,
2001-11-16,118.37688523389392,,
2001-11-19,118.7853630294985,,
2001-11-20,118.64338413468629,,
2001-11-21,118.03723960920183,,
2001-11-23,117.8893407463374,,
2001-11-26,118.04406262322816,,
2001-11-27,118.01606819803196,,
2001-11-28,118.44832620428707,,
2001-11-29,118.97921689859898,,
2001-11-30,119.28093459238009,,
2001-12-03,119.3562887619942,,
2001-12-04,119.62288800122813,,
2001-12-05,118.63084182949086,,
2001-12-06,118.23711378479611,,
2001-12-07,117.60066704995951,,
2001-12-10,117.82672955880184,,
2001-12-11,118.2001892383008,,
2001-12-12,118.59050577598238,,
2001-12-13,118.16165927674045,,
2001-12-14,117.7991364873719,,
2001-12-17,117.26583767046246,,
2001-12-18,117.77445323074731,,
2001-12-19,118.09202439829545,,
2001-12-20,118.09102101387982,,
2001-12-21,118.00573333855094,,
2001-12-24,117.87900588685636,,
2001-12-26,117.78258064451394,,
2001-12-27,117.95114922634045,,
2001-12-28,117.99830829387525,,
2001-12-31,118.51424856039421,,
2002-01-02,118.15975284635074,,
2002-01-03,118.26049264168039,,
2002-01-04,118.26189737986228,,
2002-01-07,118.71853762741729,,
2002-01-08,118.79961108820049,,
2002-01-09,118.80031345729145,,
2002-01-10,119.3042131108228,,
2002-01-11,119.7720912638329,,
2002-01-14,120.05695209943138,,
2002-01-15,120.0824380635885,,
2002-01-16,120.11946294852538,,
2002-01-17,119.68028158980239,,
2002-01-18,119.78051969292423,,
2002-01-22,119.79436639785999,,
2002-01-23,119.5492395851206,,
2002-01-24,119.2704993944575,,
2002-01-25,119.08276617029239,,
2002-01-28,119.11557684068363,,
2002-01-29,119.48993956615665,,
2002-01-30,119.64004587473549,,
2002-01-31,119.4314422547252,,
2002-02-01,119.5533534612247,,
2002-02-04,119.928117540464,,
2002-02-05,119.95681433475112,,
2002-02-06,119.90062480747561,,
2002-02-07,119.69382727941344,,
2002-02-08,119.99293617371394,,
2002-02-11,119.9686542708556,,
2002-02-12,119.81965168513395,,
2002-02-13,119.50860251628743,,
2002-02-14,119.70887804564796,,
2002-02-15,120.1788633059309,,
2002-02-19,120.21759394437437,,
2002-02-20,120.30127620463824,,
2002-02-21,120.31743069372996,,
2002-02-22,120.51569945425922,,
2002-02-25,120.43292023996943,,
2002-02-26,120.26344861216884,,
2002-02-27,120.52874345166246,,
2002-02-28,120.4455628836064,,
2002-03-01,120.00226764877932,,
2002-03-04,119.83580617422567,,
2002-03-05,119.8241669150043,,
2002-03-06,119.8143337477311,,
2002-03-07,119.08005703237019,,
2002-03-08,118.59120814507334,,
2002-03-11,118.59742912845026,,
2002-03-12,118.68512492637666,,
2002-03-13,118.85289080067065,,
2002-03-14,118.35601483804874,,
2002-03-15,118.37648388012767,,
2002-03-18,118.63244724455588,,
2002-03-19,118.57816414767008,,
2002-03-20,118.25216455103063,,
2002-03-21,118.06633775725521,,
2002-03-22,118.0299149029677,,
2002-03-25,117.9756318060819,,
2002-03-26,118.32751872064473,,
2002-03-27,118.42735547000032,,
2002-03-28,118.10496805725712,,
2002-03-31,118.15222746323349,,
2002-04-01,118.12122288479041,,
2002-04-02,118.51735905208267,,
2002-04-03,118.9813240058718,,
2002-04-04,119.1068473962676,,
2002-04-05,119.4037488448537,,
2002-04-08,119.40545459836028,,
2002-04-09,119.50107713317017,,
2002-04-10,119.48713008979288,,
2002-04-11,119.58506040875876,,
2002-04-12,119.71078447603767,,
2002-04-15,119.84182648071946,,
2002-04-16,119.58616413161593,,
2002-04-17,119.51512451498904,,
2002-04-18,119.6046264048636,,
2002-04-19,119.73717348616884,,
2002-04-22,119.92540840254178,,
2002-04-23,119.99965884929868,,
2002-04-24,120.32495607684722,,
2002-04-25,120.51509742360984,,
2002-04-26,120.60961623556254,,
2002-04-29,120.52131840698677,,
2002-04-30,120.54891147841671,,
2002-05-01,120.80668093479305,,
2002-05-02,120.59617088439308,,
2002-05-03,120.89608248622604,,
2002-05-06,120.91936100466873,,
2002-05-07,120.9617038270085,,
2002-05-08,120.35435524022529,,
2002-05-09,120.43372294750192,,
2002-05-10,120.74517347011471,,
2002-05-13,120.56968153582032,,
2002-05-14,120.10561624358964,,
2002-05-15,120.25491984463596,,
2002-05-16,120.74366839349125,,
2002-05-17,120.51620114646704,,
2002-05-20,120.85624812492537,,
2002-05-21,121.12666022493872,,
2002-05-22,121.43660567092805,,
2002-05-23,121.32773846183176,,
2002-05-24,121.28770342364797,,
2002-05-28,121.34650175040412,,
2002-05-29,121.52319774599725,,
2002-05-30,121.78578344756865,,
2002-05-31,121.71885770704587,,
2002-06-03,121.84086925198696,,
2002-06-04,121.99599248264397,,
2002-06-05,121.89675776393776,,
2002-06-06,122.05077727173756,,
2002-06-07,121.8697667231572,,
2002-06-10,122.0054242961509,,
2002-06-11,122.25326024681252,,
2002-06-12,122.44159550162699,,
2002-06-13,122.7428115032003,,
2002-06-14,123.25162774036826,,
2002-06-17,123.0459339351633,,
2002-06-18,123.13222499490782,,
2002-06-19,123.64405138532271,,
2002-06-20,123.2948736086821,,
2002-06-21,123.47126858895052,,
2002-06-24,123.2133987941326,,
2002-06-25,123.122993858284,,
2002-06-26,123.65288116818027,,
2002-06-27,123.22975396010744,,
2002-06-28,122.93114675801478,,
2002-06-30,122.97218518061422,,
2002-07-01,123.0457332582802,,
2002-07-02,123.38838903621917,,
2002-07-03,123.49815929128951,,
2002-07-05,122.81826601125596,,
2002-07-08,123.08827675750307,,
2002-07-09,123.49946369102985,,
2002-07-10,124.05122478118696,,
2002-07-11,124.33066734094098,,
2002-07-12,124.35956481211126,,
2002-07-15,124.39207446717779,,
2002-07-16,123.83218596325405,,
2002-07-17,124.00406571365214,,
2002-07-18,124.33688832431793,,
2002-07-19,124.71616763342755,,
2002-07-22,125.23250925371279,,
2002-07-23,125.39997411268209,,
2002-07-24,125.51626636645406,,
2002-07-25,125.44372167320373,,
2002-07-26,125.54616722203993,,
2002-07-29,124.79814414018485,,
2002-07-30,124.61763528381229,,
2002-07-31,125.21314393449103,,
2002-08-01,125.83183076517092,,
2002-08-02,126.41640252571923,,
2002-08-05,126.64366909586033,,
2002-08-06,126.0122392831019,,
2002-08-07,126.46637106961782,,
2002-08-08,126.0923093594695,,
2002-08-09,126.6322305135221,,
2002-08-12,127.01431929899552,,
2002-08-13,127.50738240083801,,
2002-08-14,127.8986019844937,,
2002-08-15,127.21630058186261,,
2002-08-16,126.55426754442736,,
2002-08-19,126.72082935742259,,
2002-08-20,127.4537013346016,,
2002-08-21,127.43784786083458,,
2002-08-22,126.99114111899436,,
2002-08-23,127.30419705667215,,
2002-08-26,127.4693541314855,,
2002-08-27,127.14425758082011,,
2002-08-28,127.47938797564184,,
2002-08-29,127.86960417488187,,
2002-08-30,127.97004295488684,,
2002-08-31,127.99081301229045,,
2002-09-03,128.9506505442859,,
2002-09-04,129.0358378811732,,
2002-09-05,129.14420339806165,,
2002-09-06,128.59103756972266,,
2002-09-09,128.42598083335088,,
2002-09-10,128.5460859479023,,
2002-09-11,128.1646995315198,,
2002-09-12,128.78027587051125,,
2002-09-13,129.1773150837776,,
2002-09-16,129.39535051729482,,
2002-09-17,129.42575306508854,,
2002-09-18,129.4788321006756,,
2002-09-19,129.82158821705613,,
2002-09-20,129.7227548521162,,
2002-09-23,130.15119999759187,,
2002-09-24,130.2726095118836,,
2002-09-25,129.82971563082276,,
2002-09-26,129.5684343289917,,
2002-09-27,129.87276082225344,,
2002-09-30,130.51151534124602,,
2002-10-01,130.12541301811007,,
2002-10-02,130.0399246658981,,
2002-10-03,130.05708253940543,,
2002-10-04,129.9729989253753,,
2002-10-07,130.22103555292,,
2002-10-08,130.158524703826,,
2002-10-09,130.1810005147362,,
2002-10-10,129.68141541419206,,
2002-10-11,129.12503875572304,,
2002-10-15,128.27196132555108,,
2002-10-16,127.92709810189768,,
2002-10-17,127.49624483382449,,
2002-10-18,127.40002026836518,,
2002-10-21,127.33279351251771,,
2002-10-22,127.20506267640752,,
2002-10-23,127.37001907433773,,
2002-10-24,127.78421616111142,,
2002-10-25,128.2935340904872,,
2002-10-28,128.71365114531315,,
2002-10-29,129.54967104041933,,
2002-10-30,129.3441779120975,,
2002-10-31,129.68121473730895,,
2002-11-01,129.423344942491,,
2002-11-04,129.20350341702562,,
2002-11-05,129.143902382737,,
2002-11-06,129.31588247157663,,
2002-11-07,130.33933457552322,,
2002-11-08,130.74761169424468,,
2002-11-12,130.96073054412534,,
2002-11-13,130.94939230022865,,
2002-11-14,130.20167023369825,,
2002-11-15,129.9869459687526,,
2002-11-18,130.3205712869509,,
2002-11-19,130.59509726306834,,
2002-11-20,130.24441440980428,,
2002-11-21,129.49699335859856,,
2002-11-22,129.3834102427488,,
2002-11-25,129.4521420752197,,
2002-11-26,129.9444024695297,,
2002-11-27,129.18885400455736,,
2002-11-29,129.32792308456422,,
2002-11-30,129.35019821859132,,
2002-12-02,129.3579242785917,,
2002-12-03,129.4237462962573,,
2002-12-04,129.67348867730854,,
2002-12-05,130.02045900823475,,
2002-12-06,130.25484960772684,,
2002-12-09,130.59248846358767,,
2002-12-10,130.70677394852837,,
2002-12-11,130.9772863869833,,
2002-12-12,130.98310601659398,,
2002-12-13,130.71981794593162,,
2002-12-16,130.4397733555282,,
2002-12-17,130.4809121165692,,
2002-12-18,130.9235049823053,,
2002-12-19,131.45329195376002,,
2002-12-20,131.59988641688415,,
2002-12-23,131.55212531869995,,
2002-12-24,131.78320474962047,,
2002-12-26,131.88344285274232,,
2002-12-27,132.51266521978633,,
2002-12-30,132.854016597985,,
2002-12-31,132.75197240291504,,
2003-01-02,131.4380405106424,,
2003-01-03,131.4076379628487,,
2003-01-06,131.39058042778288,,
2003-01-07,131.79554637793277,,
2003-01-08,132.24425988860426,,
2003-01-09,131.1476610607579,,
2003-01-10,131.159601335304,,
2003-01-13,131.49954797532078,,
2003-01-14,131.88494792936575,,
2003-01-15,132.0062571052159,,
2003-01-16,131.87842593066415,,
2003-01-17,132.3532274361421,,
2003-01-21,132.47564033484943,,
2003-01-22,132.7780603977215,,
2003-01-23,132.69648524473047,,
2003-01-24,133.04997757435834,,
2003-01-27,132.7945159021379,,
2003-01-28,132.6004613561543,,
2003-01-29,132.44995369380922,,
2003-01-30,132.59534409563457,,
2003-01-31,132.80705820733334,,
2003-02-03,132.79250913330665,,
2003-02-04,133.20359572839186,,
2003-02-05,132.91803252370244,,
2003-02-06,133.19275917670302,,
2003-02-07,133.29821487878615,,
2003-02-10,133.3339353639827,,
2003-02-11,133.27443466813565,,
2003-02-12,133.48514539541873,,
2003-02-13,133.76659472400408,,
2003-02-14,133.47681730476899,,
2003-02-18,133.3877167686607,,
2003-02-19,133.89482725232207,,
2003-02-20,134.1079461022027,,
2003-02-21,133.90586448089402,,
2003-02-24,134.13112428220387,,
2003-02-25,134.4714722759869,,
2003-02-26,134.60040717339587,,
2003-02-27,134.71188318197278,,
2003-02-28,135.08343643108205,,
2003-03-03,135.4443538053856,,
2003-03-04,135.63589989033008,,
2003-03-05,135.78420010696078,,
2003-03-06,135.65466317890244,,
2003-03-07,135.84420249501568,,
2003-03-10,136.17592138282427,,
2003-03-11,136.1536462487972,,
2003-03-12,136.01638326073848,,
2003-03-13,135.24427895290813,,
2003-03-14,135.251904674467,,
2003-03-17,134.76516289444297,,
2003-03-18,134.43254096066028,,
2003-03-19,133.96064926998767,,
2003-03-20,133.8089375463438,,
2003-03-21,133.28557223514917,,
2003-03-24,134.06108804999263,,
2003-03-25,134.19885273025915,,
2003-03-26,134.3231720593562,,
2003-03-27,134.63883679651462,,
2003-03-28,134.87352841133142,,
2003-03-31,135.4969311487648,,
2003-04-01,135.46181269421757,,
2003-04-02,134.8332926962645,,
2003-04-03,134.9209884941909,,
2003-04-04,134.92961760016536,,
2003-04-07,134.4730776910519,,
2003-04-08,135.0466122230283,,
2003-04-09,135.24889452122005,,
2003-04-10,135.29996678797585,,
2003-04-11,134.94878224250394,,
2003-04-14,134.7512158510656,,
2003-04-15,135.0194205053646,,
2003-04-16,135.32715850563952,,
2003-04-17,135.3984991375911,,
2003-04-21,135.35324650044603,,
2003-04-22,135.5607463975991,,
2003-04-23,135.63118398357662,,
2003-04-24,136.21394965217678,,
2003-04-25,136.46078221842274,,
2003-04-28,136.38482601815923,,
2003-04-29,136.2433488155549,,
2003-04-30,136.75959009739853,,
2003-05-01,136.99618814260498,,
2003-05-02,136.65463608752322,,
2003-05-05,136.7563792672685,,
2003-05-06,137.14539140520975,,
2003-05-07,137.98552517642008,,
2003-05-08,138.25774336838157,,
2003-05-09,138.08837207902255,,
2003-05-12,138.51571350164102,,
2003-05-13,138.53357374423933,,
2003-05-14,139.0185094323152,,
2003-05-15,139.0196131551724,,
2003-05-16,139.38925997389194,,
2003-05-19,139.5201013016906,,
2003-05-20,139.91633780742444,,
2003-05-21,139.9474427243091,,
2003-05-22,140.1261454887335,,
2003-05-23,140.2925066248456,,
2003-05-27,139.97543714950527,,
2003-05-28,139.6609764736456,,
2003-05-29,140.26360915367536,,
2003-05-30,140.18484347704808,,
2003-05-31,140.1870509227625,,
2003-06-02,139.857840495993,,
2003-06-03,140.4860594786214,,
2003-06-04,140.78536904980498,,
2003-06-05,140.7667060996742,,
2003-06-06,140.49559163056992,,
2003-06-09,141.06160077942903,,
2003-06-10,141.7976835867381,,
2003-06-11,141.94307398856344,,
2003-06-12,142.06147334960824,,
2003-06-13,142.56958721768524,,
2003-06-16,142.2975697026069,,
2003-06-17,141.59148808932528,,
2003-06-18,140.9067785640967,,
2003-06-19,140.93878652695543,,
2003-06-20,140.76981659136266,,
2003-06-23,141.1663541124212,,
2003-06-24,141.49315641659314,,
2003-06-25,141.2076935503453,,
2003-06-26,139.99580585314263,,
2003-06-27,139.64773179935926,,
2003-06-30,140.00834815833807,,
2003-07-01,139.90349448690432,,
2003-07-02,139.79292152430148,,
2003-07-03,139.4770561102599,,
2003-07-07,138.99763903647,,
2003-07-08,138.88475828971121,,
2003-07-09,138.99041466867746,,
2003-07-10,139.14242740764598,,
2003-07-11,139.3718010850599,,
2003-07-14,139.23935434219624,,
2003-07-15,138.02836969096762,,
2003-07-16,137.65340493484524,,
2003-07-17,137.4534304208094,,
2003-07-18,137.50038881146105,,
2003-07-21,136.579081241026,,
2003-07-22,136.27495542464735,,
2003-07-23,136.80193291973828,,
2003-07-24,136.29512345140157,,
2003-07-25,136.4655984636178,,
2003-07-28,135.66971394513695,,
2003-07-29,135.03718040952134,,
2003-07-30,135.2351481547259,,
2003-07-31,134.1164748697356,,
2003-08-01,133.82499169699398,,
2003-08-04,134.3804653094889,,
2003-08-05,133.96827499154648,,
2003-08-06,134.5865604684601,,
2003-08-07,135.0955773825112,,
2003-08-08,135.4642208168151,,
2003-08-11,134.86520032068165,,
2003-08-12,134.91677427964527,,
2003-08-13,133.60846134010015,,
2003-08-14,133.33072453385267,,
2003-08-15,133.72445257854747,,
2003-08-18,134.15239603181533,,
2003-08-19,134.61194609417566,,
2003-08-20,134.36180235935814,,
2003-08-21,133.95874283959796,,
2003-08-22,134.25875477987253,,
2003-08-25,133.91248681803725,,
2003-08-26,134.01794252012036,,
2003-08-27,133.8347245258256,,
2003-08-28,134.47809461313008,,
2003-08-29,134.33902553312322,,
2003-08-31,134.3588925445528,,
2003-09-02,133.8232859434874,,
2003-09-03,133.72796442400215,,
2003-09-04,134.21560925000026,,
2003-09-05,135.28100282252035,,
2003-09-08,135.42549017837166,,
2003-09-09,135.25270738199947,,
2003-09-10,135.92597832488985,,
2003-09-11,135.66208822357814,,
2003-09-12,136.31579317036363,,
2003-09-15,136.3460953797158,,
2003-09-16,136.1624760316548,,
2003-09-17,136.7084174922012,,
2003-09-18,136.65784691765325,,
2003-09-19,136.96678897922692,,
2003-09-22,136.3553265163396,,
2003-09-23,136.70440395453866,,
2003-09-24,137.01806192286583,,
2003-09-25,137.4784146927587,,
2003-09-26,137.8582960325177,,
2003-09-29,137.9588351509642,,
2003-09-30,138.63190541697145,,
2003-10-01,138.65528427385573,,
2003-10-02,138.17697092292303,,
2003-10-03,137.09100796988244,,
2003-10-06,137.28295540859315,,
2003-10-07,136.9095960675358,,
2003-10-08,136.8920368402622,,
2003-10-09,136.57697413375314,,
2003-10-10,136.99357934312434,,
2003-10-14,136.5416550023228,,
2003-10-15,136.15163947996592,,
2003-10-16,135.9941081267114,,
2003-10-17,136.11481527191216,,
2003-10-20,136.33957338101416,,
2003-10-21,136.5606189677783,,
2003-10-22,136.97361199325323,,
2003-10-23,136.84347303454553,,
2003-10-24,137.37326000600024,,
2003-10-27,137.24643221586413,,
2003-10-28,137.45814632756287,,
2003-10-29,137.4555375280822,,
2003-10-30,136.75527554441132,,
2003-10-31,137.14840155845667,,
2003-11-03,136.67259666856307,,
2003-11-04,137.09000458546677,,
2003-11-05,136.87407625922233,,
2003-11-06,136.32703107581875,,
2003-11-07,136.0541105147663,,
2003-11-10,136.11391222593807,,
2003-11-12,136.38843820205554,,
2003-11-13,137.1707770309253,,
2003-11-14,137.8086285039438,,
2003-11-17,138.22974894318537,,
2003-11-18,138.23687297253636,,
2003-11-19,138.0157270473306,,
2003-11-20,138.12951084006352,,
2003-11-21,138.44106170111786,,
2003-11-24,137.9539185673276,,
2003-11-25,138.0729199590218,,
2003-11-26,137.89391617927268,,
2003-11-28,137.3572058553501,,
2003-11-30,137.39252498678042,,
2003-12-01,136.86323970753352,,
2003-12-02,136.97692316182483,,
2003-12-03,137.03712622676287,,
2003-12-04,137.14599343585917,,
2003-12-05,138.19944673383324,,
2003-12-08,137.9002375010912,,
2003-12-09,137.67216822341757,,
2003-12-10,137.66654927069004,,
2003-12-11,137.95602567460043,,
2003-12-12,138.31583932604676,,
2003-12-15,138.1956338730538,,
2003-12-16,138.35527233358115,,
2003-12-17,138.72672524424885,,
2003-12-18,138.91797031386866,,
2003-12-19,138.93241904945378,,
2003-12-22,138.96191855127344,,
2003-12-23,138.43484071774094,,
2003-12-24,138.70414909489708,,
2003-12-26,139.00054885127534,,
2003-12-29,138.75913456087383,,
2003-12-30,138.48440790787328,,
2003-12-31,138.61123569800938,,
2004-01-02,137.90304697745498,,
2004-01-05,137.91920146654667,,
2004-01-06,138.58534838008603,,
2004-01-07,138.82114371776,,
2004-01-08,138.8562621723072,,
2004-01-09,139.89085184326734,,
2004-01-12,140.21233621003643,,
2004-01-13,140.27394401315638,,
2004-01-14,140.56311940174206,,
2004-01-15,140.66215344356513,,
2004-01-16,140.51686338018135,,
2004-01-20,140.38321257601888,,
2004-01-21,140.3618404879659,,
2004-01-22,140.8330298095476,,
2004-01-23,140.60134834797776,,
2004-01-26,139.97623985703777,,
2004-01-27,140.3111695749764,,
2004-01-28,139.85242222014855,,
2004-01-29,139.38695218973598,,
2004-01-30,139.82452813339395,,
2004-01-31,139.8336589315762,,
2004-02-02,139.86044929547364,,
2004-02-03,140.09664598691384,,
2004-02-04,140.00062209833771,,
2004-02-05,139.81429361235448,,
2004-02-06,140.22859103756971,,
2004-02-09,140.46007182225645,,
2004-02-10,140.22608257653062,,
2004-02-11,140.6491094461619,,
2004-02-12,140.68111740902063,,
2004-02-13,140.8050353843514,,
2004-02-17,140.9083839791617,,
2004-02-18,140.95905489215122,,
2004-02-19,140.8648370955232,,
2004-02-20,140.6793113170725,,
2004-02-23,140.90998939422673,,
2004-02-24,141.15531688384922,,
2004-02-25,141.18882992333138,,
2004-02-26,141.02959281657027,,
2004-02-27,141.38087770048372,,
2004-02-29,141.42031070801812,,
2004-03-01,141.50680244464579,,
2004-03-02,141.31585839035066,,
2004-03-03,140.98885540929552,,
2004-03-04,141.26277935476364,,
2004-03-05,142.683170333535,,
2004-03-08,143.0790054855026,,
2004-03-09,143.4104233579865,,
2004-03-10,143.32583805174855,,
2004-03-11,143.30045242603302,,
2004-03-12,143.2458683138225,,
2004-03-15,143.2135593356391,,
2004-03-16,143.57196824890357,,
2004-03-17,143.75257744371766,,
2004-03-18,143.3703883198027,,
2004-03-19,143.1525535631686,,
2004-03-22,143.53424099487572,,
2004-03-23,143.64411158838763,,
2004-03-24,143.65835964708964,,
2004-03-25,143.47795112915864,,
2004-03-26,142.9375282828982,,
2004-03-29,142.60611041041435,,
2004-03-30,142.6286865597661,,
2004-03-31,142.9400367439373,,
2004-04-01,142.5433988844372,,
2004-04-02,140.9824337490355,,
2004-04-05,140.63767086382367,,
2004-04-06,140.76821117629765,,
2004-04-07,140.86363303422442,,
2004-04-08,140.667471380968,,
2004-04-12,140.66867544226676,,
2004-04-13,139.96811244327117,,
2004-04-14,139.51829520974246,,
2004-04-15,139.40952833908776,,
2004-04-16,139.7907140785871,,
2004-04-19,139.7236879996227,,
2004-04-20,139.41605033778933,,
2004-04-21,139.15226057491918,,
2004-04-22,139.531038191821,,
2004-04-23,138.99814072867784,,
2004-04-26,139.11944990452798,,
2004-04-27,139.3142068196025,,
2004-04-28,138.98981263802804,,
2004-04-29,138.59166970190452,,
2004-04-30,138.73214352009327,,
2004-05-03,138.78391815593997,,
2004-05-04,138.56718712216306,,
2004-05-05,138.30420006682542,,
2004-05-06,137.95401890576915,,
2004-05-07,136.79781904363418,,
2004-05-10,136.71363509116247,,
2004-05-11,136.72396995064352,,
2004-05-12,136.5941320072605,,
2004-05-13,136.18083796646084,,
2004-05-14,136.64992018076973,,
2004-05-17,137.35138622573945,,
2004-05-18,137.16264961715868,,
2004-05-19,136.8454798033768,,
2004-05-20,137.3106488184647,,
2004-05-21,137.12351762494893,,
2004-05-24,137.2364987101493,,
2004-05-25,137.37275831379242,,
2004-05-26,137.73056519640747,,
2004-05-27,138.2414885408483,,
2004-05-28,137.93977084706717,,
2004-05-31,137.97970554680938,,
2004-06-01,137.5914961164006,,
2004-06-02,137.40336153846926,,
2004-06-03,137.512128409124,,
2004-06-04,137.17248278443188,,
2004-06-07,137.1715797384578,,
2004-06-08,137.20880530027785,,
2004-06-09,136.98926479013713,,
2004-06-10,137.01244297013827,,
2004-06-11,137.01244297013827,,
2004-06-14,136.63587279895086,,
2004-06-15,137.6225006948437,,
2004-06-16,137.42302787301568,,
2004-06-17,137.61979155692148,,
2004-06-18,137.7225381210824,,
2004-06-21,137.83802766732188,,
2004-06-22,137.7475223930317,,
2004-06-23,137.81063527277507,,
2004-06-24,138.24911426240712,,
2004-06-25,138.21038362396362,,
2004-06-28,137.7074873548479,,
2004-06-29,137.87926676680442,,
2004-06-30,138.49945867410776,,
2004-07-01,138.74980308580845,,
2004-07-02,139.62686140351406,,
2004-07-06,139.58933482636934,,
2004-07-07,139.627563772605,,
2004-07-08,139.6970983126084,,
2004-07-09,139.7604118692349,,
2004-07-12,139.95687453781608,,
2004-07-13,139.72198224611614,,
2004-07-14,139.7413475653379,,
2004-07-15,139.72007581572643,,
2004-07-16,140.5364293762862,,
2004-07-19,140.59081281161357,,
2004-07-20,140.19718510536038,,
2004-07-21,139.7248920609215,,
2004-07-22,139.95496810742637,,
2004-07-23,140.0726650993802,,
2004-07-26,139.85713812690204,,
2004-07-27,139.22410289907862,,
2004-07-28,139.16690998738744,,
2004-07-29,139.3066814364853,,
2004-07-30,139.9951034840517,,
2004-07-31,140.00915086587057,,
2004-08-02,140.20601488821796,,
2004-08-03,140.36414827212187,,
2004-08-04,140.44191056433348,,
2004-08-05,140.57947456771691,,
2004-08-06,141.87624858648218,,
2004-08-09,141.82437361219394,,
2004-08-10,141.64185798699012,,
2004-08-11,141.5531588046481,,
2004-08-12,141.69664277608373,,
2004-08-13,142.06227605714074,,
2004-08-16,141.85999375894895,,
2004-08-17,142.22943990078534,,
2004-08-18,142.17836763402957,,
2004-08-19,142.292251765204,,
2004-08-20,142.25663161844903,,
2004-08-23,141.91558125557506,,
2004-08-24,141.89852372050927,,
2004-08-25,142.1775649264971,,
2004-08-26,142.28894059663244,,
2004-08-27,142.42871204573024,,
2004-08-30,142.65838673846883,,
2004-08-31,143.12887369095958,,
2004-09-01,143.09174846758117,,
2004-09-02,142.8151153841909,,
2004-09-03,142.06799534830986,,
2004-09-07,142.42329376988582,,
2004-09-08,142.8995000135457,,
2004-09-09,143.00395233121318,,
2004-09-10,143.09646437433463,,
2004-09-13,143.2915223047339,,
2004-09-14,143.4361099990267,,
2004-09-15,143.20964613641814,,
2004-09-16,143.72438234163835,,
2004-09-17,143.54266942396706,,
2004-09-20,144.00292185541832,,
2004-09-21,144.0939288219163,,
2004-09-22,144.4484245359598,,
2004-09-23,144.37226765881317,,
2004-09-24,144.11760869412527,,
2004-09-27,144.46247191777866,,
2004-09-28,144.39925869959373,,
2004-09-29,143.90228239853025,,
2004-09-30,143.69779265462404,,
2004-10-01,143.43771541409174,,
2004-10-04,143.44594316629994,,
2004-10-05,143.56895809565663,,
2004-10-06,143.3065730709684,,
2004-10-07,143.06806859537218,,
2004-10-08,143.92937377775237,,
2004-10-12,144.1452017655552,,
2004-10-13,144.34457424894168,,
2004-10-14,144.72515795779162,,
2004-10-15,144.50722286271593,,
2004-10-18,144.58267737077162,,
2004-10-19,144.6265252697348,,
2004-10-20,144.96245837208906,,
2004-10-21,144.98704129027206,,
2004-10-22,144.93065108611344,,
2004-10-25,145.14015775209782,,
2004-10-26,145.05406736923644,,
2004-10-27,144.56481712817333,,
2004-10-28,144.53612033388617,,
2004-10-29,144.79870603545763,,
2004-10-31,144.8305133214332,,
2004-11-01,144.49999849492337,,
2004-11-02,144.52528378219736,,
2004-11-03,144.53190611934053,,
2004-11-04,144.6852232580494,,
2004-11-05,143.78047153047228,,
2004-11-08,143.65033257176455,,
2004-11-09,143.66648706085627,,
2004-11-10,143.46340205513195,,
2004-11-12,143.8231153681367,,
2004-11-15,143.8824153871007,,
2004-11-16,143.79502060449897,,
2004-11-17,144.22948605646846,,
2004-11-18,144.35330369335767,,
2004-11-19,143.890843816192,,
2004-11-22,144.0726570723049,,
2004-11-23,144.0869051310069,,
2004-11-24,143.9833558593135,,
2004-11-26,143.7502696595617,,
2004-11-29,143.20964613641814,,
2004-11-30,143.11733477017984,,
2004-12-01,143.03776638602002,,
2004-12-02,142.86769272757007,,
2004-12-03,143.76010282683492,,
2004-12-06,144.00723640840556,,
2004-12-07,144.04927821542063,,
2004-12-08,144.62040462479945,,
2004-12-09,144.60063795181145,,
2004-12-10,144.5854868471354,,
2004-12-13,144.6784002440231,,
2004-12-14,144.66334947778859,,
2004-12-15,145.12942153885055,,
2004-12-16,144.5823763554469,,
2004-12-17,144.38129811855387,,
2004-12-20,144.46207056401238,,
2004-12-21,144.57244284973214,,
2004-12-22,144.48926228167608,,
2004-12-23,144.44722047466104,,
2004-12-27,144.1874442494534,,
2004-12-28,144.1120900798393,,
2004-12-29,143.89776716865987,,
2004-12-30,144.16486810010161,,
2004-12-31,144.43397580037464,,
2005-01-03,144.455046873103,,
2005-01-04,144.16958400685513,,
2005-01-05,144.15573730191937,,
2005-01-06,144.24584122244332,,
2005-01-07,144.202695692571,,
2005-01-10,144.2173451050393,,
2005-01-11,144.40056309933405,,
2005-01-12,144.47922843751974,,
2005-01-13,144.85931045416189,,
2005-01-14,144.66565726194455,,
2005-01-18,144.78465865363873,,
2005-01-19,144.88439506455273,,
2005-01-20,145.06841576638,,
2005-01-21,145.23487724093366,,
2005-01-24,145.39772653159105,,
2005-01-25,145.04995349313234,,
2005-01-26,145.04393318663853,,
2005-01-27,144.94198933001013,,
2005-01-28,145.39200724042195,,
2005-01-31,145.42371418795597,,
2005-02-01,145.4650536258801,,
2005-02-02,145.40404785340954,,
2005-02-03,145.2882572918454,,
2005-02-04,145.95520691291725,,
2005-02-07,146.14554893656305,,
2005-02-08,146.27598891059543,,
2005-02-09,146.58964687892262,,
2005-02-10,146.15548244227782,,
2005-02-11,145.96052485032013,,
2005-02-14,146.0883560248719,,
2005-02-15,145.97166241733365,,
2005-02-16,145.60633015160133,,
2005-02-17,145.43916630795675,,
2005-02-18,144.94620354455577,,
2005-02-22,144.843657657278,,
2005-02-23,144.97610440014168,,
2005-02-24,144.87155174403264,,
2005-02-25,144.88770623312433,,
2005-02-28,144.47641896115599,,
2005-03-01,144.40216851439908,,
2005-03-02,144.35872196920212,,
2005-03-03,144.38159913387855,,
2005-03-04,144.83171738273194,,
2005-03-07,144.98774365936305,,
2005-03-08,144.54826128531536,,
2005-03-09,143.83324955073462,,
2005-03-10,143.9706128772349,,
2005-03-11,143.5413650242267,,
2005-03-14,143.61140125643797,,
2005-03-15,143.5142736450046,,
2005-03-16,143.6822401961817,,
2005-03-17,143.86044126839832,,
2005-03-18,143.6417034657901,,
2005-03-21,143.5222003818881,,
2005-03-22,143.14793799485665,,
2005-03-23,142.83658781068544,,
2005-03-24,142.9357221909501,,
2005-03-28,142.83116953484102,,
2005-03-29,142.97886772082234,,
2005-03-30,143.18626727953387,,
2005-03-31,143.56063000500689,,
2005-04-01,143.9479363894416,,
2005-04-04,144.0312172959392,,
2005-04-05,143.95706718762384,,
2005-04-06,144.22175999646808,,
2005-04-07,144.09984878996855,,
2005-04-08,143.89826886086772,,
2005-04-11,144.17690871308923,,
2005-04-12,144.64217806661873,,
2005-04-13,144.71602715960935,,
2005-04-14,144.85258777857715,,
2005-04-15,145.2914681219754,,
2005-04-18,145.57211474302824,,
2005-04-19,145.85296204096417,,
2005-04-20,145.74991446147857,,
2005-04-21,145.38578625704503,,
2005-04-22,145.5861621248471,,
2005-04-25,145.6571014030324,,
2005-04-26,145.53238072016913,,
2005-04-27,145.77439704122003,,
2005-04-28,146.11323995837958,,
2005-04-29,146.0093896713615,,
2005-04-30,146.03648105058363,,
2005-05-02,146.08424214876777,,
2005-05-03,146.129695462796,,
2005-05-04,146.0494247095453,,
2005-05-05,146.2857217394271,,
2005-05-06,145.5713120354957,,
2005-05-09,145.5316783510782,,
2005-05-10,145.9038336308368,,
2005-05-11,146.0970854692879,,
2005-05-12,146.14735502851119,,
2005-05-13,146.52432655346485,,
2005-05-16,146.58673706411727,,
2005-05-17,146.66760984801738,,
2005-05-18,146.97454514075977,,
2005-05-19,146.74175995633271,,
2005-05-20,146.64824452879563,,
2005-05-23,147.10368071505187,,
2005-05-24,147.32623137843945,,
2005-05-25,147.13799646206652,,
2005-05-26,147.12966837141678,,
2005-05-27,147.0926434864799,,
2005-05-31,147.74975994027855,,
2005-06-01,148.53631298369402,,
2005-06-02,148.64507985434872,,
2005-06-03,148.12633011146596,,
2005-06-06,148.22576550705529,,
2005-06-07,148.58979337304729,,
2005-06-08,148.41751226888294,,
2005-06-09,148.1982727740669,,
2005-06-10,147.65754891248181,,
2005-06-13,147.36195186363605,,
2005-06-14,147.1398025540147,,
2005-06-15,147.14120729219658,,
2005-06-16,147.44703886208183,,
2005-06-17,147.5188811862412,,
2005-06-20,147.3291411932448,,
2005-06-21,147.71092896339354,,
2005-06-22,148.43095762005242,,
2005-06-23,148.40356522550562,,
2005-06-24,148.67488037149303,,
2005-06-27,148.83552221643603,,
2005-06-28,148.43396777329934,,
2005-06-29,148.27764048134358,,
2005-06-30,148.60956004603528,,
2005-07-01,147.94632294730127,,
2005-07-05,147.56604025377598,,
2005-07-06,147.81016368209973,,
2005-07-07,147.99358235327762,,
2005-07-08,147.6374812241691,,
2005-07-11,147.72748480625148,,
2005-07-12,147.56282942364595,,
2005-07-13,147.49158913013596,,
2005-07-14,147.42416169740534,,
2005-07-15,147.48045156312241,,
2005-07-18,147.16408445687304,,
2005-07-19,147.40098351740417,,
2005-07-20,147.57978662027017,,
2005-07-21,146.882334112963,,
2005-07-22,147.2224814298629,,
2005-07-25,147.1665929179121,,
2005-07-26,147.18043962284787,,
2005-07-27,147.03906275868505,,
2005-07-28,147.49038506883718,,
2005-07-29,146.9479554537455,,
2005-07-31,146.98257221608483,,
2005-08-01,146.6743325236021,,
2005-08-02,146.58713841788352,,
2005-08-03,146.86557759322193,,
2005-08-04,146.73252881970888,,
2005-08-05,146.2577273142309,,
2005-08-08,146.13019715500383,,
2005-08-09,146.28451767812834,,
2005-08-10,146.31843207137675,,
2005-08-11,146.6934971659407,,
2005-08-12,147.24184674908466,,
2005-08-15,147.12655787972832,,
2005-08-16,147.48627119273308,,
2005-08-17,147.22107669168105,,
2005-08-18,147.54667493455426,,
2005-08-19,147.48707390026559,,
2005-08-22,147.5934326483228,,
2005-08-23,147.81799008054165,,
2005-08-24,147.85290785820573,,
2005-08-25,147.97923395613404,,
2005-08-26,147.783674333527,,
2005-08-29,147.93749316444368,,
2005-08-30,148.51313480369285,,
2005-08-31,149.0309815006015,,
2005-09-01,149.1889142076223,,
2005-09-02,149.1305172346324,,
2005-09-06,148.89582561981564,,
2005-09-07,148.5108270195369,,
2005-09-08,148.52577744732983,,
2005-09-09,148.61186783019124,,
2005-09-12,148.3476767135548,,
2005-09-13,148.62410912006197,,
2005-09-14,148.5157436031735,,
2005-09-15,148.26098430004404,,
2005-09-16,147.87417960781715,,
2005-09-19,148.04555766600745,,
2005-09-20,147.94491820911935,,
2005-09-21,148.3391479460219,,
2005-09-22,148.47440416524938,,
2005-09-23,148.0320119763964,,
2005-09-26,147.7401274498885,,
2005-09-27,147.66136177326118,,
2005-09-28,147.9590659293798,,
2005-09-29,147.77052999768216,,
2005-09-30,147.47162178026483,,
2005-10-03,147.19890189609555,,
2005-10-04,147.24305081038344,,
2005-10-05,147.38222022883184,,
2005-10-06,147.35181768103814,,
2005-10-07,147.44804224649747,,
2005-10-11,147.2773665573981,,
2005-10-12,146.95377508335616,,
2005-10-13,146.72901697425417,,
2005-10-14,146.64834486723717,,
2005-10-17,146.6784463997062,,
2005-10-18,146.81902055633654,,
2005-10-19,146.9117332763411,,
2005-10-20,146.9577886210187,,
2005-10-21,147.3957659184429,,
2005-10-24,147.06204026180308,,
2005-10-25,146.73513761918952,,
2005-10-26,146.20525030929323,,
2005-10-27,146.35766440202804,,
2005-10-28,146.29886607527186,,
2005-10-31,146.4389385396944,,
2005-11-01,146.26063712903624,,
2005-11-02,146.0630707375979,,
2005-11-03,145.80168909732527,,
2005-11-04,145.69512967238495,,
2005-11-07,145.83630585966466,,
2005-11-08,146.30699348903852,,
2005-11-09,145.904937353694,,
2005-11-10,146.35134308020955,,
2005-11-14,146.09086448591094,,
2005-11-15,146.43432297138247,,
2005-11-16,146.87952463659923,,
2005-11-17,147.15615771998952,,
2005-11-18,146.83146252309038,,
2005-11-21,147.12615652596207,,
2005-11-22,147.31920768753005,,
2005-11-23,147.06113721582898,,
2005-11-25,147.40188656337827,,
2005-11-28,147.64249814624728,,
2005-11-29,147.14451846076818,,
2005-11-30,147.04719017245168,,
2005-12-01,146.8895584807556,,
2005-12-02,146.90721804647075,,
2005-12-05,146.65697397321162,,
2005-12-06,147.18967075947168,,
2005-12-07,147.05300980206235,,
2005-12-08,147.4278742197432,,
2005-12-09,146.9767525864742,,
2005-12-12,146.9226701664715,,
2005-12-13,147.05160506388046,,
2005-12-14,147.59915193949192,,
2005-12-15,147.4601831979266,,
2005-12-16,147.6652749724822,,
2005-12-19,147.763907660539,,
2005-12-20,147.59594110936186,,
2005-12-21,147.460785228576,,
2005-12-22,147.87648739197311,,
2005-12-23,148.2542616244593,,
2005-12-27,148.54444039746062,,
2005-12-28,148.39503645797274,,
2005-12-29,148.382795168102,,
2005-12-30,148.34617163693136,,
2005-12-31,148.36272747978933,,
2006-01-03,148.46768148966464,,
2006-01-04,148.63564804084174,,
2006-01-05,148.65762215954413,,
2006-01-06,148.51494089564102,,
2006-01-09,148.60062992473613,,
2006-01-10,148.30232373796818,,
2006-01-11,148.1273334958816,,
2006-01-12,148.4157061769348,,
2006-01-13,148.8671288255285,,
2006-01-17,149.00659925930162,,
2006-01-18,149.01251922735386,,
2006-01-19,148.80863151409704,,
2006-01-20,148.8913103899453,,
2006-01-23,148.9869329247552,,
2006-01-24,148.8416428613714,,
2006-01-25,148.3189799192677,,
2006-01-26,147.99829826003108,,
2006-01-27,148.13104601821948,,
2006-01-30,148.01264665717463,,
2006-01-31,148.0779669826324,,
2006-02-01,147.8045447293722,,
2006-02-02,147.90719095509152,,
2006-02-03,148.1100752839327,,
2006-02-06,148.10987460704956,,
2006-02-07,147.9905722000307,,
2006-02-08,147.82531478677578,,
2006-02-09,147.956256453016,,
2006-02-10,147.7594927691102,,
2006-02-13,147.77996181118914,,
2006-02-14,147.6485184527411,,
2006-02-15,147.70671474884784,,
2006-02-16,147.7716337205394,,
2006-02-17,148.1604451815975,,
2006-02-21,148.0804754436715,,
2006-02-22,148.3334286548528,,
2006-02-23,148.1149918675693,,
2006-02-24,148.10024211665947,,
2006-02-27,148.0267943774351,,
2006-02-28,148.36072071095805,,
2006-03-01,148.183322346274,,
2006-03-02,147.88120329872658,,
2006-03-03,147.5909241872837,,
2006-03-06,147.33375676155674,,
2006-03-07,147.36757081636358,,
2006-03-08,147.38242090571498,,
2006-03-09,147.4601831979266,,
2006-03-10,147.3069663976593,,
2006-03-13,147.22870241323986,,
2006-03-14,147.80895962080095,,
2006-03-15,147.60176073897256,,
2006-03-16,148.21773843173023,,
2006-03-17,148.06763212315138,,
2006-03-20,148.2153303091327,,
2006-03-21,147.7989257766446,,
2006-03-22,147.89264188106483,,
2006-03-23,147.69959071949688,,
2006-03-24,148.08579338107435,,
2006-03-27,148.0358248371758,,
2006-03-28,147.56854871481505,,
2006-03-29,147.2849922789569,,
2006-03-30,146.97795664777294,,
2006-03-31,147.0570233397249,,
2006-04-03,147.02070082387894,,
2006-04-04,147.05210675608825,,
2006-04-05,147.2743564041512,,
2006-04-06,146.92547964283528,,
2006-04-07,146.49743585112586,,
2006-04-10,146.60349358385835,,
2006-04-11,146.81972292542747,,
2006-04-12,146.53195227502366,,
2006-04-13,146.15076653552433,,
2006-04-17,146.48970979112545,,
2006-04-18,146.74767992438495,,
2006-04-19,146.4539893059289,,
2006-04-20,146.45569505943547,,
2006-04-21,146.5932590628189,,
2006-04-24,146.89698352543127,,
2006-04-25,146.38575916566577,,
2006-04-26,146.20675538591672,,
2006-04-27,146.46813702618934,,
2006-04-28,146.60299189165053,,
2006-04-30,146.6436289604837,,
2006-05-01,146.30889991942823,,
2006-05-02,146.44455749242195,,
2006-05-03,146.25572054539964,,
2006-05-04,146.22882984306065,,
2006-05-05,146.4893084373592,,
2006-05-08,146.52834009112738,,
2006-05-09,146.5016500656715,,
2006-05-10,146.54559830307628,,
2006-05-11,146.38606018099048,,
2006-05-12,146.08103131863777,,
2006-05-15,146.39368590254932,,
2006-05-16,146.7045343945127,,
2006-05-17,146.3810432589123,,
2006-05-18,146.9155461371205,,
2006-05-19,147.04568509582822,,
2006-05-22,147.18184436102973,,
2006-05-23,147.04638746491915,,
2006-05-24,147.20100900336837,,
2006-05-25,147.02882823764557,,
2006-05-26,147.14632455271632,,
2006-05-30,146.9975226438778,,
2006-05-31,146.8042708054267,,
2006-06-01,146.84229907477925,,
2006-06-02,147.64370220754606,,
2006-06-05,147.5023253433832,,
2006-06-06,147.5755724057245,,
2006-06-07,147.47714039455082,,
2006-06-08,147.69627955092528,,
2006-06-09,147.7652120602793,,
2006-06-12,147.8069528519697,,
2006-06-13,147.9451188860025,,
2006-06-14,147.3549281727266,,
2006-06-15,147.07478324388163,,
2006-06-16,146.93471077945912,,
2006-06-19,146.82393713997314,,
2006-06-20,146.7116584238637,,
2006-06-21,146.74155927944958,,
2006-06-22,146.45308625995483,,
2006-06-23,146.3056890892982,,
2006-06-26,146.28251090929706,,
2006-06-27,146.51027917164598,,
2006-06-28,146.3078965350126,,
2006-06-29,146.5742950973634,,
2006-06-30,147.05311014050392,,
2006-07-03,147.03404583660685,,
2006-07-05,146.56456226853177,,
2006-07-06,146.82504086283032,,
2006-07-07,147.21124352440782,,
2006-07-10,147.29863830700953,,
2006-07-11,147.5103524187083,,
2006-07-12,147.55028711845054,,
2006-07-13,147.76762018287687,,
2006-07-14,147.8751829922328,,
2006-07-17,147.8789958530122,,
2006-07-18,147.47041771896608,,
2006-07-19,148.00552262782364,,
2006-07-20,148.250649440563,,
2006-07-21,148.18894129900153,,
2006-07-24,148.21211947900267,,
2006-07-25,148.0774652904246,,
2006-07-26,148.35108822056796,,
2006-07-27,148.3512888974511,,
2006-07-28,148.78916585643373,,
2006-07-31,148.89783238864692,,
2006-08-01,148.98271871020953,,
2006-08-02,149.1226908361905,,
2006-08-03,149.16212384372486,,
2006-08-04,149.6104360006301,,
2006-08-07,149.5157165117943,,
2006-08-08,149.58073582192736,,
2006-08-09,149.54110213750982,,
2006-08-10,149.48862513257214,,
2006-08-11,149.2783157590553,,
2006-08-14,149.16282621281582,,
2006-08-15,149.65920048322994,,
2006-08-16,150.1063085788364,,
2006-08-17,150.1074123016936,,
2006-08-18,150.36297431235556,,
2006-08-21,150.54057335392278,,
2006-08-22,150.6290718593817,,
2006-08-23,150.62857016717385,,
2006-08-24,150.69108101626784,,
2006-08-25,150.82021659055997,,
2006-08-28,150.86767667341945,,
2006-08-29,150.91543777160362,,
2006-08-30,151.13297151291306,,
2006-08-31,151.37849967941867,,
2006-09-01,151.4529508030587,,
2006-09-05,151.2080246672025,,
2006-09-06,151.00192950823129,,
2006-09-07,151.14641686408254,,
2006-09-08,151.31468443058438,,
2006-09-11,151.19227153187703,,
2006-09-12,151.3397690409752,,
2006-09-13,151.51124743760704,,
2006-09-14,151.36374992850884,,
2006-09-15,151.3177949222728,,
2006-09-18,151.2539796734385,,
2006-09-19,151.81196174697254,,
2006-09-20,151.88671388593727,,
2006-09-21,152.4571379262252,,
2006-09-22,152.83802265039978,,
2006-09-25,153.18790279613134,,
2006-09-26,152.9917411428749,,
2006-09-27,152.94749189014547,,
2006-09-28,152.79989404260573,,
2006-09-29,152.72915544130353,,
2006-09-30,152.7500258371487,,
2006-10-02,152.99113911222554,,
2006-10-03,152.98431609819923,,
2006-10-04,153.3878773101672,,
2006-10-05,153.10171207482838,,
2006-10-06,152.54102086337215,,
2006-10-10,152.26358507244936,,
2006-10-11,152.09591953659694,,
2006-10-12,152.02297348958035,,
2006-10-13,151.8758773342484,,
2006-10-16,152.06150345114068,,
2006-10-17,152.2030809921866,,
2006-10-18,152.26398642621564,,
2006-10-19,152.15542023244404,,
2006-10-20,152.1773943511464,,
2006-10-23,151.95303759581066,,
2006-10-24,151.98655063529282,,
2006-10-25,152.33823687297252,,
2006-10-26,152.79497745896907,,
2006-10-27,153.1332183454793,,
2006-10-30,153.2055623618465,,
2006-10-31,153.69441124914334,,
2006-11-01,154.04469274864115,,
2006-11-02,153.87311401356777,,
2006-11-03,153.07913592547663,,
2006-11-06,153.15418907976604,,
2006-11-07,153.5560445382274,,
2006-11-08,153.75933022083487,,
2006-11-09,153.79555239823927,,
2006-11-10,154.06315502188883,,
2006-11-13,153.99873774240513,,
2006-11-14,154.2740664260551,,
2006-11-15,153.93672858551895,,
2006-11-16,153.64534575121885,,
2006-11-17,154.0670682211098,,
2006-11-20,154.25149027670332,,
2006-11-21,154.36818388424155,,
2006-11-22,154.5135742860669,,
2006-11-24,154.69488584997194,,
2006-11-27,154.81178013439333,,
2006-11-28,155.06031845414583,,
2006-11-29,155.0151661554423,,
2006-11-30,155.43438016429417,,
2006-12-01,155.75425911599828,,
2006-12-04,155.82509805574202,,
2006-12-05,155.82178688717045,,
2006-12-06,155.58579087261333,,
2006-12-07,155.5595022009237,,
2006-12-08,155.10085518453744,,
2006-12-11,155.33444307649702,,
2006-12-12,155.5400365432604,,
2006-12-13,155.03964873518376,,
2006-12-14,154.88061230530582,,
2006-12-15,154.9524546294652,,
2006-12-18,154.99128560635023,,
2006-12-19,154.98135210063543,,
2006-12-20,154.99901166635058,,
2006-12-21,155.28146437935155,,
2006-12-22,154.93318964868502,,
2006-12-26,155.12764554843488,,
2006-12-27,154.77304949594983,,
2006-12-28,154.51738714684632,,
2006-12-29,154.4390228239853,,
2006-12-31,154.47865650840285,,
2007-01-02,154.59715620788924,,
2007-01-03,154.80636185854888,,
2007-01-04,155.19186215103545,,
2007-01-05,154.98195413128485,,
2007-01-08,155.0176746164814,,
2007-01-09,155.08048648090008,,
2007-01-10,154.9170351595933,,
2007-01-11,154.61210663568215,,
2007-01-12,154.40209827748998,,
2007-01-16,154.59565113126575,,
2007-01-17,154.453571898012,,
2007-01-18,154.5987616229542,,
2007-01-19,154.474943986065,,
2007-01-22,154.65264336607376,,
2007-01-23,154.43039371801086,,
2007-01-24,154.39888744735993,,
2007-01-25,154.0679712670839,,
2007-01-26,154.0007445112364,,
2007-01-29,153.95699695071477,,
2007-01-30,154.08111560292866,,
2007-01-31,154.43009270268615,,
2007-02-01,154.4097239990488,,
2007-02-02,154.50424281100152,,
2007-02-05,154.70682612451802,,
2007-02-06,154.96489659621906,,
2007-02-07,155.17761409233344,,
2007-02-08,155.25658044584384,,
2007-02-09,154.97533179414162,,
2007-02-12,154.89415799491687,,
2007-02-13,154.80856930426324,,
2007-02-14,155.38049842117462,,
2007-02-15,155.58980441027586,,
2007-02-16,155.71482610846385,,
2007-02-20,155.8190777492482,,
2007-02-21,155.80553205963716,,
2007-02-22,155.58990474871743,,
2007-02-23,155.8119537198972,,
2007-02-26,156.27320953576412,,
2007-02-27,156.99032837761771,,
2007-02-28,157.02444344774926,,
2007-03-01,157.08474685112884,,
2007-03-02,157.35867079659693,,
2007-03-05,157.4275029675094,,
2007-03-06,157.3752266394549,,
2007-03-07,157.5243295636181,,
2007-03-08,157.53917965296947,,
2007-03-09,157.03267119995743,,
2007-03-12,157.24458598853934,,
2007-03-13,157.61734329894733,,
2007-03-14,157.60088779453093,,
2007-03-15,157.45068114751055,,
2007-03-16,157.38706657555937,,
2007-03-19,157.28733016464537,,
2007-03-20,157.42158299945717,,
2007-03-21,157.6023928711544,,
2007-03-22,157.3301746791929,,
2007-03-23,157.1569905290545,,
2007-03-26,157.35375421296033,,
2007-03-27,157.27518921321618,,
2007-03-28,157.3043876997111,,
2007-03-29,157.18378089295192,,
2007-03-30,157.0731075919075,,
2007-03-31,157.09217189580454,,
2007-04-02,157.1004999864543,,
2007-04-03,157.02103194073612,,
2007-04-04,157.07360928411532,,
2007-04-05,156.99323819242304,,
2007-04-09,156.61556429837842,,
2007-04-10,156.6614189661729,,
2007-04-11,156.6663355498095,,
2007-04-12,156.6706501027967,,
2007-04-13,156.51863736382822,,
2007-04-16,156.69382828279788,,
2007-04-17,157.1055169085325,,
2007-04-18,157.34161326153117,,
2007-04-19,157.37342054750673,,
2007-04-20,157.35786808906443,,
2007-04-23,157.51489775011112,,
2007-04-24,157.75069308778512,,
2007-04-25,157.6582813831052,,
2007-04-26,157.41857284621025,,
2007-04-27,157.3160269589325,,
2007-04-30,157.68908528466517,,
2007-05-01,157.79163117194298,,
2007-05-02,157.80036061635897,,
2007-05-03,157.62306259011643,,
2007-05-04,157.81139784493095,,
2007-05-07,157.87330666337556,,
2007-05-08,157.9403327423399,,
2007-05-09,157.76112828570768,,
2007-05-10,157.80317009272275,,
2007-05-11,157.77437295999405,,
2007-05-14,157.72159493973172,,
2007-05-15,157.6386150485588,,
2007-05-16,157.6311900038831,,
2007-05-17,157.39649838906632,,
2007-05-18,157.13742453294967,,
2007-05-21,157.12939745762458,,
2007-05-22,156.99333853086458,,
2007-05-23,156.81042155189454,,
2007-05-24,156.74490054955362,,
2007-05-25,156.74510122643676,,
2007-05-29,156.69884520487605,,
2007-05-30,156.71148784851303,,
2007-05-31,156.61305583733935,,
2007-06-01,156.30230768381753,,
2007-06-04,156.34013527628693,,
2007-06-05,156.17046297160323,,
2007-06-06,156.15200069835555,,
2007-06-07,155.57284721365164,,
2007-06-08,155.26561090558454,,
2007-06-11,155.26581158246765,,
2007-06-12,154.6996017567254,,
2007-06-13,154.73191073490887,,
2007-06-14,154.76722986633916,,
2007-06-15,155.00011538920782,,
2007-06-18,155.19707974999673,,
2007-06-19,155.61418665157578,,
2007-06-20,155.54565549598794,,
2007-06-21,155.34999553493932,,
2007-06-22,155.42414564325472,,
2007-06-25,155.84486472873002,,
2007-06-26,155.8363359611971,,
2007-06-27,155.94911636951437,,
2007-06-28,155.81807436483257,,
2007-06-29,156.14738513004363,,
2007-06-30,156.1694595871876,,
2007-07-02,156.52887188486767,,
2007-07-03,156.33130549342934,,
2007-07-05,155.82208790249513,,
2007-07-06,155.52508611546745,,
2007-07-09,155.66766704092905,,
2007-07-10,156.40836541655,,
2007-07-11,156.2454157874511,,
2007-07-12,155.97279624172333,,
2007-07-13,156.00430251237424,,
2007-07-16,156.35127284330045,,
2007-07-17,156.32207435680553,,
2007-07-18,156.66322505812104,,
2007-07-19,156.61546395993687,,
2007-07-20,157.00578049761847,,
2007-07-23,156.94597878644666,,
2007-07-24,157.1092294308703,,
2007-07-25,157.27248007529394,,
2007-07-26,158.1215439678034,,
2007-07-27,157.95528317013287,,
2007-07-30,157.8749120784406,,
2007-07-31,157.97093596701674,,
2007-08-01,158.09997120286727,,
2007-08-02,157.969731905718,,
2007-08-03,158.42988399872772,,
2007-08-06,158.4277768914549,,
2007-08-07,158.30285553170847,,
2007-08-08,157.69339983765238,,
2007-08-09,157.87059752545335,,
2007-08-10,158.140708610142,,
2007-08-13,158.04759453637118,,
2007-08-14,158.33707094028156,,
2007-08-15,158.47423358989872,,
2007-08-16,159.06221685746021,,
2007-08-17,158.85411492965773,,
2007-08-20,159.07616390083754,,
2007-08-21,159.34266280162993,,
2007-08-22,159.14369167200968,,
2007-08-23,159.08669943720167,,
2007-08-24,159.01435542083448,,
2007-08-27,159.33874960240894,,
2007-08-28,159.8217788600951,,
2007-08-29,159.74170878372752,,
2007-08-30,159.98372510477842,,
2007-08-31,159.9165986873725,,
2007-09-04,159.8625162673698,,
2007-09-05,160.4321376001252,,
2007-09-06,160.26407071050656,,
2007-09-07,160.98921662768518,,
2007-09-10,161.48248040641082,,
2007-09-11,161.39448359315972,,
2007-09-12,161.00326400950405,,
2007-09-13,160.6382327590964,,
2007-09-14,160.61124171831588,,
2007-09-17,160.5902709840291,,
2007-09-18,160.70425545364515,,
2007-09-19,160.57602292532712,,
2007-09-20,159.95663372555632,,
2007-09-21,159.99375894893478,,
2007-09-24,160.03409500244325,,
2007-09-25,160.04222241620988,,
2007-09-26,160.09730822062818,,
2007-09-27,160.71178083676241,,
2007-09-28,160.83519711988538,,
2007-09-30,160.8808511107967,,
2007-10-01,160.9767746609313,,
2007-10-02,161.20012803185142,,
2007-10-03,161.114740018081,,
2007-10-04,161.37250947445736,,
2007-10-05,160.6750569671502,,
2007-10-09,160.69000739494314,,
2007-10-10,160.75512704351777,,
2007-10-11,160.76506054923257,,
2007-10-12,160.65057438740874,,
2007-10-15,160.71398828247678,,
2007-10-16,160.89038326274525,,
2007-10-17,161.55392137680394,,
2007-10-18,161.94132809968022,,
2007-10-19,162.61259227373932,,
2007-10-22,162.74895221582398,,
2007-10-23,162.7850740547868,,
2007-10-24,163.26629722052482,,
2007-10-25,163.34215308234675,,
2007-10-26,163.15181105870099,,
2007-10-29,163.18131056052064,,
2007-10-30,163.099635069088,,
2007-10-31,162.69306370387315,,
2007-11-01,163.237299410913,,
2007-11-02,163.8112352966556,,
2007-11-20,165.61632386038107,,
2007-11-21,166.10928662378203,,
2007-11-23,166.17440627235666,,
2007-11-26,166.80473236225788,,
2007-11-27,166.86684185758565,,
2007-11-28,166.211330818852,,
2007-11-29,166.423446284317,,
2007-11-30,166.41481717834253,,
2007-12-03,166.9524305482392,,
2007-12-04,166.98082632720164,,
2007-12-05,166.74784046589144,,
2007-12-06,166.3121709526232,,
2007-12-10,164.9764656185313,,
2007-12-11,165.78138059675283,,
2007-12-12,165.7661291536352,,
2007-12-13,165.1420240471109,,
2007-12-14,164.54731810396467,,
2007-12-17,164.6869892146209,,
2007-12-18,165.1929959754251,,
2007-12-19,165.6990027362293,,
2007-12-20,166.19999257495533,,
2007-12-21,165.71987313207447,,
2007-12-24,165.09637005619956,,
2007-12-26,164.86157810294122,,
2007-12-27,165.09988190165427,,
2007-12-28,165.98316120273685,,
2007-12-31,166.44792886405847,,
2008-01-02,167.609747678921,,
2008-01-03,167.6494315325593,,
2008-01-04,168.1756163539619,,
2008-01-07,168.35040591916533,,
2008-01-08,167.89990638423401,,
2008-01-09,167.89495969906497,,
2008-01-10,167.34846637708992,,
2008-01-11,167.54471833494378,,
2008-01-14,167.91994397101425,,
2008-01-15,168.30349769773446,,
2008-01-16,168.3026849563578,,
2008-01-17,168.6981287884033,,
2008-01-18,168.94380746257127,,
2008-01-22,169.98062464693407,,
2008-01-23,170.6013985171985,,
2008-01-24,168.9921705914048,,
2008-01-25,169.02954666088718,,
2008-01-28,169.24361872596268,,
2008-01-29,168.8510847087225,,
2008-01-30,168.43591433906568,,
2008-01-31,168.93547937192147,,
2008-02-01,169.26488044172996,,
2008-02-04,169.23293268193618,,
2008-02-05,169.8384651429271,,
2008-02-06,169.77127852245627,,
2008-02-07,169.16904719619276,,
2008-02-08,169.45052662631056,,
2008-02-11,169.761635998222,,
2008-02-12,169.3945076743857,,
2008-02-13,169.23791950248187,,
2008-02-14,168.6056669145026,,
2008-02-15,168.4694173447037,,
2008-02-19,167.78111570326712,,
2008-02-20,167.4176898679245,,
2008-02-21,168.0970413203736,,
2008-02-22,168.4033846163108,,
2008-02-25,167.63182213606493,,
2008-02-26,167.67031196224866,,
2008-02-27,167.924549505482,,
2008-02-28,168.66798712055765,,
2008-02-29,169.91497320461917,,
2008-03-03,170.0450619941061,,
2008-03-04,169.77600446305388,,
2008-03-05,168.66098349733653,,
2008-03-06,168.80881212329186,,
2008-03-07,169.10943612805994,,
2008-03-10,169.7638233762481,,
2008-03-11,168.5867129828913,,
2008-03-12,169.21182147383124,,
2008-03-13,168.9743605180273,,
2008-03-14,169.74707689035117,,
2008-03-17,170.73558111510124,,
2008-03-18,169.92435484890535,,
2008-03-19,170.20996822281555,,
2008-03-20,170.66906676218886,,
2008-03-24,169.78232578487237,,
2008-03-25,169.5889836418239,,
2008-03-26,169.75306709531247,,
2008-03-27,169.39814995981445,,
2008-03-28,169.69394768554332,,
2008-03-31,170.14735703528,,
2008-04-01,169.44935266654426,,
2008-04-02,169.1262227493335,,
2008-04-03,169.19765368588247,,
2008-04-04,170.00084284290912,,
2008-04-07,169.77539239856034,,
2008-04-08,169.81791583009488,,
2008-04-09,170.48944088410207,,
2008-04-10,170.2476453076226,,
2008-04-11,170.47297534584152,,
2008-04-14,170.33599330541918,,
2008-04-15,169.7364209478571,,
2008-04-16,168.72891262227492,,
2008-04-17,168.00638553842109,,
2008-04-18,167.81316380150247,,
2008-04-21,168.25964979877125,,
2008-04-22,168.36105182781523,,
2008-04-23,168.18822889606642,,
2008-04-24,167.85179410150437,,
2008-04-25,167.290260047139,,
2008-04-28,167.55785263694443,,
2008-04-29,167.87091860846635,,
2008-04-30,168.31462523090386,,
2008-05-01,168.52109164210884,,
2008-05-02,168.00404765273265,,
2008-05-05,168.0637690931512,,
2008-05-06,167.9567180098472,,
2008-05-07,167.91198713259826,,
2008-05-08,168.54668797855166,,
2008-05-09,168.9746213979754,,
2008-05-12,169.0398614526799,,
2008-05-13,168.29443713646128,,
2008-05-14,167.62421648219444,,
2008-05-15,167.9167331408842,,
2008-05-16,168.40240129958352,,
2008-05-19,168.46367798584626,,
2008-05-20,168.8272342611629,,
2008-05-21,168.69304162941603,,
2008-05-22,167.83129495789296,,
2008-05-23,168.12364104123208,,
2008-05-27,168.0756692323206,,
2008-05-28,167.3720760123898,,
2008-05-29,166.4729031021636,,
2008-05-30,166.9160478293283,,
2008-05-31,166.93760052657615,,
2008-06-02,167.428696994964,,
2008-06-03,167.88448436576573,,
2008-06-04,167.7998990595278,,
2008-06-05,167.33275337714107,,
2008-06-06,167.7889822370857,,
2008-06-09,167.53862779154088,,
2008-06-10,166.5433808235177,,
2008-06-11,166.57487706032447,,
2008-06-12,165.7356764366207,,
2008-06-13,165.378341144681,,
2008-06-16,165.34345346854943,,
2008-06-17,165.6112567690821,,
2008-06-18,166.13851521180942,,
2008-06-19,165.95074185226767,,
2008-06-20,166.15422821175827,,
2008-06-23,165.996134963231,,
2008-06-24,166.28688566534922,,
2008-06-25,166.30094308101226,,
2008-06-26,166.71434749409758,,
2008-06-27,166.9802142627081,,
2008-06-30,167.07770309253112,,
2008-07-01,167.08442576811584,,
2008-07-02,167.25247259004624,,
2008-07-03,167.23927808498064,,
2008-07-07,167.4798997016938,,
2008-07-08,167.96029005836687,,
2008-07-09,168.32334464147573,,
2008-07-10,168.6580034456221,,
2008-07-11,167.75015126020065,,
2008-07-14,167.95181146005476,,
2008-07-15,168.25190367108257,,
2008-07-16,167.64514708110457,,
2008-07-17,166.86548728862454,,
2008-07-18,166.57061267655803,,
2008-07-21,166.33877067348166,,
2008-07-22,166.2003638271891,,
2008-07-23,166.0026268604001,,
2008-07-24,166.5707531503762,,
2008-07-25,166.37291584514566,,
2008-07-28,166.90930508605527,,
2008-07-29,166.87332372091063,,
2008-07-30,166.8594469144424,,
2008-07-31,167.0758167298297,,
2008-08-01,167.23350862459074,,
2008-08-04,167.22555178617475,,
2008-08-05,167.13802656359903,,
2008-08-06,166.87349429626127,,
2008-08-07,167.45872829052394,,
2008-08-08,167.79703941394325,,
2008-08-11,167.58999103977717,,
2008-08-12,168.0103388730187,,
2008-08-13,168.12953090775184,,
2008-08-14,168.11995862042667,,
2008-08-15,168.50610107893925,,
2008-08-18,168.77274045354983,,
2008-08-19,168.8742528548795,,
2008-08-20,168.99349505883345,,
2008-08-21,168.8026212414474,,
2008-08-22,168.48408682486024,,
2008-08-25,168.87410234721716,,
2008-08-26,168.98095275363804,,
2008-08-27,168.9638350155073,,
2008-08-28,169.01488721457474,,
2008-08-29,168.7956176182263,,
2008-08-31,168.8412515414493,,
2008-09-02,169.22377178222146,,
2008-09-03,169.57828756395324,,
2008-09-04,169.86418188549982,,
2008-09-05,169.873372886747,,
2008-09-08,169.72779184188266,,
2008-09-09,170.3224777173406,,
2008-09-10,170.05927995127564,,
2008-09-11,170.14059422431862,,
2008-09-12,169.50147848693643,,
2008-09-15,170.2837270112088,,
2008-09-16,167.91300055085804,,
2008-09-17,167.2119860288754,,
2008-09-18,166.79562163176396,,
2008-09-19,165.8366871457426,,
2008-09-22,165.34796869841975,,
2008-09-23,165.40609475761744,,
2008-09-24,164.29857910732903,,
2008-09-25,163.73642295462597,,
2008-09-26,163.8313531541891,,
2008-09-29,163.0844337951912,,
2008-09-30,159.69930575832282,,
2008-10-01,158.76683051934174,,
2008-10-02,160.22391526619288,,
2008-10-03,160.6334365815897,,
2008-10-06,161.40109589645874,,
2008-10-07,161.44954932988972,,
2008-10-08,160.10617813886236,,
2008-10-09,159.38679164822946,,
2008-10-10,158.58495706016393,,
2008-10-14,158.57423088076078,,
2008-10-15,159.54224599574366,,
2008-10-16,159.67518439697096,,
2008-10-17,158.8033336443825,,
2008-10-20,159.06990278208394,,
2008-10-21,159.50469935091064,,
2008-10-22,159.63759761676135,,
2008-10-23,159.90143754885227,,
2008-10-24,159.45639642514203,,
2008-10-27,158.52517541668044,,
2008-10-28,157.72129392440704,,
2008-10-29,157.00112479392993,,
2008-10-30,156.8601392496892,,
2008-10-31,156.88768215189833,,
2008-11-03,157.27308210594336,,
2008-11-04,158.8782964940745,,
2008-11-05,159.80281489463962,,
2008-11-06,160.14045375050043,,
2008-11-07,160.05927995127564,,
2008-11-10,160.48772509675135,,
2008-11-13,161.13079416873114,,
2008-11-14,161.2728734019849,,
2008-11-17,161.98798547500718,,
2008-11-18,162.3293368532059,,
2008-11-19,163.46055244339155,,
2008-11-20,164.566081392537,,
2008-11-21,163.91970115198566,,
2008-11-24,162.50252100334427,,
2008-11-25,164.0119121797824,,
2008-11-26,164.14756975277612,,
2008-11-28,164.90081043359254,,
2008-11-30,164.9506786390495,,
2008-12-01,166.29290597184303,,
2008-12-02,166.94079128901785,,
2008-12-03,166.95855119317457,,
2008-12-04,167.5581737199574,,
2008-12-05,167.5703146713866,,
2008-12-08,167.32619124306285,,
2008-12-09,167.73075583944643,,
2008-12-10,168.02384442725312,,
2008-12-11,168.60380061948953,,
2008-12-12,168.69260014027313,,
2008-12-15,169.1049911350987,,
2008-12-17,171.12871716299077,,
2008-12-18,172.75169145527866,,
2008-12-19,172.9236715441183,,
2008-12-22,172.92848778931335,,
2008-12-23,173.02982961529239,,
2008-12-24,172.88002432203822,,
2008-12-26,173.1512391295841,,
2008-12-29,173.44573245557265,,
2008-12-30,173.98916545507998,,
2008-12-31,174.0047179135223,,
2009-01-02,172.61212068306398,,
2009-01-05,172.28782683993109,,
2009-01-06,172.3584651027917,,
2009-01-07,171.61475657392384,,
2009-01-08,171.58505639522107,,
2009-01-09,171.59549159314366,,
2009-01-12,172.14053000771602,,
2009-01-13,171.97687800952616,,
2009-01-14,172.79162615502088,,
2009-01-15,172.22220549914863,,
2009-01-16,171.6699427167837,,
2009-01-20,171.21400483831965,,
2009-01-21,170.66214340972098,,
2009-01-22,169.66849182291872,,
2009-01-23,169.05421988366763,,
2009-01-26,168.77046277092634,,
2009-01-27,169.5171814530411,,
2009-01-28,169.14562820393184,,
2009-01-29,168.51409805273187,,
2009-01-30,168.12679166829716,,
2009-01-31,168.1497691714152,,
2009-02-02,168.0778265088142,,
2009-02-03,167.545631414762,,
2009-02-04,166.95825017784992,,
2009-02-05,166.97079248304533,,
2009-02-06,166.79329377991968,,
2009-02-09,166.6386722414705,,
2009-02-10,167.5645953802175,,
2009-02-11,168.64704648780338,,
2009-02-12,168.99803035639212,,
2009-02-13,168.3470345475288,,
2009-02-17,169.59147021015787,,
2009-02-18,169.39948446108727,,
2009-02-20,168.61734630910058,,
2009-02-23,168.38586552441384,,
2009-02-24,167.40846876514482,,
2009-02-25,165.94964816325466,,
2009-02-26,165.39588030426629,,
2009-02-27,165.03536428372902,,
2009-02-28,165.0609505863277,,
2009-03-02,165.05372621853513,,
2009-03-03,164.75592172397495,,
2009-03-04,163.24372107117304,,
2009-03-05,161.2196940279563,,
2009-03-06,159.54042986995134,,
2009-03-09,158.27084756884972,,
2009-03-10,158.07980317611305,,
2009-03-11,156.95791906099274,,
2009-03-12,157.76373708518832,,
2009-03-13,157.69279780700302,,
2009-03-16,157.7226986625889,,
2009-03-17,158.5252055182129,,
2009-03-18,160.33290288141905,,
2009-03-19,162.23722616385066,,
2009-03-20,162.47603165477153,,
2009-03-23,162.5945313542579,,
2009-03-24,163.01705653168136,,
2009-03-25,162.65172426594904,,
2009-03-27,163.6166790584642,,
2009-03-30,163.9072591852318,,
2009-03-31,164.29135473953647,,
2009-04-01,164.7372137001406,,
2009-04-02,164.38246204447603,,
2009-04-03,163.68591258314297,,
2009-04-06,163.64096096132255,,
2009-04-07,163.89672364886763,,
2009-04-08,164.1668347335563,,
2009-04-09,164.11447800182816,,
2009-04-13,164.78913374813246,,
2009-04-14,165.1716238873721,,
2009-04-15,165.21406704815342,,
2009-04-16,165.13028444944797,,
2009-04-17,164.57039594552424,,
2009-04-20,165.04409372814504,,
2009-04-22,164.99773736814277,,
2009-04-23,165.0315514229496,,
2009-04-24,164.6288932569557,,
2009-04-27,165.20353151178927,,
2009-04-28,164.85826693436962,,
2009-04-29,164.35276186577323,,
2009-04-30,164.3794518912291,,
2009-05-01,163.9229119821157,,
2009-05-04,164.3463402055132,,
2009-05-05,164.29536827719897,,
2009-05-06,164.27650465018507,,
2009-05-07,163.68260141457137,,
2009-05-08,163.446204046248,,
2009-05-11,163.84344393639745,,
2009-05-12,163.96686021952044,,
2009-05-13,164.5060790044821,,
2009-05-14,164.493235683962,,
2009-05-15,164.77689245826173,,
2009-05-18,164.607220153578,,
2009-05-19,164.5104938959109,,
2009-05-20,164.65608497461938,,
2009-05-21,164.23044930550748,,
2009-05-22,163.86702347016487,,
2009-05-26,163.53099002936906,,
2009-05-27,162.90106529323407,,
2009-05-28,163.0574929236314,,
2009-05-29,164.20235454186974,,
2009-05-31,164.23406148940376,,
2009-06-01,162.97662013973132,,
2009-06-02,163.1937525272745,,
2009-06-03,163.91006866159557,,
2009-06-04,163.2740232805252,,
2009-06-05,161.61422478018355,,
2009-06-08,161.37491759705486,,
2009-06-09,161.51187956978887,,
2009-06-10,161.10420448171683,,
2009-06-11,161.88443620331378,,
2009-06-12,162.60185606049205,,
2009-06-15,162.90688492284477,,
2009-06-16,163.68942442859768,,
2009-06-17,163.77601650366685,,
2009-06-18,162.90999541453323,,
2009-06-19,163.09823033090615,,
2009-06-22,163.5914941096318,,
2009-06-23,163.9773957558846,,
2009-06-24,164.22743915226056,,
2009-06-25,165.28711343361158,,
2009-06-26,165.79773576272768,,
2009-06-30,165.78047755077878,,
2009-07-01,165.71907042454197,,
2009-07-02,165.86737064117267,,
2009-07-06,166.64810405497747,,
2009-07-07,166.92353307706895,,
2009-07-08,167.7824301368516,,
2009-07-09,167.77871761451374,,
2009-07-10,167.89771900620792,,
2009-07-13,168.0372897784226,,
2009-07-14,167.37636046384455,,
2009-07-15,166.72516397809812,,
2009-07-16,166.8096489458945,,
2009-07-17,166.45976880016295,,
2009-07-20,166.80764217706323,,
2009-07-21,167.1950488999395,,
2009-07-22,167.45472478670558,,
2009-07-23,166.3069533536619,,
2009-07-24,166.43087132899268,,
2009-07-27,166.19236685339652,,
2009-07-28,166.54365173730994,,
2009-07-29,166.5687363477008,,
2009-07-30,166.34859380691069,,
2009-07-31,167.45974170878372,,
2009-08-03,167.41790057865177,,
2009-08-04,167.06470926434866,,
2009-08-05,167.54874190645046,,
2009-08-06,167.10103178019457,,
2009-08-07,166.60917273965083,,
2009-08-10,167.25876381033225,,
2009-08-11,167.57493023969852,,
2009-08-12,167.51442615943577,,
2009-08-13,168.16936978770593,,
2009-08-14,168.7967514426159,,
2009-08-17,168.66761586832385,,
2009-08-18,168.90421391353033,,
2009-08-19,169.48808330498773,,
2009-08-20,169.48146096784453,,
2009-08-21,168.92107077171298,,
2009-08-24,169.33556887381135,,
2009-08-25,169.02903493483518,,
2009-08-26,169.4388171301801,,
2009-08-27,169.8102700408478,,
2009-08-28,169.73712331694807,,
2009-08-31,170.28697797671546,,
2009-09-01,170.59862917621135,,
2009-09-02,171.099016984288,,
2009-09-03,171.12028873389946,,
2009-09-04,170.52106756088284,,
2009-09-08,170.2904898221702,,
2009-09-09,170.09784001436847,,
2009-09-10,171.02847905986894,,
2009-09-11,171.43826125521383,,
2009-09-14,171.13714559208208,,
2009-09-15,170.59341157725007,,
2009-09-16,170.58327739465219,,
2009-09-17,170.9502150754495,,
2009-09-18,170.64919975075932,,
2009-09-21,170.73318302634786,,
2009-09-22,170.87044601440658,,
2009-09-23,171.20407133260485,,
2009-09-24,171.46645635729317,,
2009-09-25,171.78081669471126,,
2009-09-28,171.97366717939607,,
2009-09-29,171.8333940380905,,
2009-09-30,171.94647546173243,,
2009-10-01,172.93260166541745,,
2009-10-02,172.8132992583986,,
2009-10-05,172.98357359373168,,
2009-10-06,172.69680632774347,,
2009-10-07,173.04638545815035,,
2009-10-08,172.9982230061999,,
2009-10-09,171.89719540068853,,
2009-10-13,171.91045396121118,,
2009-10-14,171.66392241028993,,
2009-10-15,171.1661434016939,,
2009-10-16,171.17878604533092,,
2009-10-19,171.3991292630041,,
2009-10-20,171.75563174587884,,
2009-10-21,171.57060765963595,,
2009-10-22,171.45090389885084,,
2009-10-23,171.2430026479315,,
2009-10-26,170.6996699868657,,
2009-10-27,170.89944382401842,,
2009-10-28,171.8810547978331,,
2009-10-29,171.7094760627597,,
2009-10-30,172.1184555505721,,
2009-10-31,172.12949277914404,,
2009-11-02,172.17002950953565,,
2009-11-03,171.9462747848493,,
2009-11-04,171.56559073755778,,
2009-11-05,171.32247069364968,,
2009-11-06,171.6760633617191,,
2009-11-09,171.84362855912997,,
2009-11-10,171.94777986147272,,
2009-11-12,172.09417364771375,,
2009-11-13,172.45769982149793,,
2009-11-16,173.01839103295416,,
2009-11-17,173.35482582751624,,
2009-11-18,173.649720507271,,
2009-11-19,173.6489177997385,,
2009-11-20,173.70591003454652,,
2009-11-23,173.61349832986664,,
2009-11-24,173.88049892286682,,
2009-11-25,174.12873622729467,,
2009-11-27,174.72956281537626,,
2009-11-30,175.07613179253622,,
2009-12-01,174.80973323018543,,
2009-12-02,174.41530281639973,,
2009-12-03,174.13264942651563,,
2009-12-04,173.50131995219877,,
2009-12-07,173.39175037401156,,
2009-12-08,173.88461279897095,,
2009-12-09,173.8986601807898,,
2009-12-10,173.44603347089733,,
2009-12-11,173.22338246906818,,
2009-12-14,173.0958523098411,,
2009-12-15,172.8179148267105,,
2009-12-16,172.7405538882651,,
2009-12-17,173.61400002207446,,
2009-12-18,173.70025152539415,,
2009-12-21,173.33917303063234,,
2009-12-22,172.53917463604736,,
2009-12-23,172.54007768202146,,
2009-12-24,172.34090587551813,,
2009-12-28,172.03126144485347,,
2009-12-29,171.71880753782509,,
2009-12-30,171.85045157315625,,
2009-12-31,171.72462716743576,,
2010-01-04,171.71208486224035,,
2010-01-05,172.08052761966113,,
2010-01-06,172.05965722381592,,
2010-01-07,172.04139562745138,,
2010-01-08,172.20795744044665,,
2010-01-11,172.27016727421594,,
2010-01-12,172.68095285397646,,
2010-01-13,172.36669285499994,,
2010-01-14,172.57599884410115,,
2010-01-15,172.9911993152905,,
2010-01-19,173.0941465563345,,
2010-01-20,173.28047504231773,,
2010-01-21,173.7364129207818,,
2010-01-22,173.74614574961345,,
2010-01-25,173.61339799142507,,
2010-01-26,173.74032612000278,,
2010-01-27,173.62925146519208,,
2010-01-28,173.49259050778275,,
2010-01-29,173.690859268312,,
2010-01-31,173.71785030909257,,
2010-02-01,173.83022936364355,,
2010-02-02,173.81959348883785,,
2010-02-03,173.54283914712227,,
2010-02-04,173.82862394857855,,
2010-02-05,174.19857178262276,,
2010-02-08,174.3271053262655,,
2010-02-09,174.01495243456176,,
2010-02-10,173.7142381251963,,
2010-02-11,173.24505557244584,,
2010-02-12,173.48917900076958,,
2010-02-16,173.55148917298047,,
2010-02-17,173.52510016284927,,
2010-02-18,172.97785430256255,,
2010-02-19,172.78319772592957,,
2010-02-22,173.02270558594137,,
2010-02-23,173.62513758908798,,
2010-02-24,173.82932631766948,,
2010-02-25,174.0922130345656,,
2010-02-26,174.54463906757493,,
2010-02-28,174.58296835225215,,
2010-03-01,174.66805535069793,,
2010-03-02,174.76417957771565,,
2010-03-03,174.94097591175034,,
2010-03-04,174.9171957010998,,
2010-03-05,174.70568226628419,,
2010-03-08,174.55577663458848,,
2010-03-09,174.71932829433678,,
2010-03-10,174.58497512108343,,
2010-03-11,174.36292614990364,,
2010-03-12,174.4991857535467,,
2010-03-15,174.6740756571917,,
2010-03-16,174.9611439385046,,
2010-03-17,175.38637825385024,,
2010-03-18,175.3146362681324,,
2010-03-19,175.212692411504,,
2010-03-22,175.5133063824279,,
2010-03-23,175.5292601946365,,
2010-03-24,175.02024328058542,,
2010-03-25,174.047763104953,,
2010-03-26,174.06321522495375,,
2010-03-29,173.9339793122201,,
2010-03-30,174.04846547404395,,
2010-03-31,174.18442406236235,,
2010-04-01,174.1798084940504,,
2010-04-02,174.05940236417433,,
2010-04-05,173.5606199711627,,
2010-04-06,173.3901449589465,,
2010-04-07,173.65513878311546,,
2010-04-08,174.19315350677837,,
2010-04-09,174.0852896820977,,
2010-04-12,174.44670874860907,,
2010-04-13,174.74401155096137,,
2010-04-14,174.6560147377103,,
2010-04-15,174.70819072732326,,
2010-04-16,175.09850726500486,,
2010-04-19,175.23225840760887,,
2010-04-20,175.04703364448284,,
2010-04-21,175.30881663852173,,
2010-04-22,175.41206489489048,,
2010-04-23,174.95020704837415,,
2010-04-26,174.9698733829206,,
2010-04-27,175.71338123490534,,
2010-04-28,175.21028428890648,,
2010-04-29,175.4752781130754,,
2010-04-30,175.95640094037185,,
2010-05-03,176.06225799622126,,
2010-05-04,176.37701968740564,,
2010-05-05,176.85663743807862,,
2010-05-06,177.33304435862166,,
2010-05-07,177.39575588459874,,
2010-05-10,177.0571136443223,,
2010-05-11,177.07286677964774,,
2010-05-12,177.0088508539303,,
2010-05-13,176.91393068821134,,
2010-05-14,177.6047608583753,,
2010-05-17,178.01865692982432,,
2010-05-18,178.37094519815335,,
2010-05-19,178.7301568189503,,
2010-05-20,178.91668598181667,,
2010-05-21,179.2334544418323,,
2010-05-24,179.17907100650496,,
2010-05-25,179.1237845252035,,
2010-05-26,178.85537919402142,,
2010-05-27,178.02668400514935,,
2010-05-28,178.22465175035396,,
2010-05-31,178.2700047259406,,
2010-06-01,178.34254941919093,,
2010-06-02,178.3399406197103,,
2010-06-03,177.95985860306814,,
2010-06-04,178.80490895791502,,
2010-06-07,179.27981080183457,,
2010-06-08,179.6209615031501,,
2010-06-09,179.49754522002715,,
2010-06-10,178.91397684389446,,
2010-06-11,179.00638854857434,,
2010-06-14,179.0856559174094,,
2010-06-15,179.03016875922486,,
2010-06-16,178.94718886805194,,
2010-06-17,179.55614286990019,,
2010-06-18,179.70454342497243,,
2010-06-21,179.62106184159168,,
2010-06-22,179.89438375641035,,
2010-06-23,180.44925533825594,,
2010-06-24,180.50705028059645,,
2010-06-25,180.53945959722142,,
2010-06-28,181.0052306429587,,
2010-06-29,181.5623096705187,,
2010-06-30,181.9738979578117,,
2010-07-01,182.2657624166313,,
2010-07-02,182.0495330750622,,
2010-07-06,182.0899995685447,,
2010-07-07,182.44768604502988,,
2010-07-08,182.0558242953482,,
2010-07-09,181.95422158942108,,
2010-07-12,181.7633879074117,,
2010-07-13,181.48333328316411,,
2010-07-14,181.72640315785142,,
2010-07-15,182.4236650221196,,
2010-07-16,182.90165729003928,,
2010-07-19,182.85557184382924,,
2010-07-20,182.99062738617354,,
2010-07-21,183.6036852302817,,
2010-07-22,183.6569649427519,,
2010-07-23,183.1318336749857,,
2010-07-26,183.02737132347409,,
2010-07-27,182.9224775166637,,
2010-07-28,182.92049081552076,,
2010-07-29,183.2009869289112,,
2010-07-30,183.69414033535114,,
2010-07-31,183.70172592153332,,
2010-08-02,183.8564176968916,,
2010-08-03,184.0123034997045,,
2010-08-04,183.92627331990806,,
2010-08-05,184.0628841080966,,
2010-08-06,184.54102688367863,,
2010-08-09,184.8421425468104,,
2010-08-10,184.9282329296718,,
2010-08-11,185.53671534084467,,
2010-08-12,185.58950339495118,,
2010-08-13,185.76552712298582,,
2010-08-16,186.77325619313947,,
2010-08-17,186.7142070202794,,
2010-08-18,186.64967936851,,
2010-08-19,187.10634971759748,,
2010-08-20,187.1847943112117,,
2010-08-23,187.17959677993872,,
2010-08-24,187.65887337991046,,
2010-08-25,187.7487164204863,,
2010-08-26,187.629002625857,,
2010-08-27,187.0857502355445,,
2010-08-30,187.30440776739943,,
2010-08-31,187.81394644134664,,
2010-09-01,187.2840791991387,,
2010-09-02,186.78950098682856,,
2010-09-03,186.2079494133713,,
2010-09-07,186.6052996758065,,
2010-09-08,186.74873347802136,,
2010-09-09,186.17824923466856,,
2010-09-10,185.38681974299308,,
2010-09-13,185.67174078165652,,
2010-09-14,186.19097214905878,,
2010-09-15,186.25588108690613,,
2010-09-16,185.8515272012498,,
2010-09-17,185.83967723130118,,
2010-09-20,186.25244951220466,,
2010-09-21,186.9551898553822,,
2010-09-22,187.4714712726025,,
2010-09-23,187.5646355155941,,
2010-09-24,187.2245283340708,,
2010-09-27,187.5191621338776,,
2010-09-28,188.07656224445054,,
2010-09-29,188.1768304491048,,
2010-09-30,187.8157926686714,,
2010-10-01,187.65115735375423,,
2010-10-04,187.87756101329788,,
2010-10-05,188.04725338566985,,
2010-10-06,188.5003215847052,,
2010-10-07,188.57235455190354,,
2010-10-08,188.6537490956998,,
2010-10-12,188.41004708883062,,
2010-10-13,188.0293931430716,,
2010-10-14,187.70510933378284,,
2010-10-15,187.14225081198884,,
2010-10-18,187.33478021366068,,
2010-10-19,187.59522870642678,,
2010-10-20,187.78539012087774,,
2010-10-21,187.59896129645296,,
2010-10-22,187.31587645127013,,
2010-10-25,187.3937290480792,,
2010-10-26,187.04122003517864,,
2010-10-27,186.3513029448329,,
2010-10-28,186.3762169798731,,
2010-10-29,186.7616871708272,,
2010-10-31,186.79056457430914,,
2010-11-01,187.02151356525562,,
2010-11-02,187.28950750882726,,
2010-11-03,187.32400386503676,,
2010-11-04,187.5045127214093,,
2010-11-05,187.60162026515437,,
2010-11-08,187.33527187202435,,
2010-11-09,186.84846988893537,,
2010-11-10,186.32935892766304,,
2010-11-12,185.9821076491004,,
2010-11-15,184.99665371297385,,
2010-11-16,184.50926976692384,,
2010-11-17,185.03750149253432,,
2010-11-18,184.90298777777443,,
2010-11-19,184.7806852513528,,
2010-11-22,185.24350634690813,,
2010-11-23,185.70571537796988,,
2010-11-24,185.3675146268363,,
2010-11-26,185.03184240443014,,
2010-11-29,185.34844028909512,,
2010-11-30,185.69706620430713,,
2010-12-01,185.20688281573746,,
2010-12-02,184.4606056227656,,
2010-12-03,184.30542218904364,,
2010-12-06,184.7621627750402,,
2010-12-07,184.11139774459252,,
2010-12-08,182.8468725009457,,
2010-12-09,182.70959947904282,,
2010-12-10,182.75803284478548,,
2010-12-13,182.7469253793044,,
2010-12-14,182.4317523005096,,
2010-12-15,181.4977920525934,,
2010-12-16,181.24985576349025,,
2010-12-17,181.8390430923505,,
2010-12-20,182.8054026230475,,
2010-12-21,182.72362679317337,,
2010-12-22,182.703258089536,,
2010-12-23,182.50057443757794,,
2010-12-27,182.27581632847597,,
2010-12-28,182.3113361367894,,
2010-12-29,182.25655134769576,,
2010-12-30,182.86389993447898,,
2010-12-31,183.07551370773618,,
2011-01-03,183.2483466733291,,
2011-01-04,183.38246906816693,,
2011-01-05,182.708776703822,,
2011-01-06,182.44192661848416,,
2011-01-07,182.93998657471653,,
2011-01-10,183.38778700556978,,
2011-01-11,183.31813205943646,,
2011-01-12,183.0736975819439,,
2011-01-13,183.10658852308836,,
2011-01-14,183.39665692380402,,
2011-01-18,183.11525776443946,,
2011-01-19,183.18564518119615,,
2011-01-20,182.93023367819657,,
2011-01-21,182.66584188467704,,
2011-01-24,182.89540620512992,,
2011-01-25,183.17517988174112,,
2011-01-26,183.11233791578996,,
2011-01-27,183.03592015869526,,
2011-01-28,183.30287058247467,,
2011-01-31,183.48987133601636,,
2011-02-01,183.08979186797066,,
2011-02-02,182.74910272348632,,
2011-02-03,182.37040537733776,,
2011-02-04,181.78043540863334,,
2011-02-07,181.5106153054252,,
2011-02-08,181.39280794118562,,
2011-02-09,181.24416657385362,,
2011-02-10,181.1923919380069,,
2011-02-11,181.1632034853561,,
2011-02-14,181.51802028241258,,
2011-02-15,181.70266308257752,,
2011-02-16,181.75892284676212,,
2011-02-17,182.0292145406456,,
2011-02-18,182.04131535669814,,
2011-02-22,182.46786410562828,,
2011-02-23,182.8547089332318,,
2011-02-24,183.10439111121815,,
2011-02-25,183.25776845299197,,
2011-02-28,183.5329365951354,,
2011-03-01,183.66748041142773,,
2011-03-02,183.54910111807126,,
2011-03-03,182.8005863778525,,
2011-03-04,182.80133891616424,,
2011-03-07,183.02485282859084,,
2011-03-08,182.74494871200557,,
2011-03-09,182.80997805598284,,
2011-03-10,183.5123471469266,,
2011-03-11,183.92331333588194,,
2011-03-14,184.18240725968693,,
2011-03-15,184.64983388970998,,
2011-03-16,185.05590356271705,,
2011-03-17,185.19987919251633,,
2011-03-18,184.97929516258338,,
2011-03-21,184.70942489015448,,
2011-03-22,184.52248433967773,,
2011-03-23,184.57313518497892,,
2011-03-24,184.32388446229132,,
2011-03-25,183.98223206876796,,
2011-03-28,183.6266727672439,,
2011-03-29,183.5523922189545,,
2011-03-30,183.45584657048224,,
2011-03-31,183.7436071870419,,
2011-04-01,183.74878465062656,,
2011-04-04,183.88002733219147,,
2011-04-05,183.88159261187985,,
2011-04-06,183.6566438597389,,
2011-04-07,183.34417991886633,,
2011-04-08,183.12424808880354,,
2011-04-11,183.06987468732035,,
2011-04-12,183.5194611424334,,
2011-04-13,183.83245687704627,,
2011-04-14,184.00381486754824,,
2011-04-15,184.37117396980014,,
2011-04-18,184.92655727769767,,
2011-04-19,185.18113597163233,,
2011-04-20,185.04614063235292,,
2011-04-21,185.01727326271515,,
2011-04-25,185.14738211989038,,
2011-04-26,185.52903945006508,,
2011-04-27,185.54148141681893,,
2011-04-28,185.70598629176212,,
2011-04-29,185.95003948317677,,
2011-04-30,185.9686422302426,,
2011-05-02,186.15219134139454,,
2011-05-03,186.36651425257392,,
2011-05-04,186.64605715076956,,
2011-05-05,186.96402967208394,,
2011-05-06,187.18989150404315,,
2011-05-09,187.31280609495832,,
2011-05-10,187.07089011234893,,
2011-05-11,187.06567251338763,,
2011-05-12,187.148552066119,,
2011-05-13,187.22159845157717,,
2011-05-16,187.47485267808318,,
2011-05-17,187.82653891576288,,
2011-05-18,187.81560202563244,,
2011-05-19,187.4517748365236,,
2011-05-20,187.5403736804241,,
2011-05-23,187.7303143503036,,
2011-05-24,187.81991657861968,,
2011-05-25,187.80687258121642,,
2011-05-26,188.02149650772054,,
2011-05-27,188.26050267552452,,
2011-05-31,188.39746464825856,,
2011-06-01,188.93758647919432,,
2011-06-02,188.86704855477524,,
2011-06-03,188.5980411929438,,
2011-06-06,188.58991377917715,,
2011-06-07,188.51997788540746,,
2011-06-08,188.83142840802026,,
2011-06-09,188.89273519581548,,
2011-06-10,188.91882319062196,,
2011-06-13,188.94240272438938,,
2011-06-14,188.32983653864486,,
2011-06-15,188.47984250878213,,
2011-06-16,189.3082366823295,,
2011-06-17,189.2572647540153,,
2011-06-20,189.20308199557104,,
2011-06-21,189.04304218127743,,
2011-06-22,189.0366205210174,,
2011-06-23,189.38890878934646,,
2011-06-24,189.75293665533846,,
2011-06-27,189.53590460623684,,
2011-06-28,188.6420897687901,,
2011-06-29,187.8946687175844,,
2011-06-30,187.57930499575068,,
2011-07-01,187.39137109470244,,
2011-07-05,187.68185088302843,,
2011-07-06,188.04607942590357,,
2011-07-07,187.98778279135524,,
2011-07-08,188.61660380463303,,
2011-07-11,189.51944910182044,,
2011-07-12,190.05876822522367,,
2011-07-13,190.12709870392837,,
2011-07-14,190.05886856366524,,
2011-07-15,189.84143516079737,,
2011-07-18,189.93796074158135,,
2011-07-19,190.06438717795123,,
2011-07-20,190.2417855426353,,
2011-07-21,189.66463882676268,,
2011-07-22,189.62360040416323,,
2011-07-25,189.6494877220866,,
2011-07-26,189.80581501404237,,
2011-07-27,190.03418530704067,,
2011-07-28,190.15930734367018,,
2011-07-29,191.10971306215868,,
2011-07-31,191.13891154865362,,
2011-08-01,192.24745065104597,,
2011-08-02,193.07092824095676,,
2011-08-03,193.87403712723014,,
2011-08-04,194.42017926465968,,
2011-08-05,194.42188501816625,,
2011-08-08,194.59316273791498,,
2011-08-09,195.55821786887168,,
2011-08-10,196.87566160659907,,
2011-08-11,196.08539604084578,,
2011-08-12,195.84508547330145,,
2011-08-15,195.94090868499447,,
2011-08-16,195.99860328889343,,
2011-08-17,196.6598336187962,,
2011-08-18,197.53267772195616,,
2011-08-19,197.86820947054414,,
2011-08-22,197.84061639911423,,
2011-08-23,197.34805498947952,,
2011-08-24,196.52367435359469,,
2011-08-25,195.6327693309533,,
2011-08-26,196.2744336647512,,
2011-08-29,196.2873773237129,,
2011-08-30,196.37376872189895,,
2011-08-31,196.62812667126218,,
2011-09-01,196.79281215540016,,
2011-09-02,197.8795978836616,,
2011-09-06,198.5519557467337,,
2011-09-07,198.25341878155015,,
2011-09-08,198.4008059183626,,
2011-09-09,198.69047296531198,,
2011-09-12,198.69728594549417,,
2011-09-13,198.21370482637937,,
2011-09-14,197.92732888031327,,
2011-09-15,197.71876539567964,,
2011-09-16,197.55839446452885,,
2011-09-19,198.02182762457772,,
2011-09-20,198.49167241104243,,
2011-09-21,198.7467527971849,,
2011-09-22,199.88738013318923,,
2011-09-23,200.1118572946549,,
2011-09-26,199.08628804959127,,
2011-09-27,198.3374321586712,,
2011-09-28,197.87549404140162,,
2011-09-29,197.95505239171726,,
2011-09-30,198.73838457115852,,
2011-10-03,199.93467967454222,,
2011-10-04,200.0854181153029,,
2011-10-05,199.76346215785847,,
2011-10-06,198.99735808883366,,
2011-10-07,198.28462403687638,,
2011-10-11,197.67887083131401,,
2011-10-12,197.07961955676498,,
2011-10-13,197.09945646666205,,
2011-10-14,197.216902612512,,
2011-10-17,197.71710981139384,,
2011-10-18,198.0823818740612,,
2011-10-19,198.42431521522096,,
2011-10-20,198.474123217613,,
2011-10-21,198.29425652726647,,
2011-10-24,198.3754202926471,,
2011-10-25,198.79835685768097,,
2011-10-26,199.28862051700386,,
2011-10-27,198.50524820218598,,
2011-10-28,197.79896591202123,,
2011-10-31,199.1099378202678,,
2011-11-01,200.35465625554997,,
2011-11-02,201.07319990327372,,
2011-11-03,200.7670472503755,,
2011-11-04,200.67761559741007,,
2011-11-07,200.920725607474,,
2011-11-08,200.44268317033357,,
2011-11-09,200.30460744089817,,
2011-11-10,200.12043623140855,,
2011-11-11,200.13916941844846,,
2011-11-14,199.8392176812388,,
2011-11-15,199.78455329827509,,
2011-11-16,199.745270798403,,
2011-11-17,199.85735887147348,,
2011-11-18,199.84384328339488,,
2011-11-21,199.7414077684028,,
2011-11-22,199.83163209505662,,
2011-11-23,200.21171411169877,,
2011-11-25,200.32757491017202,,
2011-11-28,199.86216508282436,,
2011-11-29,199.44229887410233,,
2011-11-30,199.0894988797213,,
2011-12-01,197.9366101861579,,
2011-12-02,198.25005744375778,,
2011-12-05,198.70790175261155,,
2011-12-06,198.49776295444534,,
2011-12-07,198.4668185790672,,
2011-12-08,198.8543055726967,,
2011-12-09,198.58936191774856,,
2011-12-12,198.61110525803537,,
2011-12-13,198.7743960378356,,
2011-12-14,199.2786769774449,,
2011-12-15,199.74599323518228,,
2011-12-16,200.07447119132834,,
2011-12-19,200.66738107637062,,
2011-12-20,200.35867982705668,,
2011-12-21,199.8423683083039,,
2011-12-22,199.56449102823822,,
2011-12-23,199.40910691763318,,
2011-12-27,199.12177775637224,,
2011-12-28,199.45756035106413,,
2011-12-29,200.24278892705095,,
2011-12-30,200.60563279943247,,
2011-12-31,200.61680046797852,,
2012-01-03,200.27420489310447,,
2012-01-04,199.82365518895233,,
2012-01-05,199.5704812331996,,
2012-01-06,199.67988023603615,,
2012-01-09,199.97971156711588,,
2012-01-10,199.82839116339412,,
2012-01-11,200.13222599829223,,
2012-01-12,200.34643853718595,,
2012-01-13,200.58507345275615,,
2012-01-17,201.07778537005322,,
2012-01-18,201.04049960516824,,
2012-01-19,200.4270805426704,,
2012-01-20,199.48562501316943,,
2012-01-23,199.01308112262663,,
2012-01-24,198.8657040196583,,
2012-01-25,199.22657122474104,,
2012-01-26,199.6988542353358,,
2012-01-27,199.9196289083077,,
2012-01-30,200.6086228849911,,
2012-01-31,201.697365212863,,
2012-02-01,201.8400063413895,,
2012-02-02,201.4760186107741,,
2012-02-03,201.3487292638068,,
2012-02-06,200.73576172429605,,
2012-02-07,200.78359305938932,,
2012-02-08,200.53228539864963,,
2012-02-09,200.14212940247455,,
2012-02-10,200.35947250074503,,
2012-02-13,200.49719704563495,,
2012-02-14,200.80673110401386,,
2012-02-15,201.0598448567017,,
2012-02-16,200.7052488042166,,
2012-02-17,200.25284283889562,,
2012-02-21,200.14454755891623,,
2012-02-22,200.1973155453344,,
2012-02-23,200.5192414012464,,
2012-02-24,200.90734045936944,,
2012-02-27,201.5648683007785,,
2012-02-28,201.7846696908673,,
2012-02-29,201.63898830756136,,
2012-03-01,201.3295445537799,,
2012-03-02,201.27035490710165,,
2012-03-05,201.33305639923464,,
2012-03-06,201.38305504466567,,
2012-03-07,201.40140694562763,,
2012-03-08,200.71157012603513,,
2012-03-09,200.7561504956217,,
2012-03-12,200.61912831982278,,
2012-03-13,199.9716443564142,,
2012-03-14,198.70386814726072,,
2012-03-15,198.2375051047182,,
2012-03-16,198.1366850386353,,
2012-03-19,197.95480154561335,,
2012-03-20,197.48880975530463,,
2012-03-21,197.89615372651954,,
2012-03-22,198.54979847024012,,
2012-03-23,199.04549043925158,,
2012-03-26,199.1320624466325,,
2012-03-27,199.409417966802,,
2012-03-28,199.66992666263306,,
2012-03-29,199.79879132313292,,
2012-03-30,199.78109162204115,,
2012-03-31,199.7933730472885,,
2012-04-02,199.53811205195123,,
2012-04-03,199.0600094117458,,
2012-04-04,198.4771634723924,,
2012-04-05,199.00344863223654,,
2012-04-06,199.29147012874424,,
2012-04-09,200.21851705803675,,
2012-04-10,200.830872533054,,
2012-04-11,200.69778362416432,,
2012-04-12,200.370961252304,,
2012-04-13,200.79946660084465,,
2012-04-16,201.32171815533795,,
2012-04-17,201.17636788888925,,
2012-04-18,201.38262358936694,,
2012-04-19,201.57306595145425,,
2012-04-20,201.51117720069794,,
2012-04-23,201.81137978401148,,
2012-04-24,201.69075290956394,,
2012-04-25,201.28711142684273,,
2012-04-26,201.43384636378508,,
2012-04-27,201.6878731962911,,
2012-04-30,201.86248215229972,,
2012-05-01,201.80489792068647,,
2012-05-02,201.76268553832077,,
2012-05-03,202.23758738224032,,
2012-05-04,202.40790185295,,
2012-05-07,202.56023567493156,,
2012-05-08,202.98135611417308,,
2012-05-09,203.18825398067682,,
2012-05-10,202.8936603162467,,
2012-05-11,203.01988607573347,,
2012-05-14,203.77663860200457,,
2012-05-15,203.79018429161562,,
2012-05-16,203.71272301472868,,
2012-05-17,204.26970170384706,,
2012-05-18,204.30371643553707,,
2012-05-21,204.4538227441159,,
2012-05-22,204.05256931630387,,
2012-05-23,203.81737600927926,,
2012-05-24,204.0097248017563,,
2012-05-25,204.0020990801975,,
2012-05-29,204.05196728565448,,
2012-05-30,204.71088983140132,,
2012-05-31,205.63430450910923,,
2012-06-01,206.49873021702203,,
2012-06-04,207.05945153001073,,
2012-06-05,206.46620049426718,,
2012-06-06,205.9246739251495,,
2012-06-07,205.35597570605654,,
2012-06-08,205.52200572531146,,
2012-06-11,205.6147987160693,,
2012-06-12,205.43193190632002,,
2012-06-13,205.50608201463535,,
2012-06-14,205.8840468901605,,
2012-06-15,206.26766081994566,,
2012-06-18,206.79418679204957,,
2012-06-19,206.58904484827323,,
2012-06-20,206.1251802329257,,
2012-06-21,206.3697451503923,,
2012-06-22,206.180587120357,,
2012-06-25,206.21034750212468,,
2012-06-26,206.28468825347898,,
2012-06-27,206.4368013308891,,
2012-06-28,206.86666124839084,,
2012-06-29,206.67155314877078,,
2012-06-30,206.69036660656394,,
2012-07-02,207.2157085850574,,
2012-07-03,206.98664595681234,,
2012-07-05,206.91554613712051,,
2012-07-06,207.23638833786362,,
2012-07-09,208.10354325138692,,
2012-07-10,208.42727519924708,,
2012-07-11,208.660501872817,,
2012-07-12,208.97061789415702,,
2012-07-13,209.19143270250555,,
2012-07-16,209.31631392687535,,
2012-07-17,209.47629353810404,,
2012-07-18,209.62454358551398,,
2012-07-19,209.55968481688734,,
2012-07-20,209.95153653272487,,
2012-07-23,210.64522634847341,,
2012-07-24,210.92404680988977,,
2012-07-25,210.96975097002186,,
2012-07-26,211.05175757831165,,
2012-07-27,210.38875125799322,,
2012-07-30,210.10572661587537,,
2012-07-31,210.5107628029343,,
2012-08-01,210.46984478646476,,
2012-08-02,210.25891331461017,,
2012-08-03,210.20723901720504,,
2012-08-06,210.0000501692208,,
2012-08-07,209.74941477603957,,
2012-08-08,209.3847347101774,,
2012-08-09,209.02921554403,,
2012-08-10,209.48057798955878,,
2012-08-13,209.4099698282306,,
2012-08-14,208.8157254419156,,
2012-08-15,207.52514230499477,,
2012-08-16,207.00605141141065,,
2012-08-17,206.8394795645713,,
2012-08-20,207.00991444141087,,
2012-08-21,207.23906737425338,,
2012-08-22,207.81149818337252,,
2012-08-23,208.69278074946794,,
2012-08-24,209.06142418377186,,
2012-08-27,209.25700387406724,,
2012-08-28,209.6263296097738,,
2012-08-29,209.67217424372407,,
2012-08-30,209.6509626971776,,
2012-08-31,209.70755357821935,,
2012-09-04,210.58158167498974,,
2012-09-05,210.41585267105947,,
2012-09-06,209.60016134421403,,
2012-09-07,209.45545324379134,,
2012-09-10,209.22400256063702,,
2012-09-11,209.33203696066835,,
2012-09-12,208.71192532411823,,
2012-09-13,208.43952652296193,,
2012-09-14,207.57215086486718,,
2012-09-17,207.56743495811372,,
2012-09-18,208.04709284416333,,
2012-09-19,208.17839572879322,,
2012-09-20,208.62804238697126,,
2012-09-21,208.5693343648125,,
2012-09-24,208.96462768919565,,
2012-09-25,209.38126300009935,,
2012-09-26,209.930495561529,,
2012-09-27,210.3746436731094,,
2012-09-28,210.41517036965683,,
2012-09-30,210.4526166760483,,
2012-10-01,210.64231653366804,,
2012-10-02,210.56599911501496,,
2012-10-03,210.59014054405506,,
2012-10-04,210.35540879386173,,
2012-10-05,209.41818754659468,,
2012-10-09,209.5256600513532,,
2012-10-10,209.79009198024937,,
2012-10-11,210.48354098373812,,
2012-10-12,210.90886560368122,,
2012-10-15,210.92326417004554,,
2012-10-16,210.63524267353785,,
2012-10-17,209.80669799232808,,
2012-10-18,209.38382163035922,,
2012-10-19,209.5203722154828,,
2012-10-22,209.64084858226798,,
2012-10-23,209.6178008422409,,
2012-10-24,209.65043090343727,,
2012-10-25,208.97581542542997,,
2012-10-26,209.47228000044146,,
2012-10-29,209.97201560864798,,
2012-10-30,209.99100967563592,,
2012-10-31,210.37535607604448,,
2012-11-01,209.9795710932977,,
2012-11-02,209.74158837759762,,
2012-11-05,209.4808288356627,,
2012-11-06,209.17732511762176,,
2012-11-07,209.5041976587028,,
2012-11-08,209.9686542708556,,
2012-11-09,210.42681966272235,,
2012-11-13,210.9874005018929,,
2012-11-14,210.4639950553216,,
2012-11-15,210.44217144428154,,
2012-11-16,210.51759585080475,,
2012-11-19,210.52742901807795,,
2012-11-20,210.17616420185283,,
2012-11-21,209.52858993384686,,
2012-11-23,209.1409122971784,,
2012-11-26,209.47670492571442,,
2012-11-27,209.94509480477652,,
2012-11-28,210.11666350600575,,
2012-11-29,210.24124371505087,,
2012-11-30,210.16879936024208,,
2012-12-03,210.01518120620855,,
2012-12-04,210.11240915608346,,
2012-12-05,210.46901197739976,,
2012-12-06,210.64139342000567,,
2012-12-07,210.4679082545426,,
2012-12-10,210.3406791106402,,
2012-12-11,210.06153756621083,,
2012-12-12,209.58131778488843,,
2012-12-13,209.25973307967774,,
2012-12-14,209.20334287551913,,
2012-12-17,208.91507053290746,,
2012-12-18,207.72034070921217,,
2012-12-19,207.85078068324458,,
2012-12-20,207.95302555519766,,
2012-12-21,208.48301320353553,,
2012-12-24,208.5567619580846,,
2012-12-26,208.5883685671771,,
2012-12-27,208.83249199550082,,
2012-12-28,208.88657441550347,,
2012-12-31,208.55545755834427,,
2013-01-02,208.080957068191,,
2013-01-03,207.44250356452315,,
2013-01-04,207.01546315722936,,
2013-01-07,207.03783862969794,,
2013-01-08,207.39514382010523,,
2013-01-09,207.7085007731077,,
2013-01-10,207.55297618868443,,
2013-01-11,207.36403890322057,,
2013-01-14,207.70227978973077,,
2013-01-15,207.80883921467108,,
2013-01-16,207.83813803960757,,
2013-01-17,207.124932396975,,
2013-01-18,207.56351172504858,,
2013-01-22,207.79730029389128,,
2013-01-23,207.84736917623144,,
2013-01-24,207.92222165363773,,
2013-01-25,206.73471619773497,,
2013-01-28,206.47263218837136,,
2013-01-29,206.0239186776999,,
2013-01-30,205.68838692911186,,
2013-01-31,205.81772318028712,,
2013-02-01,205.60159417715954,,
2013-02-04,205.67714902365677,,
2013-02-05,205.54369889637746,,
2013-02-06,205.58915221040573,,
2013-02-07,206.0578330709483,,
2013-02-08,205.93903235613723,,
2013-02-11,206.11994256627605,,
2013-02-12,205.8412023756129,,
2013-02-13,205.47015081871152,,
2013-02-14,205.66711517950046,,
2013-02-15,205.8884617815893,,
2013-02-19,205.66280062651322,,
2013-02-20,205.40483049325374,,
2013-02-21,205.85083486600303,,
2013-02-22,206.10810263017157,,
2013-02-25,207.0097438660602,,
2013-02-26,207.40086311127436,,
2013-02-27,207.33905463127127,,
2013-02-28,207.38300286867604,,
2013-03-01,207.79990909337192,,
2013-03-04,207.74321787388863,,
2013-03-05,207.42524535257422,,
2013-03-06,207.00964352761866,,
2013-03-07,206.23854260420399,,
2013-03-08,205.9913086841918,,
2013-03-11,205.65276678235688,,
2013-03-12,205.79765549197444,,
2013-03-13,205.88414722860207,,
2013-03-14,205.73022805924387,,
2013-03-15,205.9804721325029,,
2013-03-18,206.31760929615592,,
2013-03-19,206.9111111780034,,
2013-03-20,206.6070857000663,,
2013-03-21,206.65765627461425,,
2013-03-22,206.8855248754047,,
2013-03-25,206.73291010578683,,
2013-03-26,206.88191269150846,,
2013-03-27,207.46608309829054,,
2013-03-28,207.27694513594352,,
2013-03-31,207.32821807958243,,
2013-04-01,207.68371717804155,,
2013-04-02,207.4492262401079,,
2013-04-03,208.23758537547147,,
2013-04-04,208.96273129265012,,
2013-04-05,210.6150044098745,,
2013-04-08,210.01457917555916,,
2013-04-09,209.8850422475008,,
2013-04-10,209.15026383993208,,
2013-04-11,209.32685949708366,,
2013-04-12,210.11070340257686,,
2013-04-15,210.67871932026728,,
2013-04-16,210.0228069277674,,
2013-04-17,210.43098370804728,,
2013-04-18,210.77725166988253,,
2013-04-19,210.5005182480507,,
2013-04-22,210.7164465742951,,
2013-04-23,210.5846018620808,,
2013-04-24,210.65624350935704,,
2013-04-25,210.2617127571298,,
2013-04-26,211.04375057067486,,
2013-04-29,211.15984214756372,,
2013-04-30,210.8828077104072,,
2013-05-01,211.416708557966,,
2013-05-02,211.5257764439454,,
2013-05-03,209.81771515321182,,
2013-05-06,209.6376076506055,,
2013-05-07,209.54198511579557,,
2013-05-08,209.73593932333762,,
2013-05-09,209.74567215216925,,
2013-05-10,208.35287424482783,,
2013-05-13,207.96376176844498,,
2013-05-14,207.73308369129074,,
2013-05-15,207.49297380062953,,
2013-05-16,208.45391505548213,,
2013-05-17,207.25025511048764,,
2013-05-20,207.3274153720499,,
2013-05-21,207.58458279777693,,
2013-05-22,206.86605921774142,,
2013-05-23,206.99258599255285,,
2013-05-24,207.1577430673662,,
2013-05-28,205.65708133534412,,
2013-05-29,205.77056411275234,,
2013-05-30,205.74517848703678,,
2013-05-31,205.13522110077292,,
2013-06-03,205.63089300209606,,
2013-06-04,205.18227982986613,,
2013-06-05,205.35375822649797,,
2013-06-06,205.88484959769303,,
2013-06-07,204.44228382333614,,
2013-06-10,203.7016857861567,,
2013-06-11,203.91380125162172,,
2013-06-12,203.63686715290675,,
2013-06-13,204.1751828918944,,
2013-06-14,204.62931467841025,,
2013-06-17,204.32629258488882,,
2013-06-18,204.13143533137276,,
2013-06-19,203.0260067206688,,
2013-06-20,201.2434943062951,,
2013-06-21,200.17749870312565,,
2013-06-24,199.9388938890879,,
2013-06-25,199.23421701398817,,
2013-06-26,199.98504957220703,,
2013-06-27,200.82247420549515,,
2013-06-28,200.64959107068142,,
2013-06-30,200.68832170912486,,
2013-07-01,201.2410861836976,,
2013-07-02,201.66551779151075,,
2013-07-03,201.54832249176474,,
2013-07-05,199.04869123553746,,
2013-07-08,200.08458530623793,,
2013-07-09,200.0021071072728,,
2013-07-10,199.65272865374908,,
2013-07-11,200.97097509900897,,
2013-07-12,200.9223109548507,,
2013-07-15,201.07422335537768,,
2013-07-16,201.8189352686612,,
2013-07-17,202.09426395231117,,
2013-07-18,201.44647897357788,,
2013-07-19,201.95981044061622,,
2013-07-22,202.30266689543828,,
2013-07-23,202.25410308972164,,
2013-07-24,200.93946882835803,,
2013-07-25,200.92632449251323,,
2013-07-26,201.73766113099484,,
2013-07-29,200.97659405173653,,
2013-07-30,201.00669558420554,,
2013-07-31,200.68119767977385,,
2013-08-01,199.43549592776435,,
2013-08-02,200.64316941042134,,
2013-08-05,200.23669838364802,,
2013-08-06,200.1924491309186,,
2013-08-07,200.85558589121106,,
2013-08-08,201.05214889823375,,
2013-08-09,200.756551849388,,
2013-08-12,200.56761456392408,,
2013-08-13,199.19428231424595,,
2013-08-14,199.32030739684956,,
2013-08-15,198.6711176799344,,
2013-08-16,197.39421067259866,,
2013-08-19,196.995867059592,,
2013-08-20,197.47458176429095,,
2013-08-21,197.20587541778417,,
2013-08-22,196.97148481829208,,
2013-08-23,197.90192318690944,,
2013-08-26,198.2923400630326,,
2013-08-27,199.4268668217899,,
2013-08-28,198.60459329317789,,
2013-08-29,199.4662998293243,,
2013-08-30,199.68102409426996,,
2013-08-31,199.69446944543947,,
2013-09-03,198.52000798693996,,
2013-09-04,197.9017225100263,,
2013-09-05,196.55708705463528,,
2013-09-06,197.09831260842822,,
2013-09-09,197.4730766876675,,
2013-09-10,196.8931204954311,,
2013-09-11,197.24902094765645,,
2013-09-12,197.5371929518265,,
2013-09-13,197.32076293337428,,
2013-09-16,197.37173486168845,,
2013-09-17,197.7771021656046,,
2013-09-18,198.60128212460629,,
2013-09-19,198.71978182409268,,
2013-09-20,199.2059215734673,,
2013-09-23,199.457871400233,,
2013-09-24,200.44259286573612,,
2013-09-25,200.76467926315465,,
2013-09-26,200.2702114231302,,
2013-09-27,200.6753780501632,,
2013-09-30,200.4533290789834,,
2013-10-01,200.18291697897007,,
2013-10-02,200.34004697845833,,
2013-10-03,200.55166075171553,,
2013-10-04,200.13625960364308,,
2013-10-07,200.58346803769115,,
2013-10-08,200.53570693950692,,
2013-10-09,200.49607325508939,,
2013-10-10,200.19907146806176,,
2013-10-11,200.31145052261277,,
2013-10-15,199.95956360804993,,
2013-10-16,200.76377621718055,,
2013-10-17,201.79465336580287,,
2013-10-18,201.82505591359657,,
2013-10-21,201.53748594007587,,
2013-10-22,202.6652900232484,,
2013-10-23,203.10898661184177,,
2013-10-24,202.55963364428214,,
2013-10-25,202.9087110824812,,
2013-10-28,202.8653648757258,,
2013-10-29,202.7806792310463,,
2013-10-30,202.34812020946654,,
2013-10-31,202.260223734657,,
2013-11-01,201.37915187928886,,
2013-11-04,201.6697320060564,,
2013-11-05,201.13703521979636,,
2013-11-06,200.80732310081905,,
2013-11-07,201.330387396689,,
2013-11-08,199.783971335314,,
2013-11-12,199.77604459843053,,
2013-11-13,200.05006888234016,,
2013-11-14,200.6822010641895,,
2013-11-15,201.05104517537652,,
2013-11-18,201.68598683358968,,
2013-11-19,201.1386406348614,,
2013-11-20,200.22245032494604,,
2013-11-21,200.34646863871842,,
2013-11-22,200.99375192524383,,
2013-11-25,201.22784150941126,,
2013-11-26,201.88726574736586,,
2013-11-27,201.37393428032757,,
2013-11-29,201.5104948992953,,
2013-11-30,201.530562587608,,
2013-12-02,201.07653113953364,,
2013-12-03,201.30008518733692,,
2013-12-04,200.26158231715576,,
2013-12-05,200.3190762441716,,
2013-12-06,200.02307784155957,,
2013-12-09,200.5587847810665,,
2013-12-10,201.26416402525717,,
2013-12-11,200.96987137615176,,
2013-12-12,200.73196893120496,,
2013-12-13,200.94177661251402,,
2013-12-16,201.0744240322608,,
2013-12-17,201.66321000735482,,
2013-12-18,201.68638818735593,,
2013-12-19,200.99325023303604,,
2013-12-20,202.0371713790616,,
2013-12-23,201.91275171152293,,
2013-12-24,201.35918452941772,,
2013-12-26,200.95401790238472,,
2013-12-27,200.94318135069588,,
2013-12-30,201.57902605488314,,
2013-12-31,200.59079274392525,,
2014-01-02,201.66280865358854,,
2014-01-03,201.52454228111418,,
2014-01-06,202.26253151881295,,
2014-01-07,202.08653789231076,,
2014-01-08,201.30289466370064,,
2014-01-09,201.78512121385435,,
2014-01-10,202.76191594247396,,
2014-01-13,203.5613123064095,,
2014-01-14,202.95918131858758,,
2014-01-15,202.76823726429245,,
2014-01-16,203.42445067211705,,
2014-01-17,203.6131872806978,,
2014-01-21,203.83774471291667,,
2014-01-22,203.55147913913632,,
2014-01-23,204.49476082827377,,
2014-01-24,204.76015600620894,,
2014-01-27,204.3836861734631,,
2014-01-28,204.49787131996226,,
2014-01-29,205.04120398102802,,
2014-01-30,205.38857566572045,,
2014-01-31,205.7094580018402,,
2014-02-03,206.6690948569525,,
2014-02-04,206.10549383069093,,
2014-02-05,205.3153286033792,,
2014-02-06,205.00819263375365,,
2014-02-07,205.40944606156563,,
2014-02-10,205.4705521724778,,
2014-02-11,205.17264733947607,,
2014-02-12,204.73025515062307,,
2014-02-13,205.32746955480837,,
2014-02-14,205.31422488052203,,
2014-02-18,205.87280898470542,,
2014-02-19,205.53988603559804,,
2014-02-20,205.12578928726595,,
2014-02-21,205.66460671846136,,
2014-02-24,205.69671501976168,,
2014-02-25,206.4473469010974,,
2014-02-26,207.06262222476414,,
2014-02-27,207.26861704529375,,
2014-02-28,207.31788322010138,,
2014-03-03,208.02597160221427,,
2014-03-04,206.87589238501465,,
2014-03-05,206.88843469021006,,
2014-03-06,206.09144644887203,,
2014-03-07,205.24208154103795,,
2014-03-10,205.26385498285714,,
2014-03-11,205.54410025014374,,
2014-03-12,206.2024207652412,,
2014-03-13,207.08309126684304,,
2014-03-14,207.041049459828,,
2014-03-17,206.37721033044457,,
2014-03-18,206.66046575097806,,
2014-03-19,205.50055336650522,,
2014-03-20,205.62928758703106,,
2014-03-21,206.2710522592705,,
2014-03-24,206.81488661254411,,
2014-03-25,206.83716174657118,,
2014-03-26,207.40347191075497,,
2014-03-27,207.98051828818606,,
2014-03-28,207.3165788203611,,
2014-03-31,207.42333892218454,,
2014-04-01,207.05760530268594,,
2014-04-02,206.31590354264935,,
2014-04-03,206.66999790292658,,
2014-04-04,207.40216751101465,,
2014-04-07,208.20918959650902,,
2014-04-08,208.31695308274809,,
2014-04-09,208.1779843411828,,
2014-04-10,209.16411054486784,,
2014-04-11,209.34993733864326,,
2014-04-14,209.2496992355214,,
2014-04-15,209.51499407501504,,
2014-04-16,209.36609182773495,,
2014-04-17,208.28344004326595,,
2014-04-21,208.41990032379215,,
2014-04-22,208.40163872742764,,
2014-04-23,208.9717617523908,,
2014-04-24,208.94266360433744,,
2014-04-25,209.4396399054009,,
2014-04-28,209.02825229499103,,
2014-04-29,208.87573786381463,,
2014-04-30,209.1645118986341,,
2014-05-01,210.29341970466385,,
2014-05-02,210.7887905906623,,
2014-05-05,210.38823953194122,,
2014-05-06,210.5646345122097,,
2014-05-07,210.58078900130138,,
2014-05-08,210.71042626780127,,
2014-05-09,210.02682046542992,,
2014-05-12,209.53154991787298,,
2014-05-13,210.37991144129145,,
2014-05-14,211.60243501329984,,
2014-05-15,211.97770078474693,,
2014-05-16,211.73448040239728,,
2014-05-19,211.4123940049788,,
2014-05-20,211.54313499433587,,
2014-05-21,210.9962904878154,,
2014-05-22,210.67430442883847,,
2014-05-23,211.11238206470424,,
2014-05-27,211.495072880827,,
2014-05-28,212.8826531892072,,
2014-05-29,212.53498048919002,,
2014-05-30,212.33259785255666,,
2014-05-31,212.34754828034963,,
2014-06-02,211.14348698158892,,
2014-06-03,210.49831080233625,,
2014-06-04,210.1896697560873,,
2014-06-05,210.6281487457193,,
2014-06-06,210.52640556597404,,
2014-06-09,210.3387726802505,,
2014-06-10,209.92196679399612,,
2014-06-11,210.09264248309546,,
2014-06-12,210.71343642104821,,
2014-06-13,210.6908602716964,,
2014-06-16,210.8916374932648,,
2014-06-17,210.26341851063637,,
2014-06-18,210.8606329148217,,
2014-06-19,210.33516049635418,,
2014-06-20,210.56553755818376,,
2014-06-23,210.86173663767886,,
2014-06-24,211.17900678990233,,
2014-06-25,211.8375279818829,,
2014-06-26,212.12710472423484,,
2014-06-27,211.92963867123805,,
2014-06-30,212.16132013280796,,
2014-07-01,211.41088892835535,,
2014-07-02,210.44763988934676,,
2014-07-03,210.0082578537407,,
2014-07-07,210.5513898379233,,
2014-07-08,211.35961598471647,,
2014-07-09,211.31335996315573,,
2014-07-10,211.8511740099355,,
2014-07-11,212.0917855928045,,
2014-07-14,211.78444894629584,,
2014-07-15,211.74652101538487,,
2014-07-16,211.88990464837894,,
2014-07-17,212.98339298453683,,
2014-07-18,212.56207186841215,,
2014-07-21,212.8308785533605,,
2014-07-22,212.94957892973,,
2014-07-23,213.07279453596982,,
2014-07-24,212.37514135177955,,
2014-07-25,213.009781994668,,
2014-07-28,212.78281643985162,,
2014-07-29,213.20413755597633,,
2014-07-30,212.02586323669738,,
2014-07-31,211.6464835891462,,
2014-08-01,212.22684113514885,,
2014-08-04,212.523040214644,,
2014-08-05,212.57953075724419,,
2014-08-06,212.69090642737956,,
2014-08-07,213.41966452845446,,
2014-08-08,213.31350645728037,,
2014-08-11,213.35785604845142,,
2014-08-12,212.93703662453453,,
2014-08-13,213.48046962404192,,
2014-08-14,213.89627212588059,,
2014-08-15,214.86283233346074,,
2014-08-18,214.06122852381083,,
2014-08-19,214.01095896458756,,
2014-08-20,213.57689486638432,,
2014-08-21,214.17129979420588,,
2014-08-22,214.60686896903255,,
2014-08-25,214.7615908459233,,
2014-08-26,214.76309592254674,,
2014-08-27,215.3648255566024,,
2014-08-28,215.82066309662494,,
2014-08-29,215.93374452026683,,
2014-09-01,215.96725755974902,,
2014-09-02,214.68603599942608,,
2014-09-03,214.66315883474962,,
2014-09-04,214.00554068874317,,
2014-09-05,213.82804198561746,,
2014-09-08,213.8211186331496,,
2014-09-09,213.42217298949356,,
2014-09-10,212.81341966452842,,
2014-09-11,213.11784649623178,,
2014-09-12,211.74110273954048,,
2014-09-15,211.9812126302017,,
2014-09-16,211.83963508915573,,
2014-09-17,211.7504342146059,,
2014-09-18,211.369148136665,,
2014-09-19,212.32908600710198,,
2014-09-22,212.72973740426457,,
2014-09-23,213.16420285623408,,
2014-09-24,212.8413137512831,,
2014-09-25,213.67913973833743,,
2014-09-26,213.09787914636064,,
2014-09-29,213.77847479548518,,
2014-09-30,213.51458469417346,,
2014-10-01,214.93126315060698,,
2014-10-02,214.67429640176312,,
2014-10-03,214.85550762722661,,
2014-10-06,215.30361910724878,,
2014-10-07,216.4173758086024,,
2014-10-08,216.39199018288687,,
2014-10-09,216.59597823458526,,
2014-10-10,216.79244090316638,,
2014-10-13,217.33547254890743,,
2014-10-14,218.32470924428097,,
2014-10-15,219.8642019531881,,
2014-10-16,218.53963418610977,,
2014-10-17,218.17781376583216,,
2014-10-20,218.62923641442586,,
2014-10-21,218.24453882947182,,
2014-10-22,217.73140803931662,,
2014-10-23,216.7335422379687,,
2014-10-24,217.14773932474233,,
2014-10-27,217.1183401613643,,
2014-10-28,216.72912734653988,,
2014-10-29,216.29125038755723,,
2014-10-30,216.47958564237172,,
2014-10-31,216.17415542625275,,
2014-11-03,215.92320898390267,,
2014-11-04,216.17656354885025,,
2014-11-05,216.06619126313055,,
2014-11-06,215.61908316752402,,
2014-11-07,216.49433539328155,,
2014-11-10,215.73828523610138,,
2014-11-12,215.69694579817727,,
2014-11-13,216.05234455819476,,
2014-11-14,216.37071843327544,,
2014-11-17,215.95070171689107,,
2014-11-18,215.92782455221462,,
2014-11-19,215.3042211378981,,
2014-11-20,215.58025219063904,,
2014-11-21,216.03107280858333,,
2014-11-24,216.31693702859747,,
2014-11-25,217.25791093357896,,
2014-11-26,217.88091231724604,,
2014-12-01,218.01115161439535,,
2014-12-02,217.0141888590215,,
2014-12-03,216.80428083927086,,
2014-12-04,217.41795074787257,,
2014-12-05,216.66129856004304,,
2014-12-08,217.8200068832171,,
2014-12-09,218.42936223883157,,
2014-12-10,218.97811317574178,,
2014-12-11,218.65993997754427,,
2014-12-12,219.9094545903332,,
2014-12-15,219.6367347061639,,
2014-12-16,220.4080363064617,,
2014-12-17,219.6448621199305,,
2014-12-18,218.36845680480258,,
2014-12-19,218.957844810546,,
2014-12-22,219.4758921843378,,
2014-12-23,218.16266266115605,,
2014-12-24,218.23460532375702,,
2014-12-26,218.32631465934597,,
2014-12-29,219.1096568726314,,
2014-12-30,219.52636242044417,,
2014-12-31,219.8111229176011,,
2015-01-02,220.49061484386837,,
2015-01-05,221.92244440497797,,
2015-01-06,223.56528570869543,,
2015-01-07,223.47207129648305,,
2015-01-08,222.35851527201248,,
2015-01-09,223.09108623386686,,
2015-01-12,224.2092578266493,,
2015-01-13,224.29735497834193,,
2015-01-14,224.86185905057758,,
2015-01-15,226.0557861667404,,
2015-01-16,225.4120147256697,,
2015-01-20,225.9033720740056,,
2015-01-21,225.66145609139627,,
2015-01-22,224.93841728149047,,
2015-01-23,226.03300934050554,,
2015-01-26,225.8647417740037,,
2015-01-27,226.0604017350523,,
2015-01-28,227.5353768260342,,
2015-01-29,227.0431164317242,,
2015-01-30,228.1236611089204,,
2015-02-02,228.4402288920529,,
2015-02-03,226.5761413246882,,
2015-02-04,226.50209155481437,,
2015-02-05,226.21763207298216,,
2015-02-06,224.1667143274264,,
2015-02-09,223.93282542014217,,
2015-02-10,222.77883300372156,,
2015-02-11,222.7164224930691,,
2015-02-12,222.692541943977,,
2015-02-13,222.19235481278355,,
2015-02-17,220.4319168555538,,
2015-02-18,221.5585168774276,,
2015-02-19,220.87481073661456,,
2015-02-20,220.8380868670024,,
2015-02-23,221.92605658887427,,
2015-02-24,223.37032811673777,,
2015-02-25,223.78653197234271,,
2015-02-26,223.05988097854063,,
2015-03-02,221.86605420081938,,
2015-03-03,221.21816888364455,,
2015-03-04,221.18756565896769,,
2015-03-05,221.59664548522167,,
2015-03-06,219.22464472666303,,
2015-03-09,220.03267019657304,,
2015-03-10,221.20903808546223,,
2015-03-11,221.7996301525044,,
2015-03-12,221.72377429068248,,
2015-03-13,221.0332451358432,,
2015-03-16,221.4309867182005,,
2015-03-17,222.09171535589545,,
2015-03-18,223.68980571467563,,
2015-03-19,223.66813261129792,,
2015-03-20,224.54208043731506,,
2015-03-23,224.70914394251812,,
2015-03-24,225.45776905502262,,
2015-03-25,224.83316225629045,,
2015-03-26,223.0712192224373,,
2015-03-27,224.2013310897658,,
2015-03-30,224.34090186198046,,
2015-03-31,224.54729803627635,,
2015-04-01,225.83644633348285,,
2015-04-02,225.1417029640979,,
2015-04-06,224.86797969551296,,
2015-04-07,225.7279804781528,,
2015-04-08,225.79982280231218,,
2015-04-09,224.59806928770743,,
2015-04-10,224.66740315082774,,
2015-04-13,224.9076133799305,,
2015-04-14,225.79801671036407,,
2015-04-15,225.44773521086623,,
2015-04-16,225.53703642385767,,
2015-04-17,226.16535574492764,,
2015-04-20,225.30415090098904,,
2015-04-21,225.10678518643385,,
2015-04-22,223.893793766374,,
2015-04-23,224.225412315741,,
2015-04-24,224.61322039238354,,
2015-04-27,224.70773920433624,,
2015-04-28,223.34594587543785,,
2015-04-29,221.58861840989655,,
2015-04-30,220.73002236543863,,
2015-05-01,219.61716871005902,,
2015-05-04,219.40103970693147,,
2015-05-05,218.6345543518287,,
2015-05-06,217.30065510968495,,
2015-05-07,218.12734352972578,,
2015-05-08,218.8845977482047,,
2015-05-11,216.9162585400556,,
2015-05-12,217.03465790110045,,
2015-05-13,216.68979467744705,,
2015-05-14,216.89187629875573,,
2015-05-15,218.84707117105998,,
2015-05-18,217.35493820657075,,
2015-05-19,216.65999416030272,,
2015-05-20,216.64584644004225,,
2015-05-21,217.50845602216273,,
2015-05-22,217.28951754267146,,
2015-05-26,218.62482152299708,,
2015-05-27,218.78967758248575,,
2015-05-28,218.7012794154684,,
2015-06-01,217.46109627774484,,
2015-06-02,216.07923526053378,,
2015-06-03,214.8854084828125,,
2015-06-04,216.14114407897839,,
2015-06-05,214.75165734020854,,
2015-06-08,214.88560915969566,,
2015-06-09,214.20993009420778,,
2015-06-10,213.34390900507412,,
2015-06-11,214.95143117736126,,
2015-06-12,215.0774562599649,,
2015-06-15,215.1155848677589,,
2015-06-16,215.76139257716278,,
2015-06-17,215.6827980779168,,
2015-06-18,214.99216858463598,,
2015-06-19,216.39740845873126,,
2015-06-22,215.0612014324316,,
2015-06-23,214.40428565551605,,
2015-06-24,215.0338090378848,,
2015-06-25,214.73299439007772,,
2015-06-26,213.38233862819288,,
2015-06-29,215.1713730412682,,
2015-06-30,215.3901108438764,,
2015-07-01,213.9724290030272,,
2015-07-02,214.48024185577955,,
2015-07-06,216.51982135743864,,
2015-07-07,217.40069253592367,,
2015-07-08,217.71103933567923,,
2015-07-09,216.09829956443085,,
2015-07-10,214.20892670979214,,
2015-07-13,214.16457711862114,,
2015-07-14,214.3783983375927,,
2015-07-15,215.36261811088804,,
2015-07-16,215.46004673764608,,
2015-07-17,215.7894578412987,,
2015-07-20,215.3518818976407,,
2015-07-21,215.83079727922282,,
2015-07-22,216.27158405301083,,
2015-07-23,217.0045563686314,,
2015-07-24,217.20924678942072,,
2015-07-27,217.65414743931277,,
2015-07-28,217.04900629824397,,
2015-07-29,216.87833060914468,,
2015-07-30,217.27005188500814,,
2015-07-31,218.1253367608945,,
2015-08-03,219.0712272495126,,
2015-08-04,217.9367004907553,,
2015-08-05,217.12837400552058,,
2015-08-06,217.5798969925559,,
2015-08-07,218.72074507313167,,
2015-08-10,217.50233537722735,,
2015-08-11,219.05948765184968,,
2015-08-12,218.3583226222047,,
2015-08-13,217.58631865281592,,
2015-08-14,217.98757208062796,,
2015-08-17,218.78124915339438,,
2015-08-18,217.87459099542755,,
2015-08-19,218.7173335661185,,
2015-08-20,219.66673590019136,,
2015-08-21,219.93082667838618,,
2015-08-24,219.8203540542249,,
2015-08-25,217.93800489049562,,
2015-08-26,216.80387948550458,,
2015-08-27,217.51527903618907,,
2015-08-28,217.78338335204643,,
2015-08-31,217.52451017281288,,
2015-09-01,217.89796985231186,,
2015-09-02,217.64311021074084,,
2015-09-03,218.16928499829928,,
2015-09-04,219.38026964952786,,
2015-09-08,218.42123482506497,,
2015-09-09,218.87356051963272,,
2015-09-10,217.85793481412804,,
2015-09-11,218.55307953727925,,
2015-09-14,218.46668813909318,,
2015-09-15,216.53236366263405,,
2015-09-16,216.54039073795914,,
2015-09-17,218.25878688817383,,
2015-09-18,219.67666940590613,,
2015-09-21,218.27433934661613,,
2015-09-22,219.60552945083768,,
2015-09-23,219.3925109393986,,
2015-09-24,219.98019319163538,,
2015-09-25,219.10985754951452,,
2015-09-28,220.06337375969144,,
2015-09-29,220.35555930152407,,
2015-09-30,219.89761465422873,,
2015-10-01,220.2964599594432,,
2015-10-02,220.77116112647963,,
2015-10-05,219.83440143604378,,
2015-10-06,220.48178506101078,,
2015-10-07,220.81059413401402,,
2015-10-08,220.12086768670724,,
2015-10-09,220.4656305719191,,
2015-10-13,221.07338051246853,,
2015-10-14,222.46096082084873,,
2015-10-15,221.70430863301917,,
2015-10-16,221.9569608288758,,
2015-10-19,221.92956843432898,,
2015-10-20,221.30726941975283,,
2015-10-21,222.28075297980087,,
2015-10-22,222.5802632278676,,
2015-10-23,221.56945376755797,,
2015-10-26,222.3376448761673,,
2015-10-27,222.98221902477056,,
2015-10-28,221.99027319147487,,
2015-10-29,219.96444005630994,,
2015-10-30,220.16471558567048,,
2015-11-02,219.9672495326737,,
2015-11-03,219.21762103575358,,
2015-11-04,219.23116672536466,,
2015-11-05,219.21932678926015,,
2015-11-06,217.64963220944247,,
2015-11-09,217.75508791152558,,
2015-11-10,218.06764215699553,,
2015-11-12,217.75017132788895,,
2015-11-13,218.28005863778523,,
2015-11-16,218.43989777519573,,
2015-11-17,218.8489776014497,,
2015-11-18,219.00099034041824,,
2015-11-19,219.58636480849907,,
2015-11-20,219.49014024303978,,
2015-11-23,219.7655692651313,,
2015-11-24,219.89119299396864,,
2015-11-25,220.06989575839305,,
2015-11-27,220.18066939787903,,
2015-11-30,220.3437193654196,,
2015-12-01,221.55831620054443,,
2015-12-02,221.7191587223706,,
2015-12-03,219.0145360300293,,
2015-12-04,219.96142990306305,,
2015-12-07,221.12174364130212,,
2015-12-08,220.70854993894406,,
2015-12-09,221.20201439455283,,
2015-12-10,220.78801798466225,,
2015-12-11,222.16797257148363,,
2015-12-14,220.30699549580737,,
2015-12-15,219.82175879240677,,
2015-12-16,220.0313657968327,,
2015-12-17,221.2429524787107,,
2015-12-18,221.70210118730478,,
2015-12-21,221.54537254158276,,
2015-12-22,220.8711985527183,,
2015-12-23,220.3532515173681,,
2015-12-24,220.99371178986723,,
2015-12-28,221.23221626546342,,
2015-12-29,219.87092462877285,,
2015-12-30,220.07862520280906,,
2015-12-31,220.61352943478352,,
2016-01-04,221.14853400519956,,
2016-01-05,220.7619299898558,,
2016-01-06,221.88411512030078,,
2016-01-07,222.08489234186914,,
2016-01-08,222.32660764759532,,
2016-01-11,221.80845993536198,,
2016-01-12,222.88930562788286,,
2016-01-13,223.67485528688266,,
2016-01-14,222.35159191954463,,
2016-01-15,222.7328779974855,,
2016-01-19,222.75174162449946,,
2016-01-20,222.5256791156571,,
2016-01-21,221.9051861930291,,
2016-01-22,221.85000005016923,,
2016-01-25,222.1901473670691,,
2016-01-26,222.45764965227713,,
2016-01-27,222.1817189379778,,
2016-01-28,222.15352383589848,,
2016-01-29,223.07553377542453,,
2016-02-01,222.11439184368876,,
2016-02-02,223.96573642897494,,
2016-02-03,223.15690825153243,,
2016-02-04,223.60411668558044,,
2016-02-05,223.9902190087164,,
2016-02-08,225.85581165270457,,
2016-02-09,225.66456658308476,,
2016-02-10,226.49857970935966,,
2016-02-11,226.8934114769116,,
2016-02-12,225.2401349752716,,
2016-02-16,224.72299064745386,,
2016-02-17,223.7174991245471,,
2016-02-18,224.96530798382946,,
2016-02-19,225.34007206306873,,
2016-02-22,225.350808276316,,
2016-02-23,225.7200537412693,,
2016-02-24,225.90166632049903,,
2016-02-25,227.29125339771045,,
2016-02-26,226.25104477402277,,
2016-02-29,226.92010150236746,,
2016-03-01,225.6528269854218,,
2016-03-02,225.76701213192098,,
2016-03-03,226.1640513451873,,
2016-03-04,225.83925580984658,,
2016-03-07,226.07444911687122,,
2016-03-08,227.32757591355642,,
2016-03-09,226.64687992599036,,
2016-03-10,226.7574528885932,,
2016-03-11,226.541022870141,,
2016-03-14,227.48159542135622,,
2016-03-15,227.68708854967804,,
2016-03-16,227.47316699226494,,
2016-03-17,228.0559326608651,,
2016-03-18,228.6218414712826,,
2016-03-21,227.7911395135793,,
2016-03-22,227.8771295579991,,
2016-03-23,229.06212655286282,,
2016-03-24,228.2803897546424,,
2016-03-28,228.8422850273974,,
2016-03-29,229.830116984589,,
2016-03-30,229.49588963574135,,
2016-03-31,230.35338195734215,,
2016-04-01,230.3748543838367,,
2016-04-04,230.97487826438575,,
2016-04-05,232.19980995899166,,
2016-04-06,231.83477870858403,,
2016-04-07,233.17730705670226,,
2016-04-08,232.454368585238,,
2016-04-11,232.432996497185,,
2016-04-13,232.3030582153604,,
2016-04-15,232.92234707668968,,
2016-04-18,232.56634628602276,,
2016-04-19,232.8296343566851,,
2016-04-20,231.84270544546757,,
2016-04-21,232.09375222625917,,
2016-04-22,231.76042792338558,,
2016-04-25,231.36298735635302,,
2016-04-26,230.7966771921692,,
2016-04-27,231.58844783454592,,
2016-04-28,231.89297500469084,,
2016-04-29,232.05351651119224,,
2016-05-02,231.1249845729646,,
2016-05-03,232.04880060443878,,
2016-05-04,232.2473703802927,,
2016-05-05,232.9317788901966,,
2016-05-06,231.96341259066836,,
2016-05-09,232.52811733978712,,
2016-05-10,232.66307254368988,,
2016-05-11,233.5436427068502,,
2016-05-12,232.81016869902177,,
2016-05-13,234.04483322245935,,
2016-05-16,232.79030168759226,,
2016-05-17,232.67862500213218,,
2016-05-18,230.59519760150988,,
2016-05-19,231.33288582388397,,
2016-05-20,231.33429056206586,,
2016-05-23,231.29857007686928,,
2016-05-24,231.13682450906907,,
2016-05-25,230.83049124697604,,
2016-05-26,232.15255055301532,,
2016-05-27,231.89809226521055,,
2016-05-31,232.299245354581,,
2016-06-01,232.2460659805524,,
2016-06-02,232.88512151486964,,
2016-06-03,234.53869903183437,,
2016-06-06,234.13473646610018,,
2016-06-07,234.42170440897146,,
2016-06-08,235.01018936874075,,
2016-06-09,235.4357246994111,,
2016-06-10,235.88895343995296,,
2016-06-13,235.33799505732836,,
2016-06-14,234.98992100354496,,
2016-06-15,235.5821184856521,,
2016-06-16,235.8877493786542,,
2016-06-17,235.0476156074439,,
2016-06-20,234.3308981193566,,
2016-06-21,234.05065285207004,,
2016-06-22,234.30220132506946,,
2016-06-23,233.266307254369,,
2016-06-24,235.4694384157764,,
2016-06-27,237.69554708030185,,
2016-06-28,237.97147779460118,,
2016-06-29,237.77431275692913,,
2016-06-30,238.09178358603572,,
2016-07-01,239.01258946426296,,
2016-07-05,240.80664079941644,,
2016-07-06,240.7323903526595,,
2016-07-07,241.09190298878116,,
2016-07-08,242.31603197585457,,
2016-07-11,241.57593563088295,,
2016-07-12,240.19036209133407,,
2016-07-13,241.14809251605664,,
2016-07-14,239.83466231599184,,
2016-07-15,238.7123768471053,,
2016-07-18,238.789436770226,,
2016-07-19,238.9773706712742,,
2016-07-20,238.38828368085552,,
2016-07-21,238.4928363369646,,
2016-07-22,239.02172026244523,,
2016-07-25,238.91425779153082,,
2016-07-26,238.80097569100576,,
2016-07-27,239.78649986404142,,
2016-07-28,239.76322134559868,,
2016-07-29,240.78737581863626,,
2016-08-01,239.0958703707606,,
2016-08-02,237.8032102280994,,
2016-08-03,237.66594724004065,,
2016-08-04,239.1391162390744,,
2016-08-05,238.20486500967766,,
2016-08-08,238.75522136165287,,
2016-08-09,239.88733999781263,,
2016-08-10,240.5717485077165,,
2016-08-11,239.21135991700004,,
2016-08-12,240.6061645931728,,
2016-08-15,239.81268819728948,,
2016-08-16,239.40039754090546,,
2016-08-17,239.81609970430262,,
2016-08-18,240.29993166952127,,
2016-08-19,239.725694768454,,
2016-08-22,240.70971386486616,,
2016-08-23,240.77663960538897,,
2016-08-24,240.72055041655506,,
2016-08-25,240.26651896848068,,
2016-08-26,239.45167048454437,,
2016-08-29,241.1981613983968,,
2016-08-30,240.8667435259129,,
2016-08-31,240.7700172682458,,
2016-09-01,240.78366329629839,,
2016-09-02,240.00804714301336,,
2016-09-06,240.8960423508494,,
2016-09-07,240.73590219811422,,
2016-09-08,238.59959643878804,,
2016-09-09,236.98424786805896,,
2016-09-12,236.74022477817678,,
2016-09-13,235.00125924744162,,
2016-09-14,235.93731656878654,,
2016-09-15,235.6267690921478,,
2016-09-16,235.9976199721661,,
2016-09-19,236.44834025166887,,
2016-09-20,236.74112782415085,,
2016-09-21,237.07224468131005,,
2016-09-22,238.2485122317577,,
2016-09-23,238.91616422192055,,
2016-09-26,239.0099806647823,,
2016-09-27,239.61311503701984,,
2016-09-28,239.4230740286988,,
2016-09-29,239.79793844637967,,
2016-09-30,238.59177004034612,,
2016-10-03,238.6801682073634,,
2016-10-04,237.57162910497107,,
2016-10-05,237.22114692859014,,
2016-10-06,236.8526038327278,,
2016-10-07,237.05247800832208,,
2016-10-11,236.56874638154494,,
2016-10-12,236.38853854049708,,
2016-10-13,237.04575533273731,,
2016-10-14,235.74567014540042,,
2016-10-17,236.68483795843383,,
2016-10-18,237.45834700444595,,
2016-10-19,237.51022197873425,,
2016-10-20,237.4950708740582,,
2016-10-21,237.1615458943015,,
2016-10-24,236.61660781817068,,
2016-10-25,236.75316843713844,,
2016-10-26,235.7442654072185,,
2016-10-27,234.3895961076712,,
2016-10-28,234.26216628688564,,
2016-10-31,234.49956703962465,,
2016-11-01,234.40304145884068,,
2016-11-02,234.4928443640399,,
2016-11-03,234.05717485077164,,
2016-11-04,234.75372431210474,,
2016-11-07,234.48943285702674,,
2016-11-08,234.1783836881802,,
2016-11-09,230.00380282693524,,
2016-11-10,229.90296269316403,,
2016-11-14,227.90090976864965,,
2016-11-15,227.80087234241094,,
2016-11-16,228.51146918556287,,
2016-11-17,226.9242153784716,,
2016-11-18,226.15130836310877,,
2016-11-21,225.87838780205635,,
2016-11-22,226.36101570597623,,
2016-11-23,226.17057334388892,,
2016-11-25,226.57463624806468,,
2016-11-28,227.26034915770893,,
2016-11-29,227.68508178084682,,
2016-11-30,226.5025932470222,,
2016-12-01,225.22678996254365,,
2016-12-02,226.1473951638878,,
2016-12-05,226.21361853531963,,
2016-12-06,225.7890865890649,,
2016-12-07,226.96806327743477,,
2016-12-08,225.96217040076175,,
2016-12-09,224.56184711030303,,
2016-12-12,224.63960940251465,,
2016-12-13,224.90741270304736,,
2016-12-14,224.40812861782794,,
2016-12-15,224.26604938457416,,
2016-12-16,223.68799962272746,,
2016-12-19,225.0147748355202,,
2016-12-20,224.48819869419552,,
2016-12-21,225.1113004163042,,
2016-12-22,225.1353816422794,,
2016-12-23,225.42285127735852,,
2016-12-27,224.98838582538903,,
2016-12-28,226.3765681644186,,
2016-12-29,226.81394343119342,,
2017-01-03,227.62778853071413,,
2017-01-04,227.89599318501303,,
2017-01-05,229.66847175523037,,
2017-01-06,228.37520958191982,,
2017-01-09,229.15243115026988,,
2017-01-10,228.91071584454363,,
2017-01-11,229.1317614313078,,
2017-01-12,229.1676825933875,,
2017-01-13,228.70702880816992,,
2017-01-17,229.8387460905635,,
2017-01-18,228.51357629283572,,
2017-01-19,227.56116380551597,,
2017-01-20,227.4923316346035,,
2017-01-23,228.6218414712826,,
2017-01-24,227.17526215926318,,
2017-01-25,226.35890859870344,,
2017-01-26,226.74501092183937,,
2017-01-27,227.43714549174365,,
2017-01-30,226.17488789687616,,
2017-01-31,226.39994702130286,,
2017-02-01,225.88872266153737,,
2017-02-02,226.45142064182488,,
2017-02-03,226.3101441161036,,
2017-02-06,227.47467206888837,,
2017-02-07,227.8172275083858,,
2017-02-08,228.79964118973297,,
2017-02-09,227.88304952605137,,
2017-02-10,227.78592191461797,,
2017-02-13,227.62467803902564,,
2017-02-14,227.15589684004146,,
2017-02-15,226.6223973462489,,
2017-02-16,227.58283690889368,,
2017-02-17,227.9826855985238,,
2017-02-21,228.0043587019015,,
2017-02-22,228.15225756476596,,
2017-02-23,228.71264776089754,,
2017-02-24,230.08949185603038,,
2017-02-27,229.33514745235678,,
2017-02-28,229.85339550303175,,
2017-03-01,227.92649607124832,,
2017-03-02,227.62487871590875,,
2017-03-03,227.82485322994458,,
2017-03-06,227.52253350551408,,
2017-03-07,226.9253191013288,,
2017-03-08,225.86484211244527,,
2017-03-09,224.71345849550534,,
2017-03-10,225.24585426644072,,
2017-03-13,224.62255186744892,,
2017-03-14,224.78991638797666,,
2017-03-15,226.4030575129913,,
2017-03-16,226.2285689631126,,
2017-03-17,226.65370294001667,,
2017-03-20,227.2290435639412,,
2017-03-21,228.0543272458001,,
2017-03-22,228.8820190502565,,
2017-03-23,228.6183296258279,,
2017-03-24,229.20250003260998,,
2017-03-27,229.7120186388689,,
2017-03-28,229.18062625234916,,
2017-03-29,229.7574719528971,,
2017-03-30,229.0638323063694,,
2017-03-31,229.4631793037917,,
2017-04-03,230.16976260928112,,
2017-04-04,229.97400230979093,,
2017-04-05,230.08136444226372,,
2017-04-06,230.34756232773142,,
2017-04-07,229.99176221394765,,
2017-04-10,230.37545641448608,,
2017-04-11,231.674839232732,,
2017-04-12,231.80688462182943,,
2017-04-13,232.68314023200256,,
2017-04-17,232.23442672133103,,
2017-04-18,233.92422641570016,,
2017-04-19,233.40848682606432,,
2017-04-20,232.80434906941113,,
2017-04-21,232.94582627201552,,
2017-04-24,232.393463151209,,
2017-04-25,231.14073770829003,,
2017-04-26,231.57149063792173,,
2017-04-27,231.75460829377494,,
2017-04-28,232.03435186885363,,
2017-05-01,230.979192817373,,
2017-05-02,231.9604024374214,,
2017-05-03,232.11221449950682,,
2017-05-04,231.14916613738137,,
2017-05-05,231.42830768181076,,
2017-05-08,231.0195288708815,,
2017-05-09,230.77229495086925,,
2017-05-10,230.77670984229806,,
2017-05-11,231.19130828283798,,
2017-05-12,232.48085793381074,,
2017-05-15,232.26222046964412,,
2017-05-16,232.78548544239723,,
2017-05-17,234.6240870456048,,
2017-05-18,234.2011605144151,,
2017-05-19,234.4034428126069,,
2017-05-22,234.25313582714494,,
2017-05-23,233.54815793672054,,
2017-05-24,233.87104704167157,,
2017-05-25,234.05526842038196,,
2017-05-26,234.27591265337986,,
2017-05-30,234.96985331523229,,
2017-05-31,235.5687734729242,,
2017-06-01,235.27949774589692,,
2017-06-02,236.75005794545,,
2017-06-05,236.09655367554763,,
2017-06-06,236.76691480363266,,
2017-06-07,236.25217859841246,,
2017-06-08,235.9192556493051,,
2017-06-09,235.91213161995407,,
2017-06-12,235.7274085490359,,
2017-06-13,235.97925803735998,,
2017-06-14,237.80431395095655,,
2017-06-15,237.45714294314726,,
2017-06-16,237.60333605250509,,
2017-06-19,237.43868066989955,,
2017-06-20,238.43363665644216,,
2017-06-21,238.8822498286721,,
2017-06-22,238.93001092685626,,
2017-06-23,239.14694263751636,,
2017-06-26,239.64913653754115,,
2017-06-27,238.52323888475829,,
2017-06-28,238.17717159980614,,
2017-06-29,237.42784411821071,,
2017-06-30,236.9882614057215,,
2017-07-03,236.28097573114113,,
2017-07-05,236.73480650233233,,
2017-07-06,236.1850632182351,,
2017-07-07,235.77266118618095,,
2017-07-10,236.3769996197173,,
2017-07-11,236.68845014233008,,
2017-07-12,237.48754549094096,,
2017-07-13,237.12813319326088,,
2017-07-14,237.69233625017185,,
2017-07-17,238.10984450551712,,
2017-07-18,239.0620563159537,,
2017-07-19,239.07068542192812,,
2017-07-20,239.1501534676464,,
2017-07-21,239.91734119184008,,
2017-07-24,239.25601052349577,,
2017-07-25,237.60775094393387,,
2017-07-26,238.29105573098062,,
2017-07-27,237.71651781458863,,
2017-07-28,238.34042224422976,,
2017-07-31,237.9604405660292,,
2017-08-01,239.04369438114765,,
2017-08-02,238.91546185282962,,
2017-08-03,239.49622075259853,,
2017-08-04,238.35176048812644,,
2017-08-07,238.47648117098976,,
2017-08-08,237.6131692197783,,
2017-08-09,238.11686819642657,,
2017-08-10,238.26436570552474,,
2017-08-11,238.16794046318233,,
2017-08-14,238.25794404526465,,
2017-08-15,237.56159526081473,,
2017-08-16,238.66230796476518,,
2017-08-17,239.16048832712738,,
2017-08-18,239.08322772712359,,
2017-08-21,239.28761713258822,,
2017-08-22,238.876530537503,,
2017-08-23,239.71535990897297,,
2017-08-24,239.33447518479832,,
2017-08-25,240.08460537392625,,
2017-08-28,240.26200373861033,,
2017-08-29,240.37197467056384,,
2017-08-30,240.34257550718573,,
2017-08-31,241.00500989838727,,
2017-09-01,240.11721536743434,,
2017-09-05,241.9129724560944,,
2017-09-06,240.70620201941148,,
2017-09-07,241.67888287192702,,
2017-09-08,241.31094180671403,,
2017-09-11,240.20360676562044,,
2017-09-12,239.68184686949078,,
2017-09-13,239.39959483337296,,
2017-09-14,239.78429241832703,,
2017-09-15,239.96279450586832,,
2017-09-18,239.6793384084517,,
2017-09-19,239.8233240720952,,
2017-09-20,239.56826375364102,,
2017-09-21,239.88443018300728,,
2017-09-22,240.18434178484026,,
2017-09-25,241.02557927890777,,
2017-09-26,241.12782415086085,,
2017-09-27,239.73783571988315,,
2017-09-28,240.09574294093977,,
2017-09-29,240.4816445871926,,
2017-10-02,240.66546461213676,,
2017-10-03,240.84316399214552,,
2017-10-04,240.79941643162388,,
2017-10-05,240.34107043056227,,
2017-10-06,240.18072960094398,,
2017-10-10,240.73229001421797,,
2017-10-11,240.56883869291119,,
2017-10-12,240.98133002617828,,
2017-10-13,242.00608652986523,,
2017-10-16,241.59239113529938,,
2017-10-17,242.0006682540208,,
2017-10-18,241.2347849295674,,
2017-10-19,241.8143397680376,,
2017-10-20,240.62653329681015,,
2017-10-23,241.07956136046886,,
2017-10-24,240.67700353291653,,
2017-10-25,239.91834457625575,,
2017-10-26,239.79593167754837,,
2017-10-27,240.3763895619926,,
2017-10-30,241.4933570934763,,
2017-10-31,241.1836123243701,,
2017-11-01,241.14086814826408,,
2017-11-02,241.67065511971884,,
2017-11-03,241.71319861894168,,
2017-11-06,241.80741641556972,,
2017-11-07,241.377365855029,,
2017-11-08,240.76861253006393,,
2017-11-09,240.2095267336727,,
2017-11-10,238.50778676475755,,
2017-11-13,238.85987435620345,,
2017-11-14,239.35725201103324,,
2017-11-15,240.26561592250658,,
2017-11-16,240.0373459679499,,
2017-11-17,240.6510158765516,,
2017-11-20,240.79510187863664,,
2017-11-21,241.89119901427514,,
2017-11-22,242.67052768989802,,
2017-11-24,242.36118427455807,,
2017-11-27,242.46072000858896,,
2017-11-28,242.3021852709188,,
2017-11-29,241.59439790413066,,
2017-11-30,241.49014626334628,,
2017-12-01,242.79053246600785,,
2017-12-04,242.83899593328297,,
2017-12-05,243.691370994364,,
2017-12-06,243.69879603903968,,
2017-12-07,242.35064873819394,,
2017-12-08,242.38968039196206,,
2017-12-11,242.57169432495806,,
2017-12-12,242.55995472729518,,
2017-12-13,243.7352188933272,,
2017-12-14,244.3859136868658,,
2017-12-15,244.60575521233116,,
2017-12-18,243.5783899091636,,
2017-12-19,242.05816218103666,,
2017-12-20,241.1076561241066,,
2017-12-21,242.16903615896422,,
2017-12-22,242.20596070545955,,
2017-12-26,242.77598339198113,,
2017-12-27,244.2996226271213,,
2017-12-28,244.1789154819205,,
2018-01-02,242.54149245404747,,
2018-01-03,243.13439230524557,,
2018-01-04,242.8939813992597,,
2018-01-05,242.5695872176852,,
2018-01-08,242.58925355223164,,
2018-01-09,241.37014148723645,,
2018-01-10,241.68078930231673,,
2018-01-11,242.38777396157238,,
2018-01-12,242.57460413976344,,
2018-01-16,242.69651534626297,,
2018-01-17,242.07461768545303,,
2018-01-18,241.2738165833356,,
2018-01-19,240.56141364823551,,
2018-01-22,240.07768202145837,,
2018-01-23,240.70971386486616,,
2018-01-24,240.137985424838,,
2018-01-25,241.4494088560715,,
2018-01-26,240.97922291890546,,
2018-01-29,240.5973348103152,,
2018-01-30,239.57759522870643,,
2018-01-31,240.23019645263471,,
2018-02-01,239.4550819915575,,
2018-02-02,237.60945669744044,,
2018-02-05,238.36681125436095,,
2018-02-06,238.2066711016258,,
2018-02-07,236.95605276597968,,
2018-02-08,236.5897171158317,,
2018-02-09,236.08210493996248,,
2018-02-12,235.88303347190075,,
2018-02-13,235.29896340356024,,
2018-02-14,234.34223636325325,,
2018-02-15,235.37251148122618,,
2018-02-16,235.70021683137222,,
2018-02-20,235.4850912126603,,
2018-02-21,234.14527200246434,,
2018-02-22,234.74188437600026,,
2018-02-23,235.4815793672056,,
2018-02-26,235.61031358773138,,
2018-02-27,234.78904344353504,,
2018-02-28,235.533655018377,,
2018-03-01,235.80677625631256,,
2018-03-02,234.88617105496837,,
2018-03-05,234.4284270845562,,
2018-03-06,235.17966099654134,,
2018-03-07,234.83218897340728,,
2018-03-08,235.3581630840826,,
2018-03-09,234.66642986794457,,
2018-03-12,235.00176093964944,,
2018-03-13,235.0966811053684,,
2018-03-14,235.5960655290294,,
2018-03-15,235.64844219552552,,
2018-03-16,235.64021444331732,,
2018-03-19,235.71607030513923,,
2018-03-20,234.80238845626297,,
2018-03-21,234.10192579570892,,
2018-03-22,234.83861063366737,,
2018-03-23,234.77710316898902,,
2018-03-26,235.06587720380844,,
2018-03-27,236.33244935166314,,
2018-03-28,236.3586376849112,,
2018-03-29,237.3832938501566,,
2018-04-02,237.5325974512029,,
2018-04-03,236.69346706440825,,
2018-04-04,236.5743653342725,,
2018-04-05,236.05130103840253,,
2018-04-06,237.20659785456343,,
2018-04-09,237.3936287096376,,
2018-04-10,237.57022436678915,,
2018-04-11,237.66464284030033,,
2018-04-12,237.09763030702558,,
2018-04-13,237.10906888936384,,
2018-04-16,237.32911109171235,,
2018-04-17,237.8604031397905,,
2018-04-18,236.37770198880824,,
2018-04-19,234.92781150821722,,
2018-04-20,234.12751209830756,,
2018-04-23,233.96095028531235,,
2018-04-24,233.50541376061454,,
2018-04-25,232.2304131836685,,
2018-04-26,233.01606318110987,,
2018-04-27,234.1195853614241,,
2018-04-30,234.44066837442693,,
2018-05-01,233.16095189072743,,
2018-05-02,233.31286429125439,,
2018-05-03,233.53009701723914,,
2018-05-04,233.57665405412456,,
2018-05-07,233.73107491569064,,
2018-05-08,233.3452736078794,,
2018-05-09,233.07054695487878,,
2018-05-10,234.2190207570134,,
2018-05-11,234.6824840185947,,
2018-05-14,234.61144440196784,,
2018-05-15,232.64691805459816,,
2018-05-16,232.51647808056575,,
2018-05-17,231.99110600053982,,
2018-05-18,232.8093659914893,,
2018-05-21,232.95716451591218,,
2018-05-22,233.07355710812573,,
2018-05-23,233.95643505544203,,
2018-05-24,234.79666916509387,,
2018-05-25,235.52723335811692,,
2018-05-29,237.97318354810778,,
2018-05-30,236.86002887740347,,
2018-05-31,237.46667509509572,,
2018-06-01,236.15926520152476,,
2018-06-04,235.51810255993468,,
2018-06-05,235.88654531735546,,
2018-06-06,234.62739821417645,,
2018-06-07,235.77035340202502,,
2018-06-08,235.4579998334382,,
2018-06-11,235.19842428511367,,
2018-06-12,235.4414439905802,,
2018-06-13,235.24939621342787,,
2018-06-14,236.01176769242653,,
2018-06-15,236.2714435791926,,
2018-06-18,235.9933054191789,,
2018-06-19,236.10678819658708,,
2018-06-20,235.32143921447042,,
2018-06-21,235.07480732510757,,
2018-06-22,234.93764467549042,,
2018-06-25,235.39548898434418,,
2018-06-26,235.51127954590837,,
2018-06-27,236.80474239610203,,
2018-06-28,236.41833905764145,,
2018-06-29,236.8395598353245,,
2018-07-02,236.55740813764828,,
2018-07-03,237.5816629491274,,
2018-07-05,237.94599183044411,,
2018-07-06,238.43504139462402,,
2018-07-09,238.22202288318496,,
2018-07-10,238.3168427104624,,
2018-07-11,238.95338978374053,,
2018-07-12,239.03887813595256,,
2018-07-13,239.64241386195638,,
2018-07-16,238.92328825127157,,
2018-07-17,238.78351680217372,,
2018-07-18,238.60892791385342,,
2018-07-19,239.05091874894015,,
2018-07-20,237.90254528524716,,
2018-07-23,236.4116163820567,,
2018-07-24,237.54202926470987,,
2018-07-25,237.85899840160863,,
2018-07-26,237.31115051067252,,
2018-07-27,237.60343639094663,,
2018-07-30,237.30432749664615,,
2018-07-31,237.82157216290548,,
2018-08-01,236.77373781765897,,
2018-08-02,237.0704385893619,,
2018-08-03,237.89301313329864,,
2018-08-06,238.15830797279222,,
2018-08-07,237.45724328158877,,
2018-08-08,237.17117838469153,,
2018-08-09,237.55346784704807,,
2018-08-10,238.28232628656457,,
2018-08-13,237.72594962809558,,
2018-08-14,237.7303645195244,,
2018-08-15,238.58304059593007,,
2018-08-16,238.68648952918196,,
2018-08-17,238.64836092138785,,
2018-08-20,239.7852958027426,,
2018-08-21,239.44926236194686,,
2018-08-22,239.51157253415772,,
2018-08-23,239.53535274480822,,
2018-08-24,239.48076863259774,,
2018-08-27,239.13600574738592,,
2018-08-28,238.39239755695965,,
2018-08-29,238.54902586424006,,
2018-08-30,238.63371150891956,,
2018-08-31,238.53879134320061,,
2018-09-04,237.3708518834027,,
2018-09-05,237.42714174911978,,
2018-09-06,238.2173069764315,,
2018-09-07,237.14057516001472,,
2018-09-10,237.59360322367345,,
2018-09-11,236.93478101636822,,
2018-09-12,237.90013716264963,,
2018-09-13,238.39530737176494,,
2018-09-14,237.89150805667515,,
2018-09-17,237.736886518226,,
2018-09-18,236.58841271609137,,
2018-09-19,235.83467034306716,,
2018-09-20,236.5518895233623,,
2018-09-21,236.7376159786961,,
2018-09-24,236.52449712881548,,
2018-09-25,236.01267073840063,,
2018-09-26,236.84848995662372,,
2018-09-27,236.97812722312358,,
2018-09-28,236.8810999501318,,
2018-10-01,236.61460104933943,,
2018-10-02,236.95926359610965,,
2018-10-03,234.86499964379854,,
2018-10-04,234.16604205986795,,
2018-10-05,233.40377091931083,,
2018-10-09,234.05577011258978,,
2018-10-10,233.339152962944,,
2018-10-11,234.73164985496075,,
2018-10-12,234.99363352588279,,
2018-10-15,234.27360486922387,,
2018-10-16,234.6400408578134,,
2018-10-17,233.99466400167762,,
2018-10-18,233.8161619141364,,
2018-10-19,233.14289097124603,,
2018-10-22,233.19918083696308,,
2018-10-23,233.20580317410625,,
2018-10-24,233.97519834401436,,
2018-10-25,233.649399424258,,
2018-10-26,234.23005798558538,,
2018-10-29,234.06048601934324,,
2018-10-30,233.33423637930738,,
2018-10-31,232.6928730608342,,
2018-11-01,232.9607766998085,,
2018-11-02,232.02090651768415,,
2018-11-05,232.6698955577162,,
2018-11-06,232.94692999487273,,
2018-11-07,233.22095427878233,,
2018-11-08,233.1352652496872,,
2018-11-09,233.77080893854975,,
2018-11-13,234.17557421181647,,
2018-11-14,234.16273089129632,,
2018-11-15,232.93830088889825,,
2018-11-16,233.79549219517432,,
2018-11-19,234.02215673466605,,
2018-11-20,234.0370068240174,,
2018-11-21,234.31996122922615,,
2018-11-23,234.43805957494627,,
2018-11-26,234.908546527437,,
2018-11-27,234.60562477235717,,
2018-11-28,234.4670573845581,,
2018-11-29,234.53889970871754,,
2018-11-30,234.36611691234535,,
2018-12-03,235.669011576046,,
2018-12-04,237.21101274599224,,
2018-12-06,237.32258909301072,,
2018-12-07,237.67969360653484,,
2018-12-10,237.79177164576114,,
2018-12-11,238.1854996904559,,
2018-12-12,238.46002566657333,,
2018-12-13,238.726223552041,,
2018-12-14,238.78642661697907,,
2018-12-17,239.53043616117165,,
2018-12-18,240.26320779990908,,
2018-12-19,241.73497206076092,,
2018-12-20,240.34588667575733,,
2018-12-21,239.84088329936876,,
2018-12-24,240.77593723629803,,
2018-12-26,239.5047495201314,,
2018-12-27,240.01226135755905,,
2018-12-28,239.89255759677394,,
2018-12-31,240.73108595291916,,
2019-01-02,241.4662657142542,,
2019-01-03,242.7015322683411,,
2019-01-04,241.03621515371344,,
2019-01-07,241.36723167243113,,
2019-01-08,241.54834255945303,,
2019-01-09,241.6953383763434,,
2019-01-10,240.8900220443556,,
2019-01-11,241.4772026043846,,
2019-01-14,240.9056748412395,,
2019-01-15,240.82409968824848,,
2019-01-16,241.01614746540082,,
2019-01-17,241.26418409294553,,
2019-01-18,241.61265950049517,,
2019-01-22,242.90592167380572,,
2019-01-23,242.9287988384822,,
2019-01-24,244.0265013891857,,
2019-01-25,243.4762453756521,,
2019-01-28,243.5817010777352,,
2019-01-29,244.02088243645815,,
2019-01-30,244.29139487491307,,
2019-01-31,246.11083183578208,,
2019-02-01,245.45050455185338,,
2019-02-04,245.14547568950067,,
2019-02-05,246.01992520772566,,
2019-02-06,245.6115477505626,,
2019-02-07,246.30910059631134,,
2019-02-08,246.784203117114,,
2019-02-11,246.3430149895598,,
2019-02-12,245.83409841395024,,
2019-02-13,245.45632418146405,,
2019-02-14,245.74258975524447,,
2019-02-15,246.03196582071325,,
2019-02-19,246.3635843700803,,
2019-02-20,245.91958676616227,,
2019-02-21,244.8275031681863,,
2019-02-22,245.51391844692145,,
2019-02-25,245.29467895210547,,
2019-02-26,245.81102057239067,,
2019-02-27,244.38521131777486,,
2019-02-28,244.22356608841622,,
2019-03-01,243.74465070683416,,
2019-03-04,244.39966005336,,
2019-03-05,244.2236664268578,,
2019-03-06,244.8246936918225,,
2019-03-07,245.83610518278155,,
2019-03-08,245.92600842642233,,
2019-03-11,245.60442372121165,,
2019-03-12,246.93782127114758,,
2019-03-13,246.67092101658895,,
2019-03-14,245.828178445898,,
2019-03-15,246.6206514573657,,
2019-03-18,246.79503966880287,,
2019-03-19,246.50054634281432,,
2019-03-20,247.71153099404293,,
2019-03-21,248.26269005355064,,
2019-03-22,250.33949511702974,,
2019-03-25,251.08159823083258,,
2019-03-26,251.50893965345108,,
2019-03-27,252.6715611758461,,
2019-03-28,252.39111523167645,,
2019-03-29,252.26007322699468,,
2019-04-01,250.74325700588082,,
2019-04-02,250.77526496873955,,
2019-04-03,250.1406243258511,,
2019-04-04,250.38223929313577,,
2019-04-05,250.52361615729856,,
2019-04-08,250.24547799728484,,
2019-04-09,250.81198883835177,,
2019-04-10,251.40749748903053,,
2019-04-11,250.83215686510601,,
2019-04-12,250.10921839364175,,
2019-04-15,250.51980329651914,,
2019-04-16,249.78301812011915,,
2019-04-17,249.73535736037653,,
2019-04-18,250.290028265339,,
2019-04-22,249.37092814061833,,
2019-04-23,249.8623858273958,,
2019-04-24,250.8851355622515,,
2019-04-25,250.80707225471514,,
2019-04-26,251.53863983215388,,
2019-04-29,250.64562770223966,,
2019-04-30,251.10407404174282,,
2019-05-01,251.2857869594141,,
2019-05-02,249.92278956921697,,
2019-05-03,250.36106788196588,,
2019-05-06,250.8058681934164,,
2019-05-07,251.772328062555,,
2019-05-08,250.86446584328942,,
2019-05-09,251.06905592563717,,
2019-05-10,251.02932190277807,,
2019-05-13,251.54927570695955,,
2019-05-14,251.5390411859201,,
2019-05-15,252.5559712911651,,
2019-05-16,252.14970094127494,,
2019-05-17,252.55085403064535,,
2019-05-20,251.98083134412371,,
2019-05-21,251.7964092885302,,
2019-05-22,252.4377726070034,,
2019-05-23,254.14202103695766,,
2019-05-24,253.83227626785146,,
2019-05-28,254.97613450167412,,
2019-05-29,255.18192864532065,,
2019-05-30,256.25474726251645,,
2019-05-31,257.5764052147895,,
2019-06-03,258.8091633078373,,
2019-06-04,257.85614878986826,,
2019-06-05,257.3445230763365,,
2019-06-06,257.6013894867388,,
2019-06-07,259.15964548421823,,
2019-06-10,258.28017904391515,,
2019-06-11,258.6565485382194,,
2019-06-12,258.56524055639676,,
2019-06-13,259.221754979546,,
2019-06-14,259.33844858708426,,
2019-06-17,259.5780567855376,,
2019-06-18,260.9044306445641,,
2019-06-19,261.86125802331264,,
2019-06-20,263.1910433893522,,
2019-06-21,262.07829007241423,,
2019-06-24,263.428042788325,,
2019-06-25,263.5390171046941,,
2019-06-26,262.6259372864672,,
2019-06-27,264.08626296498085,,
2019-06-28,264.33872331373726,,
2019-07-01,264.01953790134127,,
2019-07-02,265.21486975568587,,
2019-07-03,266.0604218027407,,
2019-07-05,263.8245803093836,,
2019-07-08,264.1177692356318,,
2019-07-09,263.52938461430404,,
2019-07-10,263.24703223974467,,
2019-07-11,261.73583497135843,,
2019-07-12,262.1745146378736,,
2019-07-15,262.6684807856901,,
2019-07-16,262.0046416563068,,
2019-07-17,263.5768446971635,,
2019-07-18,263.822172186786,,
2019-07-19,264.07542641329206,,
2019-07-22,264.1893105444665,,
2019-07-23,263.60172863067123,,
2019-07-24,264.42069099071165,,
2019-07-25,263.9294339808173,,
2019-07-26,263.9890350151059,,
2019-07-29,264.4639368590255,,
2019-07-30,264.0172301171853,,
2019-07-31,264.85184527410956,,
2019-08-01,267.20899594331684,,
2019-08-02,267.51833935865676,,
2019-08-05,268.7547096356009,,
2019-08-06,269.65815696343765,,
2019-08-07,270.8912160718102,,
2019-08-08,269.4869795821305,,
2019-08-09,270.4601621268539,,
2019-08-12,273.29382005504567,,
2019-08-13,273.209636102574,,
2019-08-14,275.25623929514256,,
2019-08-15,276.3544435380539,,
2019-08-16,276.6089018258586,,
2019-08-19,275.0789412689,,
2019-08-20,276.27487515389413,,
2019-08-21,276.5631474965057,,
2019-08-22,275.65097072425294,,
2019-08-23,277.4180310186258,,
2019-08-26,276.68285125729085,,
2019-08-27,278.63613969920544,,
2019-08-28,279.05073813974536,,
2019-08-29,277.94551020592456,,
2019-08-30,278.50028144932855,,
2019-09-03,278.52737282855065,,
2019-09-04,278.59871346050227,,
2019-09-05,275.96563207699575,,
2019-09-06,276.77405890067195,,
2019-09-09,274.69905992914096,,
2019-09-10,272.369201316039,,
2019-09-11,271.61846909626166,,
2019-09-12,270.2149349756729,,
2019-09-13,267.258362456566,,
2019-09-16,268.8674900439181,,
2019-09-17,269.6654816696718,,
2019-09-18,270.84766918817166,,
2019-09-19,271.65428991989984,,
2019-09-20,272.54700103448937,,
2019-09-23,273.7943082015638,,
2019-09-24,275.5963866120424,,
2019-09-25,272.7741672661889,,
2019-09-26,274.24011189743,,
2019-09-27,274.2505470953526,,
2019-09-30,274.4781146808184,,
2019-10-01,275.07833923825063,,
2019-10-02,275.37875253229146,,
2019-10-03,276.85723946872804,,
2019-10-04,277.6553314329232,,
2019-10-07,276.88914709314514,,
2019-10-08,276.9302858541862,,
2019-10-09,276.02944732583006,,
2019-10-10,274.25405894080734,,
2019-10-11,272.78490347943614,,
2019-10-15,272.91755089918297,,
2019-10-16,273.4439263636245,,
2019-10-17,273.4637933750541,,
2019-10-18,273.7082178187025,,
2019-10-21,273.0462851197088,,
2019-10-22,273.938594880532,,
2019-10-23,273.84718656026774,,
2019-10-24,273.9130085779334,,
2019-10-25,273.1384961475055,,
2019-10-28,271.98370102355244,,
2019-10-29,272.18026403057513,,
2019-10-30,273.0017348516546,,
2019-10-31,274.8807728468123,,
2019-11-01,274.25977823197644,,
2019-11-04,272.8204232877496,,
2019-11-05,271.0957058157164,,
2019-11-06,272.63891104696137,,
2019-11-07,270.1368716681366,,
2019-11-08,270.06161783696405,,
2019-11-12,270.92091625051296,,
2019-11-13,271.5487338793751,,
2019-11-14,272.8980852415196,,
2019-11-15,272.47285092617403,,
2019-11-18,272.89136256593486,,
2019-11-19,273.66667770389523,,
2019-11-20,274.43787896575145,,
2019-11-21,273.46078322180716,,
2019-11-22,273.7672168223417,,
2019-11-25,274.6534059382296,,
2019-11-26,275.53066493281835,,
2019-11-27,275.1776742953984,,
2019-11-29,275.07195520490615,,
2019-12-02,273.0726741298399,,
2019-12-03,276.46601988507234,,
2019-12-04,274.87716066291597,,
2019-12-05,274.7248469086228,,
2019-12-06,274.3723579634106,,
2019-12-09,274.67357396498386,,
2019-12-10,274.85207605252515,,
2019-12-11,275.9350288523189,,
2019-12-12,273.5641318166174,,
2019-12-13,276.16420185284966,,
2019-12-16,274.69494605303686,,
2019-12-17,274.8754549094094,,
2019-12-18,274.2689090301587,,
2019-12-19,274.7034748205698,,
2019-12-23,273.76581208415985,,
2019-12-24,274.8104355992764,,
2019-12-26,274.6853135626468,,
2019-12-27,275.7130802195806,,
2019-12-30,274.7847489582361,,
2019-12-31,273.85671871221626,,
2020-01-02,274.9487019717507,,
2020-01-03,276.53585544040044,,
2020-01-06,275.0713155473412,,
2020-01-07,274.2404129127547,,
2020-01-08,273.1379944552977,,
2020-01-09,274.3036261309396,,
2020-01-10,275.8652936354323,,
2020-01-13,275.2838323665725,,
2020-01-14,275.81331832270246,,
2020-01-15,276.71596294300673,,
2020-01-16,276.3698956580546,,
2020-01-17,276.17283095882414,,
2020-01-21,278.06150144437186,,
2020-01-22,278.66704393920696,,
2020-01-23,279.2335547802739,,
2020-01-24,280.51748547851906,,
2020-01-27,281.60936839961187,,
2020-01-28,280.75920078424525,,
2020-01-29,282.38056966146814,,
2020-01-30,282.36812769471425,,
2020-01-31,282.9250060453911,,
2020-02-03,283.1046118557896,,
2020-02-04,281.35802060349556,,
2020-02-05,280.53333895228604,,
2020-02-06,281.0570052788054,,
2020-02-07,283.18588599345594,,
2020-02-10,283.52151808048546,,
2020-02-11,282.67094911135257,,
2020-02-12,281.800312453907,,
2020-02-13,282.0308901926197,,
2020-02-14,283.0012632609793,,
2020-02-18,283.88233511634746,,
2020-02-19,283.6545668539985,,
2020-02-20,284.2286030781827,,
2020-02-21,285.0717470026399,,
2020-02-24,286.1849016733442,,
2020-02-25,287.0481132861141,,
2020-02-26,287.45297889782233,,
2020-02-27,286.72562553492935,,
2020-02-28,289.9362549880748,,
2020-03-02,290.8935840590311,,
2020-03-03,293.10584601862087,,
2020-03-04,293.32960074330714,,
2020-03-05,294.60931722700667,,
2020-03-06,301.6987298156683,,
2020-03-09,302.8758000736484,,
2020-03-10,293.2543469121346,,
2020-03-11,291.64140646400307,,
2020-03-12,284.56744599534227,,
2020-03-13,281.39594853440656,,
2020-03-16,284.48587084235123,,
2020-03-17,275.0529536125351,,
2020-03-18,262.4482379064585,,
2020-03-19,259.9040563821771,,
2020-03-20,259.4199234016337,,
2020-03-23,267.2929792189053,,
2020-03-24,272.86968946255723,,
2020-03-25,278.4292418327017,,
2020-03-26,282.1604271206781,,
2020-03-27,285.3105524935608,,
2020-03-30,287.7387427793949,,
2020-03-31,286.94155386117376,,
2020-04-01,285.46326760162026,,
2020-04-02,286.01402530736175,,
2020-04-03,286.5501336006349,,
2020-04-06,285.1031529348492,,
2020-04-07,285.8139504548843,,
2020-04-08,287.05363190040003,,
2020-04-09,291.4646101299684,,
2020-04-13,292.6545237084687,,
2020-04-14,292.96707795393866,,
2020-04-15,293.9313303773629,,
2020-04-16,295.931376533046,,
2020-04-17,294.4186741880362,,
2020-04-20,294.70524077714134,,
2020-04-21,295.8992682317457,,
2020-04-22,294.5827275399924,,
2020-04-23,296.3086490733243,,
2020-04-24,296.3183819021559,,
2020-04-27,294.3483369405003,,
2020-04-28,295.4897870517255,,
2020-04-29,294.8625714535127,,
2020-04-30,294.1229768007489,,
2020-05-01,294.0745133334738,,
2020-05-04,294.005279808795,,
2020-05-05,293.3988342679859,,
2020-05-06,290.9385356808515,,
2020-05-07,293.2148135661587,,
2020-05-08,290.6473535234345,,
2020-05-11,288.31729423344945,,
2020-05-12,289.82136747248467,,
2020-05-13,291.18597027774683,,
2020-05-14,292.94440146614534,,
2020-05-15,293.2573570653815,,
2020-05-18,291.590635212572,,
2020-05-19,293.9143731807386,,
2020-05-20,296.16536577877184,,
2020-05-21,296.02408925305053,,
2020-05-22,296.6834131525636,,
2020-05-26,295.61731721095254,,
2020-05-27,297.0153327172553,,
2020-05-28,295.77735702524615,,
2020-05-29,297.44468090870504,,
2020-06-01,296.80642808192033,,
2020-06-02,296.50832257203547,,
2020-06-03,295.6331706847196,,
2020-06-04,293.5336891334471,,
2020-06-05,292.92870863422326,,
2020-06-08,293.7618587495623,,
2020-06-09,294.3145228856934,,
2020-06-10,295.7615035514791,,
2020-06-11,297.0600836621926,,
2020-06-12,296.3748724447562,,
2020-06-15,296.4349751712526,,
2020-06-16,296.85569425672793,,
2020-06-17,296.7656906746456,,
2020-06-18,297.5378953209174,,
2020-06-19,297.53117264533273,,
2020-06-22,297.24701417882517,,
2020-06-23,296.6184941808721,,
2020-06-24,296.02870482136245,,
2020-06-25,296.8206761406223,,
2020-06-26,298.1854796227676,,
2020-06-29,298.209962202509,,
2020-06-30,298.45177784667686,,
2020-07-01,298.9660123596893,,
2020-07-02,300.2678033005327,,
2020-07-06,300.7213330563992,,
2020-07-07,301.94616441256363,,
2020-07-08,301.88024205645644,,
2020-07-09,304.05287033162864,,
2020-07-10,303.4137144588698,,
2020-07-13,303.8040309965513,,
2020-07-14,304.1171872726707,,
2020-07-15,304.4952625204816,,
2020-07-16,305.5129953332591,,
2020-07-17,305.3128201423401,,
2020-07-20,306.04689618081784,,
2020-07-21,306.7873938795557,,
2020-07-22,307.26460350763125,,
2020-07-23,308.0138306507851,,
2020-07-24,307.35420573594735,,
2020-07-27,306.8230140263107,,
2020-07-28,306.9986062990467,,
2020-07-29,306.678627008901,,
2020-07-30,307.8443590229845,,
2020-07-31,307.9273389141574,,
2020-08-03,306.1064972151065,,
2020-08-04,307.60856368531057,,
2020-08-05,307.38220016114354,,
2020-08-06,307.91850913129986,,
2020-08-07,307.4858497712785,,
2020-08-10,306.7124410637079,,
2020-08-11,303.6671693622589,,
2020-08-12,303.148921311584,,
2020-08-13,300.94950267251437,,
2020-08-14,300.04264383766446,,
2020-08-17,300.5078128527523,,
2020-08-18,301.0209436429075,,
2020-08-19,300.62380409119964,,
2020-08-20,301.73515266995577,,
2020-08-21,302.06968103412805,,
2020-08-24,302.5888321307771,,
2020-08-25,301.2101819436961,,
2020-08-26,300.5782504387298,,
2020-08-27,297.82847544768504,,
2020-08-28,298.3354855929049,,
2020-08-31,300.18161257922975,,
2020-09-01,302.0953676751683,,
2020-09-02,304.27361490306805,,
2020-09-03,304.8803614592019,,
2020-09-04,300.3576062057319,,
2020-09-08,301.3444347785079,,
2020-09-09,300.7534413576995,,
2020-09-10,301.7751877081396,,
2020-09-11,302.43571566895133,,
2020-09-14,303.1102910115821,,
2020-09-15,302.34280227206364,,
2020-09-16,302.0905514299733,,
2020-09-17,302.48488150531745,,
2020-09-18,302.0799155551676,,
2020-09-21,301.79525539645226,,
2020-09-22,302.49692211830506,,
2020-09-23,301.92338758632866,,
2020-09-24,301.77418432372394,,
2020-09-25,301.0179334896606,,
2020-09-28,300.98181165069786,,
2020-09-29,302.0012502169819,,
2020-09-30,301.12589765278284,,
2020-10-01,301.49283533358016,,
2020-10-02,300.86873022705583,,
2020-10-05,299.2198686168446,,
2020-10-06,301.2351662156454,,
2020-10-07,299.75045829583183,,
2020-10-08,300.6355436888625,,
2020-10-09,300.1855257784507,,
2020-10-13,302.20654266842064,,
2020-10-14,302.1711231985487,,
2020-10-15,301.6857861567066,,
2020-10-16,301.62648613774263,,
2020-10-19,301.30600515538913,,
2020-10-20,299.61349632309776,,
2020-10-21,299.1776261329464,,
2020-10-22,298.13912326276534,,
2020-10-23,298.9335027046227,,
2020-10-26,300.0419414685735,,
2020-10-27,301.3059048169476,,
2020-10-28,300.5126290979474,,
2020-10-29,298.6089078461651,,
2020-10-30,297.9526414596434,,
2020-11-02,298.8249365108511,,
2020-11-03,298.50475654382234,,
2020-11-04,302.27607720842406,,
2020-11-05,303.0505896388518,,
2020-11-06,302.04680386945165,,
2020-11-09,298.55121324226616,,
2020-11-10,297.94667413184675,,
2020-11-12,300.57182877846975,,
2020-11-13,300.64427313327855,,
2020-11-16,300.6060441870429,,
2020-11-17,302.02723787334685,,
2020-11-18,302.68866888013275,,
2020-11-19,304.03721753474474,,
2020-11-20,304.8992250862158,,
2020-11-23,304.2605709056648,,
2020-11-24,303.83463422122816,,
2020-11-25,303.4463244523779,,
2020-11-27,304.72604093607737,,
2020-11-30,305.2624502446753,,
2020-12-01,303.11450522612773,,
2020-12-02,302.829243036763,,
2020-12-03,304.542521926458,,
2020-12-04,302.4161496728465,,
2020-12-07,303.3709702827637,,
2020-12-08,303.3742814513353,,
2020-12-09,301.8317785891813,,
2020-12-10,303.50733022484843,,
2020-12-11,303.26691931886256,,
2020-12-14,303.25437701366707,,
2020-12-15,302.4599975718097,,
2020-12-16,302.8646625066349,,
2020-12-17,303.11821774846555,,
2020-12-18,302.5110698385655,,
2020-12-21,302.51909691389056,,
2020-12-22,303.6413823827771,,
2020-12-23,302.40882496661237,,
2020-12-24,303.7365032253792,,
2020-12-28,303.7297805497945,,
2020-12-29,303.6629551477132,,
2020-12-30,303.8385474204492,,
2020-12-31,304.8985227171249,,
2021-01-04,303.7067027082349,,
2021-01-05,301.8245542213888,,
2021-01-06,298.4621127061579,,
2021-01-07,298.39859847264825,,
2021-01-08,297.96333031314623,,
2021-01-11,297.4199976520805,,
2021-01-12,297.3684236931169,,
2021-01-13,299.86815528778567,,
2021-01-14,298.7163703170795,,
2021-01-15,299.30335020022534,,
2021-01-19,299.9752164049338,,
2021-01-20,300.0432458683138,,
2021-01-21,298.75971652383487,,
2021-01-22,299.0240079789129,,
2021-01-25,300.4071733958642,,
2021-01-26,300.33041448806824,,
2021-01-27,300.7468190205563,,
2021-01-28,299.9333752748019,,
2021-01-29,299.1803352708686,,
2021-02-01,298.8996886498158,,
2021-02-02,297.88245752924615,,
2021-02-03,297.20266458765417,,
2021-02-04,297.0542640325819,,
2021-02-05,296.4281521572263,,
2021-02-08,297.41588377597634,,
2021-02-09,296.99767315154014,,
2021-02-10,297.71629707001716,,
2021-02-11,297.0365041284252,,
2021-02-12,295.556311438482,,
2021-02-16,293.57904210903376,,
2021-02-17,294.8278543527318,,
2021-02-18,295.25660051353213,,
2021-02-19,293.30311139473446,,
2021-02-22,291.52250541075045,,
2021-02-23,290.41025378602023,,
2021-02-24,290.0300714309366,,
2021-02-25,287.5240185144492,,
2021-02-26,289.83505092677603,,
2021-03-01,290.27128504445494,,
2021-03-02,290.5197230257659,,
2021-03-03,288.60767368333387,,
2021-03-04,287.0107873858525,,
2021-03-05,286.39832153854957,,
2021-03-08,284.8280249280824,,
2021-03-09,286.4860173364759,,
2021-03-10,287.2875208076843,,
2021-03-11,286.8961005471455,,
2021-03-12,284.16679459817965,,
2021-03-15,284.87729110289007,,
2021-03-16,284.661964807295,,
2021-03-17,283.9407320893373,,
2021-03-18,282.98249997240697,,
2021-03-19,283.5606500726952,,
2021-03-22,284.81989751431576,,
2021-03-23,286.0552644068443,,
2021-03-24,286.6430469975227,,
2021-03-25,286.088877784768,,
2021-03-26,285.63113381435585,,
2021-03-29,284.5112564680668,,
2021-03-30,285.3693508203169,,
2021-03-31,285.606952249939,,
2021-04-01,287.8462052503093,,
2021-04-02,287.8677780152454,,
2021-04-05,286.995034250527,,
2021-04-06,287.879818628233,,
2021-04-07,287.4363227165228,,
2021-04-08,288.63135355554283,,
2021-04-09,287.9080137303123,,
2021-04-12,287.6725194079631,,
2021-04-13,288.88932368880234,,
2021-04-14,288.75777999191274,,
2021-04-15,290.9138524242269,,
2021-04-16,289.4825245553251,,
2021-04-19,288.43358648722136,,
2021-04-20,289.5855721348107,,
2021-04-21,289.84896054391464,,
2021-04-22,290.5724007075867,,
2021-04-23,290.651166384214,,
2021-04-26,290.63009531148566,,
2021-04-27,289.1121753675146,,
2021-04-28,289.3460642747989,,
2021-04-29,288.90778596204996,,
2021-04-30,288.8854104895814,,
2021-05-03,289.37435971531977,,
2021-05-04,289.9999698984675,,
2021-05-05,290.4747714039455,,
2021-05-06,290.68136825512454,,
2021-05-07,290.5435032364164,,
2021-05-10,288.71333006230014,,
2021-05-11,287.5869307173095,,
2021-05-12,285.8580993691722,,
2021-05-13,286.6993368632397,,
2021-05-14,287.94574098434015,,
2021-05-17,288.31237764981284,,
2021-05-18,287.5430828183463,,
2021-05-19,287.0241323985804,,
2021-05-20,288.4580690669628,,
2021-05-21,289.02086738569193,,
2021-05-24,290.0283656774299,,
2021-05-25,291.18817772346125,,
2021-05-26,290.7360527057766,,
2021-05-27,290.47246361978955,,
2021-05-28,290.87311501695217,,
2021-05-31,290.93562586604617,,
2021-06-01,290.2415848657522,,
2021-06-02,290.5940738109644,,
2021-06-03,289.50108716701436,,
2021-06-04,291.30788148424637,,
2021-06-07,291.3053730232072,,
2021-06-08,292.4740148520961,,
2021-06-09,293.6076385648793,,
2021-06-10,294.7637380885728,,
2021-06-11,294.76403910389746,,
2021-06-14,293.63844246643936,,
2021-06-15,293.7037627918971,,
2021-06-16,292.7241585869137,,
2021-06-17,295.5916305699123,,
2021-06-18,298.22621703004233,,
2021-06-21,295.6850456590078,,
2021-06-22,295.93278127122784,,
2021-06-23,295.36055113899187,,
2021-06-24,295.9057902304472,,
2021-06-25,294.75079442961106,,
2021-06-28,296.4940745133335,,
2021-06-29,296.9140912297178,,
2021-06-30,297.4528083224717,,
2021-07-01,296.86713283906613,,
2021-07-02,297.78452721028026,,
2021-07-05,297.8491451666471,,
2021-07-06,299.58560223634316,,
2021-07-07,300.4736977826207,,
2021-07-08,300.9341508909552,,
2021-07-09,299.0022345370936,,
2021-07-12,298.95467411579256,,
2021-07-13,297.5262560616961,,
2021-07-14,299.65353136128164,,
2021-07-15,300.66985943587724,,
2021-07-16,300.38429623118776,,
2021-07-19,302.38855660141655,,
2021-07-20,301.54159981617994,,
2021-07-21,300.2198415254654,,
2021-07-22,301.6759529894333,,
2021-07-23,301.197338623176,,
2021-07-26,300.72815607042554,,
2021-07-27,301.98228625152643,,
2021-07-28,302.3984901071313,,
2021-07-29,301.76114032632063,,
2021-07-30,302.0809189395832,,
2021-08-02,303.1225323014528,,
2021-08-03,303.04186019443586,,
2021-08-04,303.3807031115954,,
2021-08-05,302.2054389455634,,
2021-08-06,299.15023373839966,,
2021-08-09,298.0731005682166,,
2021-08-10,297.3048091211657,,
2021-08-11,297.3841768284423,,
2021-08-12,297.591777064037,,
2021-08-13,300.04916583636606,,
2021-08-16,300.75615049562174,,
2021-08-17,300.17940513351533,,
2021-08-18,300.2528528727397,,
2021-08-19,300.96625919225545,,
2021-08-20,301.46975749202056,,
2021-08-23,301.92830416996526,,
2021-08-24,301.0825514460274,,
2021-08-25,299.9479243488286,,
2021-08-26,300.26098028650637,,
2021-08-27,301.7019406457983,,
2021-08-30,302.41735373414525,,
2021-08-31,301.33821379513097,,
2021-09-01,301.5888592221563,,
2021-09-02,302.2264096798501,,
2021-09-03,300.9064574810837,,
2021-09-06,300.97137645277525,,
2021-09-07,299.55028310491286,,
2021-09-08,300.41068524131896,,
2021-09-09,302.56936647311386,,
2021-09-10,301.644547057224,,
2021-09-13,302.4047110905083,,
2021-09-14,303.58308574822877,,
2021-09-15,303.13828543677823,,
2021-09-16,302.3251427063485,,
2021-09-17,301.5632729195577,,
2021-09-20,302.9502511972884,,
2021-09-21,303.1380847598951,,
2021-09-22,304.16043314098454,,
2021-09-23,301.12629900654906,,
2021-09-24,300.1495042779294,,
2021-09-27,299.7164435641418,,
2021-09-28,296.866029116209,,
2021-09-29,296.9859335538772,,
2021-09-30,296.2905881538429,,
2021-10-01,298.09597773289306,,
2021-10-04,297.6798742157297,,
2021-10-05,296.46537771904633,,
2021-10-06,296.64729131360076,,
2021-10-07,295.0848211015756,,
2021-10-08,293.81975403034437,,
2021-10-11,293.884873678919,,
2021-10-12,295.47383323951686,,
2021-10-13,297.2504256858383,,
2021-10-14,298.09276690276306,,
2021-10-15,297.20838387882327,,
2021-10-18,297.66532514170297,,
2021-10-19,295.87328057538076,,
2021-10-20,294.71948883584326,,
2021-10-21,294.17063756049157,,
2021-10-22,295.3859367647073,,
2021-10-25,295.3472061262639,,
2021-10-26,296.7871631011401,,
2021-10-27,299.2662249768469,,
2021-10-28,298.1248752040633,,
2021-10-29,298.5026032808663,,
2021-11-01,297.7826207798906,,
2021-11-02,298.4098363781033,,
2021-11-03,297.8520549814524,,
2021-11-04,299.3471980991886,,
2021-11-05,301.87372005775484,,
2021-11-08,301.34162530214417,,
2021-11-09,302.58180843986764,,
2021-11-10,299.0058467209899,,
2021-11-11,299.0275198243676,,
2021-11-12,297.9340314882097,,
2021-11-15,295.83505162914514,,
2021-11-16,295.2367335021026,,
2021-11-17,296.34537294293654,,
2021-11-18,296.9930575832282,,
2021-11-19,298.1071152999066,,
2021-11-22,296.2216556444889,,
2021-11-23,293.64516514202404,,
2021-11-24,295.13689675274696,,
2021-11-25,295.1585698561247,,
2021-11-26,298.69823805696615,,
2021-11-29,297.95801237574335,,
2021-11-30,299.53713876906806,,
2021-12-01,299.5912211890707,,
2021-12-02,299.6439992093331,,
2021-12-03,302.6359911983119,,
2021-12-06,301.16793945979794,,
2021-12-07,300.31466135274275,,
2021-12-08,297.63482225546767,,
2021-12-09,297.82687003262,,
2021-12-10,297.6381334240393,,
2021-12-13,299.82059486648467,,
2021-12-14,298.8697877942299,,
2021-12-15,297.77780453469546,,
2021-12-16,298.0418953128904,,
2021-12-17,299.2406386742482,,
2021-12-20,297.6489699757281,,
2021-12-21,297.63783240871453,,
2021-12-22,298.6644953427912,,
2021-12-23,297.39621744142994,,
2021-12-24,297.4179908832492,,
2021-12-27,298.0083822734082,,
2021-12-28,298.313611812644,,
2021-12-29,296.68712567490144,,
2021-12-30,298.1327016025052,,
2021-12-31,298.63048061110123,,
2022-01-03,294.11494972542386,,
2022-01-04,294.1146487100991,,
2022-01-05,293.3418420331779,,
2022-01-06,292.90526947393556,,
2022-01-07,291.55993164945363,,
2022-01-10,291.2457719889186,,
2022-01-11,292.10165889545436,,
2022-01-12,291.76341800894414,,
2022-01-13,292.65562743132585,,
2022-01-14,289.97368122677796,,
2022-01-17,290.0390015522357,,
2022-01-18,286.95790902714856,,
2022-01-19,288.1534415583764,,
2022-01-20,288.2324079118868,,
2022-01-21,289.56650783091374,,
2022-01-24,287.99520783603094,,
2022-01-25,287.76904498874705,,
2022-01-26,285.6365520902002,,
2022-01-27,286.7602422972687,,
2022-01-28,286.53628689569916,,
2022-01-31,286.5101989008927,,
2022-02-01,286.5428088944008,,
2022-02-02,287.12838403936473,,
2022-02-03,285.23860983095983,,
2022-02-04,282.4787006573171,,
2022-02-07,282.87373310175224,,
2022-02-08,282.1188870058708,,
2022-02-09,282.9290195830536,,
2022-02-10,279.6506616818529,,
2022-02-11,281.70770007234404,,
2022-02-14,279.56146080730304,,
2022-02-15,278.13384546073905,,
2022-02-16,278.0645115976188,,
2022-02-17,278.9439780379219,,
2022-02-18,279.85846259433066,,
2022-02-21,279.92378291978844,,
2022-02-22,279.76253904419605,,
2022-02-23,277.45314947317297,,
2022-02-24,277.4938868804478,,
2022-02-25,278.17699099061133,,
2022-02-28,281.84094952274023,,
2022-03-01,283.99451349401534,,
2022-03-02,279.06057130701856,,
2022-03-03,280.4487536460481,,
2022-03-04,281.8736598546899,,
2022-03-07,279.9439509465427,,
2022-03-08,277.1034700043246,,
2022-03-09,276.27226635441343,,
2022-03-10,274.2610826317168,,
2022-03-11,274.1072638008001,,
2022-03-14,270.56632019802794,,
2022-03-15,270.9008485622003,,
2022-03-16,273.39004462050497,,
2022-03-17,274.90053951980025,,
2022-03-18,276.2679518014262,,
2022-03-21,273.13739242464834,,
2022-03-22,271.76084934484015,,
2022-03-23,273.8655484950739,,
2022-03-24,272.6753339012489,,
2022-03-25,270.53963017257206,,
2022-03-28,271.5759255970388,,
2022-03-29,273.26231378439473,,
2022-03-30,274.58106192186244,,
2022-03-31,275.29005334994935,,
2022-04-01,274.8917097369427,,
2022-04-04,275.27339716864986,,
2022-04-05,271.5639853224928,,
2022-04-06,270.28697797671543,,
2022-04-07,269.3360705660192,,
2022-04-08,266.58248271419495,,
2022-04-11,263.94027053250613,,
2022-04-12,264.1146587439433,,
2022-04-13,264.80277977618505,,
2022-04-14,262.08932730098627,,
2022-04-15,262.1113014196886,,
2022-04-18,260.7669669796223,,
2022-04-19,258.8005342018629,,
2022-04-20,261.483584129268,,
2022-04-21,259.52146590449587,,
2022-04-22,258.4377103971696,,
2022-04-25,259.9444927741271,,
2022-04-26,262.01056162435896,,
2022-04-27,260.34815432453667,,
2022-04-28,259.6897334709977,,
2022-04-29,258.1444365845999,,
2022-05-02,255.51485159442802,,
2022-05-03,257.01410858826824,,
2022-05-04,258.57748184626746,,
2022-05-05,255.1560413273973,,
2022-05-06,253.5249396213428,,
2022-05-09,254.4793588774938,,
2022-05-10,255.80573273652027,,
2022-05-11,257.26495469217673,,
2022-05-12,257.91615117792315,,
2022-05-13,256.1777876778374,,
2022-05-16,256.41759655317384,,
2022-05-17,254.24085440189762,,
2022-05-18,256.28605285628424,,
2022-05-19,257.04982907346476,,
2022-05-20,258.2374348678091,,
2022-05-23,256.99664969943615,,
2022-05-24,260.149283533358,,
2022-05-25,262.0390577417629,,
2022-05-26,262.3520133409992,,
2022-05-27,263.0095311485641,,
2022-05-30,263.07635655064536,,
2022-05-31,261.3731115051067,,
2022-06-01,260.4998660481805,,
2022-06-02,260.2311597016738,,
2022-06-03,259.58638487618737,,
2022-06-06,257.3525501516616,,
2022-06-07,258.49520432418547,,
2022-06-08,257.53897897608636,,
2022-06-09,257.0760174067129,,
2022-06-10,254.17001546215383,,
2022-06-13,248.51373683434224,,
2022-06-14,247.2948254462301,,
2022-06-15,250.84780966198988,,
2022-06-16,251.85631133814357,,
2022-06-17,252.18983631790027,,
2022-06-20,252.25736408907244,,
2022-06-21,250.7132558118534,,
2022-06-22,253.38195734211496,,
2022-06-23,254.76702918945603,,
2022-06-24,254.22128840579273,,
2022-06-27,252.96575348651,,
2022-06-28,252.94518410598948,,
2022-06-29,254.77967183309303,,
2022-06-30,255.4648830505294,,
2022-07-01,257.2224111929538,,
2022-07-04,257.29003930256755,,
2022-07-05,258.3542288137889,,
2022-07-06,256.58476039681847,,
2022-07-07,256.41589079966724,,
2022-07-08,255.4620735741657,,
2022-07-11,257.64343129375385,,
2022-07-12,258.10478744806227,,
2022-07-13,259.46076114735,,
2022-07-14,257.8684904181805,,
2022-07-15,259.22356107149415,,
2022-07-18,258.8532118836837,,
2022-07-19,258.0000341150701,,
2022-07-20,258.27676753690196,,
2022-07-21,261.51689649186704,,
2022-07-22,263.65380428184267,,
2022-07-25,261.5601423601809,,
2022-07-26,261.5036518175807,,
2022-07-27,262.11340852696145,,
2022-07-28,263.8961216182182,,
2022-07-29,264.4306648324799,,
2022-08-01,265.85643375104223,,
2022-08-02,261.9656100025386,,
2022-08-03,264.1996454039475,,
2022-08-04,264.2531257933008,,
2022-08-05,260.4219030790857,,
2022-08-08,262.34950487996014,,
2022-08-09,261.6877728578495,,
2022-08-10,261.64482800486036,,
2022-08-11,259.6835124876207,,
2022-08-12,261.34280929575453,,
2022-08-15,261.6800467978491,,
2022-08-16,261.49311628121654,,
2022-08-17,259.8213775063289,,
2022-08-18,260.13543682842226,,
2022-08-19,257.78691526518946,,
2022-08-22,256.41558978434256,,
2022-08-23,256.13644823991325,,
2022-08-24,255.17901883051533,,
2022-08-25,257.5444975903723,,
2022-08-26,257.67533891817095,,
2022-08-29,255.79218704690922,,
2022-08-30,255.88449841314755,,
2022-08-31,253.87231130603521,,
2022-09-01,251.53593069423167,,
2022-09-02,252.71791753584841,,
2022-09-05,252.78664936831933,,
2022-09-06,249.1045295782675,,
2022-09-07,251.7369085926831,,
2022-09-08,250.885235900693,,
2022-09-09,251.16196932252487,,
2022-09-12,250.97323271394413,,
2022-09-13,249.65799642193116,,
2022-09-14,250.39999919729246,,
2022-09-15,249.67966952530887,,
2022-09-16,248.79498548604442,,
2022-09-19,248.95572766942902,,
2022-09-20,247.33586386882956,,
2022-09-21,249.00248538319752,,
2022-09-22,245.1654430393718,,
2022-09-23,244.85619996247343,,
2022-09-26,241.60031787218287,,
2022-09-27,237.92682718810548,,
2022-09-28,242.103113802857,,
2022-09-29,240.5904114578473,,
2022-09-30,240.44853290147668,,
2022-10-03,243.32363060603416,,
2022-10-04,244.4310659855693,,
2022-10-05,242.40723961923564,,
2022-10-06,241.8033025394656,,
2022-10-07,240.1450091157474,,
2022-10-10,240.21404196354302,,
2022-10-11,237.71451104575735,,
2022-10-12,238.1841952907156,,
2022-10-13,236.94451384519985,,
2022-10-14,236.15796080178444,,
2022-10-17,236.35813599270338,,
2022-10-18,237.43918236210737,,
2022-10-19,234.72482684093444,,
2022-10-20,233.01917367279836,,
2022-10-21,232.12576018911793,,
2022-10-24,231.94665607092722,,
2022-10-25,235.33368050434112,,
2022-10-26,236.51647005349042,,
2022-10-27,238.06840472915144,,
2022-10-28,237.36814274548047,,
2022-10-31,236.3921507243934,,
2022-11-01,237.48373263016154,,
2022-11-02,237.1864298278092,,
2022-11-03,235.7805879230645,,
2022-11-04,234.91536954146332,,
2022-11-07,234.22845257052037,,
2022-11-08,235.26053378044142,,
2022-11-09,235.26163750329863,,
2022-11-10,241.21491791813784,,
2022-11-11,241.23799575969747,,
2022-11-14,241.42703338360286,,
2022-11-15,243.74083784605475,,
2022-11-16,246.024440437596,,
2022-11-17,244.57535266453752,,
2022-11-18,244.38842214790486,,
2022-11-21,244.88479641831898,,
2022-11-22,246.74577349399524,,
2022-11-23,248.84053913851423,,
2022-11-24,248.86371731851534,,
2022-11-25,249.47036353620763,,
2022-11-28,248.75234164837997,,
2022-11-29,246.91153259945798,,
2022-11-30,248.41420110031135,,
2022-12-01,252.64416878129933,,
2022-12-02,253.90090776188083,,
2022-12-05,251.83303281970083,,
2022-12-06,253.31944649302093,,
2022-12-07,255.93085477314986,,
2022-12-08,255.65592744326614,,
2022-12-09,252.9793995145626,,
2022-12-12,252.91538358884517,,
2022-12-13,254.5023363806118,,
2022-12-14,254.80325136686042,,
2022-12-15,254.90940943803452,,
2022-12-16,253.53728124965505,,
2022-12-19,251.4576667098122,,
2022-12-20,248.8794704538408,,
2022-12-21,249.415578747114,,
2022-12-22,249.39059447516473,,
2022-12-23,247.99267930730355,,
2022-12-26,248.06221384730696,,
2022-12-27,245.7372718178416,,
2022-12-28,245.1488871965138,,
2022-12-29,246.46111333527986,,
2022-12-30,245.49052724840888,,
2023-01-02,245.53699628848102,,
2023-01-03,246.99220470647495,,
2023-01-04,248.53540993771995,,
2023-01-05,248.56470876265644,,
2023-01-06,251.886312532171,,
2023-01-09,253.14214846677845,,
2023-01-10,251.3964602604585,,
2023-01-11,253.975559562404,,
2023-01-12,256.4803080791509,,
2023-01-13,255.45966545156813,,
2023-01-16,255.52930033001311,,
2023-01-17,255.11490256635634,,
2023-01-18,258.00655611377175,,
2023-01-19,256.5956972869489,,
2023-01-20,254.5755834429531,,
2023-01-23,254.09315621591628,,
2023-01-24,255.70579564872315,,
2023-01-25,255.93456729548768,,
2023-01-26,255.66596128742245,,
2023-01-27,255.126240810253,,
2023-01-30,254.19329398059656,,
2023-01-31,255.66525891833152,,
2023-02-01,257.71968850934195,,
2023-02-02,257.9826755646797,,
2023-02-03,255.08861389466668,,
2023-02-06,253.313225509644,,
2023-02-07,252.3741580350522,,
2023-02-08,252.80872382546326,,
2023-02-09,251.17792313473348,,
2023-02-10,249.7199052403758,,
2023-02-13,250.50856539106405,,
2023-02-14,250.18376985572334,,
2023-02-15,249.36410512659197,,
2023-02-16,247.56112367013938,,
2023-02-17,248.2287756603022,,
2023-02-20,248.29901256939658,,
2023-02-21,245.5176309692593,,
2023-02-22,246.70714319399335,,
2023-02-23,247.96187540574354,,
2023-02-24,246.2447836552692,,
2023-02-27,246.61202235139123,,
2023-02-28,246.63851169996397,,
2023-03-01,245.25193477599942,,
2023-03-02,244.54625451648408,,
2023-03-03,247.62082504286957,,
2023-03-06,247.03645395920438,,
2023-03-07,246.9928067371243,,
2023-03-08,246.56135143840174,,
2023-03-09,246.98959590699428,,
2023-03-10,250.7313167313348,,
2023-03-13,251.61891058540456,,
2023-03-14,249.84121441622597,,
2023-03-15,252.5390140945409,,
2023-03-16,251.88851997788544,,
2023-03-17,254.7245860286747,,
2023-03-20,253.5742057961504,,
2023-03-21,252.80962687143736,,
2023-03-22,255.56742893780725,,
2023-03-23,255.62271541910863,,
2023-03-24,256.0732350217283,,
2023-03-27,253.6137391421264,,
2023-03-28,253.27399317899273,,
2023-03-29,253.7992649205771,,
2023-03-30,254.61551814269532,,
2023-03-31,256.7432951344886,,
2023-04-03,257.6191493908955,,
2023-04-04,258.7997314943304,,
2023-04-05,259.4162108792959,,
2023-04-06,260.14396559595514,,
2023-04-07,260.1680468219304,,
2023-04-10,257.6400197867407,,
2023-04-11,257.9511692940288,,
2023-04-12,258.0975630802697,,
2023-04-13,257.38776894465036,,
2023-04-14,256.3907058508349,,
2023-04-17,255.09062066349796,,
2023-04-18,255.57415161339193,,
2023-04-19,254.93810623232162,,
2023-04-20,255.94640723159213,,
2023-04-21,255.4624749279319,,
2023-04-24,256.81834828877805,,
2023-04-25,258.9275626688821,,
2023-04-26,257.61714262206425,,
2023-04-27,256.23748905056755,,
2023-04-28,258.3603494587243,,
2023-05-01,254.13710445332103,,
2023-05-02,257.2877315184116,,
2023-05-03,258.51988758081006,,
2023-05-04,257.35104507503814,,
2023-05-05,256.9149742080036,,
2023-05-08,255.03152132141716,,
2023-05-09,254.6299668782804,,
2023-05-10,256.51602856434755,,
2023-05-11,257.651659045962,,
2023-05-12,256.2480245869317,,
2023-05-15,254.76702918945603,,
2023-05-16,253.5122969777058,,
2023-05-17,253.4363407774423,,
2023-05-18,252.27381959348884,,
2023-05-19,251.72205850333174,,
2023-05-22,251.54345607734888,,
2023-05-23,251.9020656674965,,
2023-05-24,251.04517537654507,,
2023-05-25,250.4669249378152,,
2023-05-26,251.15655104668045,,
2023-05-29,251.22879472460608,,
2023-05-30,253.30359301925392,,
2023-05-31,254.32875087670715,,
2023-06-01,254.96409388868653,,
2023-06-02,253.6860831584936,,
2023-06-05,253.69511361823433,,
2023-06-06,253.77428064862778,,
2023-06-07,251.87688071866404,,
2023-06-08,253.35988288497103,,
2023-06-09,252.67065812987207,,
2023-06-12,252.95632167300303,,
2023-06-13,251.81436986957007,,
2023-06-14,252.6255058311685,,
2023-06-15,254.33406881410997,,
2023-06-16,254.152054881114,,
2023-06-19,254.22459957436433,,
2023-06-20,254.86556153907128,,
2023-06-21,255.02680541466364,,
2023-06-22,253.24519604626406,,
2023-06-23,254.19851157955785,,
2023-06-26,254.6048822678896,,
2023-06-27,254.16259041747816,,
2023-06-28,255.15885080376108,,
2023-06-29,252.6386501670133,,
2023-06-30,254.3992888011262,,
2023-07-03,253.74488148524975,,
2023-07-04,253.7692637265496,,
2023-07-05,252.30663026388007,,
2023-07-06,249.98640414116818,,
2023-07-07,249.7508094803773,,
2023-07-10,250.53525541651993,,
2023-07-11,251.1065825027819,,
2023-07-12,253.40643992185642,,
2023-07-13,255.18584184454164,,
2023-07-14,253.87010386032088,,
2023-07-17,253.92589203383008,,
2023-07-18,254.58361051827816,,
2023-07-19,255.83151971600208,,
2023-07-20,253.8217407314873,,
2023-07-21,254.22951615800096,,
2023-07-24,253.86609032265835,,
2023-07-25,253.72772361174242,,
2023-07-26,254.26152412085966,,
2023-07-27,251.82821657450583,,
2023-07-28,252.8500632633874,,
2023-07-31,253.4730646470545,,
2023-08-01,251.10206727291154,,
2023-08-02,249.83760223232966,,
2023-08-03,247.2556934540204,,
2023-08-04,249.94115150402308,,
2023-08-07,248.97027674345566,,
2023-08-08,250.05453394298968,,
2023-08-09,250.55251362846883,,
2023-08-10,248.8309066481241,,
2023-08-11,247.8186924496326,,
2023-08-14,247.7589910769024,,
2023-08-15,246.88102971322272,,
2023-08-16,245.95450454382632,,
2023-08-17,245.3724412443171,,
2023-08-18,245.9381493778515,,
2023-08-21,244.53872913336684,,
2023-08-22,245.4518089515937,,
2023-08-23,248.65130083772567,,
2023-08-24,247.93177387327452,,
2023-08-25,248.06692975406042,,
2023-08-28,248.68110135486998,,
2023-08-29,250.43672306690468,,
2023-08-30,250.51719449703853,,
2023-08-31,250.85673978328904,,
2023-09-01,248.96676489800095,,
2023-09-04,249.04101534475785,,
2023-09-05,247.3316496542839,,
2023-09-06,246.97344141790256,,
2023-09-07,247.71815333118607,,
2023-09-08,248.33684016186598,,
2023-09-11,247.68674739897673,,
2023-09-12,247.90257538677957,,
2023-09-13,248.08970658029534,,
2023-09-14,247.5469759498789,,
2023-09-15,246.78139364075028,,
2023-09-18,247.4069034854564,,
2023-09-19,246.70292897944765,,
2023-09-20,247.04558475738665,,
2023-09-21,244.3357444660841,,
2023-09-22,245.79526743706518,,
2023-09-25,243.26162144914795,,
2023-09-26,242.79023145068317,,
2023-09-27,241.83561151764903,,
2023-09-28,242.11154223194836,,
2023-10-02,240.1121984453562,,
2023-10-03,237.55898646133406,,
2023-10-04,239.25049190920979,,
2023-10-05,239.25982338427514,,
2023-10-06,237.8869928268048,,
2023-10-09,237.96184530421112,,
2023-10-10,241.0968195724178,,
2023-10-11,242.7851141901634,,
2023-10-12,239.86466351001928,,
2023-10-13,241.65189183114646,,
2023-10-16,240.0134654188578,,
2023-10-17,238.1175705655175,,
2023-10-18,236.60025265219585,,
2023-10-19,234.930620984581,,
2023-10-20,235.58231916253524,,
2023-10-23,237.24412443170814,,
2023-10-24,238.58283991904693,,
2023-10-25,236.36806949841812,,
2023-10-26,238.14215348370053,,
2023-10-27,238.0849605720094,,
2023-10-30,237.35008182599907,,
2023-10-31,236.92615191039374,,
2023-11-01,239.52953311519755,,
2023-11-02,242.05053645947783,,
2023-11-03,243.46069291720974,,
2023-11-06,242.1945221231213,,
2023-11-07,243.5532049603312,,
2023-11-08,245.21119736872467,,
2023-11-09,242.4806873584601,,
2023-11-10,243.26824378629115,,
2023-11-13,243.44564215097523,,
2023-11-14,246.8645742088063,,
2023-11-15,245.15932239443643,,
2023-11-16,246.87651448335237,,
2023-11-17,247.5039307584482,,
2023-11-20,248.39884931875216,,
2023-11-21,248.44701177070257,,
2023-11-22,249.13342704943778,,
2023-11-23,249.15861199827015,,
2023-11-24,248.200781235106,,
2023-11-27,250.2774859601436,,
2023-11-28,250.84209037082078,,
2023-11-29,252.7976865968913,,
2023-11-30,251.53211783345225,,
2023-12-01,254.32122549358985,,
2023-12-04,253.36339473042574,,
2023-12-05,255.4377916713073,,
2023-12-06,256.99976019112466,,
2023-12-07,255.9440994474362,,
2023-12-08,254.6452183213981,,
2023-12-11,254.73251276555823,,
2023-12-12,255.28919043935196,,
2023-12-13,259.21372790422095,,
2023-12-14,262.32722974593304,,
2023-12-15,261.9502582209794,,
2023-12-18,260.66271533883787,,
2023-12-19,261.03256283444057,,
2023-12-20,261.9392209924074,,
2023-12-21,260.9919257656074,,
2023-12-22,260.7466986144265,,
2023-12-25,260.8222534609237,,
2023-12-26,261.1055088814572,,
2023-12-27,263.46275988910594,,
2023-12-28,262.56041628412635,,
2023-12-29,261.7593141666842,,
2024-01-01,261.809684064349,,
2024-01-02,260.00158534737665,,
2024-01-03,260.0415200471189,,
2024-01-04,258.1746230033905,,
2024-01-05,257.68396802414543,,
2024-01-08,258.8452851468001,,
2024-01-09,258.9197362704402,,
2024-01-10,258.79180475744687,,
2024-01-11,260.33089611258777,,
2024-01-12,260.80409220300066,,
2024-01-15,260.87984772638106,,
2024-01-16,258.70491166705295,,
2024-01-17,258.1432170711811,,
2024-01-18,257.58423161323145,,
2024-01-19,257.7002228516787,,
2024-01-22,258.1078979397508,,
2024-01-23,257.2613425082804,,
2024-01-24,256.7987822926732,,
2024-01-25,257.7476829345382,,
2024-01-26,257.65286310726077,,
2024-01-29,258.81899647511057,,
2024-01-30,259.1956669847395,,
2024-01-31,260.3639074598621,,
2024-02-01,262.17471531475667,,
2024-02-02,258.99107690239174,,
2024-02-05,256.8600890804684,,
2024-02-06,258.359948104958,,
2024-02-07,257.60379760933625,,
2024-02-08,256.72483286124094,,
2024-02-09,256.1271167648478,,
2024-02-12,256.1934404747212,,
2024-02-13,253.4555054197809,,
2024-02-14,254.5388595733409,,
2024-02-15,255.62993978690122,,
2024-02-16,254.6838486214,,
2024-02-19,254.7608082060791,,
2024-02-20,255.1999895648021,,
2024-02-21,254.44213331567374,,
2024-02-22,255.00131945050657,,
2024-02-23,255.90306102483677,,
2024-02-26,255.23601106532334,,
2024-02-27,254.50434314944312,,
2024-02-28,255.0211864619361,,
2024-02-29,255.6131832671601,,
2024-03-01,256.83269668592163,,
2024-03-04,256.6757673633165,,
2024-03-05,257.93340938987205,,
2024-03-06,259.0580026429145,,
2024-03-07,259.2863729359129,,
2024-03-08,259.5277872263144,,
2024-03-11,259.40286586656794,,
2024-03-12,258.7340098151064,,
2024-03-13,258.24174942079634,,
2024-03-14,256.28585217940116,,
2024-03-15,256.2903674092715,,
2024-03-18,256.32719161732524,,
2024-03-19,256.63021371084665,,
2024-03-20,256.64315736980836,,
2024-03-21,256.92731583631587,,
2024-03-22,258.21335364183386,,
2024-03-25,257.45660111556276,,
2024-03-26,257.38646454491,,
2024-03-27,258.2714495994991,,
2024-03-28,258.6735057348436,,
2024-03-29,258.69983143141815,,
2024-04-01,256.2596638461531,,
2024-04-02,255.99557306795822,,
2024-04-03,256.20387567264385,,
2024-04-04,256.72372913838376,,
2024-04-05,254.86415680088942,,
2024-04-08,254.92245343543775,,
2024-04-09,256.1346421479651,,
2024-04-10,252.84384228001048,,
2024-04-11,252.43556516128902,,
2024-04-12,252.97418191560132,,
2024-04-15,250.86225839757503,,
2024-04-16,249.6768600489451,,
2024-04-17,251.38080746357466,,
2024-04-18,250.5980672809386,,
2024-04-19,250.90179174355097,,
2024-04-22,251.2292964168139,,
2024-04-23,251.71894801164325,,
2024-04-24,250.6405104417199,,
2024-04-25,249.76415449310525,,
2024-04-26,250.6004754035361,,
2024-04-29,251.6680764217706,,
2024-04-30,250.24567867416798,,
2024-05-01,251.3989687214976,,
2024-05-02,252.4558335264848,,
2024-05-03,253.91896868136223,,
2024-05-06,254.49882453515707,,
2024-05-07,254.9950984671296,,
2024-05-08,254.2089467774804,,
2024-05-09,254.74395134789646,,
2024-05-10,253.80468319642154,,
2024-05-13,254.16369414033534,,
2024-05-14,254.81980720971836,,
2024-05-15,256.7523255942294,,
2024-05-16,256.3192648804417,,
2024-05-17,255.7491418554785,,
2024-05-20,255.2328002351933,,
2024-05-21,255.81105067392315,,
2024-05-22,255.60184502326345,,
2024-05-23,254.64501764451498,,
2024-05-24,255.0807874962248,,
2024-05-27,255.15985418817672,,
2024-05-28,253.74678791563943,,
2024-05-29,252.37134855868848,,
2024-05-30,253.73103478031402,,
2024-05-31,254.79472259932754,,
2024-06-03,256.68630289968064,,
2024-06-04,257.6460400932345,,
2024-06-05,258.53664410055114,,
2024-06-06,258.40459871145373,,
2024-06-07,256.1387560240692,,
2024-06-10,255.63294994014814,,
2024-06-11,256.8790530459239,,
2024-06-12,258.1832521093649,,
2024-06-13,259.6532102782686,,
2024-06-14,259.953723910751,,
2024-06-17,258.73471218419735,,
2024-06-18,259.9171003795803,,
2024-06-19,259.9439910819193,,
2024-06-20,258.78889494264155,,
2024-06-21,258.80555112394103,,
2024-06-24,259.6477920024242,,
2024-06-25,259.60655290294164,,
2024-06-26,257.9151477935075,,
2024-06-27,258.77454654549797,,
2024-06-28,256.96223361398,,
2024-07-01,255.47903077078988,,
2024-07-02,256.6288089726648,,
2024-07-03,258.0210048493568,,
2024-07-04,258.04869825922833,,
2024-07-05,259.6344469896962,,
2024-07-08,259.84164587152463,,
2024-07-09,259.27362995383425,,
2024-07-10,259.6914392245042,,
2024-07-11,261.1348077063937,,
2024-07-12,261.91283198227626,,
2024-07-15,260.81031318637764,,
2024-07-16,262.03293709682754,,
2024-07-17,262.15765777969085,,
2024-07-18,261.3238453302991,,
2024-07-19,260.3672186284337,,
2024-07-22,260.25764905024647,,
2024-07-23,260.0712202258217,,
2024-07-24,258.69748662237726,,
2024-07-25,259.5329044868341,,
2024-07-26,260.8822558489786,,
2024-07-29,261.3798341806915,,
2024-07-30,261.4980328648531,,
2024-07-31,263.4918580371593,,
2024-08-01,264.1925213745965,,
2024-08-02,267.49706760904536,,
2024-08-05,266.7331910534232,,
2024-08-06,265.30617773750856,,
2024-08-07,264.34603919018855,,
2024-08-08,263.96274634341637,,
2024-08-09,265.158780566852,,
2024-08-12,265.6754232024619,,
2024-08-13,267.13133398954676,,
2024-08-14,268.24759915193954,,
2024-08-15,267.47499315190134,,
2024-08-16,268.0438117771243,,
2024-08-19,268.6081151724767,,
2024-08-20,269.5048398247288,,
2024-08-21,270.1334601611235,,
2024-08-22,268.8761191498926,,
2024-08-23,270.1084758891742,,
2024-08-26,269.8088653026659,,
2024-08-27,269.6832415738285,,
2024-08-28,269.373797820047,,
2024-08-29,269.05572496029106,,
2024-09-02,267.9421689358205,,
2024-09-03,269.5321318808341,,
2024-09-04,271.1318276546792,,
2024-09-05,271.97597496355206,,
2024-09-06,272.17865861551013,,
2024-09-09,272.81038944359324,,
2024-09-10,273.59854790207373,,
2024-09-11,273.59764485609963,,
2024-09-12,273.3614481646594,,
2024-09-13,274.2610826317168,,
2024-09-16,275.50397490736253,,
2024-09-17,275.1362345190327,,
2024-09-18,273.91441331611526,,
2024-09-19,274.21342187197416,,
2024-09-20,273.7752438976668,,
2024-09-23,273.5557033875261,,
2024-09-24,274.1429842859967,,
2024-09-25,272.3824459903254,,
2024-09-26,272.3840514053904,,
2024-09-27,273.5086446584329,,
2024-09-30,272.78831498644934,,
2024-10-01,273.66045672051825,,
2024-10-02,273.12224131997226,,
2024-10-03,271.7958674609458,,
2024-10-04,269.7175573208432,,
2024-10-07,268.69290115559784,,
2024-10-08,268.8155147311883,,
2024-10-09,268.2769983153176,,
2024-10-10,268.06829435686575,,
2024-10-11,267.83320138828265,,
2024-10-14,267.9181880482869,,
2024-10-15,269.3387797039414,,
2024-10-16,269.69819200162146,,
2024-10-17,267.94146656672956,,
2024-10-18,267.8022971482811,,
2024-10-21,265.19279529854197,,
2024-10-22,265.06355938580833,,
2024-10-23,264.346841897721,,
2024-10-24,265.0589438174964,,
2024-10-25,264.5764162520181,,
2024-10-28,264.29556895408217,,
2024-10-29,264.6045110156558,,
2024-10-30,264.5652786850045,,
2024-10-31,264.2797154803151,,
2024-11-01,262.560717299451,,
2024-11-04,264.35195915824073,,
2024-11-05,265.13319426425335,,
2024-11-06,262.2345170259285,,
2024-11-07,264.77267824371603,,
2024-11-08,265.854426982211,,
2024-11-11,265.9395139806568,,
2024-11-12,263.0867917485679,,
2024-11-13,262.17070177709417,,
2024-11-14,262.13969719865105,,
2024-11-15,261.85965260824764,,
2024-11-18,262.6414897449096,,
2024-11-19,263.0525763399948,,
2024-11-20,262.40760083762524,,
2024-11-21,262.2202689672265,,
2024-11-22,262.09073203916813,,
2024-11-25,265.3551428969916,,
2024-11-26,264.7431787418964,,
2024-11-27,265.5312368619353,,
2024-11-28,265.55963264089775,,
2024-11-29,267.2701314533923,,
2024-12-02,267.5772380238544,,
2024-12-03,266.8472758614808,,
2024-12-04,268.2700749628497,,
2024-12-05,268.18257984180644,,
2024-12-06,268.6880849104027,,
2024-12-09,267.7488167589279,,
2024-12-10,267.2657875012417,,
2024-12-11,266.50361669912616,,
2024-12-12,264.7004345657904,,
2024-12-13,263.56771389898125,,
2024-12-16,263.9387654558827,,
2024-12-17,264.09499240939687,,
2024-12-18,262.1383927989108,,
2024-12-19,260.3414316489519,,
2024-12-20,261.05584135288325,,
2024-12-23,260.1306205832272,,
2024-12-24,260.48501595882914,,
2024-12-25,260.5136124146747,,
2024-12-26,260.89841033807033,,
2024-12-27,260.0277736806247,,
2024-12-30,261.1730366526293,,
2024-12-31,260.68057558143624,,
2025-01-01,260.6876996107872,,
2025-01-02,260.6717457985786,,
2025-01-03,260.08235779283524,,
2025-01-06,259.6442801569695,,
2025-01-07,258.40469904989527,,
2025-01-08,258.8229096743315,,
2025-01-09,258.67631521120745,,
2025-01-10,257.49603412309716,,
2025-01-13,257.15769289814546,,
2025-01-14,257.040597936841,,
2025-01-15,259.82729747438106,,
2025-01-16,260.4124712655788,,
2025-01-17,260.31935719180797,,
2025-01-20,260.4055479131109,,
2025-01-21,261.6233555783658,,
2025-01-22,261.1120308801587,,
2025-01-23,260.2802251995983,,
2025-01-24,260.8353977967685,,
2025-01-27,262.36917121450654,,
2025-01-28,262.2041144781348,,
2025-01-29,261.6808495053816,,
2025-01-30,262.19107048073147,,
2025-01-31,261.4358230310838,,
2025-02-03,261.8886504178594,,
2025-02-04,262.6431954984161,,
2025-02-05,264.2208168151174,,
2025-02-06,263.83792532211146,,
2025-02-07,262.85320385660833,,
2025-02-10,262.8543075794655,,
2025-02-11,262.1827423900818,,
2025-02-12,260.6607085700066,,
2025-02-13,262.79611128335875,,
2025-02-14,263.72805472859955,,
2025-02-17,263.8162522187338,,
2025-02-18,262.4220495732105,,
2025-02-19,262.6885484740028,,
2025-02-20,263.05528547791704,,
2025-02-21,264.2473061636901,,
2025-02-24,264.8301721707318,,
2025-02-25,266.7665034160222,,
2025-02-26,267.3249871817641,,
2025-02-27,266.50472042198334,,
2025-02-28,267.2772260835799,,
2025-03-03,268.50045202467925,,
2025-03-04,267.33160951890727,,
2025-03-05,266.5740542851036,,
2025-03-06,265.9111182016943,,
2025-03-07,265.38383969127864,,
2025-03-10,266.65884026822476,,
2025-03-11,265.5118715427136,,
2025-03-12,264.72551917618125,,
2025-03-13,265.54036766011757,,
2025-03-14,265.3331687782892,,
2025-03-17,266.04577239027236,,
2025-03-18,266.34417891548196,,
2025-03-19,267.65409727009205,,
2025-03-20,267.71460135035477,,
2025-03-21,266.9923652479814,,
2025-03-24,265.8333559094827,,
2025-03-25,266.0241996253363,,
2025-03-26,265.12376245074637,,
2025-03-27,264.7561224008581,,
2025-03-28,266.2740423448291,,
2025-03-31,267.0483540983738,,
2025-04-01,267.97959517452364,,
2025-04-02,268.07210721764505,,
2025-04-03,268.933011046259,,
2025-04-04,269.096663044449,,
2025-04-07,265.0779077829519,,
2025-04-08,262.86855563816755,,
2025-04-09,263.60102626158033,,
2025-04-10,261.77326121006155,,
2025-04-11,261.7102486687597,,
2025-04-14,263.87986679068496,,
2025-04-15,264.5428028740943,,
2025-04-16,265.7371313440234,,
2025-04-17,265.04208695931374,,
2025-04-18,265.0723891686659,,
2025-04-21,262.7366105875117,,
2025-04-22,263.2314797813023,,
2025-04-23,264.39821517980147,,
2025-04-24,266.1887546695002,,
2025-04-25,267.42251614696374,,
2025-04-28,268.02966405686385,,
2025-04-29,268.41064911947996,,
2025-04-30,267.6413542880135,,
2025-05-01,266.9554407014861,,
2025-05-02,265.7911134255845,,
2025-05-05,265.3668824946545,,
2025-05-06,265.9094124481877,,
2025-05-07,266.52930334016634,,
2025-05-08,265.26855082192236,,
2025-05-09,265.14944909178666,,
2025-05-12,264.4440698475959,,
2025-05-13,264.4440698475959,,
2025-05-14,264.22422832213056,,
2025-05-15,263.19375252727446,,
2025-05-16,264.5621681933161,,
2025-05-19,264.7934483011197,,
2025-05-20,264.7929466089119,,
2025-05-21,264.2108833094026,,
2025-05-22,261.8522275635719,,
2025-05-23,262.83534361401007,,
2025-05-26,263.075052150905,,
2025-05-27,265.14754266139687,,
2025-05-28,264.46082636733706,,
2025-05-29,265.541872736741,,
2025-05-30,265.97714089624304,,
2025-06-02,264.9182693224245,,
2025-06-03,265.0132898265851,,
2025-06-04,266.95875187005765,,
2025-06-05,266.4725117822415,,
2025-06-06,264.79796353099005,,
2025-06-09,265.31209770556086,,
2025-06-10,265.87790617753683,,
2025-06-11,266.6177015071837,,
2025-06-12,268.14214344985635,,
2025-06-13,266.49328183964514,,
2025-06-16,265.8185058201313,,
2025-06-17,267.14949524746976,,
2025-06-18,267.31816416773773,,
2025-06-19,267.34886773085617,,
2025-06-20,267.34063997864797,,
2025-06-23,267.686506586717,,
2025-06-24,268.81099950131795,,
2025-06-25,268.77808849248515,,
2025-06-26,269.482966044468,,
2025-06-27,268.9331113847006,,
2025-06-30,270.45454317412634,,
2025-07-01,270.8695429684325,,
2025-07-02,270.3510942408745,,
2025-07-03,269.61922564811107,,
2025-07-04,269.65002954967105,,
2025-07-07,268.1285977602453,,
2025-07-08,267.7760084765915,,
2025-07-09,269.0128804457435,,
2025-07-10,269.2607163964051,,
2025-07-11,267.41388704098927,,
2025-07-14,267.2304683698114,,
2025-07-15,266.3490954991185,,
2025-07-16,266.932262521485,,
2025-07-17,267.0586889578548,,
2025-07-18,267.5250620342415,,
2025-07-21,268.7686566789782,,
2025-07-22,269.3243309683563,,
2025-07-23,268.7233037033915,,
2025-07-24,268.5428951854605,,
2025-07-25,269.46119260264874,,
2025-07-28,268.7502947441721,,
2025-07-29,270.6750870686826,,
2025-07-30,269.83394991305676,,
2025-07-31,270.15954815592994,,
2025-08-01,272.2849170251257,,
2025-08-04,272.8408923298285,,
2025-08-05,273.14642288438904,,
2025-08-06,272.8631674638556,,
2025-08-07,272.67182205579417,,
2025-08-08,271.8828608897812,,
2025-08-11,272.17444440096443,,
2025-08-12,272.0184181243334,,
2025-08-13,273.5213876405114,,
2025-08-14,272.39528931084544,,
2025-08-15,271.9068417773149,,
2025-08-18,271.5182309931398,,
2025-08-19,272.04199765810074,,
2025-08-20,272.1970205503162,,
2025-08-21,271.3357153679361,,
2025-08-22,272.95588018386013,,
2025-08-25,272.5249265773454,,
2025-08-26,272.5828218581275,,
2025-08-27,272.6385096931952,,
2025-08-28,273.3855293906346,,
2025-09-01,272.335186584349,,
2025-09-02,271.3119351572855,,
2025-09-03,273.03294010698085,,
2025-09-04,274.7180238945965,,
2025-09-05,276.80265535651756,,
2025-09-08,278.31646142438444,,
2025-09-09,277.5446581318788,,
2025-09-10,278.5688126049164,,
2025-09-11,279.551125947822,,
2025-09-12,278.9798992000016,,
2025-09-15,279.7222029906876,,
2025-09-16,279.7575221221179,,
2025-09-17,279.0480290018232,,
2025-09-18,278.0045092095639,,
2025-09-19,277.96567823267884,,
2025-09-22,277.21293924407024,,
2025-09-23,277.9607616490422,,
2025-09-24,276.9701202154869,,
2025-09-25,276.4140445723425,,
2025-09-26,276.53555442507576,,
2025-09-29,277.8297196443604,,
2025-09-30,277.42013812589863,,
2025-10-01,278.2593688511349,,
2025-10-02,278.80601268077226,,
2025-10-03,278.3511785251654,,
2025-10-06,277.40398363680697,,
2025-10-07,277.96126334125006,,
2025-10-08,277.96788567839326,,
2025-10-09,277.48866928148647,,
2025-10-10,279.13040686234666,,
2025-10-13,279.22612973559814,,
2025-10-14,280.5304291374807,,
2025-10-15,280.33316376136713,,
2025-10-16,281.2220620151772,,
2025-10-17,280.96068037490454,,
2025-10-20,281.9473082707974,,
2025-10-21,282.33521668588145,,
2025-10-22,282.3926102744557,,
2025-10-23,281.60314741623495,,
2025-10-24,281.90907932456173,,
2025-10-27,282.4549204466666,,
2025-10-28,282.63342253420785,,
2025-10-29,280.7793688109995,,
2025-10-30,279.40402979249006,,
2025-10-31,278.2343845791856,,
2025-11-03,277.1949786630304,,
2025-11-04,277.58910806149146,,
2025-11-05,276.56846543390856,,
2025-11-06,277.91841882670246,,
2025-11-07,277.46719685499187,,
2025-11-10,277.83774671968547,,
2025-11-11,277.8696543441026,,
2025-11-12,278.815946186487,,
2025-11-13,277.46258128667995,,
2025-11-14,276.71325380508455,,
2025-11-17,276.89887992197686,,
2025-11-18,277.00814848483935,,
2025-11-19,276.8837288173007,,
2025-11-20,277.6126875952588,,
2025-11-21,278.1505016420386,,
2025-11-24,279.205259339753,,
2025-11-25,280.21346000058196,,
2025-11-26,280.9924876608801,,
