Date,Total Return Index,Beta Raw,Volatility 30D
2007-06-01,100.0,,
2007-06-04,100.01086238467029,,
2007-06-05,99.81792574266937,,
2007-06-06,100.70361650905124,,
2007-06-07,99.85243413478521,,
2007-06-08,99.91849516808617,,
2007-06-11,100.06251413218415,,
2007-06-12,100.00642875827425,,
2007-06-13,99.98041815008418,,
2007-06-14,100.02431105140495,,
2007-06-15,99.63274794686153,,
2007-06-18,99.59823955474569,,
2007-06-19,100.32786667198704,,
2007-06-20,100.10899331556928,,
2007-06-21,100.27074678525139,,
2007-06-22,100.2752543054207,,
2007-06-25,100.34833524718208,,
2007-06-26,100.27591934938012,,
2007-06-27,100.16707382135736,,
2007-06-28,100.21480919888805,,
2007-06-29,100.10101278805641,,
2007-06-30,100.10958446575542,,
2007-07-02,100.83758591998486,,
2007-07-03,99.85435537289014,,
2007-07-04,99.69762667979019,,
2007-07-05,99.43197856489425,,
2007-07-06,99.26002775450125,,
2007-07-09,99.3305963079715,,
2007-07-10,100.66186652715523,,
2007-07-11,100.5175519879642,,
2007-07-12,100.24614015875339,,
2007-07-13,99.75142134672879,,
2007-07-16,100.2142919424752,,
2007-07-17,100.31737375618309,,
2007-07-18,101.22789283038276,,
2007-07-19,101.41831708409259,,
2007-07-20,102.280657418122,,
2007-07-23,102.0207730175409,,
2007-07-24,101.95788941649045,,
2007-07-25,102.30504236330023,,
2007-07-26,102.72970987826741,,
2007-07-27,102.92959253495546,,
2007-07-30,103.55081748681367,,
2007-07-31,103.26137557692563,,
2007-08-01,103.33408704982065,,
2007-08-02,102.99565356825642,,
2007-08-03,103.67998380248491,,
2007-08-06,103.63941612096117,,
2007-08-07,103.29115476755236,,
2007-08-08,102.48172237518234,,
2007-08-09,103.0467141655841,,
2007-08-10,102.95604650578515,,
2007-08-13,102.97614561211385,,
2007-08-14,103.27216406782267,,
2007-08-15,103.56892146126415,,
2007-08-16,103.68774264867797,,
2007-08-17,103.76348376627698,,
2007-08-20,103.94762704925907,,
2007-08-21,104.44921798219752,,
2007-08-22,103.46487902850382,,
2007-08-23,103.9407549283452,,
2007-08-24,103.81883020245417,,
2007-08-27,103.81387931964525,,
2007-08-28,104.10132609765508,,
2007-08-29,104.35308218317675,,
2007-08-30,104.56567456886678,,
2007-08-31,104.6383860417618,,
2007-09-03,104.54853121346879,,
2007-09-04,104.53257015844304,,
2007-09-05,104.98598235121119,,
2007-09-06,105.02514605104287,,
2007-09-07,105.43547817399622,,
2007-09-10,105.74524087153272,,
2007-09-11,105.70725947207333,,
2007-09-12,106.14094202737914,,
2007-09-13,105.7561771499763,,
2007-09-14,106.33077513090284,,
2007-09-17,106.52622416119483,,
2007-09-18,105.66898249752089,,
2007-09-19,105.08751239568048,,
2007-09-20,104.97940580539043,,
2007-09-21,104.50522946233414,,
2007-09-24,104.60173473022122,,
2007-09-25,104.91083238379835,,
2007-09-26,104.61592233468855,,
2007-09-27,104.70023512998654,,
2007-09-28,105.51247548574072,,
2007-09-30,105.51757415609617,,
2007-10-01,105.71634840618522,,
2007-10-02,106.04960932362076,,
2007-10-03,106.3423764533058,,
2007-10-04,106.62494624227996,,
2007-10-05,106.56982148742256,,
2007-10-08,106.28577382298306,,
2007-10-09,106.87921471609275,,
2007-10-10,105.9710602426376,,
2007-10-11,105.67725860012682,,
2007-10-12,105.1466274142943,,
2007-10-15,104.8777279733746,,
2007-10-16,104.76718288856672,,
2007-10-17,105.36860430918928,,
2007-10-18,105.80509482787923,,
2007-10-19,106.70659886174032,,
2007-10-22,106.42750208010973,,
2007-10-23,106.06084117715737,,
2007-10-24,106.75396477040466,,
2007-10-25,106.50383434789485,,
2007-10-26,106.4428719849493,,
2007-10-29,106.57410732627206,,
2007-10-30,106.63218783206014,,
2007-10-31,105.94534520954058,,
2007-11-01,106.75359530153831,,
2007-11-02,107.41952598622326,,
2007-11-05,107.37585476622229,,
2007-11-06,107.809241746435,,
2007-11-07,108.46815252265954,,
2007-11-08,108.90782047359997,,
2007-11-09,109.16977389983256,,
2007-11-12,109.06277571614152,,
2007-11-13,109.09425446355337,,
2007-11-14,109.2652446548939,,
2007-11-15,109.91440145304716,,
2007-11-16,110.08487438797484,,
2007-11-19,109.97964965484219,,
2007-11-20,109.94839258875011,,
2007-11-21,110.64868387800433,,
2007-11-22,110.97359479906068,,
2007-11-23,110.4024698254777,,
2007-11-26,110.53355737925388,,
2007-11-27,110.17524647268075,,
2007-11-28,109.48478305527107,,
2007-11-29,110.4675702397262,,
2007-11-30,109.59621486535815,,
2007-12-03,110.21145442158173,,
2007-12-04,110.89172049828049,,
2007-12-05,111.12766331632298,,
2007-12-06,110.35126144060345,,
2007-12-07,109.21056326267613,,
2007-12-10,109.18743451164346,,
2007-12-11,109.01733104558211,,
2007-12-12,107.68162720000237,,
2007-12-13,108.42470298397838,,
2007-12-14,108.39174636110114,,
2007-12-17,108.79897494557724,,
2007-12-18,108.83281829373368,,
2007-12-19,109.5212865792651,,
2007-12-20,110.2331791909223,,
2007-12-21,109.7285586132799,,
2007-12-24,109.92984525166003,,
2007-12-25,110.03373989687384,,
2007-12-26,110.042902724759,,
2007-12-27,109.92585498790359,,
2007-12-28,110.81982185689141,,
2007-12-31,110.98918638522007,,
2008-01-02,111.97249082608805,,
2008-01-03,111.45996361470606,,
2008-01-04,111.85381742622079,,
2008-01-07,111.78081037823266,,
2008-01-08,111.34705392915363,,
2008-01-09,111.97618551475142,,
2008-01-10,112.25380442091665,,
2008-01-11,112.222103992185,,
2008-01-14,112.17710268426522,,
2008-01-15,112.59800161679576,,
2008-01-16,112.89867538022042,,
2008-01-17,112.91072006526299,,
2008-01-18,112.81207187795115,,
2008-01-21,113.97449482521907,,
2008-01-22,112.59149896474825,,
2008-01-23,113.55270916740929,,
2008-01-24,112.54989677039875,,
2008-01-25,112.9603766808986,,
2008-01-28,113.46625345268657,,
2008-01-29,112.34764951296614,,
2008-01-30,112.58765648853834,,
2008-01-31,113.27154336012724,,
2008-02-01,113.26238053224206,,
2008-02-04,112.86180238736003,,
2008-02-05,113.67840247573699,,
2008-02-06,112.88286211274121,,
2008-02-07,113.17326464168171,,
2008-02-08,113.33317076703216,,
2008-02-11,112.7788935737541,,
2008-02-12,111.19934027639226,,
2008-02-13,111.35473888157341,,
2008-02-14,111.10453456529032,,
2008-02-15,111.33663490712291,,
2008-02-18,110.82920636609637,,
2008-02-19,110.9662793155072,,
2008-02-20,110.7649926771271,,
2008-02-21,111.03958193858838,,
2008-02-22,111.11835270089132,,
2008-02-25,110.6044954015905,,
2008-02-26,110.72080420071322,,
2008-02-27,110.79654531831223,,
2008-02-28,111.9353222581346,,
2008-02-29,113.3814234009757,,
2008-03-03,113.6620719518449,,
2008-03-04,114.0880695547309,,
2008-03-05,113.24545885816386,,
2008-03-06,114.10048370863981,,
2008-03-07,114.69111663836536,,
2008-03-10,115.09058637664837,,
2008-03-11,114.82382985515342,,
2008-03-12,114.06930053632102,,
2008-03-13,114.73434449572673,,
2008-03-14,115.49301186586212,,
2008-03-17,116.07189568563815,,
2008-03-18,116.76923122396168,,
2008-03-19,116.56077688957464,,
2008-03-20,117.11002930627048,,
2008-03-21,117.10766470552593,,
2008-03-24,117.08564436109228,,
2008-03-25,115.99622846181245,,
2008-03-26,116.14298149552131,,
2008-03-27,114.87976744151678,,
2008-03-28,115.19248588998398,,
2008-03-31,115.66222860664423,,
2008-04-01,114.70064893511685,,
2008-04-02,115.03139746426127,,
2008-04-03,114.81451923972176,,
2008-04-04,114.8995709727524,,
2008-04-07,114.02836338593092,,
2008-04-08,113.94390280308639,,
2008-04-09,113.8742948686686,,
2008-04-10,114.28699159236648,,
2008-04-11,115.2056389816256,,
2008-04-14,114.89506345258312,,
2008-04-15,114.76116793542275,,
2008-04-16,113.52861979732415,,
2008-04-17,112.3493490697513,,
2008-04-18,111.90975501258411,,
2008-04-21,112.57339499029774,,
2008-04-22,112.72140421815216,,
2008-04-23,113.12582483924409,,
2008-04-24,112.31195882047804,,
2008-04-25,112.86291079395905,,
2008-04-28,113.37684198703313,,
2008-04-29,113.94833642948244,,
2008-04-30,114.20482171649324,,
2008-05-01,114.65838169680795,,
2008-05-02,113.39147295414006,,
2008-05-05,113.51524502436277,,
2008-05-06,114.27694203920211,,
2008-05-07,113.95764704491411,,
2008-05-08,114.98092801711972,,
2008-05-09,115.15213988978006,,
2008-05-12,115.20002305485725,,
2008-05-13,115.35874687983542,,
2008-05-14,114.77845907836732,,
2008-05-15,114.81052897596531,,
2008-05-16,115.3384999859602,,
2008-05-19,114.42982825609218,,
2008-05-20,114.71823565315447,,
2008-05-21,113.9289762608864,,
2008-05-22,113.95240058701212,,
2008-05-23,114.65985957227329,,
2008-05-26,114.66606664922774,,
2008-05-27,114.48591363000207,,
2008-05-28,114.1023310529715,,
2008-05-29,113.65298301773304,,
2008-05-30,114.25492169476847,,
2008-05-31,114.26408452265362,,
2008-06-02,114.01107224298639,,
2008-06-03,113.45893796913309,,
2008-06-04,115.07802443519294,,
2008-06-05,115.15509564071074,,
2008-06-06,115.98891297825898,,
2008-06-09,114.9059258372534,,
2008-06-10,115.50143575601459,,
2008-06-11,115.03413153387218,,
2008-06-12,115.8964718679016,,
2008-06-13,115.58161050000962,,
2008-06-16,116.52892867329643,,
2008-06-17,117.05534791405267,,
2008-06-18,117.22559916766056,,
2008-06-19,116.24303366452524,,
2008-06-20,117.27643808366844,,
2008-06-23,117.25685623375261,,
2008-06-24,116.97162626894082,,
2008-06-25,117.45400482082977,,
2008-06-26,118.59610698044918,,
2008-06-27,117.56706229392874,,
2008-06-30,116.9822669722913,,
2008-07-01,117.00362227276557,,
2008-07-02,117.49590259027232,,
2008-07-03,118.68226712007885,,
2008-07-04,119.40805176111031,,
2008-07-07,119.87809005286361,,
2008-07-08,118.72882019723727,,
2008-07-09,118.43982164998883,,
2008-07-10,118.66305473902938,,
2008-07-11,118.22730315807209,,
2008-07-14,118.3590557558077,,
2008-07-15,118.3119854222364,,
2008-07-16,117.2984584281021,,
2008-07-17,116.8805891402755,,
2008-07-18,115.24798011370775,,
2008-07-21,116.1995102320708,,
2008-07-22,116.99542006393288,,
2008-07-23,116.57200874311127,,
2008-07-24,116.00103155707482,,
2008-07-25,115.26697081343744,,
2008-07-28,115.73072813446304,,
2008-07-29,116.25574339352723,,
2008-07-30,116.7705613118805,,
2008-07-31,116.64353791563403,,
2008-08-01,116.27909382587968,,
2008-08-04,116.9204178840666,,
2008-08-05,117.50565656834362,,
2008-08-06,118.23942173688793,,
2008-08-07,119.04065192042528,,
2008-08-08,119.17284788080049,,
2008-08-11,119.45541766977463,,
2008-08-12,120.60254460597623,,
2008-08-13,120.09652004664176,,
2008-08-14,119.66985739979634,,
2008-08-15,120.37450842167334,,
2008-08-18,120.23344520850605,,
2008-08-19,120.06408068017743,,
2008-08-20,120.23056335134865,,
2008-08-21,120.34325135558129,,
2008-08-22,119.83863077793886,,
2008-08-25,119.95205771990418,,
2008-08-26,121.15349657945724,,
2008-08-27,120.89885863677814,,
2008-08-28,121.06297670720481,,
2008-08-29,121.6162193876571,,
2008-08-31,121.64599857828382,,
2008-09-01,121.82910734844019,,
2008-09-02,120.70178394347421,,
2008-09-03,120.14056073550907,,
2008-09-04,120.65050166482672,,
2008-09-05,120.16745806897838,,
2008-09-08,118.71928790048578,,
2008-09-09,119.10124481450445,,
2008-09-10,118.8310891794392,,
2008-09-11,118.4896999469443,,
2008-09-12,116.77307370017158,,
2008-09-15,118.09148640280678,,
2008-09-16,116.8609333965864,,
2008-09-17,116.6053348348548,,
2008-09-18,117.25907304695065,,
2008-09-19,116.6760511758716,,
2008-09-22,115.70205735043533,,
2008-09-23,116.18118457630051,,
2008-09-24,116.25892082577771,,
2008-09-25,115.64634144539177,,
2008-09-26,116.19522439322128,,
2008-09-29,117.44971898198027,,
2008-09-30,116.43966499518952,,
2008-10-01,117.11889655906256,,
2008-10-02,117.70066223599602,,
2008-10-03,116.90475240413392,,
2008-10-06,116.72955026771714,,
2008-10-07,113.58477906500733,,
2008-10-08,112.70891617046999,,
2008-10-09,111.77888914012772,,
2008-10-10,109.87058244549965,,
2008-10-13,107.15978937318869,,
2008-10-14,106.3751113948632,,
2008-10-15,107.08279206144415,,
2008-10-16,107.90101781283299,,
2008-10-17,108.72552453494954,,
2008-10-20,109.93339215277686,,
2008-10-21,109.28859508724638,,
2008-10-22,109.98844301386099,,
2008-10-23,110.47931934967568,,
2008-10-24,112.00101382256923,,
2008-10-27,111.41444505037339,,
2008-10-28,109.97462487826002,,
2008-10-29,109.44421537374731,,
2008-10-30,109.43143175097208,,
2008-10-31,108.34216363923879,,
2008-11-03,108.36093265764868,,
2008-11-04,107.90522975790924,,
2008-11-05,107.8912638347617,,
2008-11-06,107.64711880788653,,
2008-11-07,109.152482756888,,
2008-11-10,108.86976518036731,,
2008-11-11,108.69382410621786,,
2008-11-12,109.17546372037414,,
2008-11-13,109.48515252413742,,
2008-11-14,109.64328519892943,,
2008-11-17,108.88616959803265,,
2008-11-18,107.16074999224116,,
2008-11-19,106.17633714477417,,
2008-11-20,107.68835153336971,,
2008-11-21,106.73142716955812,,
2008-11-24,104.88142266203795,,
2008-11-25,104.89524079763896,,
2008-11-26,105.954581931199,,
2008-11-27,105.92184698964158,,
2008-11-28,105.30638575209824,,
2008-11-30,105.95775936344948,,
2008-12-01,105.77849306950301,,
2008-12-02,107.21794377275005,,
2008-12-03,108.73062320530498,,
2008-12-04,108.33787780038928,,
2008-12-05,107.16459246845108,,
2008-12-08,104.46828257570047,,
2008-12-09,104.93935538027954,,
2008-12-10,106.58053608454632,,
2008-12-11,107.86355366978648,,
2008-12-12,108.60204803981988,,
2008-12-15,109.90915499514517,,
2008-12-16,110.742307288734,,
2008-12-17,112.6743338845809,,
2008-12-18,112.65320026542645,,
2008-12-19,112.6214259429215,,
2008-12-22,113.52256050791625,,
2008-12-23,113.58522242764693,,
2008-12-24,114.4724649632674,,
2008-12-25,114.5258162675664,,
2008-12-26,114.53859989034166,,
2008-12-29,113.90000990176561,,
2008-12-30,114.02607267895964,,
2008-12-31,115.21118101462062,,
2009-01-02,114.99866112200749,,
2009-01-05,114.25291300341169,,
2009-01-06,112.19093371234337,,
2009-01-07,112.91231213314032,,
2009-01-08,114.33218956798228,,
2009-01-09,116.29876183899066,,
2009-01-12,116.36454527477622,,
2009-01-13,115.16500754489121,,
2009-01-14,115.71336674412878,,
2009-01-15,116.6556546589832,,
2009-01-16,114.506527476354,,
2009-01-19,113.4115800938303,,
2009-01-20,113.5812317406432,,
2009-01-21,114.31288509839177,,
2009-01-22,114.10875674293762,,
2009-01-23,111.13694019057428,,
2009-01-26,111.58154566001033,,
2009-01-27,112.90535334206982,,
2009-01-28,114.26841812562829,,
2009-01-29,114.8967544036174,,
2009-01-30,114.60818900995203,,
2009-01-31,114.60547188740213,,
2009-02-02,114.3283832067607,,
2009-02-03,113.1585836124848,,
2009-02-04,111.86135043425377,,
2009-02-05,111.99568060155886,,
2009-02-06,111.26450359236131,,
2009-02-09,110.55643281316772,,
2009-02-10,111.87843368531523,,
2009-02-11,113.70890271355006,,
2009-02-12,114.59019430080531,,
2009-02-13,112.86242386923537,,
2009-02-16,113.37777551681158,,
2009-02-17,114.01946169789714,,
2009-02-18,113.01803746657713,,
2009-02-19,112.30397619607639,,
2009-02-20,113.02055049766717,,
2009-02-23,112.54702471403479,,
2009-02-24,112.76608943271307,,
2009-02-25,112.22140778564673,,
2009-02-26,110.52230092471702,,
2009-02-27,110.34700035887323,,
2009-02-28,110.33614888669499,,
2009-03-02,110.88773703082921,,
2009-03-03,110.83308913680472,,
2009-03-04,108.67792570591091,,
2009-03-05,111.13265130163587,,
2009-03-06,113.64675994037883,,
2009-03-09,111.14594716502846,,
2009-03-10,110.19968257628054,,
2009-03-11,110.3465591581216,,
2009-03-12,111.587408054173,,
2009-03-13,111.7523724017989,,
2009-03-16,110.7318627467483,,
2009-03-17,110.72014825981937,,
2009-03-18,111.49660423729952,,
2009-03-19,113.12861562542213,,
2009-03-20,113.73682399439369,,
2009-03-23,112.90510312042395,,
2009-03-24,112.30304428177472,,
2009-03-25,112.98885199165814,,
2009-03-26,112.57772347406699,,
2009-03-27,112.6773017846632,,
2009-03-30,113.66073290899317,,
2009-03-31,113.80211551991364,,
2009-04-01,114.76872974951637,,
2009-04-02,111.73012534097322,,
2009-04-03,111.98914276893197,,
2009-04-06,112.69418034819336,,
2009-04-07,113.37315424496673,,
2009-04-08,113.83363849826719,,
2009-04-09,114.21480203002675,,
2009-04-10,114.2909236259608,,
2009-04-13,114.38348115742183,,
2009-04-14,115.06788053966248,,
2009-04-15,113.77909563373223,,
2009-04-16,114.16955462280775,,
2009-04-17,113.09353176846864,,
2009-04-20,115.30623058153586,,
2009-04-21,114.42535654855635,,
2009-04-22,113.4561734695225,,
2009-04-23,113.34237570731713,,
2009-04-24,114.3111058556064,,
2009-04-27,114.51545497158489,,
2009-04-28,114.40746247550346,,
2009-04-29,114.17842780475344,,
2009-04-30,113.60458263948117,,
2009-05-01,113.18106086600253,,
2009-05-04,113.19764147919523,,
2009-05-05,113.68091352052399,,
2009-05-06,113.39076121689817,,
2009-05-07,112.97270260701889,,
2009-05-08,112.7485837243703,,
2009-05-11,113.48036552593672,,
2009-05-12,113.98665119695941,,
2009-05-13,115.62404917839584,,
2009-05-14,115.67850118373467,,
2009-05-15,114.90383603139895,,
2009-05-18,116.37004254001349,,
2009-05-19,116.86778402630841,,
2009-05-20,115.4777169344023,,
2009-05-21,114.86268465461902,,
2009-05-22,114.32755139384125,,
2009-05-25,114.34412820680873,,
2009-05-26,115.59550078644847,,
2009-05-27,114.81491259923122,,
2009-05-28,114.8500258470362,,
2009-05-29,115.18498464131224,,
2009-05-31,115.19603855362102,,
2009-06-01,114.3026737840861,,
2009-06-02,113.90460086697199,,
2009-06-03,115.12985279275088,,
2009-06-04,114.48113410512202,,
2009-06-05,114.08265252104421,,
2009-06-08,114.65592007646232,,
2009-06-09,114.68204295774902,,
2009-06-12,113.36291385766582,,
2009-06-15,114.33103612117914,,
2009-06-16,114.21913696462187,,
2009-06-17,115.7331806549508,,
2009-06-18,114.95799015952115,,
2009-06-19,115.62806108700845,,
2009-06-22,116.09725866254858,,
2009-06-23,116.17480770916151,,
2009-06-24,116.48720133921233,,
2009-06-25,117.14415106324347,,
2009-06-26,117.58856849246062,,
2009-06-29,118.13095799287221,,
2009-06-30,117.32753599279609,,
2009-07-01,116.28546532233423,,
2009-07-02,117.27537617393192,,
2009-07-03,117.70355913450514,,
2009-07-06,118.37110573567607,,
2009-07-07,118.7326421322765,,
2009-07-08,118.6964141091315,,
2009-07-09,117.06959739695515,,
2009-07-10,117.93556615857013,,
2009-07-13,118.59895114169649,,
2009-07-14,117.24295376369585,,
2009-07-15,116.14210627303233,,
2009-07-16,116.16738076164899,,
2009-07-17,116.22020923693077,,
2009-07-20,115.67204690077912,,
2009-07-21,115.28494642578111,,
2009-07-22,114.41919274246617,,
2009-07-23,113.69314019940605,,
2009-07-24,114.24497897317065,,
2009-07-27,114.5632123339267,,
2009-07-28,115.12981339113009,,
2009-07-29,114.77889016038128,,
2009-07-30,115.33427968420018,,
2009-07-31,116.65245352211049,,
2009-08-03,115.14810894036181,,
2009-08-04,115.8118058581018,,
2009-08-05,116.36190866270819,,
2009-08-06,117.38378679310779,,
2009-08-07,117.0079622467727,,
2009-08-10,117.78381601483419,,
2009-08-11,117.03464729478074,,
2009-08-12,117.36369955231976,,
2009-08-13,117.66939674594066,,
2009-08-14,118.95644223904709,,
2009-08-17,120.0441050197836,,
2009-08-18,119.38802157943582,,
2009-08-19,119.75207103256056,,
2009-08-20,119.28290859808884,,
2009-08-21,119.07031157163117,,
2009-08-24,119.72476721214905,,
2009-08-25,120.71764430977157,,
2009-08-26,120.53112952386991,,
2009-08-27,120.35039036242976,,
2009-08-28,120.4009472707926,,
2009-08-31,120.44081150640216,,
2009-09-01,120.17506351956338,,
2009-09-02,120.2549788408114,,
2009-09-03,119.57134907742441,,
2009-09-04,119.51304008590078,,
2009-09-07,119.56067539338089,,
2009-09-08,119.43350914264677,,
2009-09-09,118.58293584221316,,
2009-09-10,119.40770124182698,,
2009-09-11,120.44585102921685,,
2009-09-14,120.59293844240351,,
2009-09-15,120.67021546502312,,
2009-09-16,119.56162225380442,,
2009-09-17,118.63999502758675,,
2009-09-18,118.92949029862396,,
2009-09-21,119.03417068162574,,
2009-09-22,118.05310672602998,,
2009-09-23,118.5640780095722,,
2009-09-24,119.89711359456115,,
2009-09-25,120.7696428683383,,
2009-09-28,120.46295049492424,,
2009-09-29,120.8036840432685,,
2009-09-30,121.09267465978422,,
2009-10-01,122.11788006418264,,
2009-10-02,122.61976912984171,,
2009-10-05,123.36414046090208,,
2009-10-06,123.43188457067644,,
2009-10-07,123.81506917159832,,
2009-10-08,124.63004045566892,,
2009-10-09,123.6943347336292,,
2009-10-12,124.67579905161554,,
2009-10-13,124.165343204988,,
2009-10-14,123.45175580763825,,
2009-10-15,123.79995132664816,,
2009-10-16,123.68856813589657,,
2009-10-19,123.64705309551658,,
2009-10-20,124.22053355537896,,
2009-10-21,122.66268822693442,,
2009-10-22,122.66438864339383,,
2009-10-23,123.37329851678057,,
2009-10-26,123.22152659313572,,
2009-10-27,124.27555590284447,,
2009-10-28,124.23169473696257,,
2009-10-29,123.35327989398608,,
2009-10-30,124.08427459479834,,
2009-10-31,124.0975153588385,,
2009-11-02,123.57291193438897,,
2009-11-03,122.90070084809955,,
2009-11-04,122.46709873068602,,
2009-11-05,122.57447685627882,,
2009-11-06,122.57044286749739,,
2009-11-09,123.34620471331728,,
2009-11-10,124.31172947013435,,
2009-11-11,124.79410013518573,,
2009-11-12,123.96130927044457,,
2009-11-13,123.45174596037005,,
2009-11-16,124.14747405818841,,
2009-11-17,125.18711902334674,,
2009-11-18,125.17209786983021,,
2009-11-19,125.37100963381795,,
2009-11-20,124.94185092813166,,
2009-11-23,124.69454300565287,,
2009-11-24,124.46902866002732,,
2009-11-25,124.48910644945592,,
2009-11-26,125.47795935268316,,
2009-11-27,125.02915254926128,,
2009-11-30,125.7527870347818,,
2009-12-01,125.46662739882098,,
2009-12-02,125.0578397721855,,
2009-12-03,124.83757942823586,,
2009-12-04,124.62297834622042,,
2009-12-07,124.99571800754677,,
2009-12-08,125.10895703047306,,
2009-12-09,125.46734214767376,,
2009-12-10,123.95682687515277,,
2009-12-11,123.77686026389019,,
2009-12-14,124.44016243091525,,
2009-12-15,124.16440347625424,,
2009-12-16,124.68652052382114,,
2009-12-17,124.88725104903,,
2009-12-18,125.81402424211,,
2009-12-21,124.34182409231774,,
2009-12-22,123.60886487292339,,
2009-12-23,122.78088692250687,,
2009-12-24,122.52226381183469,,
2009-12-25,122.53327101051656,,
2009-12-28,122.56608528856256,,
2009-12-29,121.64578580713284,,
2009-12-30,121.95106199616197,,
2009-12-31,122.35071823931534,,
2010-01-04,123.68132550189095,,
2010-01-05,123.10765052419654,,
2010-01-06,122.84945387736295,,
2010-01-07,123.14476746600222,,
2010-01-08,123.37736743924528,,
2010-01-11,124.52514971263452,,
2010-01-12,124.36198669168046,,
2010-01-13,124.26318060782432,,
2010-01-14,124.2158069819921,,
2010-01-15,124.60459232971179,,
2010-01-18,124.34608641666705,,
2010-01-19,123.48701096719562,,
2010-01-20,123.17483014329926,,
2010-01-21,123.87210579847616,,
2010-01-22,123.72250302509138,,
2010-01-25,123.59332176760188,,
2010-01-26,123.7638129394071,,
2010-01-27,123.22015186018042,,
2010-01-28,122.64078680272357,,
2010-01-29,123.08491015594616,,
2010-01-31,123.10549785641626,,
2010-02-01,123.26876127077782,,
2010-02-02,123.24908024392482,,
2010-02-03,123.14993212555956,,
2010-02-04,123.09219738797334,,
2010-02-05,122.99669746956393,,
2010-02-08,122.03126105119435,,
2010-02-09,121.68426484822514,,
2010-02-10,121.2049976319743,,
2010-02-11,119.41768847947675,,
2010-02-12,119.52017530601555,,
2010-02-15,119.93054225656729,,
2010-02-16,120.45639230646185,,
2010-02-17,120.70928858412142,,
2010-02-18,120.42849028527726,,
2010-02-19,119.82808198057037,,
2010-02-22,120.02374948870533,,
2010-02-23,120.38567469719885,,
2010-02-24,121.48972251441373,,
2010-02-25,121.79930510267762,,
2010-02-26,122.09624118198705,,
2010-02-28,122.13125333685142,,
2010-03-01,121.94228221443457,,
2010-03-02,123.3244083607095,,
2010-03-03,123.28682766632824,,
2010-03-04,123.88779308230143,,
2010-03-05,122.44888177753023,,
2010-03-08,121.58406678377354,,
2010-03-09,122.33685238918817,,
2010-03-10,122.05687159302782,,
2010-03-11,120.99849884175427,,
2010-03-12,121.63883266204758,,
2010-03-15,122.22436798495006,,
2010-03-16,122.99990923153877,,
2010-03-17,123.62785470952802,,
2010-03-18,123.64659202519334,,
2010-03-19,123.85689913827669,,
2010-03-22,124.06901470316652,,
2010-03-23,124.2682053732441,,
2010-03-24,123.59692818319377,,
2010-03-25,123.84627338129262,,
2010-03-26,124.05634519984498,,
2010-03-29,125.14320378401887,,
2010-03-30,124.46417280329625,,
2010-03-31,125.43276129269472,,
2010-04-01,126.13631385930036,,
2010-04-02,126.15278844032561,,
2010-04-05,126.20233776332566,,
2010-04-06,125.16360686107528,,
2010-04-07,124.88783058226818,,
2010-04-08,125.7576749767604,,
2010-04-09,125.2080860478211,,
2010-04-12,125.42616172095642,,
2010-04-13,125.74077118497533,,
2010-04-14,125.77018009390422,,
2010-04-15,124.97852632170098,,
2010-04-16,125.25375262138161,,
2010-04-19,125.20086477882855,,
2010-04-20,125.44360575011785,,
2010-04-21,125.613383049064,,
2010-04-22,125.16758006759805,,
2010-04-23,124.12178499276581,,
2010-04-26,123.85318807295384,,
2010-04-27,124.70846800473512,,
2010-04-28,124.72089915421188,,
2010-04-29,124.55601414031247,,
2010-04-30,125.85818410485822,,
2010-05-03,126.21078191435122,,
2010-05-04,126.5352871585923,,
2010-05-05,125.89494330130779,,
2010-05-06,126.59349520503307,,
2010-05-07,126.70412644998056,,
2010-05-10,125.57727699967633,,
2010-05-11,125.83014319135386,,
2010-05-12,125.60270502935799,,
2010-05-13,124.81228683493757,,
2010-05-14,125.49765054747897,,
2010-05-17,125.12206977936798,,
2010-05-18,125.05782187758167,,
2010-05-19,125.49083938892804,,
2010-05-20,126.73668840621477,,
2010-05-21,126.6044185520663,,
2010-05-24,126.28002488742285,,
2010-05-25,126.74333884580882,,
2010-05-26,125.39256067048257,,
2010-05-27,125.72434371245274,,
2010-05-28,126.24529481398721,,
2010-05-31,126.29849833073968,,
2010-06-01,126.76402910232368,,
2010-06-02,127.66627207391743,,
2010-06-03,126.0834674505318,,
2010-06-04,126.67979020079896,,
2010-06-07,126.29554257980897,,
2010-06-08,125.58468448097753,,
2010-06-09,125.08664044915592,,
2010-06-10,125.2787642596509,,
2010-06-11,126.5246132769376,,
2010-06-14,125.18122447893806,,
2010-06-15,124.92333521023518,,
2010-06-16,124.85239718789856,,
2010-06-17,126.27115763463077,,
2010-06-18,125.72803840111608,,
2010-06-21,127.52439602924422,,
2010-06-22,128.0335241270559,,
2010-06-23,127.70543577374912,,
2010-06-24,127.83844456563023,,
2010-06-25,127.74977203770948,,
2010-06-28,127.28571914159082,,
2010-06-29,126.42042305663072,,
2010-06-30,127.69509064549167,,
2010-07-01,128.7052185260557,,
2010-07-02,128.08081614194697,,
2010-07-05,128.47082747725182,,
2010-07-06,127.85573570857478,,
2010-07-07,127.49993719029274,,
2010-07-08,127.62171412863724,,
2010-07-09,126.82277465207117,,
2010-07-12,126.53532787406137,,
2010-07-13,126.80614855308603,,
2010-07-14,126.75013707294941,,
2010-07-15,126.6830415268227,,
2010-07-16,126.71629372479299,,
2010-07-19,126.15957803699713,,
2010-07-20,125.66714993194385,,
2010-07-21,125.09661610854698,,
2010-07-22,124.65458355686201,,
2010-07-23,124.27802088829183,,
2010-07-26,123.79992817525238,,
2010-07-27,123.55208845971386,,
2010-07-28,123.69603353003855,,
2010-07-29,124.46741062917593,,
2010-08-02,125.93168964024078,,
2010-08-03,126.93864008855431,,
2010-08-04,126.84412995254542,,
2010-08-05,127.66235570393427,,
2010-08-06,127.58417609181745,,
2010-08-09,127.16349884060669,,
2010-08-10,126.88048568899295,,
2010-08-11,127.58735352406794,,
2010-08-12,128.51701108554388,,
2010-08-13,128.31838462300135,,
2010-08-16,129.39560804969207,,
2010-08-17,128.91729365533286,,
2010-08-18,128.37417442181817,,
2010-08-19,128.76071274977946,,
2010-08-20,128.71393799130124,,
2010-08-23,129.09870286870407,,
2010-08-24,130.71712429080452,,
2010-08-25,131.04683830712324,,
2010-08-26,130.94235251172324,,
2010-08-27,130.63074246985505,,
2010-08-30,130.6613344919877,,
2010-08-31,131.7384101311319,,
2010-09-01,130.31255588216604,,
2010-09-02,130.54199604816102,,
2010-09-03,130.14075285931958,,
2010-09-06,130.7296123384867,,
2010-09-07,131.54975932798047,,
2010-09-08,131.16543781321727,,
2010-09-09,130.86919767618863,,
2010-09-10,129.6823158899692,,
2010-09-13,130.2897965999997,,
2010-09-14,130.9465644567995,,
2010-09-15,131.0921351901361,,
2010-09-16,130.03405025072158,,
2010-09-17,130.12863428050375,,
2010-09-20,129.64359555277716,,
2010-09-21,130.18205947857598,,
2010-09-22,132.19248736785946,,
2010-09-23,132.02489629008923,,
2010-09-24,130.88301581178962,,
2010-09-27,131.79878134389128,,
2010-09-28,132.17512233114167,,
2010-09-29,132.9002419282137,,
2010-09-30,132.28293334633864,,
2010-10-01,132.09154847357632,,
2010-10-04,131.756957468222,,
2010-10-05,131.03087725209747,,
2010-10-06,132.10714005973574,,
2010-10-07,131.95188924210115,,
2010-10-08,133.5074270631511,,
2010-10-11,132.85960035291666,,
2010-10-12,133.82154949331039,,
2010-10-13,133.77100615239556,,
2010-10-14,133.1754962336344,,
2010-10-15,131.46625936418843,,
2010-10-18,131.54436508253198,,
2010-10-19,130.85530564681437,,
2010-10-20,131.45702264253,,
2010-10-21,132.50801377971086,,
2010-10-22,131.7078920027725,,
2010-10-25,131.99437816172983,,
2010-10-26,130.44630361177985,,
2010-10-27,129.31816737530798,,
2010-10-28,128.98719716484374,,
2010-11-01,130.73870127259858,,
2010-11-02,130.68475881811344,,
2010-11-03,130.90370606830444,,
2010-11-04,131.38918815867063,,
2010-11-05,130.93777109778068,,
2010-11-08,130.80424504948667,,
2010-11-09,130.7196366790956,,
2010-11-10,129.96355559102457,,
2010-11-11,130.6724185579778,,
2010-11-12,130.99496487828958,,
2010-11-15,130.91479013429455,,
2010-11-16,129.71091278022365,,
2010-11-17,129.88234633420382,,
2010-11-18,128.9404224063655,,
2010-11-19,129.13099444762187,,
2010-11-22,130.66488139310454,,
2010-11-23,131.4531801663201,,
2010-11-24,130.39236115729474,,
2010-11-25,130.41172132589077,,
2010-11-26,130.27457448270664,,
2010-11-29,129.37942531334656,,
2010-11-30,130.19927672774728,,
2010-12-01,129.2988811004852,,
2010-12-02,128.71970170561607,,
2010-12-03,128.58063362432702,,
2010-12-06,128.96924097793976,,
2010-12-07,128.5080699389785,,
2010-12-08,128.16446389328559,,
2010-12-09,130.0337546756285,,
2010-12-10,129.86084324618304,,
2010-12-13,129.2055532648486,,
2010-12-14,129.26392934572974,,
2010-12-15,129.27959482566246,,
2010-12-16,129.42124918901584,,
2010-12-17,130.38356779827595,,
2010-12-20,131.9000158132675,,
2010-12-21,131.45273680368052,,
2010-12-22,131.38734081433893,,
2010-12-23,131.37004967139438,,
2010-12-24,131.2201930992083,,
2010-12-27,131.25145016530038,,
2010-12-28,131.26194308110433,,
2010-12-29,130.50733986849866,,
2010-12-30,132.16315153987236,,
2010-12-31,133.6790084046778,,
2011-01-03,133.9508635965282,,
2011-01-04,132.37441383764357,,
2011-01-05,130.6798818290778,,
2011-01-06,131.75784419350117,,
2011-01-07,131.60377567623888,,
2011-01-10,131.47246644114287,,
2011-01-11,130.48930978782144,,
2011-01-12,130.25100236903438,,
2011-01-13,130.32999481265713,,
2011-01-14,130.1899661123156,,
2011-01-17,129.75066763024148,,
2011-01-18,129.46492040901683,,
2011-01-19,129.71844994509695,,
2011-01-20,129.11370330467733,,
2011-01-21,129.0344152859615,,
2011-01-24,129.15796567486447,,
2011-01-25,129.47216199879702,,
2011-01-26,129.94057462753844,,
2011-01-27,129.874661381784,,
2011-01-28,130.5752482461313,,
2011-01-31,130.66569422461046,,
2011-02-01,130.15981745282252,,
2011-02-02,129.95631400124438,,
2011-02-03,130.36886293739573,,
2011-02-04,129.59430840600788,,
2011-02-07,129.36117355134954,,
2011-02-08,129.32880807865845,,
2011-02-09,129.00862635909124,,
2011-02-10,129.48132482668217,,
2011-02-11,129.79685123853355,,
2011-02-14,130.184276291774,,
2011-02-15,129.75820479511475,,
2011-02-16,129.60361902143953,,
2011-02-17,129.72679994147614,,
2011-02-18,129.53024250458512,,
2011-02-21,130.79766850366588,,
2011-02-22,131.55145888476562,,
2011-02-23,131.91752863753183,,
2011-02-24,132.27931255144853,,
2011-02-25,132.1058099718169,,
2011-02-28,132.6190761209316,,
2011-03-01,132.95632730212355,,
2011-03-02,132.47468768796728,,
2011-03-03,131.68269422608836,,
2011-03-04,132.73959686513058,,
2011-03-07,132.36620394385847,,
2011-03-08,132.37567003178913,,
2011-03-09,132.6445694727088,,
2011-03-10,133.2216059481532,,
2011-03-11,132.90282821027805,,
2011-03-14,133.4090744509323,,
2011-03-15,132.94901181857009,,
2011-03-16,134.1061144141628,,
2011-03-17,133.54976819523327,,
2011-03-18,134.2556754112558,,
2011-03-21,133.9173897172381,,
2011-03-22,133.66533805662334,,
2011-03-23,133.87859548627276,,
2011-03-24,133.4479425756709,,
2011-03-25,133.83344639080644,,
2011-03-28,134.08202504407765,,
2011-03-29,133.538905810563,,
2011-03-30,133.4873279568224,,
2011-03-31,133.49959432318477,,
2011-04-01,133.8598264678629,,
2011-04-04,134.21887631216867,,
2011-04-05,133.7533455405847,,
2011-04-06,133.55612305973426,,
2011-04-07,133.9835985380856,,
2011-04-08,133.31722449076108,,
2011-04-11,132.7838592353177,,
2011-04-12,134.0190675492539,,
2011-04-13,133.8796299990985,,
2011-04-14,133.82369241273514,,
2011-04-15,134.65034205427645,,
2011-04-18,134.8293866669031,,
2011-04-19,134.55960050070422,,
2011-04-20,134.2497639093944,,
2011-04-21,134.87416629350312,,
2011-04-22,134.90364990903677,,
2011-04-25,134.99224854318427,,
2011-04-26,135.96409944919583,,
2011-04-27,134.76014820135168,,
2011-04-28,136.19132280199278,,
2011-04-29,136.22117588639276,,
2011-05-02,136.52266248132335,,
2011-05-03,136.91732912434404,,
2011-05-04,137.13073434154,,
2011-05-05,136.4102700521838,,
2011-05-06,135.7935526204949,,
2011-05-09,136.02107154838492,,
2011-05-10,136.38455501908678,,
2011-05-11,135.9964649218869,,
2011-05-12,136.5399536242679,,
2011-05-13,136.74870353374803,,
2011-05-16,136.39837315468776,,
2011-05-17,136.7582358304995,,
2011-05-18,136.01020916371462,,
2011-05-19,135.720323891187,,
2011-05-20,135.86234772340674,,
2011-05-23,135.80936588797408,,
2011-05-24,136.6346854415966,,
2011-05-25,137.288867016332,,
2011-05-26,137.9980255583783,,
2011-05-27,138.20167679750298,,
2011-05-30,138.25554535821485,,
2011-05-31,138.44478731155243,,
2011-06-01,138.971576021175,,
2011-06-02,138.6859765874969,,
2011-06-03,138.351237794596,,
2011-06-06,139.02078927417102,,
2011-06-07,139.04332687501756,,
2011-06-08,139.96153090163705,,
2011-06-09,139.7824123952371,,
2011-06-10,140.43858910185074,,
2011-06-13,140.21764671978153,,
2011-06-14,140.49230987501608,,
2011-06-15,141.17213258907526,,
2011-06-16,141.18173877959998,,
2011-06-17,140.75832745877835,,
2011-06-20,140.13991047030433,,
2011-06-21,140.42787450472701,,
2011-06-22,140.18816310424788,,
2011-06-23,140.8113831879843,,
2011-06-24,141.14412684900694,,
2011-06-27,140.92872649993276,,
2011-06-28,139.82298007676087,,
2011-06-29,139.4719107599679,,
2011-06-30,139.38375548846,,
2011-07-01,139.50863596528177,,
2011-07-04,139.80716680928165,,
2011-07-05,140.33587675700917,,
2011-07-06,140.58327310990813,,
2011-07-07,140.07133704871225,,
2011-07-08,141.1372547280931,,
2011-07-11,141.88284290036015,,
2011-07-12,141.52896562018307,,
2011-07-13,141.5588925983563,,
2011-07-14,142.19696533051948,,
2011-07-15,142.896517682041,,
2011-07-18,143.30382016029037,,
2011-07-19,143.41104002530125,,
2011-07-20,143.18795472380725,,
2011-07-21,142.11841624953632,,
2011-07-22,143.21248745653202,,
2011-07-25,143.52424528594673,,
2011-07-26,142.03565522347694,,
2011-07-27,142.30004714422734,,
2011-07-28,142.51160501709163,,
2011-08-01,144.6628744382226,,
2011-08-02,144.66819478989785,,
2011-08-03,144.99332739227398,,
2011-08-04,145.46395683421343,,
2011-08-05,144.73477307961167,,
2011-08-08,144.45464178515536,,
2011-08-09,142.05235521623536,,
2011-08-10,144.499051942889,,
2011-08-11,143.87745752216443,,
2011-08-12,145.03736808114127,,
2011-08-15,145.4615183396956,,
2011-08-16,145.33678565042038,,
2011-08-17,146.91205310893275,,
2011-08-18,148.55877584619455,,
2011-08-19,147.95439867464128,,
2011-08-22,148.80085184741822,,
2011-08-23,147.59867405013253,,
2011-08-24,146.45945374767052,,
2011-08-25,146.3362728276339,,
2011-08-26,145.54819573573815,,
2011-08-29,145.56511740981634,,
2011-08-30,145.22720118466498,,
2011-08-31,143.26495203555177,,
2011-09-01,144.35089492748804,,
2011-09-02,144.907093358871,,
2011-09-05,146.1041724858013,,
2011-09-06,145.583812534453,,
2011-09-07,145.45782365103221,,
2011-09-08,146.3046462926755,,
2011-09-09,148.0612490707858,,
2011-09-12,148.79627043347568,,
2011-09-13,148.47431526335,,
2011-09-14,148.17172026182044,,
2011-09-15,146.87481064720603,,
2011-09-16,147.7702553916592,,
2011-09-19,148.79590096460933,,
2011-09-20,148.32438479739065,,
2011-09-21,146.85899737972682,,
2011-09-22,148.0542291623254,,
2011-09-23,148.16551318486597,,
2011-09-26,147.1660999014257,,
2011-09-27,146.01963800918352,,
2011-09-28,147.19602687959897,,
2011-09-29,147.41076218471378,,
2011-09-30,148.41416573191046,,
2011-10-03,149.50210375572493,,
2011-10-04,150.5403851639038,,
2011-10-05,149.87378943525945,,
2011-10-06,150.88879430485912,,
2011-10-07,151.77721914085188,,
2011-10-10,149.78179168754167,,
2011-10-11,147.9662955721373,,
2011-10-12,146.679361616914,,
2011-10-13,147.507858602787,,
2011-10-14,146.79086732077437,,
2011-10-17,147.41497412978998,,
2011-10-18,149.14903930705376,,
2011-10-19,147.95003894201852,,
2011-10-20,147.65172977933844,,
2011-10-21,147.06190968111883,,
2011-10-24,145.71637796369453,,
2011-10-25,146.65209481457836,,
2011-10-26,147.16898175858316,,
2011-10-27,145.82256331587965,,
2011-10-28,145.55455060023914,,
2011-10-31,148.2450228849016,,
2011-11-01,151.50129979147178,,
2011-11-02,151.7104930635915,,
2011-11-03,151.21887779004416,,
2011-11-04,151.48326971079456,,
2011-11-07,151.101903946962,,
2011-11-08,153.23699063174743,,
2011-11-09,154.14876590009268,,
2011-11-10,154.8802403616657,,
2011-11-11,153.93380891365808,,
2011-11-14,154.3938715460203,,
2011-11-15,154.84366294389838,,
2011-11-16,155.32737158370614,,
2011-11-17,155.27993178126854,,
2011-11-18,154.7229944121529,,
2011-11-21,154.0920154822234,,
2011-11-22,156.2862910793959,,
2011-11-23,157.77074309056275,,
2011-11-24,157.9579160182488,,
2011-11-25,157.51359275959254,,
2011-11-28,158.498966226112,,
2011-11-29,159.5147839272176,,
2011-11-30,157.46208879962523,,
2011-12-01,156.6546515391334,,
2011-12-02,154.31680034050254,,
2011-12-05,153.04427567106632,,
2011-12-06,156.13554778193063,,
2011-12-07,155.2067769457339,,
2011-12-08,154.5409940485955,,
2011-12-09,154.0729508887204,,
2011-12-12,154.66853470125488,,
2011-12-13,154.83058374603004,,
2011-12-14,156.44619720474634,,
2011-12-15,157.44561048818662,,
2011-12-16,159.1623106287326,,
2011-12-19,160.0469668822887,,
2011-12-20,160.27145616547475,,
2011-12-21,160.5014874816559,,
2011-12-22,160.41274105996183,,
2011-12-23,160.50939411539545,,
2011-12-26,160.53015826568358,,
2011-12-27,160.53688259905093,,
2011-12-28,160.95652533743592,,
2011-12-29,161.8697784812465,,
2012-01-02,161.095593418725,,
2012-01-03,159.72552896857596,,
2012-01-04,159.83740414130264,,
2012-01-05,160.99073815445868,,
2012-01-06,162.46477114359482,,
2012-01-09,162.3075990878553,,
2012-01-10,160.65740334324988,,
2012-01-11,161.21153274898137,,
2012-01-12,161.3708477241457,,
2012-01-13,162.42649416904237,,
2012-01-16,162.79566746028578,,
2012-01-17,163.36819641556085,,
2012-01-18,163.0708478719332,,
2012-01-19,162.29178582037608,,
2012-01-20,161.02724167845275,,
2012-01-23,159.71422322126605,,
2012-01-24,158.55180027399814,,
2012-01-25,158.00483856427354,,
2012-01-26,159.4295844066404,,
2012-01-27,159.7570077159878,,
2012-01-30,160.56703125854398,,
2012-01-31,161.51405385673772,,
2012-02-01,160.50333482598757,,
2012-02-02,159.56421886153342,,
2012-02-03,158.3555384122002,,
2012-02-06,158.5679091165704,,
2012-02-07,158.04451952051807,,
2012-02-08,158.91557931979307,,
2012-02-09,157.58829936436575,,
2012-02-10,157.81670501753499,,
2012-02-13,157.9536301793993,,
2012-02-14,158.45906358854765,,
2012-02-15,158.12166461980914,,
2012-02-16,157.36824370757574,,
2012-02-17,157.0870040065204,,
2012-02-20,155.61533561812882,,
2012-02-21,156.21756987025734,,
2012-02-22,157.276541534951,,
2012-02-23,157.50117860568363,,
2012-02-24,157.82461165127458,,
2012-02-27,158.918608964497,,
2012-02-28,158.99080318097919,,
2012-02-29,158.6103980361991,,
2012-03-01,157.00261731744914,,
2012-03-02,158.04710580258242,,
2012-03-05,157.58615644494103,,
2012-03-06,157.99375449828347,,
2012-03-07,158.04451952051807,,
2012-03-08,158.2519393420794,,
2012-03-09,158.01636599290325,,
2012-03-12,158.79424574408813,,
2012-03-13,158.11043276627254,,
2012-03-14,156.07820621387518,,
2012-03-15,154.81159304630037,,
2012-03-16,153.85452089494228,,
2012-03-19,154.09452787051447,,
2012-03-20,154.482248498848,,
2012-03-21,155.78647359701588,,
2012-03-22,156.00985447360293,,
2012-03-23,156.76711786204623,,
2012-03-26,156.34814016762064,,
2012-03-27,157.26220614293717,,
2012-03-28,157.68258781905485,,
2012-03-29,158.16297123906557,,
2012-04-02,156.698766121774,,
2012-04-03,156.32220345320383,,
2012-04-04,158.22629820275566,,
2012-04-05,158.7299581613456,,
2012-04-06,158.76136301498417,,
2012-04-09,158.85528200080694,,
2012-04-10,161.16239338975862,,
2012-04-11,160.7364696806459,,
2012-04-12,160.51382774179152,,
2012-04-13,161.23214911172298,,
2012-04-16,161.52927597403078,,
2012-04-17,160.43690432382024,,
2012-04-18,159.6734338584225,,
2012-04-19,158.37231229873183,,
2012-04-20,158.470221548311,,
2012-04-23,158.80296520933368,,
2012-04-24,158.10274781385272,,
2012-04-25,157.73342673506275,,
2012-04-26,157.83030147181617,,
2012-04-27,157.77214707225482,,
2012-04-30,157.7109630279895,,
2012-05-01,157.8431589883647,,
2012-05-02,158.38886450394372,,
2012-05-03,157.97417264836764,,
2012-05-04,158.23893403798436,,
2012-05-07,158.29088136059127,,
2012-05-08,159.01637042652965,,
2012-05-09,159.58830823161856,,
2012-05-10,159.96450143132242,,
2012-05-11,161.2286761043794,,
2012-05-14,161.80896390584752,,
2012-05-15,161.819604609198,,
2012-05-16,162.13683057783456,,
2012-05-17,162.26806591915727,,
2012-05-18,162.83963425537985,,
2012-05-21,162.19239869533155,,
2012-05-22,161.4322534497308,,
2012-05-23,161.92549438629004,,
2012-05-24,162.21316284561965,,
2012-05-25,161.09441111835272,,
2012-05-28,160.18293142510055,,
2012-05-29,160.39707558002917,,
2012-05-30,160.9325837548973,,
2012-05-31,162.62711576346308,,
2012-06-01,163.7457935969568,,
2012-06-04,163.83424444355774,,
2012-06-05,163.8637280590914,,
2012-06-06,162.44836672592947,,
2012-06-07,160.24995307745397,,
2012-06-08,160.4924724413173,,
2012-06-11,159.90782490722637,,
2012-06-12,159.9045735812026,,
2012-06-13,159.13415710111772,,
2012-06-14,159.2679787245048,,
2012-06-15,160.9036912895498,,
2012-06-18,160.9525350736795,,
2012-06-19,159.5674701875572,,
2012-06-20,159.9061992442145,,
2012-06-21,160.10002261149464,,
2012-06-22,160.43786494287272,,
2012-06-25,160.86851785347457,,
2012-06-26,160.38636098290542,,
2012-06-27,159.68887765703536,,
2012-06-28,160.25320440347775,,
2012-07-02,159.57633744034928,,
2012-07-03,158.1706561914854,,
2012-07-04,159.24721457421668,,
2012-07-05,159.4419985605493,,
2012-07-06,159.98194036181349,,
2012-07-09,159.63197945161954,,
2012-07-10,158.92666338578314,,
2012-07-11,158.9988576022653,,
2012-07-12,159.17147345661772,,
2012-07-13,159.2350221016276,,
2012-07-16,159.3454932926622,,
2012-07-17,159.99036425196596,,
2012-07-18,160.23310529714905,,
2012-07-19,159.9916943398848,,
2012-07-20,159.70653826884623,,
2012-07-23,159.08886021810488,,
2012-07-24,159.9929505340303,,
2012-07-25,159.46963483175128,,
2012-07-26,159.21529246416523,,
2012-07-27,158.00956776576268,,
2012-07-30,158.33248355494075,,
2012-07-31,159.38384416098793,,
2012-08-01,159.2654663362137,,
2012-08-02,159.71806569747596,,
2012-08-03,158.10407790177155,,
2012-08-06,159.69375464607097,,
2012-08-07,159.09691463939103,,
2012-08-08,159.3929330950998,,
2012-08-09,159.36330169201963,,
2012-08-10,160.4575945803351,,
2012-08-13,159.71193251429477,,
2012-08-14,159.5730861143255,,
2012-08-15,158.8413160776594,,
2012-08-16,158.61483166259512,,
2012-08-17,159.17206460680384,,
2012-08-20,159.0001876901841,,
2012-08-21,157.21188448334215,,
2012-08-22,157.92643727083694,,
2012-08-23,158.4666746471942,,
2012-08-24,158.9369346202673,,
2012-08-27,158.9294713491673,,
2012-08-28,159.6738772210621,,
2012-08-29,159.80296964296008,,
2012-08-30,160.55107020351824,,
2012-08-31,160.1333487032382,,
2012-09-03,159.84095104241948,,
2012-09-04,160.73683914951224,,
2012-09-05,159.69929667906607,,
2012-09-06,158.29191587341703,,
2012-09-07,158.74857939220894,,
2012-09-10,157.2675264946124,,
2012-09-11,156.67534179564825,,
2012-09-12,155.6517652483496,,
2012-09-13,156.6877559495572,,
2012-09-14,155.82475057156836,,
2012-09-17,157.52999717725788,,
2012-09-18,156.1464101666009,,
2012-09-19,155.8051687216525,,
2012-09-20,156.15490795052665,,
2012-09-21,155.92192088341483,,
2012-09-24,155.111158403126,,
2012-09-25,153.61355330031762,,
2012-09-26,154.66269709316677,,
2012-09-27,154.38877287566487,,
2012-10-01,154.7592762548271,,
2012-10-02,155.4962927493952,,
2012-10-03,156.08884691722568,,
2012-10-04,156.43171402518595,,
2012-10-05,155.61570508699515,,
2012-10-08,156.3884861678246,,
2012-10-09,155.92221645850793,,
2012-10-10,155.55777236875358,,
2012-10-11,156.53634760813247,,
2012-10-12,157.47191667146976,,
2012-10-15,156.05212171191184,,
2012-10-16,154.87809744224091,,
2012-10-17,153.76643951720763,,
2012-10-18,154.26891717542532,,
2012-10-19,153.99942658431945,,
2012-10-22,153.68264397832255,,
2012-10-23,154.94992218985678,,
2012-10-24,154.43362639603814,,
2012-10-25,154.68493911892023,,
2012-10-26,155.23167914732497,,
2012-10-29,156.27062559946324,,
2012-10-30,155.9947801438564,,
2012-10-31,155.39062465362295,,
2012-11-01,154.66816523238853,,
2012-11-02,154.80442535029343,,
2012-11-05,155.09667522356563,,
2012-11-06,154.5496396200678,,
2012-11-07,155.80154792676242,,
2012-11-08,156.4235118163533,,
2012-11-09,157.40807245136682,,
2012-11-12,157.58268343759744,,
2012-11-13,159.03646953285835,,
2012-11-14,158.5970232632377,,
2012-11-15,158.88934703028315,,
2012-11-16,159.34793178718002,,
2012-11-19,159.64468918062153,,
2012-11-20,158.67801083873866,,
2012-11-21,157.91380143560824,,
2012-11-22,157.6478577456192,,
2012-11-23,157.93552620494884,,
2012-11-26,158.25415615527743,,
2012-11-27,158.4314273173457,,
2012-11-28,159.3462322303949,,
2012-11-29,160.2155924728847,,
2012-11-30,160.41665742994502,,
2012-12-03,160.62112150057567,,
2012-12-04,161.11620978146658,,
2012-12-05,159.08073190304546,,
2012-12-06,160.5744206358707,,
2012-12-07,160.72272543881817,,
2012-12-10,160.03758237308375,,
2012-12-11,160.28010173694705,,
2012-12-12,160.43387467911631,,
2012-12-13,160.15788143596293,,
2012-12-14,161.11554473750715,,
2012-12-17,161.49166404343774,,
2012-12-18,160.5988055810489,,
2012-12-19,159.84250281165808,,
2012-12-20,160.10467791921045,,
2012-12-21,160.7599679005449,,
2012-12-24,160.65045732856277,,
2012-12-25,160.67550731770038,,
2012-12-26,160.70063120061127,,
2012-12-27,162.39848842897405,,
2012-12-28,161.95357402013164,,
2012-12-31,161.8417727411782,,
2013-01-02,159.14716240521275,,
2013-01-03,157.6198520055509,,
2013-01-04,157.0335788084481,,
2013-01-07,156.9538474270927,,
2013-01-08,157.46423171904996,,
2013-01-09,157.51189320280739,,
2013-01-10,165.23275799641468,,
2013-01-11,164.53874767788818,,
2013-01-14,165.2562562163137,,
2013-01-15,165.66910072755812,,
2013-01-16,166.98803068660618,,
2013-01-17,166.59454634395777,,
2013-01-18,166.71669275116864,,
2013-01-21,166.31914425099055,,
2013-01-22,167.2557478271536,,
2013-01-23,168.57467778620168,,
2013-01-24,167.65846889146042,,
2013-01-25,167.596989272102,,
2013-01-28,166.970296181022,,
2013-01-29,167.4512707512189,,
2013-01-30,167.24089517872687,,
2013-01-31,168.2094208649414,,
2013-02-01,169.11713197575693,,
2013-02-04,169.61643220172408,,
2013-02-05,168.14151248730874,,
2013-02-06,166.9095554993963,,
2013-02-07,168.05904703634243,,
2013-02-08,167.73664850357721,,
2013-02-11,167.38513582414464,,
2013-02-12,167.09162975672695,,
2013-02-13,165.66385426965613,,
2013-02-14,166.18022395724802,,
2013-02-15,165.5516096280631,,
2013-02-18,165.2302456081236,,
2013-02-19,165.26135488666912,,
2013-02-20,165.56476271970467,,
2013-02-21,166.38941722936775,,
2013-02-22,165.96585812099957,,
2013-02-25,165.37980660521663,,
2013-02-26,166.92669885479432,,
2013-02-27,167.3250601864783,,
2013-02-28,167.9522705339712,,
2013-03-01,169.34716329193807,,
2013-03-04,169.81631485841214,,
2013-03-05,168.93793957558373,,
2013-03-06,168.65647819320859,,
2013-03-07,167.9974196294375,,
2013-03-08,168.01271564050384,,
2013-03-11,168.8966329563273,,
2013-03-12,170.0426514859299,,
2013-03-13,169.6356445827736,,
2013-03-14,168.26358500074633,,
2013-03-15,168.65389191114423,,
2013-03-18,169.64303396010033,,
2013-03-19,171.01760593041865,,
2013-03-20,171.20958195336712,,
2013-03-21,170.50419199375744,,
2013-03-22,171.46222476416804,,
2013-03-25,172.7549224337062,,
2013-03-26,173.57543889206633,,
2013-03-27,173.95525288666025,,
2013-03-28,174.79062199344713,,
2013-04-01,174.94631617372133,,
2013-04-02,174.90330999767977,,
2013-04-04,176.81545916851772,,
2013-04-05,179.89897243318896,,
2013-04-08,179.87185341839987,,
2013-04-09,179.97168390608397,,
2013-04-10,179.42080582637624,,
2013-04-11,178.38296778083696,,
2013-04-12,177.58218095993922,,
2013-04-15,176.80548350912665,,
2013-04-16,176.09514266670806,,
2013-04-17,175.99486881638433,,
2013-04-18,176.3556182174753,,
2013-04-19,176.00004138051304,,
2013-04-22,177.37520450101752,,
2013-04-23,176.99930687640676,,
2013-04-24,176.6365623434376,,
2013-04-25,175.62813401965872,,
2013-04-26,176.31394212935254,,
2013-04-29,176.05265374707938,,
2013-04-30,176.8164197875702,,
2013-05-01,177.48249825980164,,
2013-05-02,178.11103869521332,,
2013-05-03,176.515598236599,,
2013-05-06,176.58372829555145,,
2013-05-07,175.44472967440927,,
2013-05-08,176.3259868143951,,
2013-05-09,174.84774188018272,,
2013-05-10,173.83894408753753,,
2013-05-13,173.8536489484177,,
2013-05-14,173.1187753732744,,
2013-05-15,171.94290375927184,,
2013-05-16,173.1464116444764,,
2013-05-17,172.2007930279747,,
2013-05-20,171.91297678109856,,
2013-05-21,171.51683226261255,,
2013-05-22,171.97453029423025,,
2013-05-23,171.37429117397994,,
2013-05-24,173.34311686891394,,
2013-05-27,173.40969515862776,,
2013-05-28,173.1210660802457,,
2013-05-29,171.6035096586551,,
2013-05-30,172.06667582949456,,
2013-05-31,171.29263855451958,,
2013-06-03,170.53227162759904,,
2013-06-04,169.6581821836201,,
2013-06-05,169.64584192348448,,
2013-06-06,169.4783247394875,,
2013-06-07,168.4557827050146,,
2013-06-10,167.90276170588209,,
2013-06-11,166.6460503039251,,
2013-06-12,167.3345924832298,,
2013-06-13,167.21421952657738,,
2013-06-14,168.2077952019295,,
2013-06-17,167.89138206479893,,
2013-06-18,167.8978108230732,,
2013-06-19,168.63105873520462,,
2013-06-20,166.8078776673805,,
2013-06-21,165.76013785622342,,
2013-06-24,163.1308496158263,,
2013-06-25,164.0724779685715,,
2013-06-26,165.0322841895405,,
2013-06-27,164.77225200141285,,
2013-07-01,164.09449831300515,,
2013-07-02,164.3936942009645,,
2013-07-03,164.52574237379315,,
2013-07-04,165.52877645212348,,
2013-07-05,164.94811918178905,,
2013-07-08,164.7709958072673,,
2013-07-09,164.78326217362968,,
2013-07-10,166.47284329938654,,
2013-07-11,167.56654503751588,,
2013-07-12,167.38240175453376,,
2013-07-15,166.83861747705967,,
2013-07-16,167.13404478258235,,
2013-07-17,167.00953377462696,,
2013-07-18,166.27828099437374,,
2013-07-19,165.2762814288691,,
2013-07-22,165.6869091269155,,
2013-07-23,164.55263970726244,,
2013-07-24,163.25728186188664,,
2013-07-25,163.31454953616878,,
2013-07-26,163.78540065942803,,
2013-07-29,163.826855066231,,
2013-07-30,163.72488165912213,,
2013-07-31,163.63547019346868,,
2013-08-01,163.7902037546904,,
2013-08-02,163.7606462453835,,
2013-08-05,163.35947695031533,,
2013-08-06,163.16107216909262,,
2013-08-07,163.73190156758253,,
2013-08-08,163.4648494709945,,
2013-08-09,163.5486450098796,,
2013-08-12,163.56549279018455,,
2013-08-13,162.36590127496316,,
2013-08-14,162.31942209157805,,
2013-08-15,162.32888049455624,,
2013-08-16,161.08140581425766,,
2013-08-19,160.12684605119065,,
2013-08-21,161.3963410759229,,
2013-08-22,161.40439549720904,,
2013-08-23,161.98630896168905,,
2013-08-26,161.98778683715437,,
2013-08-27,163.25617345528764,,
2013-08-28,163.91478865641912,,
2013-08-29,163.73123652362312,,
2013-09-02,163.13520934844905,,
2013-09-03,162.3888822384493,,
2013-09-04,162.12316022978007,,
2013-09-05,160.7048431456875,,
2013-09-06,161.46314104695657,,
2013-09-09,160.5152317234836,,
2013-09-10,159.2126322883276,,
2013-09-11,158.7728904436139,,
2013-09-12,159.4949065022087,,
2013-09-13,160.01245849017286,,
2013-09-16,160.30138314364802,,
2013-09-17,160.31926543677872,,
2013-09-18,159.66212811111257,,
2013-09-19,160.84598025262804,,
2013-09-20,160.24056856824905,,
2013-09-23,159.76055461710465,,
2013-09-24,160.7432679077865,,
2013-09-25,161.60243080956542,,
2013-09-26,162.23732610947806,,
2013-09-27,163.18878233406784,,
2013-09-30,163.95823819510028,,
2013-10-01,164.5558910332862,,
2013-10-02,164.73367945176733,,
2013-10-04,164.99688907214545,,
2013-10-07,165.5782113864393,,
2013-10-08,166.07344745487677,,
2013-10-09,166.42702915996082,,
2013-10-10,166.18517484005696,,
2013-10-11,165.66910072755812,,
2013-10-14,165.18332306209885,,
2013-10-15,163.678402475737,,
2013-10-16,163.40950303481728,,
2013-10-17,164.44349860414664,,
2013-10-18,164.99651960327913,,
2013-10-21,164.78510951796136,,
2013-10-22,166.93408823212104,,
2013-10-23,168.13412310998203,,
2013-10-24,167.2066823617041,,
2013-10-25,167.60836891318516,,
2013-10-28,167.51415435226934,,
2013-10-29,167.68411003078415,,
2013-10-30,167.71536709687624,,
2013-10-31,166.7163232823023,,
2013-11-01,166.5199875267311,,
2013-11-04,166.1658146714609,,
2013-11-05,165.16004652351967,,
2013-11-06,165.03886073536128,,
2013-11-07,165.04129922987912,,
2013-11-08,164.32164777202885,,
2013-11-11,164.08836512982396,,
2013-11-12,163.3586641188094,,
2013-11-13,163.2860265396876,,
2013-11-14,162.84791035798577,,
2013-11-15,163.76123739556962,,
2013-11-18,165.16181997407807,,
2013-11-19,165.58678306413833,,
2013-11-20,165.25832524196517,,
2013-11-21,163.79027764846367,,
2013-11-22,164.82294312987423,,
2013-11-25,165.30391770007108,,
2013-11-26,165.5227171627156,,
2013-11-27,165.01972224808506,,
2013-11-28,165.4684052393641,,
2013-12-02,164.35630395169122,,
2013-12-03,164.82907631305542,,
2013-12-04,163.86653602247554,,
2013-12-05,163.77365154947853,,
2013-12-06,164.43300568834266,,
2013-12-09,164.19152083730512,,
2013-12-10,164.66045072245942,,
2013-12-11,164.61737065264458,,
2013-12-12,163.98875632345965,,
2013-12-13,163.71571883123696,,
2013-12-16,163.59711932514296,,
2013-12-17,164.0625762029537,,
2013-12-18,163.63561798101523,,
2013-12-19,162.8616545998135,,
2013-12-20,163.39723666845492,,
2013-12-23,162.99303772868274,,
2013-12-24,162.79566746028578,,
2013-12-25,162.80054444932145,,
2013-12-26,162.8053475445838,,
2013-12-27,161.3339747312853,,
2013-12-30,162.20326108000185,,
2013-12-31,162.44829283215623,,
2014-01-02,161.80187010361385,,
2014-01-03,161.5572078203258,,
2014-01-06,161.41961761450213,,
2014-01-07,162.07705051526128,,
2014-01-08,161.98180144151974,,
2014-01-09,161.92704615552867,,
2014-01-10,162.84687584516004,,
2014-01-13,163.41800081874302,,
2014-01-14,164.02341250312202,,
2014-01-15,163.70005335130432,,
2014-01-16,163.9359961693468,,
2014-01-17,163.81540153137456,,
2014-01-20,163.6487710726568,,
2014-01-21,163.23201019142923,,
2014-01-22,163.158411993255,,
2014-01-23,163.7131325491726,,
2014-01-24,164.08880849246356,,
2014-01-27,163.69894494470532,,
2014-01-28,163.00478683863227,,
2014-01-29,163.89092096765376,,
2014-01-30,164.22972391808432,,
2014-01-31,165.22337348720973,,
2014-02-03,165.747575914768,,
2014-02-04,165.02785056314445,,
2014-02-05,165.01270233962467,,
2014-02-06,164.1174792764913,,
2014-02-07,164.41697073954367,,
2014-02-10,163.88929530464188,,
2014-02-11,163.18486596408468,,
2014-02-12,161.88123201610293,,
2014-02-13,162.476150784678,,
2014-02-14,162.9389474866511,,
2014-02-17,163.2094725905827,,
2014-02-18,163.7273940474132,,
2014-02-19,163.85959000778843,,
2014-02-20,163.09434609183222,,
2014-02-21,163.6390909883588,,
2014-02-24,164.10314388447745,,
2014-02-25,164.32127830316253,,
2014-02-26,164.45517382032287,,
2014-02-27,164.96681430642568,,
2014-02-28,165.28662655712654,,
2014-03-03,166.4313149988103,,
2014-03-04,166.42488624053607,,
2014-03-05,166.52442115312712,,
2014-03-06,165.67213037226207,,
2014-03-07,165.44136011834829,,
2014-03-10,165.05001869512463,,
2014-03-11,165.22152614287805,,
2014-03-12,165.49714991716507,,
2014-03-13,166.2152496057767,,
2014-03-14,166.7224564654835,,
2014-03-17,167.04071694694576,,
2014-03-18,167.783866624695,,
2014-03-19,167.29040400681598,,
2014-03-20,165.7016139877957,,
2014-03-21,166.014628011356,,
2014-03-24,166.78681794199932,,
2014-03-25,166.9626112286022,,
2014-03-26,167.47639463412978,,
2014-03-27,167.83374492165044,,
2014-03-28,166.97583821401707,,
2014-03-31,167.77352149643758,,
2014-04-01,167.60105342963172,,
2014-04-02,166.7766206012884,,
2014-04-03,166.82945464917452,,
2014-04-04,167.89019976442668,,
2014-04-07,167.88598781935042,,
2014-04-08,167.53868708499408,,
2014-04-09,167.81697103511877,,
2014-04-10,169.51556720121422,,
2014-04-11,169.6371963520122,,
2014-04-14,169.26602792889057,,
2014-04-15,170.2912301392011,,
2014-04-16,170.55126232732874,,
2014-04-17,170.0871355374368,,
2014-04-18,170.11802313466254,,
2014-04-21,170.21083371388627,,
2014-04-22,169.5436468350558,,
2014-04-23,169.99506389594578,,
2014-04-24,169.50093623410731,,
2014-04-25,169.85318785127254,,
2014-04-28,169.23373634997273,,
2014-04-29,169.24430315954996,,
2014-04-30,169.4634720910608,,
2014-05-01,169.98013735374576,,
2014-05-02,170.1230479112447,,
2014-05-05,170.16575851219324,,
2014-05-06,170.00385725496457,,
2014-05-07,169.97311744528537,,
2014-05-08,170.55613931636438,,
2014-05-09,170.48416678120205,,
2014-05-12,170.0438337863022,,
2014-05-13,170.61554991007128,,
2014-05-14,171.4415345076532,,
2014-05-15,172.67696450290921,,
2014-05-16,172.22968549332222,,
2014-05-19,172.0057873603223,,
2014-05-20,171.0410302565444,,
2014-05-21,170.425273443908,,
2014-05-22,170.02129618545564,,
2014-05-23,170.1567434718546,,
2014-05-26,170.19923239148332,,
2014-05-27,169.52842471776273,,
2014-05-28,170.9692055089286,,
2014-05-29,171.31805801252352,,
2014-06-02,170.59825876712674,,
2014-06-03,170.26122926725458,,
2014-06-04,168.97909840729363,,
2014-06-05,169.52857250530928,,
2014-06-06,169.5350751573568,,
2014-06-09,169.00998600451936,,
2014-06-10,168.70170118244815,,
2014-06-11,169.05284439301437,,
2014-06-12,168.91325905531247,,
2014-06-13,168.88414490864514,,
2014-06-16,169.08964349210152,,
2014-06-17,168.72682506535907,,
2014-06-18,169.29728499498262,,
2014-06-19,169.09193419907277,,
2014-06-20,168.6157627241383,,
2014-06-23,168.8933077365303,,
2014-06-24,168.87823340678375,,
2014-06-25,170.30031907331298,,
2014-06-26,170.62988530208514,,
2014-06-27,170.0591297973685,,
2014-06-30,169.54468134788158,,
2014-07-01,169.25265315592918,,
2014-07-02,168.73968258190757,,
2014-07-03,168.63379280481553,,
2014-07-04,168.36186371919183,,
2014-07-07,168.46937915929576,,
2014-07-08,169.5206658715697,,
2014-07-09,169.50677384219543,,
2014-07-10,169.9721568262329,,
2014-07-11,170.23839609131497,,
2014-07-14,170.24918458221202,,
2014-07-15,170.0048917677903,,
2014-07-16,169.92338693587647,,
2014-07-17,170.84506396983952,,
2014-07-18,171.23145451025422,,
2014-07-21,171.1118204913345,,
2014-07-22,170.8003582370128,,
2014-07-23,171.0218917692682,,
2014-07-24,170.57446497213468,,
2014-07-25,171.11359394189293,,
2014-07-28,170.33564029693474,,
2014-07-29,171.37791196887005,,
2014-07-30,171.1179536745157,,
2014-07-31,171.1759602865305,,
2014-08-01,172.18756604255987,,
2014-08-04,172.52769908090926,,
2014-08-05,172.04938468655,,
2014-08-06,172.82187019228638,,
2014-08-07,173.3160717478981,,
2014-08-08,174.36455049678784,,
2014-08-11,173.7163543176871,,
2014-08-12,173.9675931467959,,
2014-08-13,174.60477915367986,,
2014-08-14,175.33499742110732,,
2014-08-15,177.92593479317873,,
2014-08-18,176.4963858555495,,
2014-08-19,177.2263824416572,,
2014-08-20,177.05339711843843,,
2014-08-21,177.2817288778344,,
2014-08-22,176.82048394509988,,
2014-08-25,176.85425339948307,,
2014-08-26,177.58624511746893,,
2014-08-27,178.3569571726469,,
2014-08-28,179.14422143303673,,
2014-09-01,180.4785212969244,,
2014-09-02,179.85618793846717,,
2014-09-03,179.27981650698223,,
2014-09-04,178.25867845420137,,
2014-09-05,178.144955937143,,
2014-09-08,177.3569527390205,,
2014-09-09,175.97580422288135,,
2014-09-10,175.12868600614502,,
2014-09-11,175.09499044553513,,
2014-09-12,174.58763579828184,,
2014-09-15,174.26944921059282,,
2014-09-16,174.4109557863997,,
2014-09-17,174.65081497442537,,
2014-09-18,173.58445393240493,,
2014-09-19,175.8661458633527,,
2014-09-22,176.9856365283523,,
2014-09-23,177.31158196223438,,
2014-09-24,177.3325677938423,,
2014-09-25,177.51486373249276,,
2014-09-26,177.45670933293135,,
2014-09-29,178.06145597335097,,
2014-09-30,178.62423095055473,,
2014-10-01,179.38821867236535,,
2014-10-02,179.9586047082157,,
2014-10-03,179.41430317432872,,
2014-10-06,180.12405286656116,,
2014-10-07,181.4118735470637,,
2014-10-08,181.51983234980722,,
2014-10-09,181.28411121308454,,
2014-10-10,182.19618205652284,,
2014-10-13,182.9148728953206,,
2014-10-14,183.501589455063,,
2014-10-15,186.3892103268026,,
2014-10-16,185.35817050840396,,
2014-10-17,183.52080183611247,,
2014-10-20,184.5276044968795,,
2014-10-21,184.32247538228944,,
2014-10-22,184.32757405264488,,
2014-10-23,183.06014805356412,,
2014-10-24,182.60333674722568,,
2014-10-27,182.7702627810365,,
2014-10-28,182.4287996547683,,
2014-10-29,182.34367402796437,,
2014-10-30,182.44150938377027,,
2014-10-31,181.84385654558434,,
2014-11-03,181.60990885942007,,
2014-11-04,182.6690283116603,,
2014-11-05,182.18029489527038,,
2014-11-06,182.35209791811684,,
2014-11-07,183.47365760876795,,
2014-11-10,184.10079406248755,,
2014-11-11,183.71144777114213,,
2014-11-12,184.27385327947957,,
2014-11-13,184.5177766250349,,
2014-11-14,185.1435829908357,,
2014-11-17,185.14698210440602,,
2014-11-18,185.0706498366209,,
2014-11-19,184.71751149417645,,
2014-11-20,185.37649616417426,,
2014-11-21,186.63882349289955,,
2014-11-24,187.24837322858153,,
2014-11-25,188.6909274703058,,
2014-11-26,189.8118221169975,,
2014-11-27,190.7751752390833,,
2014-12-01,191.33780242874056,,
2014-12-02,189.98185168928555,,
2014-12-03,191.20087726687623,,
2014-12-04,192.54544836524806,,
2014-12-05,191.87678361095226,,
2014-12-08,192.13378615437594,,
2014-12-09,193.51042715034578,,
2014-12-10,193.7831690674754,,
2014-12-11,194.76639961457008,,
2014-12-12,195.87288497547465,,
2014-12-15,195.15766714402045,,
2014-12-16,195.19609190611945,,
2014-12-17,195.36102280805207,,
2014-12-18,192.53709836886887,,
2014-12-19,191.4095532825831,,
2014-12-22,192.80599780978858,,
2014-12-23,191.9004296183978,,
2014-12-24,190.868798649813,,
2014-12-25,190.87522740808723,,
2014-12-26,190.88180395390805,,
2014-12-29,192.886837597743,,
2014-12-30,193.33197368790522,,
2014-12-31,193.42774001805964,,
2015-01-02,192.6716589299886,,
2015-01-05,195.0616791325462,,
2015-01-06,195.86926418058454,,
2015-01-07,195.13882423183728,,
2015-01-08,195.82507570417073,,
2015-01-09,197.6540204863097,,
2015-01-12,198.40234272818768,,
2015-01-13,198.42842723015102,,
2015-01-14,200.2686038658266,,
2015-01-15,200.70805013544734,,
2015-01-16,200.74972622357006,,
2015-01-19,202.07722786031712,,
2015-01-20,203.9434889979561,,
2015-01-21,204.14167209785901,,
2015-01-22,203.41004984873945,,
2015-01-23,203.74973952444924,,
2015-01-26,203.18208755820984,,
2015-01-27,201.82465894328948,,
2015-01-29,201.2935105010441,,
2015-02-02,201.89108944545683,,
2015-02-03,200.28234810765437,,
2015-02-04,197.98373450262844,,
2015-02-05,197.01099687133768,,
2015-02-06,193.76270049228032,,
2015-02-09,193.71636909644172,,
2015-02-10,191.26649493753763,,
2015-02-11,191.46482582498706,,
2015-02-12,191.0246406176337,,
2015-02-13,190.34186215264387,,
2015-02-16,190.71037039992788,,
2015-02-17,190.50531517911114,,
2015-02-18,189.0656427945443,,
2015-02-19,190.03084326096177,,
2015-02-20,191.667442551286,,
2015-02-23,191.32945243236134,,
2015-02-24,192.4995603320491,,
2015-02-25,192.91388271875886,,
2015-02-26,192.97196322454695,,
2015-03-02,190.76446064195954,,
2015-03-03,187.9969171517793,,
2015-03-04,186.00459323694628,,
2015-03-05,185.60128102245338,,
2015-03-06,184.55546244940123,,
2015-03-09,184.05564496702124,,
2015-03-10,187.12667018401027,,
2015-03-11,186.91614682397173,,
2015-03-12,188.4671771248524,,
2015-03-13,188.81935484824436,,
2015-03-16,189.4739797856194,,
2015-03-17,190.80702345536153,,
2015-03-18,196.1456268926043,,
2015-03-19,199.5907762836457,,
2015-03-20,201.63719044051032,,
2015-03-23,200.47727988153352,,
2015-03-24,201.80278638640237,,
2015-03-25,201.95951507950235,,
2015-03-26,200.98315665332146,,
2015-03-27,202.4698254776863,,
2015-03-30,201.0212119465541,,
2015-03-31,199.53373029068337,,
2015-04-01,200.24865254704446,,
2015-04-02,199.9342345417921,,
2015-04-03,199.96534382033764,,
2015-04-06,200.05822829333462,,
2015-04-07,200.52782322244838,,
2015-04-08,200.71137535524434,,
2015-04-09,200.47809271303944,,
2015-04-10,201.20350788520457,,
2015-04-13,201.70953244453904,,
2015-04-14,202.50071307491203,,
2015-04-15,202.28664281375669,,
2015-04-16,201.16286630990757,,
2015-04-17,201.5509564071074,,
2015-04-20,201.3457533987441,,
2015-04-21,201.21887779004416,,
2015-04-22,198.13381275613432,,
2015-04-23,199.08002252282208,,
2015-04-24,200.64176742082657,,
2015-04-27,199.5693470893982,,
2015-04-28,199.14770921913495,,
2015-04-29,195.2331126865264,,
2015-04-30,197.50689798373452,,
2015-05-01,196.50755859406752,,
2015-05-04,196.54443158692789,,
2015-05-05,193.8085885254793,,
2015-05-06,194.08990212030795,,
2015-05-07,196.07794019629142,,
2015-05-08,198.91509162088948,,
2015-05-11,198.33014851170552,,
2015-05-12,196.84739605732383,,
2015-05-13,194.63412976042162,,
2015-05-14,193.61247445122788,,
2015-05-15,196.79936510470012,,
2015-05-18,195.61196606206784,,
2015-05-19,196.0859946175776,,
2015-05-20,194.8368203804938,,
2015-05-21,194.6228240131117,,
2015-05-22,194.5351121042434,,
2015-05-25,194.57146784069096,,
2015-05-26,194.93073936631657,,
2015-05-27,195.2931883241927,,
2015-05-28,196.96422211285943,,
2015-06-01,197.46928605314145,,
2015-06-02,195.1702290854759,,
2015-06-03,191.43209088342962,,
2015-06-04,193.23532063247163,,
2015-06-05,193.0266446167647,,
2015-06-08,193.4018033036428,,
2015-06-09,191.65820582962755,,
2015-06-10,190.50797535494877,,
2015-06-11,191.3876068319227,,
2015-06-12,192.74525712816285,,
2015-06-15,192.23356003942973,,
2015-06-16,134.73731502541207,,
2015-06-17,192.25482415498774,,
2015-06-18,192.97484508170436,,
2015-06-19,192.06750343975517,,
2015-06-22,189.16170469979176,,
2015-06-23,190.85372432006648,,
2015-06-24,190.1317821552449,,
2015-06-25,189.49060588460455,,
2015-06-26,189.11810737356407,,
2015-06-29,191.25784936606533,,
2015-06-30,194.4818346937177,,
2015-07-01,191.3879024070158,,
2015-07-02,192.30233785119864,,
2015-07-03,194.406167469892,,
2015-07-06,193.73875890974173,,
2015-07-07,196.76271379315952,,
2015-07-08,197.11341364108614,,
2015-07-09,195.58388642822626,,
2015-07-10,192.0773313115997,,
2015-07-13,190.3557541820181,,
2015-07-14,190.4999948274359,,
2015-07-15,191.41945504820092,,
2015-07-16,192.20169453200856,,
2015-07-17,192.29864316253529,,
2015-07-20,192.6644912339817,,
2015-07-21,192.24396177031747,,
2015-07-22,193.906645562605,,
2015-07-23,194.61927711199488,,
2015-07-24,195.9349557450192,,
2015-07-27,195.93754202708354,,
2015-07-28,196.50053868560713,,
2015-07-29,195.28661177837188,,
2015-07-30,196.85751950426146,,
2015-07-31,198.87060756938257,,
2015-08-03,199.95847169942377,,
2015-08-04,199.16810390055676,,
2015-08-05,197.95942345122347,,
2015-08-06,198.96962522556078,,
2015-08-07,201.15451631352835,,
2015-08-10,198.72193329756874,,
2015-08-11,201.10884996164913,,
2015-08-12,202.28191361226754,,
2015-08-13,201.38706001800054,,
2015-08-14,200.26357908924444,,
2015-08-17,201.10884996164913,,
2015-08-18,199.6037815877407,,
2015-08-19,199.90246021928715,,
2015-08-20,201.01980796486205,,
2015-08-21,202.6955709550179,,
2015-08-24,201.48932900020247,,
2015-08-25,198.94176727303898,,
2015-08-26,196.8630615372565,,
2015-08-27,196.94863052670007,,
2015-08-28,196.9719809590525,,
2015-08-31,197.00848448304657,,
2015-09-01,198.12147249599866,,
2015-09-02,197.84998677301456,,
2015-09-03,198.84489253628556,,
2015-09-04,201.83470849645383,,
2015-09-07,202.1035340436003,,
2015-09-08,201.16663489234418,,
2015-09-09,200.09554464883462,,
2015-09-10,199.89684429251886,,
2015-09-11,200.89101111805712,,
2015-09-14,199.15812824116563,,
2015-09-15,198.40433786006588,,
2015-09-16,197.95329026804228,,
2015-09-17,197.5260364710107,,
2015-09-18,199.6057028258457,,
2015-09-21,196.5556634404645,,
2015-09-22,197.39775688061872,,
2015-09-23,197.44246261344543,,
2015-09-24,198.52212453465395,,
2015-09-25,196.1561937021815,,
2015-09-28,197.62756651548003,,
2015-09-29,198.07358933092146,,
2015-09-30,197.64603995879685,,
2015-10-01,200.28345651425337,,
2015-10-02,200.40737637202267,,
2015-10-05,198.5628400037243,,
2015-10-06,198.70604613631627,,
2015-10-07,197.80291643944332,,
2015-10-08,196.98860705803767,,
2015-10-09,195.5540333438263,,
2015-10-12,196.62652756902787,,
2015-10-13,194.7202899000513,,
2015-10-14,195.69258416870247,,
2015-10-15,195.7118704435252,,
2015-10-16,194.72974830302948,,
2015-10-19,193.6549633708566,,
2015-10-20,193.29872148993493,,
2015-10-21,195.066038865169,,
2015-10-22,195.3678210351927,,
2015-10-23,195.45412896236886,,
2015-10-26,197.53911566887908,,
2015-10-27,197.3073109021395,,
2015-10-28,196.867347376106,,
2015-10-29,194.26961177689404,,
2015-10-30,195.36530864690158,,
2015-11-02,194.39345774089003,,
2015-11-03,191.59288373405928,,
2015-11-04,191.25777547229202,,
2015-11-05,192.78249958988957,,
2015-11-06,190.91379995773278,,
2015-11-09,191.5965045289494,,
2015-11-10,193.28335158509535,,
2015-11-11,192.84944734846977,,
2015-11-12,193.95334642730998,,
2015-11-13,193.97204155194657,,
2015-11-16,194.60235543791666,,
2015-11-17,193.672771770214,,
2015-11-18,194.60058198735828,,
2015-11-19,194.64883462130183,,
2015-11-20,195.07727071870562,,
2015-11-23,195.36020997654612,,
2015-11-24,195.59090633668666,,
2015-11-25,195.05414196767296,,
2015-11-26,196.89409692202878,,
2015-11-27,197.69613993707208,,
2015-11-30,197.3731502541207,,
2015-12-01,199.85369032893075,,
2015-12-02,199.66563067596547,,
2015-12-03,196.32548433673688,,
2015-12-04,194.79314916049285,,
2015-12-07,198.4404719151936,,
2015-12-08,197.28063524999004,,
2015-12-09,195.79596155750338,,
2015-12-10,195.10453752104124,,
2015-12-11,195.94470972309048,,
2015-12-14,195.0230326891274,,
2015-12-15,193.70816688760902,,
2015-12-16,193.47540150181703,,
2015-12-17,196.04343180417558,,
2015-12-18,196.47245905176555,,
2015-12-21,197.2133919163168,,
2015-12-22,195.040323832072,,
2015-12-23,192.35886658774814,,
2015-12-24,193.20221622204784,,
2015-12-25,193.20435914147262,,
2015-12-28,193.21071400597356,,
2015-12-29,192.6608704390916,,
2015-12-30,190.06003130140238,,
2015-12-31,191.2625046737812,,
2016-01-04,193.01659506360036,,
2016-01-05,193.5745669455418,,
2016-01-06,194.6355337421137,,
2016-01-07,195.11813397532248,,
2016-01-08,194.69006734678496,,
2016-01-11,195.0302742789076,,
2016-01-12,196.8282575700476,,
2016-01-13,196.95978848646342,,
2016-01-14,196.24760029971313,,
2016-01-15,196.31137062604282,,
2016-01-18,196.15493750803597,,
2016-01-19,196.0393676466459,,
2016-01-20,197.88737702228784,,
2016-01-21,197.0378203110337,,
2016-01-22,197.4897546283365,,
2016-01-25,198.45791084568472,,
2016-01-26,198.4641918164124,,
2016-01-27,198.7180169275856,,
2016-01-28,199.11430923361812,,
2016-01-29,201.2106016874382,,
2016-02-01,198.83218280728357,,
2016-02-02,200.43952016339395,,
2016-02-03,200.63400857463347,,
2016-02-04,200.53935065107802,,
2016-02-05,201.73532137140936,,
2016-02-08,204.20485127400255,,
2016-02-09,202.6357169986714,,
2016-02-10,202.42504585108634,,
2016-02-11,204.85659435422016,,
2016-02-12,202.00961505777758,,
2016-02-15,202.52251173802586,,
2016-02-16,201.67243777035884,,
2016-02-17,199.99837433698815,,
2016-02-18,199.2701512014389,,
2016-02-19,198.80269919174992,,
2016-02-22,199.12243754867754,,
2016-02-23,198.968590712735,,
2016-02-24,198.85708500887463,,
2016-02-25,198.40204715309463,,
2016-02-26,198.3778838892362,,
2016-02-29,200.58420417145132,,
2016-03-01,199.54740063873777,,
2016-03-02,198.94095444153302,,
2016-03-03,200.76672179142153,,
2016-03-04,200.1711379788871,,
2016-03-07,199.86824740226442,,
2016-03-08,203.3635706653543,,
2016-03-09,202.24592734468638,,
2016-03-10,203.03296992375644,,
2016-03-11,202.6834523762021,,
2016-03-14,203.03518673695442,,
2016-03-15,201.98862922616968,,
2016-03-16,201.18688178621943,,
2016-03-17,203.78934658692054,,
2016-03-18,204.33364812080748,,
2016-03-21,202.5324135036437,,
2016-03-22,203.1628012833871,,
2016-03-23,204.1005871599224,,
2016-03-24,201.7002957228806,,
2016-03-25,201.66667405604403,,
2016-03-28,201.56610463062722,,
2016-03-29,201.5596019785797,,
2016-03-30,201.61982540379256,,
2016-03-31,201.95352968386766,,
2016-04-01,202.76702623376738,,
2016-04-04,202.50810245223877,,
2016-04-05,202.5916763098041,,
2016-04-06,202.59603604242687,,
2016-04-07,204.5957493345866,,
2016-04-08,203.1973096755029,,
2016-04-11,202.65455991085454,,
2016-04-12,200.88598634147496,,
2016-04-13,203.10922829776828,,
2016-04-14,201.5880510812876,,
2016-04-15,202.1443973002171,,
2016-04-18,199.62779706405263,,
2016-04-19,199.90253411306045,,
2016-04-20,199.75230807200802,,
2016-04-21,198.1193295765739,,
2016-04-22,198.4293878492035,,
2016-04-25,197.7722505235374,,
2016-04-26,195.68992399286483,,
2016-04-27,195.99702651456374,,
2016-04-28,196.35164273247352,,
2016-04-29,198.25736314503723,,
2016-05-02,198.28825074226296,,
2016-05-03,199.50786747003977,,
2016-05-04,198.42909227411042,,
2016-05-05,199.71499171650802,,
2016-05-06,200.3154525180781,,
2016-05-09,199.62336343765656,,
2016-05-10,199.65572891034768,,
2016-05-11,200.0136703480545,,
2016-05-12,199.79028947146742,,
2016-05-13,200.3846170898563,,
2016-05-16,200.03125706609208,,
2016-05-17,200.41528300576226,,
2016-05-18,199.6807788994853,,
2016-05-19,199.25419014641312,,
2016-05-20,199.7388594052734,,
2016-05-23,199.74314524412287,,
2016-05-24,200.13589064903857,,
2016-05-25,201.49649669620945,,
2016-05-26,203.01006285404358,,
2016-05-27,201.7679824191935,,
2016-05-30,201.7956925841687,,
2016-05-31,202.75335588571295,,
2016-06-01,201.96734781946867,,
2016-06-02,202.7859430397238,,
2016-06-03,204.03940311565708,,
2016-06-06,204.65220417736282,,
2016-06-07,203.85356027588983,,
2016-06-08,205.0258110950023,,
2016-06-09,204.42882330077578,,
2016-06-10,203.98021420326998,,
2016-06-13,205.42284233876748,,
2016-06-14,207.63263562832614,,
2016-06-15,209.91373640908776,,
2016-06-16,210.7664705525924,,
2016-06-17,209.51722242173543,,
2016-06-20,206.99655802804125,,
2016-06-21,205.95487750629204,,
2016-06-22,205.41619189917344,,
2016-06-23,205.029875252532,,
2016-06-24,215.49811053621758,,
2016-06-27,220.42808140729213,,
2016-06-28,222.03756168282726,,
2016-06-29,221.7542529561204,,
2016-06-30,225.76254679323196,,
2016-07-01,224.8593432025857,,
2016-07-04,225.10348822946088,,
2016-07-05,227.11613293194236,,
2016-07-06,228.1415568235727,,
2016-07-07,229.06641128978626,,
2016-07-08,229.70862207325234,,
2016-07-11,227.64218270383228,,
2016-07-12,224.08885282872757,,
2016-07-13,227.0493329609087,,
2016-07-14,226.6273256217792,,
2016-07-15,223.38471906326345,,
2016-07-18,223.08182848664075,,
2016-07-19,224.2048660527572,,
2016-07-20,222.11980545247374,,
2016-07-21,221.6772556443759,,
2016-07-22,222.70851714409434,,
2016-07-25,222.23781380838165,,
2016-07-26,220.2300460949358,,
2016-07-27,223.34769828285653,,
2016-07-28,223.9796378318385,,
2016-07-29,226.1920174034615,,
2016-08-01,225.10836521849652,,
2016-08-02,222.96418959959925,,
2016-08-03,223.52186590644752,,
2016-08-04,228.56156903082402,,
2016-08-05,229.23481519906247,,
2016-08-08,232.24266123990796,,
2016-08-09,233.46057841089967,,
2016-08-10,239.04081448672648,,
2016-08-11,241.0617352918139,,
2016-08-12,239.87404067408855,,
2016-08-15,241.5030289057662,,
2016-08-16,241.40342009940193,,
2016-08-17,240.82704866791698,,
2016-08-18,242.77082437371337,,
2016-08-19,239.65139873523418,,
2016-08-22,241.604411162689,,
2016-08-23,244.159583948499,,
2016-08-24,245.81761243307074,,
2016-08-25,245.3799396140085,,
2016-08-26,245.80985358687767,,
2016-08-29,245.89911726498457,,
2016-08-30,248.24317554056995,,
2016-08-31,247.86927304783734,,
2016-09-01,248.9412500166261,,
2016-09-02,244.7823606695958,,
2016-09-05,244.9659866961651,,
2016-09-06,247.37499759845235,,
2016-09-07,247.80099520133837,,
2016-09-08,244.42848338941872,,
2016-09-09,240.2215630897647,,
2016-09-12,241.2604356481297,,
2016-09-13,238.02344501638228,,
2016-09-14,241.3490342822772,,
2016-09-15,240.7672686053437,,
2016-09-16,240.80362434179125,,
2016-09-19,239.7277310030193,,
2016-09-20,240.81662964588622,,
2016-09-21,240.45942714591212,,
2016-09-22,245.90709779249744,,
2016-09-23,244.298356454695,,
2016-09-26,247.0581410986822,,
2016-09-27,249.74809612693178,,
2016-09-28,250.09303226054357,,
2016-09-29,250.65063467361864,,
2016-09-30,246.1815392664122,,
2016-10-03,251.27001228114509,,
2016-10-04,249.64959572716648,,
2016-10-05,251.25656361441048,,
2016-10-06,252.11181014620624,,
2016-10-07,249.75208639068822,,
2016-10-10,248.68993729374398,,
2016-10-11,250.73856826380668,,
2016-10-12,247.11252691580694,,
2016-10-13,245.44792188541442,,
2016-10-14,242.45891875675207,,
2016-10-17,241.12114588552083,,
2016-10-18,244.28749407002474,,
2016-10-19,245.1729631550868,,
2016-10-20,248.72429789831335,,
2016-10-21,246.44681791244182,,
2016-10-24,248.54214974720938,,
2016-10-25,248.4305701495758,,
2016-10-26,247.09013710250693,,
2016-10-27,244.77327173548397,,
2016-10-28,241.7840469255018,,
2016-10-31,243.9777313724882,,
2016-11-01,242.11767731180367,,
2016-11-02,245.95025175608555,,
2016-11-03,244.10061671743168,,
2016-11-04,245.94818273043404,,
2016-11-07,242.21107904121354,,
2016-11-08,240.81936371549716,,
2016-11-09,240.13673303805382,,
2016-11-10,238.2129086510396,,
2016-11-11,237.27844799430136,,
2016-11-14,236.4331032281234,,
2016-11-15,237.66993720507145,,
2016-11-16,238.8588141231691,,
2016-11-17,235.50706646153756,,
2016-11-18,232.73701058306622,,
2016-11-21,233.16589004310964,,
2016-11-22,235.35684042048516,,
2016-11-23,233.72600484447582,,
2016-11-24,233.98928835862716,,
2016-11-25,233.3028890987472,,
2016-11-28,232.8453388546761,,
2016-11-29,233.85125479016384,,
2016-11-30,231.3257873012073,,
2016-12-01,225.94750290771998,,
2016-12-02,233.6387362982471,,
2016-12-05,233.65018983310355,,
2016-12-06,232.0039843522546,,
2016-12-07,235.71899380326818,,
2016-12-08,236.04242684885915,,
2016-12-09,233.0645077861869,,
2016-12-12,233.81741144200743,,
2016-12-13,232.90327157291765,,
2016-12-14,233.56750270081744,,
2016-12-15,228.85492731069527,,
2016-12-16,229.44866377889804,,
2016-12-19,228.8959383548586,,
2016-12-20,230.80527956231242,,
2016-12-21,231.7542233986111,,
2016-12-22,233.20121126673143,,
2016-12-23,234.60637525918244,,
2016-12-26,234.6105133104854,,
2016-12-27,234.61199118595079,,
2016-12-28,236.65190269076786,,
2016-12-29,239.29050154659672,,
2017-01-02,239.21675556087592,,
2017-01-03,237.13553743680237,,
2017-01-04,237.67126729299028,,
2017-01-05,241.13016092585943,,
2017-01-06,237.20344581443499,,
2017-01-09,237.96048752155855,,
2017-01-10,237.27697011883598,,
2017-01-11,239.16340425657688,,
2017-01-12,240.01340433047068,,
2017-01-13,238.02255829110308,,
2017-01-16,239.0667512011433,,
2017-01-17,237.91932868984867,,
2017-01-18,237.8076751984417,,
2017-01-19,234.11985865599056,,
2017-01-20,232.98603259897703,,
2017-01-23,235.88000833521764,,
2017-01-24,236.3012028428413,,
2017-01-25,233.9827118128064,,
2017-01-26,234.4472819653379,,
2017-01-27,235.56248679148806,,
2017-01-30,237.35078999833,,
2017-01-31,239.50737977113624,,
2017-02-01,238.67585314055927,,
2017-02-02,239.08492906936706,,
2017-02-03,237.9898972433189,,
2017-02-06,239.55770143073124,,
2017-02-07,239.57772664328672,,
2017-02-08,243.4427404540329,,
2017-02-09,242.6769053878906,,
2017-02-10,242.2304392098096,,
2017-02-13,240.63839786476552,,
2017-02-14,240.4805607650666,,
2017-02-15,239.10244189363138,,
2017-02-16,239.43370767918873,,
2017-02-17,239.10539764456212,,
2017-02-20,238.31118736948517,,
2017-02-21,236.745378313951,,
2017-02-22,236.72069779367976,,
2017-02-23,239.43585059861348,,
2017-02-24,241.6068496572068,,
2017-02-27,241.72559695084738,,
2017-02-28,242.43098691045702,,
2017-03-01,241.0764401526941,,
2017-03-02,239.8925141174054,,
2017-03-03,238.40207671060392,,
2017-03-06,236.7451566326312,,
2017-03-07,238.55119434505733,,
2017-03-08,240.63965405891108,,
2017-03-09,241.12291933607924,,
2017-03-10,241.28038696691186,,
2017-03-13,240.52607932939924,,
2017-03-14,241.01680787766742,,
2017-03-15,240.95747117773377,,
2017-03-16,239.11042242114428,,
2017-03-17,235.93550255894135,,
2017-03-20,237.06807242180932,,
2017-03-21,237.5336770871666,,
2017-03-22,241.16496489306832,,
2017-03-23,240.26782059183006,,
2017-03-24,241.36787719446033,,
2017-03-27,242.8642261031232,,
2017-03-28,242.0893759966423,,
2017-03-29,242.26413477041945,,
2017-03-30,241.8997645744384,,
2017-03-31,242.54633509052726,,
2017-04-03,248.2810091524828,,
2017-04-04,248.59660945810745,,
2017-04-05,248.96230974200728,,
2017-04-06,251.40346443566588,,
2017-04-07,250.5627749772038,,
2017-04-10,253.8716642503403,,
2017-04-11,255.93108371130003,,
2017-04-12,257.9823748572003,,
2017-04-13,255.40008305660115,,
2017-04-14,255.48328744530016,,
2017-04-17,255.73341786780995,,
2017-04-18,253.34842244183454,,
2017-04-19,250.21813441868508,,
2017-04-20,249.4752064222556,,
2017-04-21,250.91517438191556,,
2017-04-24,249.85635050476836,,
2017-04-25,247.29615294237618,,
2017-04-26,246.36568254939428,,
2017-04-27,245.66502179127374,,
2017-04-28,249.2294357323686,,
2017-05-01,249.37774053531604,,
2017-05-02,248.75917575929546,,
2017-05-03,247.06346145035744,,
2017-05-04,243.0660299979162,,
2017-05-05,241.7312128776157,,
2017-05-08,239.12993037728683,,
2017-05-09,240.96316099827533,,
2017-05-10,244.4425232063395,,
2017-05-11,245.26141400168774,,
2017-05-12,246.22609721169235,,
2017-05-15,244.8107358785305,,
2017-05-16,245.10054725728483,,
2017-05-17,247.21716049875343,,
2017-05-18,248.21982510821746,,
2017-05-19,247.9625269897007,,
2017-05-22,248.19603131322538,,
2017-05-23,249.5907762836457,,
2017-05-24,250.06295749482373,,
2017-05-25,250.67317227446514,,
2017-05-26,248.68180897868464,,
2017-05-29,248.7621315102262,,
2017-05-30,248.13004417369763,,
2017-05-31,245.12892246621948,,
2017-06-01,245.13276494242936,,
2017-06-02,247.58507759585135,,
2017-06-05,246.0751322329073,,
2017-06-06,247.76936866637996,,
2017-06-07,247.0775751610515,,
2017-06-08,243.78745490632485,,
2017-06-09,244.7892327905097,,
2017-06-12,246.33531220858146,,
2017-06-13,243.18632906079534,,
2017-06-14,245.5035638966847,,
2017-06-15,239.918672513142,,
2017-06-16,240.5722629376913,,
2017-06-19,242.2521639791501,,
2017-06-20,245.588246160849,,
2017-06-21,245.34188432077585,,
2017-06-22,247.9518862863502,,
2017-06-23,245.6540855128302,,
2017-06-26,245.4563457755669,,
2017-06-27,241.44376609960588,,
2017-06-28,239.65058590372826,,
2017-06-29,235.79879907839688,,
2017-06-30,237.72033275843975,,
2017-07-03,238.71449958397807,,
2017-07-04,238.14662593641884,,
2017-07-05,236.10671443160172,,
2017-07-06,233.3455996996957,,
2017-07-07,232.91369059494832,,
2017-07-10,233.35801385360466,,
2017-07-11,232.50978723026927,,
2017-07-12,234.52287529539038,,
2017-07-13,233.1879103875433,,
2017-07-14,230.7537756023451,,
2017-07-17,230.2905355377324,,
2017-07-18,233.05985247847104,,
2017-07-19,234.27858248096868,,
2017-07-20,235.82229729829592,,
2017-07-21,237.7183376265616,,
2017-07-24,239.2279135206393,,
2017-07-25,236.7858721017015,,
2017-07-26,237.33512451839732,,
2017-07-27,236.01885473518686,,
2017-07-28,235.2733404566931,,
2017-07-31,234.82510082805362,,
2017-08-01,236.19317014632446,,
2017-08-02,234.9040193779031,,
2017-08-03,238.45631474018214,,
2017-08-04,237.2217714702053,,
2017-08-07,238.73629824709192,,
2017-08-08,239.06209589342745,,
2017-08-09,240.89008005651397,,
2017-08-10,243.55335943261406,,
2017-08-11,243.63168683227744,,
2017-08-14,242.06868574012742,,
2017-08-15,242.153146322972,,
2017-08-16,241.54418773747614,,
2017-08-17,242.3194073128234,,
2017-08-18,241.3631479929712,,
2017-08-21,242.37822675634416,,
2017-08-22,241.51041828309297,,
2017-08-23,243.61853374063585,,
2017-08-24,245.12633618415515,,
2017-08-25,245.83298233791032,,
2017-08-28,245.8894371806865,,
2017-08-29,249.404268399919,,
2017-08-30,247.8374987253324,,
2017-08-31,247.5535249546662,,
2017-09-01,246.1244193796766,,
2017-09-04,245.03411675511754,,
2017-09-05,247.37595821750483,,
2017-09-06,248.65483775144207,,
2017-09-07,252.3345998726071,,
2017-09-08,252.3361516418458,,
2017-09-11,249.43567325355764,,
2017-09-12,243.9351685590862,,
2017-09-13,244.08650300673767,,
2017-09-14,240.78478142960807,,
2017-09-15,237.00356315774695,,
2017-09-18,235.66933718763252,,
2017-09-19,234.71618140625762,,
2017-09-20,235.84453932404932,,
2017-09-21,236.86848534021436,,
2017-09-22,237.85208535617542,,
2017-09-25,239.25872722409176,,
2017-09-26,237.69432215024972,,
2017-09-27,235.74773848106915,,
2017-09-28,235.93114282631862,,
2017-09-29,236.4213541181739,,
2017-10-02,238.42823510634054,,
2017-10-03,238.0072622800367,,
2017-10-04,237.58651113505272,,
2017-10-05,237.2808125950459,,
2017-10-06,239.10192463721853,,
2017-10-09,238.917116310277,,
2017-10-10,240.40629752293293,,
2017-10-11,240.80066859086054,,
2017-10-12,241.5565279976118,,
2017-10-13,240.98274284819118,,
2017-10-16,242.6334558492094,,
2017-10-17,244.5291267086088,,
2017-10-18,241.04348352981688,,
2017-10-19,241.43179530833658,,
2017-10-20,238.12431001689217,,
2017-10-23,238.77730929125528,,
2017-10-24,237.37162804239142,,
2017-10-25,237.83715881397544,,
2017-10-26,237.06777684671624,,
2017-10-27,235.6945349643167,,
2017-10-30,236.53574167919166,,
2017-10-31,238.70282436780187,,
2017-11-01,239.45846209323327,,
2017-11-02,241.6251753129771,,
2017-11-03,239.38035637488974,,
2017-11-06,239.68272969509954,,
2017-11-08,244.502377162686,,
2017-11-09,243.91861635387434,,
2017-11-10,241.80761903917409,,
2017-11-13,242.45123380433228,,
2017-11-14,241.96974197772252,,
2017-11-15,243.0906366244142,,
2017-11-16,241.4836687371702,,
2017-11-17,242.24337062013132,,
2017-11-20,244.22431489388114,,
2017-11-21,246.0698857750053,,
2017-11-22,243.3508166000884,,
2017-11-23,244.96857297822942,,
2017-11-24,245.25941886980954,,
2017-11-27,245.6812045276193,,
2017-11-28,245.29304053664615,,
2017-11-29,241.45869264180587,,
2017-11-30,239.80812742833413,,
2017-12-01,243.77082880733974,,
2017-12-04,241.5461828693543,,
2017-12-05,242.7114137800064,,
2017-12-06,244.9677601467235,,
2017-12-07,243.81087923245056,,
2017-12-08,242.0879720149502,,
2017-12-11,244.21988126748514,,
2017-12-12,244.20554587547127,,
2017-12-13,243.0687640675271,,
2017-12-14,245.7008602713084,,
2017-12-15,245.81776022061726,,
2017-12-18,245.433438705854,,
2017-12-19,242.21285249177194,,
2017-12-20,242.51744262517977,,
2017-12-21,242.52882226626292,,
2017-12-25,243.5322258134596,,
2017-12-26,243.54109306625168,,
2017-12-27,246.39021528211904,,
2018-01-02,242.18861533414028,,
2018-01-03,246.4617444546418,,
2018-01-04,246.05008224376962,,
2018-01-05,244.59747844888105,,
2018-01-08,244.58417756969294,,
2018-01-09,244.10231627421686,,
2018-01-10,244.66435231368794,,
2018-01-11,244.12603617543564,,
2018-01-12,243.02206320282215,,
2018-01-15,242.5953266622035,,
2018-01-16,243.11110519960928,,
2018-01-17,243.23044364343596,,
2018-01-18,242.75301597435592,,
2018-01-19,242.7827212712094,,
2018-01-22,242.0423795568443,,
2018-01-23,242.21573434892937,,
2018-01-24,240.13444233108254,,
2018-01-25,240.09195341145383,,
2018-01-26,239.9439441835994,,
2018-01-29,241.16348701760296,,
2018-01-30,240.20538035341912,,
2018-01-31,237.86183933424664,,
2018-02-01,237.0724321544321,,
2018-02-02,237.33771080046168,,
2018-02-05,238.64644341879887,,
2018-02-06,237.787576092113,,
2018-02-07,238.10871843073275,,
2018-02-08,236.66202613770548,,
2018-02-09,238.36476035510393,,
2018-02-12,235.01397331252485,,
2018-02-13,234.62676994060422,,
2018-02-14,233.0279303684196,,
2018-02-15,234.16013076242118,,
2018-02-16,236.96233043226385,,
2018-02-19,236.93240345409055,,
2018-02-20,238.42550103672968,,
2018-02-21,238.80738405697505,,
2018-02-22,237.89937737106644,,
2018-02-23,238.1697546874515,,
2018-02-26,238.83302519629882,,
2018-02-27,237.25583649968155,,
2018-02-28,240.0105224733133,,
2018-03-01,240.0747361622826,,
2018-03-02,240.42166742777255,,
2018-03-05,238.27978251584656,,
2018-03-06,237.57254521190515,,
2018-03-07,238.63484209639591,,
2018-03-08,238.89738667281466,,
2018-03-09,237.2342595178875,,
2018-03-12,237.43488111230823,,
2018-03-13,238.73807169765033,,
2018-03-14,241.11501270233964,,
2018-03-15,241.46009662349792,,
2018-03-16,241.8954048418156,,
2018-03-19,242.0286353150166,,
2018-03-20,241.10754943123962,,
2018-03-21,240.88786324331593,,
2018-03-22,243.04947779270432,,
2018-03-23,243.04903443006475,,
2018-03-26,242.81117037391726,,
2018-03-27,241.89281855975128,,
2018-03-28,243.64698284334372,,
2018-03-29,246.0683340057667,,
2018-04-02,246.20141669142112,,
2018-04-03,244.02834860717627,,
2018-04-04,242.44909088490752,,
2018-04-05,241.25119892647126,,
2018-04-06,241.6904235147721,,
2018-04-09,241.62369743751177,,
2018-04-10,241.14974277577525,,
2018-04-11,242.667890347552,,
2018-04-12,239.3760705360402,,
2018-04-13,239.99884725713704,,
2018-04-16,238.288206405999,,
2018-04-17,238.62412749927216,,
2018-04-18,237.75550619451505,,
2018-04-19,234.25397585447064,,
2018-04-20,235.58531996742764,,
2018-04-23,233.26032628534526,,
2018-04-24,233.514594759158,,
2018-04-25,234.8794127514051,,
2018-04-26,236.0679202006364,,
2018-04-27,237.06711180275684,,
2018-04-30,239.13288612821754,,
2018-05-01,240.34053206472504,,
2018-05-02,238.27667897736927,,
2018-05-03,240.06416935270533,,
2018-05-04,239.52415365766785,,
2018-05-07,239.5499425845382,,
2018-05-08,237.7879455609794,,
2018-05-09,236.54556955103624,,
2018-05-10,238.49961649131677,,
2018-05-11,237.5135779808379,,
2018-05-14,236.01863305386712,,
2018-05-15,235.81372562059687,,
2018-05-16,236.12851309471557,,
2018-05-17,234.7166986626705,,
2018-05-18,235.97688307197106,,
2018-05-21,236.09415249014626,,
2018-05-22,235.52598326749398,,
2018-05-23,237.28192100164483,,
2018-05-24,237.288867016332,,
2018-05-25,239.33720241130163,,
2018-05-28,239.3627696568521,,
2018-05-29,241.83274292208498,,
2018-05-30,243.290445387329,,
2018-05-31,244.6323563098632,,
2018-06-01,242.00831452736807,,
2018-06-04,242.6920536114104,,
2018-06-05,242.63774168805895,,
2018-06-06,238.35515416457915,,
2018-06-07,237.08285117646278,,
2018-06-08,238.54749965639397,,
2018-06-11,238.74664337534935,,
2018-06-12,240.42299751569135,,
2018-06-13,242.6276921348946,,
2018-06-14,244.09470521557034,,
2018-06-15,243.0208070086766,,
2018-06-18,242.1582449933274,,
2018-06-19,243.4172471022557,,
2018-06-20,242.23864141864223,,
2018-06-21,242.454485130356,,
2018-06-22,242.30965333475208,,
2018-06-25,242.172506491568,,
2018-06-26,242.35930995038774,,
2018-06-27,243.81124870131697,,
2018-06-28,242.96427827212713,,
2018-06-29,242.86747742914702,,
2018-07-02,243.97189376440008,,
2018-07-03,244.3743192536138,,
2018-07-04,242.7687553480619,,
2018-07-05,243.6739540705863,,
2018-07-06,243.99908667296245,,
2018-07-09,243.92792696930604,,
2018-07-10,242.64867796650248,,
2018-07-11,243.76691243735658,,
2018-07-12,244.70233371314737,,
2018-07-13,244.54139307497113,,
2018-07-16,244.14620917553762,,
2018-07-17,244.74925625917209,,
2018-07-18,244.68777663981368,,
2018-07-19,246.68896780743873,,
2018-07-20,245.90894513682912,,
2018-07-23,245.18944146652538,,
2018-07-24,245.4646218781728,,
2018-07-25,245.54775237309855,,
2018-07-26,244.6918407973434,,
2018-07-27,244.5716156282375,,
2018-07-30,242.19445294222837,,
2018-07-31,243.83799824723974,,
2018-08-01,242.32975244108079,,
2018-08-02,242.5206939512035,,
2018-08-03,244.22416710633462,,
2018-08-06,245.29267106777982,,
2018-08-07,245.1225676017185,,
2018-08-08,245.47844001377382,,
2018-08-09,245.4018860646689,,
2018-08-10,247.46012322525632,,
2018-08-13,247.27716224264645,,
2018-08-14,247.84030668871657,,
2018-08-15,248.12213753995803,,
2018-08-16,248.19898706415606,,
2018-08-17,247.61729528099585,,
2018-08-20,247.60591563991267,,
2018-08-21,245.93761592085684,,
2018-08-22,245.32185910822037,,
2018-08-23,245.08111319491553,,
2018-08-24,244.56991607145233,,
2018-08-27,244.63952400587016,,
2018-08-28,243.97366721495848,,
2018-08-29,241.73926729890178,,
2018-08-30,242.2457352208759,,
2018-08-31,242.74304031496484,,
2018-09-03,244.2940706158455,,
2018-09-04,243.67018548814968,,
2018-09-05,240.74546994222987,,
2018-09-06,242.76203101469451,,
2018-09-07,240.57300187542396,,
2018-09-10,238.9086924201245,,
2018-09-11,238.85053802056316,,
2018-09-12,239.21468653522444,,
2018-09-13,239.5230452510689,,
2018-09-14,239.39439619181053,,
2018-09-17,238.75144647061174,,
2018-09-18,237.17270600475584,,
2018-09-19,235.91370389582752,,
2018-09-20,238.01901138998622,,
2018-09-21,240.14929497950925,,
2018-09-24,238.78935397629783,,
2018-09-25,238.1126348007159,,
2018-09-26,238.6113438764969,,
2018-09-27,238.52252356102957,,
2018-09-28,239.71583410552327,,
2018-10-01,241.54891693896525,,
2018-10-02,242.31068784757787,,
2018-10-03,242.0842034325136,,
2018-10-04,239.08618526351262,,
2018-10-05,236.7941482043074,,
2018-10-08,239.55068152227085,,
2018-10-09,239.2038980443274,,
2018-10-10,237.72003718334673,,
2018-10-11,236.20499315004727,,
2018-10-12,237.93218620639718,,
2018-10-15,239.0153211349493,,
2018-10-16,239.87278447994305,,
2018-10-17,241.5813563054296,,
2018-10-18,241.07991316003768,,
2018-10-19,240.85446325779913,,
2018-10-22,242.2506122099115,,
2018-10-23,243.18728967984785,,
2018-10-24,244.26776443256233,,
2018-10-25,244.531121840487,,
2018-10-26,246.476449315522,,
2018-10-29,246.47874002249327,,
2018-10-30,248.82213325411922,,
2018-10-31,246.58381696807936,,
2018-11-01,245.7017469965876,,
2018-11-02,243.7688336754615,,
2018-11-05,243.88721150023574,,
2018-11-06,242.91122254292122,,
2018-11-07,242.82314116518663,,
2018-11-08,241.55527180346624,,
2018-11-09,244.15315519022474,,
2018-11-12,246.99555307272482,,
2018-11-13,242.93605085073898,,
2018-11-14,242.35871880020156,,
2018-11-15,245.36338740879665,,
2018-11-16,244.12537113147624,,
2018-11-19,243.8152389650734,,
2018-11-20,242.0533897290611,,
2018-11-21,242.31689492453228,,
2018-11-22,240.392479387332,,
2018-11-23,241.51677314759397,,
2018-11-26,239.51366074186393,,
2018-11-27,238.77782654766816,,
2018-11-28,237.76548185390612,,
2018-11-29,239.23973652436206,,
2018-11-30,238.56405186160586,,
2018-12-03,242.14221004452838,,
2018-12-04,246.98129157448417,,
2018-12-05,245.73906335208758,,
2018-12-06,249.3909675207309,,
2018-12-07,250.21436583624848,,
2018-12-10,257.59221573434894,,
2018-12-11,254.20381676117682,,
2018-12-12,252.23787292340023,,
2018-12-13,252.27888396756364,,
2018-12-14,253.4375383323949,,
2018-12-17,251.9741460466092,,
2018-12-18,250.7936930186641,,
2018-12-19,251.15399905711547,,
2018-12-20,247.96806902269574,,
2018-12-21,246.21397863287652,,
2018-12-24,248.30251224050355,,
2018-12-25,248.3164781636511,,
2018-12-26,248.32992683038572,,
2018-12-27,246.67943551068726,,
2018-12-28,247.09937382416535,,
2018-12-31,244.5736107601157,,
2019-01-02,245.90007788403705,,
2019-01-03,249.13832470993,,
2019-01-04,248.9157566648489,,
2019-01-07,250.1860645210871,,
2019-01-08,248.71520896420142,,
2019-01-09,250.53705994410674,,
2019-01-10,251.4274060182045,,
2019-01-11,250.54134578295626,,
2019-01-14,248.95928009730332,,
2019-01-15,251.05298626905906,,
2019-01-16,247.64197580126717,,
2019-01-17,241.0486560939456,,
2019-01-18,241.68480758800382,,
2019-01-21,242.87021149875784,,
2019-01-22,242.05531096716606,,
2019-01-23,243.0933706940251,,
2019-01-24,244.83778099954628,,
2019-01-25,243.62555364909625,,
2019-01-28,245.64204082778764,,
2019-01-29,246.29821753440123,,
2019-01-30,246.77283724009715,,
2019-01-31,245.8009124403123,,
2019-02-01,246.7508168956635,,
2019-02-04,246.8080106761724,,
2019-02-05,247.97819246963337,,
2019-02-06,249.10418578668052,,
2019-02-07,249.85538988571588,,
2019-02-08,250.9257411914928,,
2019-02-11,251.2357255703491,,
2019-02-12,249.6798921742061,,
2019-02-13,248.96932965046767,,
2019-02-14,250.36274453296917,,
2019-02-15,250.00443362639606,,
2019-02-18,250.24458838951475,,
2019-02-19,249.57932274878928,,
2019-02-20,250.3213640199395,,
2019-02-21,249.46700421342297,,
2019-02-22,251.7019952796658,,
2019-02-25,249.4162391911883,,
2019-02-26,245.7842124475539,,
2019-02-27,243.15691933903497,,
2019-02-28,243.98327340548326,,
2019-03-01,245.79647881391628,,
2019-03-04,247.64862624086118,,
2019-03-05,247.74816115345226,,
2019-03-06,251.56846923137178,,
2019-03-07,254.21209286378277,,
2019-03-08,251.65403822081527,,
2019-03-11,252.6340913356595,,
2019-03-12,253.80390366025418,,
2019-03-13,252.47581087332094,,
2019-03-14,254.37273792686588,,
2019-03-15,254.70592495052813,,
2019-03-18,253.87565451409674,,
2019-03-19,254.64045506741334,,
2019-03-20,258.4930547242506,,
2019-03-21,261.45072689304766,,
2019-03-22,269.76288966033985,,
2019-03-25,268.55524372383235,,
2019-03-26,264.1966195076606,,
2019-03-27,262.29555440281274,,
2019-03-28,260.5432374635519,,
2019-03-29,258.7856001726159,,
2019-04-01,258.6157183878743,,
2019-04-02,260.9980536380122,,
2019-04-03,258.90634259813464,,
2019-04-04,259.1951194640632,,
2019-04-05,258.5908161862833,,
2019-04-08,259.36943487520085,,
2019-04-09,260.21485353515203,,
2019-04-10,259.628506444276,,
2019-04-11,255.64348914574367,,
2019-04-12,253.24253266474247,,
2019-04-15,254.04051152225605,,
2019-04-16,252.754759867405,,
2019-04-17,251.93054872038155,,
2019-04-18,252.78077047559512,,
2019-04-19,252.83641248686538,,
2019-04-22,253.00230400785048,,
2019-04-23,251.5717205573955,,
2019-04-24,253.374802518891,,
2019-04-25,253.44293257784344,,
2019-04-26,253.60195197791464,,
2019-04-29,254.629592682743,,
2019-04-30,255.4798144379566,,
2019-05-01,257.05153499535214,,
2019-05-02,257.138581860261,,
2019-05-03,253.84735319893537,,
2019-05-06,253.86553106715914,,
2019-05-07,256.97512883379375,,
2019-05-08,259.04762749262176,,
2019-05-09,258.2973840126388,,
2019-05-10,256.910250100865,,
2019-05-13,256.8670961372769,,
2019-05-14,257.6451236760083,,
2019-05-15,259.07304695062567,,
2019-05-16,258.90767268605344,,
2019-05-17,259.5111631323275,,
2019-05-20,259.8016395550413,,
2019-05-21,258.4974883506467,,
2019-05-22,261.19542390640913,,
2019-05-23,263.2414685944075,,
2019-05-24,264.3260813984249,,
2019-05-27,264.3444809479684,,
2019-05-28,265.1896040328266,,
2019-05-29,267.1862876802823,,
2019-05-30,268.35986858731366,,
2019-05-31,266.91398912579234,,
2019-06-03,267.4661972934189,,
2019-06-04,265.69994679648323,,
2019-06-05,267.45666499666737,,
2019-06-06,270.74338613782373,,
2019-06-07,271.89110422421146,,
2019-06-10,271.56323755222445,,
2019-06-11,271.1992368251097,,
2019-06-12,266.2776159504143,,
2019-06-13,267.8175621853049,,
2019-06-14,267.5284897442832,,
2019-06-17,267.07877224017847,,
2019-06-18,269.7608206346884,,
2019-06-19,268.41144644105424,,
2019-06-20,269.6517534253458,,
2019-06-21,267.1503753064744,,
2019-06-24,268.5542092110066,,
2019-06-25,269.1072302101391,,
2019-06-26,266.9743603385518,,
2019-06-27,265.8071342960214,,
2019-06-28,265.6024347259354,,
2019-07-01,267.2626199480675,,
2019-07-02,270.7224741999891,,
2019-07-03,272.07805547057774,,
2019-07-04,271.63469283097396,,
2019-07-05,268.83574448715507,,
2019-07-08,270.3070434066803,,
2019-07-09,270.852379453393,,
2019-07-10,268.50418312650464,,
2019-07-11,264.8603333791475,,
2019-07-12,267.5305587699347,,
2019-07-15,268.2967633049434,,
2019-07-16,267.79820201670884,,
2019-07-17,270.56951408932576,,
2019-07-18,269.0605293454342,,
2019-07-19,268.7673927468828,,
2019-07-22,270.50020173000104,,
2019-07-23,271.66757556007786,,
2019-07-24,270.37229160847534,,
2019-07-25,267.39134290109916,,
2019-07-26,269.06193332712627,,
2019-07-29,270.3392610918248,,
2019-07-30,270.2081735380487,,
2019-07-31,272.74169544829135,,
2019-08-01,276.6332371236406,,
2019-08-02,275.8761954165171,,
2019-08-05,279.52071020783364,,
2019-08-06,279.1681630155753,,
2019-08-07,281.29017050249246,,
2019-08-08,277.64994155002535,,
2019-08-09,277.49875488992046,,
2019-08-12,277.26783684846015,,
2019-08-13,278.3993721985023,,
2019-08-14,282.2289908918535,,
2019-08-15,287.06592950238456,,
2019-08-16,286.0987339040888,,
2019-08-19,286.442118268462,,
2019-08-20,288.47818729706927,,
2019-08-21,290.7250752608081,,
2019-08-22,288.2857679114812,,
2019-08-23,286.2562754286947,,
2019-08-26,286.3012767366145,,
2019-08-27,289.34400063844225,,
2019-08-28,291.1838816990247,,
2019-08-29,292.3686944595927,,
2019-08-30,290.4813735965725,,
2019-09-02,290.67970448402195,,
2019-09-03,294.5170820235662,,
2019-09-04,282.7415919970088,,
2019-09-05,274.60174950897584,,
2019-09-06,280.66975838214023,,
2019-09-09,278.8949777358061,,
2019-09-10,278.70381454436364,,
2019-09-11,282.4160160319931,,
2019-09-12,281.4656682140023,,
2019-09-13,273.4141287850238,,
2019-09-16,279.31018684779514,,
2019-09-17,277.83593217733915,,
2019-09-18,279.222253257607,,
2019-09-19,280.1472555113671,,
2019-09-20,279.38703637199313,,
2019-09-23,282.1598263200753,,
2019-09-24,285.9162162841186,,
2019-09-25,286.9544237985242,,
2019-09-26,288.1288175370615,,
2019-09-27,287.74442212852495,,
2019-09-30,285.44152268464944,,
2019-10-01,285.70731858709195,,
2019-10-02,285.36319528498615,,
2019-10-03,286.2973603666314,,
2019-10-04,287.1979776752132,,
2019-10-07,286.18711085691655,,
2019-10-08,286.56071777455605,,
2019-10-09,283.9806427871549,,
2019-10-10,278.9665069083289,,
2019-10-11,272.0991151959589,,
2019-10-14,275.4425867549845,,
2019-10-15,272.8684232694448,,
2019-10-16,271.00075815011377,,
2019-10-17,270.95028870297216,,
2019-10-18,269.27858987034597,,
2019-10-21,264.74624139322276,,
2019-10-22,265.23401419056023,,
2019-10-23,268.8252515713511,,
2019-10-24,271.78536223466597,,
2019-10-25,268.11949214287506,,
2019-10-28,263.87688115073297,,
2019-10-29,260.2266026451015,,
2019-10-30,262.18301418612657,,
2019-10-31,269.1513447927797,,
2019-11-01,268.2807283561444,,
2019-11-04,266.4933857683548,,
2019-11-05,262.30272209881963,,
2019-11-06,264.7251816678416,,
2019-11-07,260.84731034054687,,
2019-11-08,262.4577512351344,,
2019-11-11,262.5343051842394,,
2019-11-12,262.6616241555789,,
2019-11-13,263.23644381782526,,
2019-11-14,264.80646481843564,,
2019-11-15,261.76654887999206,,
2019-11-18,260.5672529398638,,
2019-11-19,260.0154142411036,,
2019-11-20,260.6873303214232,,
2019-11-21,260.20487787576087,,
2019-11-22,261.6234166411733,,
2019-11-25,261.7771895833426,,
2019-11-26,262.65866840464827,,
2019-11-27,260.8123585857914,,
2019-11-28,260.73521348650036,,
2019-11-29,264.48239621250076,,
2019-12-02,264.8267117123109,,
2019-12-03,265.6959980610274,,
2019-12-04,259.9806102738947,,
2019-12-05,259.10895932443356,,
2019-12-06,260.5570555991529,,
2019-12-09,262.40144417990473,,
2019-12-10,261.95416517031776,,
2019-12-11,264.28130177182493,,
2019-12-12,262.0186005406068,,
2019-12-13,260.8103634539132,,
2019-12-16,258.5359131127456,,
2019-12-17,261.2829141339576,,
2019-12-18,264.3781026148051,,
2019-12-19,262.06943945661476,,
2019-12-20,261.24143223867094,,
2019-12-23,261.9605200348187,,
2019-12-24,262.74002544901555,,
2019-12-25,262.7275374013334,,
2019-12-26,262.71534492874423,,
2019-12-27,263.44083399468263,,
2019-12-30,257.5936936098143,,
2019-12-31,260.24189865616785,,
2020-01-02,264.45591275805555,,
2020-01-03,267.21710138373476,,
2020-01-06,266.1882044847609,,
2020-01-07,264.84319002374946,,
2020-01-08,261.78879090574554,,
2020-01-09,261.1982318697933,,
2020-01-10,263.6058387903885,,
2020-01-13,264.5545609453674,,
2020-01-14,267.4961981653654,,
2020-01-15,269.25804740137767,,
2020-01-16,269.94836303124083,,
2020-01-17,269.7276423304914,,
2020-01-20,267.89707188534055,,
2020-01-21,269.33437966916284,,
2020-01-22,270.2040354867457,,
2020-01-23,273.65428354814253,,
2020-01-24,274.516623882172,,
2020-01-27,276.3311593785238,,
2020-01-28,272.5803114474756,,
2020-01-29,274.1713921734671,,
2020-01-30,272.0286205362619,,
2020-01-31,270.9684665711959,,
2020-02-03,272.8400480605102,,
2020-02-04,269.94570285540317,,
2020-02-05,268.9932860117609,,
2020-02-06,271.6358751313462,,
2020-02-07,272.34577261112514,,
2020-02-10,272.8496542510349,,
2020-02-11,272.00689576692133,,
2020-02-12,271.15785631208,,
2020-02-13,271.3861141777027,,
2020-02-14,272.00948204898566,,
2020-02-17,271.6267861972343,,
2020-02-18,272.2650806107173,,
2020-02-19,272.29146068777374,,
2020-02-20,274.24233019580373,,
2020-02-21,276.76824104739995,,
2020-02-24,277.9370927529421,,
2020-02-25,280.78458930579757,,
2020-02-26,280.87111891429356,,
2020-02-27,281.1236878313212,,
2020-02-28,278.8541144791893,,
2020-03-02,277.5174500145571,,
2020-03-03,277.54508628575906,,
2020-03-04,276.7144463804613,,
2020-03-05,278.0449776619123,,
2020-03-06,283.5283390009858,,
2020-03-09,282.3745616251901,,
2020-03-10,280.9441998560549,,
2020-03-11,275.24425586753506,,
2020-03-12,276.819671113594,,
2020-03-13,267.5386131912208,,
2020-03-16,271.73496668129764,,
2020-03-17,255.60994137268028,,
2020-03-18,238.3884063625495,,
2020-03-19,245.93924158386872,,
2020-03-20,250.80189522749677,,
2020-03-23,267.76258521799406,,
2020-03-24,267.04337712278334,,
2020-03-25,266.1829580268589,,
2020-03-26,270.44559423155647,,
2020-03-27,276.4408177380525,,
2020-03-30,274.35708722568785,,
2020-03-31,266.90785594261115,,
2020-04-01,268.93587054993225,,
2020-04-02,269.61436317607263,,
2020-04-03,271.68678794112736,,
2020-04-06,273.3782903049892,,
2020-04-07,271.1286682716394,,
2020-04-08,272.83546664656757,,
2020-04-09,277.548115930463,,
2020-04-10,277.59200883178374,,
2020-04-13,277.72353974819964,,
2020-04-14,275.67394815908443,,
2020-04-15,277.74969814393626,,
2020-04-16,276.63397606137323,,
2020-04-17,275.4434734802637,,
2020-04-20,273.69965432492864,,
2020-04-21,274.24632045956014,,
2020-04-22,273.36373323165554,,
2020-04-23,275.9872577577378,,
2020-04-24,276.348081052602,,
2020-04-27,275.3515496263192,,
2020-04-28,276.2207620812625,,
2020-04-29,276.724865402492,,
2020-04-30,278.6587393426705,,
2020-05-01,277.6466163302283,,
2020-05-04,278.95364939178035,,
2020-05-05,280.6289690192966,,
2020-05-06,281.45051999048246,,
2020-05-07,284.38181208222306,,
2020-05-08,284.40228065741815,,
2020-05-11,281.8638817581398,,
2020-05-12,280.62823008156397,,
2020-05-13,282.52212749040496,,
2020-05-14,283.98404190072523,,
2020-05-15,283.23660638412645,,
2020-05-18,284.88879726061003,,
2020-05-19,285.91207823281565,,
2020-05-20,286.48911470826,,
2020-05-21,288.5016855169682,,
2020-05-22,286.56389520680654,,
2020-05-25,286.6255965074847,,
2020-05-26,285.1923528811921,,
2020-05-27,288.35005549422374,,
2020-05-28,289.15254187190664,,
2020-06-01,290.86525174869615,,
2020-06-02,290.26486484089935,,
2020-06-03,288.97164991494833,,
2020-06-04,285.3971864206891,,
2020-06-05,283.6702889394322,,
2020-06-08,283.4411443485303,,
2020-06-09,286.1258917870027,,
2020-06-10,288.88526809399883,,
2020-06-11,290.1591967451271,,
2020-06-12,288.45306341415835,,
2020-06-15,289.7857376150342,,
2020-06-16,290.914982258105,,
2020-06-17,294.6759536360909,,
2020-06-18,289.71472569892427,,
2020-06-19,288.54971646959194,,
2020-06-22,291.33011747632077,,
2020-06-23,291.206345406098,,
2020-06-24,292.7913668426816,,
2020-06-25,292.8204070955757,,
2020-06-26,291.1299392445396,,
2020-06-29,293.666416905713,,
2020-06-30,291.61217000888206,,
2020-07-01,293.08287777822113,,
2020-07-02,294.5604576684741,,
2020-07-03,294.19904322342376,,
2020-07-06,295.40676305370454,,
2020-07-07,294.2426405496514,,
2020-07-08,292.1031941322433,,
2020-07-09,289.6778527060639,,
2020-07-10,287.66395180943687,,
2020-07-13,289.8766269561529,,
2020-07-14,292.6979651132718,,
2020-07-15,291.3239103993663,,
2020-07-16,289.6990602189916,,
2020-07-17,286.03075163268295,,
2020-07-20,287.1090834659727,,
2020-07-21,288.81861591051165,,
2020-07-22,290.5145519007695,,
2020-07-23,290.7080796929566,,
2020-07-24,292.226966202466,,
2020-07-27,294.1306175893783,,
2020-07-28,294.02930922622875,,
2020-07-29,293.7196943162388,,
2020-07-30,295.7512558246767,,
2020-07-31,293.35340288215275,,
2020-08-03,294.11583883472474,,
2020-08-04,294.67499301703845,,
2020-08-05,290.6001208902131,,
2020-08-06,291.2221586735772,,
2020-08-07,290.1053281844152,,
2020-08-10,291.97048091545514,,
2020-08-11,289.15904452395415,,
2020-08-12,286.42312756873235,,
2020-08-13,284.79997694514276,,
2020-08-14,280.4272390182769,,
2020-08-17,282.7398924402237,,
2020-08-18,282.2677112290456,,
2020-08-19,279.65859598875045,,
2020-08-20,278.9349542671437,,
2020-08-21,282.0283692974328,,
2020-08-24,283.8143817973035,,
2020-08-25,281.67183184141805,,
2020-08-26,279.3890315038713,,
2020-08-27,278.06108650448465,,
2020-08-28,282.0885188288724,,
2020-08-31,282.14113119543873,,
2020-09-01,282.4050797535495,,
2020-09-02,281.4624168879786,,
2020-09-03,281.47571776716666,,
2020-09-04,280.101884734581,,
2020-09-08,290.17900027636273,,
2020-09-09,288.8766964162998,,
2020-09-10,288.26884623740295,,
2020-09-11,290.0708936860727,,
2020-09-14,289.5645735516451,,
2020-09-15,286.8989295748005,,
2020-09-16,286.9083140840054,,
2020-09-17,287.97977379638127,,
2020-09-18,287.4826903836122,,
2020-09-21,287.2707630418815,,
2020-09-22,286.74027964359556,,
2020-09-23,285.54874254966035,,
2020-09-24,282.8839114043217,,
2020-09-25,285.84143578557206,,
2020-09-28,285.84549994310186,,
2020-09-29,288.2838466733762,,
2020-09-30,285.6114783631642,,
2020-10-01,287.40088997660524,,
2020-10-02,286.1371586661879,,
2020-10-05,282.97214056960274,,
2020-10-06,280.45945670342144,,
2020-10-07,279.5130252554138,,
2020-10-08,281.65830928091015,,
2020-10-09,282.9107348440176,,
2020-10-12,283.1007896288612,,
2020-10-13,285.70524956144044,,
2020-10-14,287.88068224642984,,
2020-10-15,289.6645518268758,,
2020-10-16,290.595687263817,,
2020-10-19,291.3251665935118,,
2020-10-21,286.8964171865094,,
2020-10-22,285.55361953869595,,
2020-10-23,287.286650203134,,
2020-10-26,286.2951435534334,,
2020-10-27,288.9644083251681,,
2020-10-28,289.7453916148302,,
2020-10-29,290.247647591728,,
2020-10-30,287.2992567764285,,
2020-11-02,290.1397626827578,,
2020-11-03,288.6199155541959,,
2020-11-04,291.99922559325614,,
2020-11-05,288.5008726854623,,
2020-11-06,284.66659868439524,,
2020-11-09,280.93104676441334,,
2020-11-10,274.7563352826511,,
2020-11-11,273.74665076472667,,
2020-11-12,277.2118253683235,,
2020-11-13,276.8089565164702,,
2020-11-16,277.62459598579466,,
2020-11-17,278.7569441673428,,
2020-11-18,278.112886039545,,
2020-11-19,279.3332417050545,,
2020-11-20,282.3574921635654,,
2020-11-23,280.3577788714056,,
2020-11-24,277.4363146515096,,
2020-11-25,283.14882058148487,,
2020-11-26,287.0753140115895,,
2020-11-27,287.45764039447454,,
2020-11-30,288.8748490719681,,
2020-12-01,286.6296606650144,,
2020-12-02,284.5645513835131,,
2020-12-03,284.7872672161408,,
2020-12-04,284.07744363013506,,
2020-12-07,288.1254923172644,,
2020-12-08,291.46911166383654,,
2020-12-09,290.18757195406175,,
2020-12-10,292.4521205296115,,
2020-12-11,292.9459526163568,,
2020-12-14,290.6179292895705,,
2020-12-15,287.56944167342795,,
2020-12-16,288.6009987482395,,
2020-12-17,286.9500640659015,,
2020-12-18,288.6748925215068,,
2020-12-21,291.37704002234545,,
2020-12-22,292.2429272574917,,
2020-12-23,284.71935883850813,,
2020-12-24,285.8157207524751,,
2020-12-25,285.8191198660454,,
2020-12-28,285.82946499430284,,
2020-12-29,287.9044760414219,,
2020-12-30,288.09844719624857,,
2020-12-31,289.3239015321135,,
2021-01-04,290.1955524815746,,
2021-01-05,284.99490871902185,,
2021-01-06,282.20497541554164,,
2021-01-07,278.9302250656546,,
2021-01-08,279.8218273338979,,
2021-01-11,278.76115611241903,,
2021-01-12,277.95756132813716,,
2021-01-13,281.2171634545044,,
2021-01-14,282.32763907916535,,
2021-01-15,282.12849536020997,,
2021-01-18,282.38209879006337,,
2021-01-19,281.11644624154104,,
2021-01-20,277.9086436502342,,
2021-01-21,276.53141150407816,,
2021-01-22,277.9731529142965,,
2021-01-25,281.4790429869637,,
2021-01-26,282.1889404667426,,
2021-01-27,282.80048533430283,,
2021-01-28,283.2679373439918,,
2021-01-29,280.92809101348263,,
2021-02-01,281.35408861636864,,
2021-02-02,279.36538549642574,,
2021-02-03,279.23415015510307,,
2021-02-04,275.9588086550299,,
2021-02-05,275.4470942751538,,
2021-02-08,275.5382791913657,,
2021-02-09,275.92164008707647,,
2021-02-10,276.1520408721239,,
2021-02-11,276.1032709817675,,
2021-02-12,274.4459075411552,,
2021-02-15,273.1436775748655,,
2021-02-16,270.9272338457128,,
2021-02-17,272.88445821824376,,
2021-02-18,269.0635589901381,,
2021-02-19,266.2804239137985,,
2021-02-22,266.7141064691043,,
2021-02-23,264.5736255388704,,
2021-02-24,263.2219606382649,,
2021-02-25,268.41292431651954,,
2021-02-26,266.0845048452147,,
2021-03-01,267.8553219034445,,
2021-03-02,270.0204833539497,,
2021-03-03,267.65307464601193,,
2021-03-04,271.1613293194236,,
2021-03-05,271.2146067299493,,
2021-03-08,270.05314440173385,,
2021-03-09,273.3757779166981,,
2021-03-10,274.491204424168,,
2021-03-11,273.8560135491623,,
2021-03-12,270.61791451081587,,
2021-03-15,273.8132290544405,,
2021-03-16,274.28718371617697,,
2021-03-17,273.44021328698716,,
2021-03-18,271.7984414325342,,
2021-03-19,272.02337407835995,,
2021-03-22,272.12889438658567,,
2021-03-23,274.80067154661145,,
2021-03-24,276.27773418045155,,
2021-03-25,278.1686758383618,,
2021-03-26,276.5962902370069,,
2021-03-29,274.1343713930602,,
2021-03-30,271.4031097455542,,
2021-03-31,270.30512216857534,,
2021-04-01,275.0475506430975,,
2021-04-02,275.09055681913907,,
2021-04-05,275.2199448161301,,
2021-04-06,274.39610313797294,,
2021-04-07,274.1651112027394,,
2021-04-08,274.65391851290264,,
2021-04-09,272.92110952978436,,
2021-04-12,274.48322389665515,,
2021-04-13,274.76172952809964,,
2021-04-14,272.91800599130715,,
2021-04-15,275.336844765439,,
2021-04-16,274.6916043372689,,
2021-04-19,276.6132858048584,,
2021-04-20,276.42286155114857,,
2021-04-21,275.7321764524191,,
2021-04-22,276.0347714539487,,
2021-04-23,275.8538794969903,,
2021-04-26,275.5433778617211,,
2021-04-27,274.1035576896077,,
2021-04-28,273.09734617902694,,
2021-04-29,272.6530968141439,,
2021-04-30,273.4382920488822,,
2021-05-03,273.61851896188114,,
2021-05-04,276.18714041442587,,
2021-05-05,275.65540082199436,,
2021-05-06,276.02058384948134,,
2021-05-07,275.83584941631307,,
2021-05-10,274.9361927267837,,
2021-05-11,271.5774251566918,,
2021-05-12,270.87572988574544,,
2021-05-13,271.19945850642955,,
2021-05-14,272.1424169470935,,
2021-05-17,273.52179201267427,,
2021-05-18,272.8964290095131,,
2021-05-19,273.89066972882466,,
2021-05-20,274.0337280738701,,
2021-05-21,276.11383779134474,,
2021-05-24,277.4487288054185,,
2021-05-25,279.1843457519209,,
2021-05-26,281.01720690404306,,
2021-05-27,278.55698761688143,,
2021-05-28,281.6566836178983,,
2021-05-31,281.7425481824349,,
2021-06-01,280.0535582068642,,
2021-06-02,282.8990596278414,,
2021-06-03,281.5676416211112,,
2021-06-04,281.8694237911348,,
2021-06-07,282.0536409678902,,
2021-06-08,283.59292215882135,,
2021-06-09,285.04567374125656,,
2021-06-10,284.6196022445973,,
2021-06-11,286.61576863564017,,
2021-06-14,286.6004726245738,,
2021-06-15,285.9955781966077,,
2021-06-16,284.6561796623646,,
2021-06-17,282.884576448281,,
2021-06-18,283.26579442456705,,
2021-06-21,281.74550393336557,,
2021-06-22,279.3676762033971,,
2021-06-23,281.22728690144197,,
2021-06-24,282.9150206828672,,
2021-06-25,280.78377647429164,,
2021-06-28,283.4156509967531,,
2021-06-29,281.48089033129537,,
2021-06-30,281.6716840538715,,
2021-07-01,280.4332983076848,,
2021-07-02,281.0595480361252,,
2021-07-05,280.5417004730679,,
2021-07-06,285.07308833113865,,
2021-07-07,288.57365805213055,,
2021-07-08,288.4075448498257,,
2021-07-09,285.64236596039,,
2021-07-12,285.7685765251305,,
2021-07-13,287.0654122459717,,
2021-07-14,288.9675118636453,,
2021-07-15,287.3923182989063,,
2021-07-16,290.0494644918251,,
2021-07-19,294.36870332684543,,
2021-07-20,295.5948227066698,,
2021-07-21,294.19446180948114,,
2021-07-22,298.1927799872016,,
2021-07-23,299.3535033776844,,
2021-07-26,300.42215512667616,,
2021-07-27,299.3546856780566,,
2021-07-28,298.79915229063306,,
2021-07-29,299.371090095722,,
2021-07-30,298.6168563519827,,
2021-08-02,300.5794749699622,,
2021-08-03,301.6703687447074,,
2021-08-04,302.4273365580576,,
2021-08-05,304.59900066061033,,
2021-08-06,302.59219356621696,,
2021-08-09,306.33092291844935,,
2021-08-10,304.8449930318172,,
2021-08-11,303.96750447426797,,
2021-08-12,301.3328958821956,,
2021-08-13,302.59271082262984,,
2021-08-16,301.2442233542749,,
2021-08-17,302.82229877617135,,
2021-08-18,302.81919523769415,,
2021-08-19,303.53441306914834,,
2021-08-20,304.4868299127906,,
2021-08-23,306.35937202115724,,
2021-08-24,308.2039083894557,,
2021-08-25,305.3732596169051,,
2021-08-26,305.45188259166156,,
2021-08-27,306.6265719052919,,
2021-08-30,306.82556783670066,,
2021-08-31,300.08128315059406,,
2021-09-01,299.99689646152274,,
2021-09-02,301.2262671673709,,
2021-09-03,298.48340419746194,,
2021-09-06,301.09702695792635,,
2021-09-07,302.80626382737233,,
2021-09-08,304.85164347141125,,
2021-09-09,305.4775976247586,,
2021-09-10,304.8885164642716,,
2021-09-13,306.6096502312136,,
2021-09-14,306.28119240904044,,
2021-09-15,306.8584505658047,,
2021-09-16,303.31871714498106,,
2021-09-17,301.2411198157976,,
2021-09-20,303.99078101284715,,
2021-09-21,302.8933106922812,,
2021-09-22,301.67753644071433,,
2021-09-23,296.90725001367036,,
2021-09-24,296.40610244337154,,
2021-09-27,298.42406749752826,,
2021-09-28,292.1477520775235,,
2021-09-29,288.92236276817897,,
2021-09-30,288.67563145923947,,
2021-10-01,291.08338616738126,,
2021-10-04,293.27182415646564,,
2021-10-05,293.0404627523657,,
2021-10-06,291.4532245025841,,
2021-10-07,291.7623221561612,,
2021-10-08,288.81913316692453,,
2021-10-11,287.6032111278111,,
2021-10-12,292.5874200284639,,
2021-10-13,296.6568240160675,,
2021-10-14,303.6338001941929,,
2021-10-15,298.53705107685397,,
2021-10-18,297.517538687085,,
2021-10-19,299.00465087408946,,
2021-10-20,300.5508041859345,,
2021-10-21,301.18865523677783,,
2021-10-22,305.1670220957161,,
2021-10-25,302.9509478354297,,
2021-10-26,302.128879607831,,
2021-10-27,309.39056849435525,,
2021-10-28,308.638847138907,,
2021-10-29,302.5610103938982,,
2021-11-01,302.11461810959037,,
2021-11-02,304.77080368345685,,
2021-11-03,302.92323767045445,,
2021-11-04,306.4390295087394,,
2021-11-05,312.2741252085652,,
2021-11-08,311.4853091789368,,
2021-11-09,316.2405951700074,,
2021-11-10,309.1269894051108,,
2021-11-11,308.31068489182695,,
2021-11-12,309.880631998664,,
2021-11-15,311.1395602138191,,
2021-11-16,306.0650531222336,,
2021-11-17,307.2882167511272,,
2021-11-18,311.3378172074952,,
2021-11-19,313.2601637190441,,
2021-11-22,308.9050864039891,,
2021-11-23,307.49999630531136,,
2021-11-24,309.8871346507115,,
2021-11-25,310.32687649542527,,
2021-11-26,315.7114418596403,,
2021-11-29,315.71779672414124,,
2021-11-30,320.4051743375793,,
2021-12-01,321.9344798691194,,
2021-12-02,319.4456636917034,,
2021-12-03,322.40296639163404,,
2021-12-06,321.1348753485939,,
2021-12-07,320.89132147190486,,
2021-12-08,318.1491235459553,,
2021-12-09,316.8454157042003,,
2021-12-10,318.782097607763,,
2021-12-13,317.78268432432276,,
2021-12-14,308.9787584959366,,
2021-12-15,304.2519955013471,,
2021-12-16,306.8544603020482,,
2021-12-17,307.8067293581439,,
2021-12-20,307.9711430036637,,
2021-12-21,304.05233452597884,,
2021-12-22,305.98849917312873,,
2021-12-23,303.79629260160766,,
2021-12-24,303.5958926885067,,
2021-12-27,303.8993744153155,,
2021-12-28,304.0002394158254,,
2021-12-29,299.7602885995209,,
2021-12-30,299.9487916151258,,
2021-12-31,300.3826958517514,,
2022-01-03,300.6872859851592,,
2022-01-04,298.6692470372292,,
2022-01-05,299.59587495400115,,
2022-01-06,293.75752792815166,,
2022-01-07,292.032921153866,,
2022-01-10,293.3517772191409,,
2022-01-11,297.34440557631973,,
2022-01-12,300.80662442898586,,
2022-01-13,301.9299575701954,,
2022-01-14,299.99246283512673,,
2022-01-17,296.85323366541195,,
2022-01-18,294.63789834285825,,
2022-01-19,292.2495038033125,,
2022-01-20,292.64261867709456,,
2022-01-21,292.8442008905678,,
2022-01-24,300.6838868715889,,
2022-01-25,298.3447794788125,,
2022-01-26,295.55388555627974,,
2022-01-27,296.96799069529607,,
2022-01-28,297.54680062129887,,
2022-01-31,292.06572998919677,,
2022-02-01,295.2540985181343,,
2022-02-02,298.3321436435838,,
2022-02-03,291.4932749276949,,
2022-02-04,289.011109189873,,
2022-02-07,287.21785510022215,,
2022-02-08,285.00540163482583,,
2022-02-09,288.7250663935553,,
2022-02-10,285.81328225795727,,
2022-02-11,284.4538585111587,,
2022-02-14,283.852954346949,,
2022-02-15,284.0963604360915,,
2022-02-16,285.2159249948644,,
2022-02-17,290.6958872203675,,
2022-02-18,295.3624267897442,,
2022-02-21,297.10033444321783,,
2022-02-22,293.2107878997469,,
2022-02-23,291.7173947420147,,
2022-02-24,292.43061744159064,,
2022-02-25,288.51365630823756,,
2022-02-28,291.37896126045047,,
2022-03-01,307.91269302900923,,
2022-03-02,300.3138268550662,,
2022-03-03,298.6619315536757,,
2022-03-04,301.63992451012126,,
2022-03-07,301.8309399140172,,
2022-03-08,298.2886941049026,,
2022-03-09,295.7313783996678,,
2022-03-10,292.5798828635906,,
2022-03-11,295.3261449470699,,
2022-03-14,289.21579494182345,,
2022-03-15,286.6470995955055,,
2022-03-16,283.13071660703446,,
2022-03-17,283.07943432838687,,
2022-03-18,284.38498951447355,,
2022-03-21,276.01467234762,,
2022-03-22,273.23242399655953,,
2022-03-23,278.59459954747456,,
2022-03-24,281.49965934970527,,
2022-03-25,276.35583989879507,,
2022-03-28,283.0342852329206,,
2022-03-29,279.4882708413693,,
2022-03-30,277.93591045256983,,
2022-03-31,284.2108957846558,,
2022-04-01,286.85038136576384,,
2022-04-04,288.9103919769097,,
2022-04-05,284.80418889021905,,
2022-04-06,279.6522411242495,,
2022-04-07,275.7503543206428,,
2022-04-08,273.83990470659,,
2022-04-11,268.3863225581433,,
2022-04-12,270.2974372161556,,
2022-04-13,272.4144199264905,,
2022-04-14,266.70804717969634,,
2022-04-15,266.7744037880904,,
2022-04-18,266.9739908696854,,
2022-04-19,263.9130890996339,,
2022-04-20,266.05416118005405,,
2022-04-21,265.29172522748195,,
2022-04-22,271.2815544885295,,
2022-04-25,273.3745217225526,,
2022-04-26,273.8000759627989,,
2022-04-27,269.2434164342707,,
2022-04-28,266.7130719562785,,
2022-04-29,266.789064829963,,
2022-05-02,267.10160541611805,,
2022-05-03,264.1249425475913,,
2022-05-04,263.8980147698874,,
2022-05-05,259.3273893182117,,
2022-05-06,253.6206471025513,,
2022-05-09,254.9432717502627,,
2022-05-10,259.3590897469434,,
2022-05-11,264.6090206562654,,
2022-05-12,275.25334480164696,,
2022-05-13,270.9800678935989,,
2022-05-16,273.1893439267447,,
2022-05-17,267.94828027021475,,
2022-05-18,262.0953022772583,,
2022-05-19,258.5084246290902,,
2022-05-20,255.05898939919928,,
2022-05-23,251.9204252734439,,
2022-05-24,252.88555184608813,,
2022-05-25,256.7174612464106,,
2022-05-26,254.27608487143223,,
2022-05-27,256.23382650037615,,
2022-05-30,255.35973705639722,,
2022-05-31,243.59525720205664,,
2022-06-01,245.19771756913133,,
2022-06-02,245.4533900246362,,
2022-06-03,245.70921026768758,,
2022-06-06,243.39899534025867,,
2022-06-07,244.9146305237443,,
2022-06-08,242.6508947797005,,
2022-06-09,243.44776523061506,,
2022-06-10,238.57875672248605,,
2022-06-13,236.80545395161735,,
2022-06-14,233.16633340574927,,
2022-06-15,237.58917131089032,,
2022-06-16,234.10892237754695,,
2022-06-17,231.16159533700738,,
2022-06-20,226.02080553080114,,
2022-06-21,225.24787666242517,,
2022-06-22,230.66709820630257,,
2022-06-23,236.158218391569,,
2022-06-24,237.92989549942587,,
2022-06-27,232.16396437137828,,
2022-06-28,226.53968760668414,,
2022-06-29,227.46328587875215,,
2022-06-30,231.06353829988166,,
2022-07-01,240.06682952854294,,
2022-07-04,234.212595341441,,
2022-07-05,241.22533610582772,,
2022-07-06,233.38683242517888,,
2022-07-07,233.01012196906217,,
2022-07-08,229.2911222542921,,
2022-07-11,230.59933761621645,,
2022-07-12,232.17652631283374,,
2022-07-13,233.49176158321842,,
2022-07-14,231.33546738550535,,
2022-07-15,230.43773193408086,,
2022-07-18,225.65377515898248,,
2022-07-19,223.44161726867924,,
2022-07-20,223.25370540326054,,
2022-07-21,229.98720159847014,,
2022-07-22,232.02607859046154,,
2022-07-25,228.38799255741918,,
2022-07-26,230.7008676606857,,
2022-07-27,232.05304981770408,,
2022-07-28,241.82816150814236,,
2022-07-29,245.55616702652935,,
2022-08-01,250.7575589635364,,
2022-08-02,248.4636745599995,,
2022-08-03,249.1616012485092,,
2022-08-04,249.35209939599235,,
2022-08-05,243.82041152920206,,
2022-08-08,247.35039097195437,,
2022-08-09,245.4881939918451,,
2022-08-10,244.26828168897524,,
2022-08-11,241.5149258032623,,
2022-08-12,236.22701349448087,,
2022-08-15,240.95702781509414,,
2022-08-16,239.5851899143867,,
2022-08-17,240.3467391416795,,
2022-08-18,240.79497877031898,,
2022-08-19,239.79142743557574,,
2022-08-22,239.56959832822727,,
2022-08-23,233.1019719292334,,
2022-08-24,226.732328673592,,
2022-08-25,233.7968689730391,,
2022-08-26,235.58517217988108,,
2022-08-29,235.76990661304933,,
2022-08-30,231.9902401104269,,
2022-08-31,226.59754643115244,,
2022-09-01,220.8049396509554,,
2022-09-02,217.96047274280392,,
2022-09-05,222.98037233594474,,
2022-09-06,217.9589948673385,,
2022-09-07,221.61865788217492,,
2022-09-08,216.19116023569157,,
2022-09-09,217.29254692624073,,
2022-09-12,213.43388797999546,,
2022-09-13,208.86562712906436,,
2022-09-14,211.540951190207,,
2022-09-15,209.9240815373452,,
2022-09-16,210.61432327343505,,
2022-09-19,210.80016611320232,,
2022-09-20,208.91594878865936,,
2022-09-21,209.9251160501709,,
2022-09-22,202.3611277372101,,
2022-09-23,194.29000645831582,,
2022-09-26,174.94491219202922,,
2022-09-27,157.1208473546768,,
2022-09-28,181.76626808365367,,
2022-09-29,187.8681941987477,,
2022-09-30,202.71500501738723,,
2022-10-03,200.31212729828113,,
2022-10-04,191.88055219338887,,
2022-10-05,183.44838593831054,,
2022-10-06,186.1896971389809,,
2022-10-07,179.65357121216826,,
2022-10-10,162.0625673357009,,
2022-10-11,161.71770509586239,,
2022-10-12,166.17497749934606,,
2022-10-13,164.60621269288126,,
2022-10-14,162.10948988172564,,
2022-10-17,176.748363622391,,
2022-10-18,182.1137166055565,,
2022-10-19,194.7018164567345,,
2022-10-20,194.16985518298313,,
2022-10-21,193.90191636111592,,
2022-10-24,206.25473843821075,,
2022-10-25,204.6601847048757,,
2022-10-26,202.87343326727233,,
2022-10-27,207.67830198020536,,
2022-10-28,202.11609598505572,,
2022-10-31,199.76538726987633,,
2022-11-01,203.5361126259335,,
2022-11-02,202.23210920908542,,
2022-11-03,201.01278805640166,,
2022-11-04,201.67650192788855,,
2022-11-07,198.3600015961055,,
2022-11-08,200.81253593084725,,
2022-11-09,205.9152704438208,,
2022-11-10,210.5594940936707,,
2022-11-11,208.63736926344166,,
2022-11-14,211.06544475923195,,
2022-11-15,210.167857095354,,
2022-11-16,212.5464237630552,,
2022-11-17,211.16254117730517,,
2022-11-18,211.96783551837223,,
2022-11-21,213.7216303330984,,
2022-11-22,211.689403780701,,
2022-11-23,214.2297978118576,,
2022-11-24,211.93997756585043,,
2022-11-25,211.04423724630422,,
2022-11-28,208.78951654259902,,
2022-11-29,208.9717385874762,,
2022-11-30,207.7575161051479,,
2022-12-01,209.89312004634618,,
2022-12-02,206.5579245899265,,
2022-12-05,207.5706387525549,,
2022-12-06,205.60513827741792,,
2022-12-07,205.99093766764648,,
2022-12-08,202.98944649130198,,
2022-12-09,201.29173705048572,,
2022-12-12,199.85080847177335,,
2022-12-13,196.81104032087634,,
2022-12-14,198.09671808195412,,
2022-12-15,202.09910041720428,,
2022-12-16,203.68914663037003,,
2022-12-19,199.35815868540027,,
2022-12-20,197.13639460457227,,
2022-12-21,196.97094644622678,,
2022-12-22,197.29630072992273,,
2022-12-23,197.04742650155842,,
2022-12-26,197.46869490295532,,
2022-12-27,197.60916696593645,,
2022-12-28,196.32792283125468,,
2022-12-29,196.12966583757856,,
2022-12-30,196.3666472326043,,
2023-01-02,196.8470265884575,,
2023-01-03,196.7272447819912,,
2023-01-04,198.70922356856678,,
2023-01-05,195.73972839604698,,
2023-01-06,195.2420538330917,,
2023-01-09,192.68200405824604,,
2023-01-10,196.23053083808838,,
2023-01-11,200.87674961981654,,
2023-01-12,203.31066272369492,,
2023-01-13,202.88725140287332,,
2023-01-16,200.89049386164425,,
2023-01-17,203.6159179010622,,
2023-01-18,202.19737913564978,,
2023-01-19,203.99883543413333,,
2023-01-20,200.91583942587494,,
2023-01-23,202.0373252227528,,
2023-01-24,204.95273015324096,,
2023-01-25,205.08899027114583,,
2023-01-26,203.70008290881358,,
2023-01-27,203.8547425762621,,
2023-01-30,204.35374722713618,,
2023-01-31,203.0275756783079,,
2023-02-01,203.74116784675022,,
2023-02-02,210.75324356717755,,
2023-02-03,208.4900989733199,,
2023-02-06,204.9267934388241,,
2023-02-07,203.29898750751866,,
2023-02-08,203.22967514819393,,
2023-02-09,204.99167217175275,,
2023-02-10,201.67221608903904,,
2023-02-13,202.53197014100414,,
2023-02-14,198.6592713778381,,
2023-02-15,199.26128394864682,,
2023-02-16,199.6034121188744,,
2023-02-17,197.21376138518312,,
2023-02-20,198.51192719394308,,
2023-02-21,195.74024565245983,,
2023-02-22,196.02820968688252,,
2023-02-23,195.62903552369258,,
2023-02-24,193.95563713428123,,
2023-02-27,193.48907184987152,,
2023-02-28,193.4213112597854,,
2023-03-01,191.71650801673547,,
2023-03-02,191.34519180606728,,
2023-03-03,192.13275164155016,,
2023-03-06,192.15794941823435,,
2023-03-07,193.03529018823698,,
2023-03-08,194.4247148069821,,
2023-03-09,194.61077932806913,,
2023-03-10,198.30495073502135,,
2023-03-13,202.9168828059535,,
2023-03-14,202.06821281997853,,
2023-03-15,202.92508501478616,,
2023-03-16,202.0002305485726,,
2023-03-17,203.88237884746405,,
2023-03-20,200.63230901784829,,
2023-03-21,200.85450759406308,,
2023-03-22,199.39480999694084,,
2023-03-23,200.96630887301652,,
2023-03-24,203.27755831327116,,
2023-03-27,203.06947344775045,,
2023-03-28,202.73783819332684,,
2023-03-29,205.5483139657754,,
2023-03-30,207.0137013834392,,
2023-03-31,206.34289370971865,,
2023-04-03,208.55955912019115,,
2023-04-04,209.5585290409918,,
2023-04-05,207.79135945330432,,
2023-04-06,206.1904508554682,,
2023-04-07,206.26500967269493,,
2023-04-10,206.48861223060177,,
2023-04-11,203.19006808572274,,
2023-04-12,202.44152416252496,,
2023-04-13,201.08978536814618,,
2023-04-14,200.16308355760097,,
2023-04-17,199.44402324993683,,
2023-04-18,196.24213216049137,,
2023-04-19,193.96975084497532,,
2023-04-20,197.3274100084682,,
2023-04-21,197.99910440746802,,
2023-04-24,197.7282098346701,,
2023-04-25,198.5792444213896,,
2023-04-26,196.10454195466764,,
2023-04-27,195.06943797873933,,
2023-04-28,196.75074300189019,,
2023-05-01,197.1195468242673,,
2023-05-02,197.48576436458006,,
2023-05-03,195.9062110672182,,
2023-05-04,196.58241298638728,,
2023-05-05,193.4289962122052,,
2023-05-08,193.56237447295268,,
2023-05-09,192.3301958037204,,
2023-05-10,194.80415933270967,,
2023-05-11,196.66909038242983,,
2023-05-12,194.22143303672374,,
2023-05-15,192.4278833719798,,
2023-05-16,190.6570929894022,,
2023-05-17,190.86517785492288,,
2023-05-18,188.2729103949327,,
2023-05-19,186.3526329090353,,
2023-05-22,185.58938412495735,,
2023-05-23,183.95138085294107,,
2023-05-24,184.0552754981549,,
2023-05-25,181.5571487053072,,
2023-05-26,181.8075747029101,,
2023-05-29,181.93223349841205,,
2023-05-30,184.046186564043,,
2023-05-31,185.38358996640792,,
2023-06-01,186.17211042094328,,
2023-06-02,185.68056904116918,,
2023-06-05,187.10760559050732,,
2023-06-06,189.40082495008477,,
2023-06-07,189.49067977837782,,
2023-06-08,189.0861852635126,,
2023-06-09,188.37828291561183,,
2023-06-12,185.95774458469484,,
2023-06-13,185.8536282581612,,
2023-06-14,188.17211928819606,,
2023-06-15,189.08943658953635,,
2023-06-16,188.6095704259385,,
2023-06-19,187.0147211175103,,
2023-06-20,190.00106407033505,,
2023-06-21,189.13199940293833,,
2023-06-22,190.02027645138455,,
2023-06-23,189.42070237509367,,
2023-06-26,192.15558481748977,,
2023-06-27,191.34208826759004,,
2023-06-28,192.1003861688591,,
2023-06-29,189.99500478092713,,
2023-06-30,190.90212474155655,,
2023-07-03,189.67253235438864,,
2023-07-04,190.00608884691724,,
2023-07-05,188.46710323107914,,
2023-07-06,184.27555283626472,,
2023-07-07,184.2719320413746,,
2023-07-10,184.21348206672016,,
2023-07-11,183.7775088044431,,
2023-07-12,186.22464889373632,,
2023-07-13,187.23861925051025,,
2023-07-14,185.7232057483444,,
2023-07-17,186.0524764020235,,
2023-07-18,188.42151077297322,,
2023-07-19,191.87124157795722,,
2023-07-20,191.00328531715948,,
2023-07-21,191.34999490132967,,
2023-07-24,191.58505099409294,,
2023-07-25,191.51086164573258,,
2023-07-26,192.22098080683136,,
2023-07-27,190.85970971570111,,
2023-07-28,189.71561242420347,,
2023-07-31,190.53546383860422,,
2023-08-01,189.0446569629364,,
2023-08-02,189.00490211291856,,
2023-08-03,186.3347506159046,,
2023-08-04,189.01576449758886,,
2023-08-07,186.89819063706778,,
2023-08-08,188.51890276613952,,
2023-08-09,188.20322856674161,,
2023-08-10,187.67976507691603,,
2023-08-11,184.17542677348752,,
2023-08-14,183.77329685936687,,
2023-08-15,182.03014274799122,,
2023-08-17,178.28158552391426,,
2023-08-18,179.72384419054546,,
2023-08-21,178.62142298717058,,
2023-08-22,180.11304269434433,,
2023-08-23,184.12288830069448,,
2023-08-24,185.20380641604854,,
2023-08-25,186.42623110720953,,
2023-08-28,186.48534612582338,,
2023-08-29,186.3643820189848,,
2023-08-30,186.00185916733543,,
2023-08-31,187.953984869511,,
2023-09-01,186.31406035938974,,
2023-09-04,184.53144697308937,,
2023-09-05,183.6710278771649,,
2023-09-06,183.03827549667702,,
2023-09-07,184.74012298879623,,
2023-09-08,185.46236072871082,,
2023-09-11,183.75275439039856,,
2023-09-12,184.70169822669723,,
2023-09-13,187.4100528044904,,
2023-09-14,189.0649777505849,,
2023-09-15,186.88991453446184,,
2023-09-18,185.21799402051587,,
2023-09-19,185.9919574017176,,
2023-09-20,188.0052671481585,,
2023-09-21,185.86796365017506,,
2023-09-22,186.5259138073471,,
2023-09-25,184.36599881474388,,
2023-09-26,183.90748795162028,,
2023-09-27,183.86196938728762,,
2023-09-28,180.93488924062328,,
2023-09-29,180.51843974775622,,
2023-10-02,177.86800207493715,,
2023-10-03,176.7620339704455,,
2023-10-04,177.29695099512745,,
2023-10-05,177.8954905585926,,
2023-10-06,176.4703752473594,,
2023-10-09,178.35547929718157,,
2023-10-10,179.66775881663557,,
2023-10-11,183.10825289996114,,
2023-10-12,180.47098413205114,,
2023-10-13,181.59099205346362,,
2023-10-16,178.86253836934176,,
2023-10-17,179.25402758011194,,
2023-10-18,176.74503840259396,,
2023-10-19,175.23893551585982,,
2023-10-20,174.89399938224807,,
2023-10-23,176.33544521737332,,
2023-10-24,177.84997199425993,,
2023-10-25,176.63456721155936,,
2023-10-26,176.7784383881108,,
2023-10-27,177.76964946271838,,
2023-10-30,177.354883713369,,
2023-10-31,178.80445786355367,,
2023-11-01,179.45235846756137,,
2023-11-02,182.22537009696342,,
2023-11-03,185.10146354007335,,
2023-11-06,182.6491508866514,,
2023-11-07,185.59862084661574,,
2023-11-08,186.5930832472471,,
2023-11-09,186.04375693677798,,
2023-11-10,184.4498682474023,,
2023-11-13,185.24141834664164,,
2023-11-14,189.9715804548014,,
2023-11-15,187.6561190694705,,
2023-11-16,188.70999206380876,,
2023-11-17,189.44427448876596,,
2023-11-20,189.63100405381243,,
2023-11-21,189.24734758300858,,
2023-11-22,187.3695590167399,,
2023-11-23,185.4949478827217,,
2023-11-24,184.69076194825368,,
2023-11-27,186.95072910986084,,
2023-11-28,188.1158122329664,,
2023-11-29,188.51882887236624,,
2023-11-30,185.25058117452676,,
2023-12-01,185.49324832593658,,
2023-12-04,183.03598478970574,,
2023-12-05,187.21689448116965,,
2023-12-06,190.16333479643006,,
2023-12-07,189.79519601801235,,
2023-12-08,189.59620008660355,,
2023-12-11,187.81868537065859,,
2023-12-12,188.7204849796127,,
2023-12-13,192.86644291632123,,
2023-12-14,194.9917017292621,,
2023-12-15,197.62631032133447,,
2023-12-18,198.1726808808729,,
2023-12-19,199.09930879764488,,
2023-12-20,202.3108060776151,,
2023-12-21,200.2370512246415,,
2023-12-22,201.01751725789074,,
2023-12-25,200.99926549589372,,
2023-12-26,200.9932062064858,,
2023-12-27,201.95338189632116,,
2023-12-28,199.17379372109832,,
2023-12-29,199.09930879764488,,
2024-01-01,199.1791140727736,,
2024-01-02,194.67817044928893,,
2024-01-03,194.82263277602652,,
2024-01-04,192.08494237024624,,
2024-01-05,191.2531940583495,,
2024-01-08,190.897838902707,,
2024-01-09,190.25363298736272,,
2024-01-10,189.48580278934216,,
2024-01-11,188.84107961758497,,
2024-01-12,189.34592187654718,,
2024-01-15,187.9863503422021,,
2024-01-16,186.60948766491242,,
2024-01-17,182.9320901444919,,
2024-01-18,183.7783955297223,,
2024-01-19,185.5709106816405,,
2024-01-22,185.43590675788116,,
2024-01-23,184.03096444674992,,
2024-01-24,184.0073184393044,,
2024-01-25,184.15998297487465,,
2024-01-26,184.67457921190814,,
2024-01-29,186.09430027769284,,
2024-01-30,186.4737448034204,,
2024-01-31,188.6565668657365,,
2024-02-01,189.7385933876896,,
2024-02-02,186.61909385543717,,
2024-02-05,184.90549725336848,,
2024-02-06,186.6756225919867,,
2024-02-07,186.12496619359874,,
2024-02-08,185.4775828460039,,
2024-02-09,185.28287275344456,,
2024-02-12,185.87720037183348,,
2024-02-13,183.89721671713613,,
2024-02-14,186.2853156815888,,
2024-02-15,185.76207387308304,,
2024-02-16,183.979017124143,,
2024-02-19,184.20040286885185,,
2024-02-20,185.2346940132743,,
2024-02-21,184.13057325311425,,
2024-02-22,183.9438436880678,,
2024-02-23,185.22279711577823,,
2024-02-26,184.53484608665966,,
2024-02-27,184.56654651539134,,
2024-02-28,185.98508528080373,,
2024-02-29,189.1478865641908,,
2024-03-01,190.75596285803385,,
2024-03-04,189.2439484694383,,
2024-03-05,191.60670186966027,,
2024-03-06,191.63175185879786,,
2024-03-07,192.06883352767395,,
2024-03-08,191.60529788796816,,
2024-03-11,191.78862833944436,,
2024-03-12,191.75138587771764,,
2024-03-13,190.8014814223665,,
2024-03-14,190.2863679289201,,
2024-03-15,189.88187341405492,,
2024-03-18,190.7351987077457,,
2024-03-19,191.13747640941293,,
2024-03-20,192.55608906859854,,
2024-03-21,192.40512408981346,,
2024-03-22,193.685481499216,,
2024-03-25,193.09832157683402,,
2024-03-26,194.08472955617924,,
2024-03-27,194.3501559897554,,
2024-03-28,194.94610927115613,,
2024-04-01,194.98756367795912,,
2024-04-02,190.52216295941605,,
2024-04-03,191.89052785277997,,
2024-04-04,191.73306022194737,,
2024-04-05,190.79859956520903,,
2024-04-08,190.11589499399244,,
2024-04-09,191.61985496130183,,
2024-04-10,190.09084500485486,,
2024-04-11,188.07605738294856,,
2024-04-12,190.5537156006012,,
2024-04-15,188.88393800608,,
2024-04-16,188.83694156628198,,
2024-04-17,189.83236458596582,,
2024-04-18,189.28200376267094,,
2024-04-19,189.68620270244307,,
2024-04-22,190.01502999348259,,
2024-04-23,188.4385063408247,,
2024-04-24,186.6734796725619,,
2024-04-25,185.81313447041072,,
2024-04-26,186.99181404779745,,
2024-04-29,188.3589227470158,,
2024-04-30,187.37539662482803,,
2024-05-01,185.95944414148,,
2024-05-02,187.4782567572161,,
2024-05-03,188.8741840280087,,
2024-05-06,188.97349725927995,,
2024-05-07,190.69588722036752,,
2024-05-08,190.97062426937532,,
2024-05-09,191.38590727513755,,
2024-05-10,190.61630362655862,,
2024-05-13,190.23634184441812,,
2024-05-14,190.56679479846952,,
2024-05-15,193.53178245082,,
2024-05-16,194.11546936585842,,
2024-05-17,193.1875852549409,,
2024-05-20,191.4648997187603,,
2024-05-21,192.20420692029964,,
2024-05-22,190.86975926886547,,
2024-05-23,190.81729468984568,,
2024-05-24,189.777683193748,,
2024-05-27,189.8771442125658,,
2024-05-28,189.63743281208667,,
2024-05-29,185.9076446064196,,
2024-05-30,187.6453305785735,,
2024-05-31,189.52540985181346,,
2024-06-03,191.80104249335326,,
2024-06-04,192.82587523479748,,
2024-06-05,192.6534071679916,,
2024-06-06,192.30167280723924,,
2024-06-07,190.36698603555473,,
2024-06-10,188.39387450177125,,
2024-06-11,188.91186985237502,,
2024-06-12,191.95592384212154,,
2024-06-13,191.9101097026958,,
2024-06-14,194.22660560085248,,
2024-06-17,192.19179276639076,,
2024-06-18,194.6755102734513,,
2024-06-19,193.75900580361696,,
2024-06-20,193.07814857673202,,
2024-06-21,192.6574713255213,,
2024-06-24,192.00269860059973,,
2024-06-25,191.71613854786915,,
2024-06-26,191.0632870610525,,
2024-06-27,191.1060715557743,,
2024-06-28,190.2375980385637,,
2024-07-01,187.8412229715051,,
2024-07-02,187.62035448320913,,
2024-07-03,188.82578360651863,,
2024-07-04,188.8984211856404,,
2024-07-05,190.38050859606267,,
2024-07-08,191.00291584829313,,
2024-07-09,189.62051113800845,,
2024-07-10,189.92805702234696,,
2024-07-11,191.73357747836022,,
2024-07-12,191.77259339064534,,
2024-07-15,191.99708267383144,,
2024-07-16,194.4108966713811,,
2024-07-17,194.23865028589503,,
2024-07-18,193.93620307191196,,
2024-07-19,192.10637156449377,,
2024-07-22,190.8045849608437,,
2024-07-23,191.30624978755543,,
2024-07-24,190.9040459796615,,
2024-07-25,190.79276195712092,,
2024-07-26,190.72714428645955,,
2024-07-29,191.65037308966123,,
2024-07-30,192.34098429461744,,
2024-07-31,194.21005339564059,,
2024-08-01,197.02636677617724,,
2024-08-02,196.6533510087239,,
2024-08-05,194.61262667240084,,
2024-08-06,195.21286579265114,,
2024-08-07,194.78908500296313,,
2024-08-08,194.1094100764505,,
2024-08-09,194.06839903228715,,
2024-08-12,194.7256841454998,,
2024-08-13,195.21101844831946,,
2024-08-14,196.5636439679774,,
2024-08-15,195.1816826203323,,
2024-08-16,195.02052030083635,,
2024-08-19,195.2359945436838,,
2024-08-20,194.96258758259478,,
2024-08-21,195.22557552165313,,
2024-08-22,194.05310302122083,,
2024-08-23,195.20355517721947,,
2024-08-26,195.25491134964022,,
2024-08-27,194.60893198373745,,
2024-08-28,194.83186949768495,,
2024-08-29,193.10467644133502,,
2024-09-02,192.37867011898376,,
2024-09-03,193.62141559779326,,
2024-09-04,194.65127311581963,,
2024-09-05,195.5103621238253,,
2024-09-06,195.31483919976,,
2024-09-09,196.11414814519242,,
2024-09-10,196.08067426590233,,
2024-09-11,196.07963975307658,,
2024-09-12,196.0531118884736,,
2024-09-13,197.5681559217731,,
2024-09-16,197.82922262272646,,
2024-09-17,198.69488817655295,,
2024-09-18,197.9458269969423,,
2024-09-19,196.47356745836458,,
2024-09-20,196.48849400056457,,
2024-09-23,195.5347470690035,,
2024-09-24,195.5762753695797,,
2024-09-25,194.07541894074754,,
2024-09-26,192.57138507966488,,
2024-09-27,193.37933959656957,,
2024-09-30,193.37261526320225,,
2024-10-01,195.3464657347184,,
2024-10-02,193.56333509200516,,
2024-10-03,194.3146130848138,,
2024-10-04,193.0630742469855,,
2024-10-07,192.7711938425797,,
2024-10-08,191.63588991010084,,
2024-10-09,191.37445374028115,,
2024-10-10,191.96257428171558,,
2024-10-11,192.41450859901838,,
2024-10-14,191.3443050807881,,
2024-10-15,192.63811115692528,,
2024-10-16,195.20192951420756,,
2024-10-17,195.02598844005811,,
2024-10-18,195.25845825075706,,
2024-10-21,193.45596743944776,,
2024-10-22,193.2619962846211,,
2024-10-23,193.21514763236962,,
2024-10-24,192.45426344903623,,
2024-10-25,191.76941595839486,,
2024-10-28,190.7013553595893,,
2024-10-29,190.63950627136455,,
2024-10-30,189.85290705493415,,
2024-10-31,189.25030333393929,,
2024-11-01,188.4102789194366,,
2024-11-04,187.9661773421001,,
2024-11-05,186.76629025178565,,
2024-11-06,185.87572249636813,,
2024-11-07,186.5415792872798,,
2024-11-08,187.1837900707459,,
2024-11-11,188.14536974227332,,
2024-11-12,186.79621722995893,,
2024-11-13,186.37982581759766,,
2024-11-14,185.9183592035434,,
2024-11-15,186.3427311434175,,
2024-11-18,186.2632953371551,,
2024-11-19,187.14011885074493,,
2024-11-20,186.19501749065614,,
2024-11-21,186.18112546128188,,
2024-11-22,187.70141595248336,,
2024-11-25,188.48350764874448,,
2024-11-26,188.39564795232965,,
2024-11-27,189.16466045072247,,
2024-11-28,189.94549595283806,,
2024-11-29,189.96966475872944,,
2024-12-02,190.09756933822214,,
2024-12-03,189.4045935325214,,
2024-12-04,189.02773528885817,,
2024-12-05,187.41840280086961,,
2024-12-06,187.34502628401518,,
2024-12-09,186.65581906075104,,
2024-12-10,186.91548178001233,,
2024-12-11,187.22214093907164,,
2024-12-12,185.91584681525228,,
2024-12-13,184.65957877593488,,
2024-12-16,183.46434699333628,,
2024-12-17,182.06213875181595,,
2024-12-18,181.65077211603688,,
2024-12-19,181.40877000858646,,
2024-12-20,182.84585611108895,,
2024-12-23,181.6956995301834,,
2024-12-24,181.12952543940932,,
2024-12-25,181.16233427474,,
2024-12-26,181.19499532252416,,
2024-12-27,180.36849346852938,,
2024-12-30,179.65704421951182,,
2024-12-31,181.37463108533697,,
2025-01-01,181.4554708732914,,
2025-01-02,181.4410615875043,,
2025-01-03,181.55618808625474,,
2025-01-06,180.89077465798266,,
2025-01-07,179.2281647594684,,
2025-01-08,177.0596041953929,,
2025-01-09,176.54175663233565,,
2025-01-10,176.68540612756726,,
2025-01-13,176.01555907289915,,
2025-01-14,175.37925979129443,,
2025-01-15,179.29939835689808,,
2025-01-16,182.02733478460704,,
2025-01-17,181.73811455603882,,
2025-01-20,181.2719187404954,,
2025-01-21,182.01647239993676,,
2025-01-22,181.87821715015363,,
2025-01-23,181.9645989711031,,
2025-01-24,182.01920646954767,,
2025-01-27,182.59513453839298,,
2025-01-28,182.17645241906047,,
2025-01-29,182.36591605371783,,
2025-01-30,183.46109566731252,,
2025-01-31,183.93349855981035,,
2025-02-03,183.5042496309006,,
2025-02-04,183.42740010670263,,
2025-02-05,185.7237230047573,,
2025-02-06,184.86751585390908,,
2025-02-07,184.71433406192594,,
2025-02-10,184.7971689817586,,
2025-02-11,184.27821301210233,,
2025-02-12,183.52412705590953,,
2025-02-13,184.39585189914388,,
2025-02-14,183.7998247239698,,
2025-02-17,182.84659504882163,,
2025-02-18,182.1270913785179,,
2025-02-19,181.3273390704459,,
2025-02-20,180.82441804958864,,
2025-02-21,181.83609769939127,,
2025-02-24,181.6979902371547,,
2025-02-25,182.75119818753353,,
2025-02-26,182.76353844766916,,
2025-02-27,182.6939305132514,,
2025-02-28,183.0229055918374,,
2025-03-03,181.6809946693032,,
2025-03-04,181.53475889200723,,
2025-03-05,179.4656593467495,,
2025-03-06,180.25824395881457,,
2025-03-07,180.6957689903303,,
2025-03-10,180.52411375503033,,
2025-03-11,178.56208628723692,,
2025-03-12,177.39626422639873,,
2025-03-13,179.0581351871803,,
2025-03-14,179.20910016596542,,
2025-03-17,179.91338171897607,,
2025-03-18,180.06279492852255,,
2025-03-19,180.41689389001948,,
2025-03-20,180.29423022639574,,
2025-03-21,178.22380059321924,,
2025-03-24,178.13793602868262,,
2025-03-25,177.3333806253482,,
2025-03-26,178.10579223731136,,
2025-03-27,177.43860535848086,,
2025-03-28,178.8473162520487,,
2025-03-31,178.77009725898438,,
2025-04-01,179.57553938759796,,
2025-04-02,178.99007902200114,,
2025-04-03,179.53194206137027,,
2025-04-04,179.64470395937616,,
2025-04-07,176.3468248584565,,
2025-04-08,175.93265025929327,,
2025-04-09,171.1063523521127,,
2025-04-10,174.56110793367887,,
2025-04-11,171.6647675966937,,
2025-04-14,173.51248139724257,,
2025-04-15,172.95827809773783,,
2025-04-16,175.2412262228311,,
2025-04-17,177.0972900197592,,
2025-04-18,177.1332023935671,,
2025-04-21,177.24049615235123,,
2025-04-22,176.53392389236927,,
2025-04-23,176.2837195760862,,
2025-04-24,178.68903578971015,,
2025-04-25,179.99540380730278,,
2025-04-28,178.47888189853796,,
2025-04-29,179.05155864135955,,
2025-04-30,179.69266101822666,,
2025-05-01,178.29045277670633,,
2025-05-02,176.7256043402247,,
2025-05-05,176.78937466655435,,
2025-05-06,176.83592774371277,,
2025-05-07,178.38873149515183,,
2025-05-08,176.073565684914,,
2025-05-09,175.24144790415093,,
2025-05-12,174.51957963310264,,
2025-05-13,174.34031333915615,,
2025-05-14,173.5668672143673,,
2025-05-15,174.7872228798768,,
2025-05-16,174.83067241855798,,
2025-05-19,174.15506164957503,,
2025-05-20,173.18261959337735,,
2025-05-21,172.76452862423096,,
2025-05-22,172.76881446308045,,
2025-05-23,174.25452266839284,,
2025-05-26,174.31725848189677,,
2025-05-27,175.21728464029252,,
2025-05-28,174.01274224226222,,
2025-05-29,175.39211730784294,,
2025-05-30,175.57677784723793,,
2025-06-02,176.58210263253957,,
2025-06-04,178.28853153860138,,
2025-06-05,177.80304944823519,,
2025-06-06,177.4363146515096,,
2025-06-09,177.75124991317483,,
2025-06-10,178.88160296284474,,
2025-06-11,179.07003208467637,,
2025-06-12,181.34389127565777,,
2025-06-13,179.73744064482662,,
2025-06-16,180.67463537117584,,
2025-06-17,180.55751374054714,,
2025-06-18,181.98484586497835,,
2025-06-19,182.1686935728674,,
2025-06-20,181.8021804574616,,
2025-06-23,183.58819295733227,,
2025-06-24,182.64286991592365,,
2025-06-25,181.93696269990113,,
2025-06-26,181.47483104188743,,
2025-06-27,180.5476119749293,,
2025-06-30,180.13203339407403,,
2025-07-01,180.90104589246684,,
2025-07-02,178.05879579751334,,
2025-07-03,178.83512377945962,,
2025-07-04,178.43328944043202,,
2025-07-07,177.3259912480215,,
2025-07-08,176.03802277997244,,
2025-07-09,176.86666755339195,,
2025-07-10,177.19187404954135,,
2025-07-11,177.1542621189483,,
2025-07-14,177.8367450088451,,
2025-07-15,177.3702536182086,,
2025-07-16,177.07238781816812,,
2025-07-17,176.82055783887316,,
2025-07-18,176.40268855104657,,
2025-07-21,177.79625122109462,,
2025-07-22,178.2916350770786,,
2025-07-23,176.88004232635333,,
2025-07-24,177.64218270383228,,
2025-07-25,177.29842887059283,,
2025-07-28,177.20702227306114,,
2025-07-29,177.7137857701283,,
2025-07-30,178.38378061234292,,
2025-07-31,179.3158027745634,,
2025-08-01,180.04070069031565,,
2025-08-04,180.39576027086503,,
2025-08-05,179.7772693886177,,
2025-08-06,179.22934705984068,,
2025-08-07,178.82839944609228,,
2025-08-08,177.61292076961846,,
2025-08-11,178.58004247414087,,
2025-08-12,176.57124024786927,,
2025-08-13,177.34535141661755,,
2025-08-14,175.83370649688834,,
2025-08-15,174.10540503393943,,
2025-08-18,172.9851754312071,,
2025-08-19,173.13894837337637,,
2025-08-20,174.40297525888684,,
2025-08-21,173.79889366242665,,
2025-08-22,174.66374638474716,,
2025-08-25,174.737787945561,,
2025-08-26,173.6520667349445,,
2025-08-27,174.29176513011956,,
2025-08-28,173.8588954063197,,
2025-08-29,174.43970046420068,,
2025-09-01,173.83391931095537,,
2025-09-02,172.76282906744584,,
2025-09-03,174.31215981154133,,
2025-09-04,175.47554337786173,,
2025-09-05,176.78774900354247,,
2025-09-08,177.77888618437677,,
2025-09-09,177.5501849561145,,
2025-09-10,177.5178194834234,,
2025-09-11,178.46595048821615,,
2025-09-12,177.27382224409482,,
2025-09-15,177.64890703719962,,
2025-09-16,177.92852107524308,,
2025-09-17,178.338188154237,,
2025-09-18,177.46395092271155,,
2025-09-19,176.16401166339318,,
2025-09-22,176.17561298579614,,
2025-09-23,177.85211491368472,,
2025-09-24,178.0585741161935,,
2025-09-25,176.39722041182478,,
2025-09-26,176.6180150063475,,
2025-09-29,177.69789860887585,,
2025-09-30,177.76543751764217,,
2025-10-01,177.5874274178412,,
2025-10-02,177.47451773228877,,
2025-10-03,177.66937561239465,,
2025-10-06,176.89711178797808,,
2025-10-07,177.54966769970164,,
2025-10-08,177.87450472698467,,
2025-10-09,177.09226524317702,,
2025-10-10,179.04379979516648,,
2025-10-13,179.37292266129904,,
2025-10-14,180.76633754380055,,
2025-10-15,181.64663406473392,,
2025-10-16,182.7537844695979,,
2025-10-17,181.8683153845358,,
2025-10-20,182.26571609716734,,
2025-10-21,182.68676281724444,,
2025-10-22,183.69703848535502,,
2025-10-23,183.3603045605759,,
2025-10-24,183.478091235164,,
2025-10-27,183.72696546352824,,
2025-10-28,183.91665077950543,,
2025-10-29,184.23572409247362,,
2025-10-30,183.94554324485296,,
2025-10-31,184.3460474959617,,
2025-11-03,183.67915619222433,,
2025-11-04,183.57917791699364,,
2025-11-05,181.99430426795655,,
2025-11-06,182.4604261897267,,
2025-11-07,181.90622289022193,,
2025-11-10,182.38379834684852,,
2025-11-11,183.70738361361242,,
2025-11-12,183.21214754517496,,
2025-11-13,182.6509243372098,,
2025-11-14,179.51006950448314,,
2025-11-17,180.18368514158786,,
2025-11-18,179.5584699259732,,
2025-11-19,178.32067532997266,,
2025-11-20,178.82204458159129,,
2025-11-21,179.3829722144634,,
2025-11-24,178.9822462820348,,
2025-11-25,179.73559330049494,,
2025-11-26,182.40833107957326,,
