Date,Total Return Index
2002-07-30,100.0
2002-07-31,100.30856681811461
2002-08-01,100.5060685659419
2002-08-02,100.70356301214079
2002-08-05,100.86411121840449
2002-08-06,100.61717014437146
2002-08-07,100.76532748716282
2002-08-08,100.61717014437146
2002-08-09,100.64182774363253
2002-08-12,100.62949529318776
2002-08-13,100.8024343629238
2002-08-14,100.58012168163806
2002-08-15,100.49367040084114
2002-08-16,100.43197164047513
2002-08-19,100.44436250394743
2002-08-20,100.67891271450816
2002-08-21,100.59249064022504
2002-08-22,100.48133064876794
2002-08-23,100.60477197927067
2002-08-26,100.59249064022504
2002-08-27,100.51834260335912
2002-08-28,100.59249064022504
2002-08-29,100.70356301214079
2002-08-30,100.7405822683604
2002-09-03,100.9791556761947
2002-09-04,100.94204880043371
2002-09-05,101.05346434888641
2002-09-06,100.85559021800836
2002-09-09,100.7195973882075
2002-09-10,100.7814640860278
2002-09-11,100.7195973882075
2002-09-12,100.793803838101
2002-09-13,100.86797377985226
2002-09-16,100.8308669040913
2002-09-17,100.90510256049856
2002-09-18,100.89261677585644
2002-09-19,101.10291827834902
2002-09-20,101.11520691902311
2002-09-23,101.13999594759622
2002-09-24,101.18949368682951
2002-09-25,101.09058582790426
2002-09-26,101.12764889389456
2002-09-27,101.33790658661648
2002-09-30,101.48622456523367
2002-10-01,101.36240355005175
2002-10-02,101.44897165690378
2002-10-03,101.46146474317435
2002-10-04,101.37474330212495
2002-10-07,101.49854971404997
2002-10-08,101.39950312418426
2002-10-09,101.60999446901646
2002-10-10,101.51099168892142
2002-10-11,101.34993236866652
2002-10-14,101.37474330212495
2002-10-15,100.99091129799223
2002-10-16,101.02810579329456
2002-10-17,100.94136974898827
2002-10-18,101.02810579329456
2002-10-21,100.80511406056335
2002-10-22,100.7927012922057
2002-10-23,100.86708298118188
2002-10-24,101.04032871931264
2002-10-25,101.21376429978295
2002-10-28,101.34993236866652
2002-10-29,101.5728072753426
2002-10-30,101.56043831675558
2002-10-31,101.73379357931303
2002-11-01,101.62597773368405
2002-11-04,101.52666098356586
2002-11-05,101.51431392986422
2002-11-06,101.55147921865273
2002-11-07,101.6010645774274
2002-11-08,101.56392849515264
2002-11-11,101.66320143550016
2002-11-12,101.68793935267414
2002-11-13,101.70032291451801
2002-11-14,101.45230850110345
2002-11-15,101.50187195499277
2002-11-18,101.50187195499277
2002-11-19,101.47710483130501
2002-11-20,101.39023005605824
2002-11-21,101.25386484320667
2002-11-22,101.21662653813365
2002-11-25,101.27868307829353
2002-11-26,101.46474317434647
2002-11-27,101.29103743362364
2002-11-29,101.34065199891207
2002-12-02,101.37795601864106
2002-12-03,101.41517241882872
2002-12-04,101.47733848341527
2002-12-05,101.56423516354735
2002-12-06,101.66367604134912
2002-12-09,101.68853808620668
2002-12-10,101.67603039667922
2002-12-11,101.76301469635266
2002-12-12,101.80020189002651
2002-12-13,101.72571067662366
2002-12-16,101.67603039667922
2002-12-17,101.77540555982499
2002-12-18,101.93684456475907
2002-12-19,102.04870551254695
2002-12-20,101.99897412120337
2002-12-23,102.01141609607483
2002-12-24,102.12318212269291
2002-12-26,102.19766603446733
2002-12-27,102.32193244898444
2002-12-30,102.33430870919986
2002-12-31,102.40779959950568
2003-01-02,102.02208377523397
2003-01-03,102.03452575010542
2003-01-06,101.9722866692344
2003-01-07,102.04697502660531
2003-01-08,102.1340323425632
2003-01-09,101.94738081460616
2003-01-10,102.08424983982052
2003-01-13,102.05944620799055
2003-01-14,102.09666990980664
2003-01-15,102.1340323425632
2003-01-16,102.19633713809021
2003-01-17,102.17141668020511
2003-01-21,102.29577071426354
2003-01-22,102.37038605535001
2003-01-23,102.30821999076345
2003-01-24,102.29577071426354
2003-01-27,102.29577071426354
2003-01-28,102.32064006074954
2003-01-29,102.23364115781924
2003-01-30,102.35804630327678
2003-01-31,102.33300901933653
2003-02-03,102.2732743970224
2003-02-04,102.38544931483344
2003-02-05,102.34809418370531
2003-02-06,102.39785478156264
2003-02-07,102.48508733660324
2003-02-10,102.41027485154876
2003-02-11,102.44771760221822
2003-02-12,102.53493555400193
2003-02-13,102.62216810904252
2003-02-14,102.53493555400193
2003-02-18,102.49754391473158
2003-02-19,102.54742133864406
2003-02-20,102.6096823244004
2003-02-21,102.5224643726167
2003-02-24,102.57237100304295
2003-02-25,102.6346319887993
2003-02-26,102.68450211108333
2003-02-27,102.68450211108333
2003-02-28,102.73425540731222
2003-03-03,102.76799623235972
2003-03-04,102.7555104477176
2003-03-05,102.84284522555642
2003-03-06,102.88022956319833
2003-03-07,102.98005012567928
2003-03-10,103.0799144979309
2003-03-11,102.9926162282343
2003-03-12,102.91769421875314
2003-03-13,102.60575404829662
2003-03-14,102.70565492869048
2003-03-17,102.58084089203993
2003-03-18,102.49352071745801
2003-03-19,102.46857105305911
2003-03-20,102.59333397831053
2003-03-21,102.33135885130781
2003-03-24,102.55590583089793
2003-03-25,102.55590583089793
2003-03-26,102.68066875614934
2003-03-27,102.70565492869048
2003-03-28,102.84284522555642
2003-03-31,102.91769421875314
2003-04-01,102.89522710802576
2003-04-02,102.78278933159069
2003-04-03,102.84532047759951
2003-04-04,102.82029779691615
2003-04-07,102.75773014276508
2003-04-08,102.85766022967273
2003-04-09,102.92023518545224
2003-04-10,102.78278933159069
2003-04-11,102.73278777999464
2003-04-14,102.64543839889893
2003-04-15,102.72023628069651
2003-04-16,102.73278777999464
2003-04-17,102.64543839889893
2003-04-21,102.70779430582506
2003-04-22,102.69533772769672
2003-04-23,102.77025973717788
2003-04-24,102.87026284036997
2003-04-25,102.9701126093647
2003-04-28,102.94517024659424
2003-04-29,102.87026284036997
2003-04-30,103.08259419557046
2003-05-01,103.08260149719892
2003-05-02,102.96998118005267
2003-05-05,103.04505652373122
2003-05-06,103.19522911597359
2003-05-07,103.22026639991384
2003-05-08,103.17016262551955
2003-05-09,103.14521296112065
2003-05-12,103.22026639991384
2003-05-13,103.19522911597359
2003-05-14,103.25778946849621
2003-05-15,103.22026639991384
2003-05-16,103.33290132031696
2003-05-19,103.35796050914254
2003-05-20,103.49552318905924
2003-05-21,103.35796050914254
2003-05-22,103.39546897446803
2003-05-23,103.43294093165127
2003-05-27,103.39546897446803
2003-05-28,103.45802932699064
2003-05-29,103.49552318905924
2003-05-30,103.45802932699064
2003-06-02,103.4042382302313
2003-06-03,103.60459491478086
2003-06-04,103.69225826589977
2003-06-05,103.62966140523491
2003-06-06,103.60459491478086
2003-06-09,103.74239854843626
2003-06-10,103.85515759652297
2003-06-11,103.78002383981688
2003-06-12,103.84268641513773
2003-06-13,103.93040087765574
2003-06-16,103.80508302864246
2003-06-17,103.65466948266138
2003-06-18,103.66729399824395
2003-06-19,103.76755265843165
2003-06-20,103.74239854843626
2003-06-23,103.84268641513773
2003-06-24,103.91781287021537
2003-06-25,103.70483167008322
2003-06-26,103.51684394412064
2003-06-27,103.54203456225825
2003-06-30,103.62966140523491
2003-07-01,103.63217316542021
2003-07-02,103.68229884469984
2003-07-03,103.56945217707178
2003-07-07,103.5443272735902
2003-07-08,103.50673849035181
2003-07-09,103.53187069546186
2003-07-10,103.61951944332384
2003-07-11,103.65733457704405
2003-07-14,103.56945217707178
2003-07-15,103.44396639060427
2003-07-16,103.45657630292997
2003-07-17,103.39381150481086
2003-07-18,103.38124540225584
2003-07-21,103.20564123813713
2003-07-22,103.30600212112306
2003-07-23,103.35623732482937
2003-07-24,103.34362741250366
2003-07-25,103.39381150481086
2003-07-28,103.25584723532965
2003-07-29,103.16804515327031
2003-07-30,103.21822924557749
2003-07-31,103.10522924375209
2003-08-01,102.99479941513955
2003-08-04,103.15804192229972
2003-08-05,102.96963800351573
2003-08-06,103.07010841092834
2003-08-07,103.18315952415287
2003-08-08,103.20828442763448
2003-08-11,103.07010841092834
2003-08-12,103.24593892552886
2003-08-13,103.04499811070365
2003-08-14,103.01983669907982
2003-08-15,103.09526252092374
2003-08-18,103.08265991022647
2003-08-19,103.20828442763448
2003-08-20,103.13295352696035
2003-08-21,102.98221140769921
2003-08-22,102.95699888467627
2003-08-25,102.90680018911218
2003-08-26,103.01983669907982
2003-08-27,102.91942470469478
2003-08-28,103.07010841092834
2003-08-29,103.05757881651556
2003-09-02,102.92298059774781
2003-09-03,102.99851594401841
2003-09-04,103.13682339003655
2003-09-05,103.48892981857279
2003-09-08,103.36307895068298
2003-09-09,103.53922343530667
2003-09-10,103.60205394808177
2003-09-11,103.52663542786631
2003-09-12,103.61472227343502
2003-09-15,103.71532411015967
2003-09-16,103.72786830782937
2003-09-17,103.71532411015967
2003-09-18,103.61472227343502
2003-09-19,103.61472227343502
2003-09-22,103.65239137458633
2003-09-23,103.6775600878386
2003-09-24,103.74053663318261
2003-09-25,103.75305162433853
2003-09-26,103.8786907450034
2003-09-29,103.82848474781088
2003-09-30,104.04231293684273
2003-10-01,104.05865398130419
2003-10-02,104.05865398130419
2003-10-03,103.79424011040061
2003-10-06,103.86979736155656
2003-10-07,103.76904219063456
2003-10-08,103.76904219063456
2003-10-09,103.75643227830886
2003-10-10,103.8194088236529
2003-10-13,103.83202603760704
2003-10-14,103.73135118459795
2003-10-15,103.60536158576767
2003-10-16,103.3661675395155
2003-10-17,103.49206951880443
2003-10-20,103.50463562135945
2003-10-21,103.52995036718065
2003-10-22,103.64314021134564
2003-10-23,103.61800070460714
2003-10-24,103.74380046109783
2003-10-27,103.63056680716215
2003-10-28,103.80685002272631
2003-10-29,103.6936236704191
2003-10-30,103.60536158576767
2003-10-31,103.61800070460714
2003-11-03,103.55619241981442
2003-11-04,103.6318664970255
2003-11-05,103.53097259516304
2003-11-06,103.41754909888779
2003-11-07,103.3292139979519
2003-11-10,103.3545141405162
2003-11-11,103.3545141405162
2003-11-12,103.41754909888779
2003-11-13,103.64435228166762
2003-11-14,103.77050251632369
2003-11-17,103.83358128446596
2003-11-18,103.84619849842012
2003-11-19,103.65699870213554
2003-11-20,103.85880110911737
2003-11-21,103.82096407051182
2003-11-24,103.6822915430714
2003-11-25,103.79575154748888
2003-11-26,103.6822915430714
2003-11-28,103.55619241981442
2003-12-01,103.41481098822065
2003-12-02,103.52843893009238
2003-12-03,103.44005271775738
2003-12-04,103.54108535056031
2003-12-05,103.8692424377947
2003-12-08,103.75557798778073
2003-12-09,103.69257223592292
2003-12-10,103.81881739174878
2003-12-11,104.03341225176746
2003-12-12,104.0081194108316
2003-12-15,103.98287037966642
2003-12-16,104.47096233637507
2003-12-17,104.48358685195767
2003-12-18,104.50885048637973
2003-12-19,104.5342747566276
2003-12-22,104.47096233637507
2003-12-23,104.30614267747065
2003-12-24,104.54693578035241
2003-12-26,104.63576009039417
2003-12-29,104.49623327242558
2003-12-30,104.54693578035241
2003-12-31,104.68151209423482
2004-01-02,104.42760526666459
2004-01-05,104.44033930667386
2004-01-06,104.5672635139452
2004-01-07,104.6434048953768
2004-01-08,104.65605861747316
2004-01-09,104.90995814341493
2004-01-12,104.97348961252084
2004-01-13,105.10039921653527
2004-01-14,104.99882626322736
2004-01-15,104.98619444601631
2004-01-16,104.90995814341493
2004-01-20,104.96077017576846
2004-01-21,105.02422132696145
2004-01-22,105.10039921653527
2004-01-23,104.94802883413072
2004-01-26,104.8718801510707
2004-01-27,104.99882626322736
2004-01-28,104.73229492007454
2004-01-29,104.7576680789233
2004-01-30,104.80840709499235
2004-02-02,104.84531682678528
2004-02-03,104.94704311429058
2004-02-04,104.88343862890022
2004-02-05,104.80710740512902
2004-02-06,104.97242357476777
2004-02-09,105.01055998013958
2004-02-10,104.87074839866162
2004-02-11,105.03604996504346
2004-02-12,105.07409144924547
2004-02-13,105.22657865770513
2004-02-17,105.13770323626426
2004-02-18,105.15037886324599
2004-02-19,105.20116899071414
2004-02-20,105.08681088599785
2004-02-23,105.18849336373243
2004-02-24,105.20116899071414
2004-02-25,105.27749291285689
2004-02-26,105.23934190422818
2004-02-27,105.31565852474247
2004-03-01,105.28131166453399
2004-03-02,105.17948315423047
2004-03-03,105.10301319951883
2004-03-04,105.19218068609753
2004-03-05,105.42131308835152
2004-03-08,105.58684100521518
2004-03-09,105.65032866455041
2004-03-10,105.58684100521518
2004-03-11,105.6759500787663
2004-03-12,105.59942901265555
2004-03-15,105.54854396401758
2004-03-16,105.62492629918788
2004-03-17,105.62492629918788
2004-03-18,105.58684100521518
2004-03-19,105.62492629918788
2004-03-22,105.68854538783512
2004-03-23,105.71404267436746
2004-03-24,105.73946694461532
2004-03-25,105.72679861926207
2004-03-26,105.62492629918788
2004-03-29,105.54854396401758
2004-03-30,105.53586833703588
2004-03-31,105.61216305266483
2004-04-01,105.48470582651697
2004-04-02,105.11505358482576
2004-04-05,105.01313015335245
2004-04-06,105.14052166484431
2004-04-07,105.16598244323441
2004-04-08,105.16598244323441
2004-04-12,105.06410282153178
2004-04-13,104.92386774560396
2004-04-14,104.745474359419
2004-04-15,104.8090715431809
2004-04-16,104.94939423865009
2004-04-19,104.82191510761687
2004-04-20,104.57969088555976
2004-04-21,104.59252714836727
2004-04-22,104.745474359419
2004-04-23,104.52874012226576
2004-04-26,104.54142305087592
2004-04-27,104.66895329330823
2004-04-28,104.45220445289812
2004-04-29,104.43947771451727
2004-04-30,104.49047958921038
2004-05-03,104.53634111747772
2004-05-04,104.51090954560141
2004-05-05,104.47256139300467
2004-05-06,104.44708601135768
2004-05-07,104.01296769211955
2004-05-10,104.0640133765833
2004-05-11,104.0767985279917
2004-05-12,104.10238343406539
2004-05-13,104.05126473331714
2004-05-14,104.21725995440131
2004-05-17,104.35776519058162
2004-05-18,104.25554239234205
2004-05-19,104.20447480299293
2004-05-20,104.25554239234205
2004-05-21,104.25554239234205
2004-05-24,104.28102507561749
2004-05-25,104.28102507561749
2004-05-26,104.47256139300467
2004-05-27,104.52357056932622
2004-05-28,104.48533194115616
2004-06-01,104.33705047068122
2004-06-02,104.2731466185246
2004-06-03,104.29867311157071
2004-06-04,104.13243693674781
2004-06-07,104.17084350237211
2004-06-08,104.18363595540896
2004-06-09,104.01737787570073
2004-06-10,104.00467304220524
2004-06-14,103.73611184634453
2004-06-15,104.08128902948579
2004-06-16,104.00467304220524
2004-06-17,104.13243693674781
2004-06-18,104.0685038780774
2004-06-21,104.14528780281222
2004-06-22,104.18363595540896
2004-06-23,104.20917705171195
2004-06-24,104.31151667600666
2004-06-25,104.3242288111306
2004-06-28,104.08128902948579
2004-06-29,104.18363595540896
2004-06-30,104.46483627010915
2004-07-01,104.48663893264796
2004-07-02,104.7685036955367
2004-07-06,104.74272894712344
2004-07-07,104.75561632133005
2004-07-08,104.79400828369747
2004-07-09,104.79400828369747
2004-07-12,104.83250246886311
2004-07-13,104.75561632133005
2004-07-14,104.71726816873333
2004-07-15,104.71726816873333
2004-07-16,104.92207884663478
2004-07-19,104.87090903448741
2004-07-20,104.67877398356768
2004-07-21,104.653123362838
2004-07-22,104.67877398356768
2004-07-23,104.67877398356768
2004-07-26,104.60194624906221
2004-07-27,104.51227495012074
2004-07-28,104.5762299136765
2004-07-29,104.60194624906221
2004-07-30,104.75561632133005
2004-08-02,104.83641614171
2004-08-03,104.86207406406814
2004-08-04,104.84921589637528
2004-08-05,104.9134045120413
2004-08-06,105.2854370846058
2004-08-09,105.27271034622497
2004-08-10,105.01606540798763
2004-08-11,105.18282730005859
2004-08-12,105.20855823870119
2004-08-13,105.31115341999148
2004-08-16,105.2854370846058
2004-08-17,105.38814179032279
2004-08-18,105.36253497936376
2004-08-19,105.42665057874532
2004-08-20,105.36253497936376
2004-08-23,105.27271034622497
2004-08-24,105.32401158768434
2004-08-25,105.2854370846058
2004-08-26,105.38814179032279
2004-08-27,105.34964760515714
2004-08-30,105.3752909242584
2004-08-31,105.52928956980632
2004-09-01,105.55755417351955
2004-09-02,105.39048561305384
2004-09-03,105.24905307006097
2004-09-07,105.24905307006097
2004-09-08,105.40340219377427
2004-09-09,105.4162238533249
2004-09-10,105.44193288708215
2004-09-13,105.45478375314654
2004-09-14,105.48044897713314
2004-09-15,105.4162238533249
2004-09-16,105.59613597822654
2004-09-17,105.46753239641271
2004-09-20,105.63466667153443
2004-09-21,105.48044897713314
2004-09-22,105.58328511216214
2004-09-23,105.45478375314654
2004-09-24,105.39048561305384
2004-09-27,105.45478375314654
2004-09-28,105.51898697206946
2004-09-29,105.39048561305384
2004-09-30,105.4290601161324
2004-10-01,105.35438636201839
2004-10-04,105.367208021569
2004-10-05,105.38011730066097
2004-10-06,105.29003711052658
2004-10-07,105.2513457813929
2004-10-08,105.5216958762228
2004-10-11,105.59894710517814
2004-10-12,105.6246269324216
2004-10-13,105.70198038417517
2004-10-14,105.72772592607467
2004-10-15,105.6890053904272
2004-10-18,105.70198038417517
2004-10-19,105.66329635666996
2004-10-20,105.75331813377677
2004-10-21,105.6246269324216
2004-10-22,105.72772592607467
2004-10-25,105.76628582589632
2004-10-26,105.75331813377677
2004-10-27,105.61179066961408
2004-10-28,105.65036517269264
2004-10-29,105.74062060190974
2004-11-01,105.67350403323701
2004-11-02,105.72510464146265
2004-11-03,105.71220266399915
2004-11-04,105.62189612338291
2004-11-05,105.35115904224538
2004-11-08,105.29952922750596
2004-11-09,105.37697760042934
2004-11-10,105.24803084207855
2004-11-11,105.32542810360282
2004-11-12,105.29952922750596
2004-11-15,105.29952922750596
2004-11-16,105.22217577575239
2004-11-17,105.37697760042934
2004-11-18,105.36401720993824
2004-11-19,105.19648864688047
2004-11-22,105.22217577575239
2004-11-23,105.20927379828886
2004-11-24,105.19648864688047
2004-11-26,105.09326552554383
2004-11-29,105.10614559812201
2004-11-30,105.1319860611913
2004-12-01,105.20307471573848
2004-12-02,105.1642592589212
2004-12-03,105.39672120374645
2004-12-06,105.40971810237978
2004-12-07,105.40971810237978
2004-12-08,105.44842403477035
2004-12-09,105.43552205730684
2004-12-10,105.44842403477035
2004-12-13,105.37090264556252
2004-12-14,105.39672120374645
2004-12-15,105.50006115113824
2004-12-16,105.38381922628295
2004-12-17,105.34504757923635
2004-12-20,105.34504757923635
2004-12-21,105.35795685832834
2004-12-22,105.35795685832834
2004-12-23,105.33224782457107
2004-12-27,105.26751158677163
2004-12-28,105.30630513870356
2004-12-29,105.29337395472625
2004-12-30,105.33224782457107
2004-12-31,105.37629124735544
2005-01-03,105.38909100202072
2005-01-04,105.1561836578603
2005-01-05,105.18208983558559
2005-01-06,105.23377076172413
2005-01-07,105.24672385058678
2005-01-10,105.18208983558559
2005-01-11,105.20789379051263
2005-01-12,105.22089068914595
2005-01-13,105.35026094194657
2005-01-14,105.29851430115203
2005-01-18,105.25970614596321
2005-01-19,105.27263002831207
2005-01-20,105.36320672918077
2005-01-21,105.46673651891214
2005-01-24,105.40202948762646
2005-01-25,105.36320672918077
2005-01-26,105.32436936747817
2005-01-27,105.29851430115203
2005-01-28,105.35026094194657
2005-01-31,105.33732975796927
2005-02-01,105.36459403858545
2005-02-02,105.32577128013976
2005-02-03,105.26082329511539
2005-02-04,105.36459403858545
2005-02-07,105.33863674946105
2005-02-08,105.29975557798778
2005-02-09,105.49424175326703
2005-02-10,105.4164502038067
2005-02-11,105.36459403858545
2005-02-14,105.31267946033664
2005-02-15,105.32577128013976
2005-02-16,105.27378368560649
2005-02-17,105.32577128013976
2005-02-18,105.18309015868263
2005-02-22,105.22186180572923
2005-02-23,105.20891601849502
2005-02-24,105.18309015868263
2005-02-25,105.13117558043383
2005-02-28,105.06624950029479
2005-03-01,105.04418397913196
2005-03-02,105.10924148858298
2005-03-03,105.14815916819849
2005-03-04,105.14815916819849
2005-03-07,105.10924148858298
2005-03-08,105.10924148858298
2005-03-09,105.07022888779771
2005-03-10,104.99224019436934
2005-03-11,104.96622449221738
2005-03-14,104.92732871748723
2005-03-15,104.88830881507347
2005-03-16,105.018365420948
2005-03-17,105.05716627450836
2005-03-18,105.00527360114489
2005-03-21,105.07022888779771
2005-03-22,104.88830881507347
2005-03-23,104.87531191644017
2005-03-24,104.90125460230769
2005-03-28,104.84931081754509
2005-03-29,104.92732871748723
2005-03-30,104.94030371123519
2005-03-31,105.08322578643102
2005-04-01,105.14834901053807
2005-04-04,105.14834901053807
2005-04-05,105.17441582408918
2005-04-06,105.25257975660021
2005-04-07,105.21343572650291
2005-04-08,105.20048993926872
2005-04-11,105.20048993926872
2005-04-12,105.26567887803178
2005-04-13,105.42182420234272
2005-04-14,105.51306535139999
2005-04-15,105.68230249551407
2005-04-18,105.63026378958168
2005-04-19,105.76048833291046
2005-04-20,105.72141731909758
2005-04-21,105.53916867309331
2005-04-22,105.56511866058929
2005-04-25,105.5911270611128
2005-04-26,105.56511866058929
2005-04-27,105.6432314817012
2005-04-28,105.73452374215759
2005-04-29,105.63026378958168
2005-05-02,105.6432314817012
2005-05-03,105.70861026280387
2005-05-04,105.74774699127273
2005-05-05,105.85211646827534
2005-05-06,105.61718657303545
2005-05-09,105.56497992964881
2005-05-10,105.6432314817012
2005-05-11,105.70861026280387
2005-05-12,105.76073658827761
2005-05-13,105.87836582253757
2005-05-16,105.85211646827534
2005-05-17,105.85211646827534
2005-05-18,105.95656626319085
2005-05-19,105.79995363465937
2005-05-20,105.79995363465937
2005-05-23,105.86515717667933
2005-05-24,105.93052865615353
2005-05-25,105.9695850667095
2005-05-26,105.93052865615353
2005-05-27,105.9695850667095
2005-05-31,106.04805566761526
2005-06-01,106.25740795840993
2005-06-02,106.21816900714282
2005-06-03,106.08724350748327
2005-06-06,106.13966919972326
2005-06-07,106.16578712467349
2005-06-08,106.13966919972326
2005-06-09,106.07418819582237
2005-06-10,105.98264037837039
2005-06-13,105.98264037837039
2005-06-14,106.00875100169216
2005-06-15,105.98264037837039
2005-06-16,106.07418819582237
2005-06-17,106.06110367764772
2005-06-20,106.0350003559544
2005-06-21,106.04804106435839
2005-06-22,106.28356969313081
2005-06-23,106.24429423372148
2005-06-24,106.29665421130548
2005-06-27,106.3359442739717
2005-06-28,106.21816900714282
2005-06-29,106.24429423372148
2005-06-30,106.30980444413616
2005-07-01,106.01592850245427
2005-07-05,106.0421778567165
2005-07-06,106.10770267038806
2005-07-07,106.19960826763388
2005-07-08,106.08155553892406
2005-07-11,106.0028293810227
2005-07-12,106.0028293810227
2005-07-13,106.01592850245427
2005-07-14,106.01592850245427
2005-07-15,106.02902032225737
2005-07-18,106.0028293810227
2005-07-19,106.0421778567165
2005-07-20,106.02902032225737
2005-07-21,105.92416163614891
2005-07-22,106.02902032225737
2005-07-25,105.9896426400498
2005-07-26,105.96353931835647
2005-07-27,105.96353931835647
2005-07-28,105.97656542350357
2005-07-29,105.91107711797423
2005-08-01,105.84658183391352
2005-08-02,105.85973936837263
2005-08-03,105.89918276523622
2005-08-04,105.89918276523622
2005-08-05,105.80726256473349
2005-08-08,105.70209721023032
2005-08-09,105.82035438453661
2005-08-10,105.82035438453661
2005-08-11,105.89918276523622
2005-08-12,106.03066318865766
2005-08-15,105.97806955896338
2005-08-16,106.03066318865766
2005-08-17,106.05689063803455
2005-08-18,106.14899337924841
2005-08-19,106.10954268075639
2005-08-22,106.12266370707326
2005-08-23,106.22774874366357
2005-08-24,106.24096469115025
2005-08-25,106.22774874366357
2005-08-26,106.14899337924841
2005-08-29,106.17522813025376
2005-08-30,106.33289219328141
2005-08-31,106.60898866969805
2005-09-01,106.73824939807201
2005-09-02,106.86998537848905
2005-09-06,106.69865266701106
2005-09-07,106.61956872931586
2005-09-08,106.5668655751949
2005-09-09,106.59320985062695
2005-09-12,106.55364962770821
2005-09-13,106.61956872931586
2005-09-14,106.60641849648518
2005-09-15,106.58000850639715
2005-09-16,106.50101218824328
2005-09-19,106.52730535227619
2005-09-20,106.4482068113241
2005-09-21,106.55364962770821
2005-09-22,106.59320985062695
2005-09-23,106.50101218824328
2005-09-26,106.42181142449294
2005-09-27,106.3823096146018
2005-09-28,106.42181142449294
2005-09-29,106.3823096146018
2005-09-30,106.28998052290612
2005-10-03,106.24241041358249
2005-10-04,106.22923097423802
2005-10-05,106.28211666907012
2005-10-06,106.28211666907012
2005-10-07,106.36142695724713
2005-10-10,106.34823291464579
2005-10-11,106.32177911478709
2005-10-12,106.24241041358249
2005-10-13,106.24241041358249
2005-10-14,106.2688496101843
2005-10-17,106.21600772512289
2005-10-18,106.30846824613059
2005-10-19,106.36142695724713
2005-10-20,106.36142695724713
2005-10-21,106.42751399630903
2005-10-24,106.38789536036275
2005-10-25,106.2027260629802
2005-10-26,106.16309282377702
2005-10-27,106.24241041358249
2005-10-28,106.24241041358249
2005-10-31,106.2027260629802
2005-11-01,106.23194718001983
2005-11-02,106.21865091462024
2005-11-03,106.16561918721924
2005-11-04,106.16561918721924
2005-11-07,106.15229371530586
2005-11-08,106.28489858950792
2005-11-09,106.15229371530586
2005-11-10,106.29823866467818
2005-11-11,106.33801793645029
2005-11-14,106.1789446591326
2005-11-15,106.25841558313542
2005-11-16,106.39099125082372
2005-11-17,106.4838825679097
2005-11-18,106.4838825679097
2005-11-21,106.55016675093962
2005-11-22,106.69600947751373
2005-11-23,106.56336809516942
2005-11-25,106.65626671388387
2005-11-28,106.6827862283986
2005-11-29,106.60323498648285
2005-11-30,106.61642902908422
2005-12-01,106.51138050063615
2005-12-02,106.60452737471775
2005-12-05,106.4848098747223
2005-12-06,106.63110530226004
2005-12-07,106.64430664648982
2005-12-08,106.77741533305465
2005-12-09,106.6710233049726
2005-12-12,106.65761021351787
2005-12-13,106.71083178325847
2005-12-14,106.83052007674011
2005-12-15,106.83052007674011
2005-12-16,106.89694299071051
2005-12-19,106.83052007674011
2005-12-20,106.81726762111118
2005-12-21,106.81726762111118
2005-12-22,106.91037798705057
2005-12-23,106.96354844539204
2005-12-27,106.97686661567695
2005-12-28,107.10893116937406
2005-12-29,107.02880309881111
2005-12-30,106.9887463651581
2006-01-03,107.1355821132008
2006-01-04,107.24226620642068
2006-01-05,107.14892218837106
2006-01-06,107.17559503708314
2006-01-09,107.18888400085429
2006-01-10,107.08219260600596
2006-01-11,107.08219260600596
2006-01-12,107.1355821132008
2006-01-13,107.3489064898699
2006-01-17,107.30891547087289
2006-01-18,107.29565571361552
2006-01-19,107.30891547087289
2006-01-20,107.3489064898699
2006-01-23,107.36226846992551
2006-01-24,107.33559562121341
2006-01-25,107.18888400085429
2006-01-26,107.20218756788233
2006-01-27,107.12219092663142
2006-01-30,107.17559503708314
2006-01-31,107.17559503708314
2006-02-01,107.07792115336522
2006-02-02,107.07792115336522
2006-02-03,107.13142018498675
2006-02-06,107.07792115336522
2006-02-07,107.09127583179239
2006-02-08,107.05105116068512
2006-02-09,107.02434180383081
2006-02-10,106.94405309744207
2006-02-13,107.02434180383081
2006-02-14,107.02434180383081
2006-02-15,107.01101633191743
2006-02-16,107.09127583179239
2006-02-17,107.17157183980956
2006-02-21,107.09127583179239
2006-02-22,107.17157183980956
2006-02-23,107.07792115336522
2006-02-24,107.11797058538981
2006-02-27,107.06447885539671
2006-02-28,107.21156285880657
2006-03-01,107.15664000963815
2006-03-02,107.19692309377298
2006-03-03,107.08948693282319
2006-03-06,107.12985033487092
2006-03-07,107.12985033487092
2006-03-08,107.19692309377298
2006-03-09,107.23711855836649
2006-03-10,107.12985033487092
2006-03-13,107.12985033487092
2006-03-14,107.34456932257316
2006-03-15,107.37140280711105
2006-03-16,107.55941973958743
2006-03-17,107.51918046522326
2006-03-20,107.5729058473266
2006-03-21,107.38490351810712
2006-03-22,107.41178811404413
2006-03-23,107.38490351810712
2006-03-24,107.53252784202196
2006-03-27,107.5057454688832
2006-03-28,107.41178811404413
2006-03-29,107.41178811404413
2006-03-30,107.35801162054169
2006-03-31,107.3982947046765
2006-04-03,107.33912960938112
2006-04-04,107.41982720696284
2006-04-05,107.43346664889937
2006-04-06,107.41982720696284
2006-04-07,107.35257920897807
2006-04-10,107.3794492016582
2006-04-11,107.47372052652042
2006-04-12,107.40637030573743
2006-04-13,107.39294991265427
2006-04-17,107.46018330738214
2006-04-18,107.60836985668729
2006-04-19,107.58158748354852
2006-04-20,107.54107074730341
2006-04-21,107.54107074730341
2006-04-24,107.59489105057656
2006-04-25,107.51417154810952
2006-04-26,107.43346664889937
2006-04-27,107.60836985668729
2006-04-28,107.63536397705099
2006-05-01,107.5718690160873
2006-05-02,107.58533321894114
2006-05-03,107.58533321894114
2006-05-04,107.59889964459323
2006-05-05,107.62596678124139
2006-05-08,107.61242956210309
2006-05-09,107.62596678124139
2006-05-10,107.62596678124139
2006-05-11,107.6664689142296
2006-05-12,107.62596678124139
2006-05-15,107.6800061333679
2006-05-16,107.77456222173952
2006-05-17,107.7204425517001
2006-05-18,107.82866728852203
2006-05-19,107.80162935838766
2006-05-22,107.80162935838766
2006-05-23,107.86922783453781
2006-05-24,107.93684091394485
2006-05-25,107.93684091394485
2006-05-26,107.97730653879081
2006-05-30,107.89621465327303
2006-05-31,107.81506435472772
2006-06-01,107.94803431035207
2006-06-02,108.11075110026414
2006-06-05,108.01580072395647
2006-06-06,108.01580072395647
2006-06-07,107.94803431035207
2006-06-08,108.07014674447768
2006-06-09,108.07014674447768
2006-06-12,108.08371317012977
2006-06-13,108.05658762045405
2006-06-14,107.94803431035207
2006-06-15,107.92091606230481
2006-06-16,107.86675988412316
2006-06-19,107.82603140065312
2006-06-20,107.8124430701157
2006-06-21,107.83955401653454
2006-06-22,107.7853978383529
2006-06-23,107.75815546262204
2006-06-26,107.7717803013017
2006-06-27,107.83955401653454
2006-06-28,107.7853978383529
2006-06-29,107.9752255746838
2006-06-30,108.07014674447768
2006-07-03,108.0538130016447
2006-07-05,107.95861436996985
2006-07-06,108.04012244830903
2006-07-07,108.12181306735935
2006-07-10,108.12181306735935
2006-07-11,108.12181306735935
2006-07-12,108.16271678991207
2006-07-13,108.29873152459828
2006-07-14,108.3123855697917
2006-07-17,108.29873152459828
2006-07-18,108.2170774136902
2006-07-19,108.3667096854276
2006-07-20,108.50290696082494
2006-07-21,108.47564998183721
2006-07-24,108.47564998183721
2006-07-25,108.44846601913392
2006-07-26,108.58448805544856
2006-07-27,108.63899471179559
2006-07-28,108.7750751611378
2006-07-31,108.78857587213389
2006-08-01,108.85561942452216
2006-08-02,108.85561942452216
2006-08-03,108.84195807770027
2006-08-04,108.9374268696276
2006-08-07,108.97849122800613
2006-08-08,109.03315852017896
2006-08-09,109.07410605250236
2006-08-10,109.0467176442026
2006-08-11,108.95108821644948
2006-08-14,108.89659616335933
2006-08-15,109.0467176442026
2006-08-16,109.22436626428609
2006-08-17,109.21074142560644
2006-08-18,109.2517473709574
2006-08-21,109.31996648552544
2006-08-22,109.30644386964403
2006-08-23,109.27898974668825
2006-08-24,109.3472745759123
2006-08-25,109.37464107932671
2006-08-28,109.40186155017221
2006-08-29,109.4427725743534
2006-08-30,109.51116692800412
2006-08-31,109.60684746715637
2006-09-01,109.73158848752243
2006-09-05,109.60819096679037
2006-09-06,109.60819096679037
2006-09-07,109.60819096679037
2006-09-08,109.67670214649623
2006-09-11,109.66303349804589
2006-09-12,109.71782491790232
2006-09-13,109.73158848752243
2006-09-14,109.63557937509012
2006-09-15,109.67670214649623
2006-09-18,109.66303349804589
2006-09-19,109.81379752219237
2006-09-20,109.85492759522693
2006-09-21,110.04674137449504
2006-09-22,110.10161311226436
2006-09-25,110.19754190678377
2006-09-26,110.07423200559305
2006-09-27,110.1564556435199
2006-09-28,110.19754190678377
2006-09-29,110.08796636869937
2006-10-02,110.21723439870176
2006-10-03,110.23101987320723
2006-10-04,110.42366603811816
2006-10-05,110.31355748115723
2006-10-06,110.17595829309832
2006-10-09,110.18972916434689
2006-10-10,110.03835180341095
2006-10-11,110.02466125007531
2006-10-12,110.07970092529887
2006-10-13,110.03835180341095
2006-10-16,110.09341338351986
2006-10-17,110.10716965151153
2006-10-18,110.12096242764542
2006-10-19,110.10716965151153
2006-10-20,110.14845305874343
2006-10-23,110.09341338351986
2006-10-24,110.09341338351986
2006-10-25,110.21723439870176
2006-10-26,110.35477517373313
2006-10-27,110.46481801603802
2006-10-30,110.39610969236413
2006-10-31,110.54745054515784
2006-11-01,110.62622051282986
2006-11-02,110.59848162636472
2006-11-03,110.39140014201666
2006-11-06,110.3776584772819
2006-11-07,110.51572496956135
2006-11-08,110.57089607409694
2006-11-09,110.55713980610527
2006-11-10,110.6400351938491
2006-11-13,110.6400351938491
2006-11-14,110.65369654067099
2006-11-15,110.5847326600015
2006-11-16,110.54323750554467
2006-11-17,110.68146463364992
2006-11-20,110.70897716963326
2006-11-21,110.73664303981397
2006-11-22,110.81948001453024
2006-11-24,110.83332390206326
2006-11-27,110.90233159250343
2006-11-28,110.95755380843812
2006-11-29,110.95755380843812
2006-11-30,111.08189323923968
2006-12-01,111.29946716366416
2006-12-04,111.28554295821826
2006-12-05,111.28554295821826
2006-12-06,111.2717720869697
2006-12-07,111.24410621678899
2006-12-08,111.10544829260547
2006-12-11,111.11927757688159
2006-12-12,111.2717720869697
2006-12-13,111.11927757688159
2006-12-14,111.0638655186073
2006-12-15,111.10544829260547
2006-12-18,111.10544829260547
2006-12-19,111.11927757688159
2006-12-20,111.18859193571646
2006-12-21,111.2717720869697
2006-12-22,111.25788438966599
2006-12-26,111.25788438966599
2006-12-27,111.1966529335205
2006-12-28,111.12729476491494
2006-12-29,111.15493873021029
2007-01-03,111.26619364283718
2007-01-04,111.37743395220718
2007-01-05,111.30790054451893
2007-01-08,111.23844015311515
2007-01-09,111.28016895968223
2007-01-10,111.25235705693261
2007-01-11,111.16885563402778
2007-01-12,111.09943175076621
2007-01-16,111.21070126665
2007-01-17,111.16885563402778
2007-01-18,111.21070126665
2007-01-19,111.1966529335205
2007-01-22,111.23844015311515
2007-01-23,111.18283825250126
2007-01-24,111.23844015311515
2007-01-25,111.15493873021029
2007-01-26,111.16885563402778
2007-01-29,111.18283825250126
2007-01-30,111.21070126665
2007-01-31,111.33569054238322
2007-02-01,111.32178824182265
2007-02-02,111.36363387444486
2007-02-05,111.33569784401168
2007-02-06,111.46127125002054
2007-02-07,111.51714331088691
2007-02-08,111.55900354676602
2007-02-09,111.44733244131773
2007-02-12,111.44733244131773
2007-02-13,111.43343014075715
2007-02-14,111.68461346091712
2007-02-15,111.74040520387058
2007-02-16,111.76836313918912
2007-02-20,111.75424909140361
2007-02-21,111.8241256756288
2007-02-22,111.75424909140361
2007-02-23,111.87982249741249
2007-02-26,111.96361598545516
2007-02-27,112.22873081268949
2007-02-28,112.14509796047263
2007-03-01,112.30047661379679
2007-03-02,112.42638589471416
2007-03-05,112.4684724810751
2007-03-06,112.37047732570558
2007-03-07,112.48248430606236
2007-03-08,112.48248430606236
2007-03-09,112.28647939206641
2007-03-12,112.38443073766527
2007-03-13,112.5384147799563
2007-03-14,112.56656255761442
2007-03-15,112.5384147799563
2007-03-16,112.52443946311126
2007-03-19,112.42638589471416
2007-03-20,112.52443946311126
2007-03-21,112.70651287003284
2007-03-22,112.59444747664848
2007-03-23,112.52443946311126
2007-03-26,112.63642453858272
2007-03-27,112.65042906194154
2007-03-28,112.70651287003284
2007-03-29,112.65042906194154
2007-03-30,112.65042906194154
2007-04-02,112.67148695837889
2007-04-03,112.67148695837889
2007-04-04,112.74181624356771
2007-04-05,112.69967854580767
2007-04-09,112.44675743807764
2007-04-10,112.58726267425794
2007-04-11,112.58726267425794
2007-04-12,112.5731486264724
2007-04-13,112.51694069069755
2007-04-16,112.5028704526827
2007-04-17,112.68561560942129
2007-04-18,112.84012536896041
2007-04-19,112.84012536896041
2007-04-20,112.8121382271281
2007-04-23,112.8964136226482
2007-04-24,112.99475195455466
2007-04-25,112.95254124051017
2007-04-26,112.8682877498754
2007-04-27,112.91042544763545
2007-04-30,112.99475195455466
2007-05-01,112.94684597032254
2007-05-02,113.00330216146457
2007-05-03,112.91860327149463
2007-05-04,112.9750375577513
2007-05-07,112.9750375577513
2007-05-08,113.0315010505218
2007-05-09,112.94684597032254
2007-05-10,113.04550557388062
2007-05-11,113.00330216146457
2007-05-14,112.91860327149463
2007-05-15,112.94684597032254
2007-05-16,113.05960501840924
2007-05-17,112.98910779576615
2007-05-18,112.87634874767944
2007-05-21,112.90452573185135
2007-05-22,112.93270271602324
2007-05-23,112.90452573185135
2007-05-24,112.94684597032254
2007-05-25,113.01728477993804
2007-05-29,112.90452573185135
2007-05-30,112.98910779576615
2007-05-31,112.91860327149463
2007-06-01,112.86046040418165
2007-06-04,112.90306540616221
2007-06-05,112.80398960978273
2007-06-06,112.94554628045921
2007-06-07,112.81808905431134
2007-06-08,112.86046040418165
2007-06-11,112.87479350082053
2007-06-12,112.77565929141346
2007-06-13,112.80398960978273
2007-06-14,112.80398960978273
2007-06-15,112.95959461358869
2007-06-18,112.95959461358869
2007-06-19,113.15772430146234
2007-06-20,113.04463668009559
2007-06-21,113.08697152182366
2007-06-22,113.24267874842786
2007-06-25,113.34182756109182
2007-06-26,113.27095795539802
2007-06-27,113.2568439076125
2007-06-28,113.22857200227081
2007-06-29,113.45495899222924
2007-07-02,113.52893909164092
2007-07-03,113.48628297826122
2007-07-05,113.32999162138135
2007-07-06,113.3156950328847
2007-07-09,113.40101456127252
2007-07-10,113.61415639723049
2007-07-11,113.55723290186795
2007-07-12,113.48628297826122
2007-07-13,113.54309694919709
2007-07-16,113.65669568455505
2007-07-17,113.58565083977854
2007-07-18,113.75622418189818
2007-07-19,113.74199330805752
2007-07-20,113.92672450773334
2007-07-23,113.84139767771708
2007-07-24,113.95504022284571
2007-07-25,114.04033054471974
2007-07-26,114.31020603370065
2007-07-27,114.43818167546817
2007-07-30,114.29613579568583
2007-07-31,114.4807355660496
2007-08-01,114.36950255830807
2007-08-02,114.42649906995509
2007-08-03,114.71180289984173
2007-08-06,114.56919479466907
2007-08-07,114.4693377240459
2007-08-08,114.38373343214872
2007-08-09,114.71180289984173
2007-08-10,114.66902265877847
2007-08-13,114.76882131637409
2007-08-14,114.92566029538737
2007-08-15,115.08249197277223
2007-08-16,115.31068976658518
2007-08-17,115.41054683720837
2007-08-20,115.55315494238103
2007-08-21,115.71003773116499
2007-08-22,115.55315494238103
2007-08-23,115.48185454060894
2007-08-24,115.26793143040726
2007-08-27,115.42483612407656
2007-08-28,115.72426130337719
2007-08-29,115.58167510308988
2007-08-30,115.68145185580015
2007-08-31,115.68145185580015
2007-09-04,115.67580769701162
2007-09-05,115.97643764500577
2007-09-06,115.83323810792902
2007-09-07,116.23409750959708
2007-09-10,116.27699457671548
2007-09-11,116.10512884636096
2007-09-12,116.20544591957622
2007-09-13,116.03368241201994
2007-09-14,116.01932010886729
2007-09-17,116.00500891711374
2007-09-18,116.1624831378018
2007-09-19,116.1624831378018
2007-09-20,115.91909795682183
2007-09-21,116.07659408239523
2007-09-24,116.20544591957622
2007-09-25,116.3055439439381
2007-09-26,116.23409750959708
2007-09-27,116.44879459241398
2007-09-28,116.3198478340632
2007-10-01,116.34431559098468
2007-10-02,116.4161782181471
2007-10-03,116.401874328022
2007-10-04,116.45932354063264
2007-10-05,116.33004090737337
2007-10-08,116.44489552282397
2007-10-09,116.18633025630541
2007-10-10,116.21517168866586
2007-10-11,116.24380137380139
2007-10-12,116.11444572425765
2007-10-15,116.11444572425765
2007-10-16,116.25819288346784
2007-10-17,116.5310766433684
2007-10-18,116.68914229596055
2007-10-19,116.99084558333624
2007-10-22,116.89030215963916
2007-10-23,116.90462795464957
2007-10-24,117.13447591649127
2007-10-25,117.06275932189776
2007-10-26,117.07707781527976
2007-10-29,117.07707781527976
2007-10-30,117.06275932189776
2007-10-31,116.8759398564865
2007-11-01,117.2552010412122
2007-11-02,117.39934978998691
2007-11-05,117.38493637543512
2007-11-06,117.31290581081846
2007-11-07,117.64459688622055
2007-11-08,117.83208810144883
2007-11-09,117.87528453533349
2007-11-12,118.14930734927158
2007-11-13,117.78873103173835
2007-11-14,117.8464211980877
2007-11-15,118.23578783658226
2007-11-16,118.23578783658226
2007-11-19,118.62519098321904
2007-11-20,118.58198724770592
2007-11-21,118.95679443907979
2007-11-23,118.8270664064853
2007-11-26,119.15876478351584
2007-11-27,118.79820306923952
2007-11-28,118.69720694457881
2007-11-29,118.9135176872822
2007-11-30,118.97125166340223
2007-12-03,119.24044079930927
2007-12-04,119.2258083359041
2007-12-05,119.26936254958262
2007-12-06,119.02344370353197
2007-12-07,118.89310963577653
2007-12-10,118.80634438495645
2007-12-11,119.24044079930927
2007-12-12,118.9366419445697
2007-12-13,118.7629581087322
2007-12-14,118.47344854086082
2007-12-17,118.82079430765047
2007-12-18,118.7485081860382
2007-12-19,119.05238005706222
2007-12-20,119.13915260951073
2007-12-21,118.95098964446547
2007-12-24,118.84970875629537
2007-12-26,118.73399254868818
2007-12-27,118.99384290181318
2007-12-28,119.13910149811161
2007-12-31,119.32773176737741
2008-01-02,119.54548823251305
2008-01-03,119.73427183597623
2008-01-04,119.90845218254802
2008-01-07,119.83592510719703
2008-01-08,120.01014196191106
2008-01-09,119.95209401576787
2008-01-10,119.95209401576787
2008-01-11,120.28602669110278
2008-01-14,120.3295809047813
2008-01-15,120.43127798577278
2008-01-16,120.53279252605313
2008-01-17,120.73605525872408
2008-01-18,120.83772313320178
2008-01-22,121.34590917139295
2008-01-23,121.28779551059374
2008-01-24,120.91034512972256
2008-01-25,121.22966724653766
2008-01-28,121.17163390365135
2008-01-29,121.09894619247457
2008-01-30,121.18617144588673
2008-01-31,121.30228194142998
2008-02-01,121.43478459283381
2008-02-04,121.44936594483984
2008-02-05,121.72601734501838
2008-02-06,121.7696080668391
2008-02-07,121.60945414851147
2008-02-08,121.8278458553219
2008-02-11,121.87144387877107
2008-02-12,121.91510761687626
2008-02-13,121.95871294195388
2008-02-14,121.87144387877107
2008-02-15,121.74052568073994
2008-02-19,121.65313979150201
2008-02-20,121.50758182843728
2008-02-21,121.84236149267191
2008-02-22,121.71139218324167
2008-02-25,121.52206825927352
2008-02-26,121.6967889263503
2008-02-27,121.84236149267191
2008-02-28,122.13349932368666
2008-02-29,122.55561376576011
2008-03-03,122.55995093305685
2008-03-04,122.5309342616137
2008-03-05,122.45795448529908
2008-03-06,122.82266352453254
2008-03-07,122.7642066871964
2008-03-10,122.8954899666498
2008-03-11,122.28280302214401
2008-03-12,122.67671857516022
2008-03-13,122.61833475410853
2008-03-14,122.98297807868599
2008-03-17,123.26007487819972
2008-03-18,122.82266352453254
2008-03-19,122.95378616816015
2008-03-20,122.80808947415498
2008-03-24,122.29753040671896
2008-03-25,122.38503312201203
2008-03-26,122.64757047440504
2008-03-27,122.77876613431711
2008-03-28,122.83710614559813
2008-03-31,122.86629805612397
2008-04-01,122.42193555217654
2008-04-02,122.31961053113871
2008-04-03,122.23199829141895
2008-04-04,122.45117127247305
2008-04-07,122.2173658280138
2008-04-08,122.29040401735598
2008-04-09,122.52427517647124
2008-04-10,122.48051651719625
2008-04-11,122.68515925764343
2008-04-14,122.61202614713147
2008-04-15,122.45117127247305
2008-04-16,122.18825423540085
2008-04-17,121.96903014294762
2008-04-18,121.89577290475209
2008-04-21,121.77891034147892
2008-04-22,121.82278582680904
2008-04-23,121.82278582680904
2008-04-24,121.48658964665596
2008-04-25,121.50117099866198
2008-04-28,121.63278285139543
2008-04-29,121.60343760667223
2008-04-30,121.83744019509952
2008-05-01,121.62062564003338
2008-05-02,121.45955901815002
2008-05-05,121.5914483327644
2008-05-06,121.66458874490482
2008-05-07,121.81105941152526
2008-05-08,121.91351586187508
2008-05-09,121.95751547488878
2008-05-12,121.72310399526856
2008-05-13,121.51808157014219
2008-05-14,121.43036710762418
2008-05-15,121.5326775254051
2008-05-16,121.56199356361452
2008-05-19,121.69387557660048
2008-05-20,121.8695673602605
2008-05-21,121.73775836355902
2008-05-22,121.40096344987342
2008-05-23,121.6352727066954
2008-05-27,121.50348561487925
2008-05-28,121.28383072634774
2008-05-29,121.23984571659095
2008-05-30,121.41566162793458
2008-06-02,121.6549140872143
2008-06-03,121.83116809626466
2008-06-04,121.7870954669665
2008-06-05,121.62556884249109
2008-06-06,121.7870954669665
2008-06-09,121.17037072193027
2008-06-10,120.89133168925
2008-06-11,121.09690173650978
2008-06-12,120.50968287202252
2008-06-13,120.64184234688942
2008-06-16,120.71524561765388
2008-06-17,120.95014630637999
2008-06-18,121.06767331784172
2008-06-19,120.83266310468892
2008-06-20,121.0528729169823
2008-06-23,120.92076455351454
2008-06-24,121.14109119186307
2008-06-25,121.22922914883092
2008-06-26,121.58153272133518
2008-06-27,121.64028162380916
2008-06-30,121.7137141010874
2008-07-01,121.68276979973459
2008-07-02,121.69748258105264
2008-07-03,121.9036075520743
2008-07-07,121.9771422521508
2008-07-08,121.99196455789551
2008-07-09,122.19801651263273
2008-07-10,122.05079377828241
2008-07-11,121.80061808284792
2008-07-14,122.08029235720296
2008-07-15,122.25703557535918
2008-07-16,122.13920189550274
2008-07-17,121.96259010665852
2008-07-18,121.7416209250068
2008-07-21,121.80061808284792
2008-07-22,121.69748258105264
2008-07-23,121.63861685252353
2008-07-24,121.9771422521508
2008-07-25,121.81518483159705
2008-07-28,122.06563798891248
2008-07-29,121.96259010665852
2008-07-30,121.99196455789551
2008-07-31,122.24236660381183
2008-08-01,122.2659216571776
2008-08-04,122.25099712863461
2008-08-05,122.19213870173395
2008-08-06,122.20676386351066
2008-08-07,122.47266726661714
2008-08-08,122.36921779479869
2008-08-11,122.20676386351066
2008-08-12,122.42841209660784
2008-08-13,122.41354598109244
2008-08-14,122.45799829506976
2008-08-15,122.54645752368923
2008-08-18,122.6498777889939
2008-08-19,122.73857797135206
2008-08-20,122.90100999775476
2008-08-21,122.79750211290875
2008-08-22,122.57607292866493
2008-08-25,122.78275282344846
2008-08-26,122.73857797135206
2008-08-27,122.81233902191036
2008-08-28,122.75322503801411
2008-08-29,122.81233902191036
2008-09-02,122.96796593060166
2008-09-03,123.01230141852386
2008-09-04,123.08636913747688
2008-09-05,123.04197523652714
2008-09-08,122.98275902983262
2008-09-09,123.17527376543154
2008-09-10,123.20485996389345
2008-09-11,123.1604368564299
2008-09-12,123.17527376543154
2008-09-15,124.04905964152655
2008-09-16,123.82695870746574
2008-09-17,124.41944204606233
2008-09-18,124.0195318560922
2008-09-19,123.32340920333758
2008-09-22,123.41224081500776
2008-09-23,123.50102861690728
2008-09-24,123.76765488122989
2008-09-25,123.54555394716907
2008-09-26,123.54555394716907
2008-09-29,124.25649890566844
2008-09-30,123.76765488122989
2008-10-01,124.15414467811684
2008-10-02,124.4216617411098
2008-10-03,124.76346557190918
2008-10-06,125.01608731287294
2008-10-07,125.04579033739
2008-10-08,124.51088764071608
2008-10-09,124.58518901177935
2008-10-10,124.7784777199935
2008-10-13,124.22846065243701
2008-10-14,124.25813447044027
2008-10-15,124.67434189510116
2008-10-16,124.59993830123963
2008-10-17,124.68910578781833
2008-10-20,124.59993830123963
2008-10-21,124.85266226500164
2008-10-22,125.03098263490216
2008-10-23,124.95665205732509
2008-10-24,125.06067105616229
2008-10-27,124.74861405965065
2008-10-28,124.89717299200653
2008-10-29,124.97156198261116
2008-10-30,125.0755809814484
2008-10-31,125.13497242722558
2008-11-03,125.3692670807907
2008-11-04,125.32447889190487
2008-11-05,125.54828840702197
2008-11-06,125.59301818288024
2008-11-07,125.3692670807907
2008-11-10,125.75721720336679
2008-11-11,125.84660373879883
2008-11-12,126.04063721311445
2008-11-13,125.72730973325325
2008-11-14,125.69751908919487
2008-11-17,125.92122638151373
2008-11-18,126.05548872537298
2008-11-19,126.23455386137495
2008-11-20,126.47328790503502
2008-11-21,126.26432990217644
2008-11-24,125.9510608353428
2008-11-25,126.05548872537298
2008-11-26,126.44351186423353
2008-11-28,126.5180030776364
2008-12-01,126.72617250462284
2008-12-02,126.71108734025407
2008-12-03,126.81590951822031
2008-12-04,126.84570016227869
2008-12-05,126.69616281171108
2008-12-08,126.51660116497483
2008-12-09,126.905748754616
2008-12-10,126.7411408429365
2008-12-11,127.04052221246644
2008-12-12,127.10035175595038
2008-12-15,127.19022019885986
2008-12-16,127.2500351390869
2008-12-17,126.98059044618427
2008-12-18,127.04052221246644
2008-12-19,126.92058566361763
2008-12-22,126.68116526688364
2008-12-23,126.71108734025407
2008-12-24,126.7411408429365
2008-12-26,126.89073660653168
2008-12-29,127.17024294343247
2008-12-30,127.29051536718976
2008-12-31,127.23049598136625
2009-01-02,126.55418994821319
2009-01-05,126.80961551450012
2009-01-06,126.86967871009432
2009-01-07,126.7795328053039
2009-01-08,126.80961551450012
2009-01-09,126.89977602254743
2009-01-12,126.92978571545919
2009-01-13,126.94491468959865
2009-01-14,127.0952260127815
2009-01-15,126.95998525071055
2009-01-16,127.02012146258919
2009-01-20,127.08011164189894
2009-01-21,126.8847638744631
2009-01-22,126.94491468959865
2009-01-23,126.91486118691621
2009-01-26,126.7495961286766
2009-01-27,126.8847638744631
2009-01-28,126.83972743021013
2009-01-29,126.59925559897995
2009-01-30,126.67444776871362
2009-02-02,126.791887160634
2009-02-03,126.65633973016833
2009-02-04,126.44552711368453
2009-02-05,126.47559521962386
2009-02-06,126.4003884466333
2009-02-09,126.35530819260966
2009-02-10,126.64119615277197
2009-02-11,126.61114265008952
2009-02-12,126.76170222863954
2009-02-13,126.52085071273021
2009-02-17,126.8519503562282
2009-02-18,126.64119615277197
2009-02-19,126.59604288246386
2009-02-20,126.70150760373333
2009-02-23,126.68646624913522
2009-02-24,126.59604288246386
2009-02-25,126.35530819260966
2009-02-26,126.41553202402966
2009-02-27,126.49087022633223
2009-03-02,126.77567754548458
2009-03-03,126.67009599816
2009-03-04,126.53449015466674
2009-03-05,126.68528338532701
2009-03-06,126.59469938282986
2009-03-09,126.4741348939347
2009-03-10,126.39870907209081
2009-03-11,126.45907893607972
2009-03-12,126.50442204872743
2009-03-13,126.60993057976755
2009-03-16,126.44394996194026
2009-03-17,126.41392566577161
2009-03-18,126.89632965392106
2009-03-19,126.74543420046255
2009-03-20,126.89632965392106
2009-03-23,126.7907042968258
2009-03-24,126.62485510831054
2009-03-25,126.59469938282986
2009-03-26,126.7605777778589
2009-03-27,126.82090383207716
2009-03-30,126.94159975028431
2009-03-31,127.122446483627
2009-04-01,127.09373648057858
2009-04-02,126.8822375110209
2009-04-03,126.5953127196193
2009-04-06,126.68602815142846
2009-04-07,126.73126904127794
2009-04-08,126.73126904127794
2009-04-09,126.58018374547983
2009-04-13,126.82189685354577
2009-04-14,126.9275806236686
2009-04-15,126.98808191696953
2009-04-16,126.80679708592008
2009-04-17,126.67082616100456
2009-04-20,126.79169731829441
2009-04-21,126.80679708592008
2009-04-22,126.80679708592008
2009-04-23,126.71619848016604
2009-04-24,126.71619848016604
2009-04-27,126.86723996619347
2009-04-28,126.74632499913294
2009-04-29,126.80679708592008
2009-04-30,126.91239323650156
2009-05-01,126.81723841459743
2009-05-04,126.78695125980472
2009-05-05,126.75664950175513
2009-05-06,126.83229437245242
2009-05-07,126.65067366649447
2009-05-08,126.74147671784499
2009-05-11,126.95336997533875
2009-05-12,126.93828481096996
2009-05-13,126.99872769124335
2009-05-14,127.04411461366172
2009-05-15,127.02897103626536
2009-05-18,126.90793924314971
2009-05-19,126.98351109756254
2009-05-20,127.15007584566548
2009-05-21,126.98351109756254
2009-05-22,127.01398809469482
2009-05-26,126.84740874333498
2009-05-27,126.81723841459743
2009-05-28,126.8020218209166
2009-05-29,126.98351109756254
2009-06-01,126.87908320753236
2009-06-02,126.83359406231575
2009-06-03,127.06086454931611
2009-06-04,126.93967212037465
2009-06-05,126.1061912332998
2009-06-08,125.77262363938718
2009-06-09,126.06054145225738
2009-06-10,126.04552930417306
2009-06-11,126.06054145225738
2009-06-12,126.197038094421
2009-06-15,126.28797257508356
2009-06-16,126.42435239119206
2009-06-17,126.56090744638323
2009-06-18,126.34861990095341
2009-06-19,126.42435239119206
2009-06-22,126.59106317186391
2009-06-23,126.59106317186391
2009-06-24,126.57589038795378
2009-06-25,126.81843588166251
2009-06-26,126.87908320753236
2009-06-29,126.87908320753236
2009-06-30,126.863939630136
2009-07-01,126.98831556907979
2009-07-02,127.12492903729856
2009-07-06,127.17040357925826
2009-07-07,127.15533301814637
2009-07-08,127.35244777966605
2009-07-09,127.29182966030999
2009-07-10,127.41325574136171
2009-07-13,127.33742102832484
2009-07-14,127.24639892812095
2009-07-15,126.94279721734941
2009-07-16,127.14011642446556
2009-07-17,127.0945396597076
2009-07-20,127.07930846276992
2009-07-21,127.2310947148988
2009-07-22,127.17040357925826
2009-07-23,126.94279721734941
2009-07-24,127.01867574015695
2009-07-27,126.92769744972372
2009-07-28,126.85178972040238
2009-07-29,126.77595500736551
2009-07-30,126.79109858476187
2009-07-31,127.00354676601748
2009-08-03,126.82417496162081
2009-08-04,126.71777563191031
2009-08-05,126.67230108995058
2009-08-06,126.67230108995058
2009-08-07,126.45954624030024
2009-08-10,126.65702608324222
2009-08-11,126.79377098077298
2009-08-12,126.83943536507229
2009-08-13,127.0520879919244
2009-08-14,127.143285331211
2009-08-17,127.28003022874177
2009-08-18,127.24977228046286
2009-08-19,127.31044881284647
2009-08-20,127.28003022874177
2009-08-21,127.08244816300156
2009-08-24,127.2344826704976
2009-08-25,127.2344826704976
2009-08-26,127.31044881284647
2009-08-27,127.29531983870703
2009-08-28,127.43199171995334
2009-08-31,127.52315985272615
2009-09-01,127.62663853105838
2009-09-02,127.76364628721319
2009-09-03,127.64191353776677
2009-09-04,127.58107636955731
2009-09-08,127.59623455021057
2009-09-09,127.61140733412068
2009-09-10,127.6875049057816
2009-09-11,127.64191353776677
2009-09-14,127.56578675959204
2009-09-15,127.62663853105838
2009-09-16,127.45927060382643
2009-09-17,127.64191353776677
2009-09-18,127.52015158180654
2009-09-21,127.56578675959204
2009-09-22,127.53532436571666
2009-09-23,127.73314008356714
2009-09-24,127.76364628721319
2009-09-25,127.71802571268458
2009-09-28,127.70266308643485
2009-09-29,127.6875049057816
2009-09-30,127.82448345542265
2009-10-01,127.95242258904793
2009-10-02,127.99810157660411
2009-10-05,127.99810157660411
2009-10-06,127.9220040049432
2009-10-07,128.08954717125786
2009-10-08,127.96758076970116
2009-10-09,127.78477719993502
2009-10-12,127.93719139211022
2009-10-13,128.01339118656938
2009-10-14,127.84574579745647
2009-10-15,127.76956060625422
2009-10-16,127.84574579745647
2009-10-19,127.84574579745647
2009-10-20,127.90669979172105
2009-10-21,127.84574579745647
2009-10-22,127.8609185813666
2009-10-23,127.64779865029399
2009-10-26,127.5105718452858
2009-10-27,127.76956060625422
2009-10-28,127.95242258904793
2009-10-29,127.84574579745647
2009-10-30,127.99810157660411
2009-11-02,128.0133327735418
2009-11-03,127.9979993538059
2009-11-04,127.98287037966642
2009-11-05,128.10496821053516
2009-11-06,128.1965890442716
2009-11-09,128.1965890442716
2009-11-10,128.16614125365308
2009-11-11,128.3035579010009
2009-11-12,128.28818067149425
2009-11-13,128.31883290770924
2009-11-16,128.39513492496664
2009-11-17,128.42555350907136
2009-11-18,128.42555350907136
2009-11-19,128.47153916502228
2009-11-20,128.50201616215458
2009-11-23,128.48675575870308
2009-11-24,128.59362239263413
2009-11-25,128.6547370227245
2009-11-27,128.74625563366268
2009-11-30,128.76158905339864
2009-12-01,128.79384764787167
2009-12-02,128.68613402504096
2009-12-03,128.60929168727856
2009-12-04,128.28645748718108
2009-12-07,128.5632184117863
2009-12-08,128.68613402504096
2009-12-09,128.59401668057018
2009-12-10,128.54784118227968
2009-12-11,128.40946071997706
2009-12-14,128.2711824804727
2009-12-15,128.24035500517505
2009-12-16,128.3326037789578
2009-12-17,128.57853722826533
2009-12-18,128.4862446447119
2009-12-21,128.28645748718108
2009-12-22,128.13274360514254
2009-12-23,128.13274360514254
2009-12-24,127.97897131007643
2009-12-28,127.79454677879534
2009-12-29,127.87915804922392
2009-12-30,127.83295334441964
2009-12-31,127.67909342981218
2010-01-04,127.84843279672448
2010-01-05,128.00232191784573
2010-01-06,128.01755311478342
2010-01-07,127.98682786228399
2010-01-08,128.1099917309058
2010-01-11,128.17150064893224
2010-01-12,128.2793018913043
2010-01-13,128.17150064893224
2010-01-14,128.2947375338385
2010-01-15,128.40250956969678
2010-01-19,128.43317640916865
2010-01-20,128.43317640916865
2010-01-21,128.54091923851317
2010-01-22,128.64869127437146
2010-01-25,128.54091923851317
2010-01-26,128.556267261506
2010-01-27,128.51013557298617
2010-01-28,128.57173211055394
2010-01-29,128.6948521694051
2010-02-01,128.63937439647478
2010-02-02,128.65481003900896
2010-02-03,128.56226920008837
2010-02-04,128.74713182907618
2010-02-05,128.94745930711198
2010-02-08,128.85506450076028
2010-02-09,128.7318568223678
2010-02-10,128.59321350144114
2010-02-11,128.63937439647478
2010-02-12,128.74713182907618
2010-02-16,128.7626404878948
2010-02-17,128.65481003900896
2010-02-18,128.57777785890698
2010-02-19,128.53161696387338
2010-02-22,128.57777785890698
2010-02-23,128.68557910127907
2010-02-24,128.74713182907618
2010-02-25,128.85506450076028
2010-02-26,128.90129841207835
2010-03-01,128.8781668531624
2010-03-02,128.8781668531624
2010-03-03,128.86271660737137
2010-03-04,128.81642428302573
2010-03-05,128.7085646276261
2010-03-08,128.6469534868014
2010-03-09,128.73937749966686
2010-03-10,128.7085646276261
2010-03-11,128.55432502833946
2010-03-12,128.5697752741305
2010-03-15,128.6159799789348
2010-03-16,128.6469534868014
2010-03-17,128.67763492953014
2010-03-18,128.6005881461713
2010-03-19,128.50813492679205
2010-03-22,128.55432502833946
2010-03-23,128.50813492679205
2010-03-24,128.30763220967356
2010-03-25,128.3538953275054
2010-03-26,128.4309129043505
2010-03-29,128.4926554744872
2010-03-30,128.46178418941884
2010-03-31,128.55432502833946
2010-04-01,128.50809111702137
2010-04-05,128.1531297517629
2010-04-06,128.24552455811457
2010-04-07,128.44634854688465
2010-04-08,128.41546265855942
2010-04-09,128.44634854688465
2010-04-12,128.50809111702137
2010-04-13,128.47717602218233
2010-04-14,128.47717602218233
2010-04-15,128.56967305133227
2010-04-16,128.77046783358858
2010-04-19,128.64702650308587
2010-04-20,128.6623599228218
2010-04-21,128.67779556535598
2010-04-22,128.58519631340778
2010-04-23,128.53887478254836
2010-04-26,128.53887478254836
2010-04-27,128.7858596663521
2010-04-28,128.75500298454062
2010-04-29,128.7858596663521
2010-04-30,128.94020148843697
2010-05-03,128.81353283816125
2010-05-04,128.89068184431832
2010-05-05,129.06064915127698
2010-05-06,129.3387097657455
2010-05-07,129.29243204465678
2010-05-10,129.12249394421193
2010-05-11,129.19971596665349
2010-05-12,129.1688884913558
2010-05-13,129.24606670402667
2010-05-14,129.4160048044715
2010-05-17,129.36977089315346
2010-05-18,129.50864786619036
2010-05-19,129.44699291559502
2010-05-20,129.60140775396434
2010-05-21,129.50864786619036
2010-05-24,129.49327063668375
2010-05-25,129.4777619778651
2010-05-26,129.36977089315346
2010-05-27,129.27705481515014
2010-05-28,129.5241419217521
2010-06-01,129.5256460572119
2010-06-02,129.43304680526376
2010-06-03,129.40201488436958
2010-06-04,129.69568638045502
2010-06-07,129.64945246913692
2010-06-08,129.63400222334587
2010-06-09,129.64945246913692
2010-06-10,129.47932452635249
2010-06-11,129.61843515149965
2010-06-14,129.64945246913692
2010-06-15,129.58753465991754
2010-06-16,129.61843515149965
2010-06-17,129.69568638045502
2010-06-18,129.71128265881498
2010-06-21,129.72668909483536
2010-06-22,129.78856309428411
2010-06-23,129.8812791722874
2010-06-24,129.9123987127229
2010-06-25,129.95863262404097
2010-06-28,130.03602988556523
2010-06-29,130.09788928175706
2010-06-30,130.0668573608629
2010-07-01,130.0252380787225
2010-07-02,130.0252380787225
2010-07-06,130.0252380787225
2010-07-07,130.00961259384874
2010-07-08,130.0252380787225
2010-07-09,129.97871210226663
2010-07-12,129.9940893317732
2010-07-13,129.90128563422857
2010-07-14,130.04052768868777
2010-07-15,130.07150119655435
2010-07-16,130.19530760847937
2010-07-19,130.14897147436307
2010-07-20,130.19530760847937
2010-07-21,130.2572108144419
2010-07-22,130.21088928358247
2010-07-23,130.14897147436307
2010-07-26,130.10250391093473
2010-07-27,130.0252380787225
2010-07-28,130.14897147436307
2010-07-29,130.2572108144419
2010-07-30,130.31905560737684
2010-08-02,130.2896592512545
2010-08-03,130.38265279113875
2010-08-04,130.2741213859221
2010-08-05,130.42903273502574
2010-08-06,130.46015227546124
2010-08-09,130.38265279113875
2010-08-10,130.44464361664262
2010-08-11,130.4756171245092
2010-08-12,130.44464361664262
2010-08-13,130.42903273502574
2010-08-16,130.55295597300588
2010-08-17,130.52204087816685
2010-08-18,130.55295597300588
2010-08-19,130.58392948087248
2010-08-20,130.53749112395792
2010-08-23,130.55295597300588
2010-08-24,130.6459349096332
2010-08-25,130.52204087816685
2010-08-26,130.52204087816685
2010-08-27,130.42903273502574
2010-08-30,130.58392948087248
2010-08-31,130.6305430768697
2010-09-01,130.55291216323522
2010-09-02,130.5219678618824
2010-09-03,130.46000624289232
2010-09-07,130.59940893317733
2010-09-08,130.50641539329308
2010-09-09,130.36695428998053
2010-09-10,130.35150404418945
2010-09-13,130.46000624289232
2010-09-14,130.55291216323522
2010-09-15,130.58390027435868
2010-09-16,130.61487378222526
2010-09-17,130.6459349096332
2010-09-20,130.66148737822252
2010-09-21,130.75448091810676
2010-09-22,130.73910368860015
2010-09-23,130.75448091810676
2010-09-24,130.73910368860015
2010-09-27,130.77009179972364
2010-09-28,130.80102149781956
2010-09-29,130.77009179972364
2010-09-30,130.78542521945957
2010-10-01,130.80861519140305
2010-10-04,130.82422607301993
2010-10-05,130.88627531155134
2010-10-06,130.90185698665445
2010-10-07,131.01047601141244
2010-10-08,131.01047601141244
2010-10-11,131.0259408604604
2010-10-12,130.93280128800725
2010-10-13,130.94841216962413
2010-10-14,130.88627531155134
2010-10-15,130.93280128800725
2010-10-18,130.9638770186721
2010-10-19,131.0259408604604
2010-10-20,131.04139110625147
2010-10-21,131.05697278135455
2010-10-22,131.0259408604604
2010-10-25,131.05697278135455
2010-10-26,130.93280128800725
2010-10-27,130.8708396690172
2010-10-28,131.04139110625147
2010-10-29,131.07237921737496
2010-11-01,131.12991604952694
2010-11-02,131.052212119608
2010-11-03,131.09885492211902
2010-11-04,131.12991604952694
2010-11-05,131.02125321499827
2010-11-08,130.95905794389793
2010-11-09,130.78828745781027
2010-11-10,130.8659183714448
2010-11-11,130.66410136120606
2010-11-12,130.66410136120606
2010-11-15,130.58652886059915
2010-11-16,130.64856349587365
2010-11-17,130.72620901276508
2010-11-18,130.7417030683268
2010-11-19,130.66410136120606
2010-11-22,130.78828745781027
2010-11-23,130.8659183714448
2010-11-24,130.6331570598533
2010-11-26,130.72620901276508
2010-11-29,130.71071495720332
2010-11-30,130.80386913291338
2010-12-01,130.60803945800012
2010-12-02,130.60803945800012
2010-12-03,130.77899978642736
2010-12-06,130.85671831960323
2010-12-07,130.62354811681877
2010-12-08,130.42157047075423
2010-12-09,130.40612022496316
2010-12-10,130.3595066289659
2010-12-13,130.4371813523711
2010-12-14,130.375088304069
2010-12-15,130.3284308983011
2010-12-16,130.3595066289659
2010-12-17,130.4683008928066
2010-12-20,130.4994204332421
2010-12-21,130.4683008928066
2010-12-22,130.4371813523711
2010-12-23,130.2662940402283
2010-12-27,130.3439833668904
2010-12-28,130.16978111543327
2010-12-29,130.4808596937332
2010-12-30,130.43411466842392
2010-12-31,130.58966856083077
2011-01-03,130.55863663993662
2011-01-04,130.52740027344598
2011-01-05,130.2942446739184
2011-01-06,130.43411466842392
2011-01-07,130.6207588947525
2011-01-10,130.68288114956837
2011-01-11,130.6052064261632
2011-01-12,130.6052064261632
2011-01-13,130.65186383193114
2011-01-14,130.65186383193114
2011-01-18,130.6207588947525
2011-01-19,130.68288114956837
2011-01-20,130.54301115506286
2011-01-21,130.57413069549838
2011-01-24,130.55863663993662
2011-01-25,130.65186383193114
2011-01-26,130.6207588947525
2011-01-27,130.713986086747
2011-01-28,130.77629818390247
2011-01-31,130.76074571531316
2011-02-01,130.61748776520884
2011-02-02,130.53966700923473
2011-02-03,130.41526186377718
2011-02-04,130.30635077388135
2011-02-07,130.24408248649655
2011-02-08,130.07294691898662
2011-02-09,130.16624712726556
2011-02-10,130.10394963336697
2011-02-11,130.10394963336697
2011-02-14,130.10394963336697
2011-02-15,130.16624712726556
2011-02-16,130.1505778326211
2011-02-17,130.30635077388135
2011-02-18,130.35299357639238
2011-02-22,130.49300960346682
2011-02-23,130.4619192695451
2011-02-24,130.524172953673
2011-02-25,130.55533630387916
2011-02-28,130.60194989987642
2011-03-01,130.6815084434206
2011-03-02,130.61912332998068
2011-03-03,130.35433707602638
2011-03-04,130.65028668018687
2011-03-07,130.5568258360821
2011-03-08,130.51018303357108
2011-03-09,130.60360006790515
2011-03-10,130.74368911126405
2011-03-11,130.75929999288093
2011-03-14,130.837120748855
2011-03-15,130.774881667984
2011-03-16,131.00838774567697
2011-03-17,130.9462654908611
2011-03-18,130.88377815462295
2011-03-21,130.74368911126405
2011-03-22,130.7124527447734
2011-03-23,130.72815124593163
2011-03-24,130.6346319887993
2011-03-25,130.5412733674928
2011-03-28,130.47903428662178
2011-03-29,130.4322746580556
2011-03-30,130.51018303357108
2011-03-31,130.4322746580556
2011-04-01,130.536673341572
2011-04-04,130.5678074852644
2011-04-05,130.42752859956593
2011-04-06,130.42752859956593
2011-04-07,130.52100404692757
2011-04-08,130.47430283138897
2011-04-11,130.4586919497721
2011-04-12,130.67699603704116
2011-04-13,130.73926432442596
2011-04-14,130.61461092360122
2011-04-15,130.86399074153513
2011-04-18,130.89506647219997
2011-04-19,130.92624442566304
2011-04-20,130.9107211635875
2011-04-21,130.87960162315198
2011-04-25,130.89506647219997
2011-04-26,131.01973447628157
2011-04-27,131.06665474067353
2011-04-28,131.06665474067353
2011-04-29,131.12892302805835
2011-05-02,131.10704734923507
2011-05-03,131.15396761362703
2011-05-04,131.21620669449806
2011-05-05,131.24748687075936
2011-05-06,131.26303933934867
2011-05-09,131.32549746907304
2011-05-10,131.20065422590875
2011-05-11,131.32549746907304
2011-05-12,131.26303933934867
2011-05-13,131.32549746907304
2011-05-16,131.38788258251296
2011-05-17,131.40337663807472
2011-05-18,131.34099152463477
2011-05-19,131.35657319973788
2011-05-20,131.40337663807472
2011-05-23,131.4191189490036
2011-05-24,131.4191189490036
2011-05-25,131.4814164429022
2011-05-26,131.55945624772966
2011-05-27,131.60623047955272
2011-05-31,131.60623047955272
2011-06-01,131.69368938507512
2011-06-02,131.6155765639632
2011-06-03,131.66243841532759
2011-06-06,131.67803469368755
2011-06-07,131.7717145866457
2011-06-08,131.78734007151945
2011-06-09,131.64679832719693
2011-06-10,131.75611830828572
2011-06-13,131.709300266692
2011-06-14,131.5999948888601
2011-06-15,131.78734007151945
2011-06-16,131.80292174662253
2011-06-17,131.8341727163701
2011-06-20,131.8341727163701
2011-06-21,131.8496959784456
2011-06-22,131.81862024778076
2011-06-23,131.89661624283755
2011-06-24,131.97458303138058
2011-06-27,131.8496959784456
2011-06-28,131.6155765639632
2011-06-29,131.6155765639632
2011-06-30,131.5999948888601
2011-07-01,131.55456415667103
2011-07-05,131.7109504347207
2011-07-06,131.7577976828282
2011-07-07,131.6327938038381
2011-07-08,131.82034343209395
2011-07-11,131.91406713482274
2011-07-12,131.89838323692143
2011-07-13,131.92964880992582
2011-07-14,131.88272854553387
2011-07-15,131.91406713482274
2011-07-18,131.91406713482274
2011-07-19,131.91406713482274
2011-07-20,131.86711766391699
2011-07-21,131.80463032767884
2011-07-22,131.82034343209395
2011-07-25,131.7577976828282
2011-07-26,131.8358228843988
2011-07-27,131.7577976828282
2011-07-28,131.8358228843988
2011-07-29,131.97648145477646
2011-08-01,131.9310653258443
2011-08-02,132.10317931156595
2011-08-03,132.0874954136646
2011-08-04,132.2125723089392
2011-08-05,132.18118990987966
2011-08-08,132.22816858729917
2011-08-09,132.36881255441995
2011-08-10,132.46268228971766
2011-08-11,132.431314493915
2011-08-12,132.44710061461458
2011-08-15,132.40012193719502
2011-08-16,132.40012193719502
2011-08-17,132.431314493915
2011-08-18,132.41583504161017
2011-08-19,132.41583504161017
2011-08-22,132.40012193719502
2011-08-23,132.3376199977
2011-08-24,132.3376199977
2011-08-25,132.41583504161017
2011-08-26,132.431314493915
2011-08-29,132.40012193719502
2011-08-30,132.431314493915
2011-08-31,132.431314493915
2011-09-01,132.46899089669472
2011-09-02,132.40640133765834
2011-09-06,132.42212904533034
2011-09-07,132.39076124952766
2011-09-08,132.43763770414895
2011-09-09,132.48455796854094
2011-09-12,132.39076124952766
2011-09-13,132.40640133765834
2011-09-14,132.40640133765834
2011-09-15,132.42212904533034
2011-09-16,132.45329239553652
2011-09-19,132.5159111610867
2011-09-20,132.45329239553652
2011-09-21,132.3125608088744
2011-09-22,132.32817169049127
2011-09-23,132.34381177862193
2011-09-26,132.2968038946886
2011-09-27,132.24992744006732
2011-09-28,132.20297796916157
2011-09-29,132.23424354216598
2011-09-30,132.2968038946886
2011-10-03,132.326594538747
2011-10-04,132.2484379078644
2011-10-05,132.2484379078644
2011-10-06,132.21708471531863
2011-10-07,132.17007683138533
2011-10-10,132.06055240470005
2011-10-11,132.12311275722269
2011-10-12,132.12311275722269
2011-10-13,132.15442213999776
2011-10-14,132.21708471531863
2011-10-17,132.2327540099631
2011-10-18,132.2327540099631
2011-10-19,132.2796304645844
2011-10-20,132.2952851559719
2011-10-21,132.2484379078644
2011-10-24,132.2484379078644
2011-10-25,132.326594538747
2011-10-26,132.2484379078644
2011-10-27,132.15442213999776
2011-10-28,132.21708471531863
2011-10-31,132.34229303990523
2011-11-01,132.35476422129045
2011-11-02,132.38605900080867
2011-11-03,132.40177210522376
2011-11-04,132.40177210522376
2011-11-07,132.3704481191918
2011-11-08,132.35476422129045
2011-11-09,132.38605900080867
2011-11-10,132.40177210522376
2011-11-11,132.33922635595803
2011-11-14,132.40177210522376
2011-11-15,132.38605900080867
2011-11-16,132.35476422129045
2011-11-17,132.3704481191918
2011-11-18,132.3235716645705
2011-11-21,132.33922635595803
2011-11-22,132.35476422129045
2011-11-23,132.3704481191918
2011-11-25,132.3704481191918
2011-11-28,132.38605900080867
2011-11-29,132.40177210522376
2011-11-30,132.40177210522376
2011-12-01,132.40974548348646
2011-12-02,132.3783192746562
2011-12-05,132.39404698232823
2011-12-06,132.39404698232823
2011-12-07,132.44092343694953
2011-12-08,132.45654892182327
2011-12-09,132.45654892182327
2011-12-12,132.45654892182327
2011-12-13,132.45654892182327
2011-12-14,132.4252395390482
2011-12-15,132.40974548348646
2011-12-16,132.4723058360091
2011-12-19,132.45654892182327
2011-12-20,132.4252395390482
2011-12-21,132.3783192746562
2011-12-22,132.3626353767549
2011-12-23,132.39404698232823
2011-12-27,132.34541813688
2011-12-28,132.3766691066275
2011-12-29,132.3924406240702
2011-12-30,132.47083090706303
2012-01-03,132.3924406240702
2012-01-04,132.40808071220084
2012-01-05,132.42377921335907
2012-01-06,132.40808071220084
2012-01-09,132.43949231777415
2012-01-10,132.4551616124186
2012-01-11,132.50209648006748
2012-01-12,132.48650020170749
2012-01-13,132.5177803779688
2012-01-17,132.5335372921546
2012-01-18,132.5177803779688
2012-01-19,132.5177803779688
2012-01-20,132.48650020170749
2012-01-23,132.50209648006748
2012-01-24,132.50209648006748
2012-01-25,132.58045755654655
2012-01-26,132.59624367724612
2012-01-27,132.627582266535
2012-01-30,132.58045755654655
2012-01-31,132.58045755654655
2012-02-01,132.53504142761437
2012-02-02,132.55068151574505
2012-02-03,132.55068151574505
2012-02-06,132.5193283231993
2012-02-07,132.4879897339104
2012-02-08,132.4879897339104
2012-02-09,132.42518112602065
2012-02-10,132.45653431856638
2012-02-13,132.37824625837177
2012-02-14,132.40965786394509
2012-02-15,132.42518112602065
2012-02-16,132.37824625837177
2012-02-17,132.34687846256912
2012-02-21,132.31552527002336
2012-02-22,132.37824625837177
2012-02-23,132.36256236047043
2012-02-24,132.33119456466778
2012-02-27,132.36256236047043
2012-02-28,132.3939155530162
2012-02-29,132.3939155530162
2012-03-01,132.3704043094211
2012-03-02,132.40175750196687
2012-03-05,132.40175750196687
2012-03-06,132.40175750196687
2012-03-07,132.3704043094211
2012-03-08,132.32332340920334
2012-03-09,132.32332340920334
2012-03-12,132.33899270384777
2012-03-13,132.260456388286
2012-03-14,132.07229342324072
2012-03-15,132.15074211926114
2012-03-16,132.22919081528158
2012-03-19,132.13501441158914
2012-03-20,132.10369042555718
2012-03-21,132.18221213786205
2012-03-22,132.19788143250648
2012-03-23,132.21344850435267
2012-03-26,132.24480169689846
2012-03-27,132.2918972003731
2012-03-28,132.260456388286
2012-03-29,132.3076541145589
2012-03-30,132.2918972003731
2012-04-02,132.32330880594645
2012-04-03,132.22922002179536
2012-04-04,132.26048559479977
2012-04-05,132.30758109827445
2012-04-09,132.40175750196687
2012-04-10,132.46459531637043
2012-04-11,132.44888221195532
2012-04-12,132.46459531637043
2012-04-13,132.4802646110149
2012-04-16,132.4802646110149
2012-04-17,132.4802646110149
2012-04-18,132.5116616133313
2012-04-19,132.52725789169128
2012-04-20,132.52725789169128
2012-04-23,132.55869870377842
2012-04-24,132.5116616133313
2012-04-25,132.54307321890465
2012-04-26,132.55869870377842
2012-04-27,132.52725789169128
2012-04-30,132.55869870377842
2012-05-01,132.5555005905192
2012-05-02,132.57128671121876
2012-05-03,132.5555005905192
2012-05-04,132.60263990376453
2012-05-07,132.60263990376453
2012-05-08,132.61835300817967
2012-05-09,132.60263990376453
2012-05-10,132.586985212377
2012-05-11,132.60263990376453
2012-05-14,132.586985212377
2012-05-15,132.57128671121876
2012-05-16,132.5555005905192
2012-05-17,132.492750395657
2012-05-18,132.508478103329
2012-05-21,132.52424962077168
2012-05-22,132.4771833238108
2012-05-23,132.5399189154161
2012-05-24,132.492750395657
2012-05-25,132.5555005905192
2012-05-29,132.52424962077168
2012-05-30,132.586985212377
2012-05-31,132.63405150933787
2012-06-01,132.6466395167782
2012-06-04,132.63086799933555
2012-06-05,132.66233801793646
2012-06-06,132.61518410143424
2012-06-07,132.59955861656044
2012-06-08,132.59955861656044
2012-06-11,132.59955861656044
2012-06-12,132.53679381844137
2012-06-13,132.52102230099868
2012-06-14,132.53679381844137
2012-06-15,132.5837724958609
2012-06-18,132.5523316837738
2012-06-19,132.53679381844137
2012-06-20,132.48953767914088
2012-06-21,132.50527999006977
2012-06-22,132.52102230099868
2012-06-25,132.52102230099868
2012-06-26,132.48953767914088
2012-06-27,132.48953767914088
2012-06-28,132.50527999006977
2012-06-29,132.50527999006977
2012-07-02,132.54624212565008
2012-07-03,132.5147721070492
2012-07-05,132.56180919749627
2012-07-06,132.6090069237692
2012-07-09,132.6090069237692
2012-07-10,132.6090069237692
2012-07-11,132.6246908216705
2012-07-12,132.6561316337576
2012-07-13,132.68751403281718
2012-07-16,132.73475556886075
2012-07-17,132.7189548449043
2012-07-18,132.75038105373451
2012-07-19,132.78182186582163
2012-07-20,132.79750576372297
2012-07-23,132.81318966162428
2012-07-24,132.78182186582163
2012-07-25,132.79750576372297
2012-07-26,132.79750576372297
2012-07-27,132.70327094700295
2012-07-30,132.7660795548927
2012-07-31,132.79750576372297
2012-08-01,132.7754256393032
2012-08-02,132.79124096651657
2012-08-03,132.74402863698674
2012-08-06,132.75980015442946
2012-08-07,132.6969623400259
2012-08-08,132.64973540723918
2012-08-09,132.64973540723918
2012-08-10,132.68117621932632
2012-08-13,132.6969623400259
2012-08-14,132.66556533770944
2012-08-15,132.61832380166587
2012-08-16,132.6026837135352
2012-08-17,132.61832380166587
2012-08-20,132.61832380166587
2012-08-21,132.61832380166587
2012-08-22,132.6969623400259
2012-08-23,132.71266084118412
2012-08-24,132.71266084118412
2012-08-27,132.6969623400259
2012-08-28,132.71266084118412
2012-08-29,132.71266084118412
2012-08-30,132.72838854885612
2012-08-31,132.8069248644179
2012-09-04,132.79752036697985
2012-09-05,132.79752036697985
2012-09-06,132.73469715583317
2012-09-07,132.76606495163583
2012-09-10,132.73469715583317
2012-09-11,132.76606495163583
2012-09-12,132.75038105373451
2012-09-13,132.79752036697985
2012-09-14,132.73469715583317
2012-09-17,132.73469715583317
2012-09-18,132.75038105373451
2012-09-19,132.75038105373451
2012-09-20,132.71886722536294
2012-09-21,132.73469715583317
2012-09-24,132.75038105373451
2012-09-25,132.71886722536294
2012-09-26,132.75038105373451
2012-09-27,132.76606495163583
2012-09-28,132.82897578232385
2012-10-01,132.8320862760417
2012-10-02,132.80061625744082
2012-10-03,132.80061625744082
2012-10-04,132.80061625744082
2012-10-05,132.73777844303726
2012-10-08,132.7534331344248
2012-10-09,132.7534331344248
2012-10-10,132.73777844303726
2012-10-11,132.7219631158239
2012-10-12,132.76923385838126
2012-10-15,132.73777844303726
2012-10-16,132.73777844303726
2012-10-17,132.65909609490654
2012-10-18,132.67483840583546
2012-10-19,132.67483840583546
2012-10-22,132.6277282991039
2012-10-23,132.69059532002126
2012-10-24,132.67483840583546
2012-10-25,132.6277282991039
2012-10-26,132.65909609490654
2012-10-31,132.73777844303726
2012-11-01,132.70629382117946
2012-11-02,132.69059532002126
2012-11-05,132.69059532002126
2012-11-06,132.6435144198035
2012-11-07,132.7534331344248
2012-11-08,132.7534331344248
2012-11-09,132.7534331344248
2012-11-12,132.7534331344248
2012-11-13,132.76923385838126
2012-11-14,132.80061625744082
2012-11-15,132.80061625744082
2012-11-16,132.80061625744082
2012-11-19,132.7849177562826
2012-11-20,132.7534331344248
2012-11-21,132.73777844303726
2012-11-23,132.73777844303726
2012-11-26,132.7219631158239
2012-11-27,132.73777844303726
2012-11-28,132.7534331344248
2012-11-29,132.7534331344248
2012-11-30,132.76923385838126
2012-12-03,132.78483013674125
2012-12-04,132.78483013674125
2012-12-05,132.81646079116797
2012-12-06,132.81646079116797
2012-12-07,132.81646079116797
2012-12-10,132.81646079116797
2012-12-11,132.81646079116797
2012-12-12,132.8006454639546
2012-12-13,132.8006454639546
2012-12-14,132.83211548255548
2012-12-17,132.8006454639546
2012-12-18,132.72202152885146
2012-12-19,132.75344773768168
2012-12-20,132.73779304629414
2012-12-21,132.75344773768168
2012-12-24,132.75344773768168
2012-12-26,132.7549518731415
2012-12-27,132.8021934091851
2012-12-28,132.8021934091851
2012-12-31,132.8021934091851
2013-01-02,132.77084021663933
2013-01-03,132.77084021663933
2013-01-04,132.7864218917424
2013-01-07,132.7864218917424
2013-01-08,132.8021934091851
2013-01-09,132.84942034197175
2013-01-10,132.83360501475843
2013-01-11,132.8179211168571
2013-01-14,132.8179211168571
2013-01-15,132.83360501475843
2013-01-16,132.83360501475843
2013-01-17,132.8179211168571
2013-01-18,132.8179211168571
2013-01-22,132.84942034197175
2013-01-23,132.84942034197175
2013-01-24,132.84942034197175
2013-01-25,132.7864218917424
2013-01-28,132.7393848012953
2013-01-29,132.7549518731415
2013-01-30,132.8021934091851
2013-01-31,132.8179211168571
2013-02-01,132.80396040326895
2013-02-04,132.83518216650268
2013-02-05,132.83518216650268
2013-02-06,132.8666229785898
2013-02-07,132.8666229785898
2013-02-08,132.88249671883074
2013-02-11,132.83518216650268
2013-02-12,132.80396040326895
2013-02-13,132.78802825000048
2013-02-14,132.80396040326895
2013-02-15,132.81949826860136
2013-02-19,132.80396040326895
2013-02-20,132.80396040326895
2013-02-21,132.85095368394536
2013-02-22,132.85095368394536
2013-02-25,132.88249671883074
2013-02-26,132.91392292766093
2013-02-27,132.91392292766093
2013-02-28,132.8982536330165
2013-03-01,132.92661315789954
2013-03-04,132.91081243394308
2013-03-05,132.89511393278485
2013-03-06,132.8793132088284
2013-03-07,132.84775557068616
2013-03-08,132.86365851744085
2013-03-11,132.84775557068616
2013-03-12,132.8793132088284
2013-03-13,132.84775557068616
2013-03-14,132.84775557068616
2013-03-15,132.89511393278485
2013-03-18,132.92661315789954
2013-03-19,132.91081243394308
2013-03-20,132.89511393278485
2013-03-21,132.91081243394308
2013-03-22,132.8793132088284
2013-03-25,132.8793132088284
2013-03-26,132.89511393278485
2013-03-27,132.92661315789954
2013-03-28,132.94220943625953
2013-04-01,132.95491426975502
2013-04-02,132.95491426975502
2013-04-03,132.9392157685968
2013-04-04,132.98629666881456
2013-04-05,132.98629666881456
2013-04-08,132.95491426975502
2013-04-09,132.95491426975502
2013-04-10,132.95491426975502
2013-04-11,132.95491426975502
2013-04-12,132.97058356439945
2013-04-15,132.98629666881456
2013-04-16,132.98629666881456
2013-04-17,132.98629666881456
2013-04-18,132.98629666881456
2013-04-19,132.98629666881456
2013-04-22,133.00222882208303
2013-04-23,132.98629666881456
2013-04-24,133.00222882208303
2013-04-25,132.98629666881456
2013-04-26,133.0178689102137
2013-04-29,133.04926591253013
2013-04-30,133.0335820146288
2013-05-01,133.0603497845107
2013-05-02,133.0446074735818
2013-05-03,132.99732212776755
2013-05-06,132.99732212776755
2013-05-07,132.99732212776755
2013-05-08,133.0131374549809
2013-05-09,132.99732212776755
2013-05-10,132.98150680055417
2013-05-13,132.95013900475155
2013-05-14,132.95013900475155
2013-05-15,132.9659105221942
2013-05-16,132.99732212776755
2013-05-17,132.9659105221942
2013-05-20,132.98150680055417
2013-05-21,132.98150680055417
2013-05-22,132.9343382807951
2013-05-23,132.9659105221942
2013-05-24,132.9343382807951
2013-05-28,132.8399136217355
2013-05-29,132.8399136217355
2013-05-30,132.8714858631346
2013-05-31,132.85574355220572
2013-06-03,132.89815141021825
2013-06-04,132.89815141021825
2013-06-05,132.9139521341747
2013-06-06,132.89815141021825
2013-06-07,132.88240909928936
2013-06-10,132.83513835673202
2013-06-11,132.81946906208756
2013-06-12,132.80382897395694
2013-06-13,132.86659377207602
2013-06-14,132.96125208324588
2013-06-17,132.96125208324588
2013-06-18,132.96125208324588
2013-06-19,132.80382897395694
2013-06-20,132.787955233716
2013-06-21,132.6776860409293
2013-06-24,132.6147167972137
2013-06-25,132.59904750256925
2013-06-26,132.66192912674347
2013-06-27,132.7407429041862
2013-06-28,132.72498599000042
2013-07-01,132.78316536545563
2013-07-02,132.79900989918275
2013-07-03,132.78316536545563
2013-07-05,132.64144075732492
2013-07-08,132.73606986198098
2013-07-09,132.72023993151072
2013-07-10,132.72023993151072
2013-07-11,132.83049452104058
2013-07-12,132.7517683631392
2013-07-15,132.81475221011166
2013-07-16,132.83049452104058
2013-07-17,132.87773605708412
2013-07-18,132.8620521591828
2013-07-19,132.92502140289838
2013-07-22,132.92502140289838
2013-07-23,132.90932290174015
2013-07-24,132.84623683196946
2013-07-25,132.92502140289838
2013-07-26,132.9407637138273
2013-07-29,132.92502140289838
2013-07-30,132.9407637138273
2013-07-31,132.9407637138273
2013-08-01,132.89029485801072
2013-08-02,132.9847487235841
2013-08-05,132.96906482568275
2013-08-06,132.9534247375521
2013-08-07,132.9847487235841
2013-08-08,132.9847487235841
2013-08-09,132.9534247375521
2013-08-12,132.9534247375521
2013-08-13,132.89029485801072
2013-08-14,132.89029485801072
2013-08-15,132.84303871871023
2013-08-16,132.85895626872184
2013-08-19,132.82731101103823
2013-08-20,132.85895626872184
2013-08-21,132.7799964587102
2013-08-22,132.73274031940974
2013-08-23,132.73274031940974
2013-08-26,132.7799964587102
2013-08-27,132.84303871871023
2013-08-28,132.76435637057955
2013-08-29,132.79585559569423
2013-08-30,132.81161250988
2013-09-03,132.7610852410359
2013-09-04,132.63504453080648
2013-09-05,132.50903302709088
2013-09-06,132.63504453080648
2013-09-09,132.66652915266428
2013-09-10,132.61941904593272
2013-09-11,132.68225686033628
2013-09-12,132.68225686033628
2013-09-13,132.68225686033628
2013-09-16,132.776929774763
2013-09-17,132.82421512057726
2013-09-18,132.99745355707958
2013-09-19,132.95025583080667
2013-09-20,132.96596893522178
2013-09-23,132.99745355707958
2013-09-24,133.01315205823778
2013-09-25,133.06058343662096
2013-09-26,132.99745355707958
2013-09-27,133.0762673345223
2013-09-30,133.10779576615076
2013-10-01,133.07314223754753
2013-10-02,133.08889915173333
2013-10-03,133.08889915173333
2013-10-04,133.04152618637772
2013-10-07,133.04152618637772
2013-10-08,132.93121318382032
2013-10-09,132.97854233940524
2013-10-10,132.97854233940524
2013-10-11,132.97854233940524
2013-10-14,132.93121318382032
2013-10-15,132.97854233940524
2013-10-16,133.0258276852195
2013-10-17,133.07314223754753
2013-10-18,133.07314223754753
2013-10-21,133.07314223754753
2013-10-22,133.18344063684805
2013-10-23,133.13621370406133
2013-10-24,133.12045678987556
2013-10-25,133.15198522150402
2013-10-28,133.18344063684805
2013-10-29,133.18344063684805
2013-10-30,133.18344063684805
2013-10-31,133.19916834452005
2013-11-01,133.15040806975975
2013-11-04,133.18186348510378
2013-11-05,133.18186348510378
2013-11-06,133.21339191673223
2013-11-07,133.24490574510378
2013-11-08,133.15040806975975
2013-11-11,133.18186348510378
2013-11-12,133.15040806975975
2013-11-13,133.15040806975975
2013-11-14,133.22922184720247
2013-11-15,133.22922184720247
2013-11-18,133.29222029743184
2013-11-19,133.24490574510378
2013-11-20,133.2608086918585
2013-11-21,133.32366110951895
2013-11-22,133.29222029743184
2013-11-25,133.29222029743184
2013-11-26,133.30807943441587
2013-11-27,133.30807943441587
2013-11-29,133.32366110951895
2013-12-02,133.2433724031302
2013-12-03,133.2748862315018
2013-12-04,133.2433724031302
2013-12-05,133.259129317316
2013-12-06,133.21181476498796
2013-12-09,133.21181476498796
2013-12-10,133.259129317316
2013-12-11,133.21181476498796
2013-12-12,133.1645586256875
2013-12-13,133.1960286442884
2013-12-16,133.1960286442884
2013-12-17,133.22758628243062
2013-12-18,133.22758628243062
2013-12-19,133.14878710824482
2013-12-20,133.10138493637544
2013-12-23,133.08564262544652
2013-12-24,133.03826966009095
2013-12-26,133.0241045009063
2013-12-27,133.0872489837046
2013-12-30,133.11879201858994
2013-12-31,133.0872489837046
2014-01-02,133.15032045021843
2014-01-03,133.10299129463348
2014-01-06,133.11879201858994
2014-01-07,133.11879201858994
2014-01-08,132.99256146602096
2014-01-09,133.0241045009063
2014-01-10,133.15032045021843
2014-01-13,133.18195110464512
2014-01-14,133.15032045021843
2014-01-15,133.10299129463348
2014-01-16,133.13451972626197
2014-01-17,133.13451972626197
2014-01-21,133.11879201858994
2014-01-22,133.05566213904856
2014-01-23,133.18195110464512
2014-01-24,133.22923645045935
2014-01-27,133.2134503297598
2014-01-28,133.2134503297598
2014-01-29,133.3080210213883
2014-01-30,133.29233712348696
2014-01-31,133.3554085900008
2014-02-03,133.39165387360515
2014-02-04,133.40743999430472
2014-02-05,133.34431011476335
2014-02-06,133.36019845826115
2014-02-07,133.39165387360515
2014-02-10,133.36019845826115
2014-02-11,133.32855320057755
2014-02-12,133.26545252754997
2014-02-13,133.34431011476335
2014-02-14,133.34431011476335
2014-02-18,133.39165387360515
2014-02-19,133.34431011476335
2014-02-20,133.36019845826115
2014-02-21,133.3758823561625
2014-02-24,133.3758823561625
2014-02-25,133.36019845826115
2014-02-26,133.42324071826118
2014-02-27,133.40743999430472
2014-02-28,133.40743999430472
2014-03-03,133.48318708780025
2014-03-04,133.37272805267395
2014-03-05,133.42005720825887
2014-03-06,133.34121422430238
2014-03-07,133.24652670661874
2014-03-10,133.26229822406142
2014-03-11,133.26229822406142
2014-03-12,133.30961277638946
2014-03-13,133.3885287766304
2014-03-14,133.35695653523126
2014-03-17,133.30961277638946
2014-03-18,133.34121422430238
2014-03-19,133.1202523442791
2014-03-20,133.1359654486942
2014-03-21,133.15180998242133
2014-03-24,133.08857788008171
2014-03-25,133.10453923986395
2014-03-26,133.19912453474936
2014-03-27,133.18335301730667
2014-03-28,133.18335301730667
2014-03-31,133.26229822406142
2014-04-01,133.18495937556474
2014-04-02,133.13760101346602
2014-04-03,133.1691002385807
2014-04-04,133.27964689324835
2014-04-07,133.29544761720481
2014-04-08,133.31117532487684
2014-04-09,133.3743636174458
2014-04-10,133.45322120465917
2014-04-11,133.43744968721649
2014-04-14,133.42161975674625
2014-04-15,133.42161975674625
2014-04-16,133.3743636174458
2014-04-17,133.34273296301907
2014-04-21,133.34273296301907
2014-04-22,133.27964689324835
2014-04-23,133.34273296301907
2014-04-24,133.31117532487684
2014-04-25,133.32700525534707
2014-04-28,133.32700525534707
2014-04-29,133.31117532487684
2014-04-30,133.40595046210183
2014-05-01,133.40758602687364
2014-05-02,133.39166847686207
2014-05-05,133.40758602687364
2014-05-06,133.36018385500427
2014-05-07,133.40758602687364
2014-05-08,133.43901223570387
2014-05-09,133.48635599454568
2014-05-12,133.45485676943102
2014-05-13,133.5022151315297
2014-05-14,133.54952968385774
2014-05-15,133.56531580455732
2014-05-16,133.581218751312
2014-05-19,133.6126887699129
2014-05-20,133.62853330364004
2014-05-21,133.62853330364004
2014-05-22,133.596946458984
2014-05-23,133.56531580455732
2014-05-27,133.596946458984
2014-05-28,133.62853330364004
2014-05-29,133.6126887699129
2014-05-30,133.6443194243396
2014-06-02,133.55430494886122
2014-06-03,133.5227035009483
2014-06-04,133.5700910695608
2014-06-05,133.58590639677413
2014-06-06,133.55430494886122
2014-06-09,133.4596028279207
2014-06-10,133.42789915720954
2014-06-11,133.47537434536338
2014-06-12,133.5227035009483
2014-06-13,133.443831310478
2014-06-16,133.4120838299962
2014-06-17,133.30161019161298
2014-06-18,133.4120838299962
2014-06-19,133.39638532883797
2014-06-20,133.39638532883797
2014-06-23,133.39638532883797
2014-06-24,133.443831310478
2014-06-25,133.4596028279207
2014-06-26,133.49114586280606
2014-06-27,133.5227035009483
2014-06-30,133.5384604151341
2014-07-01,133.4832893105985
2014-07-02,133.43584332895844
2014-07-03,133.42001339848818
2014-07-07,133.3883827440615
2014-07-08,133.42001339848818
2014-07-09,133.43584332895844
2014-07-10,133.49906082804117
2014-07-11,133.5306476726972
2014-07-14,133.51478853571317
2014-07-15,133.45155643337355
2014-07-16,133.43584332895844
2014-07-17,133.54634617385543
2014-07-18,133.43584332895844
2014-07-21,133.45155643337355
2014-07-22,133.45155643337355
2014-07-23,133.49906082804117
2014-07-24,133.45155643337355
2014-07-25,133.4673863638438
2014-07-28,133.40416886476106
2014-07-29,133.43584332895844
2014-07-30,133.3726258298757
2014-07-31,133.43584332895844
2014-08-01,133.60486142421914
2014-08-04,133.60486142421914
2014-08-05,133.60486142421914
2014-08-06,133.63650668190272
2014-08-07,133.69975338749924
2014-08-08,133.62072056120314
2014-08-11,133.62072056120314
2014-08-12,133.62072056120314
2014-08-13,133.6839380602859
2014-08-14,133.71548109517124
2014-08-15,133.71548109517124
2014-08-18,133.71548109517124
2014-08-19,133.71548109517124
2014-08-20,133.58908990677645
2014-08-21,133.58908990677645
2014-08-22,133.5575322686342
2014-08-25,133.51007168373727
2014-08-26,133.5575322686342
2014-08-27,133.58908990677645
2014-08-28,133.62072056120314
2014-08-29,133.6839380602859
2014-09-02,133.57016408584525
2014-09-03,133.6017071207306
2014-09-04,133.5858187772328
2014-09-05,133.63333777515732
2014-09-08,133.55427574234744
2014-09-09,133.47524291605134
2014-09-10,133.4910436400078
2014-09-11,133.5068151574505
2014-09-12,133.47524291605134
2014-09-15,133.53840200210652
2014-09-16,133.61752244794397
2014-09-17,133.47524291605134
2014-09-18,133.4910436400078
2014-09-19,133.47524291605134
2014-09-22,133.57016408584525
2014-09-23,133.6017071207306
2014-09-24,133.55427574234744
2014-09-25,133.64918230888443
2014-09-26,133.5858187772328
2014-09-29,133.61752244794397
2014-09-30,133.5858187772328
2014-10-01,133.7282443416943
2014-10-02,133.71242901448096
2014-10-03,133.58583338048967
2014-10-06,133.71242901448096
2014-10-07,133.79144723752015
2014-10-08,133.93371216615586
2014-10-09,133.93371216615586
2014-10-10,133.99717792060574
2014-10-13,134.04449247293377
2014-10-14,134.12349609271607
2014-10-15,134.29749389857673
2014-10-16,134.21844646902375
2014-10-17,134.13926761015875
2014-10-20,134.21844646902375
2014-10-21,134.18683041785394
2014-10-22,134.15527277971168
2014-10-23,134.09190924806006
2014-10-24,134.12349609271607
2014-10-27,134.12349609271607
2014-10-28,134.09190924806006
2014-10-29,133.91802826825452
2014-10-30,133.9654304401239
2014-10-31,133.93371216615586
2014-11-03,133.91646571976713
2014-11-04,133.90054816975555
2014-11-05,133.86891751532886
2014-11-06,133.83727225764525
2014-11-07,133.9321642209254
2014-11-10,133.83727225764525
2014-11-11,133.8215007402026
2014-11-12,133.86891751532886
2014-11-13,133.90054816975555
2014-11-14,133.9638970981503
2014-11-17,133.9480087546525
2014-11-18,133.9321642209254
2014-11-19,133.91646571976713
2014-11-20,133.9480087546525
2014-11-21,133.97969782210677
2014-11-24,133.99549854606323
2014-11-25,134.01122625373526
2014-11-26,134.02714380374684
2014-11-28,134.07451676910242
2014-12-01,134.07298342712883
2014-12-02,133.9938775845483
2014-12-03,133.9305724659242
2014-12-04,134.00980973781677
2014-12-05,133.75648704052222
2014-12-08,133.74067171330887
2014-12-09,133.78810309169202
2014-12-10,133.8989418114975
2014-12-11,133.83563669287344
2014-12-12,133.9622469301216
2014-12-15,133.86726734730013
2014-12-16,133.94638779313757
2014-12-17,133.8198067624032
2014-12-18,133.74067171330887
2014-12-19,133.6457067337443
2014-12-22,133.67743961096923
2014-12-23,133.53494103022328
2014-12-24,133.60307982687837
2014-12-26,133.5555170191832
2014-12-29,133.68215646294516
2014-12-30,133.72969006412657
2014-12-31,133.68215646294516
2015-01-02,133.8246842502049
2015-01-05,133.8246842502049
2015-01-06,133.88798936882898
2015-01-07,133.9512214711686
2015-01-08,133.93539154069836
2015-01-09,134.04624486376073
2015-01-12,134.1254675323964
2015-01-13,134.20458797823386
2015-01-14,134.2836792175575
2015-01-15,134.48949752018444
2015-01-16,134.3628434731656
2015-01-20,134.2995675610553
2015-01-21,134.2995675610553
2015-01-22,134.25209237290147
2015-01-23,134.31538288826866
2015-01-26,134.23623323591744
2015-01-27,134.31538288826866
2015-01-28,134.410377074347
2015-01-29,134.3628434731656
2015-01-30,134.52117198438182
2015-02-02,134.47844285471768
2015-02-03,134.36748730885705
2015-02-04,134.38340485886866
2015-02-05,134.33582744791656
2015-02-06,134.0191120124566
2015-02-09,134.0032966852432
2015-02-10,133.97165142755964
2015-02-11,133.98748135802987
2015-02-12,134.03492733966993
2015-02-13,134.03492733966993
2015-02-17,133.97165142755964
2015-02-18,134.13008216157408
2015-02-19,134.05084488968154
2015-02-20,134.03492733966993
2015-02-23,134.09836388760604
2015-02-24,134.2092172106684
2015-02-25,134.2092172106684
2015-02-26,134.08254856039267
2015-02-27,134.13008216157408
2015-03-02,134.02073297397152
2015-03-03,133.98901470000345
2015-03-04,134.02073297397152
2015-03-05,134.06814974909778
2015-03-06,133.9256803748656
2015-03-09,133.98901470000345
2015-03-10,134.02073297397152
2015-03-11,134.02073297397152
2015-03-12,134.05243664468267
2015-03-13,134.06814974909778
2015-03-16,134.0840380925956
2015-03-17,134.05243664468267
2015-03-18,134.3692835094547
2015-03-19,134.19499363845622
2015-03-20,134.29001703104834
2015-03-23,134.33752142571598
2015-03-24,134.38505502689736
2015-03-25,134.35342437247067
2015-03-26,134.29001703104834
2015-03-27,134.3692835094547
2015-03-30,134.35342437247067
2015-03-31,134.46423388576235
2015-04-01,134.5228805654381
2015-04-02,134.50709444473853
2015-04-06,134.6179769743147
2015-04-07,134.5228805654381
2015-04-08,134.5228805654381
2015-04-09,134.4753761707705
2015-04-10,134.44367250005934
2015-04-13,134.5228805654381
2015-04-14,134.5863609231449
2015-04-15,134.5863609231449
2015-04-16,134.64965143851205
2015-04-17,134.5863609231449
2015-04-20,134.57051638941775
2015-04-21,134.5863609231449
2015-04-22,134.4753761707705
2015-04-23,134.53873970242213
2015-04-24,134.5863609231449
2015-04-27,134.57051638941775
2015-04-28,134.50709444473853
2015-04-29,134.5228805654381
2015-04-30,134.50709444473853
2015-05-01,134.45155825878066
2015-05-04,134.45155825878066
2015-05-05,134.4198545880695
2015-05-06,134.3722917803743
2015-05-07,134.3247727824498
2015-05-08,134.5151262360288
2015-05-11,134.388063297817
2015-05-12,134.40399545108548
2015-05-13,134.4674173957647
2015-05-14,134.59427588838
2015-05-15,134.59427588838
2015-05-18,134.5151262360288
2015-05-19,134.43566991528286
2015-05-20,134.4833495490332
2015-05-21,134.53081013393012
2015-05-22,134.43566991528286
2015-05-26,134.45155825878066
2015-05-27,134.4674173957647
2015-05-28,134.53081013393012
2015-05-29,134.56258682092573
2015-06-01,134.47848666448834
2015-06-02,134.46259832099054
2015-06-03,134.415079323066
2015-06-04,134.43092385679316
2015-06-05,134.30402155440717
2015-06-08,134.38336104909797
2015-06-09,134.31990989790498
2015-06-10,134.2880894011387
2015-06-11,134.31990989790498
2015-06-12,134.2880894011387
2015-06-15,134.35170118815748
2015-06-16,134.39926399585266
2015-06-17,134.4943311982155
2015-06-18,134.52604947218353
2015-06-19,134.55775314289468
2015-06-22,134.46259832099054
2015-06-23,134.43092385679316
2015-06-24,134.4943311982155
2015-06-25,134.46259832099054
2015-06-26,134.38336104909797
2015-06-29,134.60538896687433
2015-06-30,134.60538896687433
2015-07-01,134.4911330849563
2015-07-02,134.69744789831753
2015-07-06,134.72919537879935
2015-07-07,134.71330703530157
2015-07-08,134.85612688769913
2015-07-09,134.7609428592812
2015-07-10,134.634069763409
2015-07-13,134.57047257964706
2015-07-14,134.634069763409
2015-07-15,134.6816033645904
2015-07-16,134.61803538734227
2015-07-17,134.5863317166311
2015-07-20,134.50690460239895
2015-07-21,134.52285135892433
2015-07-22,134.50690460239895
2015-07-23,134.52285135892433
2015-07-24,134.5545696328924
2015-07-27,134.649797471081
2015-07-28,134.61803538734227
2015-07-29,134.5863317166311
2015-07-30,134.52285135892433
2015-07-31,134.66567121132192
2015-08-03,134.71012352529922
2015-08-04,134.5037941086811
2015-08-05,134.51974086520647
2015-08-06,134.55138612289005
2015-08-07,134.48790576518329
2015-08-10,134.48790576518329
2015-08-11,134.66256071760404
2015-08-12,134.66256071760404
2015-08-13,134.55138612289005
2015-08-14,134.48790576518329
2015-08-17,134.56717224358962
2015-08-18,134.55138612289005
2015-08-19,134.67836144156053
2015-08-20,134.63075482409462
2015-08-21,134.7736622960336
2015-08-24,134.8372010667679
2015-08-25,134.7736622960336
2015-08-26,134.69438121437034
2015-08-27,134.71012352529922
2015-08-28,134.64664316759246
2015-08-31,134.5990073436128
2015-09-01,134.64661396107866
2015-09-02,134.6783906480743
2015-09-03,134.6783906480743
2015-09-04,134.69432280134276
2015-09-08,134.64661396107866
2015-09-09,134.61489568711062
2015-09-10,134.66253151109026
2015-09-11,134.71022574809749
2015-09-14,134.6783906480743
2015-09-15,134.48778893912814
2015-09-16,134.47191519888725
2015-09-17,134.77373531231802
2015-09-18,134.83727408305236
2015-09-21,134.75793458836156
2015-09-22,134.83727408305236
2015-09-23,134.78962365581583
2015-09-24,134.86906537330486
2015-09-25,134.8055704123412
2015-09-28,134.9008566635574
2015-09-29,134.96432241800727
2015-09-30,134.99612831151669
2015-10-01,134.996084501746
2015-10-02,135.1867884334904
2015-10-05,135.09139995947598
2015-10-06,135.07557002900572
2015-10-07,135.0437933420101
2015-10-08,135.01195824198692
2015-10-09,135.01195824198692
2015-10-12,134.9801961582482
2015-10-13,135.02783198222784
2015-10-14,135.21860893025666
2015-10-15,135.13913800625383
2015-10-16,135.07557002900572
2015-10-19,135.12324966275605
2015-10-20,135.0437933420101
2015-10-21,135.09139995947598
2015-10-22,135.13913800625383
2015-10-23,135.02783198222784
2015-10-26,135.02783198222784
2015-10-27,135.07557002900572
2015-10-28,134.90076904401604
2015-10-29,134.8054097765154
2015-10-30,134.8054097765154
2015-11-02,134.72748679774307
2015-11-03,134.7116860737866
2015-11-04,134.56844272693917
2015-11-05,134.56844272693917
2015-11-06,134.44132137569983
2015-11-09,134.40954468870422
2015-11-10,134.47312726920921
2015-11-11,134.44132137569983
2015-11-12,134.48901561270702
2015-11-13,134.60033623998993
2015-11-16,134.60033623998993
2015-11-17,134.55258358995513
2015-11-18,134.5049623692324
2015-11-19,134.47312726920921
2015-11-20,134.47312726920921
2015-11-23,134.4572243224545
2015-11-24,134.4572243224545
2015-11-25,134.47312726920921
2015-11-27,134.5049623692324
2015-11-30,134.4572243224545
2015-12-01,134.5383162079723
2015-12-02,134.4269809774325
2015-12-03,134.4269809774325
2015-12-04,134.45888909374014
2015-12-07,134.442913130701
2015-12-08,134.4269809774325
2015-12-09,134.47477743723795
2015-12-10,134.39518968718
2015-12-11,134.55429217101144
2015-12-14,134.39518968718
2015-12-15,134.37927213716839
2015-12-16,134.2679223033717
2015-12-17,134.2679223033717
2015-12-18,134.442913130701
2015-12-21,134.4269809774325
2015-12-22,134.39518968718
2015-12-23,134.34749545017277
2015-12-24,134.39997955544035
2015-12-28,134.3204064086393
2015-12-29,134.28868813467122
2015-12-30,134.3204064086393
2015-12-31,134.25672160533603
2016-01-04,134.4318584652342
2016-01-05,134.35228531843316
2016-01-06,134.4318584652342
2016-01-07,134.47959651201208
2016-01-08,134.57510181208164
2016-01-11,134.6228544621164
2016-01-12,134.638772012128
2016-01-13,134.71825753938774
2016-01-14,134.75006343289712
2016-01-15,134.86153009274892
2016-01-19,134.84564174925114
2016-01-20,134.94117625583445
2016-01-21,134.92515648302464
2016-01-22,134.87741843624676
2016-01-25,134.87741843624676
2016-01-26,134.94117625583445
2016-01-27,134.97296754608698
2016-01-28,134.97296754608698
2016-01-29,135.13205542666154
2016-02-01,135.06048486463692
2016-02-02,135.235636327792
2016-02-03,135.26736920501693
2016-02-04,135.2992481148108
2016-02-05,135.26736920501693
2016-02-08,135.42674915072934
2016-02-09,135.37890888115322
2016-02-10,135.37890888115322
2016-02-11,135.5063222975304
2016-02-12,135.34701536810246
2016-02-16,135.26736920501693
2016-02-17,135.2992481148108
2016-02-18,135.41072937791952
2016-02-19,135.28333056479923
2016-02-22,135.2992481148108
2016-02-23,135.3151948713362
2016-02-24,135.34701536810246
2016-02-25,135.37890888115322
2016-02-26,135.20374281474125
2016-02-29,135.28333056479923
2016-03-01,135.10334542361312
2016-03-02,135.08736946057394
2016-03-03,135.13526814317763
2016-03-04,135.0395876040254
2016-03-07,134.94400928767138
2016-03-08,135.0395876040254
2016-03-09,134.99182035073372
2016-03-10,134.97584438769456
2016-03-11,134.8483725582898
2016-03-14,134.8483725582898
2016-03-15,134.8961398115815
2016-03-16,135.1671178464577
2016-03-17,135.1510688671341
2016-03-18,135.18294777692793
2016-03-21,135.1671178464577
2016-03-22,135.08736946057394
2016-03-23,135.1671178464577
2016-03-24,135.10334542361312
2016-03-28,135.13526814317763
2016-03-29,135.39008037267513
2016-03-30,135.40608554222806
2016-03-31,135.46972653576063
2016-04-01,135.39170133419006
2016-04-04,135.4873672700854
2016-04-05,135.5351053168633
2016-04-06,135.4873672700854
2016-04-07,135.56701343317093
2016-04-08,135.56701343317093
2016-04-11,135.5510228668749
2016-04-12,135.51921697336547
2016-04-13,135.4553715342364
2016-04-14,135.4553715342364
2016-04-15,135.5510228668749
2016-04-18,135.5351053168633
2016-04-19,135.4873672700854
2016-04-20,135.39170133419006
2016-04-21,135.3598078211393
2016-04-22,135.3598078211393
2016-04-25,135.3278704983179
2016-04-26,135.29597698526715
2016-04-27,135.39170133419006
2016-04-28,135.47137670378936
2016-04-29,135.51921697336547
2016-05-02,135.4697849487882
2016-05-03,135.6132619477459
2016-05-04,135.59737360424808
2016-05-05,135.64519927056733
2016-05-06,135.6132619477459
2016-05-09,135.67707818036118
2016-05-10,135.70907391621017
2016-05-11,135.66120444012026
2016-05-12,135.58136843469515
2016-05-13,135.59737360424808
2016-05-16,135.53349895860524
2016-05-17,135.48562948251535
2016-05-18,135.24642813463473
2016-05-19,135.27833625094237
2016-05-20,135.32624953680295
2016-05-23,135.31017135096556
2016-05-24,135.2144908118133
2016-05-25,135.2943268172384
2016-05-26,135.37401679009463
2016-05-27,135.2943268172384
2016-05-31,135.35802622379856
2016-06-01,135.26386442336303
2016-06-02,135.3756961646371
2016-06-03,135.5990237722768
2016-06-06,135.5670718461985
2016-06-07,135.5990237722768
2016-06-08,135.630990301612
2016-06-09,135.66285460814896
2016-06-10,135.74277823311544
2016-06-13,135.77459872988175
2016-06-14,135.79064770920536
2016-06-15,135.95021749725734
2016-06-16,135.87036688857532
2016-06-17,135.88634285161447
2016-06-20,135.8065944657307
2016-06-21,135.71075329075265
2016-06-22,135.75865197335634
2016-06-23,135.71075329075265
2016-06-24,136.02999508965488
2016-06-27,136.1098018885662
2016-06-28,136.15771517442678
2016-06-29,136.1098018885662
2016-06-30,136.17369113746594
2016-07-01,136.22151680378516
2016-07-05,136.2854206559418
2016-07-06,136.22151680378516
2016-07-07,136.1576567613992
2016-07-08,136.1576567613992
2016-07-11,136.01397531684506
2016-07-12,135.9660182212138
2016-07-13,135.9979555440352
2016-07-14,135.91806112558254
2016-07-15,135.85425949622413
2016-07-18,135.93406629513547
2016-07-19,135.95004225817462
2016-07-20,135.88618221578866
2016-07-21,135.98199418425295
2016-07-22,135.93406629513547
2016-07-25,135.83822512015743
2016-07-26,135.85425949622413
2016-07-27,135.95004225817462
2016-07-28,135.93406629513547
2016-07-29,136.10975807879552
2016-08-01,136.0634365479361
2016-08-02,136.01549405556176
2016-08-03,136.03139700231642
2016-08-04,136.12736960660652
2016-08-05,135.93557043059528
2016-08-08,135.88758412845024
2016-08-09,135.9675077534167
2016-08-10,136.03139700231642
2016-08-11,135.90360390126008
2016-08-12,135.99953269577946
2016-08-15,135.9675077534167
2016-08-16,135.9196528805837
2016-08-17,135.9196528805837
2016-08-18,136.01549405556176
2016-08-19,135.88758412845024
2016-08-22,135.90360390126008
2016-08-23,135.9196528805837
2016-08-24,135.88758412845024
2016-08-25,135.83968544584656
2016-08-26,135.7119069480471
2016-08-29,135.79180136649975
2016-08-30,135.80776272628202
2016-08-31,135.79180136649975
2016-09-01,135.85571982191328
2016-09-02,135.85571982191328
2016-09-06,135.95164861643266
2016-09-07,135.95164861643266
2016-09-08,135.85571982191328
2016-09-09,135.8078065360527
2016-09-12,135.85571982191328
2016-09-13,135.8078065360527
2016-09-14,135.8876279382209
2016-09-15,135.9996495218346
2016-09-16,135.9357164631642
2016-09-19,135.90364771103077
2016-09-20,135.87175419798
2016-09-21,135.90364771103077
2016-09-22,135.87175419798
2016-09-23,135.95164861643266
2016-09-26,136.03158684465603
2016-09-27,136.0475628076952
2016-09-28,136.03158684465603
2016-09-29,136.07961695657173
2016-09-30,135.96763918272873
2016-10-03,135.9500714646884
2016-10-04,135.83806448433162
2016-10-05,135.75805323982382
2016-10-06,135.75805323982382
2016-10-07,135.8061271615102
2016-10-10,135.74206267352776
2016-10-11,135.72607210723172
2016-10-12,135.72607210723172
2016-10-13,135.77404380611986
2016-10-14,135.74206267352776
2016-10-17,135.85409886039835
2016-10-18,135.9020267495158
2016-10-19,135.9020267495158
2016-10-20,135.83806448433162
2016-10-21,135.8700602201806
2016-10-24,135.8220593147787
2016-10-25,135.8220593147787
2016-10-26,135.77404380611986
2016-10-27,135.8061271615102
2016-10-28,135.8061271615102
2016-10-31,135.9020267495158
2016-11-01,135.9035892980032
2016-11-02,135.98370276530923
2016-11-03,135.9997079348622
2016-11-04,136.0476942370072
2016-11-07,135.9997079348622
2016-11-08,135.85563220237194
2016-11-09,135.67950232100515
2016-11-10,135.63157443188766
2016-11-11,135.63157443188766
2016-11-14,135.423434211415
2016-11-15,135.4714643233307
2016-11-16,135.45544455052087
2016-11-17,135.43945398422483
2016-11-18,135.35939892994634
2016-11-21,135.34337915713652
2016-11-22,135.3114418343151
2016-11-23,135.23134297026593
2016-11-25,135.21527938768543
2016-11-28,135.29540745824838
2016-11-29,135.3114418343151
2016-11-30,135.26344092891318
2016-12-01,135.1992596148756
2016-12-02,135.34351058644853
2016-12-05,135.34351058644853
2016-12-06,135.3114126278013
2016-12-07,135.3593405169188
2016-12-08,135.34351058644853
2016-12-09,135.3273447810698
2016-12-12,135.2793000658972
2016-12-13,135.2633825158856
2016-12-14,135.00708075418518
2016-12-15,134.94300166294587
2016-12-16,135.00708075418518
2016-12-19,135.07111603565386
2016-12-20,135.08713580846367
2016-12-21,135.1512441062168
2016-12-22,135.1848900100945
2016-12-23,135.1848900100945
2016-12-27,135.12076710908448
2016-12-28,135.16889944379847
2016-12-29,135.3131358121145
2016-12-30,135.361195130544
2017-01-03,135.2489837045907
2017-01-04,135.28105245672418
2017-01-05,135.37722950661072
2017-01-06,135.265076493685
2017-01-09,135.37722950661072
2017-01-10,135.32917018818122
2017-01-11,135.39327848593433
2017-01-12,135.44142542390517
2017-01-13,135.37722950661072
2017-01-17,135.47343576301105
2017-01-18,135.34520456424795
2017-01-19,135.29711603930468
2017-01-20,135.37722950661072
2017-01-23,135.50550451514448
2017-01-24,135.42527422178333
2017-01-25,135.39327848593433
2017-01-26,135.40932746525795
2017-01-27,135.47343576301105
2017-01-30,135.47343576301105
2017-01-31,135.50550451514448
2017-02-01,135.4589639354317
2017-02-02,135.5070378571181
2017-02-03,135.4589639354317
2017-02-06,135.6032733200322
2017-02-07,135.57123377441255
2017-02-08,135.69958179923077
2017-02-09,135.58729735699305
2017-02-10,135.57123377441255
2017-02-13,135.53906279948086
2017-02-14,135.44292955936498
2017-02-15,135.39476801813723
2017-02-16,135.4589639354317
2017-02-17,135.55518479508893
2017-02-21,135.57123377441255
2017-02-22,135.6032733200322
2017-02-23,135.66741082429908
2017-02-24,135.73165055136423
2017-02-27,135.6193369026127
2017-02-28,135.55518479508893
2017-03-01,135.44926737285584
2017-03-02,135.30479735242952
2017-03-03,135.336997533875
2017-03-06,135.36903707949466
2017-03-07,135.32089014152382
2017-03-08,135.20853268300164
2017-03-09,135.19246910042114
2017-03-10,135.2727286002961
2017-03-13,135.20853268300164
2017-03-14,135.19246910042114
2017-03-15,135.44926737285584
2017-03-16,135.35295889365727
2017-03-17,135.4171548109517
2017-03-20,135.49744351734046
2017-03-21,135.56158102160734
2017-03-22,135.59367898025457
2017-03-23,135.59367898025457
2017-03-24,135.59367898025457
2017-03-27,135.64182591822544
2017-03-28,135.57764460418784
2017-03-29,135.65786029429213
2017-03-30,135.6257769389018
2017-03-31,135.64182591822544
2017-04-03,135.76709265583958
2017-04-04,135.71890190809805
2017-04-05,135.71890190809805
2017-04-06,135.75104367651596
2017-04-07,135.5743588713873
2017-04-10,135.63870082125067
2017-04-11,135.76709265583958
2017-04-12,135.8634887545795
2017-04-13,135.92775768815838
2017-04-17,135.9116941055779
2017-04-18,136.02408077061386
2017-04-19,135.95981183703495
2017-04-20,135.94376285771133
2017-04-21,136.00801718803336
2017-04-24,135.8634887545795
2017-04-25,135.73495088742166
2017-04-26,135.7831416351632
2017-04-27,135.83140539918915
2017-04-28,135.89558671322672
2017-05-01,135.80243253751667
2017-05-02,135.8505940787444
2017-05-03,135.75418337674762
2017-05-04,135.7381197941671
2017-05-05,135.78629593865173
2017-05-08,135.72199779855902
2017-05-09,135.65774346823702
2017-05-10,135.68985603014113
2017-05-11,135.7059488192354
2017-05-12,135.8666576613249
2017-05-15,135.8505940787444
2017-05-16,135.8505940787444
2017-05-17,135.99518092522584
2017-05-18,135.93086818187626
2017-05-19,135.9631121730924
2017-05-22,135.91484840906642
2017-05-23,135.8666576613249
2017-05-24,135.9470485905119
2017-05-25,135.9470485905119
2017-05-26,135.93086818187626
2017-05-30,135.9791757556729
2017-05-31,135.99518092522584
2017-06-01,135.96947919309704
2017-06-02,136.06606513417654
2017-06-05,135.95338640400277
2017-06-06,136.00165016802873
2017-06-07,135.95338640400277
2017-06-08,135.92127384209866
2017-06-09,135.87299547481578
2017-06-12,135.85690268572148
2017-06-13,135.85690268572148
2017-06-14,135.92127384209866
2017-06-15,135.87299547481578
2017-06-16,135.9372352018809
2017-06-19,135.85690268572148
2017-06-20,135.87299547481578
2017-06-21,135.88905905739628
2017-06-22,135.90518105300436
2017-06-23,135.98551356916374
2017-06-26,135.98551356916374
2017-06-27,135.90518105300436
2017-06-28,135.96947919309704
2017-06-29,135.88905905739628
2017-06-30,135.88905905739628
2017-07-03,135.78763943828574
2017-07-05,135.83599082185304
2017-07-06,135.86814719352785
2017-07-07,135.8520105946629
2017-07-10,135.9164255608107
2017-07-11,135.96476234112114
2017-07-12,136.02904587795692
2017-07-13,135.96476234112114
2017-07-14,136.02904587795692
2017-07-17,136.04518247682188
2017-07-18,136.07736805501048
2017-07-19,136.07736805501048
2017-07-20,136.07736805501048
2017-07-21,136.1417392113876
2017-07-24,136.09350465387544
2017-07-25,136.0130261051471
2017-07-26,136.10964125274037
2017-07-27,136.07736805501048
2017-07-28,136.15791962002325
2017-07-31,136.1417392113876
2017-08-01,136.1916677466992
2017-08-02,136.12728198706517
2017-08-03,136.17557495760494
2017-08-04,136.12728198706517
2017-08-07,136.17557495760494
2017-08-08,136.17557495760494
2017-08-09,136.15952597828132
2017-08-10,136.20783355207794
2017-08-11,136.3850732809685
2017-08-14,136.27226312148267
2017-08-15,136.20783355207794
2017-08-16,136.28834130732005
2017-08-17,136.3205852985362
2017-08-18,136.3045363192126
2017-08-21,136.3366780876305
2017-08-22,136.3205852985362
2017-08-23,136.44945904060253
2017-08-24,136.3205852985362
2017-08-25,136.36889287233285
2017-08-28,136.3205852985362
2017-08-29,136.3850732809685
2017-08-30,136.41725885915704
2017-08-31,136.41725885915704
2017-09-01,136.38819837794324
2017-09-05,136.51721815257847
2017-09-06,136.5011107602273
2017-09-07,136.58174994478142
2017-09-08,136.54949135030841
2017-09-11,136.42052998870074
2017-09-12,136.35605660952535
2017-09-13,136.32373960202474
2017-09-14,136.3398469943759
2017-09-15,136.32373960202474
2017-09-18,136.2431150207275
2017-09-19,136.2592078098218
2017-09-20,136.14641225359284
2017-09-21,136.11415365911984
2017-09-22,136.14641225359284
2017-09-25,136.2270222316332
2017-09-26,136.19476363716018
2017-09-27,136.17862703829522
2017-09-28,136.19476363716018
2017-09-29,136.16254885245783
2017-10-02,136.26420212367861
2017-10-03,136.1835191293538
2017-10-04,136.4417193144501
2017-10-05,136.15115831208254
2017-10-06,136.10282153177212
2017-10-09,136.10282153177212
2017-10-10,136.13508012624516
2017-10-11,136.11895813063708
2017-10-12,136.10282153177212
2017-10-13,136.1835191293538
2017-10-16,136.0543241156359
2017-10-17,136.07053373078531
2017-10-18,136.02209472767663
2017-10-19,136.10282153177212
2017-10-20,136.02209472767663
2017-10-23,136.02209472767663
2017-10-24,135.98983613320362
2017-10-25,135.95760674524436
2017-10-26,135.95760674524436
2017-10-27,136.0543241156359
2017-10-30,136.11895813063708
2017-10-31,136.03830434282605
2017-11-01,136.01888201116054
2017-11-02,136.05118441540424
2017-11-03,135.97048681782255
2017-11-06,136.05118441540424
2017-11-07,135.9866234166875
2017-11-08,135.97048681782255
2017-11-09,135.95424799615932
2017-11-10,135.90576518327998
2017-11-13,135.88965779092882
2017-11-14,135.92191638540186
2017-11-15,135.87347738229317
2017-11-16,135.88965779092882
2017-11-17,135.80888717706264
2017-11-20,135.76038976092644
2017-11-21,135.72816037296718
2017-11-22,135.8411603747926
2017-11-24,135.8411603747926
2017-11-27,135.8411603747926
2017-11-28,135.85731157691444
2017-11-29,135.82503837918452
2017-11-30,135.74429697183214
2017-12-01,135.77502222433156
2017-12-04,135.6941201811534
2017-12-05,135.67795437577465
2017-12-06,135.7426614070603
2017-12-07,135.75884181569594
2017-12-08,135.75884181569594
2017-12-11,135.6941201811534
2017-12-12,135.6941201811534
2017-12-13,135.83974385887413
2017-12-14,135.79112961668275
2017-12-15,135.72651020493848
2017-12-18,135.72651020493848
2017-12-19,135.66187618993726
2017-12-20,135.67795437577465
2017-12-21,135.66828701971255
2017-12-22,135.6197165872919
2017-12-26,135.60346316237178
2017-12-27,135.66828701971255
2017-12-28,135.68439441206374
2017-12-29,135.71691586516084
2018-01-02,135.66828701971255
2018-01-03,135.66828701971255
2018-01-04,135.60346316237178
2018-01-05,135.60346316237178
2018-01-08,135.60346316237178
2018-01-09,135.55500955600624
2018-01-10,135.60346316237178
2018-01-11,135.55500955600624
2018-01-12,135.5387853375999
2018-01-16,135.52269254850563
2018-01-17,135.47407830631425
2018-01-18,135.44164447275853
2018-01-19,135.49021490517924
2018-01-22,135.4254640641229
2018-01-23,135.50639531381486
2018-01-24,135.47407830631425
2018-01-25,135.44164447275853
2018-01-26,135.36078623935103
2018-01-29,135.31221580693034
2018-01-30,135.32832319928153
2018-01-31,135.32832319928153
2018-02-01,135.27325431754417
2018-02-02,135.28949313920737
2018-02-05,135.5325643501642
2018-02-06,135.4352774527539
2018-02-07,135.33810738139874
2018-02-08,135.35434620306194
2018-02-09,135.46763827002516
2018-02-12,135.40291663548263
2018-02-13,135.40291663548263
2018-02-14,135.20848887323095
2018-02-15,135.15984542452583
2018-02-16,135.19226465482464
2018-02-20,135.17604043641833
2018-02-21,135.19226465482464
2018-02-22,135.20848887323095
2018-02-23,135.2409081035298
2018-02-26,135.2571615284499
2018-02-27,135.15984542452583
2018-02-28,135.19226465482464
2018-03-01,135.3804422231268
2018-03-02,135.31551614298778
2018-03-05,135.31551614298778
2018-03-06,135.28311151594585
2018-03-07,135.28311151594585
2018-03-08,135.31551614298778
2018-03-09,135.250692285647
2018-03-12,135.31551614298778
2018-03-13,135.34793537328662
2018-03-14,135.33178417116477
2018-03-15,135.34793537328662
2018-03-16,135.28311151594585
2018-03-19,135.28311151594585
2018-03-20,135.23442425747004
2018-03-21,135.33178417116477
2018-03-22,135.3966664415331
2018-03-23,135.42908567183196
2018-03-26,135.36423260797739
2018-03-27,135.4615341086446
2018-03-28,135.47764150099576
2018-03-29,135.52635796598537
2018-04-02,135.56536326514222
2018-04-03,135.50046639151697
2018-04-04,135.4191700604027
2018-04-05,135.45172072001358
2018-04-06,135.56536326514222
2018-04-09,135.54915364999277
2018-04-10,135.48419836333997
2018-04-11,135.48419836333997
2018-04-12,135.4030188582809
2018-04-13,135.37049740518378
2018-04-16,135.35427318677748
2018-04-17,135.35427318677748
2018-04-18,135.24065984816264
2018-04-19,135.24065984816264
2018-04-20,135.19189957340237
2018-04-23,135.17566075173914
2018-04-24,135.20819680809313
2018-04-25,135.19189957340237
2018-04-26,135.2243334069581
2018-04-27,135.25685486005517
2018-04-30,135.20819680809313
2018-05-01,135.14794377015932
2018-05-02,135.1967186481765
2018-05-03,135.2943268172384
2018-05-04,135.24550812945057
2018-05-07,135.24550812945057
2018-05-08,135.26174695111376
2018-05-09,135.1967186481765
2018-05-10,135.1967186481765
2018-05-11,135.1967186481765
2018-05-14,135.1967186481765
2018-05-15,135.11550993660362
2018-05-16,135.11550993660362
2018-05-17,135.14794377015932
2018-05-18,135.21301588286727
2018-05-21,135.21301588286727
2018-05-22,135.21301588286727
2018-05-23,135.32677525405103
2018-05-24,135.40812999819286
2018-05-25,135.5218747661197
2018-05-29,135.91207379025707
2018-05-30,135.7494519215148
2018-05-31,135.6845112381189
2018-06-01,135.5802439839145
2018-06-04,135.46632397690496
2018-06-05,135.54770792756054
2018-06-06,135.49886003325892
2018-06-07,135.62910648147303
2018-06-08,135.59652661534838
2018-06-11,135.54770792756054
2018-06-12,135.48257740182504
2018-06-13,135.41746147934643
2018-06-14,135.46632397690496
2018-06-15,135.53142529612668
2018-06-18,135.564048972022
2018-06-19,135.61283845329604
2018-06-20,135.54770792756054
2018-06-21,135.62910648147303
2018-06-22,135.64535990639314
2018-06-25,135.69419319743784
2018-06-26,135.69419319743784
2018-06-27,135.7756939741486
2018-06-28,135.7756939741486
2018-06-29,135.74304109173949
2018-07-02,135.72680227007626
2018-07-03,135.77575238717614
2018-07-05,135.7594113427147
2018-07-06,135.7919181925549
2018-07-09,135.7105342418993
2018-07-10,135.6941347844103
2018-07-11,135.7430264884826
2018-07-12,135.72680227007626
2018-07-13,135.7594113427147
2018-07-16,135.72680227007626
2018-07-17,135.7105342418993
2018-07-18,135.6941347844103
2018-07-19,135.7594113427147
2018-07-20,135.7594113427147
2018-07-23,135.67782294646264
2018-07-24,135.6941347844103
2018-07-25,135.645243080338
2018-07-26,135.645243080338
2018-07-27,135.66152571177184
2018-07-30,135.66152571177184
2018-07-31,135.66152571177184
2018-08-01,135.67462483320344
2018-08-02,135.75628624573997
2018-08-03,135.7726272902014
2018-08-06,135.80530937912428
2018-08-07,135.75628624573997
2018-08-08,135.7726272902014
2018-08-09,135.8543325125086
2018-08-10,135.98504626494324
2018-08-13,135.95233496950658
2018-08-14,135.95233496950658
2018-08-15,136.01771375060923
2018-08-16,135.98504626494324
2018-08-17,136.03393796901554
2018-08-20,136.11568700109342
2018-08-21,136.08300491217054
2018-08-22,136.11568700109342
2018-08-23,136.0993021468613
2018-08-24,136.11568700109342
2018-08-27,136.0666346611953
2018-08-28,136.01771375060923
2018-08-29,136.0013142931202
2018-08-30,136.0993021468613
2018-08-31,136.13195502927042
2018-09-04,136.10087929860558
2018-09-05,136.10087929860558
2018-09-06,136.14996084501746
2018-09-07,136.0027308090387
2018-09-10,136.01910106001392
2018-09-11,135.93729361490847
2018-09-12,135.93729361490847
2018-09-13,135.95376608868193
2018-09-14,135.9045677162149
2018-09-17,135.87185642077824
2018-09-18,135.85557378934436
2018-09-19,135.82277487436636
2018-09-20,135.87185642077824
2018-09-21,135.83918893511225
2018-09-24,135.83918893511225
2018-09-25,135.85557378934436
2018-09-26,135.87185642077824
2018-09-27,135.87185642077824
2018-09-28,135.93729361490847
2018-10-01,135.8996464186425
2018-10-02,135.94881558459576
2018-10-03,135.88314473835527
2018-10-04,135.8504626494324
2018-10-05,135.83409239845716
2018-10-08,135.80127888022227
2018-10-09,135.8504626494324
2018-10-10,135.88314473835527
2018-10-11,135.93237231733607
2018-10-12,135.93237231733607
2018-10-15,135.98151227677553
2018-10-16,135.93237231733607
2018-10-17,135.93237231733607
2018-10-18,136.01429658849665
2018-10-19,135.93237231733607
2018-10-22,135.8996464186425
2018-10-23,135.98151227677553
2018-10-24,136.19455919156368
2018-10-25,136.14537542235357
2018-10-26,136.22738731305552
2018-10-29,136.27655647900875
2018-10-30,136.21100245882337
2018-10-31,136.14537542235357
2018-11-01,136.22091807025262
2018-11-02,136.0568066693074
2018-11-05,136.10599043851755
2018-11-06,136.07317692028263
2018-11-07,136.02397854781563
2018-11-08,136.00746226427148
2018-11-09,136.07317692028263
2018-11-12,136.17176350755628
2018-11-13,136.1881045520177
2018-11-14,136.28660351975
2018-11-15,136.3522305562198
2018-11-16,136.4508317467503
2018-11-19,136.5657301719716
2018-11-20,136.53285824070912
2018-11-21,136.53285824070912
2018-11-23,136.50001551596046
2018-11-26,136.51638576693568
2018-11-27,136.53285824070912
2018-11-28,136.5821296294606
2018-11-29,136.6149285444386
2018-11-30,136.66427294947457
2018-12-03,136.55242660494358
2018-12-04,136.6510131922172
2018-12-06,136.78257393355153
2018-12-07,136.93053413237487
2018-12-10,136.93053413237487
2018-12-11,136.7990318040681
2018-12-12,136.78257393355153
2018-12-13,136.91416388139965
2018-12-14,136.99636561444115
2018-12-17,137.1279263557755
2018-12-18,137.2086239533572
2018-12-19,137.2414666781059
2018-12-20,137.22505261735998
2018-12-21,137.32385825348697
2018-12-24,137.43912176013055
2018-12-26,137.3074003829704
2018-12-27,137.45557963064712
2018-12-28,137.6532493159287
2018-12-31,137.70263753073527
2019-01-02,137.71902238496742
2019-01-03,137.9990106293456
2019-01-04,137.70263753073527
2019-01-07,137.60377348158073
2019-01-08,137.5213965094565
2019-01-09,137.58731561106416
2019-01-10,137.60377348158073
2019-01-11,137.68615045370493
2019-01-14,137.68615045370493
2019-01-15,137.73562628805288
2019-01-16,137.70263753073527
2019-01-17,137.68615045370493
2019-01-18,137.57095996334584
2019-01-22,137.68615045370493
2019-01-23,137.6532493159287
2019-01-24,137.7684544095447
2019-01-25,137.66969258318838
2019-01-28,137.68615045370493
2019-01-29,137.7520257455419
2019-01-30,137.9331791472793
2019-01-31,138.048428050666
2019-02-01,137.88682840990612
2019-02-04,137.88682840990612
2019-02-05,137.88682840990612
2019-02-06,137.9526890984862
2019-02-07,138.0516845769528
2019-02-08,138.10124803084207
2019-02-11,138.0516845769528
2019-02-12,138.03524130969308
2019-02-13,137.93630424425407
2019-02-14,138.11774971112933
2019-02-15,138.0516845769528
2019-02-19,138.15066545216246
2019-02-20,138.13423678815968
2019-02-21,138.08468793752726
2019-02-22,138.18371262250764
2019-02-25,138.1671817357066
2019-02-26,138.2331884568556
2019-02-27,138.20027271582245
2019-02-28,138.1671817357066
2019-03-01,138.07467010329978
2019-03-04,138.10771727364494
2019-03-05,138.12423355718911
2019-03-06,138.22341887799527
2019-03-07,138.33904746606112
2019-03-08,138.38874234926243
2019-03-11,138.3556659724035
2019-03-12,138.4052440295497
2019-03-13,138.42171650332315
2019-03-14,138.454807483439
2019-03-15,138.5043709373283
2019-03-18,138.47132376698312
2019-03-19,138.454807483439
2019-03-20,138.65310510876688
2019-03-21,138.65310510876688
2019-03-22,138.88447911095372
2019-03-25,139.03327169541987
2019-03-26,139.0167992216464
2019-03-27,139.13250082599671
2019-03-28,139.11598454245257
2019-03-29,139.03327169541987
2019-04-01,138.89090454398593
2019-04-02,138.9570865042176
2019-04-03,138.89090454398593
2019-04-04,138.9239371110742
2019-04-05,138.9074062242732
2019-04-08,138.8743298474142
2019-04-09,138.89090454398593
2019-04-10,139.0067959906758
2019-04-11,138.9239371110742
2019-04-12,138.84116585101393
2019-04-15,138.85772594432873
2019-04-16,138.84116585101393
2019-04-17,138.89090454398593
2019-04-18,138.9239371110742
2019-04-22,138.94055561741658
2019-04-23,139.0067959906758
2019-04-24,139.08961106050677
2019-04-25,139.08961106050677
2019-04-26,139.23865190034007
2019-04-29,139.18898622365253
2019-04-30,139.2883321802845
2019-05-01,139.16548958331433
2019-05-02,139.0992200035413
2019-05-03,139.14897329977018
2019-05-06,139.2319490054269
2019-05-07,139.29827699822752
2019-05-08,139.28170230165583
2019-05-09,139.3646341975419
2019-05-10,139.3978127971991
2019-05-13,139.56369119222816
2019-05-14,139.56369119222816
2019-05-15,139.66328540422728
2019-05-16,139.58028049205674
2019-05-17,139.61341528194328
2019-05-20,139.5471895119409
2019-05-21,139.48075929634206
2019-05-22,139.5471895119409
2019-05-23,139.79601440611293
2019-05-24,139.74618809359959
2019-05-28,139.86237160542728
2019-05-29,139.87900471502655
2019-05-30,139.99511521056985
2019-05-31,140.29369340097077
2019-06-03,140.55809997024588
2019-06-04,140.45834512242092
2019-06-05,140.52481914779042
2019-06-06,140.44163899653722
2019-06-07,140.59130777641684
2019-06-10,140.45834512242092
2019-06-11,140.40853341316446
2019-06-12,140.52481914779042
2019-06-13,140.67447332441319
2019-06-14,140.62450097933092
2019-06-17,140.55809997024588
2019-06-18,140.57464546030377
2019-06-19,140.87396841680615
2019-06-20,140.94041323566188
2019-06-21,140.87396841680615
2019-06-24,140.9571193615456
2019-06-25,140.9902979612028
2019-06-26,140.82401067498077
2019-06-27,140.94041323566188
2019-06-28,140.94041323566188
2019-07-01,140.85045717321105
2019-07-02,140.9337979602901
2019-07-03,140.96710798925932
2019-07-05,140.6838778218512
2019-07-08,140.61734538345414
2019-07-09,140.56738764162878
2019-07-10,140.81720555726943
2019-07-11,140.7505708960741
2019-07-12,140.76718940241648
2019-07-15,140.80057244767013
2019-07-16,140.7505708960741
2019-07-17,140.88373799566648
2019-07-18,141.0503465535401
2019-07-19,140.9004441215502
2019-07-22,140.91710643766328
2019-07-23,140.88373799566648
2019-07-24,140.91710643766328
2019-07-25,140.83385327012556
2019-07-26,140.85045717321105
2019-07-29,140.85045717321105
2019-07-30,140.867134092581
2019-07-31,140.85045717321105
2019-08-01,141.25092228694305
2019-08-02,141.2843345387105
2019-08-05,141.56795899405466
2019-08-06,141.63460825850683
2019-08-07,141.6512997811337
2019-08-08,141.60131283279455
2019-08-09,141.51792823594482
2019-08-12,141.66803511353118
2019-08-13,141.50117830029043
2019-08-14,141.6847704459287
2019-08-15,141.98499880435833
2019-08-16,141.9683510915022
2019-08-19,141.81814199111759
2019-08-20,141.91826192036478
2019-08-21,141.78484656540525
2019-08-22,141.71803666512724
2019-08-23,141.95167417213224
2019-08-26,141.88487887511113
2019-08-27,141.9349680462485
2019-08-28,141.9683510915022
2019-08-29,141.90162881076552
2019-08-30,141.95167417213224
2019-09-03,142.0619141584052
2019-09-04,142.1789446591326
2019-09-05,141.86136763151603
2019-09-06,141.87811756717042
2019-09-09,141.72768941793242
2019-09-10,141.49371603601892
2019-09-11,141.49371603601892
2019-09-12,141.4602599744808
2019-09-13,141.226330402338
2019-09-16,141.34328788678096
2019-09-17,141.41012699357273
2019-09-18,141.3265963641541
2019-09-19,141.34328788678096
2019-09-20,141.49371603601892
2019-09-23,141.57731968172203
2019-09-24,141.72768941793242
2019-09-25,141.54381981041323
2019-09-26,141.6107027269757
2019-09-27,141.6942333563943
2019-09-30,141.76116008272746
2019-10-01,141.9200581209624
2019-10-02,142.07077833533822
2019-10-03,142.37213114454852
2019-10-04,142.35536660563722
2019-10-07,142.20470480428898
2019-10-08,142.28838146627652
2019-10-09,142.20470480428898
2019-10-10,142.03738068682767
2019-10-11,141.90341040810628
2019-10-14,141.9200581209624
2019-10-15,141.88668967896564
2019-10-16,141.95358719878502
2019-10-17,141.95358719878502
2019-10-18,142.00382240249132
2019-10-21,141.9368372631306
2019-10-22,141.98718929289205
2019-10-23,141.9703663409532
2019-10-24,141.9703663409532
2019-10-25,141.88668967896564
2019-10-28,141.83646907851625
2019-10-29,141.86988133028368
2019-10-30,141.95358719878502
2019-10-31,142.20470480428898
2019-11-01,142.12088210973252
2019-11-04,142.02035328929236
2019-11-05,141.91966383302636
2019-11-06,142.00353033735348
2019-11-07,141.83582653521302
2019-11-08,141.85263488389498
2019-11-11,141.88616396171756
2019-11-12,141.90291389737195
2019-11-13,141.9700012595309
2019-11-14,142.10410296756436
2019-11-15,142.05382395408736
2019-11-18,142.12088210973252
2019-11-19,142.10410296756436
2019-11-20,142.1711757264664
2019-11-21,142.10410296756436
2019-11-22,142.08735303190994
2019-11-25,142.10410296756436
2019-11-26,142.1711757264664
2019-11-27,142.08735303190994
2019-11-29,142.1376612519007
2019-12-02,142.0940267203093
2019-12-03,142.29555166541016
2019-12-04,142.228362080453
2019-12-05,142.16115789223892
2019-12-06,142.11083506899126
2019-12-09,142.11083506899126
2019-12-10,142.0436162775203
2019-12-11,142.16115789223892
2019-12-12,142.02677872232454
2019-12-13,142.19478919285973
2019-12-16,142.11083506899126
2019-12-17,142.14433494030004
2019-12-18,142.16115789223892
2019-12-19,142.1898094822598
2019-12-20,142.1898094822598
2019-12-23,142.1560905620976
2019-12-24,142.17289891077957
2019-12-26,142.22338236985303
2019-12-27,142.32437849451372
2019-12-30,142.3748035405596
2019-12-31,142.35798058862076
2020-01-02,142.42528699963307
2020-01-03,142.54298925017753
2020-01-06,142.49257880738853
2020-01-07,142.49257880738853
2020-01-08,142.42528699963307
2020-01-09,142.44212455482884
2020-01-10,142.47575585544968
2020-01-13,142.45896211002457
2020-01-14,142.47575585544968
2020-01-15,142.54298925017753
2020-01-16,142.54298925017753
2020-01-17,142.593472709251
2020-01-21,142.6271186131287
2020-01-22,142.66080832677707
2020-01-23,142.71117495979541
2020-01-24,142.76168762538265
2020-01-27,142.91310879608926
2020-01-28,142.84578778182004
2020-01-29,142.98028377778957
2020-01-30,142.99720895252662
2020-01-31,143.18224682059716
2020-02-03,143.14013102772245
2020-02-04,142.9884616016487
2020-02-05,142.88742166721732
2020-02-06,142.92102376132436
2020-02-07,143.00526995033067
2020-02-10,143.07267858414124
2020-02-11,143.00526995033067
2020-02-12,142.9378905230339
2020-02-13,142.97160944319606
2020-02-14,143.03903268026352
2020-02-18,143.08954534585075
2020-02-19,143.10633909127583
2020-02-20,143.14013102772245
2020-02-21,143.25809613689094
2020-02-24,143.49390952917273
2020-02-25,143.6455789552465
2020-02-26,143.74664809619165
2020-02-27,143.91511126769046
2020-02-28,144.43742595692405
2020-03-02,144.3782973697709
2020-03-03,144.95203012651896
2020-03-04,144.9689114914854
2020-03-05,145.27249859900004
2020-03-06,145.44131224866425
2020-03-09,146.23431290763622
2020-03-10,145.5931715170776
2020-03-11,145.42443088369782
2020-03-12,145.39077037656324
2020-03-13,145.57633396188186
2020-03-16,145.81251243558594
2020-03-17,145.47501656556955
2020-03-18,145.28942377373716
2020-03-19,145.5425420254352
2020-03-20,145.93057976755267
2020-03-23,146.09936421070307
2020-03-24,145.8968024343629
2020-03-25,146.0656744970547
2020-03-26,146.23431290763622
2020-03-27,146.20059398747404
2020-03-30,146.2680464310553
2020-03-31,146.23431290763622
2020-04-01,146.32889820252163
2020-04-02,146.3627339487389
2020-04-03,146.32889820252163
2020-04-06,146.2275808062093
2020-04-07,146.19383267953333
2020-04-08,146.2782249011086
2020-04-09,146.32889820252163
2020-04-13,146.34577956748805
2020-04-14,146.34577956748805
2020-04-15,146.39643826564418
2020-04-16,146.43033242488906
2020-04-17,146.37958610719156
2020-04-20,146.37958610719156
2020-04-21,146.41340725015198
2020-04-22,146.3627339487389
2020-04-23,146.34577956748805
2020-04-24,146.34577956748805
2020-04-27,146.34577956748805
2020-04-28,146.39643826564418
2020-04-29,146.37958610719156
2020-04-30,146.63298182077057
2020-05-01,146.41657615689738
2020-05-04,146.41657615689738
2020-05-05,146.3996801886741
2020-05-06,146.45032428357334
2020-05-07,146.5518899352528
2020-05-08,146.51799577600795
2020-05-11,146.46730787133802
2020-05-12,146.5011290142984
2020-05-13,146.5011290142984
2020-05-14,146.46730787133802
2020-05-15,146.5518899352528
2020-05-18,146.43351593489137
2020-05-19,146.51799577600795
2020-05-20,146.51799577600795
2020-05-21,146.4842330460751
2020-05-22,146.4842330460751
2020-05-26,146.4842330460751
2020-05-27,146.45032428357334
2020-05-28,146.51799577600795
2020-05-29,146.51799577600795
2020-06-01,146.5011290142984
2020-06-02,146.5011290142984
2020-06-03,146.38265279113872
2020-06-04,146.41650314061295
2020-06-05,146.36568380663098
2020-06-08,146.33193567995502
2020-06-09,146.38265279113872
2020-06-10,146.46724945831045
2020-06-11,146.39959256913272
2020-06-12,146.45028047380265
2020-06-15,146.41650314061295
2020-06-16,146.39959256913272
2020-06-17,146.45028047380265
2020-06-18,146.4334575218638
2020-06-19,146.46724945831045
2020-06-22,146.4334575218638
2020-06-23,146.46724945831045
2020-06-24,146.4842184428182
2020-06-25,146.4842184428182
2020-06-26,146.53493555400192
2020-06-29,146.56878590347614
2020-06-30,146.5519337450235
2020-07-01,146.50270616604269
2020-07-02,146.57053829430308
2020-07-06,146.51979197660557
2020-07-07,146.55355470653845
2020-07-08,146.55355470653845
2020-07-09,146.58747807229707
2020-07-10,146.53662953180134
2020-07-13,146.53662953180134
2020-07-14,146.55355470653845
2020-07-15,146.57053829430308
2020-07-16,146.57053829430308
2020-07-17,146.60444705680484
2020-07-20,146.57053829430308
2020-07-21,146.60444705680484
2020-07-22,146.58747807229707
2020-07-23,146.58747807229707
2020-07-24,146.60444705680484
2020-07-27,146.55355470653845
2020-07-28,146.58747807229707
2020-07-29,146.62134302502815
2020-07-30,146.67213315249634
2020-07-31,146.68897070769208
2020-08-03,146.688985310949
2020-08-04,146.70593969219985
2020-08-05,146.67213315249634
2020-08-06,146.67213315249634
2020-08-07,146.655105754961
2020-08-10,146.62131381851438
2020-08-11,146.58739045275573
2020-08-12,146.55349629351088
2020-08-13,146.53654191225996
2020-08-14,146.55349629351088
2020-08-17,146.57046527801862
2020-08-18,146.58739045275573
2020-08-19,146.58739045275573
2020-08-20,146.58739045275573
2020-08-21,146.57046527801862
2020-08-24,146.55349629351088
2020-08-25,146.57046527801862
2020-08-26,146.57046527801862
2020-08-27,146.55349629351088
2020-08-28,146.60440324703416
2020-08-31,146.655105754961
2020-09-01,146.6195760309443
2020-09-02,146.63645739591072
2020-09-03,146.6195760309443
2020-09-04,146.5686544741641
2020-09-08,146.58562345867188
2020-09-09,146.6026362529503
2020-09-10,146.58562345867188
2020-09-11,146.6195760309443
2020-09-14,146.6026362529503
2020-09-15,146.6195760309443
2020-09-16,146.63645739591072
2020-09-17,146.6026362529503
2020-09-18,146.6195760309443
2020-09-21,146.6026362529503
2020-09-22,146.63645739591072
2020-09-23,146.63645739591072
2020-09-24,146.6195760309443
2020-09-25,146.63645739591072
2020-09-28,146.65345558693227
2020-09-29,146.63645739591072
2020-09-30,146.65345558693227
2020-10-01,146.61954682443053
2020-10-02,146.63642818939695
2020-10-05,146.585608855415
2020-10-06,146.585608855415
2020-10-07,146.5686398709072
2020-10-08,146.5686398709072
2020-10-09,146.5686398709072
2020-10-12,146.60257783992273
2020-10-13,146.585608855415
2020-10-14,146.585608855415
2020-10-15,146.61954682443053
2020-10-16,146.60257783992273
2020-10-19,146.60257783992273
2020-10-20,146.585608855415
2020-10-21,146.585608855415
2020-10-22,146.53471650514857
2020-10-23,146.55172929942702
2020-10-26,146.5686398709072
2020-10-27,146.5686398709072
2020-10-28,146.5686398709072
2020-10-29,146.60257783992273
2020-10-30,146.585608855415
2020-11-02,146.58385646458802
2020-11-03,146.54997690860003
2020-11-04,146.58385646458802
2020-11-05,146.54997690860003
2020-11-06,146.56690208333714
2020-11-09,146.51608274935518
2020-11-10,146.49905535181983
2020-11-11,146.46516119257498
2020-11-12,146.48210097056895
2020-11-13,146.48210097056895
2020-11-16,146.51608274935518
2020-11-17,146.49905535181983
2020-11-18,146.49905535181983
2020-11-19,146.5329787175785
2020-11-20,146.54997690860003
2020-11-23,146.54997690860003
2020-11-24,146.56690208333714
2020-11-25,146.58385646458802
2020-11-27,146.58385646458802
2020-11-30,146.6178820531449
2020-12-01,146.5380314444629
2020-12-02,146.5720424297629
2020-12-03,146.60596579552154
2020-12-04,146.5889676045
2020-12-07,146.62294938328623
2020-12-08,146.5889676045
2020-12-09,146.5720424297629
2020-12-10,146.60596579552154
2020-12-11,146.6908253213173
2020-12-14,146.67391474983708
2020-12-15,146.67391474983708
2020-12-16,146.67391474983708
2020-12-17,146.67733191194966
2020-12-18,146.66028991115743
2020-12-21,146.66028991115743
2020-12-22,146.66028991115743
2020-12-23,146.6941548638885
2020-12-24,146.66028991115743
2020-12-28,146.67733191194966
2020-12-29,146.67733191194966
2020-12-30,146.6941548638885
2020-12-31,146.67733191194966
2021-01-04,146.6941548638885
2021-01-05,146.6941548638885
2021-01-06,146.60932454460655
2021-01-07,146.64327711687898
2021-01-08,146.62629352911435
2021-01-11,146.60932454460655
2021-01-12,146.60932454460655
2021-01-13,146.592326353585
2021-01-14,146.60932454460655
2021-01-15,146.62629352911435
2021-01-19,146.67733191194966
2021-01-20,146.66028991115743
2021-01-21,146.67733191194966
2021-01-22,146.67733191194966
2021-01-25,146.6941548638885
2021-01-26,146.67733191194966
2021-01-27,146.67733191194966
2021-01-28,146.66028991115743
2021-01-29,146.71122607119455
2021-02-01,146.7282242622161
2021-02-02,146.67724429240832
2021-02-03,146.6941548638885
2021-02-04,146.6941548638885
2021-02-05,146.7282242622161
2021-02-08,146.71121146793763
2021-02-09,146.67724429240832
2021-02-10,146.6941548638885
2021-02-11,146.6941548638885
2021-02-12,146.71121146793763
2021-02-16,146.66026070464366
2021-02-17,146.6941548638885
2021-02-18,146.6941548638885
2021-02-19,146.71121146793763
2021-02-22,146.67724429240832
2021-02-23,146.6941548638885
2021-02-24,146.66026070464366
2021-02-25,146.43944485718927
2021-02-26,146.62627892585743
2021-03-01,146.61272710346225
2021-03-02,146.64669427899156
2021-03-03,146.5617179271407
2021-03-04,146.5617179271407
2021-03-05,146.5617179271407
2021-03-08,146.51075256058982
2021-03-09,146.51075256058982
2021-03-10,146.5617179271407
2021-03-11,146.5617179271407
2021-03-12,146.54476354588982
2021-03-15,146.5617179271407
2021-03-16,146.5617179271407
2021-03-17,146.59565589615625
2021-03-18,146.5786723083916
2021-03-19,146.5786723083916
2021-03-22,146.5617179271407
2021-03-23,146.5786723083916
2021-03-24,146.61272710346225
2021-03-25,146.62969608797002
2021-03-26,146.62969608797002
2021-03-29,146.59565589615625
2021-03-30,146.59565589615625
2021-03-31,146.54476354588982
2021-04-01,146.54304036157663
2021-04-05,146.50907318604732
2021-04-06,146.54304036157663
2021-04-07,146.5600239493413
2021-04-08,146.61103312566286
2021-04-09,146.5600239493413
2021-04-12,146.5260275672982
2021-04-13,146.57703674361974
2021-04-14,146.57703674361974
2021-04-15,146.61103312566286
2021-04-16,146.5940349346413
2021-04-19,146.57703674361974
2021-04-20,146.61103312566286
2021-04-21,146.64500030119217
2021-04-22,146.62800211017063
2021-04-23,146.5940349346413
2021-04-26,146.5600239493413
2021-04-27,146.54304036157663
2021-04-28,146.57703674361974
2021-04-29,146.61103312566286
2021-04-30,146.62800211017063
2021-05-03,146.61440647800475
2021-05-04,146.61440647800475
2021-05-05,146.64840286004787
2021-05-06,146.64840286004787
2021-05-07,146.69939743311252
2021-05-10,146.64840286004787
2021-05-11,146.63140466902632
2021-05-12,146.61440647800475
2021-05-13,146.64840286004787
2021-05-14,146.64840286004787
2021-05-17,146.64840286004787
2021-05-18,146.66538644781252
2021-05-19,146.61440647800475
2021-05-20,146.68237003557718
2021-05-21,146.64840286004787
2021-05-24,146.68237003557718
2021-05-25,146.68237003557718
2021-05-26,146.71638102087718
2021-05-27,146.71638102087718
2021-05-28,146.71638102087718
2021-06-01,146.68581640420356
2021-06-02,146.7027999919682
2021-06-03,146.65176160913288
2021-06-04,146.7027999919682
2021-06-07,146.68581640420356
2021-06-08,146.7197543732191
2021-06-09,146.68581640420356
2021-06-10,146.73676716749753
2021-06-11,146.7027999919682
2021-06-14,146.65176160913288
2021-06-15,146.6347926246251
2021-06-16,146.4987924931958
2021-06-17,146.4987924931958
2021-06-18,146.3798051560449
2021-06-21,146.41380153808802
2021-06-22,146.4987924931958
2021-06-23,146.3967741405527
2021-06-24,146.41380153808802
2021-06-25,146.3967741405527
2021-06-28,146.44779792013114
2021-06-29,146.4307997291096
2021-06-30,146.46475230138202
2021-07-01,146.43592547227846
2021-07-02,146.50393283962154
2021-07-06,146.55485439640177
2021-07-07,146.57195481022154
2021-07-08,146.63991836779397
2021-07-09,146.58887998495865
2021-07-12,146.55485439640177
2021-07-13,146.43592547227846
2021-07-14,146.537885411894
2021-07-15,146.55485439640177
2021-07-16,146.537885411894
2021-07-19,146.60593658900777
2021-07-20,146.67391474983708
2021-07-21,146.62287636700177
2021-07-22,146.63991836779397
2021-07-23,146.65693116207242
2021-07-26,146.62287636700177
2021-07-27,146.65693116207242
2021-07-28,146.67391474983708
2021-07-29,146.67391474983708
2021-07-30,146.70796954490774
2021-08-02,146.7623228670574
2021-08-03,146.7623228670574
2021-08-04,146.71129908747898
2021-08-05,146.64327711687898
2021-08-06,146.592326353585
2021-08-09,146.54122955772212
2021-08-10,146.49026419117124
2021-08-11,146.55827155851432
2021-08-12,146.55827155851432
2021-08-13,146.57524054302212
2021-08-16,146.6092515283221
2021-08-17,146.57524054302212
2021-08-18,146.57524054302212
2021-08-19,146.57524054302212
2021-08-20,146.57524054302212
2021-08-23,146.57524054302212
2021-08-24,146.55827155851432
2021-08-25,146.54122955772212
2021-08-26,146.54122955772212
2021-08-27,146.64327711687898
2021-08-30,146.67733191194966
2021-08-31,146.6603191176712
2021-09-01,146.64841746330475
2021-09-02,146.64841746330475
2021-09-03,146.64841746330475
2021-09-07,146.59736447721252
2021-09-08,146.63136085925564
2021-09-09,146.6654010510694
2021-09-10,146.61442108126167
2021-09-13,146.64841746330475
2021-09-14,146.6654010510694
2021-09-15,146.6654010510694
2021-09-16,146.61442108126167
2021-09-17,146.5803516829341
2021-09-20,146.61442108126167
2021-09-21,146.64841746330475
2021-09-22,146.56332428539875
2021-09-23,146.47836253680478
2021-09-24,146.42729494745566
2021-09-27,146.41034056620478
2021-09-28,146.42729494745566
2021-09-29,146.47836253680478
2021-09-30,146.51234431559098
2021-10-01,146.5820310574766
2021-10-04,146.51406749990417
2021-10-05,146.49702549911194
2021-10-06,146.47999810157663
2021-10-07,146.4289451154844
2021-10-08,146.37793593916285
2021-10-11,146.25891939549817
2021-10-12,146.32692676284128
2021-10-13,146.27590298326285
2021-10-14,146.27590298326285
2021-10-15,146.1908536151275
2021-10-18,146.08880605597062
2021-10-19,146.13982983554908
2021-10-20,146.1908536151275
2021-10-21,146.02079868862754
2021-10-22,145.98678770332754
2021-10-25,146.05479507067062
2021-10-26,146.02079868862754
2021-10-27,145.98678770332754
2021-10-28,146.00372748132153
2021-10-29,146.02079868862754
2021-11-01,145.95444148931315
2021-11-02,146.10754203456227
2021-11-03,146.07351644600536
2021-11-04,146.20958959371916
2021-11-05,146.27762616757602
2021-11-08,146.10754203456227
2021-11-09,146.1925914026976
2021-11-10,145.90341770973473
2021-11-11,145.80132634080715
2021-11-12,145.92040129749938
2021-11-15,145.90341770973473
2021-11-16,145.90341770973473
2021-11-17,145.95444148931315
2021-11-18,145.93744329829158
2021-11-19,145.90341770973473
2021-11-22,145.73336278323472
2021-11-23,145.73336278323472
2021-11-24,145.6992495751365
2021-11-26,145.98848168112693
2021-11-29,146.05650365172693
2021-11-30,145.93744329829158
2021-12-01,145.95441228279938
2021-12-02,145.76722773596583
2021-12-03,145.8523355171287
2021-12-06,145.7332167506658
2021-12-07,145.54591537777713
2021-12-08,145.59699757038314
2021-12-09,145.54591537777713
2021-12-10,145.61401036466157
2021-12-13,145.69917655885203
2021-12-14,145.61401036466157
2021-12-15,145.66510716052449
2021-12-16,145.78086717790234
2021-12-17,145.71275758776102
2021-12-20,145.7468123828317
2021-12-21,145.661675395155
2021-12-22,145.64463339436278
2021-12-23,145.62762060008433
2021-12-27,145.57653840747832
2021-12-28,145.57653840747832
2021-12-29,145.5594964066861
2021-12-30,145.64463339436278
2021-12-31,145.62762060008433
2022-01-03,145.45743424427232
2022-01-04,145.54252742217832
2022-01-05,145.355313668831
2022-01-06,145.236078076313
2022-01-07,145.2020378844992
2022-01-10,145.11691550007941
2022-01-11,145.16796848617165
2022-01-12,145.11691550007941
2022-01-13,145.18502509022076
2022-01-14,144.99769451081826
2022-01-18,144.77641135914337
2022-01-19,144.8445209492847
2022-01-20,144.81045155095714
2022-01-21,144.9296725402183
2022-01-24,145.01475111486738
2022-01-25,144.94668533449672
2022-01-26,144.6912889747236
2022-01-27,144.5721410017469
2022-01-28,144.62320859109604
2022-01-31,144.62320859109604
2022-02-01,144.61126312695887
2022-02-02,144.6453763350571
2022-02-03,144.5261699490529
2022-02-04,144.2366603811815
2022-02-07,144.2706859697384
2022-02-08,144.1174101854066
2022-02-09,144.10041199438507
2022-02-10,143.36816088408116
2022-02-11,143.81093163302745
2022-02-14,143.50436546110697
2022-02-15,143.55549146348366
2022-02-16,143.74277823311544
2022-02-17,143.82798823707657
2022-02-18,143.84494261832745
2022-02-22,143.70873804130167
2022-02-23,143.62352803734052
2022-02-24,143.74277823311544
2022-02-25,143.74277823311544
2022-02-28,143.99821840265926
2022-03-01,144.33038408391033
2022-03-02,143.85339790406755
2022-03-03,143.85339790406755
2022-03-04,144.0067321014269
2022-03-07,143.81940152202446
2022-03-08,143.63201252959442
2022-03-09,143.54681712889018
2022-03-10,143.42755232985837
2022-03-11,143.37651394702306
2022-03-14,143.00172135890608
2022-03-15,143.05281815476894
2022-03-16,142.91649675168804
2022-03-17,142.8654437655958
2022-03-18,142.83137436726824
2022-03-21,142.3544027906824
2022-03-22,142.2522091989566
2022-03-23,142.37143018821772
2022-03-24,142.33738999640394
2022-03-25,141.94555540749477
2022-03-28,141.80932162395519
2022-03-29,141.87741661083965
2022-03-30,141.979668615593
2022-03-31,141.979668615593
2022-04-01,141.68316408767066
2022-04-04,141.7683156786042
2022-04-05,141.51271487323461
2022-04-06,141.61495227473105
2022-04-07,141.71720427948443
2022-04-08,141.54679887481905
2022-04-11,141.5808974796604
2022-04-12,141.93877949629717
2022-04-13,142.0068890864385
2022-04-14,141.75131748758267
2022-04-18,141.75131748758267
2022-04-19,141.42751947253035
2022-04-20,141.51271487323461
2022-04-21,141.274185275171
2022-04-22,141.24007206707276
2022-04-25,141.46158887085792
2022-04-26,141.71720427948443
2022-04-27,141.64905087957243
2022-04-28,141.54679887481905
2022-04-29,141.274185275171
2022-05-02,141.26394839209016
2022-05-03,141.19576578566435
2022-05-04,141.57080662914848
2022-05-05,141.33211639525905
2022-05-06,141.3150889977237
2022-05-09,141.67310244367252
2022-05-10,141.58784862994068
2022-05-11,141.60494904376048
2022-05-12,141.80954067280857
2022-05-13,141.75840006717496
2022-05-16,141.8436100711361
2022-05-17,141.5367080243071
2022-05-18,141.60494904376048
2022-05-19,141.80954067280857
2022-05-20,141.91192410687395
2022-05-23,141.8436100711361
2022-05-24,142.167597928528
2022-05-25,142.26990834630894
2022-05-26,142.30400695115028
2022-05-27,142.3381493657623
2022-05-31,142.11642811638066
2022-06-01,141.85197773733486
2022-06-02,141.88606173891932
2022-06-03,141.83490653002886
2022-06-06,141.647225472461
2022-06-07,141.66426747325323
2022-06-08,141.56186943593093
2022-06-09,141.45952981163623
2022-06-10,140.8622712080362
2022-06-13,140.1455871695785
2022-06-14,139.87255007548058
2022-06-15,140.4186388669333
2022-06-16,140.60629071798738
2022-06-17,140.57214830337537
2022-06-21,140.52093468145733
2022-06-22,140.93049762423263
2022-06-23,141.04995226560405
2022-06-24,141.015809850992
2022-06-27,140.8622712080362
2022-06-28,140.82815799993793
2022-06-29,140.99878245345667
2022-06-30,141.27176113452703
2022-07-01,141.69706638823124
2022-07-05,141.68000978418212
2022-07-06,141.2871675705474
2022-07-07,141.18468191368382
2022-07-08,141.01383841131167
2022-07-11,141.06511044625728
2022-07-12,141.133439085252
2022-07-13,140.97968139344277
2022-07-14,140.92849697803854
2022-07-15,141.03095342838836
2022-07-18,140.94556818534454
2022-07-19,140.791854303306
2022-07-20,140.77478309599996
2022-07-21,141.1676253096347
2022-07-22,141.52629590214357
2022-07-25,141.40668062494638
2022-07-26,141.33838119246545
2022-07-27,141.5604529200125
2022-07-28,141.86789528734647
2022-07-29,141.85083868329735
2022-08-01,141.8473485049003
2022-08-02,141.35153872692456
2022-08-03,141.40285457164083
2022-08-04,141.590900710631
2022-08-05,141.00955965704253
2022-08-08,141.14636296760085
2022-08-09,141.00955965704253
2022-08-10,141.14636296760085
2022-08-11,141.09504712288458
2022-08-12,141.12927715703796
2022-08-15,141.2489508472627
2022-08-16,141.12927715703796
2022-08-17,141.00955965704253
2022-08-18,141.21475001962312
2022-08-19,141.11217674321816
2022-08-22,140.92410139771422
2022-08-23,140.99241543345204
2022-08-24,140.8385701221015
2022-08-25,140.92410139771422
2022-08-26,140.88988596681776
2022-08-29,140.7873126904128
2022-08-30,140.71889643187671
2022-08-31,140.70181062131383
2022-09-01,140.59914972536748
2022-09-02,140.9071762229771
2022-09-06,140.59914972536748
2022-09-07,140.80454453354457
2022-09-08,140.63332134649332
2022-09-09,140.51348702044274
2022-09-12,140.49638660662293
2022-09-13,140.01700549265
2022-09-14,139.89721497637012
2022-09-15,139.74309220313862
2022-09-16,139.8116106844729
2022-09-19,139.65759013403965
2022-09-20,139.58908625596226
2022-09-21,139.46928113642545
2022-09-22,139.21251207050454
2022-09-23,139.04123047042566
2022-09-26,138.7331017500178
2022-09-27,138.7331017500178
2022-09-28,139.3323025867844
2022-09-29,139.14397898591332
2022-09-30,139.02414465986277
2022-10-03,139.3293089191217
2022-10-04,139.3806977801224
2022-10-05,139.2435293881418
2022-10-06,139.0721455652647
2022-10-07,138.9007325358738
2022-10-10,138.84924145207484
2022-10-11,138.9178329496936
2022-10-12,139.0550159449311
2022-10-13,138.6435983885306
2022-10-14,138.57503609742562
2022-10-17,138.72930490322602
2022-10-18,138.79783798781725
2022-10-19,138.5407184437309
2022-10-20,138.3864350346736
2022-10-21,138.74644912681651
2022-10-24,138.71216067963556
2022-10-25,138.84924145207484
2022-10-26,138.9692948269788
2022-10-27,139.26067361173227
2022-10-28,139.0550159449311
2022-10-31,138.84924145207484
2022-11-01,138.7136502118385
2022-11-02,138.6449272849077
2022-11-03,138.38734043660088
2022-11-04,138.54188670428223
2022-11-07,138.42171650332315
2022-11-08,138.55910394415713
2022-11-09,138.7823293289986
2022-11-10,139.5378726340442
2022-11-11,139.5035403770926
2022-11-14,139.38331176310598
2022-11-15,139.52072841045373
2022-11-16,139.5378726340442
2022-11-17,139.3661675395155
2022-11-18,139.21162127183416
2022-11-21,139.17730361813943
2022-11-22,139.28032959550805
2022-11-23,139.40047058995333
2022-11-25,139.41767322657134
2022-11-28,139.45202008677987
2022-11-29,139.40047058995333
2022-11-30,139.81264751571217
2022-12-01,140.1137666728122
2022-12-02,140.07933219306236
2022-12-05,139.68355472479251
2022-12-06,139.83842226412546
2022-12-07,140.13095470617333
2022-12-08,139.99327520020154
2022-12-09,139.92450846350008
2022-12-12,139.83842226412546
2022-12-13,140.25137316249956
2022-12-14,140.26864881540206
2022-12-15,140.28756003307637
2022-12-16,140.4255608106998
2022-12-19,140.25309634681275
2022-12-20,140.25309634681275
2022-12-21,140.3910533146655
2022-12-22,140.30480647946507
2022-12-23,140.23584990042403
2022-12-27,140.0461243868914
2022-12-28,140.0461243868914
2022-12-29,140.14966147825118
2022-12-30,139.97718241110724
2023-01-03,140.09793674234197
2023-01-04,140.23584990042403
2023-01-05,140.0461243868914
2023-01-06,140.5807496216844
2023-01-09,140.71875039930782
2023-01-10,140.59796686155929
2023-01-11,140.71875039930782
2023-01-12,141.02914262453382
2023-01-13,140.78769237509195
2023-01-17,140.8739246070355
2023-01-18,141.18428762574774
2023-01-19,141.14983854274098
2023-01-20,141.02914262453382
2023-01-23,140.8911272436535
2023-01-24,140.94293959910408
2023-01-25,141.02914262453382
2023-01-26,140.94293959910408
2023-01-27,140.94293959910408
2023-01-30,140.80495342473756
2023-01-31,141.06360631079747
2023-02-01,141.30894102657246
2023-02-02,141.32620207621804
2023-02-03,140.8079032826296
2023-02-06,140.4105486626155
2023-02-07,140.47968048073923
2023-02-08,140.53144902641912
2023-02-09,140.4277951090042
2023-02-10,140.35872170390803
2023-02-13,140.39322919994234
2023-02-14,140.09951389408624
2023-02-15,140.1168479600163
2023-02-16,140.1340798031481
2023-02-17,140.2550385799793
2023-02-21,139.97864273679636
2023-02-22,140.04774534840635
2023-02-23,140.1340798031481
2023-02-24,139.840364497292
2023-02-27,139.9613232741232
2023-02-28,139.92675736506135
2023-03-01,139.67058703267296
2023-03-02,139.72250161092177
2023-03-03,139.8090697177738
2023-03-06,139.73980647033807
2023-03-07,139.4455216374632
2023-03-08,139.37627299328432
2023-03-09,139.82638918044697
2023-03-10,140.58805125013006
2023-03-13,141.99032899312368
2023-03-14,141.4537031121366
2023-03-15,142.28462842925543
2023-03-16,141.7133490196651
2023-03-17,142.42314032087006
2023-03-20,142.25004791693667
2023-03-21,141.7133490196651
2023-03-22,142.37122574262125
2023-03-23,142.7866591946669
2023-03-24,142.85592244210267
2023-03-27,142.25004791693667
2023-03-28,142.09412894310753
2023-03-29,142.04227277788627
2023-03-30,142.05960684381634
2023-03-31,142.2327430575204
2023-04-03,142.40618593961918
2023-04-04,142.7358690671987
2023-04-05,142.92668982499822
2023-04-06,142.87464381743737
2023-04-10,142.3714739979884
2023-04-11,142.35412532880144
2023-04-12,142.51029255799773
2023-04-13,142.59702130067558
2023-04-14,142.26739658612362
2023-04-17,142.05922715913718
2023-04-18,142.0244860109926
2023-04-19,141.90304532668398
2023-04-20,142.25006252019355
2023-04-21,142.16326076123127
2023-04-24,142.31947180019824
2023-04-25,142.87464381743737
2023-04-26,142.70111331579724
2023-04-27,142.4235638153199
2023-04-28,142.57968723474553
2023-05-01,142.26840421084913
2023-05-02,142.73791352316348
2023-05-03,143.085748499059
2023-05-04,143.3117777092236
2023-05-05,142.96398654309877
2023-05-08,142.73791352316348
2023-05-09,142.70315777176205
2023-05-10,143.0509489378869
2023-05-11,143.13791133267497
2023-05-12,142.89444583378207
2023-05-15,142.9118383127397
2023-05-16,142.73791352316348
2023-05-17,142.5814542288294
2023-05-18,142.3205524412082
2023-05-19,142.21625598049005
2023-05-22,142.1640639403603
2023-05-23,142.14668606465958
2023-05-24,141.9727320685696
2023-05-25,141.65975506687377
2023-05-26,141.62497010895856
2023-05-30,141.9032059625098
2023-05-31,142.04236039742764
2023-06-01,142.263716565387
2023-06-02,141.86276954417758
2023-06-05,141.89765672489108
2023-06-06,141.8278823634641
2023-06-07,141.7233522506357
2023-06-08,141.9499071780484
2023-06-09,141.68845046666533
2023-06-12,141.81047528124958
2023-06-13,141.54903317312343
2023-06-14,141.46183712622508
2023-06-15,141.7581810183216
2023-06-16,141.56641104882416
2023-06-20,141.61871991500905
2023-06-21,141.61871991500905
2023-06-22,141.46183712622508
2023-06-23,141.58387654406624
2023-06-26,141.68845046666533
2023-06-27,141.47928801821027
2023-06-28,141.63611239396667
2023-06-29,141.2875472552266
2023-06-30,141.3398123116408
2023-07-03,141.17552567161292
2023-07-05,141.14059468112876
2023-07-06,141.05317958537702
2023-07-07,141.21054428163842
2023-07-10,141.4202032408278
2023-07-11,141.40272314232882
2023-07-12,141.82215788676268
2023-07-13,142.2241563424683
2023-07-14,141.85710348050372
2023-07-17,141.90954377600065
2023-07-18,141.90954377600065
2023-07-19,141.96196946824065
2023-07-20,141.78719768976475
2023-07-21,141.80466318500683
2023-07-24,141.6299644228154
2023-07-25,141.61244051454577
2023-07-26,141.7522666992806
2023-07-27,141.54254932706368
2023-07-28,141.73480120403855
2023-07-31,141.7697175912658
2023-08-01,141.650584221546
2023-08-02,141.7206506481108
2023-08-03,141.7732661826904
2023-08-04,142.05356109546332
2023-08-07,142.1061766300429
2023-08-08,142.1762430566077
2023-08-09,142.08862351525948
2023-08-10,142.01858629520848
2023-08-11,141.87838042579446
2023-08-14,141.75572767116387
2023-08-15,141.8082555862021
2023-08-16,141.73815995312356
2023-08-17,141.8959043340641
2023-08-18,141.94847605887304
2023-08-21,141.79074628118937
2023-08-22,141.7206506481108
2023-08-23,141.98349466889852
2023-08-24,141.8959043340641
2023-08-25,141.8082555862021
2023-08-28,141.8959043340641
2023-08-29,142.21134928617457
2023-08-30,142.21134928617457
2023-08-31,142.351496742561
2023-09-01,142.27417249732122
2023-09-05,142.09850992017493
2023-09-06,141.9404004578121
2023-09-07,142.20391622841683
2023-09-08,142.1336307529987
2023-09-11,142.16880999885
2023-09-12,142.09850992017493
2023-09-13,142.22146934320025
2023-09-14,142.18637771689032
2023-09-15,142.11607763821524
2023-09-18,142.09850992017493
2023-09-19,141.99313281844684
2023-09-20,141.90529422824525
2023-09-21,141.97555049714964
2023-09-22,142.11607763821524
2023-09-25,142.0633744840943
2023-09-26,142.08094220213462
2023-09-27,141.97555049714964
2023-09-28,142.22146934320025
2023-09-29,142.23906626775437
2023-10-02,142.0963924479257
2023-10-03,141.99072328105976
2023-10-04,142.30771617840068
2023-10-05,142.4486230041455
2023-10-06,142.32534230946857
2023-10-09,142.74809199321678
2023-10-10,142.65996133787738
2023-10-11,142.62476748876918
2023-10-12,142.4486230041455
2023-10-13,142.53672445297113
2023-10-16,142.4486230041455
2023-10-17,142.13164471006147
2023-10-18,142.13164471006147
2023-10-19,142.32534230946857
2023-10-20,142.5543359807821
2023-10-23,142.64236441332326
2023-10-24,142.60715596095818
2023-10-25,142.4486230041455
2023-10-26,142.73043665563512
2023-10-27,142.81846508817628
2023-10-30,142.765674314514
2023-10-31,142.71282512782412
2023-11-01,143.0307526336061
2023-11-02,143.04839336793088
2023-11-03,143.4369860338102
2023-11-06,143.1720391440301
2023-11-07,143.27798577277696
2023-11-08,143.24270430412741
2023-11-09,143.0307526336061
2023-11-10,143.06604870551254
2023-11-13,143.11901471825755
2023-11-14,143.68424837949482
2023-11-15,143.41931609297163
2023-11-16,143.66660764517007
2023-11-17,143.56058800013872
2023-11-20,143.57827254423418
2023-11-21,143.66660764517007
2023-11-22,143.68424837949482
2023-11-24,143.57827254423418
2023-11-27,143.75491353959217
2023-11-28,144.0198458261154
2023-11-29,144.30243345022024
2023-11-30,144.214142159055
2023-12-01,144.63398579468185
2023-12-04,144.42139158085732
2023-12-05,144.5985436902065
2023-12-06,144.56313079224495
2023-12-07,144.6694278991572
2023-12-08,144.3505511816773
2023-12-11,144.38599328615265
2023-12-12,144.403692433505
2023-12-13,145.13005843128164
2023-12-14,145.37886872219676
2023-12-15,145.2189192494656
2023-12-18,145.20113248257192
2023-12-19,145.25446357673923
2023-12-20,145.44995737674395
2023-12-21,145.592178495609
2023-12-22,145.6454511767487
2023-12-26,145.5743333156877
2023-12-27,145.75209876182635
2023-12-28,145.73432659818957
2023-12-29,145.80542985599362
2024-01-02,145.62766440985502
2024-01-03,145.66323794364237
2024-01-04,145.5743333156877
2024-01-05,145.53881819492793
2024-01-08,145.66323794364237
2024-01-09,145.69878227091598
2024-01-10,145.69878227091598
2024-01-11,146.03645338001508
2024-01-12,146.3385801618406
2024-01-16,146.10752743130539
2024-01-17,145.82318741637354
2024-01-18,145.89423226115002
2024-01-19,145.78761388258616
2024-01-22,145.85870253713333
2024-01-23,145.84095958001032
2024-01-24,145.76981251243558
2024-01-25,146.03645338001508
2024-01-26,145.9475925618311
2024-01-29,146.08975526766855
2024-01-30,146.00087984622772
2024-01-31,146.2675061105503
2024-02-01,146.48493400240588
2024-02-02,146.0215288514721
2024-02-05,145.736283434613
2024-02-06,145.9680663279928
2024-02-07,145.91454539148594
2024-02-08,145.87892804792787
2024-02-09,145.82543631793482
2024-02-12,145.84323768808537
2024-02-13,145.37980333063783
2024-02-14,145.59372644083948
2024-02-15,145.736283434613
2024-02-16,145.55807989076763
2024-02-20,145.64715975780499
2024-02-21,145.52240413418204
2024-02-22,145.50457355751766
2024-02-23,145.57586665766132
2024-02-26,145.46894161070273
2024-02-27,145.46894161070273
2024-02-28,145.61155701750383
2024-02-29,145.70063688454118
2024-03-01,145.9867000837862
2024-03-04,145.84367578579213
2024-03-05,145.95093670765922
2024-03-06,145.9867000837862
2024-03-07,146.16544394813653
2024-03-08,146.23699990690423
2024-03-11,146.1118499953452
2024-03-12,145.96882569735115
2024-03-13,145.89729894509722
2024-03-14,145.7721928433089
2024-03-15,145.68276249810614
2024-03-18,145.70069529756876
2024-03-19,145.82581600261398
2024-03-20,146.05819762952632
2024-03-21,146.05819762952632
2024-03-22,146.16544394813653
2024-03-25,146.0939464023964
2024-03-26,146.12969517526645
2024-03-27,146.29062306620935
2024-03-28,146.20125113403418
2024-04-01,145.89629132037172
2024-04-02,145.96805172473591
2024-04-03,146.07563391825462
2024-04-04,146.219154726983
2024-04-05,145.9860137307123
2024-04-08,145.84246371547013
2024-04-09,145.9860137307123
2024-04-10,145.39408531587756
2024-04-11,145.57341331050358
2024-04-12,145.66312111758725
2024-04-15,145.60933732245633
2024-04-16,145.51961491211577
2024-04-17,145.62728472517583
2024-04-18,145.55552432081166
2024-04-19,145.59137531647997
2024-04-22,145.66312111758725
2024-04-23,145.78865071382546
2024-04-24,145.73486691869454
2024-04-25,145.62728472517583
2024-04-26,145.66312111758725
2024-04-29,145.73486691869454
2024-04-30,145.55552432081166
2024-05-01,145.84701993162025
2024-05-02,146.0629582912729
2024-05-03,146.2969316731864
2024-05-06,146.27891125418247
2024-05-07,146.2969316731864
2024-05-08,146.26089083517851
2024-05-09,146.38685852912346
2024-05-10,146.26089083517851
2024-05-13,146.2969316731864
2024-05-14,146.44080296008016
2024-05-15,146.7107733702309
2024-05-16,146.602811492033
2024-05-17,146.51281161981152
2024-05-20,146.47687300460186
2024-05-21,146.54880864804875
2024-05-22,146.44080296008016
2024-05-23,146.3688527133764
2024-05-24,146.42285555736066
2024-05-28,146.2969316731864
2024-05-29,146.24292882920213
2024-05-30,146.40484974161362
2024-05-31,146.602811492033
2024-06-03,146.76890893591542
2024-06-04,146.9132767335435
2024-06-05,147.0577467539698
2024-06-06,147.07581098274443
2024-06-07,146.6966812273307
2024-06-10,146.71473085284845
2024-06-11,146.87719208576493
2024-06-12,147.07581098274443
2024-06-13,147.31045611447493
2024-06-14,147.32852034324955
2024-06-17,147.18410873585083
2024-06-18,147.38266921980275
2024-06-20,147.32852034324955
2024-06-21,147.38266921980275
2024-06-24,147.40071884532048
2024-06-25,147.4187830740951
2024-06-26,147.27437146669635
2024-06-27,147.38266921980275
2024-06-28,147.40071884532048
2024-07-01,147.27393336898962
2024-07-02,147.4006896388067
2024-07-03,147.6180883241485
2024-07-05,147.88978191861239
2024-07-08,147.8716446735533
2024-07-09,147.83545780297652
2024-07-10,147.88978191861239
2024-07-11,148.23390766725748
2024-07-12,148.4512625428286
2024-07-15,148.4512625428286
2024-07-16,148.50561586497827
2024-07-17,148.5236946970098
2024-07-18,148.4512625428286
2024-07-19,148.37881578539054
2024-07-22,148.39693842719274
2024-07-23,148.46935597811702
2024-07-24,148.54183194206888
2024-07-25,148.55995458387108
2024-07-26,148.75918681764
2024-07-29,148.7772948561853
2024-07-30,148.8316189718212
2024-07-31,149.1395432466326
2024-08-01,149.39759739915993
2024-08-02,150.23353163339254
2024-08-05,150.1971987302468
2024-08-06,150.01547580149062
2024-08-07,149.92458513059873
2024-08-08,149.8519193243073
2024-08-09,149.88825222745302
2024-08-12,149.979128295088
2024-08-13,150.21535057856278
2024-08-14,150.1971987302468
2024-08-15,149.83370906296375
2024-08-16,149.99730934991777
2024-08-19,149.96096184351515
2024-08-20,150.17900307216016
2024-08-21,150.34258875585726
2024-08-22,150.14269937552822
2024-08-23,150.48794957495394
2024-08-26,150.41526916540562
2024-08-27,150.5061452330406
2024-08-28,150.48794957495394
2024-08-29,150.46979772663798
2024-08-30,150.46979772663798
2024-09-03,150.63030212313103
2024-09-04,150.9585395282783
2024-09-05,151.01322872533646
2024-09-06,151.28679153668247
2024-09-09,151.3050164012829
2024-09-10,151.52381699928628
2024-09-11,151.39619913731258
2024-09-12,151.41443860516992
2024-09-13,151.63328301294396
2024-09-16,151.7244365424599
2024-09-17,151.61499973531596
2024-09-18,151.5603105382578
2024-09-19,151.68800141651593
2024-09-20,151.74269061357407
2024-09-23,151.74269061357407
2024-09-24,151.88857714991886
2024-09-25,151.76090087491764
2024-09-26,151.61499973531596
2024-09-27,151.85209821420423
2024-09-30,151.63328301294396
2024-10-01,151.730204828932
2024-10-02,151.6936090671622
2024-10-03,151.49237618719914
2024-10-04,150.98006472893616
2024-10-07,150.7788318489731
2024-10-08,150.90690241191044
2024-10-09,150.76051936483134
2024-10-10,150.88860453102552
2024-10-11,151.01666049070593
2024-10-14,150.94349817368018
2024-10-15,151.01666049070593
2024-10-16,151.10814989513037
2024-10-17,150.98006472893616
2024-10-18,151.10814989513037
2024-10-21,150.88860453102552
2024-10-22,150.87027744362686
2024-10-23,150.7788318489731
2024-10-24,150.8519941659989
2024-10-25,150.797129729858
2024-10-28,150.72392360306156
2024-10-29,150.7788318489731
2024-10-30,150.65071747626516
2024-10-31,150.6873278412918
2024-11-01,150.6377789906594
2024-11-04,150.74794596064785
2024-11-05,150.7112041663092
2024-11-06,150.52761202067092
2024-11-07,150.78461473870212
2024-11-08,150.6744769752274
2024-11-11,150.56431000523892
2024-11-12,150.41745965393932
2024-11-13,150.6377789906594
2024-11-14,150.41745965393932
2024-11-15,150.58268090240824
2024-11-18,150.69284787239673
2024-11-19,150.69284787239673
2024-11-20,150.61939349023316
2024-11-21,150.58268090240824
2024-11-22,150.56431000523892
2024-11-25,150.85806912086568
2024-11-26,150.85806912086568
2024-11-27,150.94990900345547
2024-11-29,151.13344273606623
2024-12-02,151.12424268422464
2024-12-03,151.14268659767845
2024-12-04,151.30846276990926
2024-12-05,151.30846276990926
2024-12-06,151.45579502868628
2024-12-09,151.40052170135246
2024-12-10,151.38213620092623
2024-12-11,151.3452629772755
2024-12-12,151.27157494300164
2024-12-13,151.1979161152416
2024-12-16,151.21631621892473
2024-12-17,151.23476013237854
2024-12-18,150.95754650680968
2024-12-19,151.12386299954548
2024-12-20,151.14233611951306
2024-12-23,151.04997051967516
2024-12-24,151.12386299954548
2024-12-26,151.16083844599441
2024-12-27,151.19779928918646
2024-12-30,151.41959355485258
2024-12-31,151.51198836120426
2025-01-02,151.47501291475533
2025-01-03,151.47501291475533
2025-01-06,151.51198836120426
2025-01-07,151.41959355485258
2025-01-08,151.51198836120426
2025-01-10,151.23476013237854
2025-01-13,151.2717209755706
2025-01-14,151.3087110252764
2025-01-15,151.641344010748
2025-01-16,151.7337388170997
2025-01-17,151.69679257716453
2025-01-21,151.75224114358105
2025-01-22,151.71526569713208
2025-01-23,151.71526569713208
2025-01-24,151.80768970999756
2025-01-27,152.02948397566368
2025-01-28,152.06641561234193
2025-01-29,151.97403540924714
2025-01-30,152.06641561234193
2025-01-31,152.0848887323095
2025-02-03,151.97924877195737
2025-02-04,152.1275594489461
2025-02-05,152.22029013020628
2025-02-06,152.16466632470707
2025-02-07,151.99775109843873
2025-02-10,152.07192104018998
2025-02-11,152.0348433709428
2025-02-12,151.83087968194107
2025-02-13,152.0348433709428
2025-02-14,152.23882166320143
2025-02-18,152.10902791595095
2025-02-19,152.22029013020628
2025-02-20,152.23882166320143
2025-02-21,152.49842376095927
2025-02-24,152.6097151817284
2025-02-25,152.81366426747326
2025-02-26,152.86930267622935
2025-02-27,152.92494108498548
2025-02-28,153.2030747157385
2025-03-03,153.30164669975522
2025-03-04,153.32023664577792
2025-03-05,153.15285411528907
2025-03-06,153.2458476551733
2025-03-07,153.22724310589368
2025-03-10,153.50625293206016
2025-03-11,153.41324478891906
2025-03-12,153.30164669975522
2025-03-13,153.41324478891906
2025-03-14,153.30164669975522
2025-03-17,153.2458476551733
2025-03-18,153.2458476551733
2025-03-19,153.46904383350096
2025-03-20,153.50625293206016
2025-03-21,153.5992464719444
2025-03-24,153.39465484289633
2025-03-25,153.45045388747823
2025-03-26,153.41324478891906
2025-03-27,153.4876337795237
2025-03-28,153.76665820894706
2025-03-31,153.87827090136778
2025-04-01,153.93424518503238
2025-04-02,153.8222528079325
2025-04-03,154.4008192427116
2025-04-04,154.30750443117574
2025-04-07,154.32616739348293
2025-04-08,154.2328379786902
2025-04-09,154.13952316715435
2025-04-10,154.1208602048472
2025-04-11,153.84091577023966
2025-04-14,154.17687829828247
2025-04-15,154.17687829828247
2025-04-16,154.38217088366133
2025-04-17,154.43814516732596
2025-04-21,154.3448303557901
2025-04-22,154.4008192427116
2025-04-23,154.28885607212547
2025-04-24,154.4754564886834
2025-04-25,154.60612643134735
2025-04-28,154.8300527725196
2025-04-29,154.9233821873123
2025-04-30,155.12868937594808
2025-05-01,154.8085567783755
2025-05-02,154.50901477301974
2025-05-05,154.49027879442815
2025-05-06,154.62131381851438
2025-05-07,154.67749254777547
2025-05-08,154.359229167085
2025-05-09,154.43410006516703
2025-05-12,154.15329403840292
2025-05-13,154.11582208121965
2025-05-14,154.00350843246815
2025-05-15,154.30306504108077
2025-05-16,154.26560768715441
2025-05-19,154.3217864164155
2025-05-20,154.34052239500716
2025-05-21,154.24688631181968
2025-05-22,154.34052239500716
2025-05-23,154.43410006516703
2025-05-27,154.49027879442815
2025-05-28,154.3779505424197
2025-05-29,154.54644292043233
2025-05-30,154.73365667377968
2025-06-02,154.60595119226465
2025-06-03,154.56837701228318
2025-06-04,154.85011764748833
2025-06-05,154.68104113920006
2025-06-06,154.41809489561408
2025-06-09,154.5307882290448
2025-06-10,154.5307882290448
2025-06-11,154.77499849403912
2025-06-12,154.906486219089
2025-06-13,154.79377828240143
2025-06-16,154.77499849403912
2025-06-17,154.85011764748833
2025-06-18,154.9252806107082
2025-06-20,155.0379447376251
2025-06-23,155.24458082263797
2025-06-24,155.37606854768785
2025-06-25,155.39484833605016
2025-06-26,155.58266082293005
2025-06-27,155.52632145784312
2025-06-30,155.6390147912738
2025-07-01,155.4769770528072
2025-07-02,155.45813885141732
2025-07-03,155.28855122913788
2025-07-07,155.25084561984437
2025-07-08,155.2696984244911
2025-07-09,155.40160964399087
2025-07-10,155.40160964399087
2025-07-11,155.36390403469733
2025-07-14,155.3827422360872
2025-07-15,155.23200741845451
2025-07-16,155.43928604677058
2025-07-17,155.3827422360872
2025-07-18,155.51465345558694
2025-07-21,155.60887366905004
2025-07-22,155.7219174806461
2025-07-23,155.59002086440327
2025-07-24,155.45813885141732
2025-07-25,155.55232985836668
2025-07-28,155.53349165697682
2025-07-29,155.66540287647652
2025-07-30,155.49581525419705
2025-07-31,155.49581525419705
2025-08-01,156.270941526734
2025-08-04,156.30874935882574
2025-08-05,156.25203030905968
2025-08-06,156.30874935882574
2025-08-07,156.23311909138536
2025-08-08,156.1953112592936
2025-08-11,156.1953112592936
2025-08-12,156.30874935882574
2025-08-13,156.51668513370194
2025-08-14,156.3465279844037
2025-08-15,156.28983814115142
2025-08-18,156.28983814115142
2025-08-19,156.36545380533494
2025-08-20,156.422172855101
2025-08-21,156.28983814115142
2025-08-22,156.63013783649097
2025-08-25,156.55449296579368
2025-08-26,156.68684228300015
2025-08-27,156.80028038253232
2025-08-28,156.74354672950935
2025-08-29,156.8758960467158
2025-09-02,156.7962644868872
2025-09-03,156.91002385807096
2025-09-04,157.02382703902538
2025-09-05,157.25137498790667
2025-09-08,157.3462085381592
2025-09-09,157.2134649330167
2025-09-10,157.2324199604617
2025-09-11,157.28931424931045
2025-09-12,157.27034461860856
2025-09-15,157.32723890745734
2025-09-16,157.4030882237511
2025-09-17,157.32723890745734
2025-09-18,157.27034461860856
2025-09-19,157.32723890745734
2025-09-22,157.25137498790667
2025-09-23,157.30826927675545
2025-09-24,157.2324199604617
2025-09-25,157.09966175206225
2025-09-26,157.1944953023148
2025-09-29,157.25137498790667
2025-09-30,157.32723890745734
2025-10-01,157.50986723814077
2025-10-02,157.5479087223428
2025-10-03,157.49083919441134
2025-10-06,157.45279771020932
2025-10-07,157.52888067861335
2025-10-08,157.50986723814077
2025-10-09,157.49083919441134
2025-10-10,157.75715879033922
2025-10-13,158.0615198704691
2025-10-14,157.94739541786308
2025-10-15,157.87129784620214
2025-10-16,158.08054791419858
2025-10-17,158.0615198704691
2025-10-20,158.08054791419858
2025-10-21,158.11860400165747
2025-10-22,158.11860400165747
2025-10-23,158.00445034253764
2025-10-24,158.099575957928
2025-10-27,158.0615198704691
2025-10-28,158.08054791419858
2025-10-29,157.77618683406865
2025-10-30,157.79520027454123
2025-10-31,157.8522844057296
2025-11-03,157.858008882431
2025-11-04,157.91525364944516
2025-11-05,157.80074951215994
2025-11-06,157.99158487321634
2025-11-07,158.06791609698755
2025-11-10,158.0297431834735
2025-11-11,158.16333377751573
2025-11-12,158.10608901050156
2025-11-13,158.01067132997338
2025-11-14,158.06791609698755
2025-11-17,158.0488296402305
2025-11-18,158.1442619240156
2025-11-19,158.1251754672586
2025-11-20,158.25875145804395
2025-11-21,158.44958681910032
2025-11-24,158.46867327585733
2025-11-25,158.56407635312866
2025-11-26,158.54500449962853
