Date,Total Return Index
2002-07-30,100.0
2002-07-31,101.23903599497082
2002-08-01,101.81561248187312
2002-08-02,102.8582985104278
2002-08-05,103.31211090574392
2002-08-06,102.42893524754074
2002-08-07,102.67434937623608
2002-08-08,102.67434937623608
2002-08-09,104.12171105770595
2002-08-12,104.75969032757897
2002-08-13,106.04764532458557
2002-08-14,106.45243503197777
2002-08-15,105.52017447431774
2002-08-16,104.34257236808406
2002-08-19,104.6615205286653
2002-08-20,105.8268151199739
2002-08-21,105.26253577940786
2002-08-22,104.34257236808406
2002-08-23,105.37299235606896
2002-08-26,105.47099625756155
2002-08-27,104.80874412126934
2002-08-28,105.33620460294837
2002-08-29,106.18263398238625
2002-08-30,106.82042661766056
2002-09-03,108.46274887464521
2002-09-04,108.43804052749573
2002-09-05,109.02944409640547
2002-09-06,107.74812499624137
2002-09-09,107.58798214197212
2002-09-10,108.10536435532158
2002-09-11,107.53867950215013
2002-09-12,108.37642000415988
2002-09-13,109.3744277835047
2002-09-16,109.55903013879184
2002-09-17,109.76863116171536
2002-09-18,109.79321508579905
2002-09-19,110.53240215110891
2002-09-20,110.01492662046009
2002-09-23,111.00059577911338
2002-09-24,111.71507449727378
2002-09-25,110.35995178191457
2002-09-26,110.10115180505726
2002-09-27,110.92671958379654
2002-09-30,111.37009081017457
2002-10-01,109.98876667087632
2002-10-02,110.6193946112785
2002-10-03,110.34746800097963
2002-10-04,110.69369591873681
2002-10-07,110.87927292137272
2002-10-08,110.91628878344726
2002-10-09,111.48508882873725
2002-10-10,110.60707672776462
2002-10-11,109.29629009818431
2002-10-14,109.13546291705316
2002-10-15,106.55084330843421
2002-10-16,106.6004051629766
2002-10-17,105.301832731022
2002-10-18,105.57394597591959
2002-10-21,104.54750752604018
2002-10-22,104.25056151092735
2002-10-23,104.28781585054467
2002-10-24,105.20291639371358
2002-10-25,105.58625349084465
2002-10-28,105.4378375105267
2002-10-29,106.81060756405142
2002-10-30,106.77351912185517
2002-10-31,107.25578292488352
2002-11-01,106.80727924704136
2002-11-04,106.33517666105313
2002-11-05,105.92543076820667
2002-11-06,106.3476915477545
2002-11-07,108.98118868405395
2002-11-08,109.86325490325382
2002-11-11,110.45950060314081
2002-11-12,109.82603166940295
2002-11-13,110.06201038227535
2002-11-14,107.77630682064436
2002-11-15,108.21099953818305
2002-11-18,108.69551332498455
2002-11-19,109.09302428302763
2002-11-20,108.0247589458629
2002-11-21,106.98122269302527
2002-11-22,106.88176718909838
2002-11-25,106.68310502737619
2002-11-26,108.0247589458629
2002-11-27,105.58998618281854
2002-11-29,106.27312065698698
2002-12-02,106.37178814816382
2002-12-03,106.52148983349498
2002-12-04,107.07055845426736
2002-12-05,107.34510831753678
2002-12-06,107.53233392579449
2002-12-09,108.13132730171785
2002-12-10,108.41831947156695
2002-12-11,109.14208844530684
2002-12-12,109.0422181978273
2002-12-13,107.98154266767614
2002-12-16,107.1704183331581
2002-12-17,107.1704183331581
2002-12-18,108.00645838660196
2002-12-19,108.96740882951697
2002-12-20,109.0422181978273
2002-12-23,109.06712354816428
2002-12-24,109.6786940223219
2002-12-26,109.89084571809424
2002-12-27,111.10133698805352
2002-12-30,111.36337196462154
2002-12-31,111.0824246820524
2003-01-02,108.2103877914429
2003-01-03,108.46138022092144
2003-01-06,108.17279128839463
2003-01-07,108.56157189465432
2003-01-08,109.10088367335047
2003-01-09,107.00635615231622
2003-01-10,107.28227466930942
2003-01-13,107.4578563523263
2003-01-14,107.83408059752932
2003-01-15,108.36089822670172
2003-01-16,108.5113568190165
2003-01-17,109.05068933489028
2003-01-21,109.67775048073962
2003-01-22,110.21708299661341
2003-01-23,109.67775048073962
2003-01-24,110.32994508587993
2003-01-27,109.92853553844186
2003-01-28,109.92853553844186
2003-01-29,109.32665969482755
2003-01-30,110.14182777898398
2003-01-31,110.4428590180905
2003-02-03,110.60384172805388
2003-02-04,111.09474256556628
2003-02-05,110.13826098443116
2003-02-06,111.03182596862837
2003-02-07,111.28359604226819
2003-02-10,110.50320420500192
2003-02-11,110.4781433258327
2003-02-12,110.86815779416153
2003-02-13,111.47230435872663
2003-02-14,110.51581240900268
2003-02-18,110.65426417546804
2003-02-19,111.40944997332163
2003-02-20,111.78694955494906
2003-02-21,111.13242201732507
2003-02-24,111.66110599248442
2003-02-25,112.17710918352132
2003-02-26,112.9574491778435
2003-02-27,113.14635449748944
2003-02-28,113.8636431032191
2003-03-03,114.00259256194765
2003-03-04,114.078303997485
2003-03-05,114.45746255332305
2003-03-06,114.01516966018195
2003-03-07,114.40686383989905
2003-03-10,115.00069365859183
2003-03-11,114.79844396513914
2003-03-12,115.21534418426891
2003-03-13,113.09291479072974
2003-03-14,113.64900294613082
2003-03-17,112.28439297200461
2003-03-18,111.22323011817909
2003-03-19,110.40214156980849
2003-03-20,110.2252223388343
2003-03-21,108.70918949363337
2003-03-24,110.4273787149876
2003-03-25,110.30109967179268
2003-03-26,110.52837913864815
2003-03-27,110.60432905172829
2003-03-28,110.85700119259509
2003-03-31,112.30970269730543
2003-04-01,111.9899354182077
2003-04-02,110.82283669244507
2003-04-03,110.75943277183278
2003-04-04,110.44225763993913
2003-04-07,110.1883723741808
2003-04-08,111.07651458642707
2003-04-09,111.40644308256486
2003-04-10,110.8862302444685
2003-04-11,110.70860594945479
2003-04-14,110.40409086450597
2003-04-15,111.00042988169233
2003-04-16,111.45717658764352
2003-04-17,111.63474903971316
2003-04-21,111.39367934973188
2003-04-22,111.33028579770843
2003-04-23,111.55867470356723
2003-04-24,112.56090249856032
2003-04-25,112.81460112971997
2003-04-28,112.63702867765033
2003-04-29,112.44686875875757
2003-04-30,113.48710780035158
2003-05-01,113.54196800377913
2003-05-02,112.6491599265655
2003-05-05,113.24858878321915
2003-05-06,113.8098404958508
2003-05-07,115.13625258877742
2003-05-08,115.41683697073796
2003-05-09,115.5317313034125
2003-05-12,116.2587352768631
2003-05-13,116.51368850726953
2003-05-14,118.29949129629549
2003-05-15,118.66930775360997
2003-05-16,119.5366298395129
2003-05-19,119.1285429208771
2003-05-20,120.88859013528312
2003-05-21,120.87582640245014
2003-05-22,121.94723342202624
2003-05-23,122.25334526965277
2003-05-27,120.04683698940144
2003-05-28,119.84274168713944
2003-05-29,120.88859013528312
2003-05-30,120.65897773594398
2003-06-02,119.77266039532941
2003-06-03,120.73326867481346
2003-06-04,121.09198037350559
2003-06-05,120.14420840697623
2003-06-06,120.57964766290972
2003-06-09,121.38653124460185
2003-06-10,122.83396550619348
2003-06-11,122.6802200712239
2003-06-12,123.6409735109514
2003-06-13,124.47347787560888
2003-06-16,123.29508775662516
2003-06-17,122.32164316418638
2003-06-18,120.75894130072287
2003-06-19,120.52843720274551
2003-06-20,120.08010979091326
2003-06-23,120.79734655369883
2003-06-24,121.91167953097481
2003-06-25,119.96485255763017
2003-06-26,118.35098170835772
2003-06-27,117.92832692243486
2003-06-30,118.47903378024026
2003-07-01,117.89144585201494
2003-07-02,118.18725132235797
2003-07-03,116.48998591323523
2003-07-07,115.74415258249404
2003-07-08,115.84712303802971
2003-07-09,116.21993601751213
2003-07-10,116.18145818441448
2003-07-11,116.73439428881538
2003-07-14,115.39701222892103
2003-07-15,112.69694875242028
2003-07-16,113.3398116276258
2003-07-17,112.9926712740528
2003-07-18,112.76129621461486
2003-07-21,110.36973972975726
2003-07-22,110.90978767825936
2003-07-23,111.28260065774181
2003-07-24,110.30546484768439
2003-07-25,110.00966974593018
2003-07-28,108.53109861212292
2003-07-29,107.05255858408209
2003-07-30,108.26104871639981
2003-07-31,106.65391744985801
2003-08-01,106.57378899548489
2003-08-04,107.49088030770653
2003-08-05,105.95383033297479
2003-08-06,108.04627376765691
2003-08-07,108.49831313428547
2003-08-08,108.05928634662152
2003-08-11,107.51666698809292
2003-08-12,107.0129816805699
2003-08-13,104.94628345191887
2003-08-14,105.97962738195
2003-08-15,105.9150725479791
2003-08-18,106.40590080536975
2003-08-19,108.04627376765691
2003-08-20,107.46505215296489
2003-08-21,107.20674986837075
2003-08-22,107.68461738974095
2003-08-25,106.84496906738899
2003-08-26,107.68461738974095
2003-08-27,107.19383060670553
2003-08-28,108.30467973813921
2003-08-29,108.04627376765691
2003-09-02,106.46601788332725
2003-09-03,106.63469408619241
2003-09-04,107.23156190140841
2003-09-05,109.07376981359558
2003-09-08,107.94505560363123
2003-09-09,108.72352925196644
2003-09-10,109.82633235847861
2003-09-11,109.11274533895643
2003-09-12,109.86523530371774
2003-09-15,109.6965072579085
2003-09-16,109.52795547810912
2003-09-17,110.89017030821876
2003-09-18,110.96801767305226
2003-09-19,111.09783240503357
2003-09-22,110.21561065700148
2003-09-23,110.96801767305226
2003-09-24,111.92819047180605
2003-09-25,112.48596870718421
2003-09-26,113.49811924167459
2003-09-29,112.58979975559163
2003-09-30,114.45811577441849
2003-10-01,114.0241903324522
2003-10-02,113.50315837583935
2003-10-03,111.11894285186376
2003-10-06,111.60106149464866
2003-10-07,110.31120904588867
2003-10-08,110.28515278219307
2003-10-09,109.5034233969695
2003-10-10,110.15477814641568
2003-10-13,109.72493792844304
2003-10-14,108.96920259538221
2003-10-15,108.43515805980476
2003-10-16,108.00517268158873
2003-10-17,108.8389420140818
2003-10-20,109.20389560324139
2003-10-21,109.6076795575184
2003-10-22,110.67602784339365
2003-10-23,109.86824219447449
2003-10-24,111.09289695675697
2003-10-27,110.8715586912933
2003-10-28,111.45764317414024
2003-10-29,110.45452368050894
2003-10-30,109.9594235645259
2003-10-31,110.98872374491862
2003-11-03,110.4628496573285
2003-11-04,111.09068844733908
2003-11-05,110.33201880364318
2003-11-06,109.29852971336867
2003-11-07,109.23310391793719
2003-11-10,109.14145596138904
2003-11-11,109.15457222624178
2003-11-12,109.95258029590708
2003-11-13,111.6532362335728
2003-11-14,112.39888292971527
2003-11-17,112.56895889207065
2003-11-18,113.26235826916732
2003-11-19,112.00639036865931
2003-11-20,113.09230304398956
2003-11-21,113.15756294199998
2003-11-24,112.22878623018227
2003-11-25,112.84366428417232
2003-11-26,112.38576666486253
2003-11-28,111.36541457661838
2003-12-01,110.74491674748981
2003-12-02,111.21813914107025
2003-12-03,110.77124259449465
2003-12-04,111.02102189908169
2003-12-05,112.79580287819584
2003-12-08,112.00698137822185
2003-12-09,111.21813914107025
2003-12-10,111.40223343550542
2003-12-11,112.20422304327622
2003-12-12,112.41447728729514
2003-12-15,112.34877153996563
2003-12-16,112.71688754871423
2003-12-17,113.47938320168336
2003-12-18,114.50473294973702
2003-12-19,114.46530120646825
2003-12-22,114.14977468019643
2003-12-23,112.8615397312918
2003-12-24,113.92626937967015
2003-12-26,114.34694376512905
2003-12-29,113.32162512284185
2003-12-30,112.8615397312918
2003-12-31,112.86150862552535
2004-01-02,111.52745488264107
2004-01-05,111.236958129772
2004-01-06,112.46526263531787
2004-01-07,112.91434695413372
2004-01-08,112.87469747049981
2004-01-09,114.84268673361872
2004-01-12,114.75025076432053
2004-01-13,115.52951242540578
2004-01-14,116.09738966629111
2004-01-15,116.53326440295488
2004-01-16,115.7143325210581
2004-01-20,115.68798593687562
2004-01-21,115.9653560563031
2004-01-22,116.81069673391526
2004-01-23,115.41061581744813
2004-01-26,114.71060128068662
2004-01-27,115.42381503101143
2004-01-28,114.4068431027214
2004-01-29,114.16909136116138
2004-01-30,114.96143818133294
2004-02-02,114.7201403823977
2004-02-03,115.30365345521815
2004-02-04,115.07827144011611
2004-02-05,114.6273829868462
2004-02-06,115.88729095110443
2004-02-09,116.23209837219378
2004-02-10,115.58223669953718
2004-02-11,116.44433301667662
2004-02-12,115.95349439069713
2004-02-13,116.44433301667662
2004-02-17,116.36469188597786
2004-02-18,116.52387046148722
2004-02-19,116.64325439311925
2004-02-20,115.83418303918684
2004-02-23,116.55036220591313
2004-02-24,116.76261758757363
2004-02-25,116.94819459020952
2004-02-26,116.57687468751665
2004-02-27,117.5848259435364
2004-03-01,117.53945299887584
2004-03-02,116.79390998862151
2004-03-03,116.5808251198557
2004-03-04,117.10015662790265
2004-03-05,119.36384767547644
2004-03-08,120.06954419890934
2004-03-09,120.86854765310102
2004-03-10,120.78864730768186
2004-03-11,120.9617923723269
2004-03-12,120.21600051594099
2004-03-15,120.41578248525535
2004-03-16,121.41454717158375
2004-03-17,121.21473409650294
2004-03-18,120.57562465044896
2004-03-19,120.41578248525535
2004-03-22,121.14826107360102
2004-03-23,121.36119041353457
2004-03-24,121.29461370474448
2004-03-25,120.82854563744736
2004-03-26,119.55025416521765
2004-03-29,118.75121960525954
2004-03-30,118.67150589443906
2004-03-31,119.24401789452533
2004-04-01,118.8536405255879
2004-04-02,115.91282878535922
2004-04-05,115.00363833781569
2004-04-06,115.63197482008943
2004-04-07,115.36470370616911
2004-04-08,115.03043077131724
2004-04-12,114.61607085644752
2004-04-13,113.37286668877249
2004-04-14,113.27925906893806
2004-04-15,112.61089983383299
2004-04-16,113.03863522827588
2004-04-19,112.79801138761371
2004-04-20,111.76866973286575
2004-04-21,112.31678444346701
2004-04-22,112.98511257280563
2004-04-23,112.34348355966925
2004-04-26,112.53063658780525
2004-04-27,112.9584652995475
2004-04-28,111.90236231706439
2004-04-29,111.35433055517365
2004-04-30,111.80883764594047
2004-05-03,111.94974676795533
2004-05-04,111.18475228508144
2004-05-05,110.87608976460608
2004-05-06,110.58087530382556
2004-05-07,109.13149174753647
2004-05-10,108.87645556841952
2004-05-11,109.37315244708029
2004-05-12,108.6483777202252
2004-05-13,108.23238993691129
2004-05-14,109.11803331925279
2004-05-17,110.08434432258586
2004-05-18,109.65488774239947
2004-05-19,109.29251593185514
2004-05-20,110.13805361265483
2004-05-21,109.69510749841827
2004-05-24,110.0440830922118
2004-05-25,110.3661729352044
2004-05-26,110.95661222535422
2004-05-27,111.82899418259954
2004-05-28,111.52029018776892
2004-06-01,110.49906713806419
2004-06-02,110.21617056079758
2004-06-03,110.44518158198538
2004-06-04,109.7985549090395
2004-06-07,109.82540955407396
2004-06-08,110.02753482446084
2004-06-09,109.55603361662392
2004-06-10,109.77155510376157
2004-06-14,108.8959174096279
2004-06-15,111.19960010426652
2004-06-16,110.7684845498695
2004-06-17,111.49606916429381
2004-06-18,111.25344418599008
2004-06-21,111.33437102170207
2004-06-22,110.99758888835663
2004-06-23,111.21321406138247
2004-06-24,111.88676795948453
2004-06-25,111.99444575434283
2004-06-28,110.8494217541703
2004-06-29,111.54988214025093
2004-06-30,112.69506166925571
2004-07-01,112.90607282025825
2004-07-02,114.0963971849696
2004-07-06,113.90702527882691
2004-07-07,113.94758719827666
2004-07-08,114.01525260889247
2004-07-09,114.13693836724173
2004-07-12,114.29928973092889
2004-07-13,113.96111820668207
2004-07-14,114.00176307484233
2004-07-15,114.12337625306988
2004-07-16,115.63844481951087
2004-07-19,115.71957902699918
2004-07-20,114.67798170027021
2004-07-21,114.36684108706774
2004-07-22,114.5292546622878
2004-07-23,114.9080503175173
2004-07-26,114.36684108706774
2004-07-27,112.82489713841464
2004-07-28,112.83843851540887
2004-07-29,113.09537214627923
2004-07-30,114.42101696363342
2004-08-02,114.57037648553363
2004-08-03,115.03207937693904
2004-08-04,115.08651446822515
2004-08-05,115.41235774036929
2004-08-06,117.35428037120377
2004-08-09,116.94687777942985
2004-08-10,116.52586123053999
2004-08-11,117.02828157022738
2004-08-12,117.27272105157398
2004-08-13,117.6529268348825
2004-08-16,117.24562792899673
2004-08-17,117.91099064193385
2004-08-18,117.34057309678849
2004-08-19,117.62581297512762
2004-08-20,117.51717090150939
2004-08-23,116.8382253372228
2004-08-24,116.90610848820376
2004-08-25,117.31349034280005
2004-08-26,117.97884268714836
2004-08-27,117.89735594764028
2004-08-30,118.45416990425852
2004-08-31,119.1874779797095
2004-09-01,119.3101487539963
2004-09-02,118.13765836204915
2004-09-03,118.15128268775388
2004-09-07,118.02853933334536
2004-09-08,119.02388238536436
2004-09-09,118.57392710508793
2004-09-10,118.75106407642728
2004-09-13,119.26927577688207
2004-09-14,119.3919465511689
2004-09-15,119.11929413965285
2004-09-16,120.46906666318282
2004-09-17,119.86905716555547
2004-09-20,120.65990054034863
2004-09-21,121.01445443492538
2004-09-22,122.26867004392341
2004-09-23,121.77785215512156
2004-09-24,121.92782342376194
2004-09-27,122.4596076069774
2004-09-28,121.96876898099791
2004-09-29,120.78262315757952
2004-09-30,120.31910576313125
2004-10-01,119.71814235533277
2004-10-04,119.89597402212284
2004-10-05,119.89597402212284
2004-10-06,119.34835700378474
2004-10-07,118.82818564004364
2004-10-08,120.4025936402809
2004-10-11,120.52580358118617
2004-10-12,120.79970022336015
2004-10-13,121.23764867778719
2004-10-14,121.81266987636702
2004-10-15,121.38822132457892
2004-10-18,121.44292599917425
2004-10-19,121.75780967293946
2004-10-20,122.59287507903456
2004-10-21,122.67511872552623
2004-10-22,122.9625878504609
2004-10-25,123.05835213676914
2004-10-26,122.68880526276389
2004-10-27,121.48407892818653
2004-10-28,121.88111293114407
2004-10-29,122.44239574954217
2004-11-01,121.68080216380007
2004-11-02,121.85958774076123
2004-11-03,121.91438573265589
2004-11-04,122.03822815747895
2004-11-05,120.70490021581182
2004-11-08,120.27868900392494
2004-11-09,120.21006968313802
2004-11-10,119.75650613395345
2004-11-11,119.4952073271914
2004-11-12,120.78736160266862
2004-11-15,120.8973101184777
2004-11-16,120.8973101184777
2004-11-17,121.9283625903804
2004-11-18,122.29938180399759
2004-11-19,121.32337617012116
2004-11-22,121.9557978763886
2004-11-23,122.1069822699205
2004-11-24,122.1069822699205
2004-11-26,121.30971037006115
2004-11-29,120.0175457259951
2004-11-30,119.50883165289613
2004-12-01,119.32260142916479
2004-12-02,118.83949777044234
2004-12-03,120.6890259063339
2004-12-06,121.10307476353914
2004-12-07,121.25494348393293
2004-12-08,123.14589413214601
2004-12-09,122.33157627227251
2004-12-10,122.63527223870483
2004-12-13,122.89744200692748
2004-12-14,123.38049382270584
2004-12-15,124.49852838618929
2004-12-16,122.66283194777881
2004-12-17,122.49717300425922
2004-12-20,122.71805505181494
2004-12-21,123.09062955375461
2004-12-22,122.6766740138487
2004-12-23,122.27619763940412
2004-12-27,121.32397754827251
2004-12-28,121.2273526690925
2004-12-29,121.10307476353914
2004-12-30,121.91746520353436
2004-12-31,122.68635827580322
2005-01-03,122.9496271144404
2005-01-04,121.66121589952587
2005-01-05,122.31234254001808
2005-01-06,122.39544677938153
2005-01-07,122.6725576840886
2005-01-10,122.8665539808434
2005-01-11,123.58704648051733
2005-01-12,123.75335864513235
2005-01-13,124.94483392320235
2005-01-14,124.93086743406667
2005-01-18,125.34658563407135
2005-01-19,125.70685262108594
2005-01-20,125.95622755070914
2005-01-21,126.09478300306267
2005-01-24,126.63504869192994
2005-01-25,125.44368746833692
2005-01-26,125.67916848894616
2005-01-27,125.44368746833692
2005-01-28,126.70442491970047
2005-01-31,127.06461932659334
2005-02-01,126.86292953693675
2005-02-02,127.15501268389471
2005-02-03,127.08542908434785
2005-02-04,128.85171818922137
2005-02-07,129.81140366430077
2005-02-08,130.54845480031446
2005-02-09,130.89609284615068
2005-02-10,129.1298866899877
2005-02-11,129.04647139295977
2005-02-14,129.44973691779595
2005-02-15,128.79606997304373
2005-02-16,128.30921288516976
2005-02-17,127.50283736432961
2005-02-18,126.36228222593695
2005-02-22,125.8060281731148
2005-02-23,126.22339497874128
2005-02-24,125.9451331606756
2005-02-25,126.5569939553201
2005-02-28,125.1939807438716
2005-03-01,125.15507779863246
2005-03-02,124.98753177194828
2005-03-03,124.91788596086852
2005-03-04,126.27116306741843
2005-03-07,126.77340714109597
2005-03-08,125.57355404326232
2005-03-09,123.52275086126683
2005-03-10,124.27605994454464
2005-03-11,123.36925427242886
2005-03-14,124.10870055245915
2005-03-15,123.32745849090996
2005-03-16,124.08084015430948
2005-03-17,124.4853913841589
2005-03-18,123.7041389540209
2005-03-21,123.35532925764845
2005-03-22,122.30896238006395
2005-03-23,122.89501575714444
2005-03-24,123.14602892380063
2005-03-28,122.39278205205571
2005-03-29,123.11822036859503
2005-03-30,123.73205119511465
2005-03-31,124.62491111527237
2005-04-01,125.04492191104706
2005-04-04,125.01697856418686
2005-04-05,124.69486798401661
2005-04-06,125.12896969199276
2005-04-07,124.12076958984144
2005-04-08,124.55482982346233
2005-04-11,125.22706691078471
2005-04-12,126.38924055685959
2005-04-13,126.08114830876912
2005-04-14,125.88513013719509
2005-04-15,127.55141420293444
2005-04-18,127.45342067003065
2005-04-19,128.68569634509316
2005-04-20,128.36364797645584
2005-04-21,127.01933969923212
2005-04-22,128.08361312970254
2005-04-25,128.46167261512608
2005-04-26,128.2656855493185
2005-04-27,128.71375374643034
2005-04-28,129.66595310038431
2005-04-29,129.4419190018284
2005-05-02,129.41376828319187
2005-05-03,129.76505607229146
2005-05-04,128.62669907472787
2005-05-05,128.92189279833076
2005-05-06,127.96631328442263
2005-05-09,128.09285154233797
2005-05-10,129.0062101625857
2005-05-11,129.39971884534566
2005-05-12,129.90561266228656
2005-05-13,130.41148574204985
2005-05-16,130.2569937686855
2005-05-17,130.62234136422012
2005-05-18,131.493562039518
2005-05-19,131.15627184532056
2005-05-20,131.31092971610596
2005-05-23,132.33663199617936
2005-05-24,132.7021662263127
2005-05-25,131.7745507964424
2005-05-26,131.73251653738075
2005-05-27,131.87293833572122
2005-05-31,133.50316044955713
2005-06-01,135.13794474247226
2005-06-02,135.46223272629393
2005-06-03,134.34795159196202
2005-06-06,135.05330595196398
2005-06-07,136.12520029521446
2005-06-08,135.47638585002832
2005-06-09,135.36360670947235
2005-06-10,133.84019142903415
2005-06-13,133.03630436950996
2005-06-14,132.16184869450137
2005-06-15,132.4015704679365
2005-06-16,133.06450693109056
2005-06-17,133.05034343876736
2005-06-20,132.82459852305672
2005-06-21,133.79799127255143
2005-06-22,135.4200429384
2005-06-23,135.27887460166474
2005-06-24,135.9559641885532
2005-06-27,136.32264933204513
2005-06-28,135.3917885338753
2005-06-29,135.18019674189907
2005-06-30,136.39322831611838
2005-07-01,134.74017456970876
2005-07-05,133.4662793791372
2005-07-06,134.20223144473636
2005-07-07,134.48529391942404
2005-07-08,133.93335319954952
2005-07-11,133.93335319954952
2005-07-12,133.1831443243278
2005-07-13,132.9850420664017
2005-07-14,132.6453878339541
2005-07-15,132.99925740166898
2005-07-18,132.00846616014036
2005-07-19,132.47553998055267
2005-07-20,133.19747371407206
2005-07-21,131.385811664538
2005-07-22,132.4047950990584
2005-07-25,131.9235785235005
2005-07-26,132.135947959638
2005-07-27,131.9235785235005
2005-07-28,133.09843295369782
2005-07-29,131.7819436002685
2005-08-01,131.2918515126838
2005-08-02,130.86567140656337
2005-08-03,131.50496748721605
2005-08-04,131.23510422609164
2005-08-05,130.21231551947562
2005-08-08,129.9707688744088
2005-08-09,130.4537688472431
2005-08-10,130.31171918045845
2005-08-11,131.22096147094607
2005-08-12,132.55628018166595
2005-08-15,132.21540245573803
2005-08-16,133.1387667641936
2005-08-17,132.25794477565174
2005-08-18,133.23813931940998
2005-08-19,133.2239965642644
2005-08-22,133.08181210582512
2005-08-23,133.6927708332426
2005-08-24,133.82048074169418
2005-08-25,134.2468474824133
2005-08-26,134.20405631636805
2005-08-29,134.3746921825195
2005-08-30,135.22703165758273
2005-08-31,136.36341862327123
2005-09-01,135.54234044348942
2005-09-02,135.6564467634139
2005-09-06,134.7011472014038
2005-09-07,133.432405199474
2005-09-08,133.57514956170937
2005-09-09,134.00288495615226
2005-09-12,133.0760990133873
2005-09-13,133.7747034220698
2005-09-14,133.26137532694753
2005-09-15,132.16378762061
2005-09-16,131.2942570252892
2005-09-19,131.57936211197372
2005-09-20,131.92149443714843
2005-09-21,133.1473519557336
2005-09-22,133.01914435501882
2005-09-23,132.02125063015097
2005-09-26,131.4225579433033
2005-09-27,131.60781351968592
2005-09-28,132.49161129321809
2005-09-29,131.89289786919278
2005-09-30,131.43673180421533
2005-10-03,130.40910096662205
2005-10-04,130.8384434923315
2005-10-05,131.41112138983883
2005-10-06,130.91011117823044
2005-10-07,131.43958316613984
2005-10-10,131.3537623565065
2005-10-11,131.0818253776188
2005-10-12,129.80803387293543
2005-10-13,129.3358172324702
2005-10-14,129.13544425359328
2005-10-17,129.1068165798712
2005-10-18,129.24993421130395
2005-10-19,129.3071169786264
2005-10-20,129.65058685175842
2005-10-21,130.85283509360866
2005-10-24,129.83673412677922
2005-10-25,128.7202859573847
2005-10-26,127.77572825338841
2005-10-27,128.23379177011927
2005-10-28,128.24807968550826
2005-10-31,128.49142009644032
2005-11-01,128.34323222507635
2005-11-02,127.7395626155968
2005-11-03,126.87710339784877
2005-11-04,126.6757972459784
2005-11-07,127.10705796061885
2005-11-08,128.34323222507635
2005-11-09,127.02082240743286
2005-11-10,128.57336305385633
2005-11-11,128.6451862685875
2005-11-14,127.68205842202104
2005-11-15,128.51579664874768
2005-11-16,129.86704151188954
2005-11-17,130.18337678808908
2005-11-18,129.57959312413254
2005-11-21,129.96775161506324
2005-11-22,130.1402227214352
2005-11-23,129.63702473758656
2005-11-25,130.11164689065723
2005-11-28,130.75840835525773
2005-11-29,129.52205782479035
2005-11-30,129.37834918379505
2005-12-01,129.17625501917462
2005-12-02,129.21953350889427
2005-12-05,128.64192016311034
2005-12-06,129.95582773792438
2005-12-07,129.46500984912254
2005-12-08,130.30231487040197
2005-12-09,129.2772865486016
2005-12-12,129.0318827884951
2005-12-13,129.50822612730926
2005-12-14,130.83663935787743
2005-12-15,130.51891469077654
2005-12-16,130.9520728571704
2005-12-19,131.0819498006846
2005-12-20,130.92324818026083
2005-12-21,130.6921219669545
2005-12-22,131.7316870502754
2005-12-23,132.54023997476702
2005-12-27,133.62302133627472
2005-12-28,133.2504260971574
2005-12-29,133.5404562635297
2005-12-30,133.23596191575854
2006-01-03,133.06202883836343
2006-01-04,133.3809147874118
2006-01-05,133.22151847153728
2006-01-06,132.97510895831556
2006-01-09,133.06202883836343
2006-01-10,131.98922205929713
2006-01-11,131.77168906592908
2006-01-12,132.65616079773434
2006-01-13,133.4244939662071
2006-01-17,134.01893553164007
2006-01-18,133.97542893296645
2006-01-19,133.58398359938096
2006-01-20,133.9319638086481
2006-01-23,133.88840536703043
2006-01-24,133.23596191575854
2006-01-25,131.78616361591676
2006-01-26,131.22093036517964
2006-01-27,131.22093036517964
2006-01-30,131.0902239345601
2006-01-31,131.45273053675902
2006-02-01,131.00314852568
2006-02-02,131.2505637920169
2006-02-03,132.18163196196303
2006-02-06,132.44364620135343
2006-02-07,131.81796407781667
2006-02-08,131.51236029104214
2006-02-09,132.10898962871536
2006-02-10,131.3814568572351
2006-02-13,131.39603509311098
2006-02-14,130.93039213795532
2006-02-15,131.2505637920169
2006-02-16,131.27962694646925
2006-02-17,132.3270825258795
2006-02-21,132.10898962871536
2006-02-22,133.01098427562033
2006-02-23,132.67637954592632
2006-02-24,132.47266788145055
2006-02-27,132.25442982404297
2006-02-28,132.90907141614395
2006-03-01,132.10607605525794
2006-03-02,131.1862578041776
2006-03-03,130.42705936245207
2006-03-06,129.28817356685883
2006-03-07,129.3758399853015
2006-03-08,129.33200159178574
2006-03-09,129.3758399853015
2006-03-10,128.8939287142929
2006-03-13,128.79177737727377
2006-03-14,129.65326194767306
2006-03-15,128.95241792380622
2006-03-16,130.12031503090773
2006-03-17,129.72628791870696
2006-03-20,129.93072538439986
2006-03-21,129.2589963579295
2006-03-22,129.53642868888986
2006-03-23,129.12763670621453
2006-03-24,130.07668400916833
2006-03-27,129.59479347533738
2006-03-28,128.38304760613133
2006-03-29,127.76973520905253
2006-03-30,126.87909416690151
2006-03-31,126.8353283535075
2006-04-03,126.87631538509872
2006-04-04,126.74449951547584
2006-04-05,126.92039225615723
2006-04-06,125.95308586829776
2006-04-07,124.7219818437715
2006-04-10,124.95644674267672
2006-04-11,125.3961371200249
2006-04-12,124.63398363048672
2006-04-13,123.75462361296796
2006-04-17,124.20888185760319
2006-04-18,124.42882036357663
2006-04-19,123.66671871698252
2006-04-20,123.564080056289
2006-04-21,124.28232257218974
2006-04-24,124.78059547635058
2006-04-25,123.30031352538865
2006-04-26,123.09516062706736
2006-04-27,123.2562884972742
2006-04-28,123.34430744773661
2006-05-01,122.41741781908347
2006-05-02,122.74102147604327
2006-05-03,122.47619734908363
2006-05-04,122.27013201494653
2006-05-05,123.00585597159173
2006-05-08,123.07932779194472
2006-05-09,123.00585597159173
2006-05-10,123.22665507043693
2006-05-11,122.6231824641449
2006-05-12,121.6080457760754
2006-05-15,122.09363789611378
2006-05-16,123.00585597159173
2006-05-17,122.24078890859612
2006-05-18,123.90339212530563
2006-05-19,124.22700615085425
2006-05-22,124.49197543805732
2006-05-23,124.41844140617143
2006-05-24,124.47721056758276
2006-05-25,123.99170139625491
2006-05-26,123.90339212530563
2006-05-30,123.84455038377257
2006-05-31,123.10886790148265
2006-06-01,123.6584238459294
2006-06-02,125.25379713275339
2006-06-05,125.09129024023397
2006-06-06,125.6822375912358
2006-06-07,125.71169475206318
2006-06-08,125.96287381614044
2006-06-09,126.62755220221568
2006-06-12,126.73091666412637
2006-06-13,126.81964067862828
2006-06-14,125.54917749095496
2006-06-15,124.82532556850454
2006-06-16,124.54467897501107
2006-06-19,124.36751089790528
2006-06-20,124.1606471824293
2006-06-21,124.19014581761196
2006-06-22,123.48108987140253
2006-06-23,123.22995228168054
2006-06-26,122.99361066819957
2006-06-27,123.59929178390949
2006-06-28,122.94932642536472
2006-06-29,123.36295017042849
2006-06-30,124.55950605701854
2006-07-03,124.43646201353434
2006-07-05,123.44282977867003
2006-07-06,124.19913538411578
2006-07-07,124.99995334135032
2006-07-10,125.11859073458756
2006-07-11,125.51894268596635
2006-07-12,125.54863832433651
2006-07-13,126.03802534788171
2006-07-14,126.11210891497488
2006-07-17,126.30499577272633
2006-07-18,125.2223803086397
2006-07-19,126.40873350383441
2006-07-20,126.77954534567529
2006-07-21,126.54222908484553
2006-07-24,126.46805220045303
2006-07-25,126.09741662462204
2006-07-26,126.557056166853
2006-07-27,126.36424188922324
2006-07-28,127.09093480500935
2006-07-31,127.25407418144657
2006-08-01,127.24205698700837
2006-08-02,127.71860769759886
2006-08-03,127.74832407314666
2006-08-04,128.52257770583358
2006-08-07,128.59709675365704
2006-08-08,128.31409649050227
2006-08-09,127.89715479701724
2006-08-10,127.70362508675916
2006-08-11,127.152793805888
2006-08-14,126.9294129284275
2006-08-15,128.00147316909906
2006-08-16,128.86505219443924
2006-08-17,128.82034283946294
2006-08-18,129.192554440794
2006-08-21,129.65425733219942
2006-08-22,129.69871784104413
2006-08-23,129.7583994382713
2006-08-24,129.99649334326227
2006-08-25,130.19019931953025
2006-08-28,130.30932403644186
2006-08-29,130.48800592751485
2006-08-30,130.83052189047578
2006-08-31,131.14301042022439
2006-09-01,131.1879789899211
2006-09-05,130.36579137113594
2006-09-06,130.1864458903787
2006-09-07,130.44055926509103
2006-09-08,130.54514722048202
2006-09-11,130.4255662856625
2006-09-12,131.08324587428666
2006-09-13,131.14309336893493
2006-09-14,130.8441980591246
2006-09-15,130.7395064178454
2006-09-18,130.5300401865765
2006-09-19,131.99509068056722
2006-09-20,132.18955356381878
2006-09-21,133.40029367990965
2006-09-22,134.05796289994498
2006-09-25,134.99973145354966
2006-09-26,134.43171942100972
2006-09-27,134.0431047121711
2006-09-28,133.8188425046612
2006-09-29,133.65444852897718
2006-10-02,134.02061524302832
2006-10-03,133.84049211810984
2006-10-04,134.81597932254545
2006-10-05,133.87059213144386
2006-10-06,132.47468975626973
2006-10-09,132.83498784905078
2006-10-10,131.78444243017327
2006-10-11,131.39418948430165
2006-10-12,131.46924769874354
2006-10-13,130.80893448856003
2006-10-16,131.39418948430165
2006-10-17,131.4993062377223
2006-10-18,131.76942871356712
2006-10-19,131.52932330234577
2006-10-20,131.39418948430165
2006-10-23,130.86898935498462
2006-10-24,130.86898935498462
2006-10-25,131.90444847713425
2006-10-26,132.7600229519082
2006-10-27,133.3752846436845
2006-10-30,133.75039944988416
2006-10-31,134.78604520663248
2006-11-01,135.53179558866316
2006-11-02,134.9743906224824
2006-11-03,133.37739983580303
2006-11-06,133.76912512128655
2006-11-07,134.38682343143472
2006-11-08,134.8688591255091
2006-11-09,134.79353132775793
2006-11-10,135.38119183610496
2006-11-13,135.35106071700451
2006-11-14,135.8782516153743
2006-11-15,135.3659811163113
2006-11-16,134.74833464910725
2006-11-17,135.51668855475765
2006-11-20,135.72765823140492
2006-11-21,136.05911091009875
2006-11-22,136.28508393476332
2006-11-24,136.52617436192222
2006-11-27,137.02328598413564
2006-11-28,137.30943829829062
2006-11-29,136.99307191632465
2006-11-30,137.89715064958173
2006-12-01,138.24784742911876
2006-12-04,138.48986066068235
2006-12-05,137.83956350729545
2006-12-06,137.56741915663142
2006-12-07,137.46162844493773
2006-12-08,136.46355845406
2006-12-11,137.05336526029203
2006-12-12,137.34063738203918
2006-12-13,136.1158167223356
2006-12-14,135.6166210137701
2006-12-15,135.69225986918573
2006-12-18,135.7376328138463
2006-12-19,135.55619287814812
2006-12-20,135.54107547565383
2006-12-21,136.22153485390763
2006-12-22,135.1781748670799
2006-12-26,135.58641731454796
2006-12-27,134.5895293427953
2006-12-28,134.2860407481393
2006-12-29,134.17985603007057
2007-01-03,135.13579844458724
2007-01-04,135.95506212132616
2007-01-05,135.36336823192957
2007-01-08,135.60617984483198
2007-01-09,135.60617984483198
2007-01-10,134.99922339269764
2007-01-11,134.2101737837697
2007-01-12,133.58814140349634
2007-01-16,133.8762533809376
2007-01-17,133.46669412268986
2007-01-18,133.8762533809376
2007-01-19,133.51220185900502
2007-01-22,133.8307871189777
2007-01-23,132.9507842489523
2007-01-24,132.935666846458
2007-01-25,131.9796000088755
2007-01-26,131.87339455362914
2007-01-29,131.58520999606617
2007-01-30,131.73700613633824
2007-01-31,132.84453731935065
2007-02-01,132.68461220544654
2007-02-02,132.85219970648598
2007-02-05,133.0350186644967
2007-02-06,133.76627375936206
2007-02-07,134.16236422073732
2007-02-08,134.26903626248043
2007-02-09,133.50728714790606
2007-02-12,133.20257505976974
2007-02-13,132.91308406001588
2007-02-14,134.1776578892415
2007-02-15,134.57388314227134
2007-02-16,135.0462242058024
2007-02-20,135.35074965934
2007-02-21,135.12225706759304
2007-02-22,134.39090865542835
2007-02-23,135.35074965934
2007-02-26,136.24968557254414
2007-02-27,137.97122384808605
2007-02-28,137.34659932060856
2007-03-01,137.2594824373732
2007-03-02,137.9476664142952
2007-03-05,138.1771025476245
2007-03-06,137.7641009178897
2007-03-07,138.29945189565797
2007-03-08,138.1771025476245
2007-03-09,136.72412109101612
2007-03-12,137.2594824373732
2007-03-13,138.0852472193
2007-03-14,137.45831049651648
2007-03-15,137.44294424789055
2007-03-16,137.41226359358282
2007-03-19,137.12178757789144
2007-03-20,137.19832850053407
2007-03-21,137.2594824373732
2007-03-22,136.17350755051007
2007-03-23,135.79121768084946
2007-03-26,135.95952061451723
2007-03-27,135.73001190106623
2007-03-28,135.45483992246784
2007-03-29,135.27128479465114
2007-03-30,135.01128206149113
2007-04-02,135.2354716888793
2007-04-03,135.06654663988255
2007-04-04,135.20464587432815
2007-04-05,134.69820252217997
2007-04-09,133.80779995757172
2007-04-10,134.20696988982544
2007-04-11,134.1148138724253
2007-04-12,134.14552563249947
2007-04-13,133.7310827689192
2007-04-16,134.46790579597894
2007-04-17,135.22000175436523
2007-04-18,135.89546347280952
2007-04-19,135.66520822096376
2007-04-20,135.3121681403542
2007-04-23,135.8033489297646
2007-04-24,136.3098544934457
2007-04-25,135.83405032124998
2007-04-26,134.85163689948502
2007-04-27,134.82099771953258
2007-04-30,136.23307509326028
2007-05-01,136.33178405879238
2007-05-02,136.25470396953128
2007-05-03,135.94670503874016
2007-05-04,136.50125864299642
2007-05-07,136.8710647317221
2007-05-08,136.5628895349211
2007-05-09,136.0236088619914
2007-05-10,136.3471606760071
2007-05-11,135.86957310653497
2007-05-14,135.51523695232336
2007-05-15,135.46896194043578
2007-05-16,135.37656744549284
2007-05-17,134.82199310405895
2007-05-18,133.92837627691762
2007-05-21,134.32886301995103
2007-05-22,133.63568138321952
2007-05-23,133.25045720292385
2007-05-24,133.37367751241794
2007-05-25,133.0656785816268
2007-05-29,133.0501775413463
2007-05-30,133.327423237708
2007-05-31,133.08101372448627
2007-06-01,132.38193236071822
2007-06-04,132.98517685805632
2007-06-05,132.14986260582958
2007-06-06,132.08795176200687
2007-06-07,129.72153910502902
2007-06-08,129.61332214355227
2007-06-11,129.2420644523923
2007-06-12,127.37050306526592
2007-06-13,128.88629743292404
2007-06-14,128.56160507413853
2007-06-15,129.4431736010752
2007-06-18,129.18024692586894
2007-06-19,130.38666334042338
2007-06-20,129.33490479665434
2007-06-21,128.71623183915747
2007-06-22,129.5514942484401
2007-06-25,130.26290386431083
2007-06-26,130.29400963076003
2007-06-27,130.41750989215214
2007-06-28,130.38666334042338
2007-06-29,131.7323195341932
2007-07-02,132.42474426394114
2007-07-03,131.61734225280816
2007-07-05,130.1423171763761
2007-07-06,129.61451453126617
2007-07-09,130.0802196979547
2007-07-10,132.2849860552849
2007-07-11,130.91865489541516
2007-07-12,130.46840929465188
2007-07-13,130.82550349348864
2007-07-16,132.08309926244078
2007-07-17,131.80370726819413
2007-07-18,132.3005596756871
2007-07-19,132.26940206629385
2007-07-20,133.46503514847922
2007-07-23,133.24761620958816
2007-07-24,133.74445824849235
2007-07-25,134.00847362552432
2007-07-26,135.12636302876433
2007-07-27,135.51452151969502
2007-07-30,135.12636302876433
2007-07-31,136.10452532911458
2007-08-01,135.8098396663637
2007-08-02,136.15289479594307
2007-08-03,137.05678689460143
2007-08-06,136.05931828187508
2007-08-07,135.9502199903489
2007-08-08,134.2980475739887
2007-08-09,134.48498286175953
2007-08-10,134.1733030819386
2007-08-13,134.5629857554253
2007-08-14,134.92144860798584
2007-08-15,134.43842789797392
2007-08-16,135.82552734124292
2007-08-17,135.28000477784573
2007-08-20,135.35787287985687
2007-08-21,136.01253520913548
2007-08-22,135.7943593632608
2007-08-23,136.26196198170274
2007-08-24,136.9321357198507
2007-08-27,137.64918584803755
2007-08-28,137.88299752584734
2007-08-29,137.5089092099405
2007-08-30,138.4285200892445
2007-08-31,138.53758727500423
2007-09-04,138.60341744539951
2007-09-05,139.71455689732005
2007-09-06,139.3546113365588
2007-09-07,141.3266443493161
2007-09-10,142.42218944365678
2007-09-11,142.31258309127864
2007-09-12,141.78052932475396
2007-09-13,140.51267902146236
2007-09-14,140.71625589428353
2007-09-17,141.38922915141188
2007-09-18,140.3249142465862
2007-09-19,139.02592707107894
2007-09-20,136.396525527362
2007-09-21,137.55479021545304
2007-09-24,137.94603854585102
2007-09-25,137.4609752238423
2007-09-26,137.58610335367857
2007-09-27,138.54086374907018
2007-09-28,138.85383960249317
2007-10-01,139.64721291295757
2007-10-02,140.08716250502619
2007-10-03,139.67868158001534
2007-10-04,140.21291275019146
2007-10-05,138.70455266071468
2007-10-08,138.59454193337268
2007-10-09,138.42171829498096
2007-10-10,138.50023961808756
2007-10-11,138.35886390957594
2007-10-12,137.6832362937106
2007-10-15,137.71461164346903
2007-10-16,137.76179909117246
2007-10-17,139.27019028641567
2007-10-18,140.04010984897735
2007-10-19,142.1297226589126
2007-10-22,142.14541033379183
2007-10-23,141.9569612320538
2007-10-24,143.00963221163866
2007-10-25,142.52268180646533
2007-10-26,142.19253556996236
2007-10-29,142.74240257207362
2007-10-30,142.66391235473347
2007-10-31,141.37548040264133
2007-11-01,143.21242107170977
2007-11-02,143.66998689617745
2007-11-05,143.60701845629546
2007-11-06,142.9126548004389
2007-11-07,143.16504698940767
2007-11-08,142.9126548004389
2007-11-09,144.12787414689842
2007-11-12,144.64850172854744
2007-11-13,144.1119894688317
2007-11-14,144.26978902202848
2007-11-15,145.626985455151
2007-11-16,145.83207614193932
2007-11-19,146.77893567265286
2007-11-20,146.6212709111107
2007-11-21,147.47324748556537
2007-11-23,147.91519821527555
2007-11-26,150.83469213689773
2007-11-27,149.39852853134954
2007-11-28,148.3886901921652
2007-11-29,149.66689871568437
2007-11-30,148.9411182357141
2007-12-03,150.12301293771776
2007-12-04,150.1070349423517
2007-12-05,148.31669071142412
2007-12-06,147.01759985002874
2007-12-07,145.36975113520495
2007-12-10,144.4982297708314
2007-12-11,147.33438097554733
2007-12-12,145.81328825900403
2007-12-13,144.22894715068068
2007-12-14,143.56343927750015
2007-12-17,144.8467698838946
2007-12-18,145.78170553746926
2007-12-19,147.71458675885586
2007-12-20,147.3976397359162
2007-12-21,145.24291218821395
2007-12-24,144.56165442862127
2007-12-26,143.29420850029354
2007-12-27,144.85621566830636
2007-12-28,147.11522011373512
2007-12-31,148.00605815907363
2008-01-02,150.13781928254758
2008-01-03,149.9308311440058
2008-01-04,149.96276639756033
2008-01-07,150.61495063411178
2008-01-08,150.43979406323635
2008-01-09,150.72627817223346
2008-01-10,148.69002212034738
2008-01-11,149.8512833306064
2008-01-14,150.4080661814582
2008-01-15,152.09440309796844
2008-01-16,150.99655617691053
2008-01-17,152.95337846987417
2008-01-18,151.90345516632564
2008-01-22,153.5259837872598
2008-01-23,153.1760335461175
2008-01-24,150.10576997451608
2008-01-25,152.63514574192126
2008-01-28,152.06251968735802
2008-01-29,151.02852253623146
2008-01-30,150.0421794193051
2008-01-31,151.10797703233155
2008-02-01,152.01638983571385
2008-02-04,150.45195641791798
2008-02-05,151.60125227668289
2008-02-06,151.13838810333004
2008-02-07,147.88184246505318
2008-02-08,149.5740272656559
2008-02-11,150.196526232426
2008-02-12,149.3025257674985
2008-02-13,147.72230098893527
2008-02-14,145.55130512538008
2008-02-15,146.6686138876464
2008-02-19,145.18410155244732
2008-02-20,146.1899894592926
2008-02-21,147.73827898430133
2008-02-22,146.8921295567615
2008-02-25,145.39154590889703
2008-02-26,145.43942805205114
2008-02-27,145.56729348933496
2008-02-28,148.15332322603297
2008-02-29,150.42003153295232
2008-03-03,150.03229815416307
2008-03-04,148.5742049832682
2008-03-05,146.79581573524595
2008-03-06,147.58086306889078
2008-03-07,147.77311744272444
2008-03-10,149.95214896261234
2008-03-11,148.6704980676061
2008-03-12,151.53839789127787
2008-03-13,150.35271865435624
2008-03-14,152.2111741452187
2008-03-17,153.38093759830718
2008-03-18,152.7881135327296
2008-03-19,155.3196459666086
2008-03-20,155.704092502743
2008-03-24,152.69202782016802
2008-03-25,153.33280660902147
2008-03-26,152.69202782016802
2008-03-27,151.61847450270693
2008-03-28,153.09258714332316
2008-03-31,153.63725948243737
2008-04-01,151.13683281500758
2008-04-02,151.45859086315807
2008-04-03,151.79664833292793
2008-04-04,153.1803365104763
2008-04-07,152.3758065984455
2008-04-08,151.84472747926955
2008-04-09,153.42164467800038
2008-04-10,152.9067924003221
2008-04-11,153.93650732426744
2008-04-14,153.03544585035596
2008-04-15,151.13683281500758
2008-04-16,149.6565508640456
2008-04-17,149.39916101526734
2008-04-18,149.27032093063477
2008-04-21,149.86556087740658
2008-04-22,150.38053757815064
2008-04-23,149.88175661313778
2008-04-24,148.61059873001378
2008-04-25,147.74176283014364
2008-04-28,148.19231948857143
2008-04-29,148.75545828436768
2008-04-30,149.81744025670966
2008-05-01,149.82711415007537
2008-05-02,147.93769805300713
2008-05-05,147.93769805300713
2008-05-06,146.87189007139187
2008-05-07,147.50163668174469
2008-05-08,148.82588173960863
2008-05-09,149.37491925461458
2008-05-12,149.14883217547302
2008-05-13,147.51787389183116
2008-05-14,147.5824598315685
2008-05-15,148.92278657068672
2008-05-16,148.30911127299936
2008-05-19,148.50290019797782
2008-05-20,149.27807663506943
2008-05-21,149.3103540520549
2008-05-22,147.55017204599423
2008-05-23,148.1960936549006
2008-05-27,147.19496493032204
2008-05-28,145.88689487101166
2008-05-29,144.83715820206183
2008-05-30,145.78995893416712
2008-06-02,146.3522889800357
2008-06-03,147.40586202684761
2008-06-04,146.093001679504
2008-06-05,145.21780983468943
2008-06-06,147.09781125311238
2008-06-09,147.09781125311238
2008-06-10,146.14161999246411
2008-06-11,145.8012503273882
2008-06-12,144.34265946423014
2008-06-13,144.034660533439
2008-06-16,144.06705200490143
2008-06-17,144.35884483137252
2008-06-18,145.57436486690776
2008-06-19,144.71534802064676
2008-06-20,145.55816913117653
2008-06-23,145.86616806196767
2008-06-24,146.83862763846886
2008-06-25,146.9035038986931
2008-06-26,147.89200368209325
2008-06-27,149.62618126740236
2008-06-30,149.6586349503977
2008-07-01,149.30413289876503
2008-07-02,150.08489800522867
2008-07-03,149.75952131958127
2008-07-07,150.44262468798323
2008-07-08,151.4185370045603
2008-07-09,152.08548611158633
2008-07-10,152.06916595278932
2008-07-11,149.90591542508
2008-07-14,151.22338979444686
2008-07-15,151.17461595265453
2008-07-16,148.4418706842045
2008-07-17,147.67751905383724
2008-07-18,147.12437557766
2008-07-21,147.69378736969017
2008-07-22,146.9617649992524
2008-07-23,146.66897678825498
2008-07-24,148.10035010577
2008-07-25,146.62008889198563
2008-07-28,148.10035010577
2008-07-29,147.49864015957672
2008-07-30,147.64488910483203
2008-07-31,149.10900642582922
2008-08-01,149.43858238994727
2008-08-04,149.09581758085477
2008-08-05,147.98564240769417
2008-08-06,147.38159952901722
2008-08-07,149.78137830480625
2008-08-08,150.1895689093302
2008-08-11,148.75305277176227
2008-08-12,150.14060843293916
2008-08-13,149.61824929695783
2008-08-14,150.58130456340257
2008-08-15,151.88732164212732
2008-08-18,152.49134378362663
2008-08-19,151.90363143233552
2008-08-20,152.32811108989006
2008-08-21,152.05060617880798
2008-08-22,151.95266448884828
2008-08-25,153.47095768641114
2008-08-26,153.60144637666554
2008-08-27,153.86271407766114
2008-08-28,153.87889944480355
2008-08-29,153.19331798367446
2008-09-02,154.61878120556412
2008-09-03,155.2742004418263
2008-09-04,156.51934353560998
2008-09-05,156.43743168396043
2008-09-08,157.09284055163383
2008-09-09,158.64932126180747
2008-09-10,157.66623388176947
2008-09-11,157.5842287128206
2008-09-12,155.55280442332293
2008-09-15,160.599092914376
2008-09-16,160.56631780512737
2008-09-17,161.3691680057699
2008-09-18,159.0098059891872
2008-09-19,153.96343454942365
2008-09-22,153.94711439062664
2008-09-23,153.35728684721695
2008-09-24,154.0290573480426
2008-09-25,153.71762641435328
2008-09-26,154.83187644291874
2008-09-29,159.33746376437423
2008-09-30,155.45437540968888
2008-10-01,157.4101193694156
2008-10-02,158.67563674022352
2008-10-03,160.07245155121345
2008-10-06,162.98150430389754
2008-10-07,162.4883638512008
2008-10-08,160.15464335476105
2008-10-09,158.8071519207707
2008-10-10,157.68950099507347
2008-10-13,155.6681549739054
2008-10-14,154.66547096100436
2008-10-15,156.1447264216735
2008-10-16,155.33928407382683
2008-10-17,154.27112242255026
2008-10-20,155.50367804951085
2008-10-21,156.3254301875657
2008-10-22,159.49733703533428
2008-10-23,160.6806729711834
2008-10-24,158.97150442209943
2008-10-27,159.08647133489566
2008-10-28,156.76913320878586
2008-10-29,155.9803946575224
2008-10-30,154.5670523159591
2008-10-31,152.56188129334458
2008-11-03,152.97432301928328
2008-11-04,155.84538526254408
2008-11-05,157.6935758504783
2008-11-06,156.55500111254958
2008-11-07,155.5318598739138
2008-11-10,156.2910997899946
2008-11-11,156.7530618961204
2008-11-12,157.75955118111708
2008-11-13,153.98093672734572
2008-11-14,157.03350111783755
2008-11-17,157.7264961199704
2008-11-18,159.75606443206988
2008-11-19,163.84810058858332
2008-11-20,172.31288170663655
2008-11-21,169.8213512884112
2008-11-24,167.1646803561071
2008-11-25,172.0818177048631
2008-11-26,172.31288170663655
2008-11-28,174.44134561886685
2008-12-01,181.12168223302905
2008-12-02,181.8168546388133
2008-12-03,182.33032789417902
2008-12-04,185.92285728446245
2008-12-05,182.90970390006174
2008-12-08,182.51227589072917
2008-12-09,186.12164386925042
2008-12-10,185.67438442206628
2008-12-11,186.03875737025214
2008-12-12,186.03875737025214
2008-12-15,188.15805544996874
2008-12-16,192.81008871986705
2008-12-17,198.0418090533126
2008-12-18,202.19733207914885
2008-12-19,202.41260472015492
2008-12-22,200.85625880163582
2008-12-23,200.59127914584397
2008-12-24,200.16096197278577
2008-12-26,200.8231830033115
2008-12-29,200.58227921075132
2008-12-30,202.49254653992935
2008-12-31,198.25662547641073
2009-01-02,193.27323284511797
2009-01-05,188.28988168818046
2009-01-06,186.39626631264156
2009-01-07,187.1271274011319
2009-01-08,186.97763308757703
2009-01-09,187.26001123540283
2009-01-12,189.20358247185914
2009-01-13,189.40288748608796
2009-01-14,192.52586496323195
2009-01-15,192.84142259527022
2009-01-16,189.86800164321394
2009-01-20,189.83463552440278
2009-01-21,183.8380658683268
2009-01-22,180.29972272319787
2009-01-23,178.88795640713465
2009-01-26,177.32640545702978
2009-01-27,181.49590534059053
2009-01-28,176.96097491278462
2009-01-29,172.89104458762773
2009-01-30,172.34292987702645
2009-02-02,175.54939523132012
2009-02-03,171.3685313744166
2009-02-04,170.76907141199652
2009-02-05,170.91875236015005
2009-02-06,170.38575505204307
2009-02-09,170.93542505096678
2009-02-10,174.6500445745633
2009-02-11,176.91533238481483
2009-02-12,175.24959785428277
2009-02-13,170.58569255018966
2009-02-17,175.89931436669593
2009-02-18,174.40009937255522
2009-02-19,171.43504587167376
2009-02-20,173.10096703680455
2009-02-23,174.69987601241493
2009-02-24,174.51678747109497
2009-02-25,172.5012685968417
2009-02-26,170.68558353484687
2009-02-27,169.70278647529568
2009-03-02,172.51240446123052
2009-03-03,171.35983212839963
2009-03-04,170.5748366376989
2009-03-05,175.3185489699118
2009-03-06,174.14922099755364
2009-03-09,173.1303308803326
2009-03-10,169.8064723634597
2009-03-11,171.6438381446696
2009-03-12,172.46216864841503
2009-03-13,171.59358159467652
2009-03-16,168.88761839113926
2009-03-17,167.96895105341753
2009-03-18,174.33303534009076
2009-03-19,174.55021580143904
2009-03-20,173.58127117654658
2009-03-23,172.07806427571154
2009-03-24,173.71508818381102
2009-03-25,171.37640113332824
2009-03-26,173.36419440108645
2009-03-27,174.65039710658309
2009-03-30,175.3185489699118
2009-03-31,176.5712818707091
2009-04-01,178.18270573302087
2009-04-02,176.00499102391268
2009-04-03,172.40343059277015
2009-04-06,171.66657645994397
2009-04-07,172.10202608446625
2009-04-08,173.6263745378979
2009-04-09,171.44879462044435
2009-04-13,173.02345146681316
2009-04-14,173.92795531221168
2009-04-15,173.6263745378979
2009-04-16,172.25278536585668
2009-04-17,170.35991652871257
2009-04-20,172.93949700316676
2009-04-21,171.2308987264677
2009-04-22,170.19228755331787
2009-04-23,170.17557338814584
2009-04-24,168.46694400568032
2009-04-27,169.18719802781146
2009-04-28,166.42327441279053
2009-04-29,164.94926545806248
2009-04-30,164.2959406767412
2009-05-01,163.16520459195766
2009-05-04,163.702867765032
2009-05-05,163.5012194497307
2009-05-06,163.11481325030996
2009-05-07,159.13265302948392
2009-05-08,159.51912144043754
2009-05-11,161.78738503567936
2009-05-12,162.37541881322377
2009-05-13,164.13971714904451
2009-05-14,164.77809042529253
2009-05-15,164.72789608683235
2009-05-18,162.173853446633
2009-05-19,161.3169932668458
2009-05-20,163.01399946124812
2009-05-21,158.91414538876714
2009-05-22,157.14994037024573
2009-05-26,154.78096667183024
2009-05-27,152.04211430456732
2009-05-28,154.24317907569008
2009-05-29,158.22540150804903
2009-06-01,153.54760229494198
2009-06-02,154.37360555441154
2009-06-03,155.82328979977632
2009-06-04,152.6036252319194
2009-06-05,151.44049767567344
2009-06-08,151.0529405628941
2009-06-09,151.0359982887681
2009-06-10,148.65920667438505
2009-06-11,150.31113024461368
2009-06-12,151.65966890607447
2009-06-15,153.02510836730602
2009-06-16,155.6885292509296
2009-06-17,154.81188580368072
2009-06-18,152.4687506285957
2009-06-19,154.55903739680403
2009-06-22,156.05935146135928
2009-06-23,157.8965306079705
2009-06-24,156.31218949964716
2009-06-25,159.1777356536576
2009-06-26,159.4474537545386
2009-06-29,159.68337025587812
2009-06-30,159.41379731524057
2009-07-01,159.09762793646212
2009-07-02,159.46961142883924
2009-07-06,159.16511708106808
2009-07-07,160.2305414248971
2009-07-08,163.18994404487358
2009-07-09,161.24520115788107
2009-07-10,162.73321807610006
2009-07-13,161.82013940775036
2009-07-14,159.13142953600357
2009-07-15,155.03895789875986
2009-07-16,156.71313246058847
2009-07-17,154.29483538517337
2009-07-20,155.10659220360924
2009-07-21,158.20132564481736
2009-07-22,156.7807460282602
2009-07-23,153.9059407244367
2009-07-24,154.64994918354623
2009-07-27,152.87428687438268
2009-07-28,154.22727366044572
2009-07-29,155.0728113412454
2009-07-30,157.27108696197652
2009-07-31,160.33200843505438
2009-08-03,157.902150383109
2009-08-04,156.6466387005089
2009-08-05,154.30506918233516
2009-08-06,154.83103658722462
2009-08-07,153.54146409036267
2009-08-10,155.45887537723516
2009-08-11,157.2574937420382
2009-08-12,155.5776164563606
2009-08-13,157.78347151551648
2009-08-14,158.39434729422345
2009-08-17,160.73574054638732
2009-08-18,159.80265050162197
2009-08-19,161.12615938967997
2009-08-20,162.44965790914918
2009-08-21,159.1068456119199
2009-08-24,161.99150107511898
2009-08-25,162.9076384771695
2009-08-26,163.65437387513774
2009-08-27,163.00947875652417
2009-08-28,163.75605862566013
2009-08-31,163.90876720174805
2009-09-01,163.51221015387608
2009-09-02,165.89537845038123
2009-09-03,164.87393766031136
2009-09-04,162.06532542749173
2009-09-08,160.92491544934248
2009-09-09,160.73760689237426
2009-09-10,163.69935281342325
2009-09-11,164.6015133577493
2009-09-14,162.9673926545184
2009-09-15,162.13349889895957
2009-09-16,162.42284473846996
2009-09-17,164.46547747247814
2009-09-18,163.00155715466843
2009-09-21,163.3758943167069
2009-09-22,163.7166372509802
2009-09-23,164.21007839275262
2009-09-24,164.68671205205362
2009-09-25,166.78041008598257
2009-09-28,168.24434077238107
2009-09-29,168.09110339826353
2009-09-30,167.93792823567887
2009-10-01,170.23791971269884
2009-10-02,169.0596851225474
2009-10-05,169.07690734857144
2009-10-06,167.40346895654875
2009-10-07,169.3672174668418
2009-10-08,167.5912752057802
2009-10-09,163.74942272881765
2009-10-12,164.00551650399387
2009-10-13,164.85928684431377
2009-10-14,162.41740122934135
2009-10-15,161.66617623241567
2009-10-16,162.98107919175607
2009-10-19,164.26164138493655
2009-10-20,165.1495762254065
2009-10-21,164.15918935884173
2009-10-22,163.35669169021892
2009-10-23,162.12721553413684
2009-10-26,160.02708897514174
2009-10-27,162.21266307457276
2009-10-28,162.98107919175607
2009-10-29,161.20530282811555
2009-10-30,163.54450830803918
2009-11-02,162.82171398164803
2009-11-03,161.19428101820372
2009-11-04,159.72112228775862
2009-11-05,159.72112228775862
2009-11-06,159.87530320345846
2009-11-09,160.06373156801888
2009-11-10,159.7724468023998
2009-11-11,160.44054682278443
2009-11-12,160.14930353152062
2009-11-13,160.8858984496264
2009-11-16,162.7701717266417
2009-11-17,163.64387049466671
2009-11-18,162.6844338657189
2009-11-19,162.97576010569327
2009-11-20,162.9413986023557
2009-11-23,162.73601759508048
2009-11-24,163.76373138138428
2009-11-25,164.51757963128054
2009-11-27,165.13418923960296
2009-11-30,165.52829930051428
2009-12-01,163.68433909681713
2009-12-02,163.82179547875612
2009-12-03,162.12046558281733
2009-12-04,160.4020067781539
2009-12-07,160.60830022124495
2009-12-08,160.84875816448604
2009-12-09,160.1097681023637
2009-12-10,158.2710232988412
2009-12-11,158.2538943901165
2009-12-14,158.44285155270654
2009-12-15,157.73844073428685
2009-12-16,157.54930730568694
2009-12-17,160.14428513453348
2009-12-18,159.45671290435163
2009-12-21,156.6213393437969
2009-12-22,155.74494474267962
2009-12-23,155.77933735178362
2009-12-24,154.16400453148808
2009-12-28,153.73436131670294
2009-12-29,154.74837819718027
2009-12-30,155.7658685549111
2009-12-31,155.02430708276228
2010-01-04,154.8862804284384
2010-01-05,155.88663150885571
2010-01-06,153.79987006084494
2010-01-07,154.0585663518141
2010-01-08,153.98948044453041
2010-01-11,153.14447156176038
2010-01-12,155.7658685549111
2010-01-13,153.95504636107117
2010-01-14,156.1107692932998
2010-01-15,157.076510024248
2010-01-19,156.62819298100453
2010-01-20,158.21487739040037
2010-01-21,158.9391025820482
2010-01-22,158.66326701376553
2010-01-25,157.93884481893022
2010-01-26,157.99052186559115
2010-01-27,157.9043588925269
2010-01-28,157.81821665664023
2010-01-29,159.19784034737262
2010-02-01,157.7526871753206
2010-02-02,158.20269429854113
2010-02-03,156.36820061643334
2010-02-04,158.84306871243072
2010-02-05,159.189234418655
2010-02-08,159.39691725264746
2010-02-09,157.80468564823485
2010-02-10,156.29897991749507
2010-02-11,155.45088119525775
2010-02-12,156.0911726604368
2010-02-16,156.38551615975672
2010-02-17,154.60286542173094
2010-02-18,153.979733971043
2010-02-19,154.81052751854577
2010-02-22,154.1701012617121
2010-02-23,156.57579013312645
2010-02-24,156.9565143458758
2010-02-25,157.83935820923688
2010-02-26,158.6526184730511
2010-03-01,158.58332519399113
2010-03-02,158.3749165587815
2010-03-03,157.97551851757385
2010-03-04,158.80902863534646
2010-03-05,156.72539850115828
2010-03-08,155.90955645872876
2010-03-09,155.94418754537554
2010-03-10,155.5448828214672
2010-03-11,156.11771624780678
2010-03-12,157.0900514012422
2010-03-15,156.8818397692201
2010-03-16,158.13178351962577
2010-03-17,158.80902863534646
2010-03-18,158.28818331333233
2010-03-19,158.44431352372965
2010-03-22,158.61790443769382
2010-03-23,157.87144899162365
2010-03-24,154.98919904102996
2010-03-25,153.9997142416922
2010-03-26,154.43379521249074
2010-03-29,153.843407765285
2010-03-30,154.3294561032313
2010-03-31,155.38870076812577
2010-04-01,155.00879567389293
2010-04-05,152.42965068016906
2010-04-06,152.6736132064301
2010-04-07,154.625396365229
2010-04-08,154.69503180771991
2010-04-09,155.06108446729405
2010-04-12,155.8800474549573
2010-04-13,156.38545394822384
2010-04-14,155.28763813293236
2010-04-15,155.46184079363667
2010-04-16,156.59451580452887
2010-04-19,156.21122018175305
2010-04-20,156.76884288829896
2010-04-21,158.0583842793945
2010-04-22,157.58782661313987
2010-04-23,157.0301728008275
2010-04-26,157.20440656729826
2010-04-27,159.41750927003685
2010-04-28,158.0583842793945
2010-04-29,158.72055346697616
2010-04-30,160.55031907258365
2010-05-03,160.34046920352856
2010-05-04,163.22594378524414
2010-05-05,164.18777555820853
2010-05-06,169.25907308548673
2010-05-07,167.14313442854663
2010-05-10,163.6805441933103
2010-05-11,163.26090666673304
2010-05-12,162.01936147326862
2010-05-13,163.08601967916684
2010-05-14,165.91896698993853
2010-05-17,165.30686771775126
2010-05-18,167.84265127304496
2010-05-19,168.40227511723245
2010-05-20,171.95216887030284
2010-05-21,172.12682774891508
2010-05-24,171.53232397194924
2010-05-25,172.3717856597025
2010-05-26,171.88216015861454
2010-05-27,167.98235763875712
2010-05-28,168.75184172058852
2010-06-01,169.93803938695095
2010-06-02,168.32374342553703
2010-06-03,167.09535597128067
2010-06-04,171.5873811785643
2010-06-07,172.90346615702978
2010-06-08,172.04368203519638
2010-06-09,171.85066038579032
2010-06-10,168.77991985910333
2010-06-11,170.92068091766987
2010-06-14,170.04338424932556
2010-06-15,169.34138931210012
2010-06-16,170.30658050784103
2010-06-17,171.6927571467054
2010-06-18,171.41193428720203
2010-06-21,170.92068091766987
2010-06-22,172.95597269079605
2010-06-23,174.1316151337434
2010-06-24,173.0964463320806
2010-06-25,173.79810947446393
2010-06-28,175.430073511221
2010-06-29,177.3427256158268
2010-06-30,178.53577691939688
2010-07-01,178.81745000318315
2010-07-02,177.39185198963887
2010-07-06,178.85259951927074
2010-07-07,176.75826900142403
2010-07-08,175.63176330087757
2010-07-09,174.62858159571337
2010-07-12,174.55830330071583
2010-07-13,173.06214704027596
2010-07-14,174.8047024453487
2010-07-15,176.54689494981292
2010-07-16,177.40935416756096
2010-07-19,176.3183090407666
2010-07-20,176.58218962614393
2010-07-21,179.57414961500393
2010-07-22,177.4974664353227
2010-07-23,175.6142611229555
2010-07-26,175.31483701511553
2010-07-27,173.62536878478272
2010-07-28,174.18862163505594
2010-07-29,174.13570035773705
2010-07-30,176.84611168587656
2010-08-02,174.3636019399215
2010-08-03,175.37010159350694
2010-08-04,174.028178091711
2010-08-05,174.84039112805476
2010-08-06,176.74717461139048
2010-08-09,176.09405720184552
2010-08-10,176.4648794122752
2010-08-11,178.83092916864447
2010-08-12,178.38943465684224
2010-08-13,180.6141190732887
2010-08-16,185.134512739574
2010-08-17,184.07507107149203
2010-08-18,184.56940391190267
2010-08-19,187.44759974426913
2010-08-20,187.23564505168432
2010-08-23,187.27104341390347
2010-08-24,190.27262545318507
2010-08-25,189.65467829690536
2010-08-26,191.4381170476812
2010-08-27,186.0172321798693
2010-08-30,189.5840059955328
2010-08-31,191.68526273070887
2010-09-01,187.72178670692995
2010-09-02,185.73840008941872
2010-09-03,183.43607567991504
2010-09-07,187.19052095315533
2010-09-08,185.7028565669561
2010-09-09,182.03704199091837
2010-09-10,181.20469315509317
2010-09-13,182.09010842848068
2010-09-14,183.84335384862317
2010-09-15,181.116207618134
2010-09-16,179.32752236141707
2010-09-17,180.05357242469657
2010-09-20,181.09841511972508
2010-09-21,183.61319191407674
2010-09-22,185.26015929885114
2010-09-23,185.79146652698105
2010-09-24,183.29437854515012
2010-09-27,186.48218043957425
2010-09-28,187.75735096657021
2010-09-29,186.9779856195968
2010-09-30,186.85403950888556
2010-10-01,185.95101837168778
2010-10-04,186.4310632967094
2010-10-05,185.31121423018308
2010-10-06,187.6398541181028
2010-10-07,186.0755243861951
2010-10-08,185.2577330490681
2010-10-11,185.29333878306363
2010-10-12,183.46245336986397
2010-10-13,183.17793929274197
2010-10-14,180.44056963367981
2010-10-15,178.2364772346227
2010-10-18,179.6763839007336
2010-10-19,180.76050281019863
2010-10-20,181.1516889290637
2010-10-21,179.0008910765229
2010-10-22,180.20947452613993
2010-10-25,180.72500076209127
2010-10-26,177.93408771038125
2010-10-27,176.37000682460516
2010-10-28,176.84988585220572
2010-10-29,178.5029707043818
2010-11-01,177.73451311284322
2010-11-02,180.07057691035547
2010-11-03,176.39708957859358
2010-11-04,177.77024326990454
2010-11-05,174.72073761311353
2010-11-08,175.50547388909382
2010-11-09,171.63575064539282
2010-11-10,171.86757155414983
2010-11-11,171.7784535332729
2010-11-12,170.85114916106713
2010-11-15,167.284748614601
2010-11-16,171.439493996276
2010-11-17,170.49451118013826
2010-11-18,171.19003611794227
2010-11-19,172.24215756231987
2010-11-22,172.9732674969418
2010-11-23,173.82929818962364
2010-11-24,170.72649798631636
2010-11-26,173.09794977745898
2010-11-29,174.5781280425328
2010-11-30,175.48766065350728
2010-12-01,171.5866139029919
2010-12-02,171.13940629875182
2010-12-03,169.7973272681236
2010-12-06,172.1950012203829
2010-12-07,168.50879163014332
2010-12-08,166.88060175971543
2010-12-09,167.70366033996115
2010-12-10,166.68381631256898
2010-12-13,167.31004797131303
2010-12-14,164.87637427868322
2010-12-15,162.72910174633995
2010-12-16,163.8563747224588
2010-12-17,166.84488197124293
2010-12-20,166.66578533661726
2010-12-21,167.82877810120863
2010-12-22,166.62996186225664
2010-12-23,166.29004841508862
2010-12-27,167.77519323420546
2010-12-28,164.48938743828876
2010-12-29,167.2724722054424
2010-12-30,167.14668048592185
2010-12-31,168.99606346156997
2011-01-03,167.721400995426
2011-01-04,167.91881892649025
2011-01-05,164.22011518672687
2011-01-06,164.93828512250593
2011-01-07,165.81819467523195
2011-01-10,166.71579304047876
2011-01-11,165.78229862074957
2011-01-12,164.48938743828876
2011-01-13,165.96173741880617
2011-01-14,164.90242017379
2011-01-18,164.13029210181043
2011-01-19,165.31533885481423
2011-01-20,163.0350373279566
2011-01-21,164.3276789271082
2011-01-24,164.39951251042822
2011-01-25,165.96173741880617
2011-01-26,163.4479145346256
2011-01-27,164.18413618353398
2011-01-28,165.04608734043
2011-01-31,163.78914479257327
2011-02-01,162.97822782983155
2011-02-02,163.01431051891262
2011-02-03,161.66301381282665
2011-02-04,160.0232007543356
2011-02-07,160.85216943020663
2011-02-08,159.37450036362642
2011-02-09,160.76208713056977
2011-02-10,158.90608899525677
2011-02-11,161.1944054412695
2011-02-14,161.302580928391
2011-02-15,162.02337411714058
2011-02-16,161.5009320324487
2011-02-17,161.75306500669706
2011-02-18,161.24852947489111
2011-02-22,163.66293832950007
2011-02-23,164.25776353271922
2011-02-24,165.30275138799112
2011-02-25,166.27571902534436
2011-02-28,166.49182115345573
2011-03-01,166.97463449169135
2011-03-02,164.40768295841553
2011-03-03,162.79895492919601
2011-03-04,164.1546893912954
2011-03-07,163.106114004293
2011-03-08,162.1119529713991
2011-03-09,163.68469162883687
2011-03-10,166.43226397929433
2011-03-11,165.49228919155493
2011-03-14,165.42005123327107
2011-03-15,167.89636056311392
2011-03-16,169.79447590619912
2011-03-17,168.49305211232002
2011-03-18,168.94494631870512
2011-03-21,167.95081639157763
2011-03-22,168.51116603698227
2011-03-23,168.2941929474103
2011-03-24,167.02874815672413
2011-03-25,166.6131232740188
2011-03-28,166.84812733954246
2011-03-29,165.56463083572692
2011-03-30,166.8842515029788
2011-03-31,166.5407401554915
2011-04-01,167.3503092016871
2011-04-04,167.53176987456288
2011-04-05,166.86036227434582
2011-04-06,164.3551245817052
2011-04-07,164.02847255963337
2011-04-08,163.15702377538153
2011-04-11,163.30226696752163
2011-04-12,165.06306072032245
2011-04-13,166.0977629354885
2011-04-14,165.97072698531
2011-04-15,168.22165430005077
2011-04-18,168.6028865736521
2011-04-19,169.32900921705334
2011-04-20,168.23982006765712
2011-04-21,168.09457687551702
2011-04-25,168.72991215524183
2011-04-26,170.36375290657466
2011-04-27,168.62105234125846
2011-04-28,169.9098057196039
2011-04-29,170.43627081675655
2011-05-02,170.70984603267723
2011-05-03,171.6758874527011
2011-05-04,172.44163884255858
2011-05-05,174.08238507404312
2011-05-06,173.3167373700738
2011-05-09,173.13434352420452
2011-05-10,171.8947787312041
2011-05-11,172.87916218484415
2011-05-12,171.78544196213517
2011-05-13,173.33495498062422
2011-05-16,174.30107934935862
2011-05-17,176.08773236266754
2011-05-18,173.7542088694153
2011-05-19,173.68134879580245
2011-05-20,173.7724783229098
2011-05-23,174.6110794177913
2011-05-24,175.2674110898693
2011-05-25,174.44708981707115
2011-05-26,175.94192926673134
2011-05-27,175.86895513864152
2011-05-31,176.2700743655927
2011-06-01,178.65236133204846
2011-06-02,175.24903795048667
2011-06-03,176.25541318100633
2011-06-06,174.91985599274363
2011-06-07,175.7247902797383
2011-06-08,177.0970937467663
2011-06-09,176.38352746442175
2011-06-10,177.73743705488945
2011-06-13,176.8408859171131
2011-06-14,174.1695641688114
2011-06-15,177.33494917421447
2011-06-16,178.13998714709732
2011-06-17,177.2983480556926
2011-06-20,177.51785108093577
2011-06-21,176.73114477308033
2011-06-22,176.8408859171131
2011-06-23,178.19496140500183
2011-06-24,177.44471105542488
2011-06-27,175.01122399739376
2011-06-28,173.60227793748862
2011-06-29,172.4496848674801
2011-06-30,172.17511426703305
2011-07-01,171.8996519679478
2011-07-05,172.28538420909544
2011-07-06,173.16668315272287
2011-07-07,172.65259815061702
2011-07-08,175.09425565663548
2011-07-11,177.7197689795463
2011-07-12,178.32566783562135
2011-07-13,178.8212241695123
2011-07-14,176.26928635284267
2011-07-15,176.5631321598994
2011-07-18,174.85567442797014
2011-07-19,178.49073576957844
2011-07-20,176.37952518913863
2011-07-21,175.02084604781535
2011-07-22,176.34286185908383
2011-07-25,174.41490571738504
2011-07-26,175.60833029015254
2011-07-27,175.62680711542333
2011-07-28,176.28761801787005
2011-07-29,179.77602603925922
2011-08-01,181.5904876077737
2011-08-02,187.04278929969928
2011-08-03,187.41133042058937
2011-08-04,194.07955652301402
2011-08-05,188.47977202376399
2011-08-08,194.42955860710038
2011-08-09,195.0190543556679
2011-08-10,200.82154476627855
2011-08-11,190.6901892619991
2011-08-12,194.4665744691749
2011-08-15,192.49538131211176
2011-08-16,195.68220855918713
2011-08-17,199.10840504767788
2011-08-18,203.19792163710892
2011-08-19,204.83725774051447
2011-08-22,204.3213582353657
2011-08-23,201.50315505789095
2011-08-24,195.7742608906991
2011-08-25,197.89268800895513
2011-08-26,199.84530065485933
2011-08-29,197.08213394682198
2011-08-30,200.2505673173371
2011-08-31,197.15593756201713
2011-09-01,201.33522539342056
2011-09-02,207.8757934303377
2011-09-06,210.03743682678052
2011-09-07,206.02811090325548
2011-09-08,207.8757934303377
2011-09-09,210.0929087769482
2011-09-12,210.3146306801981
2011-09-13,207.32150940939067
2011-09-14,209.07657970116483
2011-09-15,205.88021335237835
2011-09-16,207.37679472495972
2011-09-19,211.33075238420514
2011-09-20,212.21772294591514
2011-09-21,219.23860549116316
2011-09-22,227.47887555557492
2011-09-23,223.24788994033293
2011-09-26,219.6635724723921
2011-09-27,216.3008939589906
2011-09-28,216.22698665790728
2011-09-29,217.7234436074228
2011-09-30,223.19248020169806
2011-10-03,229.334811479355
2011-10-04,226.4266089509539
2011-10-05,224.79664605183837
2011-10-06,220.64746860235775
2011-10-07,219.01744349170937
2011-10-10,215.924078704225
2011-10-11,215.20159543549835
2011-10-12,212.07115257440657
2011-10-13,214.18288158428717
2011-10-14,211.0709570228215
2011-10-17,214.71993301062136
2011-10-18,213.38624216834563
2011-10-19,213.31218970701892
2011-10-20,211.79329513130472
2011-10-21,209.5520831842849
2011-10-24,209.90405530024634
2011-10-25,215.23871498346105
2011-10-26,211.47848403766122
2011-10-27,204.31016015944402
2011-10-28,206.45869765962286
2011-10-31,214.64581833776174
2011-11-01,221.83102227857202
2011-11-02,219.06401919267262
2011-11-03,216.0555109360617
2011-11-04,216.31543072051116
2011-11-07,217.68970421941427
2011-11-08,214.90403767364535
2011-11-09,219.36118294815063
2011-11-10,216.09271343273494
2011-11-11,214.77411925577584
2011-11-14,218.22824872253804
2011-11-15,217.9311057042377
2011-11-16,219.91839091114386
2011-11-17,221.68250261236597
2011-11-18,221.6268232904219
2011-11-21,222.94531378149279
2011-11-22,225.43383730896136
2011-11-23,227.6437568549333
2011-11-25,224.3382507402654
2011-11-28,224.22670546177858
2011-11-29,222.3881472928548
2011-11-30,218.91541657775605
2011-12-01,217.81703049007965
2011-12-02,220.8701029414235
2011-12-05,220.42338266085775
2011-12-06,218.31965820154338
2011-12-07,219.10169864443145
2011-12-08,221.83817660485533
2011-12-09,217.27713807040976
2011-12-12,219.69733259757825
2011-12-13,221.74529478623808
2011-12-14,225.9340180334644
2011-12-15,225.09627753145466
2011-12-16,227.72133463645758
2011-12-19,230.6067884809955
2011-12-20,224.85423319412465
2011-12-21,221.7265898520133
2011-12-22,222.65739880723902
2011-12-23,220.1814834837712
2011-12-27,221.22744598639184
2011-12-28,225.317522479619
2011-12-29,225.72838818005758
2011-12-30,226.45686449312015
2012-01-03,223.0575641240191
2012-01-04,220.40559016244882
2012-01-05,220.01332571034683
2012-01-06,221.75016802298177
2012-01-09,221.3579657824127
2012-01-10,220.98446847606837
2012-01-11,223.86065280220447
2012-01-12,223.5432288241792
2012-01-13,225.76586026004003
2012-01-17,226.81169833959493
2012-01-18,224.06607528383495
2012-01-19,220.98446847606837
2012-01-20,218.48192661652
2012-01-23,217.0997937272941
2012-01-24,217.49193375633027
2012-01-25,216.96900434796405
2012-01-26,219.84506425103433
2012-01-27,220.53625511871306
2012-01-30,223.13228017503008
2012-01-31,225.70974545736573
2012-02-01,223.12423415010855
2012-02-02,223.03054358156356
2012-02-03,218.23801593320303
2012-02-06,220.40959243773196
2012-02-07,217.6762665283082
2012-02-08,217.84479757092998
2012-02-09,216.21603742811715
2012-02-10,219.02418307444003
2012-02-13,219.305026671121
2012-02-14,220.46579018911686
2012-02-15,220.07253035248846
2012-02-16,218.3127527213917
2012-02-17,218.25659644436203
2012-02-21,215.84152400006883
2012-02-22,218.55618644962308
2012-02-23,218.55618644962308
2012-02-24,219.97910936725273
2012-02-27,221.9260192893079
2012-02-28,221.19594621356762
2012-02-29,219.8479674559029
2012-03-01,217.77827270508396
2012-03-02,219.82351832347385
2012-03-05,218.07846408849633
2012-03-06,220.72427910830967
2012-03-07,219.37337640859874
2012-03-08,217.17778625237102
2012-03-09,217.60934765608718
2012-03-12,217.57195852481524
2012-03-13,213.74397921968904
2012-03-14,208.3585341884516
2012-03-15,208.67763787786507
2012-03-16,209.09028697558009
2012-03-19,206.594733544894
2012-03-20,207.42048795823203
2012-03-21,209.76588348567898
2012-03-22,210.44147999577788
2012-03-23,212.43046565125005
2012-03-26,211.3420956203703
2012-03-27,212.86202705496615
2012-03-28,212.56181493437617
2012-03-29,214.15669052893696
2012-03-30,210.53510835279
2012-04-02,211.7016575433454
2012-04-03,208.0331471342154
2012-04-04,210.8927831926005
2012-04-05,212.41653026788077
2012-04-09,217.38310504811338
2012-04-10,219.8476356610608
2012-04-11,217.2139104158074
2012-04-12,216.31086854143194
2012-04-13,219.81005989519016
2012-04-16,219.49018893020425
2012-04-17,219.35854932659126
2012-04-18,219.998125359142
2012-04-19,220.20522755216075
2012-04-20,220.2427411064985
2012-04-23,221.84182634811873
2012-04-24,220.28035834672437
2012-04-25,219.15148860792777
2012-04-26,220.46854823374198
2012-04-27,220.6565929605162
2012-04-30,220.7129980836774
2012-05-01,219.5683680898799
2012-05-02,221.11469795160232
2012-05-03,221.0581476681977
2012-05-04,222.79320658355618
2012-05-07,222.83080308660445
2012-05-08,224.01902262778611
2012-05-09,224.16988559506473
2012-05-10,223.5097797566575
2012-05-11,225.35789776447004
2012-05-14,228.50721145720772
2012-05-15,229.43134304123566
2012-05-16,230.09120003351126
2012-05-17,234.1646453102769
2012-05-18,234.22132001674734
2012-05-21,233.73094797726458
2012-05-22,231.12855660741434
2012-05-23,232.73145748971902
2012-05-24,231.8451919920485
2012-05-25,232.71254518371794
2012-05-29,231.99599274779422
2012-05-30,237.87983510625833
2012-05-31,240.63329681516353
2012-06-01,246.34570492613727
2012-06-04,244.39943785658872
2012-06-05,241.13030475148878
2012-06-06,236.31131646446883
2012-06-07,236.67046364389122
2012-06-08,236.61380967459843
2012-06-11,237.6908157321354
2012-06-12,235.51774615081692
2012-06-13,237.8420104942561
2012-06-14,237.53978686743574
2012-06-15,238.8625077427437
2012-06-18,240.14750769193762
2012-06-19,237.01055335706909
2012-06-20,238.18214168178926
2012-06-21,239.44829153651494
2012-06-22,236.25476618106416
2012-06-25,239.69392340557545
2012-06-26,238.7491375926252
2012-06-27,239.1269482319171
2012-06-28,239.71283571157653
2012-06-29,236.5947522083539
2012-07-02,239.03591202210913
2012-07-03,237.19905430175126
2012-07-05,238.41097643696716
2012-07-06,240.6266816554987
2012-07-09,242.74774239531408
2012-07-10,243.2401881525601
2012-07-11,243.54313758059766
2012-07-12,245.26654220212652
2012-07-13,244.62265283662816
2012-07-16,245.7588842734844
2012-07-17,243.8272161769893
2012-07-18,243.95985116512867
2012-07-19,243.33487410563146
2012-07-20,246.3080254743785
2012-07-23,247.69059384433473
2012-07-24,249.6413194070743
2012-07-25,250.2850843495069
2012-07-26,247.99360548390516
2012-07-27,243.31596179963034
2012-07-30,245.13403163705294
2012-07-31,245.62637370841082
2012-08-01,244.39844247206236
2012-08-02,245.783810360999
2012-08-03,241.8174726067068
2012-08-06,241.9123866687321
2012-08-07,238.7999851521808
2012-08-08,237.52850584280347
2012-08-09,237.35756928757633
2012-08-10,238.55333716141632
2012-08-13,238.15474787013633
2012-08-14,234.92847851120337
2012-08-15,231.62635255648962
2012-08-16,229.65252577786708
2012-08-17,230.77235410721576
2012-08-20,231.24669630838838
2012-08-21,232.27156910135648
2012-08-22,236.10512670726592
2012-08-23,237.09202972798838
2012-08-24,236.86431478040265
2012-08-27,238.24968266933925
2012-08-28,238.81902188124772
2012-08-29,237.7750916220351
2012-08-30,239.00870484505492
2012-08-31,242.3869155045034
2012-09-04,242.14339882756147
2012-09-05,241.00229415396151
2012-09-06,236.98944291023892
2012-09-07,235.8863080088846
2012-09-10,236.45684997709577
2012-09-11,234.97356113537705
2012-09-12,232.04462142934315
2012-09-13,231.13166718405927
2012-09-14,224.988734528251
2012-09-17,227.68939938290305
2012-09-18,228.83058700521354
2012-09-19,230.33293331317682
2012-09-20,230.90347528138793
2012-09-21,231.16971990501543
2012-09-24,232.97659166651636
2012-09-25,235.27763037100678
2012-09-26,237.80725498454353
2012-09-27,236.11452064873356
2012-09-28,236.2476948034914
2012-10-01,237.1242760392074
2012-10-02,236.8003198502278
2012-10-03,236.87654971520598
2012-10-04,233.92255949859165
2012-10-05,230.89217351957808
2012-10-08,232.83611802523177
2012-10-09,232.41695745374003
2012-10-10,234.05602397383635
2012-10-11,235.6758463930894
2012-10-12,236.26681448126882
2012-10-15,235.7330810033559
2012-10-16,232.4740469037631
2012-10-17,230.32051174377477
2012-10-18,228.9102385045011
2012-10-19,232.01660550236122
2012-10-22,230.5302268211752
2012-10-23,233.8271892186584
2012-10-24,231.52127727742428
2012-10-25,230.3396521587298
2012-10-26,233.73202631050148
2012-10-31,235.1042260916413
2012-11-01,233.179235366344
2012-11-02,233.00780111885365
2012-11-05,234.32276628972696
2012-11-06,232.1119965194721
2012-11-07,236.32386245693664
2012-11-08,239.830726566419
2012-11-09,240.0975518310202
2012-11-12,240.49761346191212
2012-11-13,241.298130730071
2012-11-14,241.52682032500547
2012-11-15,241.05025924582617
2012-11-16,240.8407930145573
2012-11-19,239.4875262765962
2012-11-20,237.08622331825117
2012-11-21,236.95275884300648
2012-11-23,236.724069248072
2012-11-26,237.8485841795657
2012-11-27,238.78231707683767
2012-11-28,238.43942784467936
2012-11-29,238.477625725879
2012-11-30,237.82969261074226
2012-12-03,238.04915416163013
2012-12-04,239.42409125021746
2012-12-05,239.30949760661866
2012-12-06,239.82502384256998
2012-12-07,237.60979557912404
2012-12-10,238.66021657493576
2012-12-11,236.8461490127963
2012-12-12,234.09627483562159
2012-12-13,234.26810308948694
2012-12-14,236.0249360413599
2012-12-17,232.49242004314578
2012-12-18,230.12425509465797
2012-12-19,230.88819198147257
2012-12-20,230.92641059984982
2012-12-21,233.44697306676107
2012-12-24,233.0269000594535
2012-12-26,233.8652004652593
2012-12-27,234.64979158099618
2012-12-28,235.98945473043017
2012-12-31,231.91310624879594
2013-01-02,228.81283598115988
2013-01-03,225.7123998161027
2013-01-04,226.59275521814783
2013-01-07,226.68854024163375
2013-01-08,228.18114007610956
2013-01-09,227.97059551160382
2013-01-10,227.33916918986273
2013-01-11,229.36774211743588
2013-01-14,228.73617063545143
2013-01-15,229.78885198362508
2013-01-16,230.2671964600808
2013-01-17,227.97059551160382
2013-01-18,229.73141000158225
2013-01-22,230.17147364812783
2013-01-23,229.8269047045813
2013-01-24,229.02317317388935
2013-01-25,225.8847050250536
2013-01-28,225.0616671819855
2013-01-29,223.81787200474798
2013-01-30,223.4349600197584
2013-01-31,224.5257977747764
2013-02-01,221.6105653431578
2013-02-04,224.4492153777785
2013-02-05,222.45434036385868
2013-02-06,224.27643321374205
2013-02-07,223.77791146344958
2013-02-08,224.64095132217133
2013-02-11,224.46837652991118
2013-02-12,223.9121017399114
2013-02-13,222.08992594131752
2013-02-14,224.1038791586595
2013-02-15,223.45181934517387
2013-02-19,222.33931123952954
2013-02-20,223.01067736539136
2013-02-21,224.31490067825086
2013-02-22,224.46837652991118
2013-02-25,228.87987927644667
2013-02-26,227.55634965121106
2013-02-27,226.88504573688212
2013-02-28,227.30708877606483
2013-03-01,228.54474574872307
2013-03-04,227.3339434210993
2013-03-05,226.68047347953458
2013-03-06,224.62361504167032
2013-03-07,222.89376115789764
2013-03-08,220.56781710307018
2013-03-11,220.7793985264576
2013-03-12,222.3746473902158
2013-03-13,222.1442158723602
2013-03-14,221.47137740688643
2013-03-15,222.5093975704737
2013-03-18,224.20076325255997
2013-03-19,225.7193467706097
2013-03-20,223.20125202783677
2013-03-21,225.35408212378562
2013-03-22,225.52715460830893
2013-03-25,225.31567687080965
2013-03-26,225.58478322495046
2013-03-27,227.50699516844497
2013-03-28,226.3535933485088
2013-04-01,228.05847967041157
2013-04-02,227.13378818258752
2013-04-03,229.17573658973382
2013-04-04,231.9109703194998
2013-04-05,236.5919734265511
2013-04-08,234.78128602436578
2013-04-09,234.20336162091732
2013-04-10,230.98648620345205
2013-04-11,231.4295152663991
2013-04-12,234.8777139003583
2013-04-15,236.919579358794
2013-04-16,234.9739758789297
2013-04-17,236.53434480990953
2013-04-18,237.11220700182508
2013-04-19,236.61148711070354
2013-04-22,236.7846425439374
2013-04-23,235.95642040646112
2013-04-24,236.55344375050936
2013-04-25,235.53261470717962
2013-04-26,237.69004845656298
2013-04-29,236.82327590586732
2013-04-30,236.95817124636864
2013-05-01,239.3923633684393
2013-05-02,239.0834831075988
2013-05-03,233.44655832320842
2013-05-06,232.86755558652308
2013-05-07,231.96032480226583
2013-05-08,232.32699957716895
2013-05-09,231.72854536786406
2013-05-10,229.2382591802967
2013-05-13,227.4815921258448
2013-05-14,225.01075741089699
2013-05-15,226.51654609034733
2013-05-16,228.8715221938607
2013-05-17,225.97590713228266
2013-05-20,225.70566023337207
2013-05-21,227.4815921258448
2013-05-22,224.10348515228452
2013-05-23,225.1651456983732
2013-05-24,225.474067433569
2013-05-28,219.75985518814113
2013-05-29,222.23085580051003
2013-05-30,221.6903827398664
2013-05-31,220.93747803155247
2013-06-03,222.10817465763438
2013-06-04,220.05703968079678
2013-06-05,223.0951398898897
2013-06-06,222.9596224340594
2013-06-07,218.97348067512783
2013-06-10,217.92851355703357
2013-06-11,220.52149024823854
2013-06-12,217.36730331875717
2013-06-13,220.77299073856912
2013-06-14,220.2504553365779
2013-06-17,219.08948444680573
2013-06-18,219.20569559025992
2013-06-19,216.9414239017124
2013-06-20,213.38097492522695
2013-06-21,209.76235816548146
2013-06-24,210.63302930557205
2013-06-25,208.75616956956046
2013-06-26,210.1106598010019
2013-06-27,212.2586581345623
2013-06-28,213.7099495111936
2013-07-01,214.14055700473864
2013-07-02,214.00460406817805
2013-07-03,213.364820663851
2013-07-05,206.09156666681181
2013-07-08,208.0892619368897
2013-07-09,208.30266823190883
2013-07-10,206.67341039683285
2013-07-11,209.09793899412662
2013-07-12,208.92320753539266
2013-07-15,210.02876868653
2013-07-16,210.74637871851291
2013-07-17,211.13422615177916
2013-07-18,208.49662305430837
2013-07-19,211.7937513492126
2013-07-22,212.10410394966507
2013-07-23,211.21186614483634
2013-07-24,208.53536010212645
2013-07-25,208.45772010906924
2013-07-26,209.73780534716423
2013-07-29,208.20570118929788
2013-07-30,208.1279989847078
2013-07-31,208.88447048757462
2013-08-01,204.85957094364733
2013-08-02,207.11507080605617
2013-08-05,205.5207965896467
2013-08-06,206.12341897165584
2013-08-07,207.65954614198287
2013-08-08,208.22320336721995
2013-08-09,208.5538784017525
2013-08-12,207.134563753031
2013-08-13,204.14017751438797
2013-08-14,204.4512144417023
2013-08-15,201.6902873488493
2013-08-16,200.99036612938713
2013-08-19,199.2402520230672
2013-08-20,200.77648287928244
2013-08-21,198.57921301166652
2013-08-22,200.6015025744169
2013-08-23,202.77913433481461
2013-08-26,203.79013395594635
2013-08-27,206.3567951687353
2013-08-28,204.68463211313707
2013-08-29,206.3179544350291
2013-08-30,206.0846404494825
2013-09-03,203.17782731198272
2013-09-04,202.72930289696296
2013-09-05,199.902638951014
2013-09-06,200.89706956721716
2013-09-09,200.99443061620318
2013-09-10,199.59068958788384
2013-09-11,201.364734397192
2013-09-12,201.09187461389965
2013-09-13,201.87171691595864
2013-09-16,200.52647546574147
2013-09-17,202.18352111884536
2013-09-18,204.67903307517622
2013-09-19,203.470345939671
2013-09-20,204.54243728610896
2013-09-23,206.04364304930246
2013-09-24,208.26596342749878
2013-09-25,208.69495342118847
2013-09-26,207.23289944936573
2013-09-27,207.7396123848231
2013-09-30,207.42770449604825
2013-10-01,206.79843484078097
2013-10-02,207.11106853077305
2013-10-03,206.77894189380615
2013-10-04,206.62243841421142
2013-10-07,207.46295769802398
2013-10-08,207.5216439107248
2013-10-09,205.86003607854164
2013-10-10,206.19249451035066
2013-10-11,206.1337668232946
2013-10-14,204.47251152313117
2013-10-15,204.3355839392218
2013-10-16,206.89618989614198
2013-10-17,208.77244825400223
2013-10-18,209.22227911121288
2013-10-21,208.5575281450159
2013-10-22,210.88357588573152
2013-10-23,211.70441558797052
2013-10-24,210.88357588573152
2013-10-25,211.665367482488
2013-10-28,210.94232430996524
2013-10-29,211.2158269457642
2013-10-30,209.94528080938034
2013-10-31,210.39492503199227
2013-11-01,208.11760965871375
2013-11-04,208.31355525016605
2013-11-05,205.82440960736852
2013-11-06,205.9225379319269
2013-11-07,207.66670046826624
2013-11-08,202.6691858190055
2013-11-11,201.9048341886382
2013-11-12,202.84547256606191
2013-11-13,203.59026903792144
2013-11-14,204.8445157526859
2013-11-15,205.25614872869699
2013-11-18,206.49081954777606
2013-11-19,204.92298523284842
2013-11-20,201.43428689097243
2013-11-21,201.76757480988675
2013-11-22,203.64914188522096
2013-11-25,204.23704087111076
2013-11-26,205.00135102712278
2013-11-27,204.64859089841124
2013-11-29,204.7074222713555
2013-12-02,203.11509734964352
2013-12-03,203.8621126995098
2013-12-04,201.91617742480338
2013-12-05,201.34596725143433
2013-12-06,202.30916767812252
2013-12-09,202.7811043666897
2013-12-10,204.23556853149884
2013-12-11,202.66304761442618
2013-12-12,201.8964563688746
2013-12-13,202.87923269124812
2013-12-16,202.13236250162527
2013-12-17,203.03646197205998
2013-12-18,202.01428501218413
2013-12-19,201.8179454143568
2013-12-20,204.92362808535506
2013-12-23,203.76388068906323
2013-12-24,202.13236250162527
2013-12-26,201.35326673796106
2013-12-27,200.7814390647367
2013-12-30,202.16193371692964
2013-12-31,200.88002360720304
2014-01-02,201.49139707817315
2014-01-03,201.49139707817315
2014-01-06,202.33936100875587
2014-01-07,202.85217067443728
2014-01-08,202.29987742254303
2014-01-09,203.4831407782704
2014-01-10,205.90891360622217
2014-01-13,206.93449146322976
2014-01-14,205.98786004147024
2014-01-15,205.77092842625353
2014-01-16,207.15134012973593
2014-01-17,208.01900437906983
2014-01-21,208.17691798674355
2014-01-22,207.66419126977263
2014-01-23,210.60258712880713
2014-01-24,211.96340219942655
2014-01-27,210.48426079323437
2014-01-28,210.99698751020532
2014-01-29,212.73237822040593
2014-01-30,212.12102548661343
2014-01-31,213.54108667372972
2014-02-03,216.14306330002736
2014-02-04,213.84953145383997
2014-02-05,211.8723245152633
2014-02-06,210.96275042993352
2014-02-07,211.1407790999111
2014-02-10,211.7338623802091
2014-02-11,210.5079841244463
2014-02-12,209.42069242680347
2014-02-13,210.60683825022184
2014-02-14,210.72545490628144
2014-02-18,211.1999630048751
2014-02-19,210.31031734725047
2014-02-20,209.79628418808872
2014-02-21,210.90337989037081
2014-02-24,210.36968788681318
2014-02-25,212.24799922525906
2014-02-26,213.37498188089103
2014-02-27,214.54148959709113
2014-02-28,214.66006477879546
2014-03-03,216.0930659647547
2014-03-04,212.84274147976765
2014-03-05,213.29837874671549
2014-03-06,211.19770265251313
2014-03-07,209.86965232255352
2014-03-10,210.16702344980783
2014-03-11,210.72192958608386
2014-03-12,212.18864942287397
2014-03-13,215.04254128305482
2014-03-14,215.08227371539923
2014-03-17,213.47684289742332
2014-03-18,214.24982119368585
2014-03-19,212.584978361792
2014-03-20,212.20843269033566
2014-03-21,214.50754283730626
2014-03-24,216.03363321365907
2014-03-25,215.22098469658505
2014-03-26,216.90565227029586
2014-03-27,217.99572274974145
2014-03-28,216.76694128911004
2014-03-31,216.23177694594045
2014-04-01,214.38396999579243
2014-04-02,213.1517669008516
2014-04-03,214.0858315929657
2014-04-04,215.5165516893853
2014-04-07,216.80808384953352
2014-04-08,217.3246884187218
2014-04-09,216.25176758517847
2014-04-10,218.2585872134148
2014-04-11,220.02705372193975
2014-04-14,219.4508090298796
2014-04-15,220.8219304777825
2014-04-16,221.10009897854886
2014-04-17,218.6758814389196
2014-04-21,218.49700254465904
2014-04-22,219.23228065198518
2014-04-23,220.48403890543372
2014-04-24,220.9013538681161
2014-04-25,221.2193377499374
2014-04-28,220.14625101897306
2014-04-29,219.8482163020345
2014-04-30,220.7622903549106
2014-05-01,223.13076636106288
2014-05-02,224.50499838561072
2014-05-05,223.15059110287984
2014-05-06,224.04697634323512
2014-05-07,223.2501088183396
2014-05-08,222.2940005064019
2014-05-09,221.5769296410374
2014-05-12,220.68064808657027
2014-05-13,222.5927817617352
2014-05-14,225.00306391799523
2014-05-15,226.7956892384624
2014-05-16,226.1582698723855
2014-05-19,224.48521511814903
2014-05-20,224.9831147531125
2014-05-21,223.60867535678835
2014-05-22,223.2899864109275
2014-05-23,224.48521511814903
2014-05-27,225.79986923135786
2014-05-28,228.5883560332848
2014-05-29,227.37332332142398
2014-05-30,227.27372265725364
2014-06-02,225.58432700704256
2014-06-03,222.80844840911632
2014-06-04,222.74851796575751
2014-06-05,222.84832600170418
2014-06-06,222.84832600170418
2014-06-09,222.52889051744856
2014-06-10,221.70993789837414
2014-06-11,222.10954331135815
2014-06-12,224.08645992944795
2014-06-13,223.96672346579624
2014-06-16,224.5258392491317
2014-06-17,222.74851796575751
2014-06-18,224.46592954295053
2014-06-19,221.59020143472236
2014-06-20,223.2676732077946
2014-06-23,222.5686644241483
2014-06-24,224.82538778003743
2014-06-25,225.404660100032
2014-06-26,226.4829518625822
2014-06-27,226.14344279037803
2014-06-30,226.7026207852464
2014-07-01,224.8045054421612
2014-07-02,222.40197899033583
2014-07-03,221.6011921388678
2014-07-07,223.22288090410777
2014-07-08,225.72554718672188
2014-07-09,225.90571178599563
2014-07-10,225.96587033830838
2014-07-11,227.407373767097
2014-07-14,226.4262978932894
2014-07-15,225.96587033830838
2014-07-16,227.1670713526882
2014-07-17,230.0301912569156
2014-07-18,229.28935558598388
2014-07-21,230.43068836853783
2014-07-22,230.9111065627568
2014-07-23,230.61097739087734
2014-07-24,228.88900363460513
2014-07-25,231.5918666300863
2014-07-28,231.27158092154772
2014-07-29,232.11236978866953
2014-07-30,228.88900363460513
2014-07-31,228.20824356727564
2014-08-01,229.97478151828074
2014-08-04,229.37263609135724
2014-08-05,230.11521368521005
2014-08-06,230.25579101238282
2014-08-07,232.40378934594318
2014-08-08,231.90197038440715
2014-08-11,231.88193827081386
2014-08-12,230.37625327725172
2014-08-13,231.88193827081386
2014-08-14,233.74878195002879
2014-08-15,236.29829351691544
2014-08-18,233.94958004104717
2014-08-19,233.22680645183365
2014-08-20,232.84549122952177
2014-08-21,234.1504196064208
2014-08-22,235.4552028230764
2014-08-25,236.33841995563486
2014-08-26,235.57564435076773
2014-08-27,237.58300314562248
2014-08-28,238.82775223303113
2014-08-29,238.98844462250767
2014-09-02,234.86562412579835
2014-09-03,236.1733934960331
2014-09-04,233.29625525972588
2014-09-05,232.8535994659762
2014-09-08,232.9541955146729
2014-09-09,232.77305626805042
2014-09-10,231.3043041878523
2014-09-11,230.53982813441922
2014-09-12,228.12535706827734
2014-09-15,228.46737533897507
2014-09-16,227.54181288969045
2014-09-17,226.95814428803774
2014-09-18,227.68268053735005
2014-09-19,230.57991309878344
2014-09-22,230.86173134281313
2014-09-23,232.29021182404836
2014-09-24,231.00249530458456
2014-09-25,233.73886957912032
2014-09-26,233.39687204560025
2014-09-29,235.26804979494042
2014-09-30,233.940103150869
2014-10-01,238.4764437067539
2014-10-02,236.39888956561214
2014-10-03,237.4074421997832
2014-10-06,237.54864164228496
2014-10-07,240.75568763755228
2014-10-08,240.81628167059534
2014-10-09,239.7673122772179
2014-10-10,242.14746331437746
2014-10-13,243.6199273493719
2014-10-14,245.21345502738657
2014-10-15,247.14983046320427
2014-10-16,245.57645932184866
2014-10-17,244.20484018168258
2014-10-20,245.0924535958992
2014-10-21,243.13581793753426
2014-10-22,243.39816397176673
2014-10-23,241.23981778656756
2014-10-24,241.48179991236466
2014-10-27,241.92563772523945
2014-10-28,240.4128606169269
2014-10-29,240.9573359528536
2014-10-30,241.15912942839833
2014-10-31,240.53388278559189
2014-11-03,240.53390352276952
2014-11-04,241.28205941740558
2014-11-05,240.93817480072093
2014-11-06,239.38135192711627
2014-11-07,242.13126757864626
2014-11-10,239.90706011728534
2014-11-11,240.0689552630646
2014-11-12,239.86660188372375
2014-11-13,240.43283051898726
2014-11-14,241.60555938847722
2014-11-17,240.9989969427179
2014-11-18,241.66617415869788
2014-11-19,240.12946634739708
2014-11-20,241.38313242118784
2014-11-21,242.8389445025431
2014-11-24,243.04106977292997
2014-11-25,245.06300680366058
2014-11-26,245.73032917988402
2014-11-28,247.67139121784675
2014-12-01,246.2264661547487
2014-12-02,243.83511704166742
2014-12-03,244.78761708469708
2014-12-04,246.8344802029423
2014-12-05,245.39561039571302
2014-12-08,248.39491134545506
2014-12-09,249.67155421206292
2014-12-10,251.49551340793326
2014-12-11,252.52901286679662
2014-12-12,255.95392365027413
2014-12-15,255.42699196662477
2014-12-16,258.5884783826329
2014-12-17,256.25784772566044
2014-12-18,251.69809489622804
2014-12-19,255.0824852346111
2014-12-22,255.42699196662477
2014-12-23,250.36056767609028
2014-12-24,251.7232905670519
2014-12-26,252.65752115658705
2014-12-29,254.54620108384933
2014-12-30,255.23674909902147
2014-12-31,255.72415572210275
2015-01-02,258.5673679358027
2015-01-05,262.62911744438344
2015-01-06,267.3608022135693
2015-01-07,266.8327714595054
2015-01-08,263.29917712805434
2015-01-09,266.1829927355593
2015-01-12,267.7061176955106
2015-01-13,267.7061176955106
2015-01-14,269.7369302382681
2015-01-15,273.9813535446161
2015-01-16,270.48830039543725
2015-01-20,274.08309013808264
2015-01-21,270.9148226649886
2015-01-22,269.9401131047142
2015-01-23,273.6972956854021
2015-01-26,272.86442842013605
2015-01-27,273.2908470037993
2015-01-28,277.7587756106736
2015-01-29,275.9310837228293
2015-01-30,280.8253272274788
2015-02-02,279.7651597581796
2015-02-03,273.8434305761804
2015-02-04,274.3115723612408
2015-02-05,271.2997668933862
2015-02-06,266.4972231882291
2015-02-09,266.06991290592765
2015-02-10,263.9536217169678
2015-02-11,264.4420029873978
2015-02-12,263.5669977771819
2015-02-13,260.860505775615
2015-02-17,256.9329258063185
2015-02-18,258.4591820800924
2015-02-19,256.7498372649985
2015-02-20,257.502824922023
2015-02-23,260.4534142415056
2015-02-24,263.8722075575815
2015-02-25,265.0117362056813
2015-02-26,261.3894904398501
2015-02-27,263.5872165253739
2015-03-02,258.6776689836315
2015-03-03,257.73968496494484
2015-03-04,257.82111986150886
2015-03-05,257.49506921758837
2015-03-06,251.80636370064892
2015-03-09,254.13077320433152
2015-03-10,257.4746223604424
2015-03-11,259.3504867119276
2015-03-12,259.16700416423265
2015-03-13,258.37173340201485
2015-03-16,260.8592200706018
2015-03-17,263.0205109350248
2015-03-18,268.0974282374415
2015-03-19,266.73128371217047
2015-03-20,268.13817679148997
2015-03-23,267.8118773014379
2015-03-24,270.4013494096229
2015-03-25,268.117729934344
2015-03-26,263.9379858850327
2015-03-27,267.22057741841627
2015-03-30,265.8953473446148
2015-03-31,266.46634553073386
2015-04-01,269.96615899982106
2015-04-02,267.10571419150824
2015-04-06,265.6142549018022
2015-04-07,267.8412204077883
2015-04-08,267.9230285735497
2015-04-09,264.4495513200562
2015-04-10,264.83783423405265
2015-04-13,265.20562881654797
2015-04-14,267.08530880871757
2015-04-15,266.86064222624384
2015-04-16,265.53259189628426
2015-04-17,268.57674736124596
2015-04-20,266.2066953295936
2015-04-21,265.0012224566214
2015-04-22,260.95566868377193
2015-04-23,262.0796029742919
2015-04-24,263.7140658409537
2015-04-27,263.7140658409537
2015-04-28,260.07722110206896
2015-04-29,256.8898132140199
2015-04-30,257.3392915392108
2015-05-01,253.87524970154018
2015-05-04,251.47975315293235
2015-05-05,251.13163815201057
2015-05-06,246.83213690186983
2015-05-07,250.1489033039923
2015-05-08,250.82458276280173
2015-05-11,244.72329035968013
2015-05-12,245.35803462984242
2015-05-13,243.39252345945064
2015-05-14,244.04775606111411
2015-05-15,248.94085902099368
2015-05-18,244.76428775986014
2015-05-19,242.59410064623265
2015-05-20,243.003514744237
2015-05-21,246.40211004929847
2015-05-22,246.50451023244923
2015-05-26,250.7222033168286
2015-05-27,251.2953996437768
2015-05-28,250.68120591664857
2015-05-29,251.2339553864508
2015-06-01,248.53387117277242
2015-06-02,245.06640770079238
2015-06-03,241.126903854357
2015-06-04,244.26616001594272
2015-06-05,241.2909349294324
2015-06-08,241.02431703660753
2015-06-09,239.1161234251928
2015-06-10,237.02328598413564
2015-06-11,242.00908412803383
2015-06-12,242.00908412803383
2015-06-15,242.39898454188568
2015-06-16,244.30721962765568
2015-06-17,242.41957655927507
2015-06-18,241.22949067210646
2015-06-19,244.32777017068977
2015-06-22,239.3418890780811
2015-06-23,237.9055699437006
2015-06-24,239.95747219611067
2015-06-25,239.1161234251928
2015-06-26,236.4282119347849
2015-06-29,242.68621518927756
2015-06-30,241.00376649357344
2015-07-01,237.75072543831652
2015-07-02,238.5320815543427
2015-07-06,242.95316487694456
2015-07-07,245.2356852818089
2015-07-08,247.35367691933465
2015-07-09,242.48017059231807
2015-07-10,238.63493795540137
2015-07-13,237.89455850237763
2015-07-14,238.6759353555814
2015-07-15,241.20529038580898
2015-07-16,242.87092123045286
2015-07-17,244.1253960541713
2015-07-20,243.09708088971615
2015-07-21,244.4130621822935
2015-07-22,245.93488070005395
2015-07-23,248.99881943247735
2015-07-24,249.6156467811649
2015-07-27,250.95232377701976
2015-07-28,249.1221434278596
2015-07-29,248.1967261388184
2015-07-30,250.10917087164785
2015-07-31,251.95986028948684
2015-08-03,254.61212457154397
2015-08-04,252.59248936753062
2015-08-05,250.6965306909192
2015-08-06,252.92214828035918
2015-08-07,256.23997227854096
2015-08-10,253.06647903668343
2015-08-11,257.0850330042551
2015-08-12,255.6837182257188
2015-08-13,254.85931172892694
2015-08-14,255.4569986626594
2015-08-17,256.61108480945745
2015-08-18,254.5914703426217
2015-08-19,257.10564575882205
2015-08-20,259.70218924457987
2015-08-21,260.4853909694154
2015-08-24,260.4030228998579
2015-08-25,256.2195046842174
2015-08-26,251.2736670816176
2015-08-27,251.41779046616554
2015-08-28,252.15974594468938
2015-08-31,250.22258249612165
2015-09-01,252.02551419387225
2015-09-02,249.8570482659883
2015-09-03,251.07548187498097
2015-09-04,253.3679353879314
2015-09-08,249.6299346965539
2015-09-09,250.82750670484793
2015-09-10,249.13412951653137
2015-09-11,250.70376796591307
2015-09-14,251.09621905261378
2015-09-15,246.28409477139024
2015-09-16,245.35475815577647
2015-09-17,248.3494139777287
2015-09-18,252.17009379632813
2015-09-21,248.06017182410645
2015-09-22,251.509365842592
2015-09-23,251.48856645342627
2015-09-24,253.20272229373094
2015-09-25,251.01351918821413
2015-09-28,255.309287746381
2015-09-29,256.0321857586603
2015-09-30,255.14421981242396
2015-10-01,256.23271426636944
2015-10-02,257.7849334865396
2015-10-05,254.28731815828147
2015-10-06,255.38423190634592
2015-10-07,254.53562512325658
2015-10-08,252.40396768567086
2015-10-09,253.06633387644
2015-10-12,254.99095133253996
2015-10-13,255.4256025757234
2015-10-14,257.6606970553415
2015-10-15,256.3983421041226
2015-10-16,256.48100049416695
2015-10-19,255.7773673199085
2015-10-20,254.20461829388188
2015-10-21,256.7294111450302
2015-10-22,257.16404165103603
2015-10-23,254.97017268055185
2015-10-26,256.66734477237526
2015-10-27,257.3089115739788
2015-10-28,256.2740434613916
2015-10-29,252.1969899157179
2015-10-30,254.10097388007316
2015-11-02,252.9333048819256
2015-11-03,250.85925532380378
2015-11-04,251.1496172850182
2015-11-05,250.48588244052524
2015-11-06,246.81484209572403
2015-11-09,245.4250571879516
2015-11-10,246.15106577687587
2015-11-11,245.6326155988783
2015-11-12,246.81484209572403
2015-11-13,248.2251153349977
2015-11-16,247.99708932974744
2015-11-17,248.41187435675866
2015-11-18,248.93042822064442
2015-11-19,250.5897757004656
2015-11-20,249.82225128192047
2015-11-23,250.5897757004656
2015-11-24,250.56891409976697
2015-11-25,251.1496172850182
2015-11-27,250.9007089418917
2015-11-30,251.89617641697652
2015-12-01,255.2987739973212
2015-12-02,255.38182639374054
2015-12-03,248.43976586067478
2015-12-04,250.62214643475036
2015-12-07,253.0539952557485
2015-12-08,253.1787915907427
2015-12-09,252.9085239546544
2015-12-10,253.2411482838845
2015-12-11,257.2317485360071
2015-12-14,253.90623104492357
2015-12-15,252.4097118838751
2015-12-16,251.86928029758678
2015-12-17,254.71668142116854
2015-12-18,256.13025187168586
2015-12-21,256.0678122298334
2015-12-22,254.2179730362774
2015-12-23,252.30577714957954
2015-12-24,253.75124137929603
2015-12-28,254.5011599340309
2015-12-29,250.2728286775259
2015-12-30,250.0230286357612
2015-12-31,251.1477716762089
2016-01-04,252.95974478340747
2016-01-05,251.93922679774224
2016-01-06,255.33429678260617
2016-01-07,255.7924639852252
2016-01-08,256.9379856776609
2016-01-11,254.12614881371937
2016-01-12,257.7919219154019
2016-01-13,260.3329934509919
2016-01-14,257.8961469701843
2016-01-15,261.9160281171244
2016-01-19,261.1037528692477
2016-01-20,263.8530256682711
2016-01-21,262.0617067899948
2016-01-22,261.06198819349527
2016-01-25,262.4783374258153
2016-01-26,262.6033203954082
2016-01-27,262.54077706766765
2016-01-28,262.9157259764463
2016-01-29,265.1444126681759
2016-02-01,264.3325729010295
2016-02-02,269.2366043535216
2016-02-03,267.00360432884435
2016-02-04,268.2975834759533
2016-02-05,268.6104452748993
2016-02-08,274.3908920656863
2016-02-09,274.68307889853236
2016-02-10,277.1036259577206
2016-02-11,279.0445843097952
2016-02-12,274.411857352273
2016-02-16,271.5110579962868
2016-02-17,269.84154929942554
2016-02-18,273.1596428809166
2016-02-19,273.3892449116669
2016-02-22,273.2431307580662
2016-02-23,274.34908591557854
2016-02-24,273.80655987434926
2016-02-25,274.7872624789595
2016-02-26,272.1371963377315
2016-02-29,273.3265978980382
2016-03-01,268.51366486688704
2016-03-02,269.6219218511166
2016-03-03,270.60442859018093
2016-03-04,268.8692659889342
2016-03-07,268.7855707400082
2016-03-08,271.7544295129853
2016-03-09,270.1026096286448
2016-03-10,268.9946014905468
2016-03-11,266.276641829749
2016-03-14,267.1129929408574
2016-03-15,267.3638505786813
2016-03-16,268.1582503794385
2016-03-17,269.266341466247
2016-03-18,269.8309526016552
2016-03-21,267.76094679317174
2016-03-22,267.6983412538983
2016-03-23,270.72999220074746
2016-03-24,270.83434167859576
2016-03-28,271.1898598519324
2016-03-29,274.0332794374086
2016-03-30,271.14801222746945
2016-03-31,273.07157208751005
2016-04-01,273.7837904533085
2016-04-04,273.95151274600255
2016-04-05,276.9474127986128
2016-04-06,274.9361761515407
2016-04-07,278.3301263288124
2016-04-08,276.5702450118274
2016-04-11,276.2141254603394
2016-04-12,274.30754934878007
2016-04-13,275.2713096792643
2016-04-14,273.95151274600255
2016-04-15,276.2980280810417
2016-04-18,275.103711809636
2016-04-19,274.24471570055266
2016-04-20,271.22787109853334
2016-04-21,269.6145808902346
2016-04-22,268.9232863366676
2016-04-25,267.8129348974972
2016-04-26,266.5978192369258
2016-04-27,269.2585028131018
2016-04-28,270.3688335150947
2016-04-29,271.06027322890503
2016-05-02,268.33123991525133
2016-05-03,271.710964388667
2016-05-04,273.20144903102425
2016-05-05,275.02797963692103
2016-05-06,273.85232682538486
2016-05-09,274.713085594567
2016-05-10,274.73409235550906
2016-05-11,276.2874313832714
2016-05-12,275.02797963692103
2016-05-13,277.6940134049264
2016-05-16,275.30094310610156
2016-05-17,275.76278078916164
2016-05-18,271.8371086402073
2016-05-19,273.0125333427895
2016-05-20,273.2225802150321
2016-05-23,273.8312785900876
2016-05-24,272.61373667973317
2016-05-25,271.5850067717254
2016-05-26,272.9915680562027
2016-05-27,272.5927299187911
2016-05-31,273.24350402726355
2016-06-01,274.35227944093396
2016-06-02,276.32952785386595
2016-06-03,280.26322529056415
2016-06-06,278.1805698037247
2016-06-07,278.8537815383958
2016-06-08,280.3473974945757
2016-06-09,282.156446659728
2016-06-10,283.52385615283464
2016-06-13,284.7859207835667
2016-06-14,284.57558359083725
2016-06-15,285.6694697109673
2016-06-16,287.0578444906607
2016-06-17,285.26982282362803
2016-06-20,282.2197157886857
2016-06-21,280.9153473155827
2016-06-22,281.37811817163623
2016-06-23,278.1596874658485
2016-06-24,285.627414714728
2016-06-27,292.75870199369297
2016-06-28,293.36862386222884
2016-06-29,291.11783133914264
2016-06-30,292.190524063732
2016-07-01,296.2475869701677
2016-07-05,299.9566800359251
2016-07-06,300.4415981976904
2016-07-07,300.42040480214973
2016-07-08,302.63316534145736
2016-07-11,299.97779048275527
2016-07-12,295.046323744255
2016-07-13,298.5236788499659
2016-07-14,294.182226289474
2016-07-15,291.65332747715433
2016-07-18,291.37928567473693
2016-07-19,293.02320469439934
2016-07-20,291.42148583121974
2016-07-21,292.0115829579386
2016-07-22,292.51742493193535
2016-07-25,292.306631521298
2016-07-26,292.77004522985817
2016-07-27,296.415972852546
2016-07-28,295.8682625169086
2016-07-29,298.3340166233363
2016-08-01,295.0993694446397
2016-08-02,292.0591125690729
2016-08-03,292.22805835524736
2016-08-04,294.423876620429
2016-08-05,291.3623641377886
2016-08-08,291.9112979669064
2016-08-09,294.78256758194345
2016-08-10,295.92280129408283
2016-08-11,293.2838710172436
2016-08-12,295.75385550790844
2016-08-15,292.96696546865917
2016-08-16,292.18583746158697
2016-08-17,293.9383778176899
2016-08-18,294.4027039620659
2016-08-19,292.8615169203964
2016-08-22,295.3317295200152
2016-08-23,295.6483032737575
2016-08-24,294.9515133681179
2016-08-25,293.8327011604732
2016-08-26,292.12234022367534
2016-08-29,296.0283742654114
2016-08-30,294.8882857135155
2016-08-31,295.3104946501192
2016-09-01,295.6363793966186
2016-09-02,293.2249981699441
2016-09-06,295.36140442120774
2016-09-07,295.1497193119322
2016-09-08,291.4481745788331
2016-09-09,286.64681289280105
2016-09-12,286.7949592898097
2016-09-13,283.53764637596043
2016-09-14,283.9605603766037
2016-09-15,282.7338733709132
2016-09-16,285.01819791023166
2016-09-19,284.0875133780717
2016-09-20,285.08161219943275
2016-09-21,287.3871716086472
2016-09-22,289.6715790966761
2016-09-23,289.39658338408753
2016-09-26,291.23671757851145
2016-09-27,293.3731238297752
2016-09-28,292.7384625083234
2016-09-29,293.4789456472353
2016-09-30,290.85606594588387
2016-10-03,289.89620420479457
2016-10-04,286.5057586105427
2016-10-05,285.17090648631955
2016-10-06,283.5816714040749
2016-10-07,283.77234975240845
2016-10-10,282.0983203508233
2016-10-11,281.4626429076675
2016-10-12,281.7381363125192
2016-10-13,282.7976401921341
2016-10-14,278.8351595528816
2016-10-17,280.61503150910454
2016-10-18,281.5260986712239
2016-10-19,281.759267496527
2016-10-20,282.0559542969195
2016-10-21,282.4798014705562
2016-10-24,281.2506882150827
2016-10-25,281.99233263594203
2016-10-26,280.0852795692971
2016-10-27,277.03409420111785
2016-10-28,276.4195686791476
2016-10-31,278.11448041860893
2016-11-01,278.13596413463654
2016-11-02,279.34597844951026
2016-11-03,277.2018787053448
2016-11-04,279.68565341913546
2016-11-07,277.3080115804695
2016-11-08,276.1827915849363
2016-11-09,264.46371481237935
2016-11-10,260.55732823862354
2016-11-11,259.09253695935325
2016-11-14,257.5427232517885
2016-11-15,258.81650438788307
2016-11-16,261.15180090982295
2016-11-17,257.3090774713998
2016-11-18,256.56598144810613
2016-11-21,257.2029860706304
2016-11-22,257.1180465910465
2016-11-23,256.1202565520668
2016-11-25,256.5023390499511
2016-11-28,258.39182772714105
2016-11-29,259.47459872005993
2016-11-30,255.27104839082614
2016-12-01,252.5758581510691
2016-12-02,254.4265683060857
2016-12-05,254.14995509364184
2016-12-06,253.95848873255824
2016-12-07,256.1283440513436
2016-12-08,253.10758012275164
2016-12-09,249.95917886582984
2016-12-12,250.42700959322573
2016-12-13,251.32061605177825
2016-12-14,248.51259482852117
2016-12-15,249.7677125047462
2016-12-16,249.193334158673
2016-12-19,251.87380100231076
2016-12-20,250.61862111455278
2016-12-21,251.72490806690723
2016-12-22,251.27470394049922
2016-12-23,251.78674633060828
2016-12-27,250.97615079411986
2016-12-28,252.81043710445127
2016-12-29,253.70630391536574
2016-12-30,254.0901075989936
2017-01-03,255.17806288632067
2017-01-04,256.15909728577304
2017-01-05,260.1689001643836
2017-01-06,257.78010172415117
2017-01-09,259.84898772504243
2017-01-10,259.6783207531245
2017-01-11,260.5528282710772
2017-01-12,259.9769568482144
2017-01-13,258.739818304997
2017-01-17,261.44850844739295
2017-01-18,258.0999934263147
2017-01-19,256.32963983462514
2017-01-20,255.81778407911483
2017-01-23,258.3772494912652
2017-01-24,256.6069788482862
2017-01-25,253.38630852731407
2017-01-26,254.23943601512735
2017-01-27,255.15668285618122
2017-01-30,254.38880590561638
2017-01-31,256.15909728577304
2017-02-01,254.5752123953576
2017-02-02,254.46839519337107
2017-02-03,254.36141209396345
2017-02-06,255.90056689222496
2017-02-07,257.7815325894078
2017-02-08,261.2869243592782
2017-02-09,258.27314885954854
2017-02-10,258.1234886485726
2017-02-13,257.3112341378736
2017-02-14,255.45164847083015
2017-02-15,254.27599565929398
2017-02-16,255.66532434915848
2017-02-17,257.1829539570371
2017-02-21,256.73405627282
2017-02-22,257.1614909781872
2017-02-23,257.93104764014026
2017-02-24,260.7953703006704
2017-02-27,259.25638139983
2017-02-28,260.2181302240839
2017-03-01,255.857869043479
2017-03-02,254.93697245916172
2017-03-03,255.6008317267205
2017-03-06,254.38009629101063
2017-03-07,253.6091502381561
2017-03-08,252.2384850081611
2017-03-09,250.22542348945734
2017-03-10,251.10356001349575
2017-03-13,249.51867973855397
2017-03-14,250.71799366976916
2017-03-15,253.78050153693593
2017-03-16,252.49546011338674
2017-03-17,254.08040259986143
2017-03-20,255.17260900860325
2017-03-21,257.2927780497804
2017-03-22,258.32069920786057
2017-03-23,257.9565751058062
2017-03-24,258.8775961131893
2017-03-27,260.05542632837694
2017-03-28,258.32069920786057
2017-03-29,259.8626535251025
2017-03-30,257.7639474627752
2017-03-31,258.51340979960213
2017-04-03,261.12102693821583
2017-04-04,259.7046362315405
2017-04-05,260.4986420259227
2017-04-06,260.11234988097897
2017-04-07,259.06068465450926
2017-04-10,260.2625285213957
2017-04-11,262.7305844545407
2017-04-12,264.1685210887765
2017-04-13,264.9840728107191
2017-04-17,264.1685210887765
2017-04-18,267.6237081515979
2017-04-19,266.16455738464373
2017-04-20,265.13429292549114
2017-04-21,265.13429292549114
2017-04-24,263.825134164355
2017-04-25,260.6489243522276
2017-04-26,262.0867780377528
2017-04-27,262.0009675967084
2017-04-28,262.58046802565684
2017-05-01,260.39742386189704
2017-05-02,261.7308865952188
2017-05-03,261.9028807465052
2017-05-04,260.6126757657255
2017-05-05,260.8491625394499
2017-05-08,259.4297027304849
2017-05-09,259.40826048881263
2017-05-10,259.1071981439396
2017-05-11,259.1071981439396
2017-05-12,261.0642278086796
2017-05-15,260.35451864137474
2017-05-16,261.3223019843198
2017-05-17,265.1289219964842
2017-05-18,265.4300050785348
2017-05-19,266.0536134843083
2017-05-22,265.32252428686405
2017-05-23,263.53740582469993
2017-05-24,265.0212753073924
2017-05-25,265.1073553317461
2017-05-26,265.55907327212134
2017-05-30,266.8708863919945
2017-05-31,267.5375866528889
2017-06-01,267.5655403683379
2017-06-02,270.7337248927214
2017-06-05,269.05264485074105
2017-06-06,270.51826561711664
2017-06-07,269.22519890582356
2017-06-08,268.5139551873739
2017-06-09,268.1043544547708
2017-06-12,268.01821221888423
2017-06-13,268.0613040740052
2017-06-14,272.1993041847417
2017-06-15,271.7681989989335
2017-06-16,272.3069923481888
2017-06-19,271.919124177745
2017-06-20,274.3544361074078
2017-06-21,274.9146924355131
2017-06-22,275.51818577898274
2017-06-23,275.3889516879751
2017-06-26,276.42340505700963
2017-06-27,273.4708457056519
2017-06-28,272.56568863915794
2017-06-29,270.2811982024185
2017-06-30,269.6562004057436
2017-07-03,268.7880177269689
2017-07-05,268.8528214070714
2017-07-06,266.62838583675654
2017-07-07,265.0301508194192
2017-07-10,265.41895216285656
2017-07-11,265.8724120261529
2017-07-12,267.70819141327394
2017-07-13,266.0236482626289
2017-07-14,266.3475837144308
2017-07-17,267.08178348852
2017-07-18,269.41423901712415
2017-07-19,269.52225897541337
2017-07-20,270.29986166228804
2017-07-21,271.44434649584207
2017-07-24,270.3860868468852
2017-07-25,266.86584725782967
2017-07-26,267.2978234050985
2017-07-27,265.98043198444213
2017-07-28,267.5569759139755
2017-07-31,267.88095284013275
2017-08-01,269.7617111655393
2017-08-02,269.9132377225022
2017-08-03,272.7052083702714
2017-08-04,270.3894462696617
2017-08-07,270.69247864640977
2017-08-08,269.71849488735256
2017-08-09,271.19019164677457
2017-08-10,273.50601595891715
2017-08-11,273.63589290243135
2017-08-14,272.2290827718224
2017-08-15,271.08194357953136
2017-08-16,272.0775354776819
2017-08-17,274.1119977637028
2017-08-18,274.04711113488975
2017-08-21,274.7180417800213
2017-08-22,273.65758399023525
2017-08-23,275.51887010584466
2017-08-24,274.50160785706777
2017-08-25,275.5620863840314
2017-08-28,275.38897242515276
2017-08-29,276.276440679126
2017-08-30,276.1898836996867
2017-08-31,277.01223721589287
2017-09-01,274.89337461690656
2017-09-05,279.2526611501627
2017-09-06,277.5392103738975
2017-09-07,280.3803488698342
2017-09-08,279.7731228343906
2017-09-11,276.43317226767465
2017-09-12,274.9800767565893
2017-09-13,273.89566752663745
2017-09-14,275.0233759834866
2017-09-15,275.131893634039
2017-09-18,273.5487138076631
2017-09-19,272.8763315600973
2017-09-20,273.07159282468774
2017-09-21,272.91969299852747
2017-09-22,273.7005099479352
2017-09-25,275.4138155639569
2017-09-26,274.9150034931776
2017-09-27,270.7725863636052
2017-09-28,269.97022348663705
2017-09-29,270.5774080477254
2017-10-02,270.0819139253673
2017-10-03,270.3427668828103
2017-10-04,270.36443723343655
2017-10-05,269.34304828631076
2017-10-06,268.58253303380553
2017-10-09,269.43006148365794
2017-10-10,269.86462977813085
2017-10-11,270.38623200712857
2017-10-12,271.5379955900318
2017-10-13,273.4937810241138
2017-10-16,273.2983331249247
2017-10-17,273.645908959228
2017-10-18,271.8423344089707
2017-10-19,272.32030561622906
2017-10-20,269.43006148365794
2017-10-23,269.90807416527156
2017-10-24,268.2347498277259
2017-10-25,266.9525908718677
2017-10-26,266.0615765605193
2017-10-27,267.82178967234637
2017-10-30,270.38623200712857
2017-10-31,270.4731000442324
2017-11-01,271.67743237243474
2017-11-02,272.8751702781498
2017-11-03,273.6156119427065
2017-11-06,274.63915755630615
2017-11-07,275.79349254923574
2017-11-08,275.18371584094336
2017-11-09,274.39958094311436
2017-11-10,270.26189189004236
2017-11-13,270.82814126248354
2017-11-14,272.6574921245384
2017-11-15,275.61925878276503
2017-11-16,273.22363781109135
2017-11-17,275.24889279024325
2017-11-20,275.14012629355926
2017-11-21,276.01119144002485
2017-11-22,276.904030623005
2017-11-24,276.14185639628914
2017-11-27,275.749882264674
2017-11-28,276.1200201482418
2017-11-29,273.39783010320684
2017-11-30,272.4832168837124
2017-12-01,276.1603124843823
2017-12-04,276.29126776113344
2017-12-05,277.6660182151221
2017-12-06,278.62617027669825
2017-12-07,276.44397633722133
2017-12-08,276.4657503737358
2017-12-11,275.898464142413
2017-12-12,275.7892829021763
2017-12-13,277.8624614988376
2017-12-14,279.04078940628835
2017-12-15,280.088224248521
2017-12-18,277.53504220119333
2017-12-19,273.9344253116331
2017-12-20,270.90113612775093
2017-12-21,272.47994040964636
2017-12-22,272.8518202161353
2017-12-26,273.66090193865654
2017-12-27,277.2255398250239
2017-12-28,276.9848848785952
2017-12-29,277.4223149035814
2018-01-02,274.42635263943833
2018-01-03,275.73835239391013
2018-01-04,275.6946798978155
2018-01-05,274.90739294898634
2018-01-08,274.73249559283136
2018-01-09,271.0585727803392
2018-01-10,270.7305728417212
2018-01-11,271.8459841522341
2018-01-12,272.3050015791361
2018-01-16,273.4421869261634
2018-01-17,273.0704937542732
2018-01-18,270.53373555163074
2018-01-19,269.11232644796826
2018-01-22,269.37473469373367
2018-01-23,270.53373555163074
2018-01-24,269.0685710031631
2018-01-25,271.2772877928323
2018-01-26,270.27130656868763
2018-01-29,268.39063119199164
2018-01-30,266.81605729433335
2018-01-31,268.39063119199164
2018-02-01,264.5008758346973
2018-02-02,262.04650643878995
2018-02-05,264.5228157686328
2018-02-06,262.87931149252313
2018-02-07,260.38118665181054
2018-02-08,260.09617488242543
2018-02-09,258.45264986913804
2018-02-12,259.5921370428826
2018-02-13,260.75366783645086
2018-02-14,257.8610596656296
2018-02-15,258.73755795263503
2018-02-16,260.14001327594116
2018-02-20,259.0005053650189
2018-02-21,255.8230098478783
2018-02-22,256.5900987856931
2018-02-23,258.8689279729388
2018-02-26,258.95670844585845
2018-02-27,258.58424799839577
2018-02-28,260.22769006297256
2018-03-01,262.00405743617563
2018-03-02,259.87422487022155
2018-03-05,259.1714833946013
2018-03-06,259.4130922512011
2018-03-07,259.12760352673035
2018-03-08,260.620721790647
2018-03-09,258.90795534124373
2018-03-12,260.40107360516043
2018-03-13,261.71858944888254
2018-03-14,264.0243354926957
2018-03-15,264.0243354926957
2018-03-16,263.08004737200855
2018-03-19,262.24572850430826
2018-03-20,261.19157481652263
2018-03-21,261.4771050153486
2018-03-22,264.068194623389
2018-03-23,263.8705900577261
2018-03-26,262.8603577121667
2018-03-27,265.6711577172266
2018-03-28,266.3737955069587
2018-03-29,267.66926773085714
2018-04-02,268.19738143363156
2018-04-03,266.1290138621811
2018-04-04,265.5789602254712
2018-04-05,263.598393864118
2018-04-06,266.4809859781426
2018-04-09,266.921174047754
2018-04-10,266.43706463591633
2018-04-11,267.3832605769456
2018-04-12,265.424800046949
2018-04-13,266.0408601200641
2018-04-16,266.1290138621811
2018-04-17,266.8552090857041
2018-04-18,264.72058623171677
2018-04-19,262.5640649181493
2018-04-20,260.6718389335118
2018-04-23,260.73772094685125
2018-04-24,259.54954288002483
2018-04-25,257.81100011882404
2018-04-26,259.61542489336426
2018-04-27,261.6179311886529
2018-04-30,262.0800384550222
2018-05-01,261.1361858150654
2018-05-02,260.849494334292
2018-05-03,262.01830387720935
2018-05-04,262.41523419427875
2018-05-07,261.9962602573857
2018-05-08,261.7535523303714
2018-05-09,260.18783320756233
2018-05-10,262.28286878944857
2018-05-11,262.94457139053355
2018-05-14,261.5550975404256
2018-05-15,258.57796463357306
2018-05-16,257.58542110053446
2018-05-17,256.28428762714225
2018-05-18,258.48972794274545
2018-05-21,258.6219896616875
2018-05-22,258.22503860744047
2018-05-23,260.0995965167348
2018-05-24,262.17258847879737
2018-05-25,263.80468730720906
2018-05-29,269.5826041623248
2018-05-30,267.77428079838967
2018-05-31,267.33322176731764
2018-06-01,265.9206467013268
2018-06-04,263.9975637963717
2018-06-05,264.61646486282257
2018-06-06,262.4723029071242
2018-06-07,265.01430761570776
2018-06-08,264.2186013727597
2018-06-11,263.73227308291536
2018-06-12,263.79861131416266
2018-06-13,263.66608001191145
2018-06-14,265.8543499444348
2018-06-15,266.09751408935693
2018-06-18,265.8543499444348
2018-06-19,267.4017581393941
2018-06-20,265.0585814899538
2018-06-21,266.4512073910619
2018-06-22,266.42908082252774
2018-06-25,267.02591753197726
2018-06-26,267.4017581393941
2018-06-27,269.9217399653316
2018-06-28,269.98789156198023
2018-06-29,269.05965401678094
2018-07-02,268.8490679779199
2018-07-03,270.2891820158071
2018-07-05,271.06460729903034
2018-07-06,271.95076911081264
2018-07-09,270.2004061583611
2018-07-10,270.178445487248
2018-07-11,271.2197213877236
2018-07-12,271.1974289217684
2018-07-13,271.8842857193219
2018-07-16,270.7544828075318
2018-07-17,270.2448044556729
2018-07-18,269.1592339437736
2018-07-19,270.86511565020277
2018-07-20,267.5419621973694
2018-07-23,264.2407901528268
2018-07-24,265.1492029562091
2018-07-25,264.7283004617962
2018-07-26,264.21872579582543
2018-07-27,264.66175485877255
2018-07-30,263.7535286899889
2018-07-31,265.19353904198806
2018-08-01,263.0330154531374
2018-08-02,263.4104942975872
2018-08-03,264.7205654945392
2018-08-06,264.87603211525226
2018-08-07,263.49927015503323
2018-08-08,263.76580509914754
2018-08-09,265.9863213428899
2018-08-10,267.91805165091785
2018-08-13,267.3629174056878
2018-08-14,266.76338486314603
2018-08-15,268.31767780107947
2018-08-16,268.29546828383474
2018-08-17,268.62856956815034
2018-08-20,270.4271257214205
2018-08-21,269.5167221489854
2018-08-22,270.5826752908441
2018-08-23,271.00444874671757
2018-08-24,271.5373112631699
2018-08-27,269.98297685088124
2018-08-28,268.36207609839124
2018-08-29,268.717366162774
2018-08-30,269.2946684508934
2018-08-31,268.67294712828453
2018-09-04,267.11956662616694
2018-09-05,266.4073897347238
2018-09-06,267.38666147407736
2018-09-07,265.1166663245032
2018-09-10,266.0958758523239
2018-09-11,264.0707245590602
2018-09-12,264.6938560097481
2018-09-13,265.0944153329033
2018-09-14,263.8259429142827
2018-09-17,263.8259429142827
2018-09-18,261.0664259495087
2018-09-19,259.5086699029106
2018-09-20,260.7104100839088
2018-09-21,260.5991551259089
2018-09-24,259.9313972689552
2018-09-25,259.6643853697553
2018-09-26,261.4892777386191
2018-09-27,261.6672441970637
2018-09-28,260.97735977157583
2018-10-01,259.0614519300817
2018-10-02,260.64504650001027
2018-10-03,256.11741555873107
2018-10-04,254.31073043182892
2018-10-05,252.1249282234439
2018-10-08,251.27744124794677
2018-10-09,253.82002659750404
2018-10-10,253.12862835804896
2018-10-11,256.20648173666393
2018-10-12,255.31436835490103
2018-10-15,255.2028852879471
2018-10-16,255.78271751173776
2018-10-17,254.26602107685258
2018-10-18,254.1768719502092
2018-10-19,253.61922850648563
2018-10-22,253.284717094091
2018-10-23,254.08763987485528
2018-10-24,256.00576659435615
2018-10-25,254.9352305362406
2018-10-26,256.4741779627258
2018-10-29,255.8943250017575
2018-10-30,254.6229908526236
2018-10-31,253.32932276317916
2018-11-01,253.5640676139824
2018-11-02,250.41160187024457
2018-11-05,251.39535283996685
2018-11-06,251.2387042001287
2018-11-07,251.57410731116155
2018-11-08,251.55185631956155
2018-11-09,253.4298773375206
2018-11-12,255.0843930549533
2018-11-13,254.92795178689147
2018-11-14,255.0843930549533
2018-11-15,254.97261966751253
2018-11-16,256.4483394393953
2018-11-19,257.1637720677268
2018-11-20,257.25319077767944
2018-11-21,257.1637720677268
2018-11-23,257.43202819758466
2018-11-26,256.85080658289263
2018-11-27,257.1414381274163
2018-11-28,255.88922365605978
2018-11-29,256.89541225198076
2018-11-30,257.8568500185701
2018-12-03,259.68777690612507
2018-12-04,264.03528472248576
2018-12-06,264.8644607701331
2018-12-07,265.35750790553055
2018-12-10,266.45562440989767
2018-12-11,266.4108735805661
2018-12-12,265.222965097049
2018-12-13,264.59556178776864
2018-12-14,265.5143431799674
2018-12-17,267.0606730416898
2018-12-18,268.6600071294417
2018-12-19,272.20932024153836
2018-12-20,271.2209034068487
2018-12-21,271.17588299420794
2018-12-24,272.52375806598445
2018-12-26,269.60346576302345
2018-12-27,269.6484239641313
2018-12-28,271.9171748830475
2018-12-31,272.95054991884507
2019-01-02,274.388196232594
2019-01-03,277.5105723315866
2019-01-04,274.29832130473346
2019-01-07,273.4896128514096
2019-01-08,272.7708830118345
2019-01-09,272.34398747308575
2019-01-10,270.5918203861802
2019-01-11,271.6476330481764
2019-01-14,270.63684079882097
2019-01-15,269.6484239641313
2019-01-16,269.9178621131142
2019-01-17,269.98527867759844
2019-01-18,268.57025662464696
2019-01-22,270.38971585297094
2019-01-23,270.2774655104446
2019-01-24,272.05202874919354
2019-01-25,270.7491118785249
2019-01-28,270.4796529923644
2019-01-29,271.84982053009617
2019-01-30,271.6476330481764
2019-01-31,273.983904217465
2019-02-01,272.32905670519017
2019-02-04,271.1132567177569
2019-02-05,272.3515565429217
2019-02-06,272.48661778084414
2019-02-07,274.287786818496
2019-02-08,275.4585041817556
2019-02-11,274.3778069065999
2019-02-12,273.67989719336816
2019-02-13,272.644241068031
2019-02-14,274.19772525603673
2019-02-15,274.62551249342374
2019-02-19,275.32340146947786
2019-02-20,274.5354716681421
2019-02-21,272.0814548042545
2019-02-22,273.70245924263264
2019-02-25,272.89192591767716
2019-02-26,274.24274566867757
2019-02-27,271.13583950419894
2019-02-28,270.21266183034214
2019-03-01,267.7151591049585
2019-03-04,269.8134504237331
2019-03-05,270.3773772322794
2019-03-06,271.37016961144957
2019-03-07,273.1298850310135
2019-03-08,274.28052880632447
2019-03-11,273.46837798151364
2019-03-12,275.3861521689947
2019-03-13,274.8671835615563
2019-03-14,272.8816817519265
2019-03-15,274.6866871674405
2019-03-18,274.5286698738786
2019-03-19,273.919577492448
2019-03-20,276.7849577490374
2019-03-21,277.39402939329034
2019-03-22,281.70329785409615
2019-03-25,282.1545388393858
2019-03-26,281.95154260753833
2019-03-27,284.545950164
2019-03-28,285.53890844059123
2019-03-29,285.2681016378845
2019-04-01,281.2161608143241
2019-04-02,281.7361455434665
2019-04-03,279.2941355054283
2019-04-04,280.08548694107344
2019-04-05,280.4472677420552
2019-04-08,279.4524845938323
2019-04-09,280.3342708611341
2019-04-10,281.0126876273911
2019-04-11,279.3619668134652
2019-04-12,277.37217240806535
2019-04-15,278.07321343511967
2019-04-16,276.33205778953715
2019-04-17,276.4450961448135
2019-04-18,277.8923230346288
2019-04-22,276.55817597444513
2019-04-23,277.14613717186785
2019-04-24,279.4071323863494
2019-04-25,279.00022748683864
2019-04-26,279.9498865365326
2019-04-29,278.1635653180658
2019-04-30,279.5881679470837
2019-05-01,280.7413831324212
2019-05-02,279.4046231878558
2019-05-03,280.1975713861787
2019-05-06,280.96795753523713
2019-05-07,283.12045583634387
2019-05-08,281.8970038303641
2019-05-09,283.0525830539517
2019-05-10,282.6674314537778
2019-05-13,284.8880513834082
2019-05-14,284.0496265545366
2019-05-15,285.7943282574944
2019-05-16,284.8425954900371
2019-05-17,285.4770909140678
2019-05-20,284.8880513834082
2019-05-21,284.4347781547105
2019-05-22,286.06625486779325
2019-05-23,289.28371092623223
2019-05-24,289.53303401291134
2019-05-28,291.61768026880355
2019-05-29,292.50133288209236
2019-05-30,295.0164207341085
2019-05-31,298.7098987051084
2019-06-03,300.70780134696264
2019-06-04,297.2792200830441
2019-06-05,295.59903173970196
2019-06-06,296.55287969927775
2019-06-07,299.1184833160074
2019-06-10,296.30305892033545
2019-06-11,296.4847373335764
2019-06-12,296.71178869147786
2019-06-13,297.7334264847352
2019-06-14,298.48280587285166
2019-06-17,299.0049887428231
2019-06-18,300.5036023588125
2019-06-19,300.93487344204175
2019-06-20,301.72952208893054
2019-06-21,298.41464276997266
2019-06-24,300.63974192997176
2019-06-25,301.5707582569739
2019-06-26,299.64070766033416
2019-06-27,301.75222929843846
2019-06-28,301.54782293851196
2019-07-01,300.842696687464
2019-07-02,303.16318686457396
2019-07-03,305.3244569918194
2019-07-05,301.27483873215385
2019-07-08,301.6844187275792
2019-07-09,301.57063383390806
2019-07-10,299.91000064907365
2019-07-11,295.9059834430226
2019-07-12,296.2472137009703
2019-07-15,297.95346867659686
2019-07-16,297.0662907431105
2019-07-17,300.2740210652398
2019-07-18,300.2966868003924
2019-07-19,299.5914983378115
2019-07-22,300.1602983831015
2019-07-23,298.52226872188686
2019-07-24,299.81902665079855
2019-07-25,298.3857766187078
2019-07-26,299.09106876717686
2019-07-29,299.1819390795638
2019-07-30,299.91000064907365
2019-07-31,302.3213611385706
2019-08-01,308.32576944779174
2019-08-02,311.1750783917158
2019-08-05,316.554717013216
2019-08-06,319.08486005619363
2019-08-07,319.19889379599636
2019-08-08,319.88270222843784
2019-08-09,319.24453632396614
2019-08-12,325.9005689659427
2019-08-13,324.7836438414626
2019-08-14,332.10100581532674
2019-08-15,335.7937165107542
2019-08-16,333.10395941153695
2019-08-19,328.3397587478229
2019-08-20,331.7361351748777
2019-08-21,329.52517877002407
2019-08-22,327.3366599913692
2019-08-23,332.7164022987576
2019-08-26,331.3713889574944
2019-08-27,336.477338308597
2019-08-28,336.91051721216854
2019-08-29,335.6342268775804
2019-08-30,335.7253045617436
2019-09-03,336.15933368959804
2019-09-04,336.66150518315385
2019-09-05,330.56450537580224
2019-09-06,332.91674417186806
2019-09-09,327.0021900533298
2019-09-10,321.2706000530457
2019-09-11,320.6994774438608
2019-09-12,318.5988220868361
2019-09-13,311.7938550351008
2019-09-16,315.7671604810776
2019-09-17,317.4797817702375
2019-09-18,318.8272420984614
2019-09-19,319.7861084550243
2019-09-20,324.0107899682659
2019-09-23,323.94208769876843
2019-09-24,327.847188567511
2019-09-25,323.0516747655714
2019-09-26,325.12974733615397
2019-09-27,325.92887521341146
2019-09-30,326.7282519368005
2019-10-01,327.7117955347465
2019-10-02,328.51227132855007
2019-10-03,331.5092289772196
2019-10-04,333.9566099442647
2019-10-07,331.1889225315034
2019-10-08,332.0808907530229
2019-10-09,330.20535819637985
2019-10-10,325.2869766169659
2019-10-11,321.2608535795583
2019-10-14,323.5941178580901
2019-10-15,319.6824847783932
2019-10-16,320.0714312820739
2019-10-17,319.2937041721335
2019-10-18,319.2937041721335
2019-10-21,316.8917168869266
2019-10-22,318.74468739430523
2019-10-23,319.0648486797779
2019-10-24,318.42448463447715
2019-10-25,316.86882304282
2019-10-28,313.9865419864599
2019-10-29,314.19256584624173
2019-10-30,318.79039213380787
2019-10-31,323.09086803129736
2019-11-01,322.0964374150942
2019-11-04,317.85719840315437
2019-11-05,314.2823785625693
2019-11-06,316.18420586045085
2019-11-07,310.4554361163248
2019-11-08,309.14942940618886
2019-11-11,309.3555984262141
2019-11-12,310.7762195171265
2019-11-13,312.79295151627133
2019-11-14,316.023866002994
2019-11-15,315.68020949526334
2019-11-18,316.25303255301407
2019-11-19,318.8883545609452
2019-11-20,322.18813721458645
2019-11-21,320.17144668979694
2019-11-22,320.58392989009093
2019-11-25,321.52353140863295
2019-11-26,323.40263075982887
2019-11-27,322.46313292717497
2019-11-29,321.775736963003
2019-12-02,317.4852978594878
2019-12-03,324.142367360346
2019-12-04,320.90566720106375
2019-12-05,319.34475910346544
2019-12-06,317.5772465051116
2019-12-09,318.2658866999415
2019-12-10,318.2890086530021
2019-12-11,320.79090766004384
2019-12-12,315.51120149755604
2019-12-13,319.1611521327047
2019-12-16,316.29176960083214
2019-12-17,315.8556460180368
2019-12-18,313.26173615383834
2019-12-19,313.7629330000454
2019-12-20,314.1768678027737
2019-12-23,313.7169586772335
2019-12-24,314.61369644960854
2019-12-26,315.3723453561268
2019-12-27,315.7172046201602
2019-12-30,314.5676599152638
2019-12-31,311.48679964589195
2020-01-02,315.00448856209863
2020-01-03,319.8557024231599
2020-01-06,318.03933303430324
2020-01-07,316.47591573821137
2020-01-08,314.3837418868385
2020-01-09,315.48725005739016
2020-01-10,318.29230586424575
2020-01-13,317.32669992495215
2020-01-14,318.95892317642966
2020-01-15,321.0740738206197
2020-01-16,320.0625557700471
2020-01-17,317.32669992495215
2020-01-21,320.66042933837826
2020-01-22,321.7868313530365
2020-01-23,324.04007086308343
2020-01-24,326.6611256928032
2020-01-27,331.74227337945695
2020-01-28,329.1441953425543
2020-01-29,332.36295784318423
2020-01-30,332.40893216599613
2020-01-31,335.44377663820075
2020-02-03,335.17209887403345
2020-02-04,330.65821668152483
2020-02-05,327.04262754971376
2020-02-06,328.51664687303065
2020-02-07,332.615744038528
2020-02-10,333.536993154865
2020-02-11,331.85589237570707
2020-02-12,330.17462569912806
2020-02-13,331.4413354576498
2020-02-14,332.89206693048504
2020-02-18,335.17209887403345
2020-02-19,335.14924650428213
2020-02-20,337.7744487695284
2020-02-21,340.92954813482567
2020-02-24,346.0190114297102
2020-02-25,347.8612815534303
2020-02-26,346.0190114297102
2020-02-27,349.7729382735097
2020-02-28,357.67193660561844
2020-03-02,355.040305815306
2020-03-03,360.55257942494563
2020-03-04,356.7239987416681
2020-03-05,365.60357525532135
2020-03-06,384.6308896435839
2020-03-09,395.0557176857227
2020-03-10,374.80578077858564
2020-03-11,361.01385720420956
2020-03-12,363.2509839272357
2020-03-13,355.040305815306
2020-03-16,378.0347667077885
2020-03-17,352.82615588509697
2020-03-18,332.9224468957171
2020-03-19,341.9863561813483
2020-03-20,367.70209468304984
2020-03-23,382.85508217417697
2020-03-24,375.7282948627582
2020-03-25,374.8749600031686
2020-03-26,376.72002964586915
2020-03-27,386.77594329792043
2020-03-30,383.5931183261282
2020-03-31,380.47947257891894
2020-04-01,385.8102129355611
2020-04-02,388.2584026525339
2020-04-03,389.18228539043025
2020-04-06,388.16608073771266
2020-04-07,384.10117917813176
2020-04-08,381.3062223767833
2020-04-09,381.9992173789161
2020-04-13,378.51163884463233
2020-04-14,378.41935840416636
2020-04-15,388.4432538539526
2020-04-16,392.85483954919863
2020-04-17,387.58871623806033
2020-04-20,390.70679974128296
2020-04-21,395.62652923724306
2020-04-22,391.5846459448345
2020-04-23,393.66321620768036
2020-04-24,394.5869745225109
2020-04-27,387.24232242288207
2020-04-28,391.69998612682815
2020-04-29,389.6674109239719
2020-04-30,385.117176459073
2020-05-01,388.4150927667273
2020-05-04,386.5882718403436
2020-05-05,384.11370443342196
2020-05-06,377.91544498768934
2020-05-07,384.2292934615472
2020-05-08,379.23387326722735
2020-05-11,376.27355821143504
2020-05-12,380.1356916481224
2020-05-13,382.79540057694976
2020-05-14,386.54186203680143
2020-05-15,385.5474314205983
2020-05-18,377.0830961518642
2020-05-19,378.4938878205786
2020-05-20,379.6270501551452
2020-05-21,380.5751539165167
2020-05-22,382.86478717330914
2020-05-26,377.7305937862706
2020-05-27,377.0368937200983
2020-05-28,375.6491617929115
2020-05-29,378.33184751455593
2020-06-01,375.78482440898523
2020-06-02,374.41853472347077
2020-06-03,369.439828694323
2020-06-04,364.09042487781136
2020-06-05,361.49715786611955
2020-06-08,362.88654876751696
2020-06-09,367.00847756558807
2020-06-10,372.45028624563145
2020-06-11,379.4898529879266
2020-06-12,375.83098536639585
2020-06-15,376.03935252725023
2020-06-16,370.27346323516144
2020-06-17,371.801544380567
2020-06-18,375.738248708022
2020-06-19,376.03935252725023
2020-06-22,376.0858038051477
2020-06-23,373.51530621449666
2020-06-24,377.52152156137674
2020-06-25,378.60993306661175
2020-06-26,382.66222642219196
2020-06-29,381.45810146576594
2020-06-30,379.60560791347285
2020-07-01,378.8683182999164
2020-07-02,379.26236614929485
2020-07-06,377.70902712153253
2020-07-07,383.0183667108576
2020-07-08,381.4880044759124
2020-07-09,387.56200675326926
2020-07-10,385.6148272479049
2020-07-13,386.88983187747976
2020-07-14,387.4461274046572
2020-07-15,385.63788698943256
2020-07-16,387.46956041538226
2020-07-17,386.65815612896614
2020-07-20,387.60858245423253
2020-07-21,387.84042410016724
2020-07-22,388.99954938113007
2020-07-23,393.5436871158049
2020-07-24,393.5205444255667
2020-07-27,392.05985910746773
2020-07-28,394.7723234161929
2020-07-29,394.099775271206
2020-07-30,396.69660907745066
2020-07-31,396.44166621563306
2020-08-03,394.4455054967
2020-08-04,398.2053631733025
2020-08-05,394.72413021537426
2020-08-06,396.92903136435905
2020-08-07,394.2831333958352
2020-08-10,392.51927054074474
2020-08-11,387.85386179127323
2020-08-12,384.32609460673706
2020-08-13,380.21818414074573
2020-08-14,378.7326971581979
2020-08-17,379.68411886799066
2020-08-18,382.39969375336074
2020-08-19,380.0093192876282
2020-08-20,383.44426686507995
2020-08-21,385.7420705698597
2020-08-24,385.1151027413097
2020-08-25,382.16760326129446
2020-08-26,380.7054248664059
2020-08-27,374.2299508300781
2020-08-28,373.9514920088249
2020-08-31,376.43505935083925
2020-09-01,380.7405121709606
2020-09-02,384.3652463981078
2020-09-03,385.4573905953167
2020-09-04,378.1382866985314
2020-09-08,380.46176302922055
2020-09-09,379.43929574885783
2020-09-10,381.36793621741856
2020-09-11,382.18120684982154
2020-09-14,382.15798121087283
2020-09-15,381.2284579606603
2020-09-16,380.08990395990924
2020-09-17,381.2518080226749
2020-09-18,380.0668027440263
2020-09-21,381.99531878952115
2020-09-22,381.69321958576654
2020-09-23,382.2043080657045
2020-09-24,383.6682283835142
2020-09-25,383.6682283835142
2020-09-28,382.5762915580816
2020-09-29,383.01766164681806
2020-09-30,379.3463931930629
2020-10-01,379.97211679095494
2020-10-02,378.55344499474
2020-10-05,371.15670110489754
2020-10-06,373.15692631064667
2020-10-07,370.43558648989466
2020-10-08,372.43581169564374
2020-10-09,372.3662177275081
2020-10-12,373.5524672368146
2020-10-13,376.2273972540244
2020-10-14,377.08778275400914
2020-10-15,376.4366353763394
2020-10-16,375.3899470725015
2020-10-19,373.97098495579974
2020-10-20,370.41223642788015
2020-10-21,369.1330843627787
2020-10-22,365.29513047521107
2020-10-23,367.5281097627107
2020-10-26,370.94746298258264
2020-10-27,373.4361316702946
2020-10-28,373.7849309980783
2020-10-29,370.1565470276678
2020-10-30,366.5047715208874
2020-11-02,369.25004204462766
2020-11-03,367.1077671720939
2020-11-04,375.0712996009959
2020-11-05,375.72319351706057
2020-11-06,371.1827055256491
2020-11-09,363.3821258385856
2020-11-10,361.2865510900809
2020-11-11,362.59042187092064
2020-11-12,368.76093497298046
2020-11-13,368.2719937987544
2020-11-16,367.38705548045243
2020-11-17,369.78535154804064
2020-11-18,370.8565926701957
2020-11-19,372.7659890379132
2020-11-20,376.07236611404164
2020-11-23,374.34931402453253
2020-11-24,370.62379711408994
2020-11-25,369.48279612637816
2020-11-27,373.0685029852204
2020-11-30,372.6028703986536
2020-12-01,367.10913582581765
2020-12-02,364.19552089405437
2020-12-03,367.1324858878322
2020-12-04,361.74811918983164
2020-12-07,365.0113629364839
2020-12-08,366.7361569489142
2020-12-09,365.52419333934296
2020-12-10,368.76412849833594
2020-12-11,370.06940940725474
2020-12-14,369.0437900758918
2020-12-15,367.8084764043061
2020-12-16,366.8295986713276
2020-12-17,365.8589743350468
2020-12-18,364.76210206133766
2020-12-21,366.20881052171217
2020-12-22,368.09879689116525
2020-12-23,365.55554795192376
2020-12-24,367.00225641229827
2020-12-28,367.16554094897884
2020-12-29,366.6987470804646
2020-12-30,367.4920685479849
2020-12-31,368.02866375641116
2021-01-04,367.5853858473325
2021-01-05,364.8554193606853
2021-01-06,357.3655240689163
2021-01-07,354.21558826084964
2021-01-08,353.07243060666406
2021-01-11,352.48917674856403
2021-01-12,352.2091419018107
2021-01-13,356.1755833419911
2021-01-14,352.83922030700563
2021-01-15,354.23893832286416
2021-01-19,355.38242777189186
2021-01-20,355.7323469072677
2021-01-21,353.23563219463415
2021-01-22,354.37920459237245
2021-01-25,358.555547744552
2021-01-26,357.8789765871044
2021-01-27,358.7890483646973
2021-01-28,356.80566174718604
2021-01-29,354.65907354170463
2021-02-01,355.070291774163
2021-02-02,352.7809073635022
2021-02-03,349.6504645024104
2021-02-04,348.7161302269871
2021-02-05,345.7963563534669
2021-02-08,347.31444217925343
2021-02-09,347.5716661306106
2021-02-10,349.8842139686873
2021-02-11,347.96872087074576
2021-02-12,343.64711378924846
2021-02-16,338.4145639686976
2021-02-17,340.56370284702786
2021-02-18,339.18534412413106
2021-02-19,334.6769780208728
2021-02-22,332.13063924216397
2021-02-23,331.1731830136801
2021-02-24,329.0006525989801
2021-02-25,323.62791945763155
2021-02-26,334.32660266758904
2021-03-01,329.910952485527
2021-03-02,329.9344684449626
2021-03-03,326.35599886111424
2021-03-04,324.2510716454971
2021-03-05,324.8824564928829
2021-03-08,322.3566060456753
2021-03-09,326.8237881141548
2021-03-10,327.4787511325091
2021-03-11,325.11639259375846
2021-03-12,318.2169884350834
2021-03-15,320.0880002870025
2021-03-16,318.801569472552
2021-03-17,316.41602676920786
2021-03-18,313.2119669275196
2021-03-19,315.15321560008107
2021-03-22,318.68475695094645
2021-03-23,321.56145970652335
2021-03-24,323.2921430774013
2021-03-25,320.7429218310015
2021-03-26,319.6202939826724
2021-03-29,316.90737345603935
2021-03-30,318.56784074345273
2021-03-31,316.7902706139469
2021-04-01,322.0480161053216
2021-04-05,320.6428442117457
2021-04-06,322.82089071569595
2021-04-07,320.5725866539257
2021-04-08,323.2191689493115
2021-04-09,322.0480161053216
2021-04-12,321.9075632012147
2021-04-13,324.31983612652743
2021-04-14,323.2893435584209
2021-04-15,328.6993621451532
2021-04-16,326.1465326298453
2021-04-19,325.209772104639
2021-04-20,326.70867604111515
2021-04-21,327.36426117479846
2021-04-22,328.7930319765205
2021-04-23,328.02005368025806
2021-04-26,327.55164231188843
2021-04-27,324.69455692635216
2021-04-28,324.90537107416714
2021-04-29,323.94513606388045
2021-04-30,324.69455692635216
2021-05-03,324.88919607561354
2021-05-04,327.0939313271773
2021-05-05,327.63326384305105
2021-05-06,328.17282446787885
2021-05-07,326.55443291388247
2021-05-10,323.24741298524737
2021-05-11,321.41781327706093
2021-05-12,318.04066021367174
2021-05-13,318.53302302220726
2021-05-14,321.51166974302697
2021-05-17,320.8315110538488
2021-05-18,320.0107543003204
2021-05-19,319.2367391451762
2021-05-20,321.86351743592263
2021-05-21,322.8955652923517
2021-05-24,324.0917064353891
2021-05-25,327.0939313271773
2021-05-26,326.5310828518679
2021-05-27,325.2175485462513
2021-05-28,324.70164904110254
2021-06-01,324.62873712454564
2021-06-02,325.3803146534911
2021-06-03,324.15895710245223
2021-06-04,328.5980817695946
2021-06-07,327.5882434304103
2021-06-08,329.88996646176264
2021-06-09,332.80266895771007
2021-06-10,334.79897483688654
2021-06-11,334.25889578261797
2021-06-14,331.69862162053994
2021-06-15,331.2994931626415
2021-06-16,331.01744680965777
2021-06-17,335.9735700523634
2021-06-18,342.2918562822347
2021-06-21,336.5606810255032
2021-06-22,337.382661272512
2021-06-23,336.5137527925202
2021-06-24,337.0539770070322
2021-06-25,333.5542257494779
2021-06-28,336.983449865903
2021-06-29,337.5472729885612
2021-06-30,339.0504073092745
2021-07-01,339.069236666565
2021-07-02,341.1153532464155
2021-07-06,345.11356404272937
2021-07-07,348.1709498270208
2021-07-08,349.535165794772
2021-07-09,344.6198118432925
2021-07-12,344.1727597678846
2021-07-13,341.5385990419009
2021-07-14,345.4192507782144
2021-07-15,349.22941684775407
2021-07-16,348.57080408613643
2021-07-19,356.21444481287494
2021-07-20,352.7805340943048
2021-07-21,348.3120870579897
2021-07-22,351.6046946481699
2021-07-23,349.25280838412385
2021-07-26,348.2180232202473
2021-07-27,351.934042503334
2021-07-28,351.95747551405907
2021-07-29,350.00540203477334
2021-07-30,351.65180951575167
2021-08-02,354.7883905814228
2021-08-03,354.9767256286838
2021-08-04,355.706632807003
2021-08-05,353.89341546914653
2021-08-06,347.98307099766765
2021-08-09,346.7349624874825
2021-08-10,345.1338242652766
2021-08-11,344.9219525214023
2021-08-12,344.35690590526383
2021-08-13,349.7962053868137
2021-08-16,350.6438582597319
2021-08-17,350.5025966056973
2021-08-18,351.6799291286217
2021-08-19,354.27029293544496
2021-08-20,354.50570137593246
2021-08-23,354.27029293544496
2021-08-24,351.51523446386204
2021-08-25,348.59527395574315
2021-08-26,349.5607554719709
2021-08-27,351.9390609003211
2021-08-30,352.8572201771909
2021-08-31,350.45548173811557
2021-09-01,351.0425097625448
2021-09-02,352.57507013831906
2021-09-03,349.36856330967015
2021-09-07,346.42147857320754
2021-09-08,348.779212721346
2021-09-09,352.99956016446237
2021-09-10,349.8873245453322
2021-09-13,352.0092769837858
2021-09-14,356.27665634577335
2021-09-15,355.02703402162103
2021-09-16,353.40032685939383
2021-09-17,351.7027400240178
2021-09-20,356.06459796730036
2021-09-21,355.7581024818876
2021-09-22,357.8799304972755
2021-09-23,349.79297038710297
2021-09-24,346.37434296844816
2021-09-27,345.1012254220378
2021-09-28,339.72548538993254
2021-09-29,340.3150018756777
2021-09-30,340.2676588991421
2021-10-01,343.1313387071655
2021-10-04,342.2577436250287
2021-10-05,338.95285962568977
2021-10-06,340.8650762495653
2021-10-07,337.3003761516651
2021-10-08,334.93971806148033
2021-10-11,334.08961820160147
2021-10-12,339.8027106394371
2021-10-13,343.107760536197
2021-10-14,344.382537056818
2021-10-15,342.375924800358
2021-10-18,343.98131414397864
2021-10-19,339.236005049088
2021-10-20,336.94620589487454
2021-10-21,336.5449207705023
2021-10-22,340.2512557916345
2021-10-25,339.7319139149987
2021-10-26,342.5412001060914
2021-10-27,348.7733648372536
2021-10-28,347.59319132099347
2021-10-29,348.65537029652296
2021-11-01,346.14511420689524
2021-11-02,347.6815316977092
2021-11-03,344.08869124976127
2021-11-04,347.7052550289211
2021-11-05,352.9054133780095
2021-11-08,352.2436485653917
2021-11-09,356.82917770662164
2021-11-10,350.3052201489883
2021-11-11,349.7853805800894
2021-11-12,348.24892161492016
2021-11-15,343.875969281604
2021-11-16,343.00135807776314
2021-11-17,345.7195873218702
2021-11-18,347.01958025049265
2021-11-19,350.6833003715895
2021-11-22,346.5706618290979
2021-11-23,341.5595850656653
2021-11-24,347.04346947912563
2021-11-26,355.8128901051935
2021-11-29,352.952652668657
2021-11-30,358.31835590678804
2021-12-01,360.5286487219574
2021-12-02,360.9783966304575
2021-12-03,365.28575727092107
2021-12-06,360.2683556683105
2021-12-07,357.3574365696395
2021-12-08,351.1806608399345
2021-12-09,353.1449692540236
2021-12-10,352.293044522513
2021-12-13,357.4994447620689
2021-12-14,356.6474370818478
2021-12-15,353.21593187588303
2021-12-16,353.353502312299
2021-12-17,357.3574365696395
2021-12-20,354.68018398853485
2021-12-21,353.3297789810871
2021-12-22,354.96440774517
2021-12-23,351.88443917443635
2021-12-27,352.73756666224966
2021-12-28,351.33954909495696
2021-12-29,347.50128414972494
2021-12-30,350.4155004596396
2021-12-31,351.10264757767993
2022-01-03,341.8861541390266
2022-01-04,340.4645791379431
2022-01-05,338.6164611301306
2022-01-06,339.4931460517347
2022-01-07,337.05285719944
2022-01-10,337.8819710355545
2022-01-11,340.1327635586407
2022-01-12,338.8297637392615
2022-01-13,341.8387074766028
2022-01-14,336.67376085513484
2022-01-18,331.9351913429749
2022-01-19,334.23332684259674
2022-01-20,336.294643773652
2022-01-21,340.29870245405834
2022-01-24,337.5029783771375
2022-01-25,336.9580468233029
2022-01-26,332.88283888643844
2022-01-27,338.9956611603239
2022-01-28,339.1141119189624
2022-01-31,337.36088723599755
2022-02-01,336.2408930092278
2022-02-02,337.37982027917633
2022-02-03,334.7461987198111
2022-02-04,329.8112896098238
2022-02-07,330.0248410650863
2022-02-08,327.8183846277791
2022-02-09,328.43521197646663
2022-02-10,323.21545699451525
2022-02-11,328.00810906594154
2022-02-14,323.92730209111625
2022-02-15,320.2498539584265
2022-02-16,322.1478863528012
2022-02-17,324.5441087026262
2022-02-18,327.9606001919848
2022-02-22,328.8148682245679
2022-02-23,324.2831727964727
2022-02-24,324.49674498891284
2022-02-25,324.7340819869202
2022-02-28,331.8517034658252
2022-03-01,335.68841312273486
2022-03-02,324.21378620011336
2022-03-03,327.5160573150705
2022-03-04,333.1703598543172
2022-03-07,330.6281270367797
2022-03-08,327.30215332778823
2022-03-09,324.09498290945504
2022-03-10,319.4386363066091
2022-03-11,320.5076792879351
2022-03-14,313.02421252123224
2022-03-15,312.47778789060806
2022-03-16,315.54249389860394
2022-03-17,313.1904624743144
2022-03-18,317.01543488868384
2022-03-21,309.67434958360786
2022-03-22,305.70691275890107
2022-03-23,312.4065142110842
2022-03-24,309.9594857760588
2022-03-25,305.6595283080101
2022-03-28,308.2727237474071
2022-03-29,310.60103184048467
2022-03-30,313.02421252123224
2022-03-31,313.78445819042827
2022-04-01,314.97883667336686
2022-04-04,312.78982020244877
2022-04-05,305.72308775745466
2022-04-06,303.2486032992435
2022-04-07,300.9644446573462
2022-04-08,297.70470549371385
2022-04-11,292.9935920047397
2022-04-12,292.589113355012
2022-04-13,293.1840215069417
2022-04-14,287.3068979940306
2022-04-18,285.87935068578884
2022-04-19,283.7379053003604
2022-04-20,289.4483019051038
2022-04-21,287.3068979940306
2022-04-22,285.49861610445066
2022-04-25,288.353835144
2022-04-26,291.2566460062166
2022-04-27,287.52100935308926
2022-04-28,287.9493564942723
2022-04-29,284.21374057832253
2022-05-02,279.2873337111647
2022-05-03,281.17012427997923
2022-05-04,282.719315872215
2022-05-05,274.97335791103626
2022-05-06,270.92147929900875
2022-05-09,273.30494828458956
2022-05-10,275.7836423898602
2022-05-11,281.0987054402119
2022-05-12,280.5742829550561
2022-05-13,276.42715848616115
2022-05-16,276.1411513322496
2022-05-17,272.8043942908891
2022-05-18,278.61992838623075
2022-05-19,279.2873337111647
2022-05-20,282.4572186841141
2022-05-23,277.8095402215187
2022-05-24,283.29139239157104
2022-05-25,284.4116147272947
2022-05-26,283.12464474622567
2022-05-27,283.81579413954915
2022-05-31,277.8095402215187
2022-06-01,277.4919918204277
2022-06-02,277.6353064550479
2022-06-03,277.0383453225326
2022-06-06,271.9287462281666
2022-06-07,274.8656490104115
2022-06-08,272.43012970897234
2022-06-09,273.3375471278283
2022-06-10,271.6423243307024
2022-06-13,263.1183904134516
2022-06-14,259.79955029356586
2022-06-15,264.6464922960348
2022-06-16,266.7475831337899
2022-06-17,267.60724283255746
2022-06-21,263.0706326933633
2022-06-22,270.305170379762
2022-06-23,272.52572809785954
2022-06-24,268.7532207429011
2022-06-27,266.4611197619704
2022-06-28,267.7026960612012
2022-06-29,271.88096777090067
2022-06-30,274.2686878778962
2022-07-01,277.0844648055879
2022-07-05,279.2615781365448
2022-07-06,274.5724875302167
2022-07-07,272.15627454115366
2022-07-08,269.14189766327263
2022-07-11,273.78306465209135
2022-07-12,275.409854763029
2022-07-13,278.5677951216619
2022-07-14,276.29502119028496
2022-07-15,277.8500814037908
2022-07-18,274.95531656649575
2022-07-19,273.47198625042176
2022-07-20,274.18974144264814
2022-07-21,278.9266312434199
2022-07-22,283.6156803753927
2022-07-25,280.84050684150594
2022-07-26,281.05584169404494
2022-07-27,279.4768922519061
2022-07-28,281.7017633029513
2022-07-29,280.93622965345895
2022-08-01,287.70216933688937
2022-08-02,281.6145634710054
2022-08-03,286.04837942067377
2022-08-04,285.952532185655
2022-08-05,279.1459476340643
2022-08-08,283.6517215901185
2022-08-09,282.54922954127085
2022-08-10,280.7037036806624
2022-08-11,274.1607093939622
2022-08-12,276.94094279919136
2022-08-15,276.70126250011145
2022-08-16,277.8516574292909
2022-08-17,274.9516460860547
2022-08-18,275.35909015218397
2022-08-19,270.9251497794497
2022-08-22,270.01437293781726
2022-08-23,268.5284297373616
2022-08-24,266.5631259387461
2022-08-25,270.2780461514183
2022-08-26,272.31528721924195
2022-08-29,270.0623587668596
2022-08-30,270.73337236070165
2022-08-31,268.144895637043
2022-09-01,263.23565915296507
2022-09-02,264.7248166159539
2022-09-06,258.1679284202397
2022-09-07,262.2509542730717
2022-09-08,259.56105201361106
2022-09-09,260.13740039155937
2022-09-12,257.9997499096378
2022-09-13,258.60019488799537
2022-09-14,259.48884516109365
2022-09-15,259.32083254791274
2022-09-16,257.15918915146995
2022-09-19,257.75961339264995
2022-09-20,255.18977939168317
2022-09-21,259.4648729837501
2022-09-22,252.83590235858435
2022-09-23,253.8687382277635
2022-09-26,249.01710962314948
2022-09-27,242.4602629017906
2022-09-28,250.5782665668794
2022-09-29,249.28130126619132
2022-09-30,246.06295350911412
2022-10-03,249.97280319153455
2022-10-04,249.2745202091054
2022-10-05,246.89113417223513
2022-10-06,245.51883070520714
2022-10-07,243.1354239311592
2022-10-10,239.35557561531874
2022-10-11,240.4148928603349
2022-10-12,241.59456868433185
2022-10-13,239.28332728844603
2022-10-14,237.30914797780375
2022-10-17,236.15361022857138
2022-10-18,236.70731360854472
2022-10-19,232.39781703878495
2022-10-20,228.4254655029792
2022-10-21,224.30855510189525
2022-10-24,222.45483805612184
2022-10-25,228.93097568213392
2022-10-26,232.22936894487373
2022-10-27,234.6608444966745
2022-10-28,233.04792755757316
2022-10-31,231.38665152023214
2022-11-01,233.5491244037802
2022-11-02,232.53555337262196
2022-11-03,231.28053938228513
2022-11-04,227.39484851180683
2022-11-07,225.12613906724587
2022-11-08,227.58784942403528
2022-11-09,228.33612974173712
2022-11-10,237.12104103949665
2022-11-11,236.2521947710377
2022-11-14,235.6730053997537
2022-11-15,239.48624057158295
2022-11-16,244.72341478274592
2022-11-17,242.14097257777843
2022-11-18,240.47573573950953
2022-11-21,241.48934824502302
2022-11-22,244.91654011804016
2022-11-23,249.18829502450825
2022-11-25,248.34350388210336
2022-11-28,249.04344583874317
2022-11-29,246.12319501013738
2022-11-30,247.9332602969937
2022-12-01,255.85370087077482
2022-12-02,259.07119840356916
2022-12-05,255.44242042678354
2022-12-06,258.7325188184703
2022-12-07,264.82893798484815
2022-12-08,264.103095293345
2022-12-09,257.2326402346453
2022-12-12,258.0551803854502
2022-12-13,260.5469389126295
2022-12-14,261.6597373387607
2022-12-15,262.6806908051562
2022-12-16,259.7463386957601
2022-12-19,255.38132870147732
2022-12-20,250.8465434339149
2022-12-21,251.47699510830716
2022-12-22,251.42851158700168
2022-12-23,247.7424367884167
2022-12-27,242.84381773928683
2022-12-28,241.41309764286723
2022-12-29,244.15341198115323
2022-12-30,241.4372979291647
2023-01-03,246.0449329017512
2023-01-04,249.41565744007423
2023-01-05,250.45844715451707
2023-01-06,255.06604065274828
2023-01-09,256.4241391530978
2023-01-10,252.18027575054583
2023-01-11,256.27860564047086
2023-01-12,261.3226752535172
2023-01-13,258.87338646612983
2023-01-17,257.2001243401171
2023-01-18,263.43249644305564
2023-01-19,261.7834760776956
2023-01-20,257.5396334123212
2023-01-23,256.3270891617763
2023-01-24,260.01314322318365
2023-01-25,260.64369858346413
2023-01-26,259.4311543329192
2023-01-27,258.77644016069655
2023-01-30,257.8306174888647
2023-01-31,259.8919551570976
2023-02-01,263.01613539054426
2023-02-02,263.3564946870314
2023-02-03,259.41786180205656
2023-02-06,257.49710146099636
2023-02-07,255.43047581246708
2023-02-08,256.6461306396569
2023-02-09,254.21484172245488
2023-02-10,251.3702815922088
2023-02-13,253.48549444793176
2023-02-14,252.90199174370008
2023-02-15,250.5436354802326
2023-02-16,246.9938868874056
2023-02-17,248.9146887028211
2023-02-21,244.0764563149579
2023-02-22,246.31325124314193
2023-02-23,248.7201947138031
2023-02-24,245.48660513116576
2023-02-27,246.16734446131758
2023-02-28,247.2856797138767
2023-03-01,244.6291228360496
2023-03-02,242.45993110694846
2023-03-03,248.3337366714383
2023-03-06,246.40833120258833
2023-03-07,247.91942859951263
2023-03-08,248.16311117387562
2023-03-09,248.7724731386154
2023-03-10,257.3516301599023
2023-03-13,257.93658446656826
2023-03-14,253.6957072175954
2023-03-15,258.5946995359227
2023-03-16,256.57168417195516
2023-03-17,260.4226817442538
2023-03-20,258.1316176222047
2023-03-21,255.91371426284414
2023-03-22,259.32585094489986
2023-03-23,259.32585094489986
2023-03-24,260.4226817442538
2023-03-27,254.30500697080225
2023-03-28,254.76813035887554
2023-03-29,254.25637828925335
2023-03-30,255.42622469105237
2023-03-31,259.2527523937443
2023-04-03,260.4719740154869
2023-04-04,261.7669900214775
2023-04-05,264.5036960908554
2023-04-06,265.1879192668496
2023-04-10,260.91191323896675
2023-04-11,261.4494208832088
2023-04-12,261.18058411237723
2023-04-13,259.12810121899355
2023-04-14,256.75796623863056
2023-04-17,253.70369103098403
2023-04-18,254.60770755270818
2023-04-19,254.36340286301623
2023-04-20,256.5380277326571
2023-04-21,255.09644135515796
2023-04-24,257.56437286523715
2023-04-25,261.3516243534926
2023-04-26,258.5661651795
2023-04-27,256.0004786140598
2023-04-28,260.12989353325634
2023-05-01,252.62913196040776
2023-05-02,258.92469024359343
2023-05-03,260.3700093130665
2023-05-04,257.79791495973774
2023-05-05,256.9405363505097
2023-05-08,253.3396498776403
2023-05-09,252.4332071061331
2023-05-10,254.88284842554015
2023-05-11,257.5774580243235
2023-05-12,255.42172472350603
2023-05-15,252.77611707546902
2023-05-16,252.016721630556
2023-05-17,251.2819619526707
2023-05-18,249.42015740762056
2023-05-19,247.65652266148402
2023-05-22,246.77463270829406
2023-05-23,247.48500546528317
2023-05-24,246.26020554275726
2023-05-25,245.64777447572786
2023-05-26,247.63194910598915
2023-05-30,250.10612250653583
2023-05-31,252.2862842026047
2023-06-01,253.27606969101814
2023-06-02,250.50060583664452
2023-06-05,250.03391565401841
2023-06-06,251.50762391967083
2023-06-07,247.7743098304383
2023-06-08,250.67257925075333
2023-06-09,250.32875684560153
2023-06-12,251.0655902412501
2023-06-13,248.5848224182162
2023-06-14,250.57428502877386
2023-06-15,252.9813529225008
2023-06-16,251.99888765779178
2023-06-20,253.74269766211134
2023-06-21,254.35678770335136
2023-06-22,251.2865863432828
2023-06-23,253.79188624745632
2023-06-26,254.0620916720117
2023-06-27,253.39887525695954
2023-06-28,254.47955179493752
2023-06-29,249.88657800693744
2023-06-30,252.83397380106453
2023-07-03,251.400765243329
2023-07-05,249.01171795696496
2023-07-06,245.48994381676462
2023-07-07,244.01229548736202
2023-07-10,244.3324567728348
2023-07-11,245.58846614769806
2023-07-12,248.3222275378521
2023-07-13,250.93270640697915
2023-07-14,249.4550373403989
2023-07-17,249.57817470118243
2023-07-18,250.71110892679505
2023-07-19,253.5432682248167
2023-07-20,250.4647305193398
2023-07-21,250.53870003195598
2023-07-24,249.62744623523795
2023-07-25,249.15949108477628
2023-07-26,249.40574506916576
2023-07-27,244.55407499019648
2023-07-28,245.81008436505977
2023-07-31,246.40121835066026
2023-08-01,242.3634617566007
2023-08-02,239.77040211668518
2023-08-03,234.2385526113602
2023-08-04,238.38743974035395
2023-08-07,236.04131841168982
2023-08-08,238.7826488716798
2023-08-09,240.01734042793657
2023-08-10,236.06603712742807
2023-08-11,235.52274381062642
2023-08-14,235.00416920956306
2023-08-15,233.5718316132881
2023-08-16,231.74426414850973
2023-08-17,230.75646942914906
2023-08-18,231.5713990357627
2023-08-21,228.48446277334455
2023-08-22,230.23787409090804
2023-08-23,235.94254723462478
2023-08-24,234.3867612199018
2023-08-25,235.1523156065718
2023-08-28,235.3992331806455
2023-08-29,237.8440842120194
2023-08-30,237.5971666379457
2023-08-31,238.65913824169886
2023-09-01,234.94112818955938
2023-09-05,231.64677867645796
2023-09-06,232.21647042038614
2023-09-07,232.86048420895028
2023-09-08,233.75218284716058
2023-09-11,232.06782633111428
2023-09-12,233.40549871149548
2023-09-13,233.35585390824255
2023-09-14,231.6715388665515
2023-09-15,230.25962739024487
2023-09-18,231.57243589464434
2023-09-19,229.8633399256821
2023-09-20,230.5816550217046
2023-09-21,224.66172997415939
2023-09-22,226.46988744067352
2023-09-25,220.89672947750398
2023-09-26,220.12883178976153
2023-09-27,218.98942756472746
2023-09-28,219.6582222805628
2023-09-29,219.68298247065636
2023-10-02,216.00540991490084
2023-10-03,211.35883052271996
2023-10-04,214.34067076889517
2023-10-05,213.27216695418764
2023-10-06,210.68794135194372
2023-10-09,215.63270062130658
2023-10-10,215.33456221847987
2023-10-11,219.83206204065854
2023-10-12,213.86854744572923
2023-10-13,217.69515809713172
2023-10-16,214.19154972453768
2023-10-17,211.83095384588583
2023-10-18,209.96730369202638
2023-10-19,205.6686111918133
2023-10-20,206.83640461302667
2023-10-23,209.32129913440946
2023-10-24,212.07946818263733
2023-10-25,207.35821421380072
2023-10-26,210.5389032562968
2023-10-27,209.64436362475084
2023-10-30,208.7000340297085
2023-10-31,207.6812372297868
2023-11-01,212.1842946155711
2023-11-02,217.02142793301974
2023-11-03,218.4924611027575
2023-11-06,216.37312154868562
2023-11-07,219.56461466072835
2023-11-08,223.30462685833626
2023-11-09,218.16833901635687
2023-11-10,219.39004909941548
2023-11-13,218.8914236632349
2023-11-14,223.85322889261192
2023-11-15,220.71152574406548
2023-11-16,223.45432854366743
2023-11-17,224.5014315910579
2023-11-20,225.8727811479148
2023-11-21,225.7730975350339
2023-11-22,226.57091897010054
2023-11-24,223.9030395932859
2023-11-27,227.64309326524904
2023-11-28,228.09186652640042
2023-11-29,230.9592168148649
2023-11-30,228.29133743805028
2023-12-01,232.59098384843443
2023-12-04,231.6654836106827
2023-12-05,236.64298688352775
2023-12-06,239.79460240298266
2023-12-07,238.41891877600054
2023-12-08,236.4679236299517
2023-12-11,235.9677014310934
2023-12-12,236.66799591975294
2023-12-13,242.2207692373094
2023-12-14,248.52167771232433
2023-12-15,248.79766880943924
2023-12-18,246.81533978798726
2023-12-19,248.1452564639338
2023-12-20,249.8265024033352
2023-12-21,248.2456658780318
2023-12-22,247.11648508157072
2023-12-26,247.8190606597699
2023-12-27,252.21030318375816
2023-12-28,250.37852607192028
2023-12-29,248.1201644789981
2024-01-02,246.68987986330882
2024-01-03,247.71869272002718
2024-01-04,243.95472908225338
2024-01-05,241.6211122717018
2024-01-08,244.00491305212478
2024-01-09,242.44914777457942
2024-01-10,241.31996697811834
2024-01-11,242.6749963761782
2024-01-12,242.19818645086727
2024-01-16,237.93240385155747
2024-01-17,237.55604481469982
2024-01-18,235.34780498011614
2024-01-19,236.10064747689722
2024-01-22,237.50577789611796
2024-01-23,235.62385828876393
2024-01-24,234.24373690576837
2024-01-25,235.7743687240228
2024-01-26,235.3227337323581
2024-01-29,238.03277179130023
2024-01-30,240.19082765601252
2024-01-31,242.5495571886774
2024-02-01,247.30737080168063
2024-02-02,241.8446590465834
2024-02-05,236.96090855381618
2024-02-06,239.2769609749128
2024-02-07,238.1189347643645
2024-02-08,236.73437562535554
2024-02-09,236.25607262325502
2024-02-12,236.5329346818305
2024-02-13,232.47997773656607
2024-02-14,233.6631788807606
2024-02-15,234.87151348424607
2024-02-16,233.51217075323856
2024-02-20,233.71352874805305
2024-02-21,232.05208681329097
2024-02-22,233.18487587866014
2024-02-23,236.30644322772508
2024-02-26,235.60152434845344
2024-02-27,233.940103150869
2024-02-28,235.4252998129299
2024-02-29,237.08680395922494
2024-03-01,238.564141230963
2024-03-04,237.6045075988277
2024-03-05,240.98835877059227
2024-03-06,242.40250986208326
2024-03-07,242.17527186958304
2024-03-08,241.7459708182289
2024-03-11,241.6197021436228
2024-03-12,239.59952777299094
2024-03-13,238.43781034482402
2024-03-14,234.776246890201
2024-03-15,234.70039029442026
2024-03-18,233.99337696020766
2024-03-19,234.64993674123963
2024-03-20,234.574183831347
2024-03-21,235.07919631823856
2024-03-22,237.32671236725875
2024-03-25,236.13984074262322
2024-03-26,236.79640052365522
2024-03-27,239.1448858905695
2024-03-28,238.9429057804261
2024-04-01,234.48870518514462
2024-04-02,233.1966131212003
2024-04-03,233.1459107218881
2024-04-04,234.81807377748635
2024-04-05,231.54972868513647
2024-04-08,231.52436711689154
2024-04-09,233.6780266999457
2024-04-10,228.5853491425281
2024-04-11,227.54652022901308
2024-04-12,228.76269348564375
2024-04-15,225.21559925155378
2024-04-16,223.7207805390712
2024-04-17,226.2037257657566
2024-04-18,225.063616476683
2024-04-19,225.87441938494774
2024-04-22,225.49434839329385
2024-04-23,225.57028793778514
2024-04-24,223.9741266382111
2024-04-25,222.4032646953491
2024-04-26,223.5687770270228
2024-04-29,225.44366673115928
2024-04-30,223.51807462771066
2024-05-01,225.16562265345877
2024-05-02,226.1317470221931
2024-05-03,228.4200116252618
2024-05-06,229.30994760337327
2024-05-07,230.70831770268566
2024-05-08,229.30994760337327
2024-05-09,230.42859391359687
2024-05-10,229.131960407751
2024-05-13,229.71676955417348
2024-05-14,231.01338232284178
2024-05-15,234.1661798614217
2024-05-16,233.93730363188854
2024-05-17,232.3609878113091
2024-05-20,231.67450428295297
2024-05-21,232.86940119533241
2024-05-22,233.14912498442118
2024-05-23,231.64905976599752
2024-05-24,232.33552255717603
2024-05-28,229.0048829832172
2024-05-29,226.23350435283726
2024-05-30,228.4200116252618
2024-05-31,229.9709658775963
2024-06-03,233.69063490394643
2024-06-04,236.42039401881735
2024-06-05,238.1552870367548
2024-06-06,237.79808915202983
2024-06-07,233.43548467035248
2024-06-10,231.87928391207686
2024-06-11,234.27741408224406
2024-06-12,236.03766866842642
2024-06-13,239.5073717555908
2024-06-14,241.5228595240776
2024-06-17,239.1247086167328
2024-06-18,241.31876422181563
2024-06-20,239.71150853220803
2024-06-21,239.71150853220803
2024-06-24,240.68095084936368
2024-06-25,241.0891414538877
2024-06-26,237.64502804392217
2024-06-27,238.5889428954118
2024-06-28,234.14985970262472
2024-07-01,230.10870221143338
2024-07-02,231.9002491986636
2024-07-03,234.945835528882
2024-07-05,236.8909205793055
2024-07-08,237.40281780917113
2024-07-09,236.35349588377395
2024-07-10,237.09561725971886
2024-07-11,239.39906147681472
2024-07-12,240.42277298783534
2024-07-15,237.6587145811598
2024-07-16,241.01145998647522
2024-07-17,241.0625978665177
2024-07-18,239.2198715248897
2024-07-19,237.81223190717543
2024-07-22,237.1212069369177
2024-07-23,236.78845818462185
2024-07-24,234.22917940707015
2024-07-25,236.14865404311715
2024-07-26,237.99142185910043
2024-07-29,239.27105087928743
2024-07-30,240.19242441869025
2024-07-31,242.64934448744643
2024-08-01,244.7421819285036
2024-08-02,252.36869374651744
2024-08-05,253.7039813514709
2024-08-06,248.0289831089467
2024-08-07,246.28291275226516
2024-08-08,244.76787529159063
2024-08-09,247.18164129369296
2024-08-12,248.08041130947603
2024-08-13,249.80087125178105
2024-08-14,251.36721248991915
2024-08-15,249.33863956234603
2024-08-16,250.2116747406868
2024-08-19,251.36721248991915
2024-08-20,253.37017500311578
2024-08-21,253.52425223292744
2024-08-22,251.0077335156546
2024-08-23,252.65117558023144
2024-08-26,252.00919403507527
2024-08-27,251.57265570872727
2024-08-28,251.26452198628152
2024-08-29,250.44281132258192
2024-08-30,247.77225684985268
2024-09-03,251.82461241696578
2024-09-04,255.07068578053804
2024-09-05,256.51332975409645
2024-09-06,256.48757417947655
2024-09-09,257.5953334714429
2024-09-10,259.39870064992385
2024-09-11,259.1925938414315
2024-09-12,257.9818122509854
2024-09-13,258.67735792596704
2024-09-16,261.04747216915234
2024-09-17,259.78507574357815
2024-09-18,256.5648201661587
2024-09-19,255.7146995691022
2024-09-20,254.7357388874131
2024-09-23,254.1947681345063
2024-09-24,254.14321551091118
2024-09-25,252.03071922545809
2024-09-26,252.6232011276048
2024-09-27,253.93706722806354
2024-09-30,252.7262856376174
2024-10-01,254.5509706347049
2024-10-02,252.40583403165778
2024-10-03,250.02804703274836
2024-10-04,246.95243326931768
2024-10-07,245.09160337161623
2024-10-08,245.50514416796946
2024-10-09,244.1094491645717
2024-10-10,243.1531749552129
2024-10-11,242.17104148534597
2024-10-14,242.35193188583688
2024-10-15,245.29833229543758
2024-10-16,246.33216354914308
2024-10-17,242.42946819300587
2024-10-18,242.61042080502966
2024-10-21,238.37178317124116
2024-10-22,238.60437135557063
2024-10-23,237.95824237488796
2024-10-24,239.48317146929332
2024-10-25,238.13917424973408
2024-10-28,237.49306600622901
2024-10-29,237.8548675443884
2024-10-30,238.5526943089097
2024-10-31,238.94035510757723
2024-11-01,235.5717457613727
2024-11-04,239.2282908190086
2024-11-05,240.49894064128063
2024-11-06,233.91206648670945
2024-11-07,236.8424785323553
2024-11-08,239.8505927825912
2024-11-11,238.6836910600161
2024-11-12,235.10495189285848
2024-11-13,232.874730649984
2024-11-14,234.22322783708958
2024-11-15,233.60088439915168
2024-11-18,234.01579384922871
2024-11-19,235.20867925537772
2024-11-20,234.4566040341691
2024-11-21,234.27509151834917
2024-11-22,234.40476109008705
2024-11-25,240.47297769488435
2024-11-26,239.5394521693887
2024-11-27,241.19911070687442
2024-11-29,243.68860888169172
2024-12-02,244.27414382933134
2024-12-03,242.1663134088457
2024-12-04,244.76862182998542
2024-12-05,245.26301688192893
2024-12-06,245.62734835575958
2024-12-09,243.36334625052126
2024-12-10,242.21834298752637
2024-12-11,239.9283364615366
2024-12-12,237.01387130549034
2024-12-13,234.59373898985473
2024-12-16,235.2963767795868
2024-12-17,235.86888877967306
2024-12-18,232.91946074213797
2024-12-19,229.39279262801628
2024-12-20,230.69896523557333
2024-12-23,228.58294362992265
2024-12-24,229.549524216565
2024-12-26,229.41885926030074
2024-12-27,227.5379765118284
2024-12-30,229.36666378419898
2024-12-31,228.1388362337387
2025-01-02,228.7658247994663
2025-01-03,228.03436233282466
2025-01-06,227.01548258419245
2025-01-07,224.45537431953545
2025-01-08,224.74275012717072
2025-01-10,223.2536756128925
2025-01-13,223.1752890814405
2025-01-14,222.8095889538861
2025-01-15,226.6497617194604
2025-01-16,227.38124492327972
2025-01-17,227.77311536900666
2025-01-21,229.81075044320534
2025-01-22,228.60909321091762
2025-01-23,226.83264288900403
2025-01-24,227.85150190045863
2025-01-27,230.54223364702463
2025-01-28,230.3854605841207
2025-01-29,229.915245081297
2025-01-30,230.77733102984763
2025-01-31,229.26216914610734
2025-02-03,231.12878471636827
2025-02-04,231.83664827486382
2025-02-05,235.6643579966808
2025-02-06,235.5594693522141
2025-02-07,234.03887432793397
2025-02-10,233.33101076943845
2025-02-11,231.83664827486382
2025-02-12,228.69065253054742
2025-02-13,232.49206751112604
2025-02-14,233.72429134324446
2025-02-18,230.97149322402353
2025-02-19,231.25988515336283
2025-02-20,232.12504020420312
2025-02-21,234.9302619084798
2025-02-24,235.61189293726983
2025-02-25,239.6755087918375
2025-02-26,241.09127738318384
2025-02-27,239.38715833685347
2025-02-28,242.3234390037694
2025-03-03,243.454340985974
2025-03-04,240.45615984382417
2025-03-05,238.53633267575742
2025-03-06,237.74732454118475
2025-03-07,236.98467335938335
2025-03-10,239.45681451652203
2025-03-11,237.74732454118475
2025-03-12,236.3271804053579
2025-03-13,238.40483823238787
2025-03-14,237.14244180681368
2025-03-17,238.32593327149505
2025-03-18,238.5626274169958
2025-03-19,239.79870836415395
2025-03-20,239.95647681158428
2025-03-21,238.53633267575742
2025-03-24,236.09046552267952
2025-03-25,236.0641915186188
2025-03-26,234.51251146506706
2025-03-27,233.82874450698088
2025-03-28,237.06357832027618
2025-03-31,239.40420429686765
2025-04-01,241.4787722844303
2025-04-02,241.32042319602624
2025-04-03,242.4289705007427
2025-04-04,245.06839846984514
2025-04-07,237.6780416307136
2025-04-08,233.19105555759472
2025-04-09,234.563566396399
2025-04-10,228.09700934645335
2025-04-11,229.3375280496249
2025-04-14,230.9740024225171
2025-04-15,231.79214629166384
2025-04-16,233.08546184908852
2025-04-17,231.02675780241492
2025-04-21,226.98846204173688
2025-04-22,228.25537917203502
2025-04-23,230.4724945186455
2025-04-24,232.90077654509082
2025-04-25,234.6163632506521
2025-04-28,236.09440558642976
2025-04-29,238.07395582607893
2025-04-30,236.14722317786047
2025-05-01,234.94981706698752
2025-05-02,232.40667181363418
2025-05-05,231.10858670535396
2025-05-06,231.8768369251162
2025-05-07,232.8570211002856
2025-05-08,230.2608508837252
2025-05-09,230.6052539298507
2025-05-12,228.45947447429697
2025-05-13,227.53227378797936
2025-05-14,226.02227546146958
2025-05-15,228.00912518764554
2025-05-16,228.6184249408524
2025-05-19,227.95614169879372
2025-05-20,226.31371575592092
2025-05-21,222.44602475562792
2025-05-22,223.61159929883456
2025-05-23,223.98248372079715
2025-05-27,227.10840587716498
2025-05-28,226.12826317635083
2025-05-29,228.22107988023035
2025-05-30,228.56544145200058
2025-06-02,226.43826324478354
2025-06-03,226.03940437019426
2025-06-04,229.70878574078486
2025-06-05,229.86831684831398
2025-06-06,226.94342089191846
2025-06-09,227.1827693961562
2025-06-10,228.3526987466657
2025-06-11,229.0440347745879
2025-06-12,231.78279382455145
2025-06-13,229.54925463325577
2025-06-16,227.2359395196067
2025-06-17,230.00126289411784
2025-06-18,230.40012176870707
2025-06-20,229.97467783239262
2025-06-23,230.71918398376528
2025-06-24,232.39435393012027
2025-06-25,232.68685182063086
2025-06-26,233.85678117114043
2025-06-27,232.36778960557265
2025-06-30,234.65447818314124
2025-07-01,235.2363011759846
2025-07-02,233.74171057245601
2025-07-03,232.11371770521563
2025-07-07,229.89851017894733
2025-07-08,229.60495469237742
2025-07-09,232.00692124040674
2025-07-10,232.1670744632648
2025-07-11,228.96438327530032
2025-07-14,228.483985818259
2025-07-15,226.88266096145435
2025-07-16,227.20292593281525
2025-07-17,227.14956917476607
2025-07-18,227.4965228937404
2025-07-21,229.5248677123596
2025-07-22,230.9126825882569
2025-07-23,229.63162270281322
2025-07-24,229.23129148861204
2025-07-25,230.67250459691385
2025-07-28,229.17791399338526
2025-07-29,233.04782387168495
2025-07-30,231.8468094919039
2025-07-31,231.9802324927933
2025-08-01,235.2782110119805
2025-08-04,235.921187941663
2025-08-05,236.64454217185025
2025-08-06,235.2782110119805
2025-08-07,234.87634524663451
2025-08-08,233.85829498510762
2025-08-11,234.12617784576807
2025-08-12,232.94739372040937
2025-08-13,234.87634524663451
2025-08-14,233.13492001774273
2025-08-15,231.47389282653333
2025-08-18,230.80412346334919
2025-08-19,232.14368292689502
2025-08-20,232.65267695189203
2025-08-21,231.50070599721252
2025-08-22,233.21531805542512
2025-08-25,232.54554869224097
2025-08-26,232.41158652473314
2025-08-27,232.14368292689502
2025-08-28,233.67074795059656
2025-08-29,232.00972075938716
2025-09-02,230.28318482403574
2025-09-03,232.81112972618425
2025-09-04,234.58606623413064
2025-09-05,238.16277315788022
2025-09-08,241.3361419766719
2025-09-09,239.96460578521632
2025-09-10,241.3361419766719
2025-09-11,242.9497225054575
2025-09-12,241.9008775351459
2025-09-15,242.46565456797512
2025-09-16,242.97659788766964
2025-09-17,242.35807009041616
2025-09-18,239.85704204483503
2025-09-19,239.39984948956473
2025-09-22,238.5392773549813
2025-09-23,240.20662938536873
2025-09-24,239.29230648636107
2025-09-25,239.29230648636107
2025-09-26,239.0771582684208
2025-09-29,241.04030540056246
2025-09-30,240.34113071949506
2025-10-01,240.96179444604468
2025-10-02,241.663457588428
2025-10-03,241.20466827048
2025-10-06,239.28863600592004
2025-10-07,240.66496248540878
2025-10-08,240.85385743646594
2025-10-09,240.66496248540878
2025-10-10,244.55100588790683
2025-10-13,244.4160483358726
2025-10-14,245.1986694197344
2025-10-15,244.65894289748556
2025-10-16,246.49399648338942
2025-10-17,246.1161858440975
2025-10-20,247.06074354809377
2025-10-21,248.27511267027037
2025-10-22,248.43702855322726
2025-10-23,246.73689104500238
2025-10-24,246.84484879175872
2025-10-27,247.681428011821
2025-10-28,248.32909154364856
2025-10-29,245.81935388346162
2025-10-30,244.38906926777233
2025-10-31,243.6604477944664
2025-11-03,243.05104435537137
2025-11-04,243.5927409094953
2025-11-05,240.938506595563
2025-11-06,243.10523060052586
2025-11-07,242.59063753756797
2025-11-10,242.53647202959115
2025-11-11,243.64690641747214
2025-11-12,244.08025121846472
2025-11-13,242.0760237374325
2025-11-14,240.69476180966714
2025-11-17,241.29060313459027
2025-11-18,241.20935487262497
2025-11-19,240.72184456365557
2025-11-20,241.66978242760598
2025-11-21,242.4010375224713
2025-11-24,243.7823201874143
2025-11-25,244.4052442663259
2025-11-26,245.48861663739615
