Date,Total Return Index,Beta Raw,Volatility 30D
1945-01-01,100.0,,
1945-01-02,99.49951124144673,,
1945-01-03,98.99902248289347,,
1945-01-04,98.49853372434019,,
1945-01-05,97.99804496578689,,
1945-01-08,96.49657869012708,,
1945-01-09,95.9960899315738,,
1945-01-10,95.49560117302053,,
1945-01-11,94.99511241446726,,
1945-01-12,94.49462365591398,,
1945-01-15,92.99315738025416,,
1945-01-16,92.49266862170089,,
1945-01-17,91.99217986314761,,
1945-01-18,91.49169110459432,,
1945-01-19,90.99120234604105,,
1945-01-22,89.48973607038123,,
1945-01-23,88.98924731182795,,
1945-01-24,88.48875855327466,,
1945-01-25,87.9882697947214,,
1945-01-26,87.48778103616813,,
1945-01-29,85.98631476050831,,
1945-01-30,85.48582600195503,,
1945-01-31,84.98533724340174,,
1945-02-01,84.48484848484848,,
1945-02-02,84.48268398268398,,
1945-02-05,84.47619047619047,,
1945-02-06,84.47402597402596,,
1945-02-07,84.47186147186146,,
1945-02-08,84.46969696969697,,
1945-02-09,84.46753246753246,,
1945-02-12,84.46103896103895,,
1945-02-13,84.45887445887446,,
1945-02-14,84.45670995670996,,
1945-02-15,84.45454545454545,,
1945-02-16,84.45238095238095,,
1945-02-19,84.44588744588745,,
1945-02-20,84.44372294372295,,
1945-02-21,84.44155844155844,,
1945-02-22,84.43939393939394,,
1945-02-23,84.43722943722943,,
1945-02-26,84.43073593073593,,
1945-02-27,84.42857142857143,,
1945-02-28,84.42640692640691,,
1945-03-01,84.42424242424242,,
1945-03-02,84.49266862170089,,
1945-03-05,84.69794721407624,,
1945-03-06,84.7663734115347,,
1945-03-07,84.83479960899317,,
1945-03-08,84.90322580645162,,
1945-03-09,84.97165200391007,,
1945-03-12,85.17693059628544,,
1945-03-13,85.24535679374388,,
1945-03-14,85.31378299120234,,
1945-03-15,85.3822091886608,,
1945-03-16,85.45063538611926,,
1945-03-19,85.65591397849462,,
1945-03-20,85.72434017595309,,
1945-03-21,85.79276637341152,,
1945-03-22,85.86119257086999,,
1945-03-23,85.92961876832844,,
1945-03-26,86.1348973607038,,
1945-03-27,86.20332355816225,,
1945-03-28,86.27174975562072,,
1945-03-29,86.34017595307918,,
1945-03-30,86.40860215053763,,
1945-04-02,86.65454545454546,,
1945-04-03,86.76363636363635,,
1945-04-04,86.87272727272727,,
1945-04-05,86.98181818181818,,
1945-04-06,87.09090909090908,,
1945-04-09,87.41818181818182,,
1945-04-10,87.52727272727273,,
1945-04-11,87.63636363636364,,
1945-04-12,87.74545454545455,,
1945-04-13,87.85454545454544,,
1945-04-16,88.18181818181819,,
1945-04-17,88.29090909090908,,
1945-04-18,88.4,,
1945-04-19,88.5090909090909,,
1945-04-20,88.61818181818182,,
1945-04-23,88.94545454545455,,
1945-04-24,89.05454545454546,,
1945-04-25,89.16363636363637,,
1945-04-26,89.27272727272727,,
1945-04-27,89.38181818181818,,
1945-04-30,89.7090909090909,,
1945-05-01,89.81818181818181,,
1945-05-02,89.87096774193549,,
1945-05-03,89.92375366568915,,
1945-05-04,89.97653958944282,,
1945-05-07,90.13489736070382,,
1945-05-08,90.18768328445748,,
1945-05-09,90.24046920821115,,
1945-05-10,90.29325513196481,,
1945-05-11,90.34604105571849,,
1945-05-14,90.50439882697947,,
1945-05-15,90.55718475073313,,
1945-05-16,90.6099706744868,,
1945-05-17,90.66275659824046,,
1945-05-18,90.71554252199414,,
1945-05-21,90.87390029325513,,
1945-05-22,90.9266862170088,,
1945-05-23,90.97947214076247,,
1945-05-24,91.03225806451613,,
1945-05-25,91.0850439882698,,
1945-05-28,91.24340175953078,,
1945-05-29,91.29618768328446,,
1945-05-30,91.34897360703812,,
1945-05-31,91.4017595307918,,
1945-06-01,91.45454545454545,,
1945-06-04,91.26666666666667,,
1945-06-05,91.2040404040404,,
1945-06-06,91.14141414141413,,
1945-06-07,91.07878787878788,,
1945-06-08,91.01616161616161,,
1945-06-11,90.82828282828282,,
1945-06-12,90.76565656565656,,
1945-06-13,90.7030303030303,,
1945-06-14,90.64040404040404,,
1945-06-15,90.57777777777777,,
1945-06-18,90.38989898989898,,
1945-06-19,90.32727272727273,,
1945-06-20,90.26464646464646,,
1945-06-21,90.2020202020202,,
1945-06-22,90.13939393939393,,
1945-06-25,89.95151515151515,,
1945-06-26,89.88888888888889,,
1945-06-27,89.82626262626263,,
1945-06-28,89.76363636363637,,
1945-06-29,89.7010101010101,,
1945-07-02,89.58553274682308,,
1945-07-03,89.59530791788856,,
1945-07-04,89.60508308895406,,
1945-07-05,89.61485826001955,,
1945-07-06,89.62463343108504,,
1945-07-09,89.65395894428153,,
1945-07-10,89.66373411534701,,
1945-07-11,89.6735092864125,,
1945-07-12,89.683284457478,,
1945-07-13,89.6930596285435,,
1945-07-16,89.72238514173998,,
1945-07-17,89.73216031280546,,
1945-07-18,89.74193548387096,,
1945-07-19,89.75171065493646,,
1945-07-20,89.76148582600196,,
1945-07-23,89.79081133919843,,
1945-07-24,89.80058651026393,,
1945-07-25,89.81036168132943,,
1945-07-26,89.82013685239491,,
1945-07-27,89.82991202346041,,
1945-07-30,89.85923753665689,,
1945-07-31,89.86901270772239,,
1945-08-01,89.87878787878788,,
1945-08-02,90.07624633431085,,
1945-08-03,90.27370478983381,,
1945-08-06,90.86608015640273,,
1945-08-07,91.06353861192571,,
1945-08-08,91.26099706744868,,
1945-08-09,91.45845552297165,,
1945-08-10,91.65591397849462,,
1945-08-13,92.24828934506354,,
1945-08-14,92.4457478005865,,
1945-08-15,92.64320625610948,,
1945-08-16,92.84066471163244,,
1945-08-17,93.03812316715543,,
1945-08-20,93.63049853372434,,
1945-08-21,93.82795698924731,,
1945-08-22,94.02541544477027,,
1945-08-23,94.22287390029325,,
1945-08-24,94.42033235581623,,
1945-08-27,95.01270772238514,,
1945-08-28,95.2101661779081,,
1945-08-29,95.40762463343108,,
1945-08-30,95.60508308895406,,
1945-08-31,95.80254154447702,,
1945-09-03,96.23845007451564,,
1945-09-04,96.35767511177346,,
1945-09-05,96.4769001490313,,
1945-09-06,96.59612518628913,,
1945-09-07,96.71535022354695,,
1945-09-10,97.07302533532042,,
1945-09-11,97.19225037257824,,
1945-09-12,97.31147540983606,,
1945-09-13,97.43070044709388,,
1945-09-14,97.54992548435172,,
1945-09-17,97.90760059612519,,
1945-09-18,98.02682563338301,,
1945-09-19,98.14605067064083,,
1945-09-20,98.26527570789865,,
1945-09-21,98.38450074515647,,
1945-09-24,98.74217585692996,,
1945-09-25,98.8614008941878,,
1945-09-26,98.98062593144562,,
1945-09-27,99.09985096870344,,
1945-09-28,99.21907600596126,,
1945-10-01,99.57675111773472,,
1945-10-02,99.69597615499255,,
1945-10-03,99.81520119225037,,
1945-10-04,99.93442622950819,,
1945-10-05,100.05365126676602,,
1945-10-08,100.41132637853948,,
1945-10-09,100.53055141579732,,
1945-10-10,100.64977645305515,,
1945-10-11,100.76900149031296,,
1945-10-12,100.8882265275708,,
1945-10-15,101.24590163934425,,
1945-10-16,101.36512667660209,,
1945-10-17,101.4843517138599,,
1945-10-18,101.60357675111773,,
1945-10-19,101.72280178837556,,
1945-10-22,102.08047690014901,,
1945-10-23,102.19970193740684,,
1945-10-24,102.31892697466466,,
1945-10-25,102.4381520119225,,
1945-10-26,102.55737704918033,,
1945-10-29,102.9150521609538,,
1945-10-30,103.03427719821163,,
1945-10-31,103.15350223546945,,
1945-11-01,103.27272727272727,,
1945-11-02,103.33131313131314,,
1945-11-05,103.50707070707071,,
1945-11-06,103.56565656565655,,
1945-11-07,103.62424242424242,,
1945-11-08,103.68282828282828,,
1945-11-09,103.74141414141414,,
1945-11-12,103.9171717171717,,
1945-11-13,103.97575757575757,,
1945-11-14,104.03434343434344,,
1945-11-15,104.09292929292928,,
1945-11-16,104.15151515151516,,
1945-11-19,104.32727272727271,,
1945-11-20,104.38585858585859,,
1945-11-21,104.44444444444443,,
1945-11-22,104.5030303030303,,
1945-11-23,104.56161616161617,,
1945-11-26,104.73737373737373,,
1945-11-27,104.79595959595957,,
1945-11-28,104.85454545454544,,
1945-11-29,104.91313131313132,,
1945-11-30,104.97171717171716,,
1945-12-03,105.30009775171064,,
1945-12-04,105.43499511241446,,
1945-12-05,105.56989247311827,,
1945-12-06,105.7047898338221,,
1945-12-07,105.8396871945259,,
1945-12-10,106.24437927663732,,
1945-12-11,106.37927663734115,,
1945-12-12,106.51417399804497,,
1945-12-13,106.64907135874877,,
1945-12-14,106.78396871945257,,
1945-12-17,107.18866080156401,,
1945-12-18,107.32355816226784,,
1945-12-19,107.45845552297165,,
1945-12-20,107.59335288367544,,
1945-12-21,107.72825024437927,,
1945-12-24,108.1329423264907,,
1945-12-25,108.26783968719451,,
1945-12-26,108.40273704789834,,
1945-12-27,108.53763440860213,,
1945-12-28,108.67253176930596,,
1945-12-31,109.07722385141739,,
1946-01-01,109.2121212121212,,
1946-01-02,109.22189638318669,,
1946-01-03,109.2316715542522,,
1946-01-04,109.24144672531769,,
1946-01-07,109.27077223851418,,
1946-01-08,109.28054740957967,,
1946-01-09,109.29032258064515,,
1946-01-10,109.30009775171065,,
1946-01-11,109.30987292277614,,
1946-01-14,109.33919843597262,,
1946-01-15,109.34897360703812,,
1946-01-16,109.3587487781036,,
1946-01-17,109.36852394916912,,
1946-01-18,109.3782991202346,,
1946-01-21,109.40762463343108,,
1946-01-22,109.41739980449658,,
1946-01-23,109.42717497556207,,
1946-01-24,109.43695014662758,,
1946-01-25,109.44672531769307,,
1946-01-28,109.47605083088953,,
1946-01-29,109.48582600195505,,
1946-01-30,109.49560117302053,,
1946-01-31,109.50537634408603,,
1946-02-01,109.51515151515152,,
1946-02-04,109.16450216450218,,
1946-02-05,109.04761904761907,,
1946-02-06,108.93073593073592,,
1946-02-07,108.8138528138528,,
1946-02-08,108.69696969696972,,
1946-02-11,108.34632034632034,,
1946-02-12,108.22943722943722,,
1946-02-13,108.11255411255412,,
1946-02-14,107.995670995671,,
1946-02-15,107.87878787878789,,
1946-02-18,107.52813852813854,,
1946-02-19,107.41125541125542,,
1946-02-20,107.29437229437231,,
1946-02-21,107.17748917748918,,
1946-02-22,107.06060606060608,,
1946-02-25,106.70995670995671,,
1946-02-26,106.5930735930736,,
1946-02-27,106.4761904761905,,
1946-02-28,106.35930735930737,,
1946-03-01,106.24242424242425,,
1946-03-04,106.90518084066471,,
1946-03-05,107.12609970674487,,
1946-03-06,107.34701857282505,,
1946-03-07,107.56793743890518,,
1946-03-08,107.78885630498533,,
1946-03-11,108.45161290322581,,
1946-03-12,108.67253176930598,,
1946-03-13,108.89345063538613,,
1946-03-14,109.11436950146627,,
1946-03-15,109.33528836754644,,
1946-03-18,109.99804496578689,,
1946-03-19,110.21896383186707,,
1946-03-20,110.43988269794723,,
1946-03-21,110.66080156402735,,
1946-03-22,110.88172043010753,,
1946-03-25,111.544477028348,,
1946-03-26,111.76539589442815,,
1946-03-27,111.98631476050831,,
1946-03-28,112.20723362658846,,
1946-03-29,112.42815249266862,,
1946-04-01,113.0909090909091,,
1946-04-02,113.0989898989899,,
1946-04-03,113.1070707070707,,
1946-04-04,113.11515151515152,,
1946-04-05,113.12323232323232,,
1946-04-08,113.14747474747475,,
1946-04-09,113.15555555555554,,
1946-04-10,113.16363636363637,,
1946-04-11,113.17171717171716,,
1946-04-12,113.17979797979798,,
1946-04-15,113.2040404040404,,
1946-04-16,113.2121212121212,,
1946-04-17,113.22020202020202,,
1946-04-18,113.22828282828283,,
1946-04-19,113.23636363636365,,
1946-04-22,113.26060606060607,,
1946-04-23,113.26868686868687,,
1946-04-24,113.27676767676766,,
1946-04-25,113.28484848484848,,
1946-04-26,113.29292929292929,,
1946-04-29,113.3171717171717,,
1946-04-30,113.32525252525252,,
1946-05-01,113.33333333333333,,
1946-05-02,113.30987292277615,,
1946-05-03,113.28641251221896,,
1946-05-06,113.2160312805474,,
1946-05-07,113.19257086999022,,
1946-05-08,113.16911045943303,,
1946-05-09,113.14565004887585,,
1946-05-10,113.12218963831866,,
1946-05-13,113.0518084066471,,
1946-05-14,113.02834799608992,,
1946-05-15,113.00488758553273,,
1946-05-16,112.98142717497555,,
1946-05-17,112.95796676441836,,
1946-05-20,112.88758553274683,,
1946-05-21,112.86412512218963,,
1946-05-22,112.84066471163246,,
1946-05-23,112.81720430107526,,
1946-05-24,112.79374389051809,,
1946-05-27,112.72336265884653,,
1946-05-28,112.69990224828933,,
1946-05-29,112.67644183773216,,
1946-05-30,112.65298142717496,,
1946-05-31,112.62952101661779,,
1946-06-03,112.39191919191917,,
1946-06-04,112.28484848484848,,
1946-06-05,112.17777777777775,,
1946-06-06,112.07070707070706,,
1946-06-07,111.96363636363635,,
1946-06-10,111.64242424242423,,
1946-06-11,111.53535353535354,,
1946-06-12,111.42828282828283,,
1946-06-13,111.32121212121211,,
1946-06-14,111.21414141414141,,
1946-06-17,110.89292929292931,,
1946-06-18,110.78585858585859,,
1946-06-19,110.67878787878789,,
1946-06-20,110.57171717171717,,
1946-06-21,110.46464646464646,,
1946-06-24,110.14343434343434,,
1946-06-25,110.03636363636362,,
1946-06-26,109.92929292929293,,
1946-06-27,109.82222222222224,,
1946-06-28,109.71515151515152,,
1946-07-01,109.3939393939394,,
1946-07-02,109.32551319648094,,
1946-07-03,109.25708699902248,,
1946-07-04,109.18866080156403,,
1946-07-05,109.12023460410556,,
1946-07-08,108.91495601173023,,
1946-07-09,108.84652981427176,,
1946-07-10,108.7781036168133,,
1946-07-11,108.70967741935485,,
1946-07-12,108.64125122189638,,
1946-07-15,108.435972629521,,
1946-07-16,108.36754643206254,,
1946-07-17,108.2991202346041,,
1946-07-18,108.23069403714565,,
1946-07-19,108.1622678396872,,
1946-07-22,107.95698924731182,,
1946-07-23,107.88856304985337,,
1946-07-24,107.82013685239491,,
1946-07-25,107.75171065493645,,
1946-07-26,107.683284457478,,
1946-07-29,107.47800586510263,,
1946-07-30,107.4095796676442,,
1946-07-31,107.34115347018573,,
1946-08-01,107.27272727272728,,
1946-08-02,106.76246334310848,,
1946-08-05,105.23167155425219,,
1946-08-06,104.72140762463343,,
1946-08-07,104.21114369501467,,
1946-08-08,103.70087976539588,,
1946-08-09,103.19061583577714,,
1946-08-12,101.65982404692082,,
1946-08-13,101.14956011730204,,
1946-08-14,100.63929618768329,,
1946-08-15,100.12903225806451,,
1946-08-16,99.61876832844575,,
1946-08-19,98.08797653958943,,
1946-08-20,97.57771260997067,,
1946-08-21,97.0674486803519,,
1946-08-22,96.55718475073314,,
1946-08-23,96.04692082111437,,
1946-08-26,94.51612903225806,,
1946-08-27,94.00586510263929,,
1946-08-28,93.49560117302053,,
1946-08-29,92.98533724340176,,
1946-08-30,92.47507331378299,,
1946-09-02,91.4148037754595,,
1946-09-03,91.37506209637357,,
1946-09-04,91.33532041728763,,
1946-09-05,91.29557873820168,,
1946-09-06,91.25583705911575,,
1946-09-09,91.13661202185793,,
1946-09-10,91.09687034277198,,
1946-09-11,91.05712866368604,,
1946-09-12,91.0173869846001,,
1946-09-13,90.97764530551416,,
1946-09-16,90.85842026825634,,
1946-09-17,90.81867858917039,,
1946-09-18,90.77893691008445,,
1946-09-19,90.7391952309985,,
1946-09-20,90.69945355191257,,
1946-09-23,90.58022851465475,,
1946-09-24,90.5404868355688,,
1946-09-25,90.50074515648286,,
1946-09-26,90.46100347739691,,
1946-09-27,90.42126179831098,,
1946-09-30,90.30203676105316,,
1946-10-01,90.26229508196721,,
1946-10-02,90.22255340288126,,
1946-10-03,90.18281172379533,,
1946-10-04,90.14307004470939,,
1946-10-07,90.02384500745157,,
1946-10-08,89.98410332836562,,
1946-10-09,89.94436164927968,,
1946-10-10,89.90461997019374,,
1946-10-11,89.8648782911078,,
1946-10-14,89.74565325384998,,
1946-10-15,89.70591157476403,,
1946-10-16,89.6661698956781,,
1946-10-17,89.62642821659215,,
1946-10-18,89.58668653750621,,
1946-10-21,89.46746150024839,,
1946-10-22,89.42771982116244,,
1946-10-23,89.38797814207649,,
1946-10-24,89.34823646299054,,
1946-10-25,89.3084947839046,,
1946-10-28,89.18926974664679,,
1946-10-29,89.14952806756085,,
1946-10-30,89.10978638847492,,
1946-10-31,89.07004470938898,,
1946-11-01,89.03030303030303,,
1946-11-04,89.2969696969697,,
1946-11-05,89.38585858585859,,
1946-11-06,89.47474747474747,,
1946-11-07,89.56363636363636,,
1946-11-08,89.65252525252527,,
1946-11-11,89.91919191919192,,
1946-11-12,90.0080808080808,,
1946-11-13,90.0969696969697,,
1946-11-14,90.18585858585858,,
1946-11-15,90.27474747474747,,
1946-11-18,90.54141414141415,,
1946-11-19,90.63030303030304,,
1946-11-20,90.71919191919193,,
1946-11-21,90.80808080808082,,
1946-11-22,90.8969696969697,,
1946-11-25,91.16363636363636,,
1946-11-26,91.25252525252525,,
1946-11-27,91.34141414141415,,
1946-11-28,91.43030303030302,,
1946-11-29,91.51919191919193,,
1946-12-02,91.75953079178886,,
1946-12-03,91.82209188660802,,
1946-12-04,91.88465298142718,,
1946-12-05,91.94721407624634,,
1946-12-06,92.00977517106548,,
1946-12-09,92.19745845552298,,
1946-12-10,92.26001955034214,,
1946-12-11,92.3225806451613,,
1946-12-12,92.38514173998044,,
1946-12-13,92.4477028347996,,
1946-12-16,92.63538611925709,,
1946-12-17,92.69794721407625,,
1946-12-18,92.76050830889541,,
1946-12-19,92.82306940371457,,
1946-12-20,92.88563049853373,,
1946-12-23,93.0733137829912,,
1946-12-24,93.13587487781037,,
1946-12-25,93.19843597262951,,
1946-12-26,93.26099706744867,,
1946-12-27,93.32355816226784,,
1946-12-30,93.51124144672531,,
1946-12-31,93.57380254154447,,
1947-01-01,93.63636363636363,,
1947-01-02,93.70478983382209,,
1947-01-03,93.77321603128055,,
1947-01-06,93.9784946236559,,
1947-01-07,94.04692082111437,,
1947-01-08,94.11534701857282,,
1947-01-09,94.18377321603127,,
1947-01-10,94.25219941348973,,
1947-01-13,94.4574780058651,,
1947-01-14,94.52590420332355,,
1947-01-15,94.59433040078201,,
1947-01-16,94.66275659824048,,
1947-01-17,94.73118279569891,,
1947-01-20,94.93646138807429,,
1947-01-21,95.00488758553274,,
1947-01-22,95.0733137829912,,
1947-01-23,95.14173998044966,,
1947-01-24,95.21016617790812,,
1947-01-27,95.41544477028349,,
1947-01-28,95.48387096774195,,
1947-01-29,95.5522971652004,,
1947-01-30,95.62072336265885,,
1947-01-31,95.6891495601173,,
1947-02-03,95.48051948051948,,
1947-02-04,95.34199134199135,,
1947-02-05,95.20346320346322,,
1947-02-06,95.06493506493507,,
1947-02-07,94.92640692640694,,
1947-02-10,94.5108225108225,,
1947-02-11,94.37229437229438,,
1947-02-12,94.23376623376623,,
1947-02-13,94.0952380952381,,
1947-02-14,93.95670995670996,,
1947-02-17,93.54112554112554,,
1947-02-18,93.4025974025974,,
1947-02-19,93.26406926406928,,
1947-02-20,93.12554112554113,,
1947-02-21,92.987012987013,,
1947-02-24,92.57142857142857,,
1947-02-25,92.43290043290044,,
1947-02-26,92.2943722943723,,
1947-02-27,92.15584415584416,,
1947-02-28,92.01731601731602,,
1947-03-03,91.65982404692082,,
1947-03-04,91.55034213098729,,
1947-03-05,91.44086021505376,,
1947-03-06,91.33137829912023,,
1947-03-07,91.2218963831867,,
1947-03-10,90.89345063538612,,
1947-03-11,90.78396871945259,,
1947-03-12,90.67448680351906,,
1947-03-13,90.56500488758553,,
1947-03-14,90.455522971652,,
1947-03-17,90.12707722385142,,
1947-03-18,90.0175953079179,,
1947-03-19,89.90811339198436,,
1947-03-20,89.79863147605083,,
1947-03-21,89.6891495601173,,
1947-03-24,89.36070381231671,,
1947-03-25,89.25122189638319,,
1947-03-26,89.14173998044966,,
1947-03-27,89.03225806451613,,
1947-03-28,88.9227761485826,,
1947-03-31,88.59433040078201,,
1947-04-01,88.48484848484847,,
1947-04-02,88.43232323232323,,
1947-04-03,88.37979797979798,,
1947-04-04,88.32727272727271,,
1947-04-07,88.16969696969696,,
1947-04-08,88.11717171717171,,
1947-04-09,88.06464646464647,,
1947-04-10,88.0121212121212,,
1947-04-11,87.95959595959596,,
1947-04-14,87.8020202020202,,
1947-04-15,87.74949494949496,,
1947-04-16,87.69696969696969,,
1947-04-17,87.64444444444443,,
1947-04-18,87.59191919191919,,
1947-04-21,87.43434343434343,,
1947-04-22,87.38181818181818,,
1947-04-23,87.32929292929292,,
1947-04-24,87.27676767676768,,
1947-04-25,87.22424242424242,,
1947-04-28,87.06666666666666,,
1947-04-29,87.0141414141414,,
1947-04-30,86.96161616161616,,
1947-05-01,86.9090909090909,,
1947-05-02,87.00684261974584,,
1947-05-05,87.30009775171067,,
1947-05-06,87.39784946236558,,
1947-05-07,87.49560117302053,,
1947-05-08,87.59335288367546,,
1947-05-09,87.6911045943304,,
1947-05-12,87.98435972629521,,
1947-05-13,88.08211143695016,,
1947-05-14,88.17986314760508,,
1947-05-15,88.27761485826002,,
1947-05-16,88.37536656891496,,
1947-05-19,88.66862170087977,,
1947-05-20,88.7663734115347,,
1947-05-21,88.86412512218965,,
1947-05-22,88.96187683284457,,
1947-05-23,89.05962854349951,,
1947-05-26,89.35288367546431,,
1947-05-27,89.45063538611926,,
1947-05-28,89.54838709677419,,
1947-05-29,89.64613880742914,,
1947-05-30,89.74389051808406,,
1947-06-02,90.12727272727274,,
1947-06-03,90.31515151515151,,
1947-06-04,90.5030303030303,,
1947-06-05,90.69090909090909,,
1947-06-06,90.87878787878788,,
1947-06-09,91.44242424242424,,
1947-06-10,91.63030303030303,,
1947-06-11,91.81818181818183,,
1947-06-12,92.0060606060606,,
1947-06-13,92.19393939393939,,
1947-06-16,92.75757575757576,,
1947-06-17,92.94545454545454,,
1947-06-18,93.13333333333333,,
1947-06-19,93.32121212121211,,
1947-06-20,93.50909090909092,,
1947-06-23,94.07272727272728,,
1947-06-24,94.26060606060605,,
1947-06-25,94.44848484848485,,
1947-06-26,94.63636363636364,,
1947-06-27,94.82424242424243,,
1947-06-30,95.38787878787878,,
1947-07-01,95.57575757575756,,
1947-07-02,95.5151515151515,,
1947-07-03,95.45454545454545,,
1947-07-04,95.39393939393939,,
1947-07-07,95.2121212121212,,
1947-07-08,95.15151515151514,,
1947-07-09,95.0909090909091,,
1947-07-10,95.03030303030303,,
1947-07-11,94.96969696969697,,
1947-07-14,94.78787878787878,,
1947-07-15,94.72727272727272,,
1947-07-16,94.66666666666667,,
1947-07-17,94.60606060606061,,
1947-07-18,94.54545454545455,,
1947-07-21,94.36363636363636,,
1947-07-22,94.30303030303031,,
1947-07-23,94.24242424242425,,
1947-07-24,94.18181818181819,,
1947-07-25,94.12121212121212,,
1947-07-28,93.93939393939394,,
1947-07-29,93.87878787878789,,
1947-07-30,93.81818181818183,,
1947-07-31,93.75757575757576,,
1947-08-01,93.6969696969697,,
1947-08-04,93.46236559139786,,
1947-08-05,93.3841642228739,,
1947-08-06,93.30596285434996,,
1947-08-07,93.227761485826,,
1947-08-08,93.14956011730206,,
1947-08-11,92.91495601173021,,
1947-08-12,92.83675464320625,,
1947-08-13,92.75855327468233,,
1947-08-14,92.68035190615836,,
1947-08-15,92.60215053763442,,
1947-08-18,92.36754643206257,,
1947-08-19,92.28934506353862,,
1947-08-20,92.21114369501467,,
1947-08-21,92.13294232649072,,
1947-08-22,92.05474095796676,,
1947-08-25,91.82013685239492,,
1947-08-26,91.74193548387098,,
1947-08-27,91.66373411534701,,
1947-08-28,91.58553274682308,,
1947-08-29,91.50733137829913,,
1947-09-01,91.27272727272727,,
1947-09-02,91.2935916542474,,
1947-09-03,91.3144560357675,,
1947-09-04,91.33532041728763,,
1947-09-05,91.35618479880775,,
1947-09-08,91.4187779433681,,
1947-09-09,91.43964232488824,,
1947-09-10,91.46050670640835,,
1947-09-11,91.48137108792848,,
1947-09-12,91.50223546944859,,
1947-09-15,91.56482861400895,,
1947-09-16,91.58569299552907,,
1947-09-17,91.60655737704919,,
1947-09-18,91.62742175856931,,
1947-09-19,91.64828614008943,,
1947-09-22,91.71087928464978,,
1947-09-23,91.73174366616989,,
1947-09-24,91.75260804769002,,
1947-09-25,91.77347242921013,,
1947-09-26,91.79433681073026,,
1947-09-29,91.85692995529061,,
1947-09-30,91.87779433681074,,
1947-10-01,91.89865871833085,,
1947-10-02,91.91952309985096,,
1947-10-03,91.94038748137109,,
1947-10-06,92.00298062593144,,
1947-10-07,92.02384500745157,,
1947-10-08,92.04470938897168,,
1947-10-09,92.0655737704918,,
1947-10-10,92.08643815201192,,
1947-10-13,92.14903129657228,,
1947-10-14,92.16989567809239,,
1947-10-15,92.19076005961251,,
1947-10-16,92.21162444113263,,
1947-10-17,92.23248882265275,,
1947-10-20,92.29508196721311,,
1947-10-21,92.31594634873322,,
1947-10-22,92.33681073025335,,
1947-10-23,92.35767511177346,,
1947-10-24,92.37853949329359,,
1947-10-27,92.44113263785395,,
1947-10-28,92.46199701937407,,
1947-10-29,92.4828614008942,,
1947-10-30,92.5037257824143,,
1947-10-31,92.52459016393443,,
1947-11-03,92.44848484848485,,
1947-11-04,92.39999999999999,,
1947-11-05,92.35151515151514,,
1947-11-06,92.3030303030303,,
1947-11-07,92.25454545454545,,
1947-11-10,92.1090909090909,,
1947-11-11,92.06060606060605,,
1947-11-12,92.0121212121212,,
1947-11-13,91.96363636363635,,
1947-11-14,91.9151515151515,,
1947-11-17,91.76969696969697,,
1947-11-18,91.72121212121212,,
1947-11-19,91.67272727272727,,
1947-11-20,91.62424242424242,,
1947-11-21,91.57575757575758,,
1947-11-24,91.43030303030302,,
1947-11-25,91.38181818181818,,
1947-11-26,91.33333333333333,,
1947-11-27,91.28484848484848,,
1947-11-28,91.23636363636362,,
1947-12-01,91.0909090909091,,
1947-12-02,91.31769305962854,,
1947-12-03,91.544477028348,,
1947-12-04,91.77126099706744,,
1947-12-05,91.9980449657869,,
1947-12-08,92.67839687194525,,
1947-12-09,92.90518084066471,,
1947-12-10,93.13196480938417,,
1947-12-11,93.35874877810362,,
1947-12-12,93.58553274682306,,
1947-12-15,94.26588465298144,,
1947-12-16,94.49266862170089,,
1947-12-17,94.71945259042033,,
1947-12-18,94.94623655913979,,
1947-12-19,95.17302052785924,,
1947-12-22,95.8533724340176,,
1947-12-23,96.08015640273705,,
1947-12-24,96.30694037145649,,
1947-12-25,96.53372434017597,,
1947-12-26,96.76050830889541,,
1947-12-29,97.44086021505377,,
1947-12-30,97.66764418377323,,
1947-12-31,97.89442815249267,,
1948-01-01,98.12121212121212,,
1948-01-02,97.7126099706745,,
1948-01-05,96.4868035190616,,
1948-01-06,96.07820136852395,,
1948-01-07,95.66959921798632,,
1948-01-08,95.26099706744868,,
1948-01-09,94.85239491691105,,
1948-01-12,93.62658846529814,,
1948-01-13,93.21798631476051,,
1948-01-14,92.80938416422288,,
1948-01-15,92.40078201368523,,
1948-01-16,91.99217986314761,,
1948-01-19,90.7663734115347,,
1948-01-20,90.35777126099708,,
1948-01-21,89.94916911045944,,
1948-01-22,89.5405669599218,,
1948-01-23,89.13196480938417,,
1948-01-26,87.90615835777126,,
1948-01-27,87.49755620723363,,
1948-01-28,87.08895405669598,,
1948-01-29,86.68035190615836,,
1948-01-30,86.27174975562072,,
1948-02-02,85.49634273772205,,
1948-02-03,85.53814002089864,,
1948-02-04,85.57993730407523,,
1948-02-05,85.62173458725184,,
1948-02-06,85.66353187042843,,
1948-02-09,85.7889237199582,,
1948-02-10,85.8307210031348,,
1948-02-11,85.87251828631139,,
1948-02-12,85.91431556948798,,
1948-02-13,85.95611285266457,,
1948-02-16,86.08150470219435,,
1948-02-17,86.12330198537094,,
1948-02-18,86.16509926854754,,
1948-02-19,86.20689655172413,,
1948-02-20,86.24869383490073,,
1948-02-23,86.37408568443051,,
1948-02-24,86.4158829676071,,
1948-02-25,86.4576802507837,,
1948-02-26,86.49947753396029,,
1948-02-27,86.5412748171369,,
1948-03-01,86.66666666666667,,
1948-03-02,86.88172043010753,,
1948-03-03,87.09677419354838,,
1948-03-04,87.31182795698925,,
1948-03-05,87.52688172043011,,
1948-03-08,88.17204301075269,,
1948-03-09,88.38709677419355,,
1948-03-10,88.6021505376344,,
1948-03-11,88.81720430107528,,
1948-03-12,89.03225806451613,,
1948-03-15,89.6774193548387,,
1948-03-16,89.89247311827957,,
1948-03-17,90.10752688172043,,
1948-03-18,90.3225806451613,,
1948-03-19,90.53763440860216,,
1948-03-22,91.18279569892474,,
1948-03-23,91.3978494623656,,
1948-03-24,91.61290322580645,,
1948-03-25,91.82795698924731,,
1948-03-26,92.04301075268818,,
1948-03-29,92.68817204301077,,
1948-03-30,92.90322580645162,,
1948-03-31,93.11827956989248,,
1948-04-01,93.33333333333333,,
1948-04-02,93.4848484848485,,
1948-04-05,93.93939393939394,,
1948-04-06,94.0909090909091,,
1948-04-07,94.24242424242425,,
1948-04-08,94.39393939393939,,
1948-04-09,94.54545454545455,,
1948-04-12,95.0,,
1948-04-13,95.15151515151514,,
1948-04-14,95.3030303030303,,
1948-04-15,95.45454545454545,,
1948-04-16,95.6060606060606,,
1948-04-19,96.06060606060606,,
1948-04-20,96.21212121212122,,
1948-04-21,96.36363636363635,,
1948-04-22,96.51515151515152,,
1948-04-23,96.66666666666667,,
1948-04-26,97.12121212121211,,
1948-04-27,97.27272727272725,,
1948-04-28,97.42424242424242,,
1948-04-29,97.57575757575756,,
1948-04-30,97.72727272727273,,
1948-05-03,98.1407624633431,,
1948-05-04,98.27174975562072,,
1948-05-05,98.40273704789833,,
1948-05-06,98.53372434017595,,
1948-05-07,98.66471163245355,,
1948-05-10,99.0576735092864,,
1948-05-11,99.18866080156401,,
1948-05-12,99.31964809384164,,
1948-05-13,99.45063538611926,,
1948-05-14,99.58162267839687,,
1948-05-17,99.97458455522971,,
1948-05-18,100.10557184750732,,
1948-05-19,100.23655913978496,,
1948-05-20,100.36754643206255,,
1948-05-21,100.49853372434016,,
1948-05-24,100.89149560117303,,
1948-05-25,101.02248289345064,,
1948-05-26,101.15347018572827,,
1948-05-27,101.28445747800585,,
1948-05-28,101.41544477028349,,
1948-05-31,101.80840664711633,,
1948-06-01,101.93939393939395,,
1948-06-02,101.85858585858587,,
1948-06-03,101.77777777777777,,
1948-06-04,101.6969696969697,,
1948-06-07,101.45454545454547,,
1948-06-08,101.37373737373738,,
1948-06-09,101.2929292929293,,
1948-06-10,101.2121212121212,,
1948-06-11,101.13131313131314,,
1948-06-14,100.8888888888889,,
1948-06-15,100.80808080808082,,
1948-06-16,100.72727272727273,,
1948-06-17,100.64646464646465,,
1948-06-18,100.56565656565657,,
1948-06-21,100.32323232323233,,
1948-06-22,100.24242424242426,,
1948-06-23,100.16161616161617,,
1948-06-24,100.0808080808081,,
1948-06-25,100.0,,
1948-06-28,99.75757575757576,,
1948-06-29,99.67676767676768,,
1948-06-30,99.5959595959596,,
1948-07-01,99.51515151515153,,
1948-07-02,99.42130987292278,,
1948-07-05,99.13978494623656,,
1948-07-06,99.04594330400782,,
1948-07-07,98.9521016617791,,
1948-07-08,98.85826001955034,,
1948-07-09,98.7644183773216,,
1948-07-12,98.48289345063539,,
1948-07-13,98.38905180840665,,
1948-07-14,98.29521016617791,,
1948-07-15,98.20136852394917,,
1948-07-16,98.10752688172043,,
1948-07-19,97.82600195503422,,
1948-07-20,97.73216031280548,,
1948-07-21,97.63831867057672,,
1948-07-22,97.54447702834798,,
1948-07-23,97.45063538611926,,
1948-07-26,97.16911045943303,,
1948-07-27,97.07526881720429,,
1948-07-28,96.98142717497555,,
1948-07-29,96.88758553274683,,
1948-07-30,96.79374389051809,,
1948-08-02,96.57086999022482,,
1948-08-03,96.53567937438905,,
1948-08-04,96.50048875855327,,
1948-08-05,96.46529814271749,,
1948-08-06,96.43010752688171,,
1948-08-09,96.32453567937438,,
1948-08-10,96.2893450635386,,
1948-08-11,96.25415444770283,,
1948-08-12,96.21896383186706,,
1948-08-13,96.18377321603127,,
1948-08-16,96.07820136852393,,
1948-08-17,96.04301075268818,,
1948-08-18,96.0078201368524,,
1948-08-19,95.97262952101661,,
1948-08-20,95.93743890518084,,
1948-08-23,95.83186705767352,,
1948-08-24,95.79667644183773,,
1948-08-25,95.76148582600196,,
1948-08-26,95.72629521016619,,
1948-08-27,95.6911045943304,,
1948-08-30,95.58553274682306,,
1948-08-31,95.55034213098729,,
1948-09-01,95.5151515151515,,
1948-09-02,95.46845504222554,,
1948-09-03,95.42175856929956,,
1948-09-06,95.28166915052161,,
1948-09-07,95.23497267759564,,
1948-09-08,95.18827620466965,,
1948-09-09,95.14157973174366,,
1948-09-10,95.09488325881767,,
1948-09-13,94.95479384003974,,
1948-09-14,94.90809736711377,,
1948-09-15,94.86140089418778,,
1948-09-16,94.8147044212618,,
1948-09-17,94.7680079483358,,
1948-09-20,94.62791852955786,,
1948-09-21,94.5812220566319,,
1948-09-22,94.53452558370591,,
1948-09-23,94.48782911077993,,
1948-09-24,94.44113263785395,,
1948-09-27,94.30104321907599,,
1948-09-28,94.25434674615002,,
1948-09-29,94.20765027322405,,
1948-09-30,94.16095380029805,,
1948-10-01,94.11425732737209,,
1948-10-04,93.97416790859413,,
1948-10-05,93.92747143566815,,
1948-10-06,93.88077496274218,,
1948-10-07,93.83407848981619,,
1948-10-08,93.7873820168902,,
1948-10-11,93.64729259811227,,
1948-10-12,93.60059612518629,,
1948-10-13,93.55389965226031,,
1948-10-14,93.50720317933433,,
1948-10-15,93.46050670640834,,
1948-10-18,93.32041728763039,,
1948-10-19,93.2737208147044,,
1948-10-20,93.22702434177845,,
1948-10-21,93.18032786885246,,
1948-10-22,93.13363139592647,,
1948-10-25,92.99354197714852,,
1948-10-26,92.94684550422254,,
1948-10-27,92.90014903129656,,
1948-10-28,92.85345255837059,,
1948-10-29,92.80675608544459,,
1948-11-01,92.66666666666666,,
1948-11-02,92.64646464646464,,
1948-11-03,92.62626262626263,,
1948-11-04,92.60606060606061,,
1948-11-05,92.58585858585859,,
1948-11-08,92.52525252525253,,
1948-11-09,92.5050505050505,,
1948-11-10,92.48484848484848,,
1948-11-11,92.46464646464646,,
1948-11-12,92.44444444444444,,
1948-11-15,92.38383838383838,,
1948-11-16,92.36363636363637,,
1948-11-17,92.34343434343434,,
1948-11-18,92.32323232323232,,
1948-11-19,92.3030303030303,,
1948-11-22,92.24242424242424,,
1948-11-23,92.22222222222223,,
1948-11-24,92.2020202020202,,
1948-11-25,92.18181818181817,,
1948-11-26,92.16161616161617,,
1948-11-29,92.10101010101009,,
1948-11-30,92.08080808080808,,
1948-12-01,92.06060606060605,,
1948-12-02,92.19745845552298,,
1948-12-03,92.33431085043988,,
1948-12-06,92.74486803519062,,
1948-12-07,92.88172043010752,,
1948-12-08,93.01857282502444,,
1948-12-09,93.15542521994135,,
1948-12-10,93.29227761485825,,
1948-12-13,93.702834799609,,
1948-12-14,93.83968719452591,,
1948-12-15,93.97653958944281,,
1948-12-16,94.11339198435972,,
1948-12-17,94.25024437927664,,
1948-12-20,94.66080156402738,,
1948-12-21,94.79765395894428,,
1948-12-22,94.9345063538612,,
1948-12-23,95.07135874877811,,
1948-12-24,95.20821114369501,,
1948-12-27,95.61876832844575,,
1948-12-28,95.75562072336267,,
1948-12-29,95.89247311827958,,
1948-12-30,96.02932551319648,,
1948-12-31,96.1661779081134,,
1949-01-03,95.8651026392962,,
1949-01-04,95.64613880742912,,
1949-01-05,95.42717497556208,,
1949-01-06,95.20821114369501,,
1949-01-07,94.98924731182797,,
1949-01-10,94.3323558162268,,
1949-01-11,94.11339198435972,,
1949-01-12,93.89442815249267,,
1949-01-13,93.67546432062561,,
1949-01-14,93.45650048875855,,
1949-01-17,92.79960899315738,,
1949-01-18,92.58064516129032,,
1949-01-19,92.36168132942328,,
1949-01-20,92.1427174975562,,
1949-01-21,91.92375366568916,,
1949-01-24,91.26686217008798,,
1949-01-25,91.04789833822092,,
1949-01-26,90.82893450635385,,
1949-01-27,90.6099706744868,,
1949-01-28,90.39100684261975,,
1949-01-31,89.73411534701857,,
1949-02-01,89.51515151515152,,
1949-02-02,89.54545454545455,,
1949-02-03,89.57575757575758,,
1949-02-04,89.60606060606061,,
1949-02-07,89.69696969696969,,
1949-02-08,89.72727272727272,,
1949-02-09,89.75757575757576,,
1949-02-10,89.78787878787878,,
1949-02-11,89.81818181818181,,
1949-02-14,89.9090909090909,,
1949-02-15,89.93939393939394,,
1949-02-16,89.96969696969698,,
1949-02-17,90.0,,
1949-02-18,90.03030303030303,,
1949-02-21,90.12121212121211,,
1949-02-22,90.15151515151516,,
1949-02-23,90.18181818181819,,
1949-02-24,90.2121212121212,,
1949-02-25,90.24242424242425,,
1949-02-28,90.33333333333333,,
1949-03-01,90.36363636363637,,
1949-03-02,90.35972629521018,,
1949-03-03,90.35581622678397,,
1949-03-04,90.35190615835778,,
1949-03-07,90.34017595307918,,
1949-03-08,90.33626588465299,,
1949-03-09,90.33235581622678,,
1949-03-10,90.32844574780059,,
1949-03-11,90.32453567937439,,
1949-03-14,90.3128054740958,,
1949-03-15,90.3088954056696,,
1949-03-16,90.30498533724341,,
1949-03-17,90.30107526881721,,
1949-03-18,90.29716520039102,,
1949-03-21,90.28543499511242,,
1949-03-22,90.28152492668622,,
1949-03-23,90.27761485826002,,
1949-03-24,90.27370478983383,,
1949-03-25,90.26979472140762,,
1949-03-28,90.25806451612904,,
1949-03-29,90.25415444770285,,
1949-03-30,90.25024437927665,,
1949-03-31,90.24633431085044,,
1949-04-01,90.24242424242425,,
1949-04-04,90.17575757575757,,
1949-04-05,90.15353535353535,,
1949-04-06,90.13131313131314,,
1949-04-07,90.10909090909092,,
1949-04-08,90.08686868686868,,
1949-04-11,90.02020202020202,,
1949-04-12,89.99797979797978,,
1949-04-13,89.97575757575757,,
1949-04-14,89.95353535353536,,
1949-04-15,89.93131313131313,,
1949-04-18,89.86464646464646,,
1949-04-19,89.84242424242424,,
1949-04-20,89.82020202020202,,
1949-04-21,89.79797979797979,,
1949-04-22,89.77575757575757,,
1949-04-25,89.7090909090909,,
1949-04-26,89.68686868686868,,
1949-04-27,89.66464646464645,,
1949-04-28,89.64242424242424,,
1949-04-29,89.62020202020202,,
1949-05-02,89.41739980449658,,
1949-05-03,89.25904203323557,,
1949-05-04,89.10068426197458,,
1949-05-05,88.94232649071358,,
1949-05-06,88.78396871945259,,
1949-05-09,88.3088954056696,,
1949-05-10,88.1505376344086,,
1949-05-11,87.9921798631476,,
1949-05-12,87.8338220918866,,
1949-05-13,87.67546432062562,,
1949-05-16,87.20039100684262,,
1949-05-17,87.04203323558161,,
1949-05-18,86.88367546432063,,
1949-05-19,86.72531769305964,,
1949-05-20,86.56695992179863,,
1949-05-23,86.09188660801564,,
1949-05-24,85.93352883675465,,
1949-05-25,85.77517106549364,,
1949-05-26,85.61681329423266,,
1949-05-27,85.45845552297166,,
1949-05-30,84.98338220918866,,
1949-05-31,84.82502443792767,,
1949-06-01,84.66666666666667,,
1949-06-02,84.82626262626263,,
1949-06-03,84.98585858585858,,
1949-06-06,85.46464646464646,,
1949-06-07,85.62424242424242,,
1949-06-08,85.78383838383839,,
1949-06-09,85.94343434343435,,
1949-06-10,86.10303030303031,,
1949-06-13,86.58181818181818,,
1949-06-14,86.74141414141414,,
1949-06-15,86.9010101010101,,
1949-06-16,87.06060606060606,,
1949-06-17,87.22020202020202,,
1949-06-20,87.6989898989899,,
1949-06-21,87.85858585858585,,
1949-06-22,88.01818181818182,,
1949-06-23,88.17777777777778,,
1949-06-24,88.33737373737374,,
1949-06-27,88.81616161616162,,
1949-06-28,88.97575757575757,,
1949-06-29,89.13535353535353,,
1949-06-30,89.29494949494949,,
1949-07-01,89.45454545454545,,
1949-07-04,89.76539589442815,,
1949-07-05,89.86901270772239,,
1949-07-06,89.97262952101663,,
1949-07-07,90.07624633431084,,
1949-07-08,90.17986314760508,,
1949-07-11,90.49071358748778,,
1949-07-12,90.59433040078201,,
1949-07-13,90.69794721407625,,
1949-07-14,90.80156402737049,,
1949-07-15,90.9051808406647,,
1949-07-18,91.21603128054741,,
1949-07-19,91.31964809384164,,
1949-07-20,91.42326490713587,,
1949-07-21,91.52688172043011,,
1949-07-22,91.63049853372434,,
1949-07-25,91.94134897360703,,
1949-07-26,92.04496578690127,,
1949-07-27,92.1485826001955,,
1949-07-28,92.25219941348973,,
1949-07-29,92.35581622678397,,
1949-08-01,92.66666666666666,,
1949-08-02,92.70576735092864,,
1949-08-03,92.74486803519062,,
1949-08-04,92.78396871945259,,
1949-08-05,92.82306940371456,,
1949-08-08,92.94037145650049,,
1949-08-09,92.97947214076247,,
1949-08-10,93.01857282502444,,
1949-08-11,93.0576735092864,,
1949-08-12,93.0967741935484,,
1949-08-15,93.21407624633432,,
1949-08-16,93.25317693059628,,
1949-08-17,93.29227761485825,,
1949-08-18,93.33137829912023,,
1949-08-19,93.37047898338221,,
1949-08-22,93.48778103616814,,
1949-08-23,93.52688172043011,,
1949-08-24,93.56598240469208,,
1949-08-25,93.60508308895406,,
1949-08-26,93.64418377321603,,
1949-08-29,93.76148582600196,,
1949-08-30,93.80058651026393,,
1949-08-31,93.83968719452591,,
1949-09-01,93.87878787878789,,
1949-09-02,93.94038748137109,,
1949-09-05,94.12518628912072,,
1949-09-06,94.18678589170393,,
1949-09-07,94.24838549428713,,
1949-09-08,94.30998509687034,,
1949-09-09,94.37158469945355,,
1949-09-12,94.55638350720318,,
1949-09-13,94.61798310978638,,
1949-09-14,94.6795827123696,,
1949-09-15,94.7411823149528,,
1949-09-16,94.80278191753601,,
1949-09-19,94.98758072528565,,
1949-09-20,95.04918032786885,,
1949-09-21,95.11077993045205,,
1949-09-22,95.17237953303527,,
1949-09-23,95.23397913561848,,
1949-09-26,95.4187779433681,,
1949-09-27,95.48037754595131,,
1949-09-28,95.54197714853451,,
1949-09-29,95.60357675111774,,
1949-09-30,95.66517635370094,,
1949-10-03,95.84997516145056,,
1949-10-04,95.91157476403379,,
1949-10-05,95.973174366617,,
1949-10-06,96.0347739692002,,
1949-10-07,96.09637357178342,,
1949-10-10,96.28117237953303,,
1949-10-11,96.34277198211625,,
1949-10-12,96.40437158469946,,
1949-10-13,96.46597118728266,,
1949-10-14,96.52757078986586,,
1949-10-17,96.7123695976155,,
1949-10-18,96.7739692001987,,
1949-10-19,96.8355688027819,,
1949-10-20,96.89716840536512,,
1949-10-21,96.95876800794832,,
1949-10-24,97.14356681569795,,
1949-10-25,97.20516641828118,,
1949-10-26,97.2667660208644,,
1949-10-27,97.32836562344758,,
1949-10-28,97.38996522603081,,
1949-10-31,97.57476403378041,,
1949-11-01,97.63636363636363,,
1949-11-02,97.72323232323232,,
1949-11-03,97.81010101010101,,
1949-11-04,97.89696969696969,,
1949-11-07,98.15757575757574,,
1949-11-08,98.24444444444444,,
1949-11-09,98.33131313131314,,
1949-11-10,98.41818181818182,,
1949-11-11,98.5050505050505,,
1949-11-14,98.76565656565657,,
1949-11-15,98.85252525252525,,
1949-11-16,98.93939393939394,,
1949-11-17,99.02626262626262,,
1949-11-18,99.1131313131313,,
1949-11-21,99.37373737373736,,
1949-11-22,99.46060606060605,,
1949-11-23,99.54747474747472,,
1949-11-24,99.63434343434344,,
1949-11-25,99.72121212121212,,
1949-11-28,99.98181818181818,,
1949-11-29,100.06868686868687,,
1949-11-30,100.15555555555555,,
1949-12-01,100.24242424242425,,
1949-12-02,100.89345063538613,,
1949-12-05,102.84652981427173,,
1949-12-06,103.49755620723364,,
1949-12-07,104.14858260019551,,
1949-12-08,104.79960899315739,,
1949-12-09,105.45063538611925,,
1949-12-12,107.4037145650049,,
1949-12-13,108.05474095796677,,
1949-12-14,108.70576735092865,,
1949-12-15,109.3567937438905,,
1949-12-16,110.0078201368524,,
1949-12-19,111.96089931573803,,
1949-12-20,112.61192570869991,,
1949-12-21,113.26295210166177,,
1949-12-22,113.91397849462366,,
1949-12-23,114.56500488758552,,
1949-12-26,116.51808406647118,,
1949-12-27,117.16911045943303,,
1949-12-28,117.82013685239492,,
1949-12-29,118.47116324535678,,
1949-12-30,119.12218963831869,,
1950-01-02,119.90420332355818,,
1950-01-03,119.3841642228739,,
1950-01-04,118.86412512218965,,
1950-01-05,118.34408602150539,,
1950-01-06,117.82404692082112,,
1950-01-09,116.26392961876833,,
1950-01-10,115.74389051808407,,
1950-01-11,115.22385141739981,,
1950-01-12,114.70381231671554,,
1950-01-13,114.18377321603128,,
1950-01-16,112.6236559139785,,
1950-01-17,112.10361681329424,,
1950-01-18,111.58357771260998,,
1950-01-19,111.06353861192572,,
1950-01-20,110.54349951124145,,
1950-01-23,108.98338220918866,,
1950-01-24,108.4633431085044,,
1950-01-25,107.94330400782015,,
1950-01-26,107.42326490713587,,
1950-01-27,106.90322580645162,,
1950-01-30,105.34310850439883,,
1950-01-31,104.82306940371457,,
1950-02-01,104.3030303030303,,
1950-02-02,104.33333333333333,,
1950-02-03,104.36363636363637,,
1950-02-06,104.45454545454544,,
1950-02-07,104.4848484848485,,
1950-02-08,104.51515151515152,,
1950-02-09,104.54545454545455,,
1950-02-10,104.57575757575759,,
1950-02-13,104.66666666666666,,
1950-02-14,104.69696969696972,,
1950-02-15,104.72727272727273,,
1950-02-16,104.75757575757576,,
1950-02-17,104.78787878787881,,
1950-02-20,104.87878787878788,,
1950-02-21,104.90909090909093,,
1950-02-22,104.93939393939395,,
1950-02-23,104.96969696969698,,
1950-02-24,105.00000000000003,,
1950-02-27,105.09090909090908,,
1950-02-28,105.12121212121212,,
1950-03-01,105.15151515151516,,
1950-03-02,105.24731182795699,,
1950-03-03,105.34310850439883,,
1950-03-06,105.63049853372435,,
1950-03-07,105.72629521016619,,
1950-03-08,105.82209188660802,,
1950-03-09,105.91788856304984,,
1950-03-10,106.01368523949168,,
1950-03-13,106.3010752688172,,
1950-03-14,106.39687194525904,,
1950-03-15,106.49266862170089,,
1950-03-16,106.58846529814272,,
1950-03-17,106.68426197458456,,
1950-03-20,106.97165200391008,,
1950-03-21,107.06744868035192,,
1950-03-22,107.16324535679375,,
1950-03-23,107.2590420332356,,
1950-03-24,107.35483870967744,,
1950-03-27,107.64222873900293,,
1950-03-28,107.73802541544477,,
1950-03-29,107.83382209188662,,
1950-03-30,107.92961876832845,,
1950-03-31,108.02541544477029,,
1950-04-03,108.36363636363635,,
1950-04-04,108.48484848484847,,
1950-04-05,108.60606060606062,,
1950-04-06,108.72727272727273,,
1950-04-07,108.84848484848486,,
1950-04-10,109.2121212121212,,
1950-04-11,109.33333333333333,,
1950-04-12,109.45454545454545,,
1950-04-13,109.57575757575759,,
1950-04-14,109.69696969696972,,
1950-04-17,110.06060606060606,,
1950-04-18,110.18181818181819,,
1950-04-19,110.3030303030303,,
1950-04-20,110.42424242424245,,
1950-04-21,110.54545454545455,,
1950-04-24,110.9090909090909,,
1950-04-25,111.03030303030303,,
1950-04-26,111.15151515151516,,
1950-04-27,111.27272727272728,,
1950-04-28,111.3939393939394,,
1950-05-01,111.75757575757576,,
1950-05-02,111.81622678396872,,
1950-05-03,111.8748778103617,,
1950-05-04,111.93352883675465,,
1950-05-05,111.99217986314763,,
1950-05-08,112.16813294232648,,
1950-05-09,112.22678396871946,,
1950-05-10,112.28543499511241,,
1950-05-11,112.34408602150539,,
1950-05-12,112.40273704789834,,
1950-05-15,112.57869012707722,,
1950-05-16,112.63734115347019,,
1950-05-17,112.69599217986314,,
1950-05-18,112.75464320625612,,
1950-05-19,112.81329423264907,,
1950-05-22,112.98924731182794,,
1950-05-23,113.0478983382209,,
1950-05-24,113.10654936461387,,
1950-05-25,113.16520039100683,,
1950-05-26,113.22385141739979,,
1950-05-29,113.3998044965787,,
1950-05-30,113.45845552297165,,
1950-05-31,113.51710654936463,,
1950-06-01,113.57575757575758,,
1950-06-02,113.3010101010101,,
1950-06-05,112.47676767676766,,
1950-06-06,112.2020202020202,,
1950-06-07,111.92727272727272,,
1950-06-08,111.65252525252525,,
1950-06-09,111.37777777777778,,
1950-06-12,110.55353535353535,,
1950-06-13,110.27878787878787,,
1950-06-14,110.0040404040404,,
1950-06-15,109.72929292929292,,
1950-06-16,109.45454545454545,,
1950-06-19,108.63030303030303,,
1950-06-20,108.35555555555554,,
1950-06-21,108.08080808080807,,
1950-06-22,107.80606060606061,,
1950-06-23,107.53131313131313,,
1950-06-26,106.7070707070707,,
1950-06-27,106.43232323232323,,
1950-06-28,106.15757575757574,,
1950-06-29,105.88282828282829,,
1950-06-30,105.6080808080808,,
1950-07-03,105.74389051808406,,
1950-07-04,105.94916911045942,,
1950-07-05,106.1544477028348,,
1950-07-06,106.35972629521015,,
1950-07-07,106.56500488758553,,
1950-07-10,107.18084066471162,,
1950-07-11,107.386119257087,,
1950-07-12,107.59139784946234,,
1950-07-13,107.79667644183772,,
1950-07-14,108.0019550342131,,
1950-07-17,108.6177908113392,,
1950-07-18,108.82306940371458,,
1950-07-19,109.02834799608992,,
1950-07-20,109.2336265884653,,
1950-07-21,109.43890518084068,,
1950-07-24,110.05474095796677,,
1950-07-25,110.26001955034212,,
1950-07-26,110.4652981427175,,
1950-07-27,110.67057673509287,,
1950-07-28,110.87585532746822,,
1950-07-31,111.49169110459431,,
1950-08-01,111.69696969696969,,
1950-08-02,111.8240469208211,,
1950-08-03,111.95112414467255,,
1950-08-04,112.07820136852395,,
1950-08-07,112.4594330400782,,
1950-08-08,112.58651026392961,,
1950-08-09,112.71358748778104,,
1950-08-10,112.84066471163246,,
1950-08-11,112.96774193548387,,
1950-08-14,113.34897360703813,,
1950-08-15,113.47605083088953,,
1950-08-16,113.60312805474095,,
1950-08-17,113.73020527859236,,
1950-08-18,113.85728250244378,,
1950-08-21,114.23851417399804,,
1950-08-22,114.36559139784946,,
1950-08-23,114.49266862170087,,
1950-08-24,114.61974584555227,,
1950-08-25,114.74682306940372,,
1950-08-28,115.12805474095798,,
1950-08-29,115.25513196480937,,
1950-08-30,115.38220918866078,,
1950-08-31,115.50928641251221,,
1950-09-01,115.63636363636363,,
1950-09-04,115.85991058122205,,
1950-09-05,115.9344262295082,,
1950-09-06,116.00894187779434,,
1950-09-07,116.08345752608047,,
1950-09-08,116.1579731743666,,
1950-09-11,116.38152011922503,,
1950-09-12,116.45603576751115,,
1950-09-13,116.5305514157973,,
1950-09-14,116.60506706408344,,
1950-09-15,116.6795827123696,,
1950-09-18,116.90312965722802,,
1950-09-19,116.97764530551416,,
1950-09-20,117.05216095380028,,
1950-09-21,117.12667660208642,,
1950-09-22,117.20119225037256,,
1950-09-25,117.424739195231,,
1950-09-26,117.49925484351714,,
1950-09-27,117.57377049180326,,
1950-09-28,117.64828614008943,,
1950-09-29,117.72280178837555,,
1950-10-02,117.94634873323395,,
1950-10-03,118.02086438152011,,
1950-10-04,118.09538002980624,,
1950-10-05,118.16989567809237,,
1950-10-06,118.24441132637853,,
1950-10-09,118.46795827123695,,
1950-10-10,118.54247391952309,,
1950-10-11,118.61698956780924,,
1950-10-12,118.69150521609538,,
1950-10-13,118.76602086438153,,
1950-10-16,118.98956780923993,,
1950-10-17,119.06408345752607,,
1950-10-18,119.13859910581222,,
1950-10-19,119.21311475409834,,
1950-10-20,119.28763040238448,,
1950-10-23,119.51117734724292,,
1950-10-24,119.58569299552906,,
1950-10-25,119.6602086438152,,
1950-10-26,119.73472429210135,,
1950-10-27,119.80923994038746,,
1950-10-30,120.03278688524588,,
1950-10-31,120.10730253353204,,
1950-11-01,120.18181818181817,,
1950-11-02,120.16565656565656,,
1950-11-03,120.14949494949494,,
1950-11-06,120.1010101010101,,
1950-11-07,120.08484848484848,,
1950-11-08,120.06868686868688,,
1950-11-09,120.05252525252523,,
1950-11-10,120.03636363636363,,
1950-11-13,119.98787878787877,,
1950-11-14,119.97171717171717,,
1950-11-15,119.95555555555555,,
1950-11-16,119.93939393939392,,
1950-11-17,119.92323232323233,,
1950-11-20,119.87474747474747,,
1950-11-21,119.85858585858587,,
1950-11-22,119.84242424242424,,
1950-11-23,119.82626262626263,,
1950-11-24,119.810101010101,,
1950-11-27,119.76161616161616,,
1950-11-28,119.74545454545454,,
1950-11-29,119.72929292929292,,
1950-11-30,119.7131313131313,,
1950-12-01,119.6969696969697,,
1950-12-04,120.55327468230695,,
1950-12-05,120.83870967741935,,
1950-12-06,121.12414467253177,,
1950-12-07,121.40957966764418,,
1950-12-08,121.69501466275659,,
1950-12-11,122.55131964809385,,
1950-12-12,122.83675464320626,,
1950-12-13,123.12218963831867,,
1950-12-14,123.40762463343108,,
1950-12-15,123.69305962854351,,
1950-12-18,124.54936461388075,,
1950-12-19,124.83479960899315,,
1950-12-20,125.12023460410558,,
1950-12-21,125.40566959921797,,
1950-12-22,125.6911045943304,,
1950-12-25,126.54740957966766,,
1950-12-26,126.83284457478008,,
1950-12-27,127.11827956989248,,
1950-12-28,127.4037145650049,,
1950-12-29,127.68914956011731,,
1951-01-01,128.54545454545453,,
1951-01-02,128.69990224828936,,
1951-01-03,128.85434995112414,,
1951-01-04,129.00879765395896,,
1951-01-05,129.16324535679377,,
1951-01-08,129.62658846529814,,
1951-01-09,129.78103616813294,,
1951-01-10,129.93548387096777,,
1951-01-11,130.08993157380252,,
1951-01-12,130.24437927663735,,
1951-01-15,130.70772238514175,,
1951-01-16,130.86217008797655,,
1951-01-17,131.01661779081132,,
1951-01-18,131.17106549364615,,
1951-01-19,131.32551319648093,,
1951-01-22,131.78885630498533,,
1951-01-23,131.94330400782013,,
1951-01-24,132.09775171065493,,
1951-01-25,132.25219941348973,,
1951-01-26,132.40664711632456,,
1951-01-29,132.86999022482894,,
1951-01-30,133.02443792766374,,
1951-01-31,133.17888563049854,,
1951-02-01,133.33333333333331,,
1951-02-02,133.25324675324674,,
1951-02-05,133.012987012987,,
1951-02-06,132.93290043290042,,
1951-02-07,132.85281385281388,,
1951-02-08,132.77272727272725,,
1951-02-09,132.6926406926407,,
1951-02-12,132.45238095238093,,
1951-02-13,132.3722943722944,,
1951-02-14,132.2922077922078,,
1951-02-15,132.2121212121212,,
1951-02-16,132.13203463203462,,
1951-02-19,131.89177489177487,,
1951-02-20,131.8116883116883,,
1951-02-21,131.73160173160173,,
1951-02-22,131.65151515151513,,
1951-02-23,131.57142857142856,,
1951-02-26,131.33116883116884,,
1951-02-27,131.25108225108224,,
1951-02-28,131.1709956709957,,
1951-03-01,131.0909090909091,,
1951-03-02,131.14760508308893,,
1951-03-05,131.31769305962854,,
1951-03-06,131.3743890518084,,
1951-03-07,131.43108504398828,,
1951-03-08,131.48778103616814,,
1951-03-09,131.54447702834798,,
1951-03-12,131.7145650048876,,
1951-03-13,131.77126099706743,,
1951-03-14,131.8279569892473,,
1951-03-15,131.88465298142717,,
1951-03-16,131.94134897360703,,
1951-03-19,132.11143695014664,,
1951-03-20,132.1681329423265,,
1951-03-21,132.22482893450635,,
1951-03-22,132.28152492668625,,
1951-03-23,132.33822091886609,,
1951-03-26,132.50830889540566,,
1951-03-27,132.56500488758553,,
1951-03-28,132.6217008797654,,
1951-03-29,132.67839687194527,,
1951-03-30,132.73509286412514,,
1951-04-02,132.85050505050506,,
1951-04-03,132.85252525252525,,
1951-04-04,132.85454545454547,,
1951-04-05,132.85656565656566,,
1951-04-06,132.85858585858585,,
1951-04-09,132.86464646464646,,
1951-04-10,132.86666666666667,,
1951-04-11,132.8686868686869,,
1951-04-12,132.87070707070708,,
1951-04-13,132.87272727272727,,
1951-04-16,132.87878787878788,,
1951-04-17,132.8808080808081,,
1951-04-18,132.88282828282829,,
1951-04-19,132.8848484848485,,
1951-04-20,132.88686868686867,,
1951-04-23,132.8929292929293,,
1951-04-24,132.8949494949495,,
1951-04-25,132.89696969696968,,
1951-04-26,132.89898989898992,,
1951-04-27,132.90101010101012,,
1951-04-30,132.90707070707072,,
1951-05-01,132.9090909090909,,
1951-05-02,132.83479960899317,,
1951-05-03,132.7605083088954,,
1951-05-04,132.68621700879766,,
1951-05-07,132.46334310850438,,
1951-05-08,132.38905180840666,,
1951-05-09,132.3147605083089,,
1951-05-10,132.24046920821115,,
1951-05-11,132.1661779081134,,
1951-05-14,131.94330400782013,,
1951-05-15,131.8690127077224,,
1951-05-16,131.79472140762462,,
1951-05-17,131.72043010752688,,
1951-05-18,131.6461388074291,,
1951-05-21,131.42326490713586,,
1951-05-22,131.34897360703812,,
1951-05-23,131.27468230694038,,
1951-05-24,131.2003910068426,,
1951-05-25,131.12609970674487,,
1951-05-28,130.90322580645162,,
1951-05-29,130.82893450635387,,
1951-05-30,130.7546432062561,,
1951-05-31,130.68035190615836,,
1951-06-01,130.60606060606062,,
1951-06-04,130.83636363636364,,
1951-06-05,130.91313131313134,,
1951-06-06,130.989898989899,,
1951-06-07,131.06666666666666,,
1951-06-08,131.14343434343434,,
1951-06-11,131.37373737373736,,
1951-06-12,131.45050505050506,,
1951-06-13,131.52727272727273,,
1951-06-14,131.6040404040404,,
1951-06-15,131.68080808080808,,
1951-06-18,131.91111111111113,,
1951-06-19,131.9878787878788,,
1951-06-20,132.06464646464647,,
1951-06-21,132.14141414141415,,
1951-06-22,132.21818181818182,,
1951-06-25,132.44848484848484,,
1951-06-26,132.52525252525254,,
1951-06-27,132.60202020202019,,
1951-06-28,132.6787878787879,,
1951-06-29,132.75555555555556,,
1951-07-02,133.09677419354838,,
1951-07-03,133.28445747800586,,
1951-07-04,133.47214076246334,,
1951-07-05,133.65982404692082,,
1951-07-06,133.84750733137832,,
1951-07-09,134.41055718475073,,
1951-07-10,134.5982404692082,,
1951-07-11,134.78592375366566,,
1951-07-12,134.97360703812316,,
1951-07-13,135.16129032258064,,
1951-07-16,135.72434017595307,,
1951-07-17,135.91202346041055,,
1951-07-18,136.09970674486803,,
1951-07-19,136.28739002932554,,
1951-07-20,136.47507331378299,,
1951-07-23,137.03812316715545,,
1951-07-24,137.2258064516129,,
1951-07-25,137.41348973607037,,
1951-07-26,137.60117302052785,,
1951-07-27,137.78885630498533,,
1951-07-30,138.35190615835776,,
1951-07-31,138.53958944281527,,
1951-08-01,138.72727272727272,,
1951-08-02,138.84261974584555,,
1951-08-03,138.9579667644184,,
1951-08-06,139.30400782013686,,
1951-08-07,139.4193548387097,,
1951-08-08,139.5347018572825,,
1951-08-09,139.65004887585533,,
1951-08-10,139.76539589442817,,
1951-08-13,140.11143695014664,,
1951-08-14,140.22678396871947,,
1951-08-15,140.34213098729228,,
1951-08-16,140.4574780058651,,
1951-08-17,140.57282502443792,,
1951-08-20,140.91886608015642,,
1951-08-21,141.0342130987292,,
1951-08-22,141.14956011730203,,
1951-08-23,141.26490713587486,,
1951-08-24,141.3802541544477,,
1951-08-27,141.7262952101662,,
1951-08-28,141.841642228739,,
1951-08-29,141.9569892473118,,
1951-08-30,142.07233626588464,,
1951-08-31,142.18768328445748,,
1951-09-03,142.15002483854943,,
1951-09-04,142.07352210630899,,
1951-09-05,141.99701937406854,,
1951-09-06,141.92051664182813,,
1951-09-07,141.8440139095877,,
1951-09-10,141.61450571286636,,
1951-09-11,141.53800298062592,,
1951-09-12,141.46150024838548,,
1951-09-13,141.38499751614506,,
1951-09-14,141.30849478390462,,
1951-09-17,141.07898658718332,,
1951-09-18,141.0024838549429,,
1951-09-19,140.92598112270244,,
1951-09-20,140.849478390462,,
1951-09-21,140.77297565822158,,
1951-09-24,140.54346746150026,,
1951-09-25,140.46696472925981,,
1951-09-26,140.3904619970194,,
1951-09-27,140.31395926477893,,
1951-09-28,140.2374565325385,,
1951-10-01,140.0079483358172,,
1951-10-02,139.93144560357675,,
1951-10-03,139.8549428713363,,
1951-10-04,139.7784401390959,,
1951-10-05,139.70193740685545,,
1951-10-08,139.47242921013412,,
1951-10-09,139.39592647789368,,
1951-10-10,139.31942374565324,,
1951-10-11,139.24292101341283,,
1951-10-12,139.16641828117238,,
1951-10-15,138.93691008445106,,
1951-10-16,138.86040735221064,,
1951-10-17,138.7839046199702,,
1951-10-18,138.70740188772976,,
1951-10-19,138.63089915548935,,
1951-10-22,138.40139095876802,,
1951-10-23,138.32488822652758,,
1951-10-24,138.24838549428716,,
1951-10-25,138.1718827620467,,
1951-10-26,138.09538002980625,,
1951-10-29,137.86587183308495,,
1951-10-30,137.7893691008445,,
1951-10-31,137.71286636860407,,
1951-11-01,137.63636363636365,,
1951-11-02,137.77777777777777,,
1951-11-05,138.2020202020202,,
1951-11-06,138.34343434343435,,
1951-11-07,138.4848484848485,,
1951-11-08,138.62626262626264,,
1951-11-09,138.7676767676768,,
1951-11-12,139.1919191919192,,
1951-11-13,139.33333333333334,,
1951-11-14,139.4747474747475,,
1951-11-15,139.61616161616163,,
1951-11-16,139.75757575757575,,
1951-11-19,140.1818181818182,,
1951-11-20,140.3232323232323,,
1951-11-21,140.46464646464648,,
1951-11-22,140.6060606060606,,
1951-11-23,140.74747474747477,,
1951-11-26,141.17171717171718,,
1951-11-27,141.3131313131313,,
1951-11-28,141.45454545454547,,
1951-11-29,141.59595959595958,,
1951-11-30,141.73737373737373,,
1951-12-03,142.21114369501467,,
1951-12-04,142.37732160312805,,
1951-12-05,142.54349951124146,,
1951-12-06,142.70967741935482,,
1951-12-07,142.87585532746823,,
1951-12-10,143.3743890518084,,
1951-12-11,143.5405669599218,,
1951-12-12,143.70674486803517,,
1951-12-13,143.87292277614858,,
1951-12-14,144.03910068426197,,
1951-12-17,144.53763440860217,,
1951-12-18,144.70381231671556,,
1951-12-19,144.86999022482897,,
1951-12-20,145.03616813294232,,
1951-12-21,145.20234604105573,,
1951-12-24,145.70087976539588,,
1951-12-25,145.8670576735093,,
1951-12-26,146.03323558162268,,
1951-12-27,146.1994134897361,,
1951-12-28,146.36559139784947,,
1951-12-31,146.86412512218965,,
1952-01-01,147.03030303030303,,
1952-01-02,146.930596285435,,
1952-01-03,146.83088954056697,,
1952-01-04,146.7311827956989,,
1952-01-07,146.43206256109485,,
1952-01-08,146.3323558162268,,
1952-01-09,146.23264907135876,,
1952-01-10,146.13294232649073,,
1952-01-11,146.03323558162268,,
1952-01-14,145.73411534701856,,
1952-01-15,145.63440860215056,,
1952-01-16,145.53470185728253,,
1952-01-17,145.43499511241447,,
1952-01-18,145.33528836754644,,
1952-01-21,145.03616813294232,,
1952-01-22,144.9364613880743,,
1952-01-23,144.83675464320626,,
1952-01-24,144.73704789833823,,
1952-01-25,144.6373411534702,,
1952-01-28,144.33822091886609,,
1952-01-29,144.23851417399806,,
1952-01-30,144.13880742913,,
1952-01-31,144.03910068426197,,
1952-02-01,143.93939393939394,,
1952-02-04,143.97701149425288,,
1952-02-05,143.98955067920588,,
1952-02-06,144.00208986415885,,
1952-02-07,144.0146290491118,,
1952-02-08,144.0271682340648,,
1952-02-11,144.06478578892373,,
1952-02-12,144.0773249738767,,
1952-02-13,144.08986415882967,,
1952-02-14,144.10240334378267,,
1952-02-15,144.1149425287356,,
1952-02-18,144.15256008359455,,
1952-02-19,144.16509926854755,,
1952-02-20,144.17763845350052,,
1952-02-21,144.1901776384535,,
1952-02-22,144.2027168234065,,
1952-02-25,144.24033437826543,,
1952-02-26,144.25287356321837,,
1952-02-27,144.26541274817134,,
1952-02-28,144.27795193312434,,
1952-02-29,144.2904911180773,,
1952-03-03,144.2756598240469,,
1952-03-04,144.26197458455522,,
1952-03-05,144.24828934506354,,
1952-03-06,144.23460410557183,,
1952-03-07,144.22091886608015,,
1952-03-10,144.17986314760506,,
1952-03-11,144.16617790811335,,
1952-03-12,144.15249266862168,,
1952-03-13,144.13880742913,,
1952-03-14,144.12512218963832,,
1952-03-17,144.08406647116325,,
1952-03-18,144.07038123167155,,
1952-03-19,144.05669599217987,,
1952-03-20,144.04301075268816,,
1952-03-21,144.02932551319648,,
1952-03-24,143.98826979472142,,
1952-03-25,143.9745845552297,,
1952-03-26,143.960899315738,,
1952-03-27,143.94721407624633,,
1952-03-28,143.93352883675462,,
1952-03-31,143.89247311827958,,
1952-04-01,143.87878787878788,,
1952-04-02,143.87676767676766,,
1952-04-03,143.87474747474747,,
1952-04-04,143.87272727272727,,
1952-04-07,143.86666666666665,,
1952-04-08,143.86464646464646,,
1952-04-09,143.86262626262624,,
1952-04-10,143.86060606060605,,
1952-04-11,143.85858585858585,,
1952-04-14,143.85252525252525,,
1952-04-15,143.85050505050506,,
1952-04-16,143.84848484848484,,
1952-04-17,143.84646464646465,,
1952-04-18,143.84444444444443,,
1952-04-21,143.83838383838386,,
1952-04-22,143.83636363636361,,
1952-04-23,143.83434343434342,,
1952-04-24,143.83232323232323,,
1952-04-25,143.830303030303,,
1952-04-28,143.82424242424244,,
1952-04-29,143.82222222222222,,
1952-04-30,143.82020202020203,,
1952-05-01,143.8181818181818,,
1952-05-02,143.94525904203323,,
1952-05-05,144.32649071358748,,
1952-05-06,144.45356793743892,,
1952-05-07,144.58064516129033,,
1952-05-08,144.70772238514172,,
1952-05-09,144.83479960899317,,
1952-05-12,145.2160312805474,,
1952-05-13,145.34310850439883,,
1952-05-14,145.47018572825024,,
1952-05-15,145.59726295210166,,
1952-05-16,145.72434017595305,,
1952-05-19,146.10557184750732,,
1952-05-20,146.23264907135876,,
1952-05-21,146.35972629521018,,
1952-05-22,146.4868035190616,,
1952-05-23,146.61388074291298,,
1952-05-26,146.99511241446726,,
1952-05-27,147.12218963831867,,
1952-05-28,147.2492668621701,,
1952-05-29,147.3763440860215,,
1952-05-30,147.50342130987292,,
1952-06-02,147.8989898989899,,
1952-06-03,148.04040404040404,,
1952-06-04,148.18181818181816,,
1952-06-05,148.32323232323233,,
1952-06-06,148.46464646464645,,
1952-06-09,148.88888888888889,,
1952-06-10,149.03030303030303,,
1952-06-11,149.17171717171718,,
1952-06-12,149.31313131313132,,
1952-06-13,149.45454545454547,,
1952-06-16,149.87878787878785,,
1952-06-17,150.02020202020202,,
1952-06-18,150.16161616161614,,
1952-06-19,150.30303030303028,,
1952-06-20,150.44444444444443,,
1952-06-23,150.86868686868686,,
1952-06-24,151.01010101010098,,
1952-06-25,151.15151515151516,,
1952-06-26,151.29292929292927,,
1952-06-27,151.43434343434342,,
1952-06-30,151.85858585858585,,
1952-07-01,151.99999999999997,,
1952-07-02,152.01955034213097,,
1952-07-03,152.03910068426197,,
1952-07-04,152.05865102639297,,
1952-07-07,152.1173020527859,,
1952-07-08,152.1368523949169,,
1952-07-09,152.1564027370479,,
1952-07-10,152.1759530791789,,
1952-07-11,152.19550342130987,,
1952-07-14,152.25415444770283,,
1952-07-15,152.27370478983383,,
1952-07-16,152.2932551319648,,
1952-07-17,152.31280547409577,,
1952-07-18,152.33235581622677,,
1952-07-21,152.39100684261976,,
1952-07-22,152.41055718475073,,
1952-07-23,152.4301075268817,,
1952-07-24,152.4496578690127,,
1952-07-25,152.4692082111437,,
1952-07-28,152.52785923753666,,
1952-07-29,152.54740957966763,,
1952-07-30,152.56695992179863,,
1952-07-31,152.58651026392963,,
1952-08-01,152.60606060606062,,
1952-08-04,152.37145650048876,,
1952-08-05,152.2932551319648,,
1952-08-06,152.21505376344086,,
1952-08-07,152.1368523949169,,
1952-08-08,152.05865102639297,,
1952-08-11,151.82404692082113,,
1952-08-12,151.74584555229717,,
1952-08-13,151.66764418377323,,
1952-08-14,151.58944281524927,,
1952-08-15,151.5112414467253,,
1952-08-18,151.27663734115347,,
1952-08-19,151.1984359726295,,
1952-08-20,151.12023460410558,,
1952-08-21,151.04203323558164,,
1952-08-22,150.96383186705768,,
1952-08-25,150.72922776148582,,
1952-08-26,150.65102639296188,,
1952-08-27,150.57282502443792,,
1952-08-28,150.49462365591398,,
1952-08-29,150.41642228739002,,
1952-09-01,150.1818181818182,,
1952-09-02,150.2066567312469,,
1952-09-03,150.2314952806756,,
1952-09-04,150.25633383010432,,
1952-09-05,150.28117237953305,,
1952-09-08,150.35568802781918,,
1952-09-09,150.3805265772479,,
1952-09-10,150.40536512667663,,
1952-09-11,150.43020367610532,,
1952-09-12,150.45504222553404,,
1952-09-15,150.52955787382018,,
1952-09-16,150.5543964232489,,
1952-09-17,150.5792349726776,,
1952-09-18,150.60407352210632,,
1952-09-19,150.62891207153504,,
1952-09-22,150.70342771982118,,
1952-09-23,150.7282662692499,,
1952-09-24,150.7531048186786,,
1952-09-25,150.77794336810732,,
1952-09-26,150.802781917536,,
1952-09-29,150.87729756582215,,
1952-09-30,150.9021361152509,,
1952-10-01,150.9269746646796,,
1952-10-02,150.9518132141083,,
1952-10-03,150.976651763537,,
1952-10-06,151.05116741182314,,
1952-10-07,151.0760059612519,,
1952-10-08,151.1008445106806,,
1952-10-09,151.12568306010928,,
1952-10-10,151.150521609538,,
1952-10-13,151.22503725782414,,
1952-10-14,151.24987580725283,,
1952-10-15,151.27471435668159,,
1952-10-16,151.2995529061103,,
1952-10-17,151.324391455539,,
1952-10-20,151.39890710382514,,
1952-10-21,151.42374565325386,,
1952-10-22,151.44858420268258,,
1952-10-23,151.47342275211128,,
1952-10-24,151.49826130154,,
1952-10-27,151.57277694982614,,
1952-10-28,151.59761549925483,,
1952-10-29,151.62245404868355,,
1952-10-30,151.6472925981123,,
1952-10-31,151.672131147541,,
1952-11-03,152.1050505050505,,
1952-11-04,152.3090909090909,,
1952-11-05,152.51313131313134,,
1952-11-06,152.7171717171717,,
1952-11-07,152.92121212121214,,
1952-11-10,153.53333333333333,,
1952-11-11,153.73737373737376,,
1952-11-12,153.94141414141413,,
1952-11-13,154.14545454545453,,
1952-11-14,154.34949494949495,,
1952-11-17,154.96161616161615,,
1952-11-18,155.16565656565658,,
1952-11-19,155.36969696969695,,
1952-11-20,155.57373737373737,,
1952-11-21,155.77777777777777,,
1952-11-24,156.389898989899,,
1952-11-25,156.5939393939394,,
1952-11-26,156.7979797979798,,
1952-11-27,157.0020202020202,,
1952-11-28,157.20606060606062,,
1952-12-01,157.8181818181818,,
1952-12-02,157.4134897360704,,
1952-12-03,157.00879765395894,,
1952-12-04,156.60410557184753,,
1952-12-05,156.19941348973606,,
1952-12-08,154.98533724340174,,
1952-12-09,154.5806451612903,,
1952-12-10,154.1759530791789,,
1952-12-11,153.77126099706743,,
1952-12-12,153.36656891495602,,
1952-12-15,152.1524926686217,,
1952-12-16,151.74780058651027,,
1952-12-17,151.3431085043988,,
1952-12-18,150.9384164222874,,
1952-12-19,150.53372434017592,,
1952-12-22,149.31964809384164,,
1952-12-23,148.9149560117302,,
1952-12-24,148.51026392961876,,
1952-12-25,148.10557184750732,,
1952-12-26,147.7008797653959,,
1952-12-29,146.4868035190616,,
1952-12-30,146.08211143695013,,
1952-12-31,145.67741935483872,,
1953-01-01,145.27272727272725,,
1953-01-02,145.64222873900295,,
1953-01-05,146.75073313782988,,
1953-01-06,147.12023460410558,,
1953-01-07,147.48973607038124,,
1953-01-08,147.85923753665688,,
1953-01-09,148.22873900293254,,
1953-01-12,149.33724340175954,,
1953-01-13,149.70674486803517,,
1953-01-14,150.07624633431084,,
1953-01-15,150.4457478005865,,
1953-01-16,150.81524926686217,,
1953-01-19,151.92375366568916,,
1953-01-20,152.2932551319648,,
1953-01-21,152.66275659824046,,
1953-01-22,153.03225806451613,,
1953-01-23,153.4017595307918,,
1953-01-26,154.51026392961876,,
1953-01-27,154.87976539589442,,
1953-01-28,155.2492668621701,,
1953-01-29,155.61876832844575,,
1953-01-30,155.9882697947214,,
1953-02-02,156.75541125541125,,
1953-02-03,156.78354978354977,,
1953-02-04,156.8116883116883,,
1953-02-05,156.83982683982683,,
1953-02-06,156.86796536796535,,
1953-02-09,156.95238095238096,,
1953-02-10,156.9805194805195,,
1953-02-11,157.008658008658,,
1953-02-12,157.03679653679654,,
1953-02-13,157.06493506493507,,
1953-02-16,157.14935064935065,,
1953-02-17,157.17748917748918,,
1953-02-18,157.2056277056277,,
1953-02-19,157.23376623376623,,
1953-02-20,157.26190476190476,,
1953-02-23,157.3463203463203,,
1953-02-24,157.37445887445887,,
1953-02-25,157.40259740259742,,
1953-02-26,157.43073593073592,,
1953-02-27,157.45887445887445,,
1953-03-02,157.26490713587486,,
1953-03-03,157.01466275659823,,
1953-03-04,156.7644183773216,,
1953-03-05,156.51417399804498,,
1953-03-06,156.26392961876832,,
1953-03-09,155.51319648093843,,
1953-03-10,155.26295210166177,,
1953-03-11,155.01270772238516,,
1953-03-12,154.7624633431085,,
1953-03-13,154.51221896383186,,
1953-03-16,153.76148582600194,,
1953-03-17,153.5112414467253,,
1953-03-18,153.2609970674487,,
1953-03-19,153.01075268817203,,
1953-03-20,152.7605083088954,,
1953-03-23,152.00977517106548,,
1953-03-24,151.75953079178885,,
1953-03-25,151.5092864125122,,
1953-03-26,151.25904203323557,,
1953-03-27,151.00879765395896,,
1953-03-30,150.25806451612905,,
1953-03-31,150.00782013685242,,
1953-04-01,149.75757575757575,,
1953-04-02,149.7838383838384,,
1953-04-03,149.81010101010102,,
1953-04-06,149.88888888888889,,
1953-04-07,149.9151515151515,,
1953-04-08,149.94141414141416,,
1953-04-09,149.96767676767678,,
1953-04-10,149.9939393939394,,
1953-04-13,150.07272727272726,,
1953-04-14,150.0989898989899,,
1953-04-15,150.12525252525253,,
1953-04-16,150.15151515151516,,
1953-04-17,150.17777777777778,,
1953-04-20,150.25656565656567,,
1953-04-21,150.2828282828283,,
1953-04-22,150.3090909090909,,
1953-04-23,150.33535353535353,,
1953-04-24,150.36161616161615,,
1953-04-27,150.44040404040405,,
1953-04-28,150.46666666666667,,
1953-04-29,150.4929292929293,,
1953-04-30,150.5191919191919,,
1953-05-01,150.54545454545453,,
1953-05-04,150.0234604105572,,
1953-05-05,149.8494623655914,,
1953-05-06,149.6754643206256,,
1953-05-07,149.50146627565982,,
1953-05-08,149.32746823069405,,
1953-05-11,148.80547409579668,,
1953-05-12,148.63147605083088,,
1953-05-13,148.4574780058651,,
1953-05-14,148.2834799608993,,
1953-05-15,148.10948191593351,,
1953-05-18,147.58748778103617,,
1953-05-19,147.41348973607037,,
1953-05-20,147.2394916911046,,
1953-05-21,147.0654936461388,,
1953-05-22,146.89149560117303,,
1953-05-25,146.36950146627566,,
1953-05-26,146.19550342130987,,
1953-05-27,146.0215053763441,,
1953-05-28,145.84750733137827,,
1953-05-29,145.67350928641252,,
1953-06-01,145.15151515151516,,
1953-06-02,145.220202020202,,
1953-06-03,145.2888888888889,,
1953-06-04,145.35757575757575,,
1953-06-05,145.42626262626263,,
1953-06-08,145.63232323232322,,
1953-06-09,145.7010101010101,,
1953-06-10,145.76969696969698,,
1953-06-11,145.83838383838383,,
1953-06-12,145.9070707070707,,
1953-06-15,146.1131313131313,,
1953-06-16,146.18181818181816,,
1953-06-17,146.25050505050504,,
1953-06-18,146.31919191919192,,
1953-06-19,146.38787878787878,,
1953-06-22,146.5939393939394,,
1953-06-23,146.66262626262625,,
1953-06-24,146.7313131313131,,
1953-06-25,146.8,,
1953-06-26,146.86868686868686,,
1953-06-29,147.07474747474748,,
1953-06-30,147.14343434343434,,
1953-07-01,147.21212121212122,,
1953-07-02,147.23167155425222,,
1953-07-03,147.25122189638319,,
1953-07-06,147.30987292277612,,
1953-07-07,147.32942326490712,,
1953-07-08,147.34897360703812,,
1953-07-09,147.36852394916912,,
1953-07-10,147.3880742913001,,
1953-07-13,147.44672531769305,,
1953-07-14,147.46627565982405,,
1953-07-15,147.48582600195505,,
1953-07-16,147.50537634408602,,
1953-07-17,147.524926686217,,
1953-07-20,147.58357771260998,,
1953-07-21,147.60312805474095,,
1953-07-22,147.62267839687195,,
1953-07-23,147.64222873900292,,
1953-07-24,147.66177908113391,,
1953-07-27,147.72043010752688,,
1953-07-28,147.73998044965788,,
1953-07-29,147.75953079178885,,
1953-07-30,147.77908113391985,,
1953-07-31,147.79863147605084,,
1953-08-03,147.3802541544477,,
1953-08-04,147.16129032258064,,
1953-08-05,146.94232649071358,,
1953-08-06,146.72336265884653,,
1953-08-07,146.50439882697947,,
1953-08-10,145.8475073313783,,
1953-08-11,145.62854349951124,,
1953-08-12,145.40957966764418,,
1953-08-13,145.19061583577712,,
1953-08-14,144.97165200391007,,
1953-08-17,144.3147605083089,,
1953-08-18,144.09579667644186,,
1953-08-19,143.87683284457478,,
1953-08-20,143.65786901270772,,
1953-08-21,143.43890518084066,,
1953-08-24,142.7820136852395,,
1953-08-25,142.56304985337243,,
1953-08-26,142.34408602150538,,
1953-08-27,142.12512218963832,,
1953-08-28,141.90615835777126,,
1953-08-31,141.2492668621701,,
1953-09-01,141.030303030303,,
1953-09-02,141.1525086934923,,
1953-09-03,141.27471435668156,,
1953-09-04,141.39692001987083,,
1953-09-07,141.76353700943864,,
1953-09-08,141.8857426726279,,
1953-09-09,142.0079483358172,,
1953-09-10,142.13015399900647,,
1953-09-11,142.25235966219572,,
1953-09-14,142.61897665176352,,
1953-09-15,142.7411823149528,,
1953-09-16,142.86338797814207,,
1953-09-17,142.98559364133135,,
1953-09-18,143.10779930452063,,
1953-09-21,143.47441629408843,,
1953-09-22,143.5966219572777,,
1953-09-23,143.71882762046695,,
1953-09-24,143.84103328365623,,
1953-09-25,143.9632389468455,,
1953-09-28,144.3298559364133,,
1953-09-29,144.4520615996026,,
1953-09-30,144.57426726279186,,
1953-10-01,144.6964729259811,,
1953-10-02,144.8186785891704,,
1953-10-05,145.1852955787382,,
1953-10-06,145.30750124192747,,
1953-10-07,145.42970690511675,,
1953-10-08,145.551912568306,,
1953-10-09,145.6741182314953,,
1953-10-12,146.0407352210631,,
1953-10-13,146.16294088425235,,
1953-10-14,146.28514654744163,,
1953-10-15,146.40735221063088,,
1953-10-16,146.52955787382018,,
1953-10-19,146.89617486338798,,
1953-10-20,147.01838052657726,,
1953-10-21,147.1405861897665,,
1953-10-22,147.2627918529558,,
1953-10-23,147.38499751614506,,
1953-10-26,147.75161450571287,,
1953-10-27,147.87382016890214,,
1953-10-28,147.9960258320914,,
1953-10-29,148.1182314952807,,
1953-10-30,148.24043715846994,,
1953-11-02,148.55151515151513,,
1953-11-03,148.6181818181818,,
1953-11-04,148.6848484848485,,
1953-11-05,148.75151515151515,,
1953-11-06,148.8181818181818,,
1953-11-09,149.01818181818183,,
1953-11-10,149.0848484848485,,
1953-11-11,149.15151515151516,,
1953-11-12,149.21818181818182,,
1953-11-13,149.28484848484845,,
1953-11-16,149.4848484848485,,
1953-11-17,149.55151515151513,,
1953-11-18,149.6181818181818,,
1953-11-19,149.6848484848485,,
1953-11-20,149.75151515151515,,
1953-11-23,149.95151515151514,,
1953-11-24,150.01818181818183,,
1953-11-25,150.0848484848485,,
1953-11-26,150.15151515151516,,
1953-11-27,150.21818181818182,,
1953-11-30,150.4181818181818,,
1953-12-01,150.48484848484847,,
1953-12-02,151.92179863147607,,
1953-12-03,153.3587487781036,,
1953-12-04,154.79569892473117,,
1953-12-07,159.10654936461387,,
1953-12-08,160.54349951124146,,
1953-12-09,161.98044965786903,,
1953-12-10,163.41739980449657,,
1953-12-11,164.85434995112414,,
1953-12-14,169.1652003910068,,
1953-12-15,170.6021505376344,,
1953-12-16,172.03910068426197,,
1953-12-17,173.47605083088953,,
1953-12-18,174.9130009775171,,
1953-12-21,179.2238514173998,,
1953-12-22,180.66080156402737,,
1953-12-23,182.09775171065493,,
1953-12-24,183.5347018572825,,
1953-12-25,184.97165200391007,,
1953-12-28,189.28250244379277,,
1953-12-29,190.71945259042033,,
1953-12-30,192.1564027370479,,
1953-12-31,193.59335288367546,,
1954-01-01,195.03030303030303,,
1954-01-04,191.41739980449657,,
1954-01-05,190.2130987292278,,
1954-01-06,189.00879765395894,,
1954-01-07,187.80449657869013,,
1954-01-08,186.6001955034213,,
1954-01-11,182.98729227761484,,
1954-01-12,181.782991202346,,
1954-01-13,180.57869012707724,,
1954-01-14,179.3743890518084,,
1954-01-15,178.1700879765396,,
1954-01-18,174.55718475073314,,
1954-01-19,173.3528836754643,,
1954-01-20,172.1485826001955,,
1954-01-21,170.94428152492668,,
1954-01-22,169.73998044965788,,
1954-01-25,166.12707722385142,,
1954-01-26,164.92277614858259,,
1954-01-27,163.71847507331375,,
1954-01-28,162.51417399804498,,
1954-01-29,161.30987292277615,,
1954-02-01,157.6969696969697,,
1954-02-02,157.8160173160173,,
1954-02-03,157.93506493506493,,
1954-02-04,158.05411255411255,,
1954-02-05,158.17316017316017,,
1954-02-08,158.53030303030303,,
1954-02-09,158.64935064935065,,
1954-02-10,158.76839826839827,,
1954-02-11,158.8874458874459,,
1954-02-12,159.00649350649348,,
1954-02-15,159.36363636363635,,
1954-02-16,159.482683982684,,
1954-02-17,159.6017316017316,,
1954-02-18,159.72077922077924,,
1954-02-19,159.83982683982683,,
1954-02-22,160.19696969696972,,
1954-02-23,160.31601731601734,,
1954-02-24,160.43506493506493,,
1954-02-25,160.55411255411255,,
1954-02-26,160.67316017316017,,
1954-03-01,161.03030303030303,,
1954-03-02,161.2375366568915,,
1954-03-03,161.44477028347995,,
1954-03-04,161.65200391006843,,
1954-03-05,161.8592375366569,,
1954-03-08,162.48093841642228,,
1954-03-09,162.68817204301075,,
1954-03-10,162.8954056695992,,
1954-03-11,163.10263929618768,,
1954-03-12,163.30987292277615,,
1954-03-15,163.93157380254152,,
1954-03-16,164.13880742913,,
1954-03-17,164.34604105571847,,
1954-03-18,164.55327468230695,,
1954-03-19,164.7605083088954,,
1954-03-22,165.3822091886608,,
1954-03-23,165.58944281524924,,
1954-03-24,165.79667644183772,,
1954-03-25,166.0039100684262,,
1954-03-26,166.21114369501467,,
1954-03-29,166.83284457478004,,
1954-03-30,167.04007820136852,,
1954-03-31,167.247311827957,,
1954-04-01,167.45454545454547,,
1954-04-02,167.67676767676767,,
1954-04-05,168.34343434343435,,
1954-04-06,168.56565656565655,,
1954-04-07,168.78787878787878,,
1954-04-08,169.010101010101,,
1954-04-09,169.2323232323232,,
1954-04-12,169.8989898989899,,
1954-04-13,170.12121212121212,,
1954-04-14,170.34343434343432,,
1954-04-15,170.56565656565655,,
1954-04-16,170.78787878787878,,
1954-04-19,171.45454545454547,,
1954-04-20,171.6767676767677,,
1954-04-21,171.8989898989899,,
1954-04-22,172.12121212121212,,
1954-04-23,172.34343434343435,,
1954-04-26,173.010101010101,,
1954-04-27,173.23232323232324,,
1954-04-28,173.45454545454547,,
1954-04-29,173.67676767676767,,
1954-04-30,173.8989898989899,,
1954-05-03,174.21114369501467,,
1954-05-04,174.25610948191596,,
1954-05-05,174.30107526881721,,
1954-05-06,174.3460410557185,,
1954-05-07,174.39100684261973,,
1954-05-10,174.52590420332356,,
1954-05-11,174.57086999022485,,
1954-05-12,174.6158357771261,,
1954-05-13,174.66080156402737,,
1954-05-14,174.70576735092865,,
1954-05-17,174.84066471163246,,
1954-05-18,174.88563049853371,,
1954-05-19,174.930596285435,,
1954-05-20,174.97556207233626,,
1954-05-21,175.02052785923755,,
1954-05-24,175.15542521994135,,
1954-05-25,175.20039100684264,,
1954-05-26,175.24535679374392,,
1954-05-27,175.29032258064515,,
1954-05-28,175.33528836754644,,
1954-05-31,175.47018572825024,,
1954-06-01,175.5151515151515,,
1954-06-02,175.75151515151518,,
1954-06-03,175.98787878787877,,
1954-06-04,176.22424242424245,,
1954-06-07,176.9333333333333,,
1954-06-08,177.169696969697,,
1954-06-09,177.4060606060606,,
1954-06-10,177.64242424242425,,
1954-06-11,177.87878787878788,,
1954-06-14,178.5878787878788,,
1954-06-15,178.8242424242424,,
1954-06-16,179.06060606060606,,
1954-06-17,179.29696969696968,,
1954-06-18,179.53333333333333,,
1954-06-21,180.24242424242422,,
1954-06-22,180.47878787878787,,
1954-06-23,180.7151515151515,,
1954-06-24,180.95151515151514,,
1954-06-25,181.1878787878788,,
1954-06-28,181.89696969696968,,
1954-06-29,182.13333333333333,,
1954-06-30,182.36969696969695,,
1954-07-01,182.6060606060606,,
1954-07-02,182.72336265884653,,
1954-07-05,183.07526881720432,,
1954-07-06,183.19257086999022,,
1954-07-07,183.30987292277615,,
1954-07-08,183.42717497556208,,
1954-07-09,183.54447702834798,,
1954-07-12,183.89638318670578,,
1954-07-13,184.01368523949168,,
1954-07-14,184.1309872922776,,
1954-07-15,184.24828934506354,,
1954-07-16,184.36559139784947,,
1954-07-19,184.71749755620723,,
1954-07-20,184.83479960899314,,
1954-07-21,184.95210166177907,,
1954-07-22,185.069403714565,,
1954-07-23,185.18670576735093,,
1954-07-26,185.53861192570872,,
1954-07-27,185.65591397849462,,
1954-07-28,185.77321603128055,,
1954-07-29,185.89051808406646,,
1954-07-30,186.0078201368524,,
1954-08-02,186.38318670576734,,
1954-08-03,186.52394916911047,,
1954-08-04,186.66471163245356,,
1954-08-05,186.80547409579668,,
1954-08-06,186.9462365591398,,
1954-08-09,187.3685239491691,,
1954-08-10,187.5092864125122,,
1954-08-11,187.65004887585533,,
1954-08-12,187.79081133919843,,
1954-08-13,187.93157380254152,,
1954-08-16,188.35386119257086,,
1954-08-17,188.49462365591398,,
1954-08-18,188.6353861192571,,
1954-08-19,188.7761485826002,,
1954-08-20,188.9169110459433,,
1954-08-23,189.33919843597263,,
1954-08-24,189.47996089931573,,
1954-08-25,189.62072336265882,,
1954-08-26,189.76148582600194,,
1954-08-27,189.90224828934507,,
1954-08-30,190.32453567937438,,
1954-08-31,190.4652981427175,,
1954-09-01,190.6060606060606,,
1954-09-02,190.80377545951313,,
1954-09-03,191.00149031296573,,
1954-09-06,191.59463487332337,,
1954-09-07,191.79234972677594,,
1954-09-08,191.9900645802285,,
1954-09-09,192.18777943368107,,
1954-09-10,192.38549428713364,,
1954-09-13,192.97863884749128,,
1954-09-14,193.17635370094385,,
1954-09-15,193.37406855439642,,
1954-09-16,193.57178340784898,,
1954-09-17,193.76949826130152,,
1954-09-20,194.3626428216592,,
1954-09-21,194.56035767511176,,
1954-09-22,194.75807252856433,,
1954-09-23,194.95578738201687,,
1954-09-24,195.1535022354694,,
1954-09-27,195.74664679582713,,
1954-09-28,195.9443616492797,,
1954-09-29,196.14207650273227,,
1954-09-30,196.3397913561848,,
1954-10-01,196.53750620963737,,
1954-10-04,197.13065076999504,,
1954-10-05,197.32836562344758,,
1954-10-06,197.52608047690015,,
1954-10-07,197.7237953303527,,
1954-10-08,197.92151018380525,,
1954-10-11,198.51465474416293,,
1954-10-12,198.7123695976155,,
1954-10-13,198.91008445106803,,
1954-10-14,199.1077993045206,,
1954-10-15,199.30551415797316,,
1954-10-18,199.8986587183308,,
1954-10-19,200.09637357178337,,
1954-10-20,200.29408842523594,,
1954-10-21,200.4918032786885,,
1954-10-22,200.68951813214107,,
1954-10-25,201.28266269249875,,
1954-10-26,201.4803775459513,,
1954-10-27,201.67809239940388,,
1954-10-28,201.87580725285642,,
1954-10-29,202.07352210630899,,
1954-11-01,202.66666666666663,,
1954-11-02,202.9757575757576,,
1954-11-03,203.28484848484845,,
1954-11-04,203.5939393939394,,
1954-11-05,203.9030303030303,,
1954-11-08,204.830303030303,,
1954-11-09,205.13939393939395,,
1954-11-10,205.44848484848487,,
1954-11-11,205.75757575757572,,
1954-11-12,206.06666666666666,,
1954-11-15,206.99393939393937,,
1954-11-16,207.30303030303028,,
1954-11-17,207.61212121212122,,
1954-11-18,207.92121212121208,,
1954-11-19,208.23030303030302,,
1954-11-22,209.15757575757573,,
1954-11-23,209.46666666666664,,
1954-11-24,209.77575757575758,,
1954-11-25,210.0848484848485,,
1954-11-26,210.39393939393935,,
1954-11-29,211.32121212121214,,
1954-11-30,211.63030303030303,,
1954-12-01,211.9393939393939,,
1954-12-02,213.33528836754638,,
1954-12-03,214.73118279569894,,
1954-12-06,218.9188660801564,,
1954-12-07,220.3147605083089,,
1954-12-08,221.71065493646137,,
1954-12-09,223.10654936461387,,
1954-12-10,224.50244379276634,,
1954-12-13,228.69012707722388,,
1954-12-14,230.08602150537632,,
1954-12-15,231.48191593352885,,
1954-12-16,232.87781036168133,,
1954-12-17,234.27370478983383,,
1954-12-20,238.46138807429128,,
1954-12-21,239.85728250244378,,
1954-12-22,241.25317693059628,,
1954-12-23,242.6490713587488,,
1954-12-24,244.04496578690126,,
1954-12-27,248.23264907135876,,
1954-12-28,249.62854349951124,,
1954-12-29,251.02443792766374,,
1954-12-30,252.4203323558162,,
1954-12-31,253.81622678396874,,
1955-01-03,253.13196480938416,,
1955-01-04,252.09188660801564,,
1955-01-05,251.0518084066471,,
1955-01-06,250.01173020527858,,
1955-01-07,248.97165200391007,,
1955-01-10,245.8514173998045,,
1955-01-11,244.81133919843595,,
1955-01-12,243.77126099706743,,
1955-01-13,242.7311827956989,,
1955-01-14,241.69110459433037,,
1955-01-17,238.57086999022482,,
1955-01-18,237.53079178885633,,
1955-01-19,236.49071358748782,,
1955-01-20,235.45063538611925,,
1955-01-21,234.41055718475076,,
1955-01-24,231.29032258064518,,
1955-01-25,230.25024437927667,,
1955-01-26,229.2101661779081,,
1955-01-27,228.1700879765396,,
1955-01-28,227.1300097751711,,
1955-01-31,224.0097751710655,,
1955-02-01,222.96969696969694,,
1955-02-02,222.90692640692637,,
1955-02-03,222.84415584415584,,
1955-02-04,222.78138528138527,,
1955-02-07,222.5930735930736,,
1955-02-08,222.53030303030306,,
1955-02-09,222.46753246753244,,
1955-02-10,222.4047619047619,,
1955-02-11,222.34199134199133,,
1955-02-14,222.15367965367966,,
1955-02-15,222.09090909090907,,
1955-02-16,222.02813852813853,,
1955-02-17,221.96536796536796,,
1955-02-18,221.90259740259742,,
1955-02-21,221.71428571428572,,
1955-02-22,221.65151515151513,,
1955-02-23,221.5887445887446,,
1955-02-24,221.52597402597402,,
1955-02-25,221.46320346320346,,
1955-02-28,221.2748917748918,,
1955-03-01,221.2121212121212,,
1955-03-02,221.45845552297163,,
1955-03-03,221.70478983382208,,
1955-03-04,221.95112414467255,,
1955-03-07,222.69012707722382,,
1955-03-08,222.93646138807426,,
1955-03-09,223.18279569892474,,
1955-03-10,223.42913000977518,,
1955-03-11,223.67546432062562,,
1955-03-14,224.41446725317692,,
1955-03-15,224.66080156402737,,
1955-03-16,224.9071358748778,,
1955-03-17,225.15347018572825,,
1955-03-18,225.39980449657867,,
1955-03-21,226.13880742913,,
1955-03-22,226.38514173998044,,
1955-03-23,226.63147605083088,,
1955-03-24,226.8778103616813,,
1955-03-25,227.1241446725318,,
1955-03-28,227.86314760508307,,
1955-03-29,228.1094819159335,,
1955-03-30,228.355816226784,,
1955-03-31,228.60215053763443,,
1955-04-01,228.84848484848484,,
1955-04-04,228.75151515151515,,
1955-04-05,228.7191919191919,,
1955-04-06,228.6868686868687,,
1955-04-07,228.65454545454546,,
1955-04-08,228.62222222222223,,
1955-04-11,228.52525252525248,,
1955-04-12,228.4929292929293,,
1955-04-13,228.46060606060604,,
1955-04-14,228.42828282828282,,
1955-04-15,228.39595959595957,,
1955-04-18,228.2989898989899,,
1955-04-19,228.26666666666665,,
1955-04-20,228.23434343434346,,
1955-04-21,228.2020202020202,,
1955-04-22,228.169696969697,,
1955-04-25,228.07272727272726,,
1955-04-26,228.04040404040404,,
1955-04-27,228.0080808080808,,
1955-04-28,227.9757575757576,,
1955-04-29,227.94343434343435,,
1955-05-02,228.3049853372434,,
1955-05-03,228.73118279569894,,
1955-05-04,229.15738025415445,,
1955-05-05,229.58357771260998,,
1955-05-06,230.0097751710655,,
1955-05-09,231.28836754643208,,
1955-05-10,231.71456500488762,,
1955-05-11,232.1407624633431,,
1955-05-12,232.56695992179863,,
1955-05-13,232.99315738025416,,
1955-05-16,234.27174975562073,,
1955-05-17,234.69794721407627,,
1955-05-18,235.1241446725318,,
1955-05-19,235.5503421309873,,
1955-05-20,235.97653958944284,,
1955-05-23,237.25513196480938,,
1955-05-24,237.6813294232649,,
1955-05-25,238.10752688172045,,
1955-05-26,238.53372434017595,,
1955-05-27,238.95992179863148,,
1955-05-30,240.23851417399806,,
1955-05-31,240.6647116324536,,
1955-06-01,241.09090909090912,,
1955-06-02,241.67878787878792,,
1955-06-03,242.26666666666668,,
1955-06-06,244.03030303030303,,
1955-06-07,244.61818181818185,,
1955-06-08,245.20606060606062,,
1955-06-09,245.79393939393935,,
1955-06-10,246.38181818181818,,
1955-06-13,248.14545454545458,,
1955-06-14,248.7333333333333,,
1955-06-15,249.3212121212121,,
1955-06-16,249.9090909090909,,
1955-06-17,250.4969696969697,,
1955-06-20,252.26060606060602,,
1955-06-21,252.84848484848484,,
1955-06-22,253.43636363636364,,
1955-06-23,254.02424242424243,,
1955-06-24,254.6121212121212,,
1955-06-27,256.3757575757576,,
1955-06-28,256.9636363636364,,
1955-06-29,257.5515151515151,,
1955-06-30,258.1393939393939,,
1955-07-01,258.7272727272727,,
1955-07-04,258.5747800586511,,
1955-07-05,258.5239491691105,,
1955-07-06,258.4731182795699,,
1955-07-07,258.42228739002934,,
1955-07-08,258.37145650048876,,
1955-07-11,258.21896383186703,,
1955-07-12,258.16813294232645,,
1955-07-13,258.11730205278593,,
1955-07-14,258.06647116324535,,
1955-07-15,258.0156402737048,,
1955-07-18,257.8631476050831,,
1955-07-19,257.8123167155425,,
1955-07-20,257.76148582600194,,
1955-07-21,257.71065493646137,,
1955-07-22,257.65982404692085,,
1955-07-25,257.5073313782991,,
1955-07-26,257.45650048875854,,
1955-07-27,257.40566959921796,,
1955-07-28,257.3548387096774,,
1955-07-29,257.3040078201368,,
1955-08-01,257.1515151515151,,
1955-08-02,257.524926686217,,
1955-08-03,257.8983382209189,,
1955-08-04,258.27174975562076,,
1955-08-05,258.64516129032256,,
1955-08-08,259.76539589442814,,
1955-08-09,260.13880742913,,
1955-08-10,260.51221896383186,,
1955-08-11,260.8856304985337,,
1955-08-12,261.2590420332356,,
1955-08-15,262.37927663734115,,
1955-08-16,262.75268817204307,,
1955-08-17,263.12609970674487,,
1955-08-18,263.4995112414467,,
1955-08-19,263.8729227761486,,
1955-08-22,264.99315738025416,,
1955-08-23,265.366568914956,,
1955-08-24,265.7399804496579,,
1955-08-25,266.1133919843598,,
1955-08-26,266.4868035190616,,
1955-08-29,267.6070381231672,,
1955-08-30,267.98044965786903,,
1955-08-31,268.3538611925709,,
1955-09-01,268.72727272727275,,
1955-09-02,268.7878787878788,,
1955-09-05,268.969696969697,,
1955-09-06,269.03030303030306,,
1955-09-07,269.0909090909091,,
1955-09-08,269.1515151515152,,
1955-09-09,269.21212121212125,,
1955-09-12,269.39393939393943,,
1955-09-13,269.4545454545455,,
1955-09-14,269.5151515151515,,
1955-09-15,269.57575757575756,,
1955-09-16,269.6363636363636,,
1955-09-19,269.8181818181818,,
1955-09-20,269.8787878787879,,
1955-09-21,269.939393939394,,
1955-09-22,270.0,,
1955-09-23,270.06060606060606,,
1955-09-26,270.24242424242425,,
1955-09-27,270.3030303030303,,
1955-09-28,270.36363636363643,,
1955-09-29,270.42424242424244,,
1955-09-30,270.4848484848485,,
1955-10-03,270.6666666666667,,
1955-10-04,270.72727272727275,,
1955-10-05,270.7878787878788,,
1955-10-06,270.8484848484849,,
1955-10-07,270.90909090909093,,
1955-10-10,271.0909090909091,,
1955-10-11,271.1515151515151,,
1955-10-12,271.2121212121212,,
1955-10-13,271.2727272727273,,
1955-10-14,271.3333333333333,,
1955-10-17,271.51515151515156,,
1955-10-18,271.57575757575756,,
1955-10-19,271.6363636363636,,
1955-10-20,271.69696969696975,,
1955-10-21,271.75757575757575,,
1955-10-24,271.939393939394,,
1955-10-25,272.0,,
1955-10-26,272.06060606060606,,
1955-10-27,272.1212121212122,,
1955-10-28,272.1818181818182,,
1955-10-31,272.36363636363643,,
1955-11-01,272.42424242424244,,
1955-11-02,272.50909090909096,,
1955-11-03,272.59393939393937,,
1955-11-04,272.67878787878794,,
1955-11-07,272.93333333333334,,
1955-11-08,273.0181818181818,,
1955-11-09,273.1030303030303,,
1955-11-10,273.1878787878788,,
1955-11-11,273.2727272727273,,
1955-11-14,273.5272727272727,,
1955-11-15,273.6121212121212,,
1955-11-16,273.6969696969697,,
1955-11-17,273.78181818181815,,
1955-11-18,273.8666666666667,,
1955-11-21,274.1212121212121,,
1955-11-22,274.2060606060606,,
1955-11-23,274.29090909090905,,
1955-11-24,274.3757575757576,,
1955-11-25,274.4606060606061,,
1955-11-28,274.7151515151515,,
1955-11-29,274.79999999999995,,
1955-11-30,274.8848484848485,,
1955-12-01,274.96969696969694,,
1955-12-02,274.7311827956989,,
1955-12-05,274.0156402737048,,
1955-12-06,273.7771260997067,,
1955-12-07,273.5386119257087,,
1955-12-08,273.30009775171067,,
1955-12-09,273.0615835777126,,
1955-12-12,272.3460410557185,,
1955-12-13,272.10752688172045,,
1955-12-14,271.8690127077224,,
1955-12-15,271.63049853372434,,
1955-12-16,271.3919843597263,,
1955-12-19,270.6764418377321,,
1955-12-20,270.4379276637341,,
1955-12-21,270.19941348973606,,
1955-12-22,269.960899315738,,
1955-12-23,269.72238514173995,,
1955-12-26,269.00684261974584,,
1955-12-27,268.7683284457478,,
1955-12-28,268.52981427174973,,
1955-12-29,268.2913000977517,,
1955-12-30,268.0527859237536,,
1956-01-02,267.63049853372434,,
1956-01-03,267.6852394916911,,
1956-01-04,267.7399804496579,,
1956-01-05,267.79472140762465,,
1956-01-06,267.8494623655914,,
1956-01-09,268.0136852394917,,
1956-01-10,268.0684261974584,,
1956-01-11,268.1231671554252,,
1956-01-12,268.177908113392,,
1956-01-13,268.2326490713587,,
1956-01-16,268.396871945259,,
1956-01-17,268.4516129032258,,
1956-01-18,268.50635386119257,,
1956-01-19,268.56109481915934,,
1956-01-20,268.6158357771261,,
1956-01-23,268.7800586510264,,
1956-01-24,268.8347996089932,,
1956-01-25,268.8895405669599,,
1956-01-26,268.9442815249267,,
1956-01-27,268.99902248289345,,
1956-01-30,269.16324535679377,,
1956-01-31,269.21798631476054,,
1956-02-01,269.2727272727273,,
1956-02-02,269.91222570532915,,
1956-02-03,270.55172413793105,,
1956-02-06,272.4702194357367,,
1956-02-07,273.1097178683386,,
1956-02-08,273.7492163009404,,
1956-02-09,274.3887147335423,,
1956-02-10,275.0282131661442,,
1956-02-13,276.94670846394985,,
1956-02-14,277.5862068965517,,
1956-02-15,278.2257053291536,,
1956-02-16,278.86520376175554,,
1956-02-17,279.5047021943574,,
1956-02-20,281.42319749216307,,
1956-02-21,282.0626959247649,,
1956-02-22,282.7021943573668,,
1956-02-23,283.34169278996865,,
1956-02-24,283.9811912225706,,
1956-02-27,285.8996865203762,,
1956-02-28,286.5391849529781,,
1956-02-29,287.17868338558,,
1956-03-01,287.8181818181818,,
1956-03-02,287.92766373411536,,
1956-03-05,288.2561094819159,,
1956-03-06,288.3655913978494,,
1956-03-07,288.475073313783,,
1956-03-08,288.5845552297165,,
1956-03-09,288.69403714565004,,
1956-03-12,289.0224828934506,,
1956-03-13,289.13196480938416,,
1956-03-14,289.2414467253177,,
1956-03-15,289.35092864125124,,
1956-03-16,289.46041055718473,,
1956-03-19,289.78885630498536,,
1956-03-20,289.89833822091884,,
1956-03-21,290.0078201368524,,
1956-03-22,290.1173020527859,,
1956-03-23,290.2267839687194,,
1956-03-26,290.55522971652,,
1956-03-27,290.6647116324536,,
1956-03-28,290.7741935483871,,
1956-03-29,290.8836754643206,,
1956-03-30,290.9931573802541,,
1956-04-02,290.90707070707066,,
1956-04-03,290.6020202020202,,
1956-04-04,290.2969696969697,,
1956-04-05,289.9919191919192,,
1956-04-06,289.6868686868687,,
1956-04-09,288.77171717171717,,
1956-04-10,288.4666666666667,,
1956-04-11,288.16161616161617,,
1956-04-12,287.85656565656564,,
1956-04-13,287.55151515151516,,
1956-04-16,286.6363636363637,,
1956-04-17,286.33131313131315,,
1956-04-18,286.0262626262626,,
1956-04-19,285.72121212121215,,
1956-04-20,285.4161616161616,,
1956-04-23,284.5010101010101,,
1956-04-24,284.1959595959596,,
1956-04-25,283.8909090909091,,
1956-04-26,283.58585858585855,,
1956-04-27,283.2808080808081,,
1956-04-30,282.3656565656566,,
1956-05-01,282.060606060606,,
1956-05-02,282.0078201368524,,
1956-05-03,281.95503421309877,,
1956-05-04,281.9022482893451,,
1956-05-07,281.7438905180841,,
1956-05-08,281.6911045943304,,
1956-05-09,281.6383186705767,,
1956-05-10,281.58553274682305,,
1956-05-11,281.53274682306943,,
1956-05-14,281.3743890518084,,
1956-05-15,281.3216031280548,,
1956-05-16,281.2688172043011,,
1956-05-17,281.2160312805474,,
1956-05-18,281.1632453567937,,
1956-05-21,281.00488758553274,,
1956-05-22,280.95210166177907,,
1956-05-23,280.89931573802545,,
1956-05-24,280.8465298142718,,
1956-05-25,280.7937438905181,,
1956-05-28,280.6353861192571,,
1956-05-29,280.5826001955034,,
1956-05-30,280.52981427174973,,
1956-05-31,280.4770283479961,,
1956-06-01,280.4242424242425,,
1956-06-04,281.94545454545454,,
1956-06-05,282.4525252525253,,
1956-06-06,282.959595959596,,
1956-06-07,283.4666666666667,,
1956-06-08,283.9737373737374,,
1956-06-11,285.49494949494954,,
1956-06-12,286.00202020202016,,
1956-06-13,286.5090909090909,,
1956-06-14,287.01616161616164,,
1956-06-15,287.5232323232323,,
1956-06-18,289.0444444444445,,
1956-06-19,289.55151515151516,,
1956-06-20,290.0585858585859,,
1956-06-21,290.5656565656566,,
1956-06-22,291.07272727272726,,
1956-06-25,292.5939393939394,,
1956-06-26,293.1010101010101,,
1956-06-27,293.60808080808084,,
1956-06-28,294.1151515151515,,
1956-06-29,294.62222222222226,,
1956-07-02,295.5796676441838,,
1956-07-03,295.52297165200395,,
1956-07-04,295.466275659824,,
1956-07-05,295.4095796676442,,
1956-07-06,295.35288367546434,,
1956-07-09,295.18279569892474,,
1956-07-10,295.12609970674487,,
1956-07-11,295.069403714565,,
1956-07-12,295.01270772238513,,
1956-07-13,294.9560117302053,,
1956-07-16,294.78592375366566,,
1956-07-17,294.72922776148584,,
1956-07-18,294.672531769306,,
1956-07-19,294.6158357771261,,
1956-07-20,294.5591397849462,,
1956-07-23,294.3890518084067,,
1956-07-24,294.3323558162268,,
1956-07-25,294.27565982404695,,
1956-07-26,294.2189638318671,,
1956-07-27,294.1622678396872,,
1956-07-30,293.9921798631476,,
1956-07-31,293.93548387096774,,
1956-08-01,293.8787878787879,,
1956-08-02,293.5562072336266,,
1956-08-03,293.23362658846526,,
1956-08-06,292.26588465298147,,
1956-08-07,291.94330400782013,,
1956-08-08,291.62072336265885,,
1956-08-09,291.2981427174976,,
1956-08-10,290.9755620723363,,
1956-08-13,290.0078201368524,,
1956-08-14,289.68523949169116,,
1956-08-15,289.3626588465298,,
1956-08-16,289.04007820136854,,
1956-08-17,288.71749755620726,,
1956-08-20,287.7497556207234,,
1956-08-21,287.4271749755621,,
1956-08-22,287.1045943304008,,
1956-08-23,286.78201368523946,,
1956-08-24,286.45943304007824,,
1956-08-27,285.49169110459434,,
1956-08-28,285.169110459433,,
1956-08-29,284.8465298142718,,
1956-08-30,284.5239491691105,,
1956-08-31,284.2013685239492,,
1956-09-03,283.66418281172383,,
1956-09-04,283.5568802781918,,
1956-09-05,283.44957774465973,,
1956-09-06,283.3422752111277,,
1956-09-07,283.23497267759564,,
1956-09-10,282.9130650769995,,
1956-09-11,282.80576254346744,,
1956-09-12,282.69846000993545,,
1956-09-13,282.5911574764034,,
1956-09-14,282.48385494287135,,
1956-09-17,282.1619473422752,,
1956-09-18,282.0546448087432,,
1956-09-19,281.94734227521116,,
1956-09-20,281.8400397416791,,
1956-09-21,281.73273720814706,,
1956-09-24,281.41082960755097,,
1956-09-25,281.3035270740189,,
1956-09-26,281.1962245404868,,
1956-09-27,281.0889220069548,,
1956-09-28,280.98161947342277,,
1956-10-01,280.6597118728266,,
1956-10-02,280.55240933929457,,
1956-10-03,280.4451068057625,,
1956-10-04,280.3378042722305,,
1956-10-05,280.2305017386985,,
1956-10-08,279.90859413810233,,
1956-10-09,279.8012916045703,,
1956-10-10,279.6939890710383,,
1956-10-11,279.5866865375062,,
1956-10-12,279.4793840039742,,
1956-10-15,279.15747640337804,,
1956-10-16,279.05017386984593,,
1956-10-17,278.94287133631394,,
1956-10-18,278.83556880278195,,
1956-10-19,278.72826626924984,,
1956-10-22,278.40635866865375,,
1956-10-23,278.29905613512176,,
1956-10-24,278.19175360158965,,
1956-10-25,278.0844510680576,,
1956-10-26,277.97714853452555,,
1956-10-29,277.65524093392946,,
1956-10-30,277.5479384003974,,
1956-10-31,277.44063586686536,,
1956-11-01,277.33333333333337,,
1956-11-02,277.4707070707071,,
1956-11-05,277.88282828282826,,
1956-11-06,278.02020202020196,,
1956-11-07,278.1575757575758,,
1956-11-08,278.2949494949495,,
1956-11-09,278.43232323232326,,
1956-11-12,278.84444444444443,,
1956-11-13,278.9818181818182,,
1956-11-14,279.1191919191919,,
1956-11-15,279.2565656565656,,
1956-11-16,279.3939393939394,,
1956-11-19,279.8060606060606,,
1956-11-20,279.9434343434343,,
1956-11-21,280.0808080808081,,
1956-11-22,280.2181818181818,,
1956-11-23,280.3555555555555,,
1956-11-26,280.76767676767673,,
1956-11-27,280.9050505050505,,
1956-11-28,281.0424242424242,,
1956-11-29,281.17979797979797,,
1956-11-30,281.31717171717173,,
1956-12-03,279.42130987292273,,
1956-12-04,278.40469208211147,,
1956-12-05,277.3880742913001,,
1956-12-06,276.37145650048876,,
1956-12-07,275.3548387096774,,
1956-12-10,272.3049853372434,,
1956-12-11,271.288367546432,,
1956-12-12,270.2717497556207,,
1956-12-13,269.25513196480944,,
1956-12-14,268.238514173998,,
1956-12-17,265.188660801564,,
1956-12-18,264.1720430107527,,
1956-12-19,263.1554252199414,,
1956-12-20,262.13880742913,,
1956-12-21,261.1221896383187,,
1956-12-24,258.0723362658847,,
1956-12-25,257.05571847507326,,
1956-12-26,256.039100684262,,
1956-12-27,255.02248289345064,,
1956-12-28,254.0058651026393,,
1956-12-31,250.95601173020526,,
1957-01-01,249.93939393939394,,
1957-01-02,250.37536656891496,,
1957-01-03,250.81133919843595,,
1957-01-04,251.24731182795702,,
1957-01-07,252.55522971652002,,
1957-01-08,252.99120234604104,,
1957-01-09,253.4271749755621,,
1957-01-10,253.86314760508313,,
1957-01-11,254.29912023460412,,
1957-01-14,255.60703812316717,,
1957-01-15,256.0430107526882,,
1957-01-16,256.4789833822092,,
1957-01-17,256.9149560117302,,
1957-01-18,257.3509286412512,,
1957-01-21,258.65884652981424,,
1957-01-22,259.09481915933526,,
1957-01-23,259.5307917888563,,
1957-01-24,259.9667644183773,,
1957-01-25,260.4027370478983,,
1957-01-28,261.7106549364614,,
1957-01-29,262.1466275659824,,
1957-01-30,262.58260019550346,,
1957-01-31,263.0185728250245,,
1957-02-01,263.45454545454544,,
1957-02-04,263.8181818181818,,
1957-02-05,263.93939393939394,,
1957-02-06,264.06060606060606,,
1957-02-07,264.1818181818182,,
1957-02-08,264.3030303030303,,
1957-02-11,264.6666666666667,,
1957-02-12,264.7878787878788,,
1957-02-13,264.9090909090909,,
1957-02-14,265.030303030303,,
1957-02-15,265.1515151515151,,
1957-02-18,265.5151515151515,,
1957-02-19,265.6363636363636,,
1957-02-20,265.75757575757575,,
1957-02-21,265.8787878787879,,
1957-02-22,266.0,,
1957-02-25,266.3636363636364,,
1957-02-26,266.48484848484844,,
1957-02-27,266.6060606060606,,
1957-02-28,266.7272727272727,,
1957-03-01,266.8484848484849,,
1957-03-04,267.4467253176931,,
1957-03-05,267.64613880742917,,
1957-03-06,267.8455522971652,,
1957-03-07,268.04496578690123,,
1957-03-08,268.2443792766373,,
1957-03-11,268.8426197458456,,
1957-03-12,269.04203323558164,,
1957-03-13,269.2414467253177,,
1957-03-14,269.4408602150538,,
1957-03-15,269.6402737047898,,
1957-03-18,270.238514173998,,
1957-03-19,270.4379276637341,,
1957-03-20,270.6373411534702,,
1957-03-21,270.8367546432063,,
1957-03-22,271.03616813294235,,
1957-03-25,271.63440860215053,,
1957-03-26,271.8338220918866,,
1957-03-27,272.03323558162265,,
1957-03-28,272.2326490713587,,
1957-03-29,272.4320625610948,,
1957-04-01,273.030303030303,,
1957-04-02,273.37979797979796,,
1957-04-03,273.7292929292929,,
1957-04-04,274.07878787878786,,
1957-04-05,274.42828282828276,,
1957-04-08,275.4767676767677,,
1957-04-09,275.82626262626263,,
1957-04-10,276.1757575757576,,
1957-04-11,276.52525252525254,,
1957-04-12,276.8747474747475,,
1957-04-15,277.9232323232323,,
1957-04-16,278.27272727272725,,
1957-04-17,278.62222222222226,,
1957-04-18,278.97171717171716,,
1957-04-19,279.3212121212121,,
1957-04-22,280.369696969697,,
1957-04-23,280.7191919191919,,
1957-04-24,281.0686868686869,,
1957-04-25,281.4181818181818,,
1957-04-26,281.76767676767673,,
1957-04-29,282.8161616161616,,
1957-04-30,283.1656565656566,,
1957-05-01,283.51515151515156,,
1957-05-02,283.6656891495601,,
1957-05-03,283.8162267839687,,
1957-05-06,284.2678396871945,,
1957-05-07,284.41837732160315,,
1957-05-08,284.5689149560117,,
1957-05-09,284.7194525904203,,
1957-05-10,284.86999022482894,,
1957-05-13,285.32160312805473,,
1957-05-14,285.4721407624633,,
1957-05-15,285.62267839687195,,
1957-05-16,285.7732160312805,,
1957-05-17,285.92375366568916,,
1957-05-20,286.37536656891496,,
1957-05-21,286.52590420332353,,
1957-05-22,286.67644183773217,,
1957-05-23,286.82697947214075,,
1957-05-24,286.9775171065493,,
1957-05-27,287.4291300097751,,
1957-05-28,287.57966764418376,,
1957-05-29,287.7302052785924,,
1957-05-30,287.880742913001,,
1957-05-31,288.0312805474096,,
1957-06-03,288.56969696969696,,
1957-06-04,288.76363636363635,,
1957-06-05,288.95757575757574,,
1957-06-06,289.1515151515152,,
1957-06-07,289.3454545454545,,
1957-06-10,289.92727272727274,,
1957-06-11,290.12121212121207,,
1957-06-12,290.3151515151515,,
1957-06-13,290.5090909090909,,
1957-06-14,290.70303030303035,,
1957-06-17,291.28484848484845,,
1957-06-18,291.4787878787879,,
1957-06-19,291.6727272727273,,
1957-06-20,291.8666666666667,,
1957-06-21,292.06060606060606,,
1957-06-24,292.6424242424242,,
1957-06-25,292.8363636363636,,
1957-06-26,293.030303030303,,
1957-06-27,293.22424242424245,,
1957-06-28,293.41818181818184,,
1957-07-01,294.0,,
1957-07-02,293.4780058651026,,
1957-07-03,292.9560117302053,,
1957-07-04,292.4340175953079,,
1957-07-05,291.9120234604105,,
1957-07-08,290.34604105571844,,
1957-07-09,289.82404692082116,,
1957-07-10,289.30205278592376,,
1957-07-11,288.78005865102637,,
1957-07-12,288.258064516129,,
1957-07-15,286.692082111437,,
1957-07-16,286.1700879765396,,
1957-07-17,285.6480938416422,,
1957-07-18,285.12609970674487,,
1957-07-19,284.6041055718475,,
1957-07-22,283.03812316715545,,
1957-07-23,282.51612903225805,,
1957-07-24,281.9941348973607,,
1957-07-25,281.47214076246337,,
1957-07-26,280.95014662756597,,
1957-07-29,279.3841642228739,,
1957-07-30,278.86217008797655,,
1957-07-31,278.3401759530792,,
1957-08-01,277.8181818181818,,
1957-08-02,277.45454545454544,,
1957-08-05,276.3636363636364,,
1957-08-06,276.0,,
1957-08-07,275.6363636363637,,
1957-08-08,275.2727272727273,,
1957-08-09,274.9090909090909,,
1957-08-12,273.8181818181818,,
1957-08-13,273.45454545454544,,
1957-08-14,273.0909090909091,,
1957-08-15,272.7272727272727,,
1957-08-16,272.3636363636364,,
1957-08-19,271.27272727272725,,
1957-08-20,270.90909090909093,,
1957-08-21,270.54545454545456,,
1957-08-22,270.1818181818182,,
1957-08-23,269.81818181818176,,
1957-08-26,268.7272727272727,,
1957-08-27,268.3636363636364,,
1957-08-28,268.0,,
1957-08-29,267.6363636363636,,
1957-08-30,267.27272727272725,,
1957-09-02,266.1847988077496,,
1957-09-03,265.8241430700447,,
1957-09-04,265.46348733233975,,
1957-09-05,265.10283159463484,,
1957-09-06,264.7421758569299,,
1957-09-09,263.6602086438152,,
1957-09-10,263.29955290611025,,
1957-09-11,262.9388971684054,,
1957-09-12,262.5782414307004,,
1957-09-13,262.2175856929955,,
1957-09-16,261.13561847988075,,
1957-09-17,260.7749627421759,,
1957-09-18,260.4143070044709,,
1957-09-19,260.05365126676605,,
1957-09-20,259.69299552906114,,
1957-09-23,258.6110283159463,,
1957-09-24,258.2503725782414,,
1957-09-25,257.8897168405365,,
1957-09-26,257.5290611028316,,
1957-09-27,257.16840536512666,,
1957-09-30,256.0864381520119,,
1957-10-01,255.72578241430702,,
1957-10-02,255.36512667660207,,
1957-10-03,255.00447093889719,,
1957-10-04,254.64381520119227,,
1957-10-07,253.56184798807746,,
1957-10-08,253.20119225037257,,
1957-10-09,252.84053651266765,,
1957-10-10,252.47988077496274,,
1957-10-11,252.11922503725782,,
1957-10-14,251.03725782414307,,
1957-10-15,250.67660208643815,,
1957-10-16,250.31594634873323,,
1957-10-17,249.95529061102832,,
1957-10-18,249.59463487332343,,
1957-10-21,248.51266766020862,,
1957-10-22,248.1520119225037,,
1957-10-23,247.79135618479881,,
1957-10-24,247.43070044709387,,
1957-10-25,247.07004470938898,,
1957-10-28,245.98807749627426,,
1957-10-29,245.6274217585693,,
1957-10-30,245.26676602086437,,
1957-10-31,244.90611028315948,,
1957-11-01,244.54545454545453,,
1957-11-04,244.5333333333333,,
1957-11-05,244.52929292929292,,
1957-11-06,244.52525252525254,,
1957-11-07,244.52121212121213,,
1957-11-08,244.51717171717172,,
1957-11-11,244.50505050505052,,
1957-11-12,244.5010101010101,,
1957-11-13,244.4969696969697,,
1957-11-14,244.4929292929293,,
1957-11-15,244.48888888888888,,
1957-11-18,244.47676767676768,,
1957-11-19,244.47272727272727,,
1957-11-20,244.46868686868686,,
1957-11-21,244.46464646464645,,
1957-11-22,244.46060606060604,,
1957-11-25,244.44848484848484,,
1957-11-26,244.44444444444446,,
1957-11-27,244.44040404040405,,
1957-11-28,244.43636363636364,,
1957-11-29,244.43232323232326,,
1957-12-02,246.50048875855327,,
1957-12-03,248.57673509286414,,
1957-12-04,250.652981427175,,
1957-12-05,252.72922776148584,,
1957-12-06,254.80547409579665,,
1957-12-09,261.03421309872925,,
1957-12-10,263.1104594330401,,
1957-12-11,265.18670576735093,,
1957-12-12,267.2629521016618,,
1957-12-13,269.33919843597266,,
1957-12-16,275.5679374389052,,
1957-12-17,277.644183773216,,
1957-12-18,279.7204301075269,,
1957-12-19,281.79667644183775,,
1957-12-20,283.8729227761486,,
1957-12-23,290.1016617790811,,
1957-12-24,292.177908113392,,
1957-12-25,294.2541544477029,,
1957-12-26,296.33040078201367,,
1957-12-27,298.40664711632456,,
1957-12-30,304.6353861192571,,
1957-12-31,306.711632453568,,
1958-01-01,308.7878787878788,,
1958-01-02,306.89345063538616,,
1958-01-03,304.99902248289345,,
1958-01-06,299.31573802541544,,
1958-01-07,297.4213098729228,,
1958-01-08,295.52688172043014,,
1958-01-09,293.63245356793743,,
1958-01-10,291.7380254154448,,
1958-01-13,286.05474095796677,,
1958-01-14,284.1603128054741,,
1958-01-15,282.2658846529814,,
1958-01-16,280.3714565004888,,
1958-01-17,278.47702834799605,,
1958-01-20,272.79374389051804,,
1958-01-21,270.8993157380254,,
1958-01-22,269.00488758553274,,
1958-01-23,267.11045943304003,,
1958-01-24,265.2160312805474,,
1958-01-27,259.5327468230694,,
1958-01-28,257.6383186705767,,
1958-01-29,255.74389051808404,,
1958-01-30,253.8494623655914,,
1958-01-31,251.9550342130987,,
1958-02-03,250.4285714285714,,
1958-02-04,250.6125541125541,,
1958-02-05,250.7965367965368,,
1958-02-06,250.98051948051946,,
1958-02-07,251.16450216450215,,
1958-02-10,251.71645021645023,,
1958-02-11,251.9004329004329,,
1958-02-12,252.08441558441558,,
1958-02-13,252.26839826839824,,
1958-02-14,252.4523809523809,,
1958-02-17,253.00432900432898,,
1958-02-18,253.18831168831167,,
1958-02-19,253.37229437229433,,
1958-02-20,253.55627705627703,,
1958-02-21,253.74025974025975,,
1958-02-24,254.2922077922078,,
1958-02-25,254.47619047619048,,
1958-02-26,254.66017316017314,,
1958-02-27,254.84415584415586,,
1958-02-28,255.02813852813856,,
1958-03-03,255.30205278592376,,
1958-03-04,255.34701857282505,,
1958-03-05,255.3919843597263,,
1958-03-06,255.4369501466276,,
1958-03-07,255.48191593352882,,
1958-03-10,255.61681329423266,,
1958-03-11,255.66177908113391,,
1958-03-12,255.7067448680352,,
1958-03-13,255.75171065493646,,
1958-03-14,255.79667644183775,,
1958-03-17,255.93157380254152,,
1958-03-18,255.9765395894428,,
1958-03-19,256.02150537634407,,
1958-03-20,256.06647116324535,,
1958-03-21,256.11143695014664,,
1958-03-24,256.24633431085044,,
1958-03-25,256.29130009775173,,
1958-03-26,256.336265884653,,
1958-03-27,256.38123167155425,,
1958-03-28,256.42619745845553,,
1958-03-31,256.56109481915934,,
1958-04-01,256.6060606060606,,
1958-04-02,256.8808080808081,,
1958-04-03,257.15555555555557,,
1958-04-04,257.4303030303031,,
1958-04-07,258.25454545454545,,
1958-04-08,258.5292929292929,,
1958-04-09,258.80404040404045,,
1958-04-10,259.0787878787879,,
1958-04-11,259.35353535353534,,
1958-04-14,260.1777777777778,,
1958-04-15,260.4525252525253,,
1958-04-16,260.72727272727275,,
1958-04-17,261.00202020202016,,
1958-04-18,261.2767676767677,,
1958-04-21,262.1010101010101,,
1958-04-22,262.3757575757576,,
1958-04-23,262.65050505050505,,
1958-04-24,262.9252525252526,,
1958-04-25,263.2,,
1958-04-28,264.0242424242424,,
1958-04-29,264.29898989898993,,
1958-04-30,264.5737373737374,,
1958-05-01,264.8484848484849,,
1958-05-02,265.0537634408602,,
1958-05-05,265.66959921798633,,
1958-05-06,265.87487781036174,,
1958-05-07,266.0801564027371,,
1958-05-08,266.28543499511244,,
1958-05-09,266.4907135874878,,
1958-05-12,267.1065493646139,,
1958-05-13,267.31182795698925,,
1958-05-14,267.5171065493646,,
1958-05-15,267.72238514174,,
1958-05-16,267.9276637341154,,
1958-05-19,268.54349951124146,,
1958-05-20,268.7487781036168,,
1958-05-21,268.95405669599216,,
1958-05-22,269.1593352883676,,
1958-05-23,269.3646138807429,,
1958-05-26,269.98044965786903,,
1958-05-27,270.1857282502444,,
1958-05-28,270.3910068426198,,
1958-05-29,270.59628543499514,,
1958-05-30,270.8015640273705,,
1958-06-02,271.46060606060604,,
1958-06-03,271.7090909090909,,
1958-06-04,271.95757575757574,,
1958-06-05,272.2060606060606,,
1958-06-06,272.45454545454544,,
1958-06-09,273.2,,
1958-06-10,273.44848484848484,,
1958-06-11,273.6969696969697,,
1958-06-12,273.94545454545454,,
1958-06-13,274.1939393939394,,
1958-06-16,274.93939393939394,,
1958-06-17,275.18787878787873,,
1958-06-18,275.43636363636364,,
1958-06-19,275.6848484848485,,
1958-06-20,275.93333333333334,,
1958-06-23,276.6787878787879,,
1958-06-24,276.92727272727274,,
1958-06-25,277.17575757575753,,
1958-06-26,277.4242424242424,,
1958-06-27,277.67272727272723,,
1958-06-30,278.41818181818184,,
1958-07-01,278.6666666666667,,
1958-07-02,279.0029325513196,,
1958-07-03,279.3391984359726,,
1958-07-04,279.67546432062557,,
1958-07-07,280.68426197458456,,
1958-07-08,281.0205278592375,,
1958-07-09,281.35679374389053,,
1958-07-10,281.6930596285435,,
1958-07-11,282.02932551319645,,
1958-07-14,283.03812316715545,,
1958-07-15,283.3743890518084,,
1958-07-16,283.71065493646137,,
1958-07-17,284.0469208211144,,
1958-07-18,284.38318670576734,,
1958-07-21,285.3919843597263,,
1958-07-22,285.7282502443793,,
1958-07-23,286.06451612903226,,
1958-07-24,286.4007820136853,,
1958-07-25,286.73704789833823,,
1958-07-28,287.74584555229717,,
1958-07-29,288.0821114369502,,
1958-07-30,288.41837732160315,,
1958-07-31,288.7546432062561,,
1958-08-01,289.0909090909091,,
1958-08-04,289.82991202346045,,
1958-08-05,290.07624633431084,,
1958-08-06,290.3225806451613,,
1958-08-07,290.5689149560117,,
1958-08-08,290.81524926686217,,
1958-08-11,291.5542521994135,,
1958-08-12,291.80058651026394,,
1958-08-13,292.0469208211144,,
1958-08-14,292.2932551319648,,
1958-08-15,292.53958944281527,,
1958-08-18,293.27859237536654,,
1958-08-19,293.524926686217,,
1958-08-20,293.7712609970675,,
1958-08-21,294.01759530791793,,
1958-08-22,294.2639296187684,,
1958-08-25,295.00293255131965,,
1958-08-26,295.2492668621701,,
1958-08-27,295.49560117302053,,
1958-08-28,295.741935483871,,
1958-08-29,295.9882697947214,,
1958-09-01,296.72727272727275,,
1958-09-02,297.07898658718335,,
1958-09-03,297.4307004470939,,
1958-09-04,297.7824143070045,,
1958-09-05,298.13412816691505,,
1958-09-08,299.1892697466468,,
1958-09-09,299.54098360655735,,
1958-09-10,299.89269746646795,,
1958-09-11,300.2444113263785,,
1958-09-12,300.59612518628916,,
1958-09-15,301.65126676602085,,
1958-09-16,302.00298062593146,,
1958-09-17,302.354694485842,,
1958-09-18,302.7064083457526,,
1958-09-19,303.0581222056632,,
1958-09-22,304.11326378539496,,
1958-09-23,304.4649776453055,,
1958-09-24,304.8166915052161,,
1958-09-25,305.16840536512666,,
1958-09-26,305.5201192250372,,
1958-09-29,306.575260804769,,
1958-09-30,306.92697466467956,,
1958-10-01,307.27868852459017,,
1958-10-02,307.6304023845007,,
1958-10-03,307.9821162444113,,
1958-10-06,309.03725782414307,,
1958-10-07,309.3889716840537,,
1958-10-08,309.7406855439642,,
1958-10-09,310.0923994038748,,
1958-10-10,310.44411326378537,,
1958-10-13,311.4992548435171,,
1958-10-14,311.8509687034277,,
1958-10-15,312.20268256333827,,
1958-10-16,312.5543964232489,,
1958-10-17,312.9061102831594,,
1958-10-20,313.96125186289123,,
1958-10-21,314.3129657228018,,
1958-10-22,314.6646795827124,,
1958-10-23,315.0163934426229,,
1958-10-24,315.36810730253353,,
1958-10-27,316.4232488822653,,
1958-10-28,316.7749627421759,,
1958-10-29,317.12667660208643,,
1958-10-30,317.47839046199704,,
1958-10-31,317.8301043219076,,
1958-11-03,318.5818181818182,,
1958-11-04,318.78181818181815,,
1958-11-05,318.98181818181814,,
1958-11-06,319.1818181818182,,
1958-11-07,319.3818181818182,,
1958-11-10,319.98181818181814,,
1958-11-11,320.1818181818182,,
1958-11-12,320.3818181818182,,
1958-11-13,320.58181818181816,,
1958-11-14,320.7818181818182,,
1958-11-17,321.3818181818182,,
1958-11-18,321.58181818181816,,
1958-11-19,321.78181818181815,,
1958-11-20,321.9818181818182,,
1958-11-21,322.1818181818182,,
1958-11-24,322.7818181818182,,
1958-11-25,322.9818181818182,,
1958-11-26,323.1818181818182,,
1958-11-27,323.38181818181823,,
1958-11-28,323.5818181818182,,
1958-12-01,324.18181818181824,,
1958-12-02,324.86803519061584,,
1958-12-03,325.5542521994135,,
1958-12-04,326.24046920821115,,
1958-12-05,326.9266862170088,,
1958-12-08,328.9853372434017,,
1958-12-09,329.6715542521994,,
1958-12-10,330.3577712609971,,
1958-12-11,331.04398826979474,,
1958-12-12,331.7302052785924,,
1958-12-15,333.78885630498536,,
1958-12-16,334.475073313783,,
1958-12-17,335.1612903225806,,
1958-12-18,335.84750733137827,,
1958-12-19,336.533724340176,,
1958-12-22,338.5923753665689,,
1958-12-23,339.2785923753666,,
1958-12-24,339.9648093841642,,
1958-12-25,340.6510263929619,,
1958-12-26,341.33724340175957,,
1958-12-29,343.39589442815253,,
1958-12-30,344.08211143695013,,
1958-12-31,344.7683284457478,,
1959-01-01,345.45454545454544,,
1959-01-02,345.0185728250244,,
1959-01-05,343.71065493646137,,
1959-01-06,343.27468230694035,,
1959-01-07,342.8387096774194,,
1959-01-08,342.40273704789837,,
1959-01-09,341.9667644183773,,
1959-01-12,340.6588465298143,,
1959-01-13,340.2228739002933,,
1959-01-14,339.78690127077226,,
1959-01-15,339.35092864125124,,
1959-01-16,338.9149560117302,,
1959-01-19,337.6070381231672,,
1959-01-20,337.17106549364615,,
1959-01-21,336.73509286412514,,
1959-01-22,336.2991202346041,,
1959-01-23,335.8631476050831,,
1959-01-26,334.55522971652005,,
1959-01-27,334.119257086999,,
1959-01-28,333.683284457478,,
1959-01-29,333.24731182795705,,
1959-01-30,332.811339198436,,
1959-02-02,332.2402597402598,,
1959-02-03,332.54112554112555,,
1959-02-04,332.8419913419914,,
1959-02-05,333.14285714285717,,
1959-02-06,333.44372294372295,,
1959-02-09,334.34632034632034,,
1959-02-10,334.6471861471862,,
1959-02-11,334.94805194805195,,
1959-02-12,335.24891774891773,,
1959-02-13,335.54978354978357,,
1959-02-16,336.45238095238096,,
1959-02-17,336.75324675324674,,
1959-02-18,337.0541125541126,,
1959-02-19,337.35497835497836,,
1959-02-20,337.65584415584414,,
1959-02-23,338.55844155844153,,
1959-02-24,338.85930735930737,,
1959-02-25,339.16017316017314,,
1959-02-26,339.4610389610389,,
1959-02-27,339.76190476190476,,
1959-03-02,340.5474095796676,,
1959-03-03,340.73118279569894,,
1959-03-04,340.9149560117302,,
1959-03-05,341.0987292277615,,
1959-03-06,341.2825024437928,,
1959-03-09,341.8338220918866,,
1959-03-10,342.0175953079179,,
1959-03-11,342.20136852394916,,
1959-03-12,342.38514173998044,,
1959-03-13,342.5689149560117,,
1959-03-16,343.1202346041056,,
1959-03-17,343.3040078201368,,
1959-03-18,343.4877810361681,,
1959-03-19,343.67155425219937,,
1959-03-20,343.8553274682307,,
1959-03-23,344.40664711632456,,
1959-03-24,344.5904203323558,,
1959-03-25,344.7741935483871,,
1959-03-26,344.9579667644184,,
1959-03-27,345.14173998044964,,
1959-03-30,345.6930596285435,,
1959-03-31,345.8768328445748,,
1959-04-01,346.0606060606061,,
1959-04-02,346.23434343434343,,
1959-04-03,346.4080808080808,,
1959-04-06,346.9292929292929,,
1959-04-07,347.10303030303027,,
1959-04-08,347.2767676767677,,
1959-04-09,347.4505050505051,,
1959-04-10,347.6242424242424,,
1959-04-13,348.1454545454546,,
1959-04-14,348.3191919191919,,
1959-04-15,348.4929292929293,,
1959-04-16,348.6666666666667,,
1959-04-17,348.84040404040405,,
1959-04-20,349.36161616161615,,
1959-04-21,349.5353535353535,,
1959-04-22,349.7090909090909,,
1959-04-23,349.88282828282826,,
1959-04-24,350.0565656565657,,
1959-04-27,350.5777777777778,,
1959-04-28,350.75151515151515,,
1959-04-29,350.9252525252526,,
1959-04-30,351.0989898989899,,
1959-05-01,351.27272727272725,,
1959-05-04,350.9794721407625,,
1959-05-05,350.8817204301075,,
1959-05-06,350.78396871945256,,
1959-05-07,350.6862170087977,,
1959-05-08,350.58846529814275,,
1959-05-11,350.2952101661779,,
1959-05-12,350.19745845552296,,
1959-05-13,350.09970674486806,,
1959-05-14,350.0019550342131,,
1959-05-15,349.90420332355814,,
1959-05-18,349.61094819159337,,
1959-05-19,349.5131964809384,,
1959-05-20,349.4154447702835,,
1959-05-21,349.31769305962854,,
1959-05-22,349.21994134897363,,
1959-05-25,348.9266862170088,,
1959-05-26,348.82893450635385,,
1959-05-27,348.73118279569894,,
1959-05-28,348.633431085044,,
1959-05-29,348.5356793743891,,
1959-06-01,348.24242424242425,,
1959-06-02,348.7030303030303,,
1959-06-03,349.1636363636364,,
1959-06-04,349.6242424242424,,
1959-06-05,350.08484848484846,,
1959-06-08,351.4666666666667,,
1959-06-09,351.92727272727274,,
1959-06-10,352.3878787878788,,
1959-06-11,352.8484848484848,,
1959-06-12,353.30909090909086,,
1959-06-15,354.6909090909091,,
1959-06-16,355.1515151515152,,
1959-06-17,355.6121212121212,,
1959-06-18,356.07272727272726,,
1959-06-19,356.53333333333336,,
1959-06-22,357.9151515151516,,
1959-06-23,358.37575757575763,,
1959-06-24,358.8363636363636,,
1959-06-25,359.29696969696965,,
1959-06-26,359.75757575757575,,
1959-06-29,361.139393939394,,
1959-06-30,361.6,,
1959-07-01,362.06060606060606,,
1959-07-02,361.9941348973607,,
1959-07-03,361.92766373411536,,
1959-07-06,361.7282502443793,,
1959-07-07,361.66177908113394,,
1959-07-08,361.5953079178886,,
1959-07-09,361.52883675464324,,
1959-07-10,361.4623655913979,,
1959-07-13,361.26295210166177,,
1959-07-14,361.19648093841647,,
1959-07-15,361.13000977517106,,
1959-07-16,361.0635386119257,,
1959-07-17,360.99706744868035,,
1959-07-20,360.7976539589443,,
1959-07-21,360.73118279569894,,
1959-07-22,360.66471163245353,,
1959-07-23,360.59824046920824,,
1959-07-24,360.5317693059628,,
1959-07-27,360.33235581622677,,
1959-07-28,360.2658846529814,,
1959-07-29,360.199413489736,,
1959-07-30,360.1329423264907,,
1959-07-31,360.06647116324535,,
1959-08-03,359.0811339198436,,
1959-08-04,358.6217008797654,,
1959-08-05,358.16226783968716,,
1959-08-06,357.702834799609,,
1959-08-07,357.2434017595308,,
1959-08-10,355.8651026392962,,
1959-08-11,355.405669599218,,
1959-08-12,354.9462365591398,,
1959-08-13,354.48680351906154,,
1959-08-14,354.02737047898336,,
1959-08-17,352.64907135874876,,
1959-08-18,352.1896383186706,,
1959-08-19,351.73020527859234,,
1959-08-20,351.27077223851416,,
1959-08-21,350.8113391984359,,
1959-08-24,349.4330400782014,,
1959-08-25,348.9736070381232,,
1959-08-26,348.51417399804495,,
1959-08-27,348.05474095796677,,
1959-08-28,347.5953079178886,,
1959-08-31,346.21700879765393,,
1959-09-01,345.75757575757575,,
1959-09-02,345.7754595131644,,
1959-09-03,345.79334326875306,,
1959-09-04,345.81122702434175,,
1959-09-07,345.86487829110774,,
1959-09-08,345.8827620466965,,
1959-09-09,345.9006458022851,,
1959-09-10,345.9185295578738,,
1959-09-11,345.9364133134625,,
1959-09-14,345.99006458022853,,
1959-09-15,346.00794833581716,,
1959-09-16,346.0258320914058,,
1959-09-17,346.04371584699453,,
1959-09-18,346.06159960258316,,
1959-09-21,346.11525086934927,,
1959-09-22,346.1331346249379,,
1959-09-23,346.1510183805266,,
1959-09-24,346.1689021361152,,
1959-09-25,346.1867858917039,,
1959-09-28,346.24043715846994,,
1959-09-29,346.2583209140586,,
1959-09-30,346.2762046696473,,
1959-10-01,346.29408842523594,,
1959-10-02,346.3119721808246,,
1959-10-05,346.3656234475907,,
1959-10-06,346.3835072031793,,
1959-10-07,346.401390958768,,
1959-10-08,346.4192747143566,,
1959-10-09,346.43715846994536,,
1959-10-12,346.49080973671136,,
1959-10-13,346.50869349230004,,
1959-10-14,346.5265772478887,,
1959-10-15,346.54446100347735,,
1959-10-16,346.56234475906604,,
1959-10-19,346.6159960258321,,
1959-10-20,346.6338797814208,,
1959-10-21,346.6517635370094,,
1959-10-22,346.66964729259814,,
1959-10-23,346.68753104818677,,
1959-10-26,346.74118231495277,,
1959-10-27,346.75906607054145,,
1959-10-28,346.77694982613014,,
1959-10-29,346.7948335817188,,
1959-10-30,346.8127173373075,,
1959-11-02,347.2181818181818,,
1959-11-03,347.58787878787876,,
1959-11-04,347.95757575757574,,
1959-11-05,348.32727272727266,,
1959-11-06,348.6969696969697,,
1959-11-09,349.8060606060606,,
1959-11-10,350.17575757575753,,
1959-11-11,350.54545454545456,,
1959-11-12,350.9151515151515,,
1959-11-13,351.28484848484845,,
1959-11-16,352.3939393939394,,
1959-11-17,352.7636363636364,,
1959-11-18,353.1333333333333,,
1959-11-19,353.50303030303036,,
1959-11-20,353.8727272727273,,
1959-11-23,354.9818181818182,,
1959-11-24,355.3515151515152,,
1959-11-25,355.72121212121215,,
1959-11-26,356.0909090909091,,
1959-11-27,356.46060606060604,,
1959-11-30,357.569696969697,,
1959-12-01,357.93939393939394,,
1959-12-02,357.7380254154448,,
1959-12-03,357.53665689149557,,
1959-12-04,357.3352883675464,,
1959-12-07,356.73118279569894,,
1959-12-08,356.5298142717498,,
1959-12-09,356.32844574780063,,
1959-12-10,356.1270772238514,,
1959-12-11,355.92570869990226,,
1959-12-14,355.3216031280548,,
1959-12-15,355.1202346041056,,
1959-12-16,354.9188660801564,,
1959-12-17,354.71749755620726,,
1959-12-18,354.5161290322581,,
1959-12-21,353.9120234604105,,
1959-12-22,353.7106549364614,,
1959-12-23,353.5092864125122,,
1959-12-24,353.30791788856305,,
1959-12-25,353.1065493646139,,
1959-12-28,352.50244379276637,,
1959-12-29,352.30107526881727,,
1959-12-30,352.09970674486806,,
1959-12-31,351.89833822091884,,
1960-01-01,351.6969696969697,,
1960-01-04,350.37732160312805,,
1960-01-05,349.93743890518084,,
1960-01-06,349.49755620723363,,
1960-01-07,349.0576735092864,,
1960-01-08,348.6177908113392,,
1960-01-11,347.29814271749757,,
1960-01-12,346.85826001955036,,
1960-01-13,346.41837732160315,,
1960-01-14,345.97849462365593,,
1960-01-15,345.5386119257087,,
1960-01-18,344.2189638318671,,
1960-01-19,343.7790811339199,,
1960-01-20,343.3391984359726,,
1960-01-21,342.89931573802545,,
1960-01-22,342.45943304007824,,
1960-01-25,341.1397849462366,,
1960-01-26,340.6999022482894,,
1960-01-27,340.2600195503421,,
1960-01-28,339.82013685239497,,
1960-01-29,339.3802541544477,,
1960-02-01,338.06060606060606,,
1960-02-02,337.90177638453497,,
1960-02-03,337.742946708464,,
1960-02-04,337.5841170323929,,
1960-02-05,337.42528735632186,,
1960-02-08,336.9487983281087,,
1960-02-09,336.78996865203766,,
1960-02-10,336.63113897596656,,
1960-02-11,336.47230929989547,,
1960-02-12,336.3134796238245,,
1960-02-15,335.83699059561127,,
1960-02-16,335.67816091954023,,
1960-02-17,335.5193312434692,,
1960-02-18,335.36050156739816,,
1960-02-19,335.20167189132707,,
1960-02-22,334.7251828631139,,
1960-02-23,334.56635318704286,,
1960-02-24,334.4075235109718,,
1960-02-25,334.24869383490073,,
1960-02-26,334.0898641588297,,
1960-02-29,333.61337513061653,,
1960-03-01,333.4545454545455,,
1960-03-02,333.5933528836755,,
1960-03-03,333.7321603128055,,
1960-03-04,333.8709677419355,,
1960-03-07,334.2873900293255,,
1960-03-08,334.42619745845553,,
1960-03-09,334.56500488758553,,
1960-03-10,334.7038123167155,,
1960-03-11,334.8426197458456,,
1960-03-14,335.2590420332356,,
1960-03-15,335.39784946236557,,
1960-03-16,335.5366568914956,,
1960-03-17,335.67546432062557,,
1960-03-18,335.8142717497556,,
1960-03-21,336.23069403714567,,
1960-03-22,336.36950146627566,,
1960-03-23,336.50830889540566,,
1960-03-24,336.6471163245357,,
1960-03-25,336.78592375366566,,
1960-03-28,337.2023460410557,,
1960-03-29,337.3411534701857,,
1960-03-30,337.4799608993157,,
1960-03-31,337.61876832844575,,
1960-04-01,337.75757575757575,,
1960-04-04,337.4484848484848,,
1960-04-05,337.3454545454545,,
1960-04-06,337.2424242424242,,
1960-04-07,337.1393939393939,,
1960-04-08,337.0363636363636,,
1960-04-11,336.72727272727275,,
1960-04-12,336.6242424242424,,
1960-04-13,336.5212121212121,,
1960-04-14,336.41818181818184,,
1960-04-15,336.3151515151515,,
1960-04-18,336.0060606060606,,
1960-04-19,335.9030303030303,,
1960-04-20,335.79999999999995,,
1960-04-21,335.6969696969697,,
1960-04-22,335.59393939393937,,
1960-04-25,335.28484848484845,,
1960-04-26,335.18181818181813,,
1960-04-27,335.07878787878786,,
1960-04-28,334.9757575757576,,
1960-04-29,334.8727272727273,,
1960-05-02,335.0654936461388,,
1960-05-03,335.4643206256109,,
1960-05-04,335.86314760508304,,
1960-05-05,336.2619745845552,,
1960-05-06,336.6608015640274,,
1960-05-09,337.85728250244375,,
1960-05-10,338.2561094819159,,
1960-05-11,338.65493646138805,,
1960-05-12,339.0537634408602,,
1960-05-13,339.45259042033234,,
1960-05-16,340.64907135874876,,
1960-05-17,341.04789833822093,,
1960-05-18,341.446725317693,,
1960-05-19,341.8455522971652,,
1960-05-20,342.24437927663735,,
1960-05-23,343.44086021505376,,
1960-05-24,343.83968719452594,,
1960-05-25,344.23851417399806,,
1960-05-26,344.6373411534701,,
1960-05-27,345.0361681329423,,
1960-05-30,346.2326490713587,,
1960-05-31,346.6314760508309,,
1960-06-01,347.030303030303,,
1960-06-02,346.74343434343433,,
1960-06-03,346.45656565656566,,
1960-06-06,345.5959595959596,,
1960-06-07,345.3090909090909,,
1960-06-08,345.0222222222222,,
1960-06-09,344.7353535353535,,
1960-06-10,344.4484848484849,,
1960-06-13,343.58787878787876,,
1960-06-14,343.3010101010101,,
1960-06-15,343.0141414141414,,
1960-06-16,342.72727272727275,,
1960-06-17,342.4404040404041,,
1960-06-20,341.57979797979795,,
1960-06-21,341.2929292929293,,
1960-06-22,341.0060606060606,,
1960-06-23,340.7191919191919,,
1960-06-24,340.43232323232326,,
1960-06-27,339.5717171717172,,
1960-06-28,339.2848484848485,,
1960-06-29,338.99797979797984,,
1960-06-30,338.71111111111117,,
1960-07-01,338.42424242424244,,
1960-07-04,338.81720430107526,,
1960-07-05,338.9481915933529,,
1960-07-06,339.07917888563054,,
1960-07-07,339.2101661779081,,
1960-07-08,339.34115347018576,,
1960-07-11,339.7341153470186,,
1960-07-12,339.8651026392962,,
1960-07-13,339.9960899315738,,
1960-07-14,340.1270772238514,,
1960-07-15,340.258064516129,,
1960-07-18,340.6510263929619,,
1960-07-19,340.78201368523946,,
1960-07-20,340.91300097751713,,
1960-07-21,341.04398826979474,,
1960-07-22,341.17497556207235,,
1960-07-25,341.5679374389052,,
1960-07-26,341.6989247311828,,
1960-07-27,341.8299120234604,,
1960-07-28,341.960899315738,,
1960-07-29,342.0918866080156,,
1960-08-01,342.4848484848485,,
1960-08-02,342.1524926686217,,
1960-08-03,341.8201368523949,,
1960-08-04,341.4877810361681,,
1960-08-05,341.1554252199414,,
1960-08-08,340.15835777126097,,
1960-08-09,339.82600195503426,,
1960-08-10,339.49364613880743,,
1960-08-11,339.16129032258067,,
1960-08-12,338.82893450635385,,
1960-08-15,337.8318670576735,,
1960-08-16,337.4995112414467,,
1960-08-17,337.16715542521996,,
1960-08-18,336.83479960899314,,
1960-08-19,336.50244379276637,,
1960-08-22,335.505376344086,,
1960-08-23,335.1730205278592,,
1960-08-24,334.8406647116325,,
1960-08-25,334.50830889540566,,
1960-08-26,334.1759530791789,,
1960-08-29,333.17888563049854,,
1960-08-30,332.8465298142718,,
1960-08-31,332.51417399804495,,
1960-09-01,332.1818181818182,,
1960-09-02,332.24739195231,,
1960-09-05,332.44411326378537,,
1960-09-06,332.5096870342772,,
1960-09-07,332.575260804769,,
1960-09-08,332.64083457526084,,
1960-09-09,332.7064083457526,,
1960-09-12,332.903129657228,,
1960-09-13,332.96870342771984,,
1960-09-14,333.0342771982116,,
1960-09-15,333.09985096870344,,
1960-09-16,333.16542473919526,,
1960-09-19,333.3621460506707,,
1960-09-20,333.42771982116244,,
1960-09-21,333.49329359165426,,
1960-09-22,333.5588673621461,,
1960-09-23,333.62444113263786,,
1960-09-26,333.82116244411327,,
1960-09-27,333.8867362146051,,
1960-09-28,333.9523099850969,,
1960-09-29,334.0178837555887,,
1960-09-30,334.0834575260805,,
1960-10-03,334.2801788375559,,
1960-10-04,334.34575260804775,,
1960-10-05,334.4113263785395,,
1960-10-06,334.4769001490313,,
1960-10-07,334.5424739195231,,
1960-10-10,334.7391952309985,,
1960-10-11,334.8047690014903,,
1960-10-12,334.8703427719821,,
1960-10-13,334.9359165424739,,
1960-10-14,335.0014903129657,,
1960-10-17,335.1982116244411,,
1960-10-18,335.26378539493294,,
1960-10-19,335.3293591654247,,
1960-10-20,335.39493293591653,,
1960-10-21,335.46050670640835,,
1960-10-24,335.6572280178837,,
1960-10-25,335.72280178837553,,
1960-10-26,335.78837555886736,,
1960-10-27,335.8539493293592,,
1960-10-28,335.919523099851,,
1960-10-31,336.11624441132636,,
1960-11-01,336.1818181818182,,
1960-11-02,336.45050505050506,,
1960-11-03,336.7191919191919,,
1960-11-04,336.9878787878788,,
1960-11-07,337.79393939393935,,
1960-11-08,338.0626262626262,,
1960-11-09,338.33131313131315,,
1960-11-10,338.6,,
1960-11-11,338.86868686868684,,
1960-11-14,339.67474747474745,,
1960-11-15,339.9434343434343,,
1960-11-16,340.2121212121212,,
1960-11-17,340.48080808080806,,
1960-11-18,340.74949494949493,,
1960-11-21,341.55555555555554,,
1960-11-22,341.8242424242424,,
1960-11-23,342.0929292929293,,
1960-11-24,342.36161616161615,,
1960-11-25,342.630303030303,,
1960-11-28,343.4363636363636,,
1960-11-29,343.70505050505045,,
1960-11-30,343.9737373737374,,
1960-12-01,344.24242424242425,,
1960-12-02,344.813294232649,,
1960-12-05,346.52590420332353,,
1960-12-06,347.09677419354836,,
1960-12-07,347.6676441837732,,
1960-12-08,348.238514173998,,
1960-12-09,348.8093841642229,,
1960-12-12,350.5219941348974,,
1960-12-13,351.09286412512216,,
1960-12-14,351.66373411534704,,
1960-12-15,352.23460410557186,,
1960-12-16,352.8054740957967,,
1960-12-19,354.51808406647115,,
1960-12-20,355.08895405669597,,
1960-12-21,355.6598240469208,,
1960-12-22,356.2306940371456,,
1960-12-23,356.8015640273705,,
1960-12-26,358.514173998045,,
1960-12-27,359.0850439882698,,
1960-12-28,359.65591397849465,,
1960-12-29,360.2267839687194,,
1960-12-30,360.7976539589443,,
1961-01-02,362.4183773216031,,
1961-01-03,362.8973607038123,,
1961-01-04,363.37634408602145,,
1961-01-05,363.8553274682307,,
1961-01-06,364.3343108504399,,
1961-01-09,365.77126099706743,,
1961-01-10,366.25024437927664,,
1961-01-11,366.7292277614858,,
1961-01-12,367.208211143695,,
1961-01-13,367.68719452590426,,
1961-01-16,369.12414467253177,,
1961-01-17,369.6031280547409,,
1961-01-18,370.08211143695013,,
1961-01-19,370.56109481915934,,
1961-01-20,371.04007820136854,,
1961-01-23,372.4770283479961,,
1961-01-24,372.95601173020526,,
1961-01-25,373.43499511241447,,
1961-01-26,373.9139784946237,,
1961-01-27,374.3929618768328,,
1961-01-30,375.8299120234604,,
1961-01-31,376.3088954056696,,
1961-02-01,376.7878787878788,,
1961-02-02,377.2099567099567,,
1961-02-03,377.6320346320346,,
1961-02-06,378.8982683982684,,
1961-02-07,379.32034632034635,,
1961-02-08,379.74242424242425,,
1961-02-09,380.1645021645022,,
1961-02-10,380.5865800865801,,
1961-02-13,381.8528138528139,,
1961-02-14,382.2748917748918,,
1961-02-15,382.6969696969697,,
1961-02-16,383.11904761904765,,
1961-02-17,383.54112554112555,,
1961-02-20,384.8073593073593,,
1961-02-21,385.2294372294373,,
1961-02-22,385.6515151515151,,
1961-02-23,386.0735930735931,,
1961-02-24,386.495670995671,,
1961-02-27,387.7619047619048,,
1961-02-28,388.1839826839828,,
1961-03-01,388.6060606060606,,
1961-03-02,388.94037145650054,,
1961-03-03,389.2746823069404,,
1961-03-06,390.27761485826005,,
1961-03-07,390.6119257086999,,
1961-03-08,390.94623655913983,,
1961-03-09,391.2805474095797,,
1961-03-10,391.61485826001956,,
1961-03-13,392.6177908113392,,
1961-03-14,392.9521016617791,,
1961-03-15,393.28641251221893,,
1961-03-16,393.62072336265885,,
1961-03-17,393.9550342130987,,
1961-03-20,394.9579667644184,,
1961-03-21,395.2922776148582,,
1961-03-22,395.62658846529814,,
1961-03-23,395.960899315738,,
1961-03-24,396.2952101661779,,
1961-03-27,397.2981427174975,,
1961-03-28,397.63245356793743,,
1961-03-29,397.96676441837724,,
1961-03-30,398.3010752688172,,
1961-03-31,398.635386119257,,
1961-04-03,399.2404040404041,,
1961-04-04,399.37575757575763,,
1961-04-05,399.51111111111106,,
1961-04-06,399.6464646464646,,
1961-04-07,399.7818181818182,,
1961-04-10,400.18787878787884,,
1961-04-11,400.32323232323233,,
1961-04-12,400.4585858585858,,
1961-04-13,400.59393939393937,,
1961-04-14,400.7292929292929,,
1961-04-17,401.13535353535354,,
1961-04-18,401.27070707070703,,
1961-04-19,401.4060606060606,,
1961-04-20,401.5414141414142,,
1961-04-21,401.6767676767677,,
1961-04-24,402.08282828282825,,
1961-04-25,402.2181818181818,,
1961-04-26,402.3535353535354,,
1961-04-27,402.48888888888894,,
1961-04-28,402.6242424242425,,
1961-05-01,403.030303030303,,
1961-05-02,402.8582600195503,,
1961-05-03,402.6862170087976,,
1961-05-04,402.514173998045,,
1961-05-05,402.3421309872923,,
1961-05-08,401.82600195503414,,
1961-05-09,401.65395894428156,,
1961-05-10,401.4819159335289,,
1961-05-11,401.3098729227762,,
1961-05-12,401.1378299120235,,
1961-05-15,400.62170087976546,,
1961-05-16,400.44965786901275,,
1961-05-17,400.27761485826005,,
1961-05-18,400.10557184750735,,
1961-05-19,399.9335288367546,,
1961-05-22,399.4173998044966,,
1961-05-23,399.2453567937439,,
1961-05-24,399.0733137829912,,
1961-05-25,398.9012707722386,,
1961-05-26,398.72922776148584,,
1961-05-29,398.21309872922774,,
1961-05-30,398.04105571847515,,
1961-05-31,397.8690127077224,,
1961-06-01,397.6969696969697,,
1961-06-02,397.6606060606061,,
1961-06-05,397.55151515151516,,
1961-06-06,397.51515151515156,,
1961-06-07,397.4787878787879,,
1961-06-08,397.44242424242424,,
1961-06-09,397.40606060606063,,
1961-06-12,397.2969696969697,,
1961-06-13,397.2606060606061,,
1961-06-14,397.22424242424245,,
1961-06-15,397.1878787878788,,
1961-06-16,397.1515151515152,,
1961-06-19,397.04242424242426,,
1961-06-20,397.0060606060606,,
1961-06-21,396.969696969697,,
1961-06-22,396.93333333333334,,
1961-06-23,396.8969696969697,,
1961-06-26,396.78787878787875,,
1961-06-27,396.75151515151515,,
1961-06-28,396.7151515151515,,
1961-06-29,396.67878787878783,,
1961-06-30,396.6424242424242,,
1961-07-03,397.52492668621704,,
1961-07-04,397.9843597262952,,
1961-07-05,398.44379276637335,,
1961-07-06,398.9032258064516,,
1961-07-07,399.36265884652977,,
1961-07-10,400.7409579667644,,
1961-07-11,401.20039100684266,,
1961-07-12,401.65982404692085,,
1961-07-13,402.11925708699897,,
1961-07-14,402.5786901270772,,
1961-07-17,403.95698924731187,,
1961-07-18,404.4164222873901,,
1961-07-19,404.87585532746823,,
1961-07-20,405.33528836754647,,
1961-07-21,405.7947214076246,,
1961-07-24,407.1730205278593,,
1961-07-25,407.6324535679375,,
1961-07-26,408.09188660801567,,
1961-07-27,408.5513196480939,,
1961-07-28,409.0107526881721,,
1961-07-31,410.3890518084067,,
1961-08-01,410.84848484848493,,
1961-08-02,410.7448680351907,,
1961-08-03,410.6412512218965,,
1961-08-04,410.53763440860223,,
1961-08-07,410.2267839687195,,
1961-08-08,410.1231671554252,,
1961-08-09,410.019550342131,,
1961-08-10,409.9159335288368,,
1961-08-11,409.8123167155426,,
1961-08-14,409.5014662756599,,
1961-08-15,409.3978494623657,,
1961-08-16,409.29423264907143,,
1961-08-17,409.1906158357771,,
1961-08-18,409.08699902248287,,
1961-08-21,408.77614858260023,,
1961-08-22,408.672531769306,,
1961-08-23,408.5689149560118,,
1961-08-24,408.46529814271753,,
1961-08-25,408.3616813294233,,
1961-08-28,408.0508308895405,,
1961-08-29,407.9472140762463,,
1961-08-30,407.8435972629521,,
1961-08-31,407.73998044965793,,
1961-09-01,407.6363636363637,,
1961-09-04,408.7749627421759,,
1961-09-05,409.15449577744664,,
1961-09-06,409.5340288127174,,
1961-09-07,409.9135618479881,,
1961-09-08,410.2930948832589,,
1961-09-11,411.43169398907105,,
1961-09-12,411.8112270243418,,
1961-09-13,412.1907600596125,,
1961-09-14,412.5702930948833,,
1961-09-15,412.949826130154,,
1961-09-18,414.08842523596627,,
1961-09-19,414.46795827123697,,
1961-09-20,414.8474913065077,,
1961-09-21,415.22702434177853,,
1961-09-22,415.6065573770492,,
1961-09-25,416.7451564828614,,
1961-09-26,417.12468951813213,,
1961-09-27,417.5042225534028,,
1961-09-28,417.88375558867364,,
1961-09-29,418.26328862394433,,
1961-10-02,419.4018877297566,,
1961-10-03,419.7814207650273,,
1961-10-04,420.1609538002981,,
1961-10-05,420.54048683556886,,
1961-10-06,420.92001987083955,,
1961-10-09,422.0586189766518,,
1961-10-10,422.43815201192245,,
1961-10-11,422.8176850471932,,
1961-10-12,423.19721808246396,,
1961-10-13,423.57675111773466,,
1961-10-16,424.7153502235469,,
1961-10-17,425.09488325881773,,
1961-10-18,425.4744162940884,,
1961-10-19,425.8539493293592,,
1961-10-20,426.2334823646299,,
1961-10-23,427.37208147044214,,
1961-10-24,427.75161450571295,,
1961-10-25,428.13114754098353,,
1961-10-26,428.5106805762543,,
1961-10-27,428.8902136115251,,
1961-10-30,430.0288127173373,,
1961-10-31,430.40834575260806,,
1961-11-01,430.78787878787875,,
1961-11-02,430.9212121212122,,
1961-11-03,431.0545454545454,,
1961-11-06,431.45454545454544,,
1961-11-07,431.58787878787876,,
1961-11-08,431.7212121212121,,
1961-11-09,431.8545454545455,,
1961-11-10,431.98787878787874,,
1961-11-13,432.3878787878788,,
1961-11-14,432.5212121212121,,
1961-11-15,432.6545454545454,,
1961-11-16,432.7878787878788,,
1961-11-17,432.92121212121214,,
1961-11-20,433.32121212121206,,
1961-11-21,433.4545454545454,,
1961-11-22,433.5878787878788,,
1961-11-23,433.72121212121203,,
1961-11-24,433.8545454545455,,
1961-11-27,434.2545454545455,,
1961-11-28,434.3878787878787,,
1961-11-29,434.5212121212121,,
1961-11-30,434.65454545454537,,
1961-12-01,434.78787878787875,,
1961-12-04,425.65591397849465,,
1961-12-05,422.61192570869986,,
1961-12-06,419.5679374389051,,
1961-12-07,416.52394916911044,,
1961-12-08,413.47996089931576,,
1961-12-11,404.3479960899316,,
1961-12-12,401.3040078201369,,
1961-12-13,398.26001955034207,,
1961-12-14,395.2160312805474,,
1961-12-15,392.17204301075265,,
1961-12-18,383.04007820136854,,
1961-12-19,379.9960899315738,,
1961-12-20,376.95210166177907,,
1961-12-21,373.9081133919844,,
1961-12-22,370.86412512218965,,
1961-12-25,361.7321603128055,,
1961-12-26,358.68817204301075,,
1961-12-27,355.644183773216,,
1961-12-28,352.6001955034213,,
1961-12-29,349.5562072336266,,
1962-01-01,340.42424242424244,,
1962-01-02,343.17106549364615,,
1962-01-03,345.91788856304987,,
1962-01-04,348.6647116324536,,
1962-01-05,351.4115347018573,,
1962-01-08,359.65200391006846,,
1962-01-09,362.3988269794721,,
1962-01-10,365.14565004887584,,
1962-01-11,367.8924731182796,,
1962-01-12,370.63929618768327,,
1962-01-15,378.8797653958944,,
1962-01-16,381.62658846529814,,
1962-01-17,384.37341153470186,,
1962-01-18,387.1202346041056,,
1962-01-19,389.8670576735093,,
1962-01-22,398.10752688172045,,
1962-01-23,400.85434995112416,,
1962-01-24,403.6011730205279,,
1962-01-25,406.3479960899316,,
1962-01-26,409.09481915933526,,
1962-01-29,417.3352883675464,,
1962-01-30,420.0821114369502,,
1962-01-31,422.8289345063539,,
1962-02-01,425.57575757575756,,
1962-02-02,425.59090909090907,,
1962-02-05,425.6363636363637,,
1962-02-06,425.6515151515152,,
1962-02-07,425.6666666666667,,
1962-02-08,425.6818181818182,,
1962-02-09,425.6969696969697,,
1962-02-12,425.74242424242425,,
1962-02-13,425.75757575757575,,
1962-02-14,425.77272727272725,,
1962-02-15,425.78787878787887,,
1962-02-16,425.80303030303037,,
1962-02-19,425.8484848484849,,
1962-02-20,425.8636363636364,,
1962-02-21,425.878787878788,,
1962-02-22,425.8939393939395,,
1962-02-23,425.909090909091,,
1962-02-26,425.9545454545455,,
1962-02-27,425.96969696969705,,
1962-02-28,425.98484848484856,,
1962-03-01,426.00000000000006,,
1962-03-02,425.5620723362659,,
1962-03-05,424.24828934506354,,
1962-03-06,423.8103616813294,,
1962-03-07,423.37243401759537,,
1962-03-08,422.9345063538612,,
1962-03-09,422.49657869012714,,
1962-03-12,421.18279569892474,,
1962-03-13,420.74486803519056,,
1962-03-14,420.3069403714565,,
1962-03-15,419.86901270772245,,
1962-03-16,419.4310850439883,,
1962-03-19,418.1173020527859,,
1962-03-20,417.6793743890518,,
1962-03-21,417.24144672531764,,
1962-03-22,416.8035190615836,,
1962-03-23,416.36559139784947,,
1962-03-26,415.0518084066471,,
1962-03-27,414.61388074291295,,
1962-03-28,414.1759530791789,,
1962-03-29,413.7380254154448,,
1962-03-30,413.3000977517106,,
1962-04-02,411.40202020202014,,
1962-04-03,410.37979797979796,,
1962-04-04,409.3575757575757,,
1962-04-05,408.33535353535353,,
1962-04-06,407.3131313131313,,
1962-04-09,404.24646464646463,,
1962-04-10,403.22424242424245,,
1962-04-11,402.2020202020202,,
1962-04-12,401.1797979797979,,
1962-04-13,400.1575757575757,,
1962-04-16,397.09090909090907,,
1962-04-17,396.0686868686869,,
1962-04-18,395.0464646464646,,
1962-04-19,394.0242424242424,,
1962-04-20,393.00202020202016,,
1962-04-23,389.9353535353535,,
1962-04-24,388.91313131313126,,
1962-04-25,387.8909090909091,,
1962-04-26,386.8686868686869,,
1962-04-27,385.8464646464647,,
1962-04-30,382.779797979798,,
1962-05-01,381.7575757575758,,
1962-05-02,380.31867057673514,,
1962-05-03,378.8797653958944,,
1962-05-04,377.44086021505376,,
1962-05-07,373.12414467253177,,
1962-05-08,371.6852394916911,,
1962-05-09,370.24633431085044,,
1962-05-10,368.80742913000984,,
1962-05-11,367.3685239491691,,
1962-05-14,363.0518084066471,,
1962-05-15,361.6129032258065,,
1962-05-16,360.17399804496574,,
1962-05-17,358.73509286412514,,
1962-05-18,357.2961876832844,,
1962-05-21,352.9794721407625,,
1962-05-22,351.5405669599218,,
1962-05-23,350.10166177908116,,
1962-05-24,348.6627565982405,,
1962-05-25,347.2238514173998,,
1962-05-28,342.9071358748779,,
1962-05-29,341.4682306940371,,
1962-05-30,340.0293255131965,,
1962-05-31,338.5904203323558,,
1962-06-01,337.1515151515152,,
1962-06-04,337.9636363636364,,
1962-06-05,338.23434343434343,,
1962-06-06,338.5050505050506,,
1962-06-07,338.7757575757576,,
1962-06-08,339.04646464646464,,
1962-06-11,339.85858585858585,,
1962-06-12,340.1292929292929,,
1962-06-13,340.40000000000003,,
1962-06-14,340.67070707070707,,
1962-06-15,340.9414141414141,,
1962-06-18,341.75353535353537,,
1962-06-19,342.0242424242424,,
1962-06-20,342.2949494949495,,
1962-06-21,342.5656565656566,,
1962-06-22,342.8363636363636,,
1962-06-25,343.6484848484848,,
1962-06-26,343.919191919192,,
1962-06-27,344.189898989899,,
1962-06-28,344.46060606060604,,
1962-06-29,344.7313131313131,,
1962-07-02,345.57575757575756,,
1962-07-03,345.8787878787879,,
1962-07-04,346.18181818181813,,
1962-07-05,346.4848484848485,,
1962-07-06,346.78787878787875,,
1962-07-09,347.69696969696963,,
1962-07-10,348.0,,
1962-07-11,348.3030303030303,,
1962-07-12,348.6060606060606,,
1962-07-13,348.90909090909093,,
1962-07-16,349.8181818181818,,
1962-07-17,350.1212121212121,,
1962-07-18,350.42424242424244,,
1962-07-19,350.72727272727275,,
1962-07-20,351.030303030303,,
1962-07-23,351.93939393939394,,
1962-07-24,352.2424242424243,,
1962-07-25,352.54545454545456,,
1962-07-26,352.8484848484848,,
1962-07-27,353.1515151515152,,
1962-07-30,354.06060606060606,,
1962-07-31,354.3636363636364,,
1962-08-01,354.6666666666667,,
1962-08-02,354.56500488758553,,
1962-08-03,354.46334310850443,,
1962-08-06,354.15835777126097,,
1962-08-07,354.05669599217987,,
1962-08-08,353.9550342130987,,
1962-08-09,353.8533724340176,,
1962-08-10,353.7517106549365,,
1962-08-13,353.44672531769305,,
1962-08-14,353.34506353861195,,
1962-08-15,353.2434017595308,,
1962-08-16,353.1417399804497,,
1962-08-17,353.0400782013685,,
1962-08-20,352.73509286412514,,
1962-08-21,352.633431085044,,
1962-08-22,352.5317693059629,,
1962-08-23,352.43010752688167,,
1962-08-24,352.32844574780063,,
1962-08-27,352.0234604105572,,
1962-08-28,351.92179863147607,,
1962-08-29,351.8201368523949,,
1962-08-30,351.71847507331375,,
1962-08-31,351.61681329423266,,
1962-09-03,351.92051664182816,,
1962-09-04,352.12319920516643,,
1962-09-05,352.3258817685047,,
1962-09-06,352.52856433184303,,
1962-09-07,352.7312468951813,,
1962-09-10,353.3392945851962,,
1962-09-11,353.5419771485345,,
1962-09-12,353.7446597118728,,
1962-09-13,353.9473422752111,,
1962-09-14,354.1500248385494,,
1962-09-17,354.75807252856436,,
1962-09-18,354.9607550919026,,
1962-09-19,355.1634376552409,,
1962-09-20,355.3661202185792,,
1962-09-21,355.56880278191755,,
1962-09-24,356.1768504719324,,
1962-09-25,356.37953303527075,,
1962-09-26,356.5822155986091,,
1962-09-27,356.78489816194735,,
1962-09-28,356.9875807252856,,
1962-10-01,357.59562841530055,,
1962-10-02,357.7983109786389,,
1962-10-03,358.00099354197715,,
1962-10-04,358.2036761053154,,
1962-10-05,358.40635866865375,,
1962-10-08,359.0144063586686,,
1962-10-09,359.21708892200695,,
1962-10-10,359.4197714853453,,
1962-10-11,359.62245404868355,,
1962-10-12,359.8251366120218,,
1962-10-15,360.4331843020368,,
1962-10-16,360.635866865375,,
1962-10-17,360.83854942871335,,
1962-10-18,361.0412319920517,,
1962-10-19,361.24391455539,,
1962-10-22,361.8519622454049,,
1962-10-23,362.05464480874315,,
1962-10-24,362.2573273720815,,
1962-10-25,362.4600099354198,,
1962-10-26,362.6626924987581,,
1962-10-29,363.27074018877295,,
1962-10-30,363.4734227521113,,
1962-10-31,363.67610531544955,,
1962-11-01,363.8787878787879,,
1962-11-02,364.40404040404036,,
1962-11-05,365.9797979797979,,
1962-11-06,366.50505050505046,,
1962-11-07,367.03030303030306,,
1962-11-08,367.55555555555554,,
1962-11-09,368.0808080808081,,
1962-11-12,369.65656565656565,,
1962-11-13,370.1818181818182,,
1962-11-14,370.70707070707067,,
1962-11-15,371.2323232323232,,
1962-11-16,371.75757575757575,,
1962-11-19,373.3333333333333,,
1962-11-20,373.85858585858585,,
1962-11-21,374.3838383838384,,
1962-11-22,374.9090909090909,,
1962-11-23,375.4343434343434,,
1962-11-26,377.010101010101,,
1962-11-27,377.5353535353536,,
1962-11-28,378.06060606060606,,
1962-11-29,378.5858585858586,,
1962-11-30,379.11111111111114,,
1962-12-03,380.5826001955034,,
1962-12-04,381.0557184750733,,
1962-12-05,381.52883675464324,,
1962-12-06,382.0019550342131,,
1962-12-07,382.475073313783,,
1962-12-10,383.89442815249265,,
1962-12-11,384.36754643206257,,
1962-12-12,384.8406647116325,,
1962-12-13,385.31378299120234,,
1962-12-14,385.78690127077226,,
1962-12-17,387.2062561094819,,
1962-12-18,387.6793743890518,,
1962-12-19,388.15249266862173,,
1962-12-20,388.6256109481916,,
1962-12-21,389.0987292277615,,
1962-12-24,390.51808406647115,,
1962-12-25,390.99120234604106,,
1962-12-26,391.4643206256109,,
1962-12-27,391.93743890518084,,
1962-12-28,392.41055718475076,,
1962-12-31,393.82991202346045,,
1963-01-01,394.3030303030303,,
1963-01-02,394.4711632453568,,
1963-01-03,394.6392961876833,,
1963-01-04,394.8074291300097,,
1963-01-07,395.3118279569893,,
1963-01-08,395.4799608993157,,
1963-01-09,395.6480938416422,,
1963-01-10,395.8162267839688,,
1963-01-11,395.9843597262953,,
1963-01-14,396.4887585532747,,
1963-01-15,396.6568914956012,,
1963-01-16,396.8250244379277,,
1963-01-17,396.99315738025416,,
1963-01-18,397.16129032258067,,
1963-01-21,397.6656891495601,,
1963-01-22,397.8338220918866,,
1963-01-23,398.0019550342131,,
1963-01-24,398.1700879765396,,
1963-01-25,398.3382209188661,,
1963-01-28,398.8426197458456,,
1963-01-29,399.0107526881721,,
1963-01-30,399.17888563049854,,
1963-01-31,399.347018572825,,
1963-02-01,399.5151515151515,,
1963-02-04,399.35281385281394,,
1963-02-05,399.29870129870125,,
1963-02-06,399.2445887445887,,
1963-02-07,399.1904761904762,,
1963-02-08,399.1363636363637,,
1963-02-11,398.974025974026,,
1963-02-12,398.91991341991337,,
1963-02-13,398.86580086580085,,
1963-02-14,398.8116883116883,,
1963-02-15,398.75757575757575,,
1963-02-18,398.59523809523813,,
1963-02-19,398.54112554112555,,
1963-02-20,398.487012987013,,
1963-02-21,398.43290043290045,,
1963-02-22,398.3787878787879,,
1963-02-25,398.21645021645026,,
1963-02-26,398.1623376623376,,
1963-02-27,398.1082251082251,,
1963-02-28,398.0541125541126,,
1963-03-01,398.0,,
1963-03-04,399.8123167155425,,
1963-03-05,400.4164222873901,,
1963-03-06,401.0205278592376,,
1963-03-07,401.624633431085,,
1963-03-08,402.22873900293257,,
1963-03-11,404.04105571847515,,
1963-03-12,404.6451612903226,,
1963-03-13,405.2492668621701,,
1963-03-14,405.8533724340176,,
1963-03-15,406.4574780058651,,
1963-03-18,408.26979472140766,,
1963-03-19,408.87390029325513,,
1963-03-20,409.47800586510266,,
1963-03-21,410.0821114369502,,
1963-03-22,410.6862170087977,,
1963-03-25,412.4985337243402,,
1963-03-26,413.10263929618776,,
1963-03-27,413.70674486803523,,
1963-03-28,414.31085043988264,,
1963-03-29,414.9149560117302,,
1963-04-01,416.7272727272728,,
1963-04-02,417.00606060606066,,
1963-04-03,417.2848484848485,,
1963-04-04,417.5636363636364,,
1963-04-05,417.8424242424242,,
1963-04-08,418.67878787878794,,
1963-04-09,418.95757575757574,,
1963-04-10,419.23636363636365,,
1963-04-11,419.5151515151515,,
1963-04-12,419.7939393939394,,
1963-04-15,420.630303030303,,
1963-04-16,420.9090909090909,,
1963-04-17,421.18787878787884,,
1963-04-18,421.4666666666667,,
1963-04-19,421.74545454545455,,
1963-04-22,422.5818181818182,,
1963-04-23,422.8606060606061,,
1963-04-24,423.1393939393939,,
1963-04-25,423.4181818181819,,
1963-04-26,423.69696969696963,,
1963-04-29,424.53333333333336,,
1963-04-30,424.81212121212116,,
1963-05-01,425.0909090909091,,
1963-05-02,425.08504398826983,,
1963-05-03,425.07917888563054,,
1963-05-06,425.06158357771267,,
1963-05-07,425.0557184750734,,
1963-05-08,425.0498533724341,,
1963-05-09,425.0439882697947,,
1963-05-10,425.0381231671554,,
1963-05-13,425.0205278592375,,
1963-05-14,425.0146627565982,,
1963-05-15,425.00879765395894,,
1963-05-16,425.00293255131965,,
1963-05-17,424.99706744868035,,
1963-05-20,424.9794721407625,,
1963-05-21,424.9736070381232,,
1963-05-22,424.9677419354839,,
1963-05-23,424.9618768328446,,
1963-05-24,424.9560117302053,,
1963-05-27,424.93841642228733,,
1963-05-28,424.93255131964804,,
1963-05-29,424.92668621700875,,
1963-05-30,424.92082111436946,,
1963-05-31,424.91495601173017,,
1963-06-03,424.48888888888894,,
1963-06-04,424.27878787878785,,
1963-06-05,424.0686868686868,,
1963-06-06,423.8585858585859,,
1963-06-07,423.6484848484848,,
1963-06-10,423.0181818181818,,
1963-06-11,422.8080808080808,,
1963-06-12,422.59797979797986,,
1963-06-13,422.3878787878788,,
1963-06-14,422.17777777777775,,
1963-06-17,421.54747474747467,,
1963-06-18,421.3373737373737,,
1963-06-19,421.12727272727267,,
1963-06-20,420.91717171717164,,
1963-06-21,420.70707070707067,,
1963-06-24,420.07676767676764,,
1963-06-25,419.8666666666666,,
1963-06-26,419.6565656565656,,
1963-06-27,419.4464646464646,,
1963-06-28,419.2363636363636,,
1963-07-01,418.60606060606057,,
1963-07-02,418.9794721407624,,
1963-07-03,419.3528836754643,,
1963-07-04,419.7262952101662,,
1963-07-05,420.09970674486806,,
1963-07-08,421.2199413489736,,
1963-07-09,421.59335288367544,,
1963-07-10,421.96676441837735,,
1963-07-11,422.3401759530792,,
1963-07-12,422.71358748778107,,
1963-07-15,423.8338220918866,,
1963-07-16,424.2072336265885,,
1963-07-17,424.58064516129025,,
1963-07-18,424.9540566959921,,
1963-07-19,425.327468230694,,
1963-07-22,426.4477028347996,,
1963-07-23,426.8211143695014,,
1963-07-24,427.19452590420326,,
1963-07-25,427.5679374389052,,
1963-07-26,427.94134897360703,,
1963-07-29,429.06158357771267,,
1963-07-30,429.4349951124145,,
1963-07-31,429.8084066471163,,
1963-08-01,430.1818181818182,,
1963-08-02,430.54740957966766,,
1963-08-05,431.644183773216,,
1963-08-06,432.0097751710655,,
1963-08-07,432.375366568915,,
1963-08-08,432.7409579667645,,
1963-08-09,433.1065493646139,,
1963-08-12,434.20332355816225,,
1963-08-13,434.5689149560117,,
1963-08-14,434.9345063538612,,
1963-08-15,435.3000977517107,,
1963-08-16,435.6656891495602,,
1963-08-19,436.7624633431085,,
1963-08-20,437.12805474095796,,
1963-08-21,437.49364613880743,,
1963-08-22,437.8592375366569,,
1963-08-23,438.2248289345063,,
1963-08-26,439.3216031280547,,
1963-08-27,439.68719452590415,,
1963-08-28,440.0527859237537,,
1963-08-29,440.41837732160303,,
1963-08-30,440.78396871945256,,
1963-09-02,441.49230004967706,,
1963-09-03,441.4694485842026,,
1963-09-04,441.4465971187282,,
1963-09-05,441.4237456532538,,
1963-09-06,441.40089418777944,,
1963-09-09,441.33233979135616,,
1963-09-10,441.3094883258817,,
1963-09-11,441.28663686040727,,
1963-09-12,441.26378539493294,,
1963-09-13,441.2409339294585,,
1963-09-16,441.17237953303527,,
1963-09-17,441.1495280675608,,
1963-09-18,441.1266766020864,,
1963-09-19,441.10382513661204,,
1963-09-20,441.0809736711376,,
1963-09-23,441.01241927471443,,
1963-09-24,440.98956780924,,
1963-09-25,440.96671634376554,,
1963-09-26,440.9438648782911,,
1963-09-27,440.9210134128167,,
1963-09-30,440.8524590163934,,
1963-10-01,440.829607550919,,
1963-10-02,440.80675608544465,,
1963-10-03,440.7839046199702,,
1963-10-04,440.7610531544958,,
1963-10-07,440.6924987580725,,
1963-10-08,440.66964729259814,,
1963-10-09,440.6467958271237,,
1963-10-10,440.62394436164925,,
1963-10-11,440.60109289617486,,
1963-10-14,440.5325384997516,,
1963-10-15,440.50968703427725,,
1963-10-16,440.4868355688028,,
1963-10-17,440.46398410332836,,
1963-10-18,440.4411326378539,,
1963-10-21,440.37257824143074,,
1963-10-22,440.3497267759563,,
1963-10-23,440.3268753104819,,
1963-10-24,440.30402384500746,,
1963-10-25,440.281172379533,,
1963-10-28,440.21261798310985,,
1963-10-29,440.1897665176354,,
1963-10-30,440.166915052161,,
1963-10-31,440.14406358668657,,
1963-11-01,440.1212121212121,,
1963-11-04,441.0606060606061,,
1963-11-05,441.37373737373736,,
1963-11-06,441.68686868686865,,
1963-11-07,442.00000000000006,,
1963-11-08,442.31313131313135,,
1963-11-11,443.25252525252523,,
1963-11-12,443.5656565656566,,
1963-11-13,443.87878787878793,,
1963-11-14,444.1919191919192,,
1963-11-15,444.50505050505046,,
1963-11-18,445.44444444444446,,
1963-11-19,445.7575757575757,,
1963-11-20,446.07070707070716,,
1963-11-21,446.3838383838384,,
1963-11-22,446.6969696969697,,
1963-11-25,447.6363636363636,,
1963-11-26,447.9494949494949,,
1963-11-27,448.26262626262627,,
1963-11-28,448.57575757575756,,
1963-11-29,448.8888888888889,,
1963-12-02,451.6031280547409,,
1963-12-03,453.6911045943304,,
1963-12-04,455.7790811339198,,
1963-12-05,457.86705767350924,,
1963-12-06,459.9550342130987,,
1963-12-09,466.21896383186703,,
1963-12-10,468.30694037145645,,
1963-12-11,470.39491691104587,,
1963-12-12,472.48289345063534,,
1963-12-13,474.57086999022476,,
1963-12-16,480.8347996089932,,
1963-12-17,482.9227761485826,,
1963-12-18,485.0107526881721,,
1963-12-19,487.0987292277615,,
1963-12-20,489.18670576735093,,
1963-12-23,495.45063538611925,,
1963-12-24,497.5386119257087,,
1963-12-25,499.62658846529814,,
1963-12-26,501.71456500488756,,
1963-12-27,503.80254154447704,,
1963-12-30,510.06647116324535,,
1963-12-31,512.1544477028348,,
1964-01-01,514.2424242424241,,
1964-01-02,512.7839687194526,,
1964-01-03,511.32551319648087,,
1964-01-06,506.95014662756597,,
1964-01-07,505.49169110459434,,
1964-01-08,504.03323558162265,,
1964-01-09,502.574780058651,,
1964-01-10,501.11632453567944,,
1964-01-13,496.74095796676437,,
1964-01-14,495.2825024437928,,
1964-01-15,493.82404692082116,,
1964-01-16,492.3655913978494,,
1964-01-17,490.90713587487784,,
1964-01-20,486.5317693059628,,
1964-01-21,485.0733137829912,,
1964-01-22,483.61485826001956,,
1964-01-23,482.15640273704787,,
1964-01-24,480.69794721407624,,
1964-01-27,476.32258064516134,,
1964-01-28,474.86412512218965,,
1964-01-29,473.405669599218,,
1964-01-30,471.9472140762464,,
1964-01-31,470.48875855327464,,
1964-02-03,469.619644723093,,
1964-02-04,469.91431556948794,,
1964-02-05,470.208986415883,,
1964-02-06,470.5036572622779,,
1964-02-07,470.7983281086729,,
1964-02-10,471.6823406478579,,
1964-02-11,471.9770114942529,,
1964-02-12,472.2716823406479,,
1964-02-13,472.56635318704286,,
1964-02-14,472.8610240334378,,
1964-02-17,473.7450365726228,,
1964-02-18,474.03970741901776,,
1964-02-19,474.3343782654127,,
1964-02-20,474.6290491118077,,
1964-02-21,474.92371995820264,,
1964-02-24,475.80773249738775,,
1964-02-25,476.10240334378267,,
1964-02-26,476.3970741901776,,
1964-02-27,476.6917450365726,,
1964-02-28,476.98641588296755,,
1964-03-02,477.7986314760508,,
1964-03-03,478.02150537634407,,
1964-03-04,478.24437927663735,,
1964-03-05,478.46725317693057,,
1964-03-06,478.69012707722385,,
1964-03-09,479.35874877810363,,
1964-03-10,479.58162267839685,,
1964-03-11,479.80449657869013,,
1964-03-12,480.02737047898336,,
1964-03-13,480.2502443792766,,
1964-03-16,480.91886608015636,,
1964-03-17,481.14173998044964,,
1964-03-18,481.3646138807429,,
1964-03-19,481.58748778103615,,
1964-03-20,481.8103616813294,,
1964-03-23,482.4789833822092,,
1964-03-24,482.70185728250243,,
1964-03-25,482.9247311827957,,
1964-03-26,483.14760508308893,,
1964-03-27,483.37047898338216,,
1964-03-30,484.03910068426194,,
1964-03-31,484.2619745845552,,
1964-04-01,484.4848484848485,,
1964-04-02,484.6424242424242,,
1964-04-03,484.8,,
1964-04-06,485.27272727272725,,
1964-04-07,485.43030303030304,,
1964-04-08,485.58787878787876,,
1964-04-09,485.74545454545455,,
1964-04-10,485.9030303030303,,
1964-04-13,486.3757575757576,,
1964-04-14,486.5333333333333,,
1964-04-15,486.6909090909091,,
1964-04-16,486.8484848484848,,
1964-04-17,487.0060606060606,,
1964-04-20,487.47878787878784,,
1964-04-21,487.6363636363636,,
1964-04-22,487.79393939393947,,
1964-04-23,487.95151515151514,,
1964-04-24,488.10909090909087,,
1964-04-27,488.58181818181816,,
1964-04-28,488.7393939393939,,
1964-04-29,488.8969696969697,,
1964-04-30,489.0545454545455,,
1964-05-01,489.2121212121212,,
1964-05-04,488.930596285435,,
1964-05-05,488.8367546432063,,
1964-05-06,488.7429130009775,,
1964-05-07,488.6490713587488,,
1964-05-08,488.55522971652005,,
1964-05-11,488.2737047898338,,
1964-05-12,488.1798631476051,,
1964-05-13,488.0860215053763,,
1964-05-14,487.9921798631476,,
1964-05-15,487.89833822091884,,
1964-05-18,487.61681329423266,,
1964-05-19,487.5229716520039,,
1964-05-20,487.4291300097751,,
1964-05-21,487.3352883675464,,
1964-05-22,487.24144672531764,,
1964-05-25,486.95992179863146,,
1964-05-26,486.8660801564027,,
1964-05-27,486.772238514174,,
1964-05-28,486.6783968719452,,
1964-05-29,486.58455522971644,,
1964-06-01,486.30303030303025,,
1964-06-02,486.9050505050505,,
1964-06-03,487.5070707070707,,
1964-06-04,488.10909090909087,,
1964-06-05,488.71111111111105,,
1964-06-08,490.51717171717166,,
1964-06-09,491.11919191919196,,
1964-06-10,491.72121212121215,,
1964-06-11,492.32323232323233,,
1964-06-12,492.9252525252525,,
1964-06-15,494.73131313131313,,
1964-06-16,495.3333333333333,,
1964-06-17,495.9353535353535,,
1964-06-18,496.5373737373737,,
1964-06-19,497.13939393939387,,
1964-06-22,498.9454545454545,,
1964-06-23,499.54747474747467,,
1964-06-24,500.14949494949497,,
1964-06-25,500.75151515151515,,
1964-06-26,501.35353535353534,,
1964-06-29,503.15959595959595,,
1964-06-30,503.76161616161613,,
1964-07-01,504.3636363636364,,
1964-07-02,504.1251221896383,,
1964-07-03,503.88660801564026,,
1964-07-06,503.1710654936461,,
1964-07-07,502.9325513196481,,
1964-07-08,502.69403714565,,
1964-07-09,502.455522971652,,
1964-07-10,502.2170087976539,,
1964-07-13,501.5014662756599,,
1964-07-14,501.26295210166177,,
1964-07-15,501.02443792766377,,
1964-07-16,500.78592375366566,,
1964-07-17,500.54740957966766,,
1964-07-20,499.8318670576735,,
1964-07-21,499.5933528836755,,
1964-07-22,499.3548387096774,,
1964-07-23,499.1163245356794,,
1964-07-24,498.87781036168127,,
1964-07-27,498.1622678396873,,
1964-07-28,497.92375366568916,,
1964-07-29,497.68523949169116,,
1964-07-30,497.44672531769305,,
1964-07-31,497.20821114369505,,
1964-08-03,497.52101661779085,,
1964-08-04,497.7966764418378,,
1964-08-05,498.0723362658847,,
1964-08-06,498.34799608993166,,
1964-08-07,498.62365591397844,,
1964-08-10,499.45063538611925,,
1964-08-11,499.72629521016614,,
1964-08-12,500.0019550342131,,
1964-08-13,500.27761485826005,,
1964-08-14,500.55327468230695,,
1964-08-17,501.3802541544477,,
1964-08-18,501.65591397849454,,
1964-08-19,501.9315738025415,,
1964-08-20,502.2072336265884,,
1964-08-21,502.48289345063534,,
1964-08-24,503.30987292277615,,
1964-08-25,503.5855327468231,,
1964-08-26,503.86119257087,,
1964-08-27,504.1368523949169,,
1964-08-28,504.4125122189638,,
1964-08-31,505.23949169110455,,
1964-09-01,505.5151515151515,,
1964-09-02,505.7168405365126,,
1964-09-03,505.9185295578738,,
1964-09-04,506.1202185792349,,
1964-09-07,506.7252856433184,,
1964-09-08,506.9269746646795,,
1964-09-09,507.1286636860407,,
1964-09-10,507.33035270740186,,
1964-09-11,507.532041728763,,
1964-09-14,508.1371087928465,,
1964-09-15,508.3387978142077,,
1964-09-16,508.5404868355688,,
1964-09-17,508.74217585693,,
1964-09-18,508.94386487829115,,
1964-09-21,509.54893194237457,,
1964-09-22,509.75062096373574,,
1964-09-23,509.95230998509686,,
1964-09-24,510.15399900645804,,
1964-09-25,510.3556880278191,,
1964-09-28,510.96075509190257,,
1964-09-29,511.1624441132637,,
1964-09-30,511.36413313462486,,
1964-10-01,511.565822155986,,
1964-10-02,511.7675111773473,,
1964-10-05,512.3725782414307,,
1964-10-06,512.5742672627919,,
1964-10-07,512.775956284153,,
1964-10-08,512.9776453055141,,
1964-10-09,513.1793343268753,,
1964-10-12,513.7844013909588,,
1964-10-13,513.9860904123199,,
1964-10-14,514.187779433681,,
1964-10-15,514.3894684550422,,
1964-10-16,514.5911574764034,,
1964-10-19,515.1962245404868,,
1964-10-20,515.397913561848,,
1964-10-21,515.5996025832092,,
1964-10-22,515.8012916045703,,
1964-10-23,516.0029806259315,,
1964-10-26,516.6080476900149,,
1964-10-27,516.809736711376,,
1964-10-28,517.0114257327372,,
1964-10-29,517.2131147540983,,
1964-10-30,517.4148037754595,,
1964-11-02,517.5191919191919,,
1964-11-03,517.220202020202,,
1964-11-04,516.9212121212121,,
1964-11-05,516.6222222222223,,
1964-11-06,516.3232323232322,,
1964-11-09,515.4262626262625,,
1964-11-10,515.1272727272727,,
1964-11-11,514.8282828282828,,
1964-11-12,514.529292929293,,
1964-11-13,514.230303030303,,
1964-11-16,513.3333333333333,,
1964-11-17,513.0343434343434,,
1964-11-18,512.7353535353535,,
1964-11-19,512.4363636363636,,
1964-11-20,512.1373737373737,,
1964-11-23,511.240404040404,,
1964-11-24,510.9414141414141,,
1964-11-25,510.6424242424242,,
1964-11-26,510.3434343434343,,
1964-11-27,510.0444444444444,,
1964-11-30,509.14747474747475,,
1964-12-01,508.8484848484848,,
1964-12-02,509.2707722385141,,
1964-12-03,509.6930596285435,,
1964-12-04,510.1153470185728,,
1964-12-07,511.38220918866074,,
1964-12-08,511.8044965786901,,
1964-12-09,512.2267839687195,,
1964-12-10,512.6490713587488,,
1964-12-11,513.0713587487782,,
1964-12-14,514.338220918866,,
1964-12-15,514.7605083088954,,
1964-12-16,515.1827956989247,,
1964-12-17,515.6050830889541,,
1964-12-18,516.0273704789834,,
1964-12-21,517.2942326490713,,
1964-12-22,517.7165200391006,,
1964-12-23,518.13880742913,,
1964-12-24,518.5610948191593,,
1964-12-25,518.9833822091887,,
1964-12-28,520.2502443792766,,
1964-12-29,520.672531769306,,
1964-12-30,521.0948191593353,,
1964-12-31,521.5171065493647,,
1965-01-01,521.939393939394,,
1965-01-04,522.3088954056697,,
1965-01-05,522.4320625610949,,
1965-01-06,522.55522971652,,
1965-01-07,522.6783968719453,,
1965-01-08,522.8015640273705,,
1965-01-11,523.1710654936462,,
1965-01-12,523.2942326490714,,
1965-01-13,523.4173998044967,,
1965-01-14,523.5405669599218,,
1965-01-15,523.663734115347,,
1965-01-18,524.0332355816226,,
1965-01-19,524.1564027370479,,
1965-01-20,524.2795698924732,,
1965-01-21,524.4027370478983,,
1965-01-22,524.5259042033235,,
1965-01-25,524.8954056695992,,
1965-01-26,525.0185728250244,,
1965-01-27,525.1417399804498,,
1965-01-28,525.2649071358749,,
1965-01-29,525.3880742913001,,
1965-02-01,525.7575757575758,,
1965-02-02,525.7748917748917,,
1965-02-03,525.7922077922078,,
1965-02-04,525.8095238095237,,
1965-02-05,525.8268398268398,,
1965-02-08,525.8787878787879,,
1965-02-09,525.8961038961039,,
1965-02-10,525.91341991342,,
1965-02-11,525.9307359307359,,
1965-02-12,525.948051948052,,
1965-02-15,526.0,,
1965-02-16,526.017316017316,,
1965-02-17,526.0346320346321,,
1965-02-18,526.051948051948,,
1965-02-19,526.0692640692641,,
1965-02-22,526.1212121212121,,
1965-02-23,526.1385281385282,,
1965-02-24,526.1558441558441,,
1965-02-25,526.1731601731601,,
1965-02-26,526.1904761904761,,
1965-03-01,526.2424242424242,,
1965-03-02,526.4652981427175,,
1965-03-03,526.6881720430107,,
1965-03-04,526.911045943304,,
1965-03-05,527.1339198435971,,
1965-03-08,527.802541544477,,
1965-03-09,528.0254154447703,,
1965-03-10,528.2482893450635,,
1965-03-11,528.4711632453568,,
1965-03-12,528.6940371456501,,
1965-03-15,529.3626588465298,,
1965-03-16,529.5855327468231,,
1965-03-17,529.8084066471163,,
1965-03-18,530.0312805474096,,
1965-03-19,530.2541544477027,,
1965-03-22,530.9227761485826,,
1965-03-23,531.1456500488758,,
1965-03-24,531.3685239491691,,
1965-03-25,531.5913978494624,,
1965-03-26,531.8142717497557,,
1965-03-29,532.4828934506354,,
1965-03-30,532.7057673509287,,
1965-03-31,532.9286412512218,,
1965-04-01,533.1515151515151,,
1965-04-02,533.4161616161616,,
1965-04-05,534.210101010101,,
1965-04-06,534.4747474747475,,
1965-04-07,534.739393939394,,
1965-04-08,535.0040404040403,,
1965-04-09,535.2686868686868,,
1965-04-12,536.0626262626263,,
1965-04-13,536.3272727272728,,
1965-04-14,536.5919191919191,,
1965-04-15,536.8565656565656,,
1965-04-16,537.1212121212121,,
1965-04-19,537.9151515151516,,
1965-04-20,538.179797979798,,
1965-04-21,538.4444444444445,,
1965-04-22,538.709090909091,,
1965-04-23,538.9737373737373,,
1965-04-26,539.7676767676768,,
1965-04-27,540.0323232323232,,
1965-04-28,540.2969696969697,,
1965-04-29,540.5616161616161,,
1965-04-30,540.8262626262626,,
1965-05-03,539.4330400782014,,
1965-05-04,538.6041055718475,,
1965-05-05,537.7751710654936,,
1965-05-06,536.9462365591397,,
1965-05-07,536.1173020527859,,
1965-05-10,533.6304985337243,,
1965-05-11,532.8015640273704,,
1965-05-12,531.9726295210166,,
1965-05-13,531.1436950146627,,
1965-05-14,530.3147605083088,,
1965-05-17,527.8279569892474,,
1965-05-18,526.9990224828935,,
1965-05-19,526.1700879765397,,
1965-05-20,525.3411534701858,,
1965-05-21,524.5122189638319,,
1965-05-24,522.0254154447704,,
1965-05-25,521.1964809384165,,
1965-05-26,520.3675464320625,,
1965-05-27,519.5386119257088,,
1965-05-28,518.7096774193549,,
1965-05-31,516.2228739002933,,
1965-06-01,515.3939393939394,,
1965-06-02,515.3676767676768,,
1965-06-03,515.3414141414141,,
1965-06-04,515.3151515151516,,
1965-06-07,515.2363636363636,,
1965-06-08,515.2101010101011,,
1965-06-09,515.1838383838384,,
1965-06-10,515.1575757575758,,
1965-06-11,515.1313131313132,,
1965-06-14,515.0525252525252,,
1965-06-15,515.0262626262627,,
1965-06-16,515.0,,
1965-06-17,514.9737373737374,,
1965-06-18,514.9474747474748,,
1965-06-21,514.8686868686868,,
1965-06-22,514.8424242424242,,
1965-06-23,514.8161616161616,,
1965-06-24,514.789898989899,,
1965-06-25,514.7636363636364,,
1965-06-28,514.6848484848485,,
1965-06-29,514.6585858585859,,
1965-06-30,514.6323232323232,,
1965-07-01,514.6060606060605,,
1965-07-02,514.9149560117302,,
1965-07-05,515.841642228739,,
1965-07-06,516.1505376344086,,
1965-07-07,516.4594330400782,,
1965-07-08,516.7683284457478,,
1965-07-09,517.0772238514174,,
1965-07-12,518.0039100684262,,
1965-07-13,518.3128054740957,,
1965-07-14,518.6217008797653,,
1965-07-15,518.9305962854351,,
1965-07-16,519.2394916911046,,
1965-07-19,520.1661779081135,,
1965-07-20,520.4750733137829,,
1965-07-21,520.7839687194526,,
1965-07-22,521.0928641251221,,
1965-07-23,521.4017595307918,,
1965-07-26,522.3284457478005,,
1965-07-27,522.6373411534702,,
1965-07-28,522.9462365591398,,
1965-07-29,523.2551319648094,,
1965-07-30,523.5640273704789,,
1965-08-02,524.7468230694037,,
1965-08-03,525.3118279569892,,
1965-08-04,525.8768328445748,,
1965-08-05,526.4418377321604,,
1965-08-06,527.0068426197458,,
1965-08-09,528.7018572825025,,
1965-08-10,529.266862170088,,
1965-08-11,529.8318670576734,,
1965-08-12,530.396871945259,,
1965-08-13,530.9618768328446,,
1965-08-16,532.6568914956013,,
1965-08-17,533.2218963831866,,
1965-08-18,533.7869012707722,,
1965-08-19,534.3519061583577,,
1965-08-20,534.9169110459433,,
1965-08-23,536.6119257086998,,
1965-08-24,537.1769305962854,,
1965-08-25,537.741935483871,,
1965-08-26,538.3069403714564,,
1965-08-27,538.871945259042,,
1965-08-30,540.5669599217986,,
1965-08-31,541.1319648093842,,
1965-09-01,541.6969696969697,,
1965-09-02,541.9721808246397,,
1965-09-03,542.24739195231,,
1965-09-06,543.0730253353204,,
1965-09-07,543.3482364629906,,
1965-09-08,543.6234475906606,,
1965-09-09,543.8986587183308,,
1965-09-10,544.173869846001,,
1965-09-13,544.9995032290115,,
1965-09-14,545.2747143566814,,
1965-09-15,545.5499254843517,,
1965-09-16,545.8251366120219,,
1965-09-17,546.100347739692,,
1965-09-20,546.9259811227024,,
1965-09-21,547.2011922503726,,
1965-09-22,547.4764033780427,,
1965-09-23,547.7516145057128,,
1965-09-24,548.026825633383,,
1965-09-27,548.8524590163935,,
1965-09-28,549.1276701440636,,
1965-09-29,549.4028812717337,,
1965-09-30,549.6780923994039,,
1965-10-01,549.953303527074,,
1965-10-04,550.7789369100844,,
1965-10-05,551.0541480377545,,
1965-10-06,551.3293591654248,,
1965-10-07,551.6045702930949,,
1965-10-08,551.879781420765,,
1965-10-11,552.7054148037754,,
1965-10-12,552.9806259314456,,
1965-10-13,553.2558370591157,,
1965-10-14,553.5310481867858,,
1965-10-15,553.806259314456,,
1965-10-18,554.6318926974666,,
1965-10-19,554.9071038251367,,
1965-10-20,555.1823149528068,,
1965-10-21,555.457526080477,,
1965-10-22,555.7327372081471,,
1965-10-25,556.5583705911575,,
1965-10-26,556.8335817188276,,
1965-10-27,557.1087928464979,,
1965-10-28,557.384003974168,,
1965-10-29,557.6592151018381,,
1965-11-01,558.4848484848485,,
1965-11-02,558.4000000000001,,
1965-11-03,558.3151515151516,,
1965-11-04,558.230303030303,,
1965-11-05,558.1454545454546,,
1965-11-08,557.8909090909091,,
1965-11-09,557.8060606060607,,
1965-11-10,557.7212121212121,,
1965-11-11,557.6363636363637,,
1965-11-12,557.5515151515152,,
1965-11-15,557.2969696969698,,
1965-11-16,557.2121212121212,,
1965-11-17,557.1272727272728,,
1965-11-18,557.0424242424242,,
1965-11-19,556.9575757575758,,
1965-11-22,556.7030303030303,,
1965-11-23,556.6181818181817,,
1965-11-24,556.5333333333333,,
1965-11-25,556.4484848484849,,
1965-11-26,556.3636363636364,,
1965-11-29,556.1090909090909,,
1965-11-30,556.0242424242424,,
1965-12-01,555.939393939394,,
1965-12-02,556.2502443792766,,
1965-12-03,556.5610948191594,,
1965-12-06,557.4936461388074,,
1965-12-07,557.8044965786901,,
1965-12-08,558.1153470185728,,
1965-12-09,558.4261974584555,,
1965-12-10,558.7370478983382,,
1965-12-13,559.6695992179863,,
1965-12-14,559.980449657869,,
1965-12-15,560.2913000977518,,
1965-12-16,560.6021505376344,,
1965-12-17,560.9130009775172,,
1965-12-20,561.8455522971652,,
1965-12-21,562.1564027370479,,
1965-12-22,562.4672531769305,,
1965-12-23,562.7781036168133,,
1965-12-24,563.088954056696,,
1965-12-27,564.0215053763441,,
1965-12-28,564.3323558162267,,
1965-12-29,564.6432062561094,,
1965-12-30,564.9540566959921,,
1965-12-31,565.2649071358749,,
1966-01-03,565.3294232649071,,
1966-01-04,565.2062561094818,,
1966-01-05,565.0830889540566,,
1966-01-06,564.9599217986315,,
1966-01-07,564.8367546432062,,
1966-01-10,564.4672531769305,,
1966-01-11,564.3440860215053,,
1966-01-12,564.2209188660801,,
1966-01-13,564.0977517106548,,
1966-01-14,563.9745845552297,,
1966-01-17,563.6050830889541,,
1966-01-18,563.4819159335289,,
1966-01-19,563.3587487781036,,
1966-01-20,563.2355816226783,,
1966-01-21,563.1124144672532,,
1966-01-24,562.7429130009775,,
1966-01-25,562.6197458455523,,
1966-01-26,562.4965786901271,,
1966-01-27,562.3734115347017,,
1966-01-28,562.2502443792766,,
1966-01-31,561.880742913001,,
1966-02-01,561.7575757575758,,
1966-02-02,560.9329004329004,,
1966-02-03,560.108225108225,,
1966-02-04,559.2835497835498,,
1966-02-07,556.8095238095239,,
1966-02-08,555.9848484848485,,
1966-02-09,555.1601731601731,,
1966-02-10,554.3354978354978,,
1966-02-11,553.5108225108225,,
1966-02-14,551.0367965367965,,
1966-02-15,550.2121212121212,,
1966-02-16,549.3874458874459,,
1966-02-17,548.5627705627705,,
1966-02-18,547.7380952380953,,
1966-02-21,545.2640692640692,,
1966-02-22,544.4393939393939,,
1966-02-23,543.6147186147185,,
1966-02-24,542.7900432900433,,
1966-02-25,541.9653679653679,,
1966-02-28,539.491341991342,,
1966-03-01,538.6666666666666,,
1966-03-02,539.1984359726295,,
1966-03-03,539.7302052785923,,
1966-03-04,540.2619745845552,,
1966-03-07,541.8572825024438,,
1966-03-08,542.3890518084065,,
1966-03-09,542.9208211143695,,
1966-03-10,543.4525904203324,,
1966-03-11,543.9843597262952,,
1966-03-14,545.5796676441837,,
1966-03-15,546.1114369501466,,
1966-03-16,546.6432062561095,,
1966-03-17,547.1749755620723,,
1966-03-18,547.7067448680351,,
1966-03-21,549.3020527859237,,
1966-03-22,549.8338220918865,,
1966-03-23,550.3655913978494,,
1966-03-24,550.8973607038123,,
1966-03-25,551.4291300097752,,
1966-03-28,553.0244379276637,,
1966-03-29,553.5562072336265,,
1966-03-30,554.0879765395895,,
1966-03-31,554.6197458455523,,
1966-04-01,555.1515151515151,,
1966-04-04,552.230303030303,,
1966-04-05,551.2565656565655,,
1966-04-06,550.2828282828283,,
1966-04-07,549.3090909090909,,
1966-04-08,548.3353535353535,,
1966-04-11,545.4141414141413,,
1966-04-12,544.440404040404,,
1966-04-13,543.4666666666667,,
1966-04-14,542.4929292929291,,
1966-04-15,541.5191919191919,,
1966-04-18,538.5979797979799,,
1966-04-19,537.6242424242424,,
1966-04-20,536.650505050505,,
1966-04-21,535.6767676767677,,
1966-04-22,534.7030303030303,,
1966-04-25,531.7818181818182,,
1966-04-26,530.8080808080808,,
1966-04-27,529.8343434343435,,
1966-04-28,528.8606060606061,,
1966-04-29,527.8868686868686,,
1966-05-02,525.7986314760509,,
1966-05-03,525.6578690127077,,
1966-05-04,525.5171065493647,,
1966-05-05,525.3763440860215,,
1966-05-06,525.2355816226784,,
1966-05-09,524.813294232649,,
1966-05-10,524.672531769306,,
1966-05-11,524.5317693059628,,
1966-05-12,524.3910068426197,,
1966-05-13,524.2502443792766,,
1966-05-16,523.8279569892474,,
1966-05-17,523.6871945259041,,
1966-05-18,523.546432062561,,
1966-05-19,523.4056695992181,,
1966-05-20,523.264907135875,,
1966-05-23,522.8426197458456,,
1966-05-24,522.7018572825025,,
1966-05-25,522.5610948191593,,
1966-05-26,522.4203323558163,,
1966-05-27,522.2795698924731,,
1966-05-30,521.8572825024438,,
1966-05-31,521.7165200391006,,
1966-06-01,521.5757575757576,,
1966-06-02,521.5313131313131,,
1966-06-03,521.4868686868687,,
1966-06-06,521.3535353535354,,
1966-06-07,521.309090909091,,
1966-06-08,521.2646464646465,,
1966-06-09,521.220202020202,,
1966-06-10,521.1757575757575,,
1966-06-13,521.0424242424243,,
1966-06-14,520.9979797979798,,
1966-06-15,520.9535353535354,,
1966-06-16,520.9090909090909,,
1966-06-17,520.8646464646464,,
1966-06-20,520.7313131313132,,
1966-06-21,520.6868686868687,,
1966-06-22,520.6424242424242,,
1966-06-23,520.5979797979797,,
1966-06-24,520.5535353535354,,
1966-06-27,520.420202020202,,
1966-06-28,520.3757575757576,,
1966-06-29,520.3313131313132,,
1966-06-30,520.2868686868687,,
1966-07-01,520.2424242424242,,
1966-07-04,517.1984359726296,,
1966-07-05,516.1837732160313,,
1966-07-06,515.169110459433,,
1966-07-07,514.1544477028348,,
1966-07-08,513.1397849462365,,
1966-07-11,510.09579667644186,,
1966-07-12,509.0811339198436,,
1966-07-13,508.0664711632453,,
1966-07-14,507.0518084066472,,
1966-07-15,506.0371456500489,,
1966-07-18,502.99315738025416,,
1966-07-19,501.9784946236559,,
1966-07-20,500.96383186705776,,
1966-07-21,499.9491691104595,,
1966-07-22,498.9345063538612,,
1966-07-25,495.89051808406646,,
1966-07-26,494.8758553274683,,
1966-07-27,493.86119257087006,,
1966-07-28,492.8465298142718,,
1966-07-29,491.83186705767355,,
1966-08-01,488.78787878787887,,
1966-08-02,488.23264907135876,,
1966-08-03,487.6774193548387,,
1966-08-04,487.1221896383187,,
1966-08-05,486.5669599217987,,
1966-08-08,484.90127077223855,,
1966-08-09,484.3460410557185,,
1966-08-10,483.79081133919846,,
1966-08-11,483.23558162267835,,
1966-08-12,482.68035190615836,,
1966-08-15,481.0146627565983,,
1966-08-16,480.45943304007824,,
1966-08-17,479.90420332355814,,
1966-08-18,479.34897360703815,,
1966-08-19,478.7937438905181,,
1966-08-22,477.12805474095796,,
1966-08-23,476.5728250244379,,
1966-08-24,476.01759530791793,,
1966-08-25,475.4623655913979,,
1966-08-26,474.9071358748778,,
1966-08-29,473.24144672531776,,
1966-08-30,472.6862170087977,,
1966-08-31,472.13098729227767,,
1966-09-01,471.57575757575756,,
1966-09-02,471.8917039244909,,
1966-09-05,472.83954297069056,,
1966-09-06,473.1554893194238,,
1966-09-07,473.47143566815697,,
1966-09-08,473.7873820168902,,
1966-09-09,474.10332836562344,,
1966-09-12,475.0511674118232,,
1966-09-13,475.3671137605564,,
1966-09-14,475.6830601092896,,
1966-09-15,475.99900645802285,,
1966-09-16,476.3149528067561,,
1966-09-19,477.26279185295573,,
1966-09-20,477.578738201689,,
1966-09-21,477.89468455042226,,
1966-09-22,478.2106308991555,,
1966-09-23,478.5265772478888,,
1966-09-26,479.4744162940884,,
1966-09-27,479.79036264282166,,
1966-09-28,480.1063089915549,,
1966-09-29,480.42225534028813,,
1966-09-30,480.7382016890213,,
1966-10-03,481.68604073522107,,
1966-10-04,482.0019870839543,,
1966-10-05,482.31793343268754,,
1966-10-06,482.6338797814207,,
1966-10-07,482.94982613015395,,
1966-10-10,483.8976651763536,,
1966-10-11,484.21361152508695,,
1966-10-12,484.52955787382024,,
1966-10-13,484.84550422255336,,
1966-10-14,485.16145057128665,,
1966-10-17,486.10928961748635,,
1966-10-18,486.4252359662196,,
1966-10-19,486.74118231495277,,
1966-10-20,487.057128663686,,
1966-10-21,487.37307501241924,,
1966-10-24,488.320914058619,,
1966-10-25,488.6368604073522,,
1966-10-26,488.9528067560854,,
1966-10-27,489.26875310481864,,
1966-10-28,489.5846994535519,,
1966-10-31,490.5325384997515,,
1966-11-01,490.8484848484848,,
1966-11-02,490.91717171717175,,
1966-11-03,490.9858585858585,,
1966-11-04,491.05454545454546,,
1966-11-07,491.260606060606,,
1966-11-08,491.32929292929293,,
1966-11-09,491.3979797979797,,
1966-11-10,491.46666666666664,,
1966-11-11,491.53535353535347,,
1966-11-14,491.74141414141417,,
1966-11-15,491.810101010101,,
1966-11-16,491.8787878787879,,
1966-11-17,491.9474747474748,,
1966-11-18,492.01616161616164,,
1966-11-21,492.22222222222223,,
1966-11-22,492.29090909090905,,
1966-11-23,492.359595959596,,
1966-11-24,492.4282828282828,,
1966-11-25,492.4969696969697,,
1966-11-28,492.70303030303023,,
1966-11-29,492.77171717171717,,
1966-11-30,492.840404040404,,
1966-12-01,492.9090909090909,,
1966-12-02,495.71065493646137,,
1966-12-05,504.11534701857283,,
1966-12-06,506.9169110459433,,
1966-12-07,509.71847507331375,,
1966-12-08,512.5200391006842,,
1966-12-09,515.3216031280548,,
1966-12-12,523.7262952101661,,
1966-12-13,526.5278592375366,,
1966-12-14,529.3294232649072,,
1966-12-15,532.1309872922776,,
1966-12-16,534.9325513196482,,
1966-12-19,543.3372434017595,,
1966-12-20,546.13880742913,,
1966-12-21,548.9403714565004,,
1966-12-22,551.7419354838709,,
1966-12-23,554.5434995112415,,
1966-12-26,562.9481915933529,,
1966-12-27,565.7497556207234,,
1966-12-28,568.5513196480938,,
1966-12-29,571.3528836754642,,
1966-12-30,574.1544477028348,,
1967-01-02,578.1348973607038,,
1967-01-03,576.5122189638319,,
1967-01-04,574.8895405669599,,
1967-01-05,573.266862170088,,
1967-01-06,571.644183773216,,
1967-01-09,566.7761485826002,,
1967-01-10,565.1534701857282,,
1967-01-11,563.5307917888564,,
1967-01-12,561.9081133919843,,
1967-01-13,560.2854349951124,,
1967-01-16,555.4173998044965,,
1967-01-17,553.7947214076246,,
1967-01-18,552.1720430107526,,
1967-01-19,550.5493646138808,,
1967-01-20,548.9266862170088,,
1967-01-23,544.0586510263929,,
1967-01-24,542.435972629521,,
1967-01-25,540.8132942326491,,
1967-01-26,539.1906158357771,,
1967-01-27,537.5679374389052,,
1967-01-30,532.6999022482894,,
1967-01-31,531.0772238514173,,
1967-02-01,529.4545454545455,,
1967-02-02,529.9004329004329,,
1967-02-03,530.3463203463203,,
1967-02-06,531.6839826839827,,
1967-02-07,532.1298701298701,,
1967-02-08,532.5757575757576,,
1967-02-09,533.021645021645,,
1967-02-10,533.4675324675325,,
1967-02-13,534.8051948051948,,
1967-02-14,535.2510822510823,,
1967-02-15,535.6969696969697,,
1967-02-16,536.1428571428571,,
1967-02-17,536.5887445887446,,
1967-02-20,537.9264069264069,,
1967-02-21,538.3722943722944,,
1967-02-22,538.8181818181819,,
1967-02-23,539.2640692640692,,
1967-02-24,539.7099567099567,,
1967-02-27,541.047619047619,,
1967-02-28,541.4935064935065,,
1967-03-01,541.939393939394,,
1967-03-02,542.2404692082112,,
1967-03-03,542.5415444770283,,
1967-03-06,543.44477028348,,
1967-03-07,543.7458455522972,,
1967-03-08,544.0469208211143,,
1967-03-09,544.3479960899316,,
1967-03-10,544.6490713587488,,
1967-03-13,545.5522971652003,,
1967-03-14,545.8533724340175,,
1967-03-15,546.1544477028348,,
1967-03-16,546.4555229716519,,
1967-03-17,546.7565982404692,,
1967-03-20,547.6598240469208,,
1967-03-21,547.9608993157381,,
1967-03-22,548.2619745845552,,
1967-03-23,548.5630498533724,,
1967-03-24,548.8641251221896,,
1967-03-27,549.7673509286412,,
1967-03-28,550.0684261974584,,
1967-03-29,550.3695014662757,,
1967-03-30,550.6705767350928,,
1967-03-31,550.9716520039101,,
1967-04-03,551.931313131313,,
1967-04-04,552.260606060606,,
1967-04-05,552.5898989898989,,
1967-04-06,552.9191919191918,,
1967-04-07,553.2484848484848,,
1967-04-10,554.2363636363636,,
1967-04-11,554.5656565656566,,
1967-04-12,554.8949494949495,,
1967-04-13,555.2242424242424,,
1967-04-14,555.5535353535353,,
1967-04-17,556.5414141414142,,
1967-04-18,556.8707070707071,,
1967-04-19,557.2,,
1967-04-20,557.5292929292929,,
1967-04-21,557.8585858585859,,
1967-04-24,558.8464646464646,,
1967-04-25,559.1757575757575,,
1967-04-26,559.5050505050505,,
1967-04-27,559.8343434343435,,
1967-04-28,560.1636363636363,,
1967-05-01,561.1515151515151,,
1967-05-02,560.9247311827958,,
1967-05-03,560.6979472140763,,
1967-05-04,560.4711632453568,,
1967-05-05,560.2443792766373,,
1967-05-08,559.564027370479,,
1967-05-09,559.3372434017596,,
1967-05-10,559.1104594330401,,
1967-05-11,558.8836754643206,,
1967-05-12,558.6568914956013,,
1967-05-15,557.9765395894428,,
1967-05-16,557.7497556207234,,
1967-05-17,557.522971652004,,
1967-05-18,557.2961876832845,,
1967-05-19,557.069403714565,,
1967-05-22,556.3890518084067,,
1967-05-23,556.1622678396872,,
1967-05-24,555.9354838709678,,
1967-05-25,555.7086999022483,,
1967-05-26,555.4819159335289,,
1967-05-29,554.8015640273704,,
1967-05-30,554.5747800586512,,
1967-05-31,554.3479960899316,,
1967-06-01,554.1212121212122,,
1967-06-02,554.4404040404041,,
1967-06-05,555.3979797979798,,
1967-06-06,555.7171717171718,,
1967-06-07,556.0363636363637,,
1967-06-08,556.3555555555556,,
1967-06-09,556.6747474747475,,
1967-06-12,557.6323232323233,,
1967-06-13,557.9515151515152,,
1967-06-14,558.2707070707071,,
1967-06-15,558.5898989898991,,
1967-06-16,558.909090909091,,
1967-06-19,559.8666666666667,,
1967-06-20,560.1858585858586,,
1967-06-21,560.5050505050505,,
1967-06-22,560.8242424242424,,
1967-06-23,561.1434343434344,,
1967-06-26,562.10101010101,,
1967-06-27,562.4202020202019,,
1967-06-28,562.739393939394,,
1967-06-29,563.058585858586,,
1967-06-30,563.3777777777779,,
1967-07-03,564.2756598240469,,
1967-07-04,564.5650048875855,,
1967-07-05,564.8543499511242,,
1967-07-06,565.1436950146627,,
1967-07-07,565.4330400782013,,
1967-07-10,566.3010752688172,,
1967-07-11,566.5904203323558,,
1967-07-12,566.8797653958944,,
1967-07-13,567.1691104594331,,
1967-07-14,567.4584555229716,,
1967-07-17,568.3264907135875,,
1967-07-18,568.6158357771261,,
1967-07-19,568.9051808406648,,
1967-07-20,569.1945259042034,,
1967-07-21,569.483870967742,,
1967-07-24,570.3519061583577,,
1967-07-25,570.6412512218964,,
1967-07-26,570.930596285435,,
1967-07-27,571.2199413489736,,
1967-07-28,571.5092864125122,,
1967-07-31,572.377321603128,,
1967-08-01,572.6666666666666,,
1967-08-02,572.9247311827958,,
1967-08-03,573.1827956989247,,
1967-08-04,573.4408602150538,,
1967-08-07,574.2150537634408,,
1967-08-08,574.4731182795698,,
1967-08-09,574.7311827956989,,
1967-08-10,574.989247311828,,
1967-08-11,575.247311827957,,
1967-08-14,576.0215053763442,,
1967-08-15,576.2795698924731,,
1967-08-16,576.5376344086021,,
1967-08-17,576.7956989247311,,
1967-08-18,577.0537634408602,,
1967-08-21,577.8279569892474,,
1967-08-22,578.0860215053764,,
1967-08-23,578.3440860215054,,
1967-08-24,578.6021505376344,,
1967-08-25,578.8602150537635,,
1967-08-28,579.6344086021506,,
1967-08-29,579.8924731182796,,
1967-08-30,580.1505376344086,,
1967-08-31,580.4086021505376,,
1967-09-01,580.6666666666666,,
1967-09-04,579.7277694982613,,
1967-09-05,579.4148037754596,,
1967-09-06,579.1018380526577,,
1967-09-07,578.788872329856,,
1967-09-08,578.4759066070542,,
1967-09-11,577.5370094386487,,
1967-09-12,577.2240437158471,,
1967-09-13,576.9110779930452,,
1967-09-14,576.5981122702434,,
1967-09-15,576.2851465474416,,
1967-09-18,575.3462493790363,,
1967-09-19,575.0332836562345,,
1967-09-20,574.7203179334326,,
1967-09-21,574.407352210631,,
1967-09-22,574.0943864878292,,
1967-09-25,573.1554893194237,,
1967-09-26,572.842523596622,,
1967-09-27,572.5295578738202,,
1967-09-28,572.2165921510183,,
1967-09-29,571.9036264282166,,
1967-10-02,570.9647292598112,,
1967-10-03,570.6517635370094,,
1967-10-04,570.3387978142077,,
1967-10-05,570.0258320914058,,
1967-10-06,569.7128663686041,,
1967-10-09,568.7739692001987,,
1967-10-10,568.4610034773968,,
1967-10-11,568.1480377545952,,
1967-10-12,567.8350720317933,,
1967-10-13,567.5221063089916,,
1967-10-16,566.5832091405862,,
1967-10-17,566.2702434177844,,
1967-10-18,565.9572776949826,,
1967-10-19,565.6443119721808,,
1967-10-20,565.331346249379,,
1967-10-23,564.3924490809737,,
1967-10-24,564.0794833581718,,
1967-10-25,563.7665176353701,,
1967-10-26,563.4535519125683,,
1967-10-27,563.1405861897665,,
1967-10-30,562.2016890213612,,
1967-10-31,561.8887232985594,,
1967-11-01,561.5757575757575,,
1967-11-02,562.1090909090909,,
1967-11-03,562.6424242424242,,
1967-11-06,564.2424242424241,,
1967-11-07,564.7757575757577,,
1967-11-08,565.3090909090909,,
1967-11-09,565.8424242424242,,
1967-11-10,566.3757575757576,,
1967-11-13,567.9757575757575,,
1967-11-14,568.5090909090909,,
1967-11-15,569.0424242424242,,
1967-11-16,569.5757575757575,,
1967-11-17,570.1090909090909,,
1967-11-20,571.709090909091,,
1967-11-21,572.2424242424242,,
1967-11-22,572.7757575757576,,
1967-11-23,573.3090909090909,,
1967-11-24,573.8424242424243,,
1967-11-27,575.4424242424242,,
1967-11-28,575.9757575757576,,
1967-11-29,576.5090909090909,,
1967-11-30,577.0424242424243,,
1967-12-01,577.5757575757575,,
1967-12-04,582.5610948191594,,
1967-12-05,584.2228739002932,,
1967-12-06,585.8846529814273,,
1967-12-07,587.546432062561,,
1967-12-08,589.2082111436949,,
1967-12-11,594.1935483870967,,
1967-12-12,595.8553274682306,,
1967-12-13,597.5171065493646,,
1967-12-14,599.1788856304985,,
1967-12-15,600.8406647116325,,
1967-12-18,605.8260019550341,,
1967-12-19,607.4877810361681,,
1967-12-20,609.149560117302,,
1967-12-21,610.811339198436,,
1967-12-22,612.4731182795699,,
1967-12-25,617.4584555229716,,
1967-12-26,619.1202346041056,,
1967-12-27,620.7820136852395,,
1967-12-28,622.4437927663735,,
1967-12-29,624.1055718475072,,
1968-01-01,629.0909090909091,,
1968-01-02,626.5395894428152,,
1968-01-03,623.9882697947213,,
1968-01-04,621.4369501466275,,
1968-01-05,618.8856304985337,,
1968-01-08,611.2316715542521,,
1968-01-09,608.6803519061584,,
1968-01-10,606.1290322580645,,
1968-01-11,603.5777126099707,,
1968-01-12,601.0263929618769,,
1968-01-15,593.3724340175953,,
1968-01-16,590.8211143695015,,
1968-01-17,588.2697947214076,,
1968-01-18,585.7184750733138,,
1968-01-19,583.1671554252199,,
1968-01-22,575.5131964809384,,
1968-01-23,572.9618768328446,,
1968-01-24,570.4105571847506,,
1968-01-25,567.8592375366569,,
1968-01-26,565.3079178885631,,
1968-01-29,557.6539589442816,,
1968-01-30,555.1026392961877,,
1968-01-31,552.5513196480938,,
1968-02-01,550.0,,
1968-02-02,549.6530825496343,,
1968-02-05,548.612330198537,,
1968-02-06,548.2654127481715,,
1968-02-07,547.9184952978056,,
1968-02-08,547.5715778474399,,
1968-02-09,547.2246603970742,,
1968-02-12,546.183908045977,,
1968-02-13,545.8369905956113,,
1968-02-14,545.4900731452456,,
1968-02-15,545.1431556948799,,
1968-02-16,544.7962382445141,,
1968-02-19,543.7554858934169,,
1968-02-20,543.4085684430513,,
1968-02-21,543.0616509926854,,
1968-02-22,542.7147335423198,,
1968-02-23,542.3678160919541,,
1968-02-26,541.3270637408568,,
1968-02-27,540.9801462904911,,
1968-02-28,540.6332288401255,,
1968-02-29,540.2863113897596,,
1968-03-01,539.939393939394,,
1968-03-04,543.7986314760509,,
1968-03-05,545.0850439882698,,
1968-03-06,546.3714565004888,,
1968-03-07,547.6578690127077,,
1968-03-08,548.9442815249266,,
1968-03-11,552.8035190615836,,
1968-03-12,554.0899315738026,,
1968-03-13,555.3763440860215,,
1968-03-14,556.6627565982405,,
1968-03-15,557.9491691104594,,
1968-03-18,561.8084066471164,,
1968-03-19,563.0948191593353,,
1968-03-20,564.3812316715542,,
1968-03-21,565.6676441837733,,
1968-03-22,566.9540566959922,,
1968-03-25,570.813294232649,,
1968-03-26,572.0997067448681,,
1968-03-27,573.3861192570871,,
1968-03-28,574.672531769306,,
1968-03-29,575.958944281525,,
1968-04-01,579.8181818181818,,
1968-04-02,580.2626262626263,,
1968-04-03,580.7070707070707,,
1968-04-04,581.1515151515151,,
1968-04-05,581.5959595959597,,
1968-04-08,582.929292929293,,
1968-04-09,583.3737373737374,,
1968-04-10,583.8181818181818,,
1968-04-11,584.2626262626263,,
1968-04-12,584.7070707070708,,
1968-04-15,586.040404040404,,
1968-04-16,586.4848484848484,,
1968-04-17,586.929292929293,,
1968-04-18,587.3737373737374,,
1968-04-19,587.8181818181819,,
1968-04-22,589.1515151515151,,
1968-04-23,589.5959595959596,,
1968-04-24,590.0404040404042,,
1968-04-25,590.4848484848485,,
1968-04-26,590.929292929293,,
1968-04-29,592.2626262626263,,
1968-04-30,592.7070707070708,,
1968-05-01,593.1515151515151,,
1968-05-02,593.6656891495601,,
1968-05-03,594.1798631476051,,
1968-05-06,595.72238514174,,
1968-05-07,596.236559139785,,
1968-05-08,596.7507331378299,,
1968-05-09,597.2649071358749,,
1968-05-10,597.7790811339199,,
1968-05-13,599.3216031280548,,
1968-05-14,599.8357771260996,,
1968-05-15,600.3499511241447,,
1968-05-16,600.8641251221896,,
1968-05-17,601.3782991202347,,
1968-05-20,602.9208211143695,,
1968-05-21,603.4349951124144,,
1968-05-22,603.9491691104595,,
1968-05-23,604.4633431085044,,
1968-05-24,604.9775171065494,,
1968-05-27,606.5200391006842,,
1968-05-28,607.0342130987292,,
1968-05-29,607.5483870967743,,
1968-05-30,608.0625610948191,,
1968-05-31,608.5767350928642,,
1968-06-03,609.0101010101009,,
1968-06-04,608.969696969697,,
1968-06-05,608.929292929293,,
1968-06-06,608.8888888888889,,
1968-06-07,608.8484848484848,,
1968-06-10,608.7272727272727,,
1968-06-11,608.6868686868687,,
1968-06-12,608.6464646464647,,
1968-06-13,608.6060606060606,,
1968-06-14,608.5656565656566,,
1968-06-17,608.4444444444445,,
1968-06-18,608.4040404040404,,
1968-06-19,608.3636363636363,,
1968-06-20,608.3232323232323,,
1968-06-21,608.2828282828283,,
1968-06-24,608.1616161616162,,
1968-06-25,608.1212121212121,,
1968-06-26,608.0808080808081,,
1968-06-27,608.040404040404,,
1968-06-28,607.9999999999999,,
1968-07-01,607.8787878787878,,
1968-07-02,607.4506353861192,,
1968-07-03,607.0224828934506,,
1968-07-04,606.5943304007819,,
1968-07-05,606.1661779081134,,
1968-07-08,604.8817204301074,,
1968-07-09,604.453567937439,,
1968-07-10,604.0254154447703,,
1968-07-11,603.5972629521017,,
1968-07-12,603.169110459433,,
1968-07-15,601.8846529814272,,
1968-07-16,601.4565004887586,,
1968-07-17,601.02834799609,,
1968-07-18,600.6001955034213,,
1968-07-19,600.1720430107528,,
1968-07-22,598.8875855327468,,
1968-07-23,598.4594330400782,,
1968-07-24,598.0312805474096,,
1968-07-25,597.603128054741,,
1968-07-26,597.1749755620723,,
1968-07-29,595.8905180840665,,
1968-07-30,595.4623655913978,,
1968-07-31,595.0342130987293,,
1968-08-01,594.6060606060606,,
1968-08-02,595.2297165200391,,
1968-08-05,597.1006842619746,,
1968-08-06,597.7243401759531,,
1968-08-07,598.3479960899316,,
1968-08-08,598.97165200391,,
1968-08-09,599.5953079178886,,
1968-08-12,601.4662756598241,,
1968-08-13,602.0899315738025,,
1968-08-14,602.7135874877811,,
1968-08-15,603.3372434017596,,
1968-08-16,603.9608993157381,,
1968-08-19,605.8318670576734,,
1968-08-20,606.455522971652,,
1968-08-21,607.0791788856305,,
1968-08-22,607.702834799609,,
1968-08-23,608.3264907135874,,
1968-08-26,610.197458455523,,
1968-08-27,610.8211143695015,,
1968-08-28,611.4447702834799,,
1968-08-29,612.0684261974584,,
1968-08-30,612.692082111437,,
1968-09-02,614.3467461500248,,
1968-09-03,614.7540983606557,,
1968-09-04,615.1614505712865,,
1968-09-05,615.5688027819176,,
1968-09-06,615.9761549925485,,
1968-09-09,617.1982116244411,,
1968-09-10,617.605563835072,,
1968-09-11,618.0129160457029,,
1968-09-12,618.4202682563339,,
1968-09-13,618.8276204669647,,
1968-09-16,620.0496770988575,,
1968-09-17,620.4570293094883,,
1968-09-18,620.8643815201192,,
1968-09-19,621.27173373075,,
1968-09-20,621.679085941381,,
1968-09-23,622.9011425732737,,
1968-09-24,623.3084947839046,,
1968-09-25,623.7158469945356,,
1968-09-26,624.1231992051664,,
1968-09-27,624.5305514157973,,
1968-09-30,625.75260804769,,
1968-10-01,626.1599602583209,,
1968-10-02,626.5673124689517,,
1968-10-03,626.9746646795827,,
1968-10-04,627.3820168902135,,
1968-10-07,628.6040735221063,,
1968-10-08,629.0114257327373,,
1968-10-09,629.4187779433681,,
1968-10-10,629.8261301539991,,
1968-10-11,630.2334823646299,,
1968-10-14,631.4555389965227,,
1968-10-15,631.8628912071536,,
1968-10-16,632.2702434177844,,
1968-10-17,632.6775956284152,,
1968-10-18,633.0849478390462,,
1968-10-21,634.307004470939,,
1968-10-22,634.7143566815698,,
1968-10-23,635.1217088922008,,
1968-10-24,635.5290611028316,,
1968-10-25,635.9364133134625,,
1968-10-28,637.1584699453551,,
1968-10-29,637.5658221559862,,
1968-10-30,637.9731743666171,,
1968-10-31,638.3805265772479,,
1968-11-01,638.7878787878789,,
1968-11-04,639.4545454545455,,
1968-11-05,639.6767676767677,,
1968-11-06,639.89898989899,,
1968-11-07,640.1212121212121,,
1968-11-08,640.3434343434343,,
1968-11-11,641.010101010101,,
1968-11-12,641.2323232323232,,
1968-11-13,641.4545454545455,,
1968-11-14,641.6767676767677,,
1968-11-15,641.89898989899,,
1968-11-18,642.5656565656566,,
1968-11-19,642.7878787878788,,
1968-11-20,643.010101010101,,
1968-11-21,643.2323232323233,,
1968-11-22,643.4545454545455,,
1968-11-25,644.1212121212121,,
1968-11-26,644.3434343434343,,
1968-11-27,644.5656565656566,,
1968-11-28,644.7878787878789,,
1968-11-29,645.010101010101,,
1968-12-02,643.307917888563,,
1968-12-03,641.1612903225807,,
1968-12-04,639.0146627565982,,
1968-12-05,636.8680351906158,,
1968-12-06,634.7214076246335,,
1968-12-09,628.2815249266863,,
1968-12-10,626.1348973607038,,
1968-12-11,623.9882697947213,,
1968-12-12,621.841642228739,,
1968-12-13,619.6950146627566,,
1968-12-16,613.2551319648094,,
1968-12-17,611.1085043988269,,
1968-12-18,608.9618768328445,,
1968-12-19,606.8152492668622,,
1968-12-20,604.6686217008798,,
1968-12-23,598.2287390029326,,
1968-12-24,596.0821114369501,,
1968-12-25,593.9354838709678,,
1968-12-26,591.7888563049853,,
1968-12-27,589.6422287390028,,
1968-12-30,583.2023460410556,,
1968-12-31,581.0557184750733,,
1969-01-01,578.9090909090909,,
1969-01-02,580.0782013685239,,
1969-01-03,581.247311827957,,
1969-01-06,584.7546432062561,,
1969-01-07,585.9237536656892,,
1969-01-08,587.0928641251221,,
1969-01-09,588.2619745845552,,
1969-01-10,589.4310850439882,,
1969-01-13,592.9384164222873,,
1969-01-14,594.1075268817204,,
1969-01-15,595.2766373411534,,
1969-01-16,596.4457478005864,,
1969-01-17,597.6148582600196,,
1969-01-20,601.1221896383187,,
1969-01-21,602.2913000977517,,
1969-01-22,603.4604105571847,,
1969-01-23,604.6295210166179,,
1969-01-24,605.7986314760508,,
1969-01-27,609.3059628543499,,
1969-01-28,610.475073313783,,
1969-01-29,611.644183773216,,
1969-01-30,612.813294232649,,
1969-01-31,613.9824046920821,,
1969-02-03,614.1991341991342,,
1969-02-04,613.7229437229437,,
1969-02-05,613.2467532467532,,
1969-02-06,612.7705627705627,,
1969-02-07,612.2943722943722,,
1969-02-10,610.8658008658009,,
1969-02-11,610.3896103896104,,
1969-02-12,609.91341991342,,
1969-02-13,609.4372294372293,,
1969-02-14,608.961038961039,,
1969-02-17,607.5324675324675,,
1969-02-18,607.056277056277,,
1969-02-19,606.5800865800866,,
1969-02-20,606.103896103896,,
1969-02-21,605.6277056277056,,
1969-02-24,604.1991341991342,,
1969-02-25,603.7229437229438,,
1969-02-26,603.2467532467532,,
1969-02-27,602.7705627705628,,
1969-02-28,602.2943722943722,,
1969-03-03,602.6001955034212,,
1969-03-04,602.991202346041,,
1969-03-05,603.3822091886608,,
1969-03-06,603.7732160312805,,
1969-03-07,604.1642228739004,,
1969-03-10,605.3372434017595,,
1969-03-11,605.7282502443792,,
1969-03-12,606.1192570869989,,
1969-03-13,606.5102639296188,,
1969-03-14,606.9012707722385,,
1969-03-17,608.0742913000977,,
1969-03-18,608.4652981427174,,
1969-03-19,608.8563049853371,,
1969-03-20,609.2473118279569,,
1969-03-21,609.6383186705767,,
1969-03-24,610.811339198436,,
1969-03-25,611.2023460410556,,
1969-03-26,611.5933528836754,,
1969-03-27,611.9843597262951,,
1969-03-28,612.3753665689148,,
1969-03-31,613.5483870967743,,
1969-04-01,613.939393939394,,
1969-04-02,614.6060606060605,,
1969-04-03,615.2727272727273,,
1969-04-04,615.9393939393939,,
1969-04-07,617.9393939393939,,
1969-04-08,618.6060606060605,,
1969-04-09,619.2727272727273,,
1969-04-10,619.9393939393939,,
1969-04-11,620.6060606060605,,
1969-04-14,622.6060606060605,,
1969-04-15,623.2727272727273,,
1969-04-16,623.9393939393939,,
1969-04-17,624.6060606060606,,
1969-04-18,625.2727272727273,,
1969-04-21,627.2727272727273,,
1969-04-22,627.9393939393939,,
1969-04-23,628.6060606060606,,
1969-04-24,629.2727272727273,,
1969-04-25,629.9393939393939,,
1969-04-28,631.9393939393939,,
1969-04-29,632.6060606060606,,
1969-04-30,633.2727272727273,,
1969-05-01,633.9393939393939,,
1969-05-02,632.8719452590419,,
1969-05-05,629.6695992179864,,
1969-05-06,628.6021505376344,,
1969-05-07,627.5347018572825,,
1969-05-08,626.4672531769306,,
1969-05-09,625.3998044965787,,
1969-05-12,622.1974584555229,,
1969-05-13,621.1300097751711,,
1969-05-14,620.0625610948192,,
1969-05-15,618.9951124144673,,
1969-05-16,617.9276637341153,,
1969-05-19,614.7253176930595,,
1969-05-20,613.6578690127077,,
1969-05-21,612.5904203323558,,
1969-05-22,611.5229716520039,,
1969-05-23,610.455522971652,,
1969-05-26,607.2531769305964,,
1969-05-27,606.1857282502443,,
1969-05-28,605.1182795698925,,
1969-05-29,604.0508308895406,,
1969-05-30,602.9833822091887,,
1969-06-02,599.9535353535354,,
1969-06-03,599.0585858585858,,
1969-06-04,598.1636363636363,,
1969-06-05,597.2686868686868,,
1969-06-06,596.3737373737374,,
1969-06-09,593.6888888888889,,
1969-06-10,592.7939393939394,,
1969-06-11,591.8989898989898,,
1969-06-12,591.0040404040403,,
1969-06-13,590.1090909090909,,
1969-06-16,587.4242424242424,,
1969-06-17,586.5292929292929,,
1969-06-18,585.6343434343434,,
1969-06-19,584.739393939394,,
1969-06-20,583.8444444444444,,
1969-06-23,581.159595959596,,
1969-06-24,580.2646464646464,,
1969-06-25,579.3696969696969,,
1969-06-26,578.4747474747475,,
1969-06-27,577.579797979798,,
1969-06-30,574.8949494949494,,
1969-07-01,573.9999999999999,,
1969-07-02,573.8963831867057,,
1969-07-03,573.7927663734115,,
1969-07-04,573.6891495601172,,
1969-07-07,573.3782991202347,,
1969-07-08,573.2746823069405,,
1969-07-09,573.1710654936461,,
1969-07-10,573.0674486803518,,
1969-07-11,572.9638318670577,,
1969-07-14,572.652981427175,,
1969-07-15,572.5493646138807,,
1969-07-16,572.4457478005866,,
1969-07-17,572.3421309872923,,
1969-07-18,572.238514173998,,
1969-07-21,571.9276637341154,,
1969-07-22,571.8240469208212,,
1969-07-23,571.7204301075269,,
1969-07-24,571.6168132942327,,
1969-07-25,571.5131964809384,,
1969-07-28,571.2023460410558,,
1969-07-29,571.0987292277615,,
1969-07-30,570.9951124144673,,
1969-07-31,570.891495601173,,
1969-08-01,570.7878787878788,,
1969-08-04,570.9814271749756,,
1969-08-05,571.0459433040079,,
1969-08-06,571.1104594330401,,
1969-08-07,571.1749755620724,,
1969-08-08,571.2394916911046,,
1969-08-11,571.4330400782014,,
1969-08-12,571.4975562072336,,
1969-08-13,571.5620723362659,,
1969-08-14,571.6265884652981,,
1969-08-15,571.6911045943303,,
1969-08-18,571.8846529814273,,
1969-08-19,571.9491691104595,,
1969-08-20,572.0136852394918,,
1969-08-21,572.078201368524,,
1969-08-22,572.1427174975562,,
1969-08-25,572.336265884653,,
1969-08-26,572.4007820136853,,
1969-08-27,572.4652981427175,,
1969-08-28,572.5298142717497,,
1969-08-29,572.594330400782,,
1969-09-01,572.7878787878789,,
1969-09-02,572.9567809239941,,
1969-09-03,573.1256830601093,,
1969-09-04,573.2945851962246,,
1969-09-05,573.4634873323398,,
1969-09-08,573.9701937406855,,
1969-09-09,574.1390958768009,,
1969-09-10,574.3079980129161,,
1969-09-11,574.4769001490314,,
1969-09-12,574.6458022851465,,
1969-09-15,575.1525086934923,,
1969-09-16,575.3214108296075,,
1969-09-17,575.4903129657228,,
1969-09-18,575.6592151018381,,
1969-09-19,575.8281172379533,,
1969-09-22,576.334823646299,,
1969-09-23,576.5037257824143,,
1969-09-24,576.6726279185295,,
1969-09-25,576.8415300546449,,
1969-09-26,577.01043219076,,
1969-09-29,577.5171385991058,,
1969-09-30,577.6860407352211,,
1969-10-01,577.8549428713362,,
1969-10-02,578.0238450074517,,
1969-10-03,578.1927471435667,,
1969-10-06,578.6994535519126,,
1969-10-07,578.8683556880278,,
1969-10-08,579.037257824143,,
1969-10-09,579.2061599602583,,
1969-10-10,579.3750620963735,,
1969-10-13,579.8817685047193,,
1969-10-14,580.0506706408346,,
1969-10-15,580.2195727769498,,
1969-10-16,580.3884749130651,,
1969-10-17,580.5573770491802,,
1969-10-20,581.0640834575261,,
1969-10-21,581.2329855936414,,
1969-10-22,581.4018877297565,,
1969-10-23,581.5707898658718,,
1969-10-24,581.739692001987,,
1969-10-27,582.2463984103327,,
1969-10-28,582.4153005464482,,
1969-10-29,582.5842026825633,,
1969-10-30,582.7531048186786,,
1969-10-31,582.9220069547938,,
1969-11-03,581.030303030303,,
1969-11-04,579.9999999999999,,
1969-11-05,578.969696969697,,
1969-11-06,577.9393939393939,,
1969-11-07,576.9090909090909,,
1969-11-10,573.8181818181818,,
1969-11-11,572.7878787878788,,
1969-11-12,571.7575757575756,,
1969-11-13,570.7272727272727,,
1969-11-14,569.6969696969697,,
1969-11-17,566.6060606060606,,
1969-11-18,565.5757575757575,,
1969-11-19,564.5454545454545,,
1969-11-20,563.5151515151516,,
1969-11-21,562.4848484848485,,
1969-11-24,559.3939393939394,,
1969-11-25,558.3636363636363,,
1969-11-26,557.3333333333334,,
1969-11-27,556.3030303030303,,
1969-11-28,555.2727272727273,,
1969-12-01,552.1818181818181,,
1969-12-02,552.0254154447703,,
1969-12-03,551.8690127077224,,
1969-12-04,551.7126099706744,,
1969-12-05,551.5562072336265,,
1969-12-08,551.0869990224829,,
1969-12-09,550.9305962854351,,
1969-12-10,550.7741935483871,,
1969-12-11,550.6177908113392,,
1969-12-12,550.4613880742913,,
1969-12-15,549.9921798631476,,
1969-12-16,549.8357771260996,,
1969-12-17,549.6793743890519,,
1969-12-18,549.5229716520039,,
1969-12-19,549.366568914956,,
1969-12-22,548.8973607038123,,
1969-12-23,548.7409579667644,,
1969-12-24,548.5845552297164,,
1969-12-25,548.4281524926687,,
1969-12-26,548.2717497556208,,
1969-12-29,547.8025415444771,,
1969-12-30,547.6461388074291,,
1969-12-31,547.4897360703812,,
1970-01-01,547.3333333333334,,
1970-01-02,546.7174975562071,,
1970-01-05,544.8699902248289,,
1970-01-06,544.2541544477028,,
1970-01-07,543.6383186705767,,
1970-01-08,543.0224828934506,,
1970-01-09,542.4066471163245,,
1970-01-12,540.5591397849462,,
1970-01-13,539.9433040078202,,
1970-01-14,539.327468230694,,
1970-01-15,538.711632453568,,
1970-01-16,538.0957966764419,,
1970-01-19,536.2482893450635,,
1970-01-20,535.6324535679374,,
1970-01-21,535.0166177908113,,
1970-01-22,534.4007820136852,,
1970-01-23,533.7849462365591,,
1970-01-26,531.9374389051808,,
1970-01-27,531.3216031280548,,
1970-01-28,530.7057673509286,,
1970-01-29,530.0899315738026,,
1970-01-30,529.4740957966765,,
1970-02-02,528.5649350649351,,
1970-02-03,528.8874458874458,,
1970-02-04,529.2099567099567,,
1970-02-05,529.5324675324675,,
1970-02-06,529.8549783549784,,
1970-02-09,530.8225108225108,,
1970-02-10,531.1450216450215,,
1970-02-11,531.4675324675325,,
1970-02-12,531.7900432900433,,
1970-02-13,532.1125541125541,,
1970-02-16,533.0800865800867,,
1970-02-17,533.4025974025974,,
1970-02-18,533.7251082251082,,
1970-02-19,534.0476190476192,,
1970-02-20,534.37012987013,,
1970-02-23,535.3376623376624,,
1970-02-24,535.6601731601731,,
1970-02-25,535.982683982684,,
1970-02-26,536.3051948051949,,
1970-02-27,536.6277056277057,,
1970-03-02,536.7448680351906,,
1970-03-03,536.217008797654,,
1970-03-04,535.6891495601174,,
1970-03-05,535.1612903225807,,
1970-03-06,534.633431085044,,
1970-03-09,533.049853372434,,
1970-03-10,532.5219941348975,,
1970-03-11,531.9941348973607,,
1970-03-12,531.4662756598241,,
1970-03-13,530.9384164222874,,
1970-03-16,529.3548387096774,,
1970-03-17,528.8269794721408,,
1970-03-18,528.2991202346042,,
1970-03-19,527.7712609970675,,
1970-03-20,527.2434017595308,,
1970-03-23,525.6598240469208,,
1970-03-24,525.1319648093843,,
1970-03-25,524.6041055718475,,
1970-03-26,524.0762463343108,,
1970-03-27,523.5483870967741,,
1970-03-30,521.9648093841643,,
1970-03-31,521.4369501466276,,
1970-04-01,520.9090909090909,,
1970-04-02,518.9111111111112,,
1970-04-03,516.9131313131313,,
1970-04-06,510.919191919192,,
1970-04-07,508.9212121212122,,
1970-04-08,506.9232323232324,,
1970-04-09,504.9252525252526,,
1970-04-10,502.92727272727274,,
1970-04-13,496.93333333333334,,
1970-04-14,494.9353535353535,,
1970-04-15,492.9373737373737,,
1970-04-16,490.939393939394,,
1970-04-17,488.9414141414142,,
1970-04-20,482.9474747474748,,
1970-04-21,480.9494949494949,,
1970-04-22,478.95151515151514,,
1970-04-23,476.95353535353536,,
1970-04-24,474.9555555555555,,
1970-04-27,468.96161616161623,,
1970-04-28,466.9636363636364,,
1970-04-29,464.9656565656566,,
1970-04-30,462.96767676767683,,
1970-05-01,460.96969696969694,,
1970-05-04,460.6940371456501,,
1970-05-05,460.60215053763443,,
1970-05-06,460.5102639296188,,
1970-05-07,460.41837732160315,,
1970-05-08,460.32649071358753,,
1970-05-11,460.0508308895406,,
1970-05-12,459.9589442815249,,
1970-05-13,459.8670576735093,,
1970-05-14,459.7751710654936,,
1970-05-15,459.683284457478,,
1970-05-18,459.40762463343117,,
1970-05-19,459.3157380254155,,
1970-05-20,459.2238514173998,,
1970-05-21,459.1319648093842,,
1970-05-22,459.04007820136854,,
1970-05-25,458.76441837732165,,
1970-05-26,458.672531769306,,
1970-05-27,458.58064516129036,,
1970-05-28,458.4887585532747,,
1970-05-29,458.396871945259,,
1970-06-01,458.1212121212121,,
1970-06-02,458.1474747474748,,
1970-06-03,458.17373737373737,,
1970-06-04,458.20000000000005,,
1970-06-05,458.2262626262626,,
1970-06-08,458.30505050505053,,
1970-06-09,458.33131313131315,,
1970-06-10,458.35757575757583,,
1970-06-11,458.38383838383845,,
1970-06-12,458.410101010101,,
1970-06-15,458.4888888888889,,
1970-06-16,458.5151515151515,,
1970-06-17,458.5414141414142,,
1970-06-18,458.5676767676768,,
1970-06-19,458.5939393939395,,
1970-06-22,458.67272727272723,,
1970-06-23,458.69898989898985,,
1970-06-24,458.72525252525253,,
1970-06-25,458.75151515151515,,
1970-06-26,458.7777777777778,,
1970-06-29,458.85656565656564,,
1970-06-30,458.8828282828283,,
1970-07-01,458.9090909090909,,
1970-07-02,459.33919843597266,,
1970-07-03,459.76930596285433,,
1970-07-06,461.0596285434995,,
1970-07-07,461.4897360703812,,
1970-07-08,461.91984359726297,,
1970-07-09,462.34995112414464,,
1970-07-10,462.7800586510264,,
1970-07-13,464.07038123167155,,
1970-07-14,464.5004887585532,,
1970-07-15,464.930596285435,,
1970-07-16,465.3607038123167,,
1970-07-17,465.79081133919846,,
1970-07-20,467.0811339198436,,
1970-07-21,467.5112414467253,,
1970-07-22,467.9413489736071,,
1970-07-23,468.37145650048876,,
1970-07-24,468.80156402737055,,
1970-07-27,470.09188660801567,,
1970-07-28,470.52199413489734,,
1970-07-29,470.952101661779,,
1970-07-30,471.3822091886608,,
1970-07-31,471.81231671554247,,
1970-08-03,474.0645161290322,,
1970-08-04,474.9755620723363,,
1970-08-05,475.88660801564026,,
1970-08-06,476.79765395894424,,
1970-08-07,477.7086999022483,,
1970-08-10,480.44183773216037,,
1970-08-11,481.35288367546434,,
1970-08-12,482.2639296187684,,
1970-08-13,483.1749755620723,,
1970-08-14,484.0860215053763,,
1970-08-17,486.81915933528836,,
1970-08-18,487.73020527859234,,
1970-08-19,488.6412512218964,,
1970-08-20,489.5522971652004,,
1970-08-21,490.4633431085044,,
1970-08-24,493.1964809384164,,
1970-08-25,494.10752688172045,,
1970-08-26,495.0185728250244,,
1970-08-27,495.9296187683284,,
1970-08-28,496.8406647116325,,
1970-08-31,499.5738025415444,,
1970-09-01,500.4848484848485,,
1970-09-02,500.65375062096376,,
1970-09-03,500.8226527570789,,
1970-09-04,500.9915548931943,,
1970-09-07,501.49826130154,,
1970-09-08,501.6671634376552,,
1970-09-09,501.83606557377055,,
1970-09-10,502.0049677098857,,
1970-09-11,502.17386984600097,,
1970-09-14,502.68057625434676,,
1970-09-15,502.84947839046197,,
1970-09-16,503.01838052657723,,
1970-09-17,503.18728266269244,,
1970-09-18,503.35618479880776,,
1970-09-21,503.8628912071535,,
1970-09-22,504.03179334326876,,
1970-09-23,504.200695479384,,
1970-09-24,504.3695976154993,,
1970-09-25,504.5384997516145,,
1970-09-28,505.0452061599603,,
1970-09-29,505.21410829607555,,
1970-09-30,505.3830104321907,,
1970-10-01,505.5519125683061,,
1970-10-02,505.72081470442123,,
1970-10-05,506.22752111276696,,
1970-10-06,506.39642324888234,,
1970-10-07,506.5653253849975,,
1970-10-08,506.73422752111276,,
1970-10-09,506.90312965722796,,
1970-10-12,507.40983606557376,,
1970-10-13,507.578738201689,,
1970-10-14,507.7476403378043,,
1970-10-15,507.91654247391955,,
1970-10-16,508.0854446100348,,
1970-10-19,508.59215101838055,,
1970-10-20,508.7610531544958,,
1970-10-21,508.9299552906111,,
1970-10-22,509.0988574267262,,
1970-10-23,509.2677595628416,,
1970-10-26,509.7744659711872,,
1970-10-27,509.9433681073025,,
1970-10-28,510.11227024341787,,
1970-10-29,510.281172379533,,
1970-10-30,510.4500745156483,,
1970-11-02,511.95353535353536,,
1970-11-03,513.119191919192,,
1970-11-04,514.2848484848485,,
1970-11-05,515.4505050505052,,
1970-11-06,516.6161616161615,,
1970-11-09,520.1131313131314,,
1970-11-10,521.2787878787879,,
1970-11-11,522.4444444444443,,
1970-11-12,523.6101010101011,,
1970-11-13,524.7757575757576,,
1970-11-16,528.2727272727273,,
1970-11-17,529.4383838383837,,
1970-11-18,530.6040404040405,,
1970-11-19,531.769696969697,,
1970-11-20,532.9353535353536,,
1970-11-23,536.4323232323231,,
1970-11-24,537.5979797979797,,
1970-11-25,538.7636363636364,,
1970-11-26,539.9292929292928,,
1970-11-27,541.0949494949494,,
1970-11-30,544.5919191919191,,
1970-12-01,545.7575757575758,,
1970-12-02,547.1730205278592,,
1970-12-03,548.5884652981426,,
1970-12-04,550.0039100684262,,
1970-12-07,554.2502443792766,,
1970-12-08,555.6656891495601,,
1970-12-09,557.0811339198436,,
1970-12-10,558.4965786901271,,
1970-12-11,559.9120234604106,,
1970-12-14,564.158357771261,,
1970-12-15,565.5738025415445,,
1970-12-16,566.9892473118281,,
1970-12-17,568.4046920821114,,
1970-12-18,569.820136852395,,
1970-12-21,574.0664711632453,,
1970-12-22,575.4819159335289,,
1970-12-23,576.8973607038123,,
1970-12-24,578.3128054740959,,
1970-12-25,579.7282502443793,,
1970-12-28,583.9745845552297,,
1970-12-29,585.3900293255133,,
1970-12-30,586.8054740957967,,
1970-12-31,588.2209188660802,,
1971-01-01,589.6363636363636,,
1971-01-04,589.5307917888563,,
1971-01-05,589.4956011730205,,
1971-01-06,589.4604105571848,,
1971-01-07,589.425219941349,,
1971-01-08,589.3900293255132,,
1971-01-11,589.2844574780058,,
1971-01-12,589.2492668621701,,
1971-01-13,589.2140762463342,,
1971-01-14,589.1788856304985,,
1971-01-15,589.1436950146627,,
1971-01-18,589.0381231671554,,
1971-01-19,589.0029325513196,,
1971-01-20,588.9677419354839,,
1971-01-21,588.9325513196482,,
1971-01-22,588.8973607038124,,
1971-01-25,588.7917888563051,,
1971-01-26,588.7565982404692,,
1971-01-27,588.7214076246335,,
1971-01-28,588.6862170087977,,
1971-01-29,588.6510263929619,,
1971-02-01,588.5454545454546,,
1971-02-02,589.0844155844155,,
1971-02-03,589.6233766233765,,
1971-02-04,590.1623376623377,,
1971-02-05,590.7012987012987,,
1971-02-08,592.3181818181818,,
1971-02-09,592.8571428571429,,
1971-02-10,593.3961038961039,,
1971-02-11,593.9350649350649,,
1971-02-12,594.474025974026,,
1971-02-15,596.090909090909,,
1971-02-16,596.6298701298701,,
1971-02-17,597.168831168831,,
1971-02-18,597.7077922077922,,
1971-02-19,598.2467532467532,,
1971-02-22,599.8636363636363,,
1971-02-23,600.4025974025973,,
1971-02-24,600.9415584415584,,
1971-02-25,601.4805194805194,,
1971-02-26,602.0194805194806,,
1971-03-01,603.6363636363636,,
1971-03-02,604.3010752688172,,
1971-03-03,604.9657869012707,,
1971-03-04,605.6304985337243,,
1971-03-05,606.2952101661779,,
1971-03-08,608.2893450635386,,
1971-03-09,608.9540566959921,,
1971-03-10,609.6187683284458,,
1971-03-11,610.2834799608993,,
1971-03-12,610.9481915933529,,
1971-03-15,612.9423264907135,,
1971-03-16,613.6070381231672,,
1971-03-17,614.2717497556207,,
1971-03-18,614.9364613880743,,
1971-03-19,615.6011730205279,,
1971-03-22,617.5953079178886,,
1971-03-23,618.2600195503421,,
1971-03-24,618.9247311827958,,
1971-03-25,619.5894428152493,,
1971-03-26,620.2541544477028,,
1971-03-29,622.2482893450635,,
1971-03-30,622.9130009775172,,
1971-03-31,623.5777126099706,,
1971-04-01,624.2424242424242,,
1971-04-02,623.959595959596,,
1971-04-05,623.1111111111111,,
1971-04-06,622.8282828282828,,
1971-04-07,622.5454545454545,,
1971-04-08,622.2626262626263,,
1971-04-09,621.9797979797979,,
1971-04-12,621.1313131313132,,
1971-04-13,620.8484848484848,,
1971-04-14,620.5656565656566,,
1971-04-15,620.2828282828283,,
1971-04-16,620.0,,
1971-04-19,619.1515151515151,,
1971-04-20,618.8686868686868,,
1971-04-21,618.5858585858585,,
1971-04-22,618.3030303030303,,
1971-04-23,618.020202020202,,
1971-04-26,617.1717171717171,,
1971-04-27,616.8888888888889,,
1971-04-28,616.6060606060606,,
1971-04-29,616.3232323232322,,
1971-04-30,616.040404040404,,
1971-05-03,615.0224828934506,,
1971-05-04,614.6549364613879,,
1971-05-05,614.2873900293255,,
1971-05-06,613.919843597263,,
1971-05-07,613.5522971652005,,
1971-05-10,612.4496578690126,,
1971-05-11,612.0821114369501,,
1971-05-12,611.7145650048875,,
1971-05-13,611.347018572825,,
1971-05-14,610.9794721407625,,
1971-05-17,609.8768328445748,,
1971-05-18,609.5092864125122,,
1971-05-19,609.1417399804496,,
1971-05-20,608.7741935483871,,
1971-05-21,608.4066471163245,,
1971-05-24,607.3040078201369,,
1971-05-25,606.9364613880742,,
1971-05-26,606.5689149560117,,
1971-05-27,606.2013685239491,,
1971-05-28,605.8338220918865,,
1971-05-31,604.7311827956989,,
1971-06-01,604.3636363636364,,
1971-06-02,604.2181818181817,,
1971-06-03,604.0727272727272,,
1971-06-04,603.9272727272727,,
1971-06-07,603.4909090909091,,
1971-06-08,603.3454545454546,,
1971-06-09,603.2,,
1971-06-10,603.0545454545455,,
1971-06-11,602.9090909090909,,
1971-06-14,602.4727272727273,,
1971-06-15,602.3272727272727,,
1971-06-16,602.1818181818181,,
1971-06-17,602.0363636363636,,
1971-06-18,601.8909090909091,,
1971-06-21,601.4545454545455,,
1971-06-22,601.3090909090909,,
1971-06-23,601.1636363636363,,
1971-06-24,601.0181818181818,,
1971-06-25,600.8727272727273,,
1971-06-28,600.4363636363636,,
1971-06-29,600.290909090909,,
1971-06-30,600.1454545454545,,
1971-07-01,600.0,,
1971-07-02,599.6559139784946,,
1971-07-05,598.6236559139784,,
1971-07-06,598.2795698924732,,
1971-07-07,597.9354838709678,,
1971-07-08,597.5913978494623,,
1971-07-09,597.247311827957,,
1971-07-12,596.2150537634409,,
1971-07-13,595.8709677419354,,
1971-07-14,595.5268817204301,,
1971-07-15,595.1827956989248,,
1971-07-16,594.8387096774194,,
1971-07-19,593.8064516129032,,
1971-07-20,593.4623655913979,,
1971-07-21,593.1182795698925,,
1971-07-22,592.774193548387,,
1971-07-23,592.4301075268817,,
1971-07-26,591.3978494623656,,
1971-07-27,591.0537634408602,,
1971-07-28,590.7096774193549,,
1971-07-29,590.3655913978495,,
1971-07-30,590.0215053763441,,
1971-08-02,589.7556207233625,,
1971-08-03,590.1779081133919,,
1971-08-04,590.6001955034212,,
1971-08-05,591.0224828934506,,
1971-08-06,591.4447702834799,,
1971-08-09,592.7116324535679,,
1971-08-10,593.1339198435973,,
1971-08-11,593.5562072336265,,
1971-08-12,593.9784946236559,,
1971-08-13,594.4007820136852,,
1971-08-16,595.6676441837732,,
1971-08-17,596.0899315738026,,
1971-08-18,596.5122189638319,,
1971-08-19,596.9345063538613,,
1971-08-20,597.3567937438905,,
1971-08-23,598.6236559139785,,
1971-08-24,599.0459433040078,,
1971-08-25,599.4682306940372,,
1971-08-26,599.8905180840665,,
1971-08-27,600.3128054740959,,
1971-08-30,601.5796676441837,,
1971-08-31,602.0019550342131,,
1971-09-01,602.4242424242425,,
1971-09-02,601.7665176353702,,
1971-09-03,601.1087928464979,,
1971-09-06,599.1356184798808,,
1971-09-07,598.4778936910085,,
1971-09-08,597.8201689021362,,
1971-09-09,597.1624441132639,,
1971-09-10,596.5047193243914,,
1971-09-13,594.5315449577745,,
1971-09-14,593.8738201689021,,
1971-09-15,593.2160953800299,,
1971-09-16,592.5583705911575,,
1971-09-17,591.9006458022851,,
1971-09-20,589.9274714356682,,
1971-09-21,589.2697466467959,,
1971-09-22,588.6120218579235,,
1971-09-23,587.9542970690512,,
1971-09-24,587.2965722801789,,
1971-09-27,585.323397913562,,
1971-09-28,584.6656731246895,,
1971-09-29,584.0079483358171,,
1971-09-30,583.3502235469449,,
1971-10-01,582.6924987580726,,
1971-10-04,580.7193243914556,,
1971-10-05,580.0615996025832,,
1971-10-06,579.4038748137109,,
1971-10-07,578.7461500248386,,
1971-10-08,578.0884252359663,,
1971-10-11,576.1152508693492,,
1971-10-12,575.457526080477,,
1971-10-13,574.7998012916046,,
1971-10-14,574.1420765027323,,
1971-10-15,573.48435171386,,
1971-10-18,571.5111773472429,,
1971-10-19,570.8534525583707,,
1971-10-20,570.1957277694983,,
1971-10-21,569.5380029806258,,
1971-10-22,568.8802781917536,,
1971-10-25,566.9071038251366,,
1971-10-26,566.2493790362643,,
1971-10-27,565.591654247392,,
1971-10-28,564.9339294585196,,
1971-10-29,564.2762046696473,,
1971-11-01,562.3030303030303,,
1971-11-02,563.5939393939393,,
1971-11-03,564.8848484848485,,
1971-11-04,566.1757575757575,,
1971-11-05,567.4666666666667,,
1971-11-08,571.339393939394,,
1971-11-09,572.630303030303,,
1971-11-10,573.9212121212122,,
1971-11-11,575.2121212121212,,
1971-11-12,576.5030303030303,,
1971-11-15,580.3757575757576,,
1971-11-16,581.6666666666667,,
1971-11-17,582.9575757575758,,
1971-11-18,584.2484848484848,,
1971-11-19,585.539393939394,,
1971-11-22,589.4121212121212,,
1971-11-23,590.7030303030303,,
1971-11-24,591.9939393939394,,
1971-11-25,593.2848484848485,,
1971-11-26,594.5757575757576,,
1971-11-29,598.4484848484849,,
1971-11-30,599.7393939393941,,
1971-12-01,601.0303030303031,,
1971-12-02,603.069403714565,,
1971-12-03,605.108504398827,,
1971-12-06,611.2258064516129,,
1971-12-07,613.2649071358749,,
1971-12-08,615.3040078201369,,
1971-12-09,617.3431085043987,,
1971-12-10,619.3822091886608,,
1971-12-13,625.4995112414467,,
1971-12-14,627.5386119257087,,
1971-12-15,629.5777126099707,,
1971-12-16,631.6168132942327,,
1971-12-17,633.6559139784946,,
1971-12-20,639.7732160312805,,
1971-12-21,641.8123167155425,,
1971-12-22,643.8514173998045,,
1971-12-23,645.8905180840663,,
1971-12-24,647.9296187683285,,
1971-12-27,654.0469208211143,,
1971-12-28,656.0860215053763,,
1971-12-29,658.1251221896382,,
1971-12-30,660.1642228739003,,
1971-12-31,662.2033235581622,,
1972-01-03,662.5219941348973,,
1972-01-04,661.6617790811339,,
1972-01-05,660.8015640273705,,
1972-01-06,659.9413489736071,,
1972-01-07,659.0811339198436,,
1972-01-10,656.5004887585533,,
1972-01-11,655.6402737047898,,
1972-01-12,654.7800586510264,,
1972-01-13,653.9198435972629,,
1972-01-14,653.0596285434995,,
1972-01-17,650.4789833822092,,
1972-01-18,649.6187683284458,,
1972-01-19,648.7585532746823,,
1972-01-20,647.898338220919,,
1972-01-21,647.0381231671555,,
1972-01-24,644.4574780058651,,
1972-01-25,643.5972629521016,,
1972-01-26,642.7370478983381,,
1972-01-27,641.8768328445748,,
1972-01-28,641.0166177908113,,
1972-01-31,638.4359726295211,,
1972-02-01,637.5757575757576,,
1972-02-02,638.098223615465,,
1972-02-03,638.6206896551724,,
1972-02-04,639.1431556948799,,
1972-02-07,640.7105538140021,,
1972-02-08,641.2330198537095,,
1972-02-09,641.7554858934169,,
1972-02-10,642.2779519331244,,
1972-02-11,642.8004179728318,,
1972-02-14,644.3678160919541,,
1972-02-15,644.8902821316615,,
1972-02-16,645.4127481713688,,
1972-02-17,645.9352142110763,,
1972-02-18,646.4576802507837,,
1972-02-21,648.0250783699059,,
1972-02-22,648.5475444096135,,
1972-02-23,649.0700104493209,,
1972-02-24,649.5924764890282,,
1972-02-25,650.1149425287356,,
1972-02-28,651.6823406478579,,
1972-02-29,652.2048066875653,,
1972-03-01,652.7272727272727,,
1972-03-02,652.9423264907135,,
1972-03-03,653.1573802541545,,
1972-03-06,653.802541544477,,
1972-03-07,654.017595307918,,
1972-03-08,654.2326490713588,,
1972-03-09,654.4477028347997,,
1972-03-10,654.6627565982405,,
1972-03-13,655.307917888563,,
1972-03-14,655.5229716520039,,
1972-03-15,655.7380254154448,,
1972-03-16,655.9530791788857,,
1972-03-17,656.1681329423265,,
1972-03-20,656.8132942326491,,
1972-03-21,657.0283479960899,,
1972-03-22,657.2434017595308,,
1972-03-23,657.4584555229717,,
1972-03-24,657.6735092864126,,
1972-03-27,658.318670576735,,
1972-03-28,658.5337243401759,,
1972-03-29,658.7487781036168,,
1972-03-30,658.9638318670576,,
1972-03-31,659.1788856304985,,
1972-04-03,658.9494949494949,,
1972-04-04,658.7272727272727,,
1972-04-05,658.5050505050506,,
1972-04-06,658.2828282828283,,
1972-04-07,658.060606060606,,
1972-04-10,657.3939393939394,,
1972-04-11,657.1717171717172,,
1972-04-12,656.9494949494949,,
1972-04-13,656.7272727272727,,
1972-04-14,656.5050505050506,,
1972-04-17,655.8383838383838,,
1972-04-18,655.6161616161617,,
1972-04-19,655.3939393939394,,
1972-04-20,655.1717171717172,,
1972-04-21,654.9494949494949,,
1972-04-24,654.2828282828283,,
1972-04-25,654.0606060606061,,
1972-04-26,653.8383838383838,,
1972-04-27,653.6161616161615,,
1972-04-28,653.3939393939394,,
1972-05-01,652.7272727272727,,
1972-05-02,652.7859237536658,,
1972-05-03,652.8445747800587,,
1972-05-04,652.9032258064516,,
1972-05-05,652.9618768328445,,
1972-05-08,653.1378299120234,,
1972-05-09,653.1964809384165,,
1972-05-10,653.2551319648095,,
1972-05-11,653.3137829912024,,
1972-05-12,653.3724340175953,,
1972-05-15,653.5483870967743,,
1972-05-16,653.6070381231672,,
1972-05-17,653.6656891495602,,
1972-05-18,653.7243401759531,,
1972-05-19,653.782991202346,,
1972-05-22,653.958944281525,,
1972-05-23,654.0175953079179,,
1972-05-24,654.0762463343109,,
1972-05-25,654.1348973607039,,
1972-05-26,654.1935483870968,,
1972-05-29,654.3695014662757,,
1972-05-30,654.4281524926687,,
1972-05-31,654.4868035190616,,
1972-06-01,654.5454545454546,,
1972-06-02,654.3838383838383,,
1972-06-05,653.8989898989898,,
1972-06-06,653.7373737373738,,
1972-06-07,653.5757575757576,,
1972-06-08,653.4141414141415,,
1972-06-09,653.2525252525252,,
1972-06-12,652.7676767676767,,
1972-06-13,652.6060606060606,,
1972-06-14,652.4444444444445,,
1972-06-15,652.2828282828283,,
1972-06-16,652.1212121212121,,
1972-06-19,651.6363636363635,,
1972-06-20,651.4747474747475,,
1972-06-21,651.3131313131313,,
1972-06-22,651.1515151515151,,
1972-06-23,650.989898989899,,
1972-06-26,650.5050505050506,,
1972-06-27,650.3434343434344,,
1972-06-28,650.1818181818182,,
1972-06-29,650.0202020202021,,
1972-06-30,649.8585858585859,,
1972-07-03,651.1827956989248,,
1972-07-04,651.9257086999023,,
1972-07-05,652.6686217008797,,
1972-07-06,653.4115347018572,,
1972-07-07,654.1544477028349,,
1972-07-10,656.3831867057675,,
1972-07-11,657.1260997067449,,
1972-07-12,657.8690127077223,,
1972-07-13,658.6119257086999,,
1972-07-14,659.3548387096774,,
1972-07-17,661.5835777126099,,
1972-07-18,662.3264907135874,,
1972-07-19,663.069403714565,,
1972-07-20,663.8123167155426,,
1972-07-21,664.55522971652,,
1972-07-24,666.7839687194526,,
1972-07-25,667.5268817204301,,
1972-07-26,668.2697947214076,,
1972-07-27,669.0127077223851,,
1972-07-28,669.7556207233628,,
1972-07-31,671.9843597262952,,
1972-08-01,672.7272727272727,,
1972-08-02,672.414467253177,,
1972-08-03,672.1016617790812,,
1972-08-04,671.7888563049853,,
1972-08-07,670.8504398826979,,
1972-08-08,670.5376344086021,,
1972-08-09,670.2248289345064,,
1972-08-10,669.9120234604105,,
1972-08-11,669.5992179863148,,
1972-08-14,668.6608015640273,,
1972-08-15,668.3479960899316,,
1972-08-16,668.0351906158359,,
1972-08-17,667.7223851417399,,
1972-08-18,667.4095796676442,,
1972-08-21,666.4711632453568,,
1972-08-22,666.1583577712611,,
1972-08-23,665.8455522971652,,
1972-08-24,665.5327468230694,,
1972-08-25,665.2199413489736,,
1972-08-28,664.2815249266862,,
1972-08-29,663.9687194525904,,
1972-08-30,663.6559139784947,,
1972-08-31,663.3431085043989,,
1972-09-01,663.0303030303031,,
1972-09-04,664.729259811227,,
1972-09-05,665.2955787382018,,
1972-09-06,665.8618976651765,,
1972-09-07,666.428216592151,,
1972-09-08,666.9945355191257,,
1972-09-11,668.6934923000497,,
1972-09-12,669.2598112270243,,
1972-09-13,669.8261301539991,,
1972-09-14,670.3924490809737,,
1972-09-15,670.9587680079484,,
1972-09-18,672.6577247888723,,
1972-09-19,673.224043715847,,
1972-09-20,673.7903626428216,,
1972-09-21,674.3566815697964,,
1972-09-22,674.923000496771,,
1972-09-25,676.621957277695,,
1972-09-26,677.1882762046697,,
1972-09-27,677.7545951316442,,
1972-09-28,678.320914058619,,
1972-09-29,678.8872329855936,,
1972-10-02,680.5861897665176,,
1972-10-03,681.1525086934923,,
1972-10-04,681.718827620467,,
1972-10-05,682.2851465474415,,
1972-10-06,682.8514654744163,,
1972-10-09,684.5504222553402,,
1972-10-10,685.116741182315,,
1972-10-11,685.6830601092896,,
1972-10-12,686.2493790362643,,
1972-10-13,686.8156979632389,,
1972-10-16,688.514654744163,,
1972-10-17,689.0809736711376,,
1972-10-18,689.6472925981122,,
1972-10-19,690.2136115250869,,
1972-10-20,690.7799304520615,,
1972-10-23,692.4788872329856,,
1972-10-24,693.0452061599602,,
1972-10-25,693.611525086935,,
1972-10-26,694.1778440139095,,
1972-10-27,694.7441629408842,,
1972-10-30,696.4431197218082,,
1972-10-31,697.0094386487829,,
1972-11-01,697.5757575757575,,
1972-11-02,698.060606060606,,
1972-11-03,698.5454545454545,,
1972-11-06,700.0,,
1972-11-07,700.4848484848485,,
1972-11-08,700.969696969697,,
1972-11-09,701.4545454545455,,
1972-11-10,701.9393939393939,,
1972-11-13,703.3939393939394,,
1972-11-14,703.8787878787879,,
1972-11-15,704.3636363636364,,
1972-11-16,704.8484848484848,,
1972-11-17,705.3333333333333,,
1972-11-20,706.7878787878789,,
1972-11-21,707.2727272727274,,
1972-11-22,707.7575757575758,,
1972-11-23,708.2424242424242,,
1972-11-24,708.7272727272727,,
1972-11-27,710.1818181818181,,
1972-11-28,710.6666666666667,,
1972-11-29,711.1515151515151,,
1972-11-30,711.6363636363636,,
1972-12-01,712.1212121212121,,
1972-12-04,707.6050830889541,,
1972-12-05,706.099706744868,,
1972-12-06,704.594330400782,,
1972-12-07,703.088954056696,,
1972-12-08,701.5835777126099,,
1972-12-11,697.067448680352,,
1972-12-12,695.5620723362658,,
1972-12-13,694.0566959921798,,
1972-12-14,692.5513196480938,,
1972-12-15,691.0459433040078,,
1972-12-18,686.5298142717497,,
1972-12-19,685.0244379276637,,
1972-12-20,683.5190615835777,,
1972-12-21,682.0136852394917,,
1972-12-22,680.5083088954057,,
1972-12-25,675.9921798631476,,
1972-12-26,674.4868035190615,,
1972-12-27,672.9814271749756,,
1972-12-28,671.4760508308896,,
1972-12-29,669.9706744868035,,
1973-01-01,665.4545454545454,,
1973-01-02,666.3147605083088,,
1973-01-03,667.1749755620724,,
1973-01-04,668.0351906158357,,
1973-01-05,668.8954056695992,,
1973-01-08,671.4760508308896,,
1973-01-09,672.336265884653,,
1973-01-10,673.1964809384165,,
1973-01-11,674.0566959921798,,
1973-01-12,674.9169110459433,,
1973-01-15,677.4975562072336,,
1973-01-16,678.3577712609971,,
1973-01-17,679.2179863147605,,
1973-01-18,680.078201368524,,
1973-01-19,680.9384164222874,,
1973-01-22,683.5190615835777,,
1973-01-23,684.3792766373411,,
1973-01-24,685.2394916911046,,
1973-01-25,686.099706744868,,
1973-01-26,686.9599217986314,,
1973-01-29,689.5405669599218,,
1973-01-30,690.4007820136852,,
1973-01-31,691.2609970674487,,
1973-02-01,692.1212121212122,,
1973-02-02,691.7316017316017,,
1973-02-05,690.5627705627707,,
1973-02-06,690.1731601731602,,
1973-02-07,689.7835497835498,,
1973-02-08,689.3939393939394,,
1973-02-09,689.0043290043291,,
1973-02-12,687.8354978354978,,
1973-02-13,687.4458874458875,,
1973-02-14,687.056277056277,,
1973-02-15,686.6666666666667,,
1973-02-16,686.2770562770563,,
1973-02-19,685.108225108225,,
1973-02-20,684.7186147186147,,
1973-02-21,684.3290043290044,,
1973-02-22,683.939393939394,,
1973-02-23,683.5497835497836,,
1973-02-26,682.3809523809524,,
1973-02-27,681.991341991342,,
1973-02-28,681.6017316017317,,
1973-03-01,681.2121212121212,,
1973-03-02,680.8015640273705,,
1973-03-05,679.5698924731184,,
1973-03-06,679.1593352883676,,
1973-03-07,678.7487781036168,,
1973-03-08,678.3382209188661,,
1973-03-09,677.9276637341153,,
1973-03-12,676.6959921798631,,
1973-03-13,676.2854349951125,,
1973-03-14,675.8748778103617,,
1973-03-15,675.464320625611,,
1973-03-16,675.0537634408603,,
1973-03-19,673.8220918866081,,
1973-03-20,673.4115347018574,,
1973-03-21,673.0009775171065,,
1973-03-22,672.5904203323558,,
1973-03-23,672.179863147605,,
1973-03-26,670.9481915933528,,
1973-03-27,670.5376344086021,,
1973-03-28,670.1270772238514,,
1973-03-29,669.7165200391007,,
1973-03-30,669.30596285435,,
1973-04-02,667.8585858585858,,
1973-04-03,667.2323232323232,,
1973-04-04,666.6060606060606,,
1973-04-05,665.979797979798,,
1973-04-06,665.3535353535353,,
1973-04-09,663.4747474747475,,
1973-04-10,662.8484848484849,,
1973-04-11,662.2222222222222,,
1973-04-12,661.5959595959596,,
1973-04-13,660.969696969697,,
1973-04-16,659.0909090909091,,
1973-04-17,658.4646464646464,,
1973-04-18,657.8383838383838,,
1973-04-19,657.2121212121212,,
1973-04-20,656.5858585858587,,
1973-04-23,654.7070707070708,,
1973-04-24,654.0808080808081,,
1973-04-25,653.4545454545455,,
1973-04-26,652.8282828282828,,
1973-04-27,652.2020202020202,,
1973-04-30,650.3232323232324,,
1973-05-01,649.6969696969697,,
1973-05-02,649.227761485826,,
1973-05-03,648.7585532746823,,
1973-05-04,648.2893450635387,,
1973-05-07,646.8817204301075,,
1973-05-08,646.4125122189638,,
1973-05-09,645.9433040078201,,
1973-05-10,645.4740957966764,,
1973-05-11,645.0048875855327,,
1973-05-14,643.5972629521016,,
1973-05-15,643.128054740958,,
1973-05-16,642.6588465298142,,
1973-05-17,642.1896383186706,,
1973-05-18,641.7204301075269,,
1973-05-21,640.3128054740959,,
1973-05-22,639.8435972629521,,
1973-05-23,639.3743890518084,,
1973-05-24,638.9051808406648,,
1973-05-25,638.4359726295211,,
1973-05-28,637.0283479960899,,
1973-05-29,636.5591397849462,,
1973-05-30,636.0899315738025,,
1973-05-31,635.6207233626589,,
1973-06-01,635.1515151515151,,
1973-06-04,635.7575757575758,,
1973-06-05,635.959595959596,,
1973-06-06,636.1616161616162,,
1973-06-07,636.3636363636364,,
1973-06-08,636.5656565656566,,
1973-06-11,637.1717171717171,,
1973-06-12,637.3737373737373,,
1973-06-13,637.5757575757576,,
1973-06-14,637.7777777777778,,
1973-06-15,637.9797979797979,,
1973-06-18,638.5858585858585,,
1973-06-19,638.7878787878788,,
1973-06-20,638.989898989899,,
1973-06-21,639.1919191919192,,
1973-06-22,639.3939393939394,,
1973-06-25,640.0,,
1973-06-26,640.2020202020202,,
1973-06-27,640.4040404040403,,
1973-06-28,640.6060606060606,,
1973-06-29,640.8080808080808,,
1973-07-02,640.8211143695015,,
1973-07-03,640.4301075268817,,
1973-07-04,640.0391006842619,,
1973-07-05,639.6480938416421,,
1973-07-06,639.2570869990224,,
1973-07-09,638.0840664711633,,
1973-07-10,637.6930596285436,,
1973-07-11,637.3020527859237,,
1973-07-12,636.911045943304,,
1973-07-13,636.5200391006841,,
1973-07-16,635.347018572825,,
1973-07-17,634.9560117302053,,
1973-07-18,634.5650048875856,,
1973-07-19,634.1739980449657,,
1973-07-20,633.782991202346,,
1973-07-23,632.6099706744868,,
1973-07-24,632.2189638318671,,
1973-07-25,631.8279569892474,,
1973-07-26,631.4369501466276,,
1973-07-27,631.0459433040078,,
1973-07-30,629.8729227761485,,
1973-07-31,629.4819159335289,,
1973-08-01,629.0909090909091,,
1973-08-02,629.4428152492669,,
1973-08-03,629.7947214076246,,
1973-08-06,630.850439882698,,
1973-08-07,631.2023460410556,,
1973-08-08,631.5542521994134,,
1973-08-09,631.9061583577712,,
1973-08-10,632.258064516129,,
1973-08-13,633.3137829912023,,
1973-08-14,633.6656891495601,,
1973-08-15,634.0175953079179,,
1973-08-16,634.3695014662757,,
1973-08-17,634.7214076246333,,
1973-08-20,635.7771260997067,,
1973-08-21,636.1290322580644,,
1973-08-22,636.4809384164222,,
1973-08-23,636.8328445747801,,
1973-08-24,637.1847507331378,,
1973-08-27,638.240469208211,,
1973-08-28,638.592375366569,,
1973-08-29,638.9442815249267,,
1973-08-30,639.2961876832844,,
1973-08-31,639.6480938416421,,
1973-09-03,639.284649776453,,
1973-09-04,638.9269746646795,,
1973-09-05,638.569299552906,,
1973-09-06,638.2116244411327,,
1973-09-07,637.8539493293591,,
1973-09-10,636.7809239940387,,
1973-09-11,636.4232488822652,,
1973-09-12,636.0655737704918,,
1973-09-13,635.7078986587182,,
1973-09-14,635.3502235469448,,
1973-09-17,634.2771982116244,,
1973-09-18,633.919523099851,,
1973-09-19,633.5618479880775,,
1973-09-20,633.2041728763039,,
1973-09-21,632.8464977645306,,
1973-09-24,631.7734724292101,,
1973-09-25,631.4157973174366,,
1973-09-26,631.0581222056632,,
1973-09-27,630.7004470938897,,
1973-09-28,630.3427719821162,,
1973-10-01,629.2697466467959,,
1973-10-02,628.9120715350223,,
1973-10-03,628.5543964232489,,
1973-10-04,628.1967213114754,,
1973-10-05,627.8390461997019,,
1973-10-08,626.7660208643815,,
1973-10-09,626.408345752608,,
1973-10-10,626.0506706408346,,
1973-10-11,625.692995529061,,
1973-10-12,625.3353204172877,,
1973-10-15,624.2622950819672,,
1973-10-16,623.9046199701937,,
1973-10-17,623.5469448584201,,
1973-10-18,623.1892697466468,,
1973-10-19,622.8315946348733,,
1973-10-22,621.758569299553,,
1973-10-23,621.4008941877794,,
1973-10-24,621.0432190760059,,
1973-10-25,620.6855439642325,,
1973-10-26,620.327868852459,,
1973-10-29,619.2548435171386,,
1973-10-30,618.8971684053652,,
1973-10-31,618.5394932935917,,
1973-11-01,618.1818181818181,,
1973-11-02,616.7232323232323,,
1973-11-05,612.3474747474747,,
1973-11-06,610.8888888888889,,
1973-11-07,609.430303030303,,
1973-11-08,607.9717171717172,,
1973-11-09,606.5131313131313,,
1973-11-12,602.1373737373737,,
1973-11-13,600.6787878787878,,
1973-11-14,599.220202020202,,
1973-11-15,597.7616161616162,,
1973-11-16,596.3030303030303,,
1973-11-19,591.9272727272728,,
1973-11-20,590.4686868686869,,
1973-11-21,589.010101010101,,
1973-11-22,587.5515151515151,,
1973-11-23,586.0929292929293,,
1973-11-26,581.7171717171718,,
1973-11-27,580.2585858585858,,
1973-11-28,578.8,,
1973-11-29,577.3414141414141,,
1973-11-30,575.8828282828283,,
1973-12-03,564.516129032258,,
1973-12-04,559.5620723362659,,
1973-12-05,554.6080156402738,,
1973-12-06,549.6539589442815,,
1973-12-07,544.6999022482894,,
1973-12-10,529.8377321603127,,
1973-12-11,524.8836754643206,,
1973-12-12,519.9296187683284,,
1973-12-13,514.9755620723363,,
1973-12-14,510.0215053763441,,
1973-12-17,495.1593352883676,,
1973-12-18,490.2052785923754,,
1973-12-19,485.2512218963832,,
1973-12-20,480.29716520039096,,
1973-12-21,475.34310850439886,,
1973-12-24,460.48093841642236,,
1973-12-25,455.5268817204301,,
1973-12-26,450.5728250244379,,
1973-12-27,445.61876832844575,,
1973-12-28,440.66471163245353,,
1973-12-31,425.802541544477,,
1974-01-01,420.8484848484848,,
1974-01-02,425.5425219941349,,
1974-01-03,430.2365591397849,,
1974-01-04,434.930596285435,,
1974-01-07,449.0127077223851,,
1974-01-08,453.7067448680352,,
1974-01-09,458.4007820136852,,
1974-01-10,463.09481915933526,,
1974-01-11,467.7888563049853,,
1974-01-14,481.87096774193554,,
1974-01-15,486.5650048875855,,
1974-01-16,491.25904203323563,,
1974-01-17,495.95307917888556,,
1974-01-18,500.6471163245357,,
1974-01-21,514.7292277614858,,
1974-01-22,519.4232649071358,,
1974-01-23,524.1173020527859,,
1974-01-24,528.8113391984359,,
1974-01-25,533.505376344086,,
1974-01-28,547.5874877810362,,
1974-01-29,552.2815249266862,,
1974-01-30,556.9755620723363,,
1974-01-31,561.6695992179863,,
1974-02-01,566.3636363636364,,
1974-02-04,568.9545454545455,,
1974-02-05,569.8181818181819,,
1974-02-06,570.6818181818182,,
1974-02-07,571.5454545454546,,
1974-02-08,572.409090909091,,
1974-02-11,575.0,,
1974-02-12,575.8636363636364,,
1974-02-13,576.7272727272726,,
1974-02-14,577.590909090909,,
1974-02-15,578.4545454545455,,
1974-02-18,581.0454545454545,,
1974-02-19,581.9090909090909,,
1974-02-20,582.7727272727273,,
1974-02-21,583.6363636363636,,
1974-02-22,584.5,,
1974-02-25,587.0909090909091,,
1974-02-26,587.9545454545455,,
1974-02-27,588.8181818181819,,
1974-02-28,589.6818181818181,,
1974-03-01,590.5454545454545,,
1974-03-04,587.624633431085,,
1974-03-05,586.6510263929619,,
1974-03-06,585.6774193548388,,
1974-03-07,584.7038123167155,,
1974-03-08,583.7302052785924,,
1974-03-11,580.8093841642228,,
1974-03-12,579.8357771260996,,
1974-03-13,578.8621700879766,,
1974-03-14,577.8885630498534,,
1974-03-15,576.9149560117302,,
1974-03-18,573.9941348973606,,
1974-03-19,573.0205278592375,,
1974-03-20,572.0469208211143,,
1974-03-21,571.0733137829911,,
1974-03-22,570.0997067448681,,
1974-03-25,567.1788856304986,,
1974-03-26,566.2052785923754,,
1974-03-27,565.2316715542521,,
1974-03-28,564.2580645161289,,
1974-03-29,563.2844574780058,,
1974-04-01,560.3636363636364,,
1974-04-02,559.8,,
1974-04-03,559.2363636363636,,
1974-04-04,558.6727272727272,,
1974-04-05,558.1090909090909,,
1974-04-08,556.4181818181818,,
1974-04-09,555.8545454545455,,
1974-04-10,555.290909090909,,
1974-04-11,554.7272727272727,,
1974-04-12,554.1636363636363,,
1974-04-15,552.4727272727273,,
1974-04-16,551.9090909090909,,
1974-04-17,551.3454545454545,,
1974-04-18,550.7818181818183,,
1974-04-19,550.2181818181818,,
1974-04-22,548.5272727272727,,
1974-04-23,547.9636363636364,,
1974-04-24,547.4,,
1974-04-25,546.8363636363636,,
1974-04-26,546.2727272727273,,
1974-04-29,544.5818181818182,,
1974-04-30,544.0181818181818,,
1974-05-01,543.4545454545455,,
1974-05-02,543.4780058651027,,
1974-05-03,543.5014662756598,,
1974-05-06,543.5718475073313,,
1974-05-07,543.5953079178886,,
1974-05-08,543.6187683284458,,
1974-05-09,543.6422287390029,,
1974-05-10,543.6656891495601,,
1974-05-13,543.7360703812317,,
1974-05-14,543.7595307917888,,
1974-05-15,543.7829912023461,,
1974-05-16,543.8064516129033,,
1974-05-17,543.8299120234605,,
1974-05-20,543.900293255132,,
1974-05-21,543.9237536656892,,
1974-05-22,543.9472140762464,,
1974-05-23,543.9706744868035,,
1974-05-24,543.9941348973607,,
1974-05-27,544.0645161290323,,
1974-05-28,544.0879765395895,,
1974-05-29,544.1114369501466,,
1974-05-30,544.1348973607038,,
1974-05-31,544.1583577712611,,
1974-06-03,539.9474747474748,,
1974-06-04,537.830303030303,,
1974-06-05,535.7131313131314,,
1974-06-06,533.5959595959596,,
1974-06-07,531.4787878787879,,
1974-06-10,525.1272727272727,,
1974-06-11,523.010101010101,,
1974-06-12,520.8929292929292,,
1974-06-13,518.7757575757576,,
1974-06-14,516.6585858585859,,
1974-06-17,510.30707070707075,,
1974-06-18,508.189898989899,,
1974-06-19,506.0727272727274,,
1974-06-20,503.95555555555563,,
1974-06-21,501.8383838383839,,
1974-06-24,495.4868686868688,,
1974-06-25,493.36969696969703,,
1974-06-26,491.2525252525253,,
1974-06-27,489.13535353535354,,
1974-06-28,487.01818181818186,,
1974-07-01,480.6666666666667,,
1974-07-02,480.02541544477026,,
1974-07-03,479.3841642228739,,
1974-07-04,478.7429130009776,,
1974-07-05,478.10166177908116,,
1974-07-08,476.17790811339205,,
1974-07-09,475.5366568914956,,
1974-07-10,474.8954056695992,,
1974-07-11,474.25415444770283,,
1974-07-12,473.6129032258064,,
1974-07-15,471.6891495601173,,
1974-07-16,471.0478983382209,,
1974-07-17,470.40664711632456,,
1974-07-18,469.7653958944282,,
1974-07-19,469.12414467253177,,
1974-07-22,467.2003910068426,,
1974-07-23,466.5591397849463,,
1974-07-24,465.91788856304987,,
1974-07-25,465.27663734115345,,
1974-07-26,464.6353861192571,,
1974-07-29,462.7116324535679,,
1974-07-30,462.0703812316716,,
1974-07-31,461.4291300097752,,
1974-08-01,460.7878787878788,,
1974-08-02,459.2414467253177,,
1974-08-05,454.6021505376345,,
1974-08-06,453.05571847507326,,
1974-08-07,451.50928641251227,,
1974-08-08,449.96285434995116,,
1974-08-09,448.41642228739005,,
1974-08-12,443.7771260997067,,
1974-08-13,442.2306940371456,,
1974-08-14,440.6842619745846,,
1974-08-15,439.1378299120234,,
1974-08-16,437.5913978494624,,
1974-08-19,432.95210166177907,,
1974-08-20,431.405669599218,,
1974-08-21,429.8592375366569,,
1974-08-22,428.3128054740958,,
1974-08-23,426.7663734115347,,
1974-08-26,422.1270772238515,,
1974-08-27,420.58064516129036,,
1974-08-28,419.03421309872925,,
1974-08-29,417.48778103616814,,
1974-08-30,415.9413489736071,,
1974-09-02,413.20814704421264,,
1974-09-03,413.5678092399404,,
1974-09-04,413.92747143566817,,
1974-09-05,414.28713363139593,,
1974-09-06,414.6467958271237,,
1974-09-09,415.725782414307,,
1974-09-10,416.08544461003476,,
1974-09-11,416.4451068057626,,
1974-09-12,416.80476900149034,,
1974-09-13,417.1644311972181,,
1974-09-16,418.2434177844014,,
1974-09-17,418.60307998012917,,
1974-09-18,418.962742175857,,
1974-09-19,419.3224043715847,,
1974-09-20,419.68206656731246,,
1974-09-23,420.7610531544958,,
1974-09-24,421.12071535022346,,
1974-09-25,421.48037754595134,,
1974-09-26,421.8400397416791,,
1974-09-27,422.19970193740687,,
1974-09-30,423.27868852459017,,
1974-10-01,423.63835072031793,,
1974-10-02,423.99801291604575,,
1974-10-03,424.3576751117735,,
1974-10-04,424.7173373075013,,
1974-10-07,425.7963238946846,,
1974-10-08,426.15598609041234,,
1974-10-09,426.5156482861401,,
1974-10-10,426.8753104818678,,
1974-10-11,427.2349726775956,,
1974-10-14,428.313959264779,,
1974-10-15,428.67362146050664,,
1974-10-16,429.0332836562344,,
1974-10-17,429.3929458519623,,
1974-10-18,429.75260804769005,,
1974-10-21,430.8315946348733,,
1974-10-22,431.19125683060105,,
1974-10-23,431.5509190263288,,
1974-10-24,431.9105812220567,,
1974-10-25,432.27024341778434,,
1974-10-28,433.3492300049677,,
1974-10-29,433.70889220069546,,
1974-10-30,434.06855439642317,,
1974-10-31,434.428216592151,,
1974-11-01,434.78787878787875,,
1974-11-04,431.95757575757574,,
1974-11-05,431.0141414141414,,
1974-11-06,430.07070707070704,,
1974-11-07,429.12727272727267,,
1974-11-08,428.1838383838383,,
1974-11-11,425.35353535353534,,
1974-11-12,424.41010101010096,,
1974-11-13,423.46666666666664,,
1974-11-14,422.52323232323226,,
1974-11-15,421.579797979798,,
1974-11-18,418.74949494949493,,
1974-11-19,417.80606060606056,,
1974-11-20,416.8626262626262,,
1974-11-21,415.9191919191919,,
1974-11-22,414.9757575757575,,
1974-11-25,412.14545454545447,,
1974-11-26,411.20202020202015,,
1974-11-27,410.2585858585858,,
1974-11-28,409.3151515151515,,
1974-11-29,408.37171717171714,,
1974-12-02,407.55816226783963,,
1974-12-03,408.6314760508309,,
1974-12-04,409.7047898338221,,
1974-12-05,410.77810361681327,,
1974-12-06,411.85141739980446,,
1974-12-09,415.0713587487781,,
1974-12-10,416.1446725317693,,
1974-12-11,417.2179863147605,,
1974-12-12,418.2913000977517,,
1974-12-13,419.36461388074287,,
1974-12-16,422.5845552297165,,
1974-12-17,423.6578690127077,,
1974-12-18,424.7311827956989,,
1974-12-19,425.8044965786901,,
1974-12-20,426.8778103616813,,
1974-12-23,430.0977517106549,,
1974-12-24,431.1710654936461,,
1974-12-25,432.24437927663735,,
1974-12-26,433.31769305962854,,
1974-12-27,434.39100684261973,,
1974-12-30,437.61094819159337,,
1974-12-31,438.6842619745846,,
1975-01-01,439.75757575757575,,
1975-01-02,441.2316715542523,,
1975-01-03,442.7057673509286,,
1975-01-06,447.128054740958,,
1975-01-07,448.6021505376344,,
1975-01-08,450.0762463343109,,
1975-01-09,451.5503421309873,,
1975-01-10,453.0244379276637,,
1975-01-13,457.4467253176931,,
1975-01-14,458.92082111436946,,
1975-01-15,460.394916911046,,
1975-01-16,461.86901270772233,,
1975-01-17,463.34310850439886,,
1975-01-20,467.7653958944281,,
1975-01-21,469.2394916911046,,
1975-01-22,470.713587487781,,
1975-01-23,472.1876832844575,,
1975-01-24,473.6617790811339,,
1975-01-27,478.08406647116317,,
1975-01-28,479.5581622678397,,
1975-01-29,481.03225806451604,,
1975-01-30,482.50635386119257,,
1975-01-31,483.9804496578689,,
1975-02-03,487.04761904761904,,
1975-02-04,487.8441558441558,,
1975-02-05,488.64069264069263,,
1975-02-06,489.4372294372294,,
1975-02-07,490.23376623376623,,
1975-02-10,492.6233766233766,,
1975-02-11,493.4199134199134,,
1975-02-12,494.2164502164502,,
1975-02-13,495.01298701298697,,
1975-02-14,495.8095238095238,,
1975-02-17,498.19913419913416,,
1975-02-18,498.995670995671,,
1975-02-19,499.79220779220776,,
1975-02-20,500.5887445887446,,
1975-02-21,501.38528138528136,,
1975-02-24,503.7748917748917,,
1975-02-25,504.57142857142856,,
1975-02-26,505.3679653679653,,
1975-02-27,506.16450216450215,,
1975-02-28,506.9610389610389,,
1975-03-03,508.1251221896383,,
1975-03-04,508.3088954056696,,
1975-03-05,508.4926686217009,,
1975-03-06,508.67644183773217,,
1975-03-07,508.86021505376345,,
1975-03-10,509.41153470185725,,
1975-03-11,509.59530791788853,,
1975-03-12,509.7790811339198,,
1975-03-13,509.9628543499511,,
1975-03-14,510.1466275659824,,
1975-03-17,510.6979472140763,,
1975-03-18,510.8817204301076,,
1975-03-19,511.0654936461388,,
1975-03-20,511.2492668621701,,
1975-03-21,511.4330400782014,,
1975-03-24,511.9843597262952,,
1975-03-25,512.1681329423265,,
1975-03-26,512.3519061583577,,
1975-03-27,512.535679374389,,
1975-03-28,512.7194525904204,,
1975-03-31,513.2707722385142,,
1975-04-01,513.4545454545455,,
1975-04-02,514.5414141414142,,
1975-04-03,515.6282828282829,,
1975-04-04,516.7151515151514,,
1975-04-07,519.9757575757575,,
1975-04-08,521.0626262626263,,
1975-04-09,522.149494949495,,
1975-04-10,523.2363636363636,,
1975-04-11,524.3232323232323,,
1975-04-14,527.5838383838384,,
1975-04-15,528.6707070707071,,
1975-04-16,529.7575757575758,,
1975-04-17,530.8444444444444,,
1975-04-18,531.9313131313131,,
1975-04-21,535.1919191919192,,
1975-04-22,536.2787878787879,,
1975-04-23,537.3656565656564,,
1975-04-24,538.4525252525252,,
1975-04-25,539.539393939394,,
1975-04-28,542.8,,
1975-04-29,543.8868686868686,,
1975-04-30,544.9737373737373,,
1975-05-01,546.060606060606,,
1975-05-02,546.5102639296188,,
1975-05-05,547.8592375366569,,
1975-05-06,548.3088954056697,,
1975-05-07,548.7585532746823,,
1975-05-08,549.2082111436949,,
1975-05-09,549.6578690127077,,
1975-05-12,551.006842619746,,
1975-05-13,551.4565004887586,,
1975-05-14,551.9061583577712,,
1975-05-15,552.355816226784,,
1975-05-16,552.8054740957967,,
1975-05-19,554.1544477028349,,
1975-05-20,554.6041055718476,,
1975-05-21,555.0537634408602,,
1975-05-22,555.5034213098729,,
1975-05-23,555.9530791788857,,
1975-05-26,557.3020527859238,,
1975-05-27,557.7517106549365,,
1975-05-28,558.2013685239492,,
1975-05-29,558.651026392962,,
1975-05-30,559.1006842619746,,
1975-06-02,560.0181818181818,,
1975-06-03,560.0363636363637,,
1975-06-04,560.0545454545455,,
1975-06-05,560.0727272727273,,
1975-06-06,560.0909090909091,,
1975-06-09,560.1454545454546,,
1975-06-10,560.1636363636363,,
1975-06-11,560.1818181818182,,
1975-06-12,560.2,,
1975-06-13,560.2181818181818,,
1975-06-16,560.2727272727273,,
1975-06-17,560.290909090909,,
1975-06-18,560.3090909090909,,
1975-06-19,560.3272727272727,,
1975-06-20,560.3454545454545,,
1975-06-23,560.3999999999999,,
1975-06-24,560.4181818181818,,
1975-06-25,560.4363636363636,,
1975-06-26,560.4545454545455,,
1975-06-27,560.4727272727272,,
1975-06-30,560.5272727272727,,
1975-07-01,560.5454545454545,,
1975-07-02,559.2199413489735,,
1975-07-03,557.8944281524925,,
1975-07-04,556.5689149560117,,
1975-07-07,552.5923753665688,,
1975-07-08,551.266862170088,,
1975-07-09,549.941348973607,,
1975-07-10,548.615835777126,,
1975-07-11,547.2903225806451,,
1975-07-14,543.3137829912023,,
1975-07-15,541.9882697947214,,
1975-07-16,540.6627565982404,,
1975-07-17,539.3372434017595,,
1975-07-18,538.0117302052786,,
1975-07-21,534.0351906158357,,
1975-07-22,532.7096774193549,,
1975-07-23,531.3841642228739,,
1975-07-24,530.0586510263929,,
1975-07-25,528.733137829912,,
1975-07-28,524.7565982404692,,
1975-07-29,523.4310850439883,,
1975-07-30,522.1055718475073,,
1975-07-31,520.7800586510264,,
1975-08-01,519.4545454545454,,
1975-08-04,518.8445747800587,,
1975-08-05,518.6412512218963,,
1975-08-06,518.4379276637341,,
1975-08-07,518.2346041055717,,
1975-08-08,518.0312805474096,,
1975-08-11,517.4213098729227,,
1975-08-12,517.2179863147605,,
1975-08-13,517.0146627565982,,
1975-08-14,516.8113391984359,,
1975-08-15,516.6080156402737,,
1975-08-18,515.9980449657869,,
1975-08-19,515.7947214076247,,
1975-08-20,515.5913978494624,,
1975-08-21,515.3880742913001,,
1975-08-22,515.1847507331378,,
1975-08-25,514.574780058651,,
1975-08-26,514.3714565004888,,
1975-08-27,514.1681329423265,,
1975-08-28,513.9648093841643,,
1975-08-29,513.761485826002,,
1975-09-01,513.1515151515151,,
1975-09-02,513.6880278191754,,
1975-09-03,514.2245404868356,,
1975-09-04,514.7610531544958,,
1975-09-05,515.297565822156,,
1975-09-08,516.9071038251366,,
1975-09-09,517.4436164927968,,
1975-09-10,517.9801291604571,,
1975-09-11,518.5166418281173,,
1975-09-12,519.0531544957774,,
1975-09-15,520.662692498758,,
1975-09-16,521.1992051664183,,
1975-09-17,521.7357178340785,,
1975-09-18,522.2722305017387,,
1975-09-19,522.8087431693989,,
1975-09-22,524.4182811723795,,
1975-09-23,524.9547938400397,,
1975-09-24,525.4913065077,,
1975-09-25,526.0278191753602,,
1975-09-26,526.5643318430203,,
1975-09-29,528.1738698460009,,
1975-09-30,528.7103825136612,,
1975-10-01,529.2468951813214,,
1975-10-02,529.7834078489816,,
1975-10-03,530.3199205166418,,
1975-10-06,531.9294585196224,,
1975-10-07,532.4659711872825,,
1975-10-08,533.0024838549429,,
1975-10-09,533.538996522603,,
1975-10-10,534.0755091902632,,
1975-10-13,535.6850471932439,,
1975-10-14,536.2215598609041,,
1975-10-15,536.7580725285643,,
1975-10-16,537.2945851962245,,
1975-10-17,537.8310978638847,,
1975-10-20,539.4406358668654,,
1975-10-21,539.9771485345254,,
1975-10-22,540.5136612021857,,
1975-10-23,541.0501738698459,,
1975-10-24,541.5866865375061,,
1975-10-27,543.1962245404868,,
1975-10-28,543.732737208147,,
1975-10-29,544.2692498758072,,
1975-10-30,544.8057625434674,,
1975-10-31,545.3422752111277,,
1975-11-03,545.3252525252524,,
1975-11-04,545.0484848484848,,
1975-11-05,544.7717171717172,,
1975-11-06,544.4949494949495,,
1975-11-07,544.2181818181818,,
1975-11-10,543.3878787878787,,
1975-11-11,543.1111111111111,,
1975-11-12,542.8343434343434,,
1975-11-13,542.5575757575757,,
1975-11-14,542.2808080808081,,
1975-11-17,541.4505050505051,,
1975-11-18,541.1737373737374,,
1975-11-19,540.8969696969697,,
1975-11-20,540.620202020202,,
1975-11-21,540.3434343434343,,
1975-11-24,539.5131313131313,,
1975-11-25,539.2363636363636,,
1975-11-26,538.959595959596,,
1975-11-27,538.6828282828283,,
1975-11-28,538.4060606060606,,
1975-12-01,537.5757575757576,,
1975-12-02,540.1564027370479,,
1975-12-03,542.7370478983382,,
1975-12-04,545.3176930596285,,
1975-12-05,547.898338220919,,
1975-12-08,555.6402737047898,,
1975-12-09,558.2209188660802,,
1975-12-10,560.8015640273705,,
1975-12-11,563.3822091886609,,
1975-12-12,565.9628543499512,,
1975-12-15,573.7047898338221,,
1975-12-16,576.2854349951125,,
1975-12-17,578.8660801564027,,
1975-12-18,581.4467253176931,,
1975-12-19,584.0273704789835,,
1975-12-22,591.7693059628543,,
1975-12-23,594.3499511241447,,
1975-12-24,596.9305962854351,,
1975-12-25,599.5112414467253,,
1975-12-26,602.0918866080156,,
1975-12-29,609.8338220918866,,
1975-12-30,612.414467253177,,
1975-12-31,614.9951124144673,,
1976-01-01,617.5757575757576,,
1976-01-02,617.3216031280547,,
1976-01-05,616.5591397849463,,
1976-01-06,616.3049853372434,,
1976-01-07,616.0508308895406,,
1976-01-08,615.7966764418378,,
1976-01-09,615.5425219941349,,
1976-01-12,614.7800586510264,,
1976-01-13,614.5259042033235,,
1976-01-14,614.2717497556207,,
1976-01-15,614.0175953079179,,
1976-01-16,613.763440860215,,
1976-01-19,613.0009775171065,,
1976-01-20,612.7468230694037,,
1976-01-21,612.4926686217009,,
1976-01-22,612.238514173998,,
1976-01-23,611.9843597262951,,
1976-01-26,611.2218963831866,,
1976-01-27,610.9677419354839,,
1976-01-28,610.7135874877811,,
1976-01-29,610.4594330400782,,
1976-01-30,610.2052785923753,,
1976-02-02,609.8014629049112,,
1976-02-03,609.9059561128527,,
1976-02-04,610.0104493207941,,
1976-02-05,610.1149425287356,,
1976-02-06,610.219435736677,,
1976-02-09,610.5329153605015,,
1976-02-10,610.6374085684431,,
1976-02-11,610.7419017763845,,
1976-02-12,610.8463949843259,,
1976-02-13,610.9508881922675,,
1976-02-16,611.264367816092,,
1976-02-17,611.3688610240334,,
1976-02-18,611.4733542319749,,
1976-02-19,611.5778474399165,,
1976-02-20,611.6823406478579,,
1976-02-23,611.9958202716823,,
1976-02-24,612.1003134796238,,
1976-02-25,612.2048066875652,,
1976-02-26,612.3092998955068,,
1976-02-27,612.4137931034483,,
1976-03-01,612.7272727272727,,
1976-03-02,612.8836754643206,,
1976-03-03,613.0400782013685,,
1976-03-04,613.1964809384164,,
1976-03-05,613.3528836754643,,
1976-03-08,613.8220918866081,,
1976-03-09,613.9784946236559,,
1976-03-10,614.1348973607037,,
1976-03-11,614.2913000977517,,
1976-03-12,614.4477028347995,,
1976-03-15,614.9169110459433,,
1976-03-16,615.0733137829911,,
1976-03-17,615.2297165200391,,
1976-03-18,615.386119257087,,
1976-03-19,615.5425219941349,,
1976-03-22,616.0117302052786,,
1976-03-23,616.1681329423266,,
1976-03-24,616.3245356793744,,
1976-03-25,616.4809384164223,,
1976-03-26,616.6373411534703,,
1976-03-29,617.106549364614,,
1976-03-30,617.2629521016618,,
1976-03-31,617.4193548387096,,
1976-04-01,617.5757575757576,,
1976-04-02,617.4343434343435,,
1976-04-05,617.010101010101,,
1976-04-06,616.868686868687,,
1976-04-07,616.7272727272727,,
1976-04-08,616.5858585858587,,
1976-04-09,616.4444444444445,,
1976-04-12,616.0202020202021,,
1976-04-13,615.8787878787879,,
1976-04-14,615.7373737373738,,
1976-04-15,615.5959595959597,,
1976-04-16,615.4545454545455,,
1976-04-19,615.030303030303,,
1976-04-20,614.888888888889,,
1976-04-21,614.7474747474748,,
1976-04-22,614.6060606060606,,
1976-04-23,614.4646464646465,,
1976-04-26,614.0404040404042,,
1976-04-27,613.89898989899,,
1976-04-28,613.7575757575759,,
1976-04-29,613.6161616161617,,
1976-04-30,613.4747474747475,,
1976-05-03,613.5679374389052,,
1976-05-04,613.6852394916912,,
1976-05-05,613.8025415444771,,
1976-05-06,613.919843597263,,
1976-05-07,614.0371456500488,,
1976-05-10,614.3890518084066,,
1976-05-11,614.5063538611926,,
1976-05-12,614.6236559139784,,
1976-05-13,614.7409579667644,,
1976-05-14,614.8582600195504,,
1976-05-17,615.2101661779081,,
1976-05-18,615.3274682306941,,
1976-05-19,615.4447702834799,,
1976-05-20,615.5620723362658,,
1976-05-21,615.6793743890519,,
1976-05-24,616.0312805474096,,
1976-05-25,616.1485826001955,,
1976-05-26,616.2658846529814,,
1976-05-27,616.3831867057673,,
1976-05-28,616.5004887585533,,
1976-05-31,616.8523949169111,,
1976-06-01,616.969696969697,,
1976-06-02,617.4545454545454,,
1976-06-03,617.9393939393939,,
1976-06-04,618.4242424242424,,
1976-06-07,619.8787878787879,,
1976-06-08,620.3636363636363,,
1976-06-09,620.8484848484848,,
1976-06-10,621.3333333333333,,
1976-06-11,621.8181818181818,,
1976-06-14,623.2727272727274,,
1976-06-15,623.7575757575758,,
1976-06-16,624.2424242424242,,
1976-06-17,624.7272727272727,,
1976-06-18,625.2121212121212,,
1976-06-21,626.6666666666666,,
1976-06-22,627.1515151515151,,
1976-06-23,627.6363636363636,,
1976-06-24,628.1212121212121,,
1976-06-25,628.6060606060606,,
1976-06-28,630.0606060606061,,
1976-06-29,630.5454545454546,,
1976-06-30,631.030303030303,,
1976-07-01,631.5151515151515,,
1976-07-02,631.3391984359727,,
1976-07-05,630.811339198436,,
1976-07-06,630.6353861192571,,
1976-07-07,630.4594330400782,,
1976-07-08,630.2834799608993,,
1976-07-09,630.1075268817204,,
1976-07-12,629.5796676441838,,
1976-07-13,629.403714565005,,
1976-07-14,629.227761485826,,
1976-07-15,629.0518084066472,,
1976-07-16,628.8758553274682,,
1976-07-19,628.3479960899316,,
1976-07-20,628.1720430107526,,
1976-07-21,627.9960899315738,,
1976-07-22,627.820136852395,,
1976-07-23,627.644183773216,,
1976-07-26,627.1163245356793,,
1976-07-27,626.9403714565004,,
1976-07-28,626.7644183773215,,
1976-07-29,626.5884652981426,,
1976-07-30,626.4125122189639,,
1976-08-02,626.4907135874878,,
1976-08-03,626.9208211143695,,
1976-08-04,627.3509286412512,,
1976-08-05,627.7810361681329,,
1976-08-06,628.2111436950147,,
1976-08-09,629.5014662756598,,
1976-08-10,629.9315738025415,,
1976-08-11,630.3616813294232,,
1976-08-12,630.791788856305,,
1976-08-13,631.2218963831867,,
1976-08-16,632.5122189638319,,
1976-08-17,632.9423264907135,,
1976-08-18,633.3724340175952,,
1976-08-19,633.802541544477,,
1976-08-20,634.2326490713587,,
1976-08-23,635.5229716520039,,
1976-08-24,635.9530791788857,,
1976-08-25,636.3831867057673,,
1976-08-26,636.8132942326491,,
1976-08-27,637.2434017595308,,
1976-08-30,638.533724340176,,
1976-08-31,638.9638318670577,,
1976-09-01,639.3939393939394,,
1976-09-02,638.9667163437656,,
1976-09-03,638.5394932935917,,
1976-09-06,637.2578241430701,,
1976-09-07,636.8306010928962,,
1976-09-08,636.4033780427222,,
1976-09-09,635.9761549925485,,
1976-09-10,635.5489319423746,,
1976-09-13,634.267262791853,,
1976-09-14,633.8400397416791,,
1976-09-15,633.4128166915052,,
1976-09-16,632.9855936413313,,
1976-09-17,632.5583705911574,,
1976-09-20,631.2767014406359,,
1976-09-21,630.849478390462,,
1976-09-22,630.4222553402881,,
1976-09-23,629.9950322901143,,
1976-09-24,629.5678092399403,,
1976-09-27,628.2861400894188,,
1976-09-28,627.8589170392448,,
1976-09-29,627.4316939890709,,
1976-09-30,627.0044709388972,,
1976-10-01,626.5772478887233,,
1976-10-04,625.2955787382017,,
1976-10-05,624.8683556880278,,
1976-10-06,624.441132637854,,
1976-10-07,624.0139095876801,,
1976-10-08,623.5866865375062,,
1976-10-11,622.3050173869847,,
1976-10-12,621.8777943368108,,
1976-10-13,621.4505712866369,,
1976-10-14,621.023348236463,,
1976-10-15,620.5961251862891,,
1976-10-18,619.3144560357675,,
1976-10-19,618.8872329855936,,
1976-10-20,618.4600099354199,,
1976-10-21,618.032786885246,,
1976-10-22,617.605563835072,,
1976-10-25,616.3238946845505,,
1976-10-26,615.8966716343765,,
1976-10-27,615.4694485842027,,
1976-10-28,615.0422255340288,,
1976-10-29,614.6150024838549,,
1976-11-01,613.3333333333334,,
1976-11-02,614.040404040404,,
1976-11-03,614.7474747474748,,
1976-11-04,615.4545454545454,,
1976-11-05,616.1616161616162,,
1976-11-08,618.2828282828282,,
1976-11-09,618.9898989898991,,
1976-11-10,619.6969696969697,,
1976-11-11,620.4040404040404,,
1976-11-12,621.1111111111111,,
1976-11-15,623.2323232323233,,
1976-11-16,623.9393939393939,,
1976-11-17,624.6464646464646,,
1976-11-18,625.3535353535354,,
1976-11-19,626.0606060606061,,
1976-11-22,628.1818181818182,,
1976-11-23,628.8888888888889,,
1976-11-24,629.5959595959596,,
1976-11-25,630.3030303030303,,
1976-11-26,631.010101010101,,
1976-11-29,633.1313131313132,,
1976-11-30,633.838383838384,,
1976-12-01,634.5454545454546,,
1976-12-02,632.4027370478983,,
1976-12-03,630.2600195503421,,
1976-12-06,623.8318670576735,,
1976-12-07,621.6891495601172,,
1976-12-08,619.546432062561,,
1976-12-09,617.4037145650049,,
1976-12-10,615.2609970674487,,
1976-12-13,608.83284457478,,
1976-12-14,606.6901270772239,,
1976-12-15,604.5474095796677,,
1976-12-16,602.4046920821114,,
1976-12-17,600.2619745845552,,
1976-12-20,593.8338220918866,,
1976-12-21,591.6911045943305,,
1976-12-22,589.5483870967741,,
1976-12-23,587.405669599218,,
1976-12-24,585.2629521016618,,
1976-12-27,578.8347996089931,,
1976-12-28,576.6920821114369,,
1976-12-29,574.5493646138807,,
1976-12-30,572.4066471163245,,
1976-12-31,570.2639296187683,,
1977-01-03,570.9599217986314,,
1977-01-04,572.3792766373411,,
1977-01-05,573.7986314760508,,
1977-01-06,575.2179863147605,,
1977-01-07,576.6373411534701,,
1977-01-10,580.8954056695992,,
1977-01-11,582.314760508309,,
1977-01-12,583.7341153470186,,
1977-01-13,585.1534701857282,,
1977-01-14,586.5728250244379,,
1977-01-17,590.830889540567,,
1977-01-18,592.2502443792766,,
1977-01-19,593.6695992179863,,
1977-01-20,595.088954056696,,
1977-01-21,596.5083088954057,,
1977-01-24,600.7663734115347,,
1977-01-25,602.1857282502443,,
1977-01-26,603.6050830889541,,
1977-01-27,605.0244379276637,,
1977-01-28,606.4437927663735,,
1977-01-31,610.7018572825025,,
1977-02-01,612.1212121212121,,
1977-02-02,612.034632034632,,
1977-02-03,611.9480519480519,,
1977-02-04,611.8614718614718,,
1977-02-07,611.6017316017316,,
1977-02-08,611.5151515151515,,
1977-02-09,611.4285714285713,,
1977-02-10,611.3419913419914,,
1977-02-11,611.2554112554113,,
1977-02-14,610.9956709956709,,
1977-02-15,610.909090909091,,
1977-02-16,610.8225108225108,,
1977-02-17,610.7359307359308,,
1977-02-18,610.6493506493506,,
1977-02-21,610.3896103896104,,
1977-02-22,610.3030303030304,,
1977-02-23,610.2164502164502,,
1977-02-24,610.12987012987,,
1977-02-25,610.0432900432901,,
1977-02-28,609.7835497835498,,
1977-03-01,609.6969696969696,,
1977-03-02,609.3939393939394,,
1977-03-03,609.0909090909091,,
1977-03-04,608.7878787878788,,
1977-03-07,607.8787878787878,,
1977-03-08,607.5757575757576,,
1977-03-09,607.2727272727273,,
1977-03-10,606.9696969696969,,
1977-03-11,606.6666666666666,,
1977-03-14,605.7575757575756,,
1977-03-15,605.4545454545454,,
1977-03-16,605.1515151515151,,
1977-03-17,604.8484848484848,,
1977-03-18,604.5454545454546,,
1977-03-21,603.6363636363636,,
1977-03-22,603.3333333333334,,
1977-03-23,603.030303030303,,
1977-03-24,602.7272727272727,,
1977-03-25,602.4242424242424,,
1977-03-28,601.5151515151515,,
1977-03-29,601.2121212121212,,
1977-03-30,600.9090909090909,,
1977-03-31,600.6060606060606,,
1977-04-01,600.3030303030303,,
1977-04-04,600.1272727272727,,
1977-04-05,600.0686868686868,,
1977-04-06,600.0101010101009,,
1977-04-07,599.9515151515152,,
1977-04-08,599.8929292929292,,
1977-04-11,599.7171717171717,,
1977-04-12,599.6585858585859,,
1977-04-13,599.5999999999999,,
1977-04-14,599.5414141414142,,
1977-04-15,599.4828282828282,,
1977-04-18,599.3070707070707,,
1977-04-19,599.2484848484848,,
1977-04-20,599.1898989898989,,
1977-04-21,599.1313131313132,,
1977-04-22,599.0727272727273,,
1977-04-25,598.8969696969697,,
1977-04-26,598.8383838383838,,
1977-04-27,598.779797979798,,
1977-04-28,598.7212121212121,,
1977-04-29,598.6626262626263,,
1977-05-02,598.6490713587488,,
1977-05-03,598.752688172043,,
1977-05-04,598.8563049853373,,
1977-05-05,598.9599217986314,,
1977-05-06,599.0635386119257,,
1977-05-09,599.3743890518084,,
1977-05-10,599.4780058651027,,
1977-05-11,599.5816226783969,,
1977-05-12,599.6852394916912,,
1977-05-13,599.7888563049853,,
1977-05-16,600.0997067448681,,
1977-05-17,600.2033235581623,,
1977-05-18,600.3069403714566,,
1977-05-19,600.4105571847508,,
1977-05-20,600.5141739980451,,
1977-05-23,600.8250244379277,,
1977-05-24,600.928641251222,,
1977-05-25,601.0322580645162,,
1977-05-26,601.1358748778104,,
1977-05-27,601.2394916911047,,
1977-05-30,601.5503421309872,,
1977-05-31,601.6539589442815,,
1977-06-01,601.7575757575758,,
1977-06-02,601.9414141414142,,
1977-06-03,602.1252525252526,,
1977-06-06,602.6767676767677,,
1977-06-07,602.8606060606062,,
1977-06-08,603.0444444444445,,
1977-06-09,603.2282828282829,,
1977-06-10,603.4121212121212,,
1977-06-13,603.9636363636364,,
1977-06-14,604.1474747474748,,
1977-06-15,604.3313131313131,,
1977-06-16,604.5151515151516,,
1977-06-17,604.6989898989899,,
1977-06-20,605.2505050505051,,
1977-06-21,605.4343434343435,,
1977-06-22,605.6181818181818,,
1977-06-23,605.8020202020202,,
1977-06-24,605.9858585858586,,
1977-06-27,606.5373737373737,,
1977-06-28,606.7212121212121,,
1977-06-29,606.9050505050506,,
1977-06-30,607.0888888888888,,
1977-07-01,607.2727272727274,,
1977-07-04,605.8357771260997,,
1977-07-05,605.3567937438905,,
1977-07-06,604.8778103616813,,
1977-07-07,604.3988269794722,,
1977-07-08,603.919843597263,,
1977-07-11,602.4828934506354,,
1977-07-12,602.0039100684262,,
1977-07-13,601.524926686217,,
1977-07-14,601.0459433040079,,
1977-07-15,600.5669599217987,,
1977-07-18,599.1300097751711,,
1977-07-19,598.6510263929619,,
1977-07-20,598.1720430107528,,
1977-07-21,597.6930596285436,,
1977-07-22,597.2140762463343,,
1977-07-25,595.7771260997067,,
1977-07-26,595.2981427174975,,
1977-07-27,594.8191593352884,,
1977-07-28,594.3401759530792,,
1977-07-29,593.86119257087,,
1977-08-01,592.4242424242424,,
1977-08-02,592.1270772238515,,
1977-08-03,591.8299120234605,,
1977-08-04,591.5327468230695,,
1977-08-05,591.2355816226784,,
1977-08-08,590.3440860215054,,
1977-08-09,590.0469208211143,,
1977-08-10,589.7497556207234,,
1977-08-11,589.4525904203324,,
1977-08-12,589.1554252199413,,
1977-08-15,588.2639296187683,,
1977-08-16,587.9667644183774,,
1977-08-17,587.6695992179864,,
1977-08-18,587.3724340175953,,
1977-08-19,587.0752688172043,,
1977-08-22,586.1837732160312,,
1977-08-23,585.8866080156404,,
1977-08-24,585.5894428152493,,
1977-08-25,585.2922776148583,,
1977-08-26,584.9951124144673,,
1977-08-29,584.1036168132943,,
1977-08-30,583.8064516129032,,
1977-08-31,583.5092864125122,,
1977-09-01,583.2121212121212,,
1977-09-02,583.0183805265773,,
1977-09-05,582.4371584699453,,
1977-09-06,582.2434177844015,,
1977-09-07,582.0496770988575,,
1977-09-08,581.8559364133134,,
1977-09-09,581.6621957277695,,
1977-09-12,581.0809736711376,,
1977-09-13,580.8872329855936,,
1977-09-14,580.6934923000497,,
1977-09-15,580.4997516145057,,
1977-09-16,580.3060109289618,,
1977-09-19,579.7247888723299,,
1977-09-20,579.5310481867859,,
1977-09-21,579.337307501242,,
1977-09-22,579.1435668156979,,
1977-09-23,578.9498261301541,,
1977-09-26,578.3686040735221,,
1977-09-27,578.1748633879782,,
1977-09-28,577.9811227024342,,
1977-09-29,577.7873820168902,,
1977-09-30,577.5936413313462,,
1977-10-03,577.0124192747144,,
1977-10-04,576.8186785891704,,
1977-10-05,576.6249379036265,,
1977-10-06,576.4311972180825,,
1977-10-07,576.2374565325385,,
1977-10-10,575.6562344759067,,
1977-10-11,575.4624937903626,,
1977-10-12,575.2687531048186,,
1977-10-13,575.0750124192748,,
1977-10-14,574.8812717337307,,
1977-10-17,574.300049677099,,
1977-10-18,574.1063089915549,,
1977-10-19,573.9125683060109,,
1977-10-20,573.718827620467,,
1977-10-21,573.5250869349229,,
1977-10-24,572.9438648782912,,
1977-10-25,572.7501241927471,,
1977-10-26,572.5563835072032,,
1977-10-27,572.3626428216593,,
1977-10-28,572.1689021361152,,
1977-10-31,571.5876800794833,,
1977-11-01,571.3939393939394,,
1977-11-02,571.3010101010101,,
1977-11-03,571.2080808080809,,
1977-11-04,571.1151515151514,,
1977-11-07,570.8363636363637,,
1977-11-08,570.7434343434343,,
1977-11-09,570.650505050505,,
1977-11-10,570.5575757575757,,
1977-11-11,570.4646464646464,,
1977-11-14,570.1858585858586,,
1977-11-15,570.0929292929293,,
1977-11-16,570.0,,
1977-11-17,569.9070707070707,,
1977-11-18,569.8141414141414,,
1977-11-21,569.5353535353535,,
1977-11-22,569.4424242424242,,
1977-11-23,569.349494949495,,
1977-11-24,569.2565656565656,,
1977-11-25,569.1636363636362,,
1977-11-28,568.8848484848485,,
1977-11-29,568.7919191919192,,
1977-11-30,568.6989898989898,,
1977-12-01,568.6060606060605,,
1977-12-02,569.9315738025415,,
1977-12-05,573.9081133919843,,
1977-12-06,575.2336265884653,,
1977-12-07,576.5591397849462,,
1977-12-08,577.8846529814272,,
1977-12-09,579.2101661779081,,
1977-12-12,583.1867057673509,,
1977-12-13,584.5122189638319,,
1977-12-14,585.8377321603128,,
1977-12-15,587.1632453567937,,
1977-12-16,588.4887585532747,,
1977-12-19,592.4652981427174,,
1977-12-20,593.7908113391984,,
1977-12-21,595.1163245356794,,
1977-12-22,596.4418377321603,,
1977-12-23,597.7673509286412,,
1977-12-26,601.743890518084,,
1977-12-27,603.0694037145649,,
1977-12-28,604.3949169110459,,
1977-12-29,605.7204301075268,,
1977-12-30,607.0459433040078,,
1978-01-02,607.4252199413489,,
1978-01-03,605.1534701857282,,
1978-01-04,602.8817204301075,,
1978-01-05,600.6099706744868,,
1978-01-06,598.3382209188661,,
1978-01-09,591.5229716520039,,
1978-01-10,589.2512218963831,,
1978-01-11,586.9794721407624,,
1978-01-12,584.7077223851417,,
1978-01-13,582.435972629521,,
1978-01-16,575.6207233626589,,
1978-01-17,573.3489736070383,,
1978-01-18,571.0772238514174,,
1978-01-19,568.8054740957967,,
1978-01-20,566.533724340176,,
1978-01-23,559.7184750733138,,
1978-01-24,557.4467253176931,,
1978-01-25,555.1749755620723,,
1978-01-26,552.9032258064516,,
1978-01-27,550.6314760508309,,
1978-01-30,543.8162267839688,,
1978-01-31,541.5444770283481,,
1978-02-01,539.2727272727273,,
1978-02-02,539.2380952380952,,
1978-02-03,539.2034632034632,,
1978-02-06,539.0995670995671,,
1978-02-07,539.0649350649351,,
1978-02-08,539.030303030303,,
1978-02-09,538.995670995671,,
1978-02-10,538.961038961039,,
1978-02-13,538.8571428571429,,
1978-02-14,538.8225108225108,,
1978-02-15,538.7878787878788,,
1978-02-16,538.7532467532467,,
1978-02-17,538.7186147186146,,
1978-02-20,538.6147186147186,,
1978-02-21,538.5800865800866,,
1978-02-22,538.5454545454546,,
1978-02-23,538.5108225108225,,
1978-02-24,538.4761904761904,,
1978-02-27,538.3722943722943,,
1978-02-28,538.3376623376623,,
1978-03-01,538.3030303030303,,
1978-03-02,539.0635386119257,,
1978-03-03,539.824046920821,,
1978-03-06,542.1055718475073,,
1978-03-07,542.8660801564026,,
1978-03-08,543.626588465298,,
1978-03-09,544.3870967741935,,
1978-03-10,545.1476050830889,,
1978-03-13,547.4291300097751,,
1978-03-14,548.1896383186705,,
1978-03-15,548.9501466275659,,
1978-03-16,549.7106549364613,,
1978-03-17,550.4711632453568,,
1978-03-20,552.752688172043,,
1978-03-21,553.5131964809384,,
1978-03-22,554.2737047898338,,
1978-03-23,555.0342130987292,,
1978-03-24,555.7947214076246,,
1978-03-27,558.0762463343108,,
1978-03-28,558.8367546432062,,
1978-03-29,559.5972629521017,,
1978-03-30,560.3577712609971,,
1978-03-31,561.1182795698924,,
1978-04-03,563.7777777777777,,
1978-04-04,564.7272727272726,,
1978-04-05,565.6767676767676,,
1978-04-06,566.6262626262626,,
1978-04-07,567.5757575757575,,
1978-04-10,570.4242424242423,,
1978-04-11,571.3737373737374,,
1978-04-12,572.3232323232323,,
1978-04-13,573.2727272727273,,
1978-04-14,574.2222222222222,,
1978-04-17,577.0707070707072,,
1978-04-18,578.0202020202021,,
1978-04-19,578.969696969697,,
1978-04-20,579.9191919191919,,
1978-04-21,580.8686868686868,,
1978-04-24,583.7171717171717,,
1978-04-25,584.6666666666666,,
1978-04-26,585.6161616161617,,
1978-04-27,586.5656565656566,,
1978-04-28,587.5151515151515,,
1978-05-01,590.3636363636364,,
1978-05-02,590.4125122189638,,
1978-05-03,590.4613880742912,,
1978-05-04,590.5102639296188,,
1978-05-05,590.5591397849462,,
1978-05-08,590.7057673509287,,
1978-05-09,590.7546432062561,,
1978-05-10,590.8035190615836,,
1978-05-11,590.8523949169111,,
1978-05-12,590.9012707722385,,
1978-05-15,591.0478983382209,,
1978-05-16,591.0967741935484,,
1978-05-17,591.1456500488758,,
1978-05-18,591.1945259042034,,
1978-05-19,591.2434017595308,,
1978-05-22,591.3900293255132,,
1978-05-23,591.4389051808406,,
1978-05-24,591.4877810361681,,
1978-05-25,591.5366568914956,,
1978-05-26,591.5855327468231,,
1978-05-29,591.7321603128055,,
1978-05-30,591.7810361681329,,
1978-05-31,591.8299120234603,,
1978-06-01,591.8787878787879,,
1978-06-02,591.7838383838384,,
1978-06-05,591.4989898989899,,
1978-06-06,591.4040404040404,,
1978-06-07,591.309090909091,,
1978-06-08,591.2141414141414,,
1978-06-09,591.119191919192,,
1978-06-12,590.8343434343434,,
1978-06-13,590.739393939394,,
1978-06-14,590.6444444444444,,
1978-06-15,590.5494949494949,,
1978-06-16,590.4545454545454,,
1978-06-19,590.169696969697,,
1978-06-20,590.0747474747474,,
1978-06-21,589.979797979798,,
1978-06-22,589.8848484848485,,
1978-06-23,589.789898989899,,
1978-06-26,589.5050505050505,,
1978-06-27,589.410101010101,,
1978-06-28,589.3151515151515,,
1978-06-29,589.2202020202021,,
1978-06-30,589.1252525252524,,
1978-07-03,591.6539589442816,,
1978-07-04,592.9657869012708,,
1978-07-05,594.27761485826,,
1978-07-06,595.5894428152492,,
1978-07-07,596.9012707722385,,
1978-07-10,600.8367546432063,,
1978-07-11,602.1485826001955,,
1978-07-12,603.4604105571848,,
1978-07-13,604.772238514174,,
1978-07-14,606.0840664711632,,
1978-07-17,610.019550342131,,
1978-07-18,611.3313782991203,,
1978-07-19,612.6432062561096,,
1978-07-20,613.9550342130988,,
1978-07-21,615.266862170088,,
1978-07-24,619.2023460410558,,
1978-07-25,620.514173998045,,
1978-07-26,621.8260019550343,,
1978-07-27,623.1378299120236,,
1978-07-28,624.4496578690128,,
1978-07-31,628.3851417399804,,
1978-08-01,629.6969696969697,,
1978-08-02,629.6969696969697,,
1978-08-03,629.6969696969697,,
1978-08-04,629.6969696969697,,
1978-08-07,629.6969696969697,,
1978-08-08,629.6969696969697,,
1978-08-09,629.6969696969697,,
1978-08-10,629.6969696969697,,
1978-08-11,629.6969696969697,,
1978-08-14,629.6969696969697,,
1978-08-15,629.6969696969697,,
1978-08-16,629.6969696969697,,
1978-08-17,629.6969696969697,,
1978-08-18,629.6969696969697,,
1978-08-21,629.6969696969697,,
1978-08-22,629.6969696969697,,
1978-08-23,629.6969696969697,,
1978-08-24,629.6969696969697,,
1978-08-25,629.6969696969697,,
1978-08-28,629.6969696969697,,
1978-08-29,629.6969696969697,,
1978-08-30,629.6969696969697,,
1978-08-31,629.6969696969697,,
1978-09-01,629.6969696969697,,
1978-09-04,626.9577744659713,,
1978-09-05,626.0447093889717,,
1978-09-06,625.1316443119722,,
1978-09-07,624.2185792349727,,
1978-09-08,623.3055141579732,,
1978-09-11,620.5663189269746,,
1978-09-12,619.6532538499752,,
1978-09-13,618.7401887729757,,
1978-09-14,617.8271236959762,,
1978-09-15,616.9140586189767,,
1978-09-18,614.1748633879781,,
1978-09-19,613.2617983109787,,
1978-09-20,612.3487332339791,,
1978-09-21,611.4356681569797,,
1978-09-22,610.5226030799802,,
1978-09-25,607.7834078489817,,
1978-09-26,606.8703427719821,,
1978-09-27,605.9572776949825,,
1978-09-28,605.0442126179831,,
1978-09-29,604.1311475409836,,
1978-10-02,601.3919523099851,,
1978-10-03,600.4788872329856,,
1978-10-04,599.5658221559861,,
1978-10-05,598.6527570789866,,
1978-10-06,597.7396920019871,,
1978-10-09,595.0004967709887,,
1978-10-10,594.0874316939891,,
1978-10-11,593.1743666169896,,
1978-10-12,592.2613015399901,,
1978-10-13,591.3482364629905,,
1978-10-16,588.609041231992,,
1978-10-17,587.6959761549925,,
1978-10-18,586.782911077993,,
1978-10-19,585.8698460009934,,
1978-10-20,584.9567809239941,,
1978-10-23,582.2175856929955,,
1978-10-24,581.304520615996,,
1978-10-25,580.3914555389965,,
1978-10-26,579.478390461997,,
1978-10-27,578.5653253849974,,
1978-10-30,575.826130153999,,
1978-10-31,574.9130650769995,,
1978-11-01,573.9999999999999,,
1978-11-02,574.2828282828283,,
1978-11-03,574.5656565656566,,
1978-11-06,575.4141414141415,,
1978-11-07,575.6969696969696,,
1978-11-08,575.9797979797979,,
1978-11-09,576.2626262626262,,
1978-11-10,576.5454545454545,,
1978-11-13,577.3939393939394,,
1978-11-14,577.6767676767677,,
1978-11-15,577.959595959596,,
1978-11-16,578.2424242424242,,
1978-11-17,578.5252525252525,,
1978-11-20,579.3737373737374,,
1978-11-21,579.6565656565656,,
1978-11-22,579.9393939393939,,
1978-11-23,580.2222222222223,,
1978-11-24,580.5050505050505,,
1978-11-27,581.3535353535353,,
1978-11-28,581.6363636363636,,
1978-11-29,581.9191919191919,,
1978-11-30,582.2020202020202,,
1978-12-01,582.4848484848485,,
1978-12-04,584.5962854349951,,
1978-12-05,585.3000977517107,,
1978-12-06,586.0039100684262,,
1978-12-07,586.7077223851418,,
1978-12-08,587.4115347018572,,
1978-12-11,589.5229716520039,,
1978-12-12,590.2267839687195,,
1978-12-13,590.930596285435,,
1978-12-14,591.6344086021505,,
1978-12-15,592.338220918866,,
1978-12-18,594.4496578690126,,
1978-12-19,595.1534701857283,,
1978-12-20,595.8572825024437,,
1978-12-21,596.5610948191593,,
1978-12-22,597.2649071358749,,
1978-12-25,599.3763440860215,,
1978-12-26,600.080156402737,,
1978-12-27,600.7839687194526,,
1978-12-28,601.4877810361681,,
1978-12-29,602.1915933528836,,
1979-01-01,604.3030303030303,,
1979-01-02,604.0136852394917,,
1979-01-03,603.7243401759531,,
1979-01-04,603.4349951124144,,
1979-01-05,603.1456500488758,,
1979-01-08,602.27761485826,,
1979-01-09,601.9882697947214,,
1979-01-10,601.6989247311827,,
1979-01-11,601.4095796676443,,
1979-01-12,601.1202346041056,,
1979-01-15,600.2521994134897,,
1979-01-16,599.9628543499512,,
1979-01-17,599.6735092864125,,
1979-01-18,599.3841642228739,,
1979-01-19,599.0948191593352,,
1979-01-22,598.2267839687195,,
1979-01-23,597.9374389051809,,
1979-01-24,597.6480938416422,,
1979-01-25,597.3587487781036,,
1979-01-26,597.069403714565,,
1979-01-29,596.2013685239492,,
1979-01-30,595.9120234604105,,
1979-01-31,595.622678396872,,
1979-02-01,595.3333333333333,,
1979-02-02,595.7380952380953,,
1979-02-05,596.952380952381,,
1979-02-06,597.3571428571429,,
1979-02-07,597.7619047619048,,
1979-02-08,598.1666666666667,,
1979-02-09,598.5714285714286,,
1979-02-12,599.7857142857142,,
1979-02-13,600.1904761904763,,
1979-02-14,600.5952380952382,,
1979-02-15,601.0,,
1979-02-16,601.4047619047618,,
1979-02-19,602.6190476190476,,
1979-02-20,603.0238095238094,,
1979-02-21,603.4285714285713,,
1979-02-22,603.8333333333333,,
1979-02-23,604.2380952380952,,
1979-02-26,605.452380952381,,
1979-02-27,605.8571428571428,,
1979-02-28,606.2619047619047,,
1979-03-01,606.6666666666666,,
1979-03-02,607.0576735092864,,
1979-03-05,608.2306940371457,,
1979-03-06,608.6217008797654,,
1979-03-07,609.0127077223851,,
1979-03-08,609.4037145650049,,
1979-03-09,609.7947214076246,,
1979-03-12,610.9677419354839,,
1979-03-13,611.3587487781036,,
1979-03-14,611.7497556207234,,
1979-03-15,612.1407624633431,,
1979-03-16,612.5317693059628,,
1979-03-19,613.704789833822,,
1979-03-20,614.0957966764418,,
1979-03-21,614.4868035190616,,
1979-03-22,614.8778103616813,,
1979-03-23,615.2688172043011,,
1979-03-26,616.4418377321603,,
1979-03-27,616.83284457478,,
1979-03-28,617.2238514173998,,
1979-03-29,617.6148582600196,,
1979-03-30,618.0058651026393,,
1979-04-02,618.309090909091,,
1979-04-03,617.830303030303,,
1979-04-04,617.3515151515152,,
1979-04-05,616.8727272727273,,
1979-04-06,616.3939393939394,,
1979-04-09,614.9575757575758,,
1979-04-10,614.4787878787879,,
1979-04-11,614.0,,
1979-04-12,613.5212121212121,,
1979-04-13,613.0424242424242,,
1979-04-16,611.6060606060606,,
1979-04-17,611.1272727272727,,
1979-04-18,610.6484848484848,,
1979-04-19,610.1696969696969,,
1979-04-20,609.6909090909091,,
1979-04-23,608.2545454545455,,
1979-04-24,607.7757575757576,,
1979-04-25,607.2969696969698,,
1979-04-26,606.8181818181819,,
1979-04-27,606.339393939394,,
1979-04-30,604.9030303030303,,
1979-05-01,604.4242424242425,,
1979-05-02,604.8093841642228,,
1979-05-03,605.1945259042033,,
1979-05-04,605.5796676441838,,
1979-05-07,606.7350928641251,,
1979-05-08,607.1202346041056,,
1979-05-09,607.5053763440861,,
1979-05-10,607.8905180840665,,
1979-05-11,608.2756598240469,,
1979-05-14,609.4310850439883,,
1979-05-15,609.8162267839688,,
1979-05-16,610.2013685239492,,
1979-05-17,610.5865102639297,,
1979-05-18,610.9716520039101,,
1979-05-21,612.1270772238514,,
1979-05-22,612.5122189638319,,
1979-05-23,612.8973607038123,,
1979-05-24,613.2825024437927,,
1979-05-25,613.6676441837733,,
1979-05-28,614.8230694037146,,
1979-05-29,615.208211143695,,
1979-05-30,615.5933528836755,,
1979-05-31,615.9784946236559,,
1979-06-01,616.3636363636364,,
1979-06-04,616.969696969697,,
1979-06-05,617.1717171717172,,
1979-06-06,617.3737373737374,,
1979-06-07,617.5757575757576,,
1979-06-08,617.7777777777778,,
1979-06-11,618.3838383838383,,
1979-06-12,618.5858585858585,,
1979-06-13,618.7878787878789,,
1979-06-14,618.9898989898991,,
1979-06-15,619.1919191919192,,
1979-06-18,619.7979797979798,,
1979-06-19,620.0,,
1979-06-20,620.2020202020202,,
1979-06-21,620.4040404040404,,
1979-06-22,620.6060606060606,,
1979-06-25,621.2121212121212,,
1979-06-26,621.4141414141415,,
1979-06-27,621.6161616161615,,
1979-06-28,621.8181818181819,,
1979-06-29,622.0202020202021,,
1979-07-02,623.343108504399,,
1979-07-03,624.2619745845552,,
1979-07-04,625.1808406647117,,
1979-07-05,626.0997067448681,,
1979-07-06,627.0185728250244,,
1979-07-09,629.7751710654936,,
1979-07-10,630.69403714565,,
1979-07-11,631.6129032258065,,
1979-07-12,632.5317693059629,,
1979-07-13,633.4506353861193,,
1979-07-16,636.2072336265885,,
1979-07-17,637.1260997067449,,
1979-07-18,638.0449657869013,,
1979-07-19,638.9638318670577,,
1979-07-20,639.8826979472141,,
1979-07-23,642.6392961876833,,
1979-07-24,643.5581622678396,,
1979-07-25,644.4770283479961,,
1979-07-26,645.3958944281525,,
1979-07-27,646.3147605083088,,
1979-07-30,649.0713587487782,,
1979-07-31,649.9902248289345,,
1979-08-01,650.909090909091,,
1979-08-02,651.1436950146627,,
1979-08-03,651.3782991202347,,
1979-08-06,652.0821114369501,,
1979-08-07,652.316715542522,,
1979-08-08,652.5513196480938,,
1979-08-09,652.7859237536658,,
1979-08-10,653.0205278592375,,
1979-08-13,653.7243401759531,,
1979-08-14,653.958944281525,,
1979-08-15,654.1935483870968,,
1979-08-16,654.4281524926687,,
1979-08-17,654.6627565982405,,
1979-08-20,655.366568914956,,
1979-08-21,655.6011730205279,,
1979-08-22,655.8357771260996,,
1979-08-23,656.0703812316715,,
1979-08-24,656.3049853372434,,
1979-08-27,657.0087976539589,,
1979-08-28,657.2434017595308,,
1979-08-29,657.4780058651027,,
1979-08-30,657.7126099706745,,
1979-08-31,657.9472140762463,,
1979-09-03,657.2081470442126,,
1979-09-04,656.7213114754097,,
1979-09-05,656.234475906607,,
1979-09-06,655.7476403378042,,
1979-09-07,655.2608047690014,,
1979-09-10,653.8002980625931,,
1979-09-11,653.3134624937903,,
1979-09-12,652.8266269249875,,
1979-09-13,652.3397913561848,,
1979-09-14,651.852955787382,,
1979-09-17,650.3924490809736,,
1979-09-18,649.9056135121708,,
1979-09-19,649.4187779433681,,
1979-09-20,648.9319423745653,,
1979-09-21,648.4451068057625,,
1979-09-24,646.9846000993541,,
1979-09-25,646.4977645305514,,
1979-09-26,646.0109289617486,,
1979-09-27,645.5240933929459,,
1979-09-28,645.037257824143,,
1979-10-01,643.5767511177347,,
1979-10-02,643.0899155489319,,
1979-10-03,642.6030799801292,,
1979-10-04,642.1162444113263,,
1979-10-05,641.6294088425236,,
1979-10-08,640.1689021361152,,
1979-10-09,639.6820665673124,,
1979-10-10,639.1952309985097,,
1979-10-11,638.7083954297068,,
1979-10-12,638.2215598609041,,
1979-10-15,636.7610531544958,,
1979-10-16,636.274217585693,,
1979-10-17,635.7873820168902,,
1979-10-18,635.3005464480875,,
1979-10-19,634.8137108792846,,
1979-10-22,633.3532041728763,,
1979-10-23,632.8663686040736,,
1979-10-24,632.3795330352707,,
1979-10-25,631.8926974664679,,
1979-10-26,631.4058618976652,,
1979-10-29,629.9453551912569,,
1979-10-30,629.458519622454,,
1979-10-31,628.9716840536514,,
1979-11-01,628.4848484848485,,
1979-11-02,629.3131313131314,,
1979-11-05,631.7979797979798,,
1979-11-06,632.6262626262627,,
1979-11-07,633.4545454545454,,
1979-11-08,634.2828282828283,,
1979-11-09,635.1111111111111,,
1979-11-12,637.5959595959596,,
1979-11-13,638.4242424242425,,
1979-11-14,639.2525252525253,,
1979-11-15,640.0808080808081,,
1979-11-16,640.9090909090909,,
1979-11-19,643.3939393939394,,
1979-11-20,644.2222222222222,,
1979-11-21,645.0505050505051,,
1979-11-22,645.8787878787878,,
1979-11-23,646.7070707070707,,
1979-11-26,649.1919191919192,,
1979-11-27,650.0202020202021,,
1979-11-28,650.8484848484849,,
1979-11-29,651.6767676767677,,
1979-11-30,652.5050505050505,,
1979-12-03,654.5454545454546,,
1979-12-04,655.1515151515151,,
1979-12-05,655.7575757575758,,
1979-12-06,656.3636363636364,,
1979-12-07,656.969696969697,,
1979-12-10,658.7878787878788,,
1979-12-11,659.3939393939394,,
1979-12-12,660.0,,
1979-12-13,660.6060606060606,,
1979-12-14,661.2121212121211,,
1979-12-17,663.0303030303031,,
1979-12-18,663.6363636363636,,
1979-12-19,664.2424242424242,,
1979-12-20,664.8484848484849,,
1979-12-21,665.4545454545454,,
1979-12-24,667.2727272727273,,
1979-12-25,667.8787878787879,,
1979-12-26,668.4848484848485,,
1979-12-27,669.0909090909091,,
1979-12-28,669.6969696969697,,
1979-12-31,671.5151515151516,,
1980-01-01,672.1212121212121,,
1980-01-02,672.9814271749756,,
1980-01-03,673.841642228739,,
1980-01-04,674.7018572825025,,
1980-01-07,677.2825024437927,,
1980-01-08,678.1427174975562,,
1980-01-09,679.0029325513198,,
1980-01-10,679.8631476050831,,
1980-01-11,680.7233626588466,,
1980-01-14,683.3040078201368,,
1980-01-15,684.1642228739003,,
1980-01-16,685.0244379276637,,
1980-01-17,685.8846529814273,,
1980-01-18,686.7448680351906,,
1980-01-21,689.3255131964809,,
1980-01-22,690.1857282502443,,
1980-01-23,691.0459433040078,,
1980-01-24,691.9061583577712,,
1980-01-25,692.7663734115347,,
1980-01-28,695.3470185728249,,
1980-01-29,696.2072336265885,,
1980-01-30,697.067448680352,,
1980-01-31,697.9276637341154,,
1980-02-01,698.7878787878788,,
1980-02-04,692.1421107628005,,
1980-02-05,689.9268547544409,,
1980-02-06,687.7115987460814,,
1980-02-07,685.496342737722,,
1980-02-08,683.2810867293625,,
1980-02-11,676.6353187042843,,
1980-02-12,674.4200626959247,,
1980-02-13,672.2048066875652,,
1980-02-14,669.9895506792059,,
1980-02-15,667.7742946708464,,
1980-02-18,661.128526645768,,
1980-02-19,658.9132706374087,,
1980-02-20,656.6980146290491,,
1980-02-21,654.4827586206897,,
1980-02-22,652.2675026123302,,
1980-02-25,645.6217345872519,,
1980-02-26,643.4064785788923,,
1980-02-27,641.1912225705329,,
1980-02-28,638.9759665621734,,
1980-02-29,636.7607105538141,,
1980-03-03,633.880742913001,,
1980-03-04,633.5483870967741,,
1980-03-05,633.2160312805474,,
1980-03-06,632.8836754643205,,
1980-03-07,632.5513196480939,,
1980-03-10,631.5542521994134,,
1980-03-11,631.2218963831867,,
1980-03-12,630.8895405669599,,
1980-03-13,630.5571847507332,,
1980-03-14,630.2248289345063,,
1980-03-17,629.227761485826,,
1980-03-18,628.8954056695992,,
1980-03-19,628.5630498533725,,
1980-03-20,628.2306940371457,,
1980-03-21,627.8983382209188,,
1980-03-24,626.9012707722385,,
1980-03-25,626.5689149560117,,
1980-03-26,626.236559139785,,
1980-03-27,625.9042033235582,,
1980-03-28,625.5718475073314,,
1980-03-31,624.5747800586511,,
1980-04-01,624.2424242424242,,
1980-04-02,625.1919191919192,,
1980-04-03,626.1414141414141,,
1980-04-04,627.090909090909,,
1980-04-07,629.9393939393939,,
1980-04-08,630.8888888888888,,
1980-04-09,631.8383838383838,,
1980-04-10,632.7878787878788,,
1980-04-11,633.7373737373738,,
1980-04-14,636.5858585858585,,
1980-04-15,637.5353535353536,,
1980-04-16,638.4848484848485,,
1980-04-17,639.4343434343435,,
1980-04-18,640.3838383838385,,
1980-04-21,643.2323232323233,,
1980-04-22,644.1818181818182,,
1980-04-23,645.1313131313132,,
1980-04-24,646.0808080808081,,
1980-04-25,647.0303030303031,,
1980-04-28,649.8787878787879,,
1980-04-29,650.8282828282828,,
1980-04-30,651.7777777777778,,
1980-05-01,652.7272727272727,,
1980-05-02,654.0762463343109,,
1980-05-05,658.1231671554252,,
1980-05-06,659.4721407624634,,
1980-05-07,660.8211143695015,,
1980-05-08,662.1700879765397,,
1980-05-09,663.5190615835778,,
1980-05-12,667.565982404692,,
1980-05-13,668.9149560117303,,
1980-05-14,670.2639296187683,,
1980-05-15,671.6129032258065,,
1980-05-16,672.9618768328446,,
1980-05-19,677.0087976539589,,
1980-05-20,678.3577712609971,,
1980-05-21,679.7067448680352,,
1980-05-22,681.0557184750733,,
1980-05-23,682.4046920821114,,
1980-05-26,686.4516129032257,,
1980-05-27,687.8005865102639,,
1980-05-28,689.1495601173019,,
1980-05-29,690.4985337243401,,
1980-05-30,691.8475073313783,,
1980-06-02,695.5959595959596,,
1980-06-03,696.6464646464646,,
1980-06-04,697.6969696969696,,
1980-06-05,698.7474747474747,,
1980-06-06,699.7979797979797,,
1980-06-09,702.9494949494949,,
1980-06-10,704.0,,
1980-06-11,705.050505050505,,
1980-06-12,706.10101010101,,
1980-06-13,707.1515151515151,,
1980-06-16,710.3030303030303,,
1980-06-17,711.3535353535353,,
1980-06-18,712.4040404040404,,
1980-06-19,713.4545454545455,,
1980-06-20,714.5050505050505,,
1980-06-23,717.6565656565656,,
1980-06-24,718.7070707070707,,
1980-06-25,719.7575757575758,,
1980-06-26,720.8080808080807,,
1980-06-27,721.8585858585858,,
1980-06-30,725.0101010101009,,
1980-07-01,726.0606060606061,,
1980-07-02,726.7839687194526,,
1980-07-03,727.5073313782991,,
1980-07-04,728.2306940371457,,
1980-07-07,730.4007820136852,,
1980-07-08,731.1241446725318,,
1980-07-09,731.8475073313783,,
1980-07-10,732.5708699902249,,
1980-07-11,733.2942326490713,,
1980-07-14,735.464320625611,,
1980-07-15,736.1876832844574,,
1980-07-16,736.911045943304,,
1980-07-17,737.6344086021505,,
1980-07-18,738.3577712609971,,
1980-07-21,740.5278592375366,,
1980-07-22,741.2512218963832,,
1980-07-23,741.9745845552297,,
1980-07-24,742.6979472140762,,
1980-07-25,743.4213098729227,,
1980-07-28,745.5913978494623,,
1980-07-29,746.3147605083088,,
1980-07-30,747.0381231671555,,
1980-07-31,747.761485826002,,
1980-08-01,748.4848484848485,,
1980-08-04,750.2443792766373,,
1980-08-05,750.830889540567,,
1980-08-06,751.4173998044967,,
1980-08-07,752.0039100684262,,
1980-08-08,752.5904203323557,,
1980-08-11,754.3499511241447,,
1980-08-12,754.9364613880742,,
1980-08-13,755.5229716520039,,
1980-08-14,756.1094819159335,,
1980-08-15,756.6959921798632,,
1980-08-18,758.4555229716519,,
1980-08-19,759.0420332355816,,
1980-08-20,759.6285434995112,,
1980-08-21,760.2150537634409,,
1980-08-22,760.8015640273705,,
1980-08-25,762.5610948191594,,
1980-08-26,763.1476050830889,,
1980-08-27,763.7341153470186,,
1980-08-28,764.3206256109481,,
1980-08-29,764.9071358748778,,
1980-09-01,766.6666666666667,,
1980-09-02,767.5807252856433,,
1980-09-03,768.49478390462,,
1980-09-04,769.4088425235966,,
1980-09-05,770.3229011425733,,
1980-09-08,773.0650769995032,,
1980-09-09,773.9791356184799,,
1980-09-10,774.8931942374566,,
1980-09-11,775.8072528564331,,
1980-09-12,776.7213114754097,,
1980-09-15,779.4634873323398,,
1980-09-16,780.3775459513164,,
1980-09-17,781.2916045702931,,
1980-09-18,782.2056631892697,,
1980-09-19,783.1197218082465,,
1980-09-22,785.8618976651763,,
1980-09-23,786.775956284153,,
1980-09-24,787.6900149031296,,
1980-09-25,788.6040735221062,,
1980-09-26,789.5181321410829,,
1980-09-29,792.2603079980129,,
1980-09-30,793.1743666169896,,
1980-10-01,794.0884252359662,,
1980-10-02,795.0024838549429,,
1980-10-03,795.9165424739195,,
1980-10-06,798.6587183308495,,
1980-10-07,799.5727769498261,,
1980-10-08,800.4868355688028,,
1980-10-09,801.4008941877794,,
1980-10-10,802.314952806756,,
1980-10-13,805.057128663686,,
1980-10-14,805.9711872826625,,
1980-10-15,806.8852459016392,,
1980-10-16,807.799304520616,,
1980-10-17,808.7133631395925,,
1980-10-20,811.4555389965226,,
1980-10-21,812.3695976154993,,
1980-10-22,813.2836562344759,,
1980-10-23,814.1977148534526,,
1980-10-24,815.1117734724293,,
1980-10-27,817.853949329359,,
1980-10-28,818.7680079483357,,
1980-10-29,819.6820665673124,,
1980-10-30,820.596125186289,,
1980-10-31,821.5101838052657,,
1980-11-03,821.5353535353535,,
1980-11-04,821.0909090909091,,
1980-11-05,820.6464646464646,,
1980-11-06,820.2020202020201,,
1980-11-07,819.7575757575758,,
1980-11-10,818.4242424242424,,
1980-11-11,817.979797979798,,
1980-11-12,817.5353535353535,,
1980-11-13,817.090909090909,,
1980-11-14,816.6464646464647,,
1980-11-17,815.3131313131313,,
1980-11-18,814.8686868686868,,
1980-11-19,814.4242424242425,,
1980-11-20,813.9797979797979,,
1980-11-21,813.5353535353535,,
1980-11-24,812.2020202020201,,
1980-11-25,811.7575757575758,,
1980-11-26,811.3131313131314,,
1980-11-27,810.8686868686868,,
1980-11-28,810.4242424242424,,
1980-12-01,809.0909090909091,,
1980-12-02,806.4125122189639,,
1980-12-03,803.7341153470186,,
1980-12-04,801.0557184750734,,
1980-12-05,798.377321603128,,
1980-12-08,790.3421309872923,,
1980-12-09,787.6637341153471,,
1980-12-10,784.9853372434018,,
1980-12-11,782.3069403714566,,
1980-12-12,779.6285434995112,,
1980-12-15,771.5933528836755,,
1980-12-16,768.9149560117303,,
1980-12-17,766.236559139785,,
1980-12-18,763.5581622678397,,
1980-12-19,760.8797653958945,,
1980-12-22,752.8445747800587,,
1980-12-23,750.1661779081135,,
1980-12-24,747.4877810361681,,
1980-12-25,744.8093841642229,,
1980-12-26,742.1309872922777,,
1980-12-29,734.0957966764419,,
1980-12-30,731.4173998044967,,
1980-12-31,728.7390029325513,,
1981-01-01,726.0606060606061,,
1981-01-02,727.741935483871,,
1981-01-05,732.7859237536657,,
1981-01-06,734.4672531769306,,
1981-01-07,736.1485826001955,,
1981-01-08,737.8299120234603,,
1981-01-09,739.5112414467253,,
1981-01-12,744.5552297165201,,
1981-01-13,746.236559139785,,
1981-01-14,747.9178885630499,,
1981-01-15,749.5992179863148,,
1981-01-16,751.2805474095798,,
1981-01-19,756.3245356793744,,
1981-01-20,758.0058651026393,,
1981-01-21,759.6871945259041,,
1981-01-22,761.3685239491691,,
1981-01-23,763.0498533724341,,
1981-01-26,768.0938416422288,,
1981-01-27,769.7751710654937,,
1981-01-28,771.4565004887586,,
1981-01-29,773.1378299120236,,
1981-01-30,774.8191593352883,,
1981-02-02,779.2207792207793,,
1981-02-03,780.2597402597402,,
1981-02-04,781.2987012987013,,
1981-02-05,782.3376623376623,,
1981-02-06,783.3766233766235,,
1981-02-09,786.4935064935065,,
1981-02-10,787.5324675324676,,
1981-02-11,788.5714285714286,,
1981-02-12,789.6103896103896,,
1981-02-13,790.6493506493506,,
1981-02-16,793.7662337662337,,
1981-02-17,794.8051948051948,,
1981-02-18,795.8441558441558,,
1981-02-19,796.8831168831167,,
1981-02-20,797.9220779220778,,
1981-02-23,801.0389610389609,,
1981-02-24,802.077922077922,,
1981-02-25,803.1168831168831,,
1981-02-26,804.1558441558442,,
1981-02-27,805.1948051948051,,
1981-03-02,807.507331378299,,
1981-03-03,807.741935483871,,
1981-03-04,807.9765395894428,,
1981-03-05,808.2111436950147,,
1981-03-06,808.4457478005864,,
1981-03-09,809.149560117302,,
1981-03-10,809.3841642228739,,
1981-03-11,809.6187683284458,,
1981-03-12,809.8533724340175,,
1981-03-13,810.0879765395894,,
1981-03-16,810.791788856305,,
1981-03-17,811.0263929618768,,
1981-03-18,811.2609970674486,,
1981-03-19,811.4956011730205,,
1981-03-20,811.7302052785924,,
1981-03-23,812.434017595308,,
1981-03-24,812.6686217008798,,
1981-03-25,812.9032258064516,,
1981-03-26,813.1378299120234,,
1981-03-27,813.3724340175954,,
1981-03-30,814.0762463343108,,
1981-03-31,814.3108504398829,,
1981-04-01,814.5454545454546,,
1981-04-02,814.0,,
1981-04-03,813.4545454545455,,
1981-04-06,811.8181818181819,,
1981-04-07,811.2727272727274,,
1981-04-08,810.7272727272727,,
1981-04-09,810.1818181818181,,
1981-04-10,809.6363636363636,,
1981-04-13,808.0,,
1981-04-14,807.4545454545454,,
1981-04-15,806.9090909090909,,
1981-04-16,806.3636363636365,,
1981-04-17,805.8181818181819,,
1981-04-20,804.1818181818181,,
1981-04-21,803.6363636363635,,
1981-04-22,803.0909090909091,,
1981-04-23,802.5454545454545,,
1981-04-24,802.0,,
1981-04-27,800.3636363636364,,
1981-04-28,799.8181818181818,,
1981-04-29,799.2727272727273,,
1981-04-30,798.7272727272726,,
1981-05-01,798.1818181818181,,
1981-05-04,798.5337243401759,,
1981-05-05,798.6510263929619,,
1981-05-06,798.7683284457477,,
1981-05-07,798.8856304985337,,
1981-05-08,799.0029325513196,,
1981-05-11,799.3548387096773,,
1981-05-12,799.4721407624633,,
1981-05-13,799.5894428152493,,
1981-05-14,799.7067448680351,,
1981-05-15,799.824046920821,,
1981-05-18,800.175953079179,,
1981-05-19,800.2932551319649,,
1981-05-20,800.4105571847507,,
1981-05-21,800.5278592375367,,
1981-05-22,800.6451612903227,,
1981-05-25,800.9970674486804,,
1981-05-26,801.1143695014663,,
1981-05-27,801.2316715542523,,
1981-05-28,801.3489736070381,,
1981-05-29,801.4662756598241,,
1981-06-01,801.818181818182,,
1981-06-02,801.1717171717173,,
1981-06-03,800.5252525252527,,
1981-06-04,799.878787878788,,
1981-06-05,799.2323232323232,,
1981-06-08,797.2929292929293,,
1981-06-09,796.6464646464648,,
1981-06-10,796.0,,
1981-06-11,795.3535353535354,,
1981-06-12,794.7070707070707,,
1981-06-15,792.7676767676768,,
1981-06-16,792.1212121212122,,
1981-06-17,791.4747474747475,,
1981-06-18,790.8282828282829,,
1981-06-19,790.1818181818181,,
1981-06-22,788.2424242424242,,
1981-06-23,787.5959595959596,,
1981-06-24,786.9494949494949,,
1981-06-25,786.3030303030304,,
1981-06-26,785.6565656565656,,
1981-06-29,783.7171717171717,,
1981-06-30,783.0707070707069,,
1981-07-01,782.4242424242424,,
1981-07-02,782.5219941348975,,
1981-07-03,782.6197458455523,,
1981-07-06,782.9130009775171,,
1981-07-07,783.0107526881719,,
1981-07-08,783.108504398827,,
1981-07-09,783.2062561094818,,
1981-07-10,783.3040078201368,,
1981-07-13,783.5972629521016,,
1981-07-14,783.6950146627566,,
1981-07-15,783.7927663734115,,
1981-07-16,783.8905180840665,,
1981-07-17,783.9882697947213,,
1981-07-20,784.2815249266862,,
1981-07-21,784.379276637341,,
1981-07-22,784.4770283479961,,
1981-07-23,784.574780058651,,
1981-07-24,784.6725317693059,,
1981-07-27,784.9657869012707,,
1981-07-28,785.0635386119257,,
1981-07-29,785.1612903225805,,
1981-07-30,785.2590420332356,,
1981-07-31,785.3567937438904,,
1981-08-03,781.0361681329423,,
1981-08-04,778.8269794721407,,
1981-08-05,776.6177908113391,,
1981-08-06,774.4086021505376,,
1981-08-07,772.199413489736,,
1981-08-10,765.5718475073313,,
1981-08-11,763.3626588465298,,
1981-08-12,761.1534701857281,,
1981-08-13,758.9442815249266,,
1981-08-14,756.7350928641251,,
1981-08-17,750.1075268817204,,
1981-08-18,747.8983382209188,,
1981-08-19,745.6891495601172,,
1981-08-20,743.4799608993158,,
1981-08-21,741.2707722385142,,
1981-08-24,734.6432062561095,,
1981-08-25,732.4340175953079,,
1981-08-26,730.2248289345063,,
1981-08-27,728.0156402737048,,
1981-08-28,725.8064516129032,,
1981-08-31,719.1788856304985,,
1981-09-01,716.969696969697,,
1981-09-02,717.4267262791852,,
1981-09-03,717.8837555886736,,
1981-09-04,718.3407848981619,,
1981-09-07,719.711872826627,,
1981-09-08,720.1689021361153,,
1981-09-09,720.6259314456036,,
1981-09-10,721.0829607550919,,
1981-09-11,721.5399900645803,,
1981-09-14,722.9110779930452,,
1981-09-15,723.3681073025335,,
1981-09-16,723.8251366120219,,
1981-09-17,724.2821659215101,,
1981-09-18,724.7391952309985,,
1981-09-21,726.1102831594635,,
1981-09-22,726.5673124689517,,
1981-09-23,727.0243417784402,,
1981-09-24,727.4813710879286,,
1981-09-25,727.9384003974168,,
1981-09-28,729.3094883258818,,
1981-09-29,729.7665176353702,,
1981-09-30,730.2235469448584,,
1981-10-01,730.6805762543468,,
1981-10-02,731.137605563835,,
1981-10-05,732.5086934923,,
1981-10-06,732.9657228017884,,
1981-10-07,733.4227521112766,,
1981-10-08,733.879781420765,,
1981-10-09,734.3368107302534,,
1981-10-12,735.7078986587182,,
1981-10-13,736.1649279682067,,
1981-10-14,736.6219572776951,,
1981-10-15,737.0789865871833,,
1981-10-16,737.5360158966716,,
1981-10-19,738.9071038251367,,
1981-10-20,739.3641331346249,,
1981-10-21,739.8211624441134,,
1981-10-22,740.2781917536016,,
1981-10-23,740.7352210630899,,
1981-10-26,742.1063089915549,,
1981-10-27,742.5633383010432,,
1981-10-28,743.0203676105316,,
1981-10-29,743.4773969200199,,
1981-10-30,743.9344262295082,,
1981-11-02,745.0303030303031,,
1981-11-03,745.2121212121212,,
1981-11-04,745.3939393939394,,
1981-11-05,745.5757575757576,,
1981-11-06,745.7575757575758,,
1981-11-09,746.3030303030303,,
1981-11-10,746.4848484848485,,
1981-11-11,746.6666666666666,,
1981-11-12,746.8484848484849,,
1981-11-13,747.0303030303031,,
1981-11-16,747.5757575757576,,
1981-11-17,747.7575757575758,,
1981-11-18,747.939393939394,,
1981-11-19,748.1212121212121,,
1981-11-20,748.3030303030304,,
1981-11-23,748.8484848484849,,
1981-11-24,749.030303030303,,
1981-11-25,749.2121212121212,,
1981-11-26,749.3939393939394,,
1981-11-27,749.5757575757575,,
1981-11-30,750.1212121212121,,
1981-12-01,750.3030303030303,,
1981-12-02,752.0430107526881,,
1981-12-03,753.782991202346,,
1981-12-04,755.5229716520039,,
1981-12-07,760.7429130009775,,
1981-12-08,762.4828934506353,,
1981-12-09,764.2228739002932,,
1981-12-10,765.962854349951,,
1981-12-11,767.7028347996089,,
1981-12-14,772.9227761485827,,
1981-12-15,774.6627565982404,,
1981-12-16,776.4027370478983,,
1981-12-17,778.1427174975561,,
1981-12-18,779.8826979472141,,
1981-12-21,785.1026392961876,,
1981-12-22,786.8426197458455,,
1981-12-23,788.5826001955033,,
1981-12-24,790.3225806451613,,
1981-12-25,792.0625610948192,,
1981-12-28,797.2825024437926,,
1981-12-29,799.0224828934505,,
1981-12-30,800.7624633431085,,
1981-12-31,802.5024437927664,,
1982-01-01,804.2424242424241,,
1982-01-04,793.5679374389051,,
1982-01-05,790.0097751710655,,
1982-01-06,786.4516129032257,,
1982-01-07,782.893450635386,,
1982-01-08,779.3352883675465,,
1982-01-11,768.6608015640273,,
1982-01-12,765.1026392961876,,
1982-01-13,761.5444770283478,,
1982-01-14,757.9863147605082,,
1982-01-15,754.4281524926686,,
1982-01-18,743.7536656891496,,
1982-01-19,740.1955034213098,,
1982-01-20,736.6373411534702,,
1982-01-21,733.0791788856304,,
1982-01-22,729.5210166177909,,
1982-01-25,718.8465298142718,,
1982-01-26,715.288367546432,,
1982-01-27,711.7302052785924,,
1982-01-28,708.1720430107526,,
1982-01-29,704.6138807429131,,
1982-02-01,693.939393939394,,
1982-02-02,693.1385281385282,,
1982-02-03,692.3376623376623,,
1982-02-04,691.5367965367965,,
1982-02-05,690.7359307359308,,
1982-02-08,688.3333333333334,,
1982-02-09,687.5324675324675,,
1982-02-10,686.7316017316017,,
1982-02-11,685.930735930736,,
1982-02-12,685.12987012987,,
1982-02-15,682.7272727272727,,
1982-02-16,681.9264069264069,,
1982-02-17,681.1255411255411,,
1982-02-18,680.3246753246754,,
1982-02-19,679.5238095238095,,
1982-02-22,677.121212121212,,
1982-02-23,676.3203463203463,,
1982-02-24,675.5194805194806,,
1982-02-25,674.7186147186147,,
1982-02-26,673.9177489177489,,
1982-03-01,671.5151515151515,,
1982-03-02,672.5904203323557,,
1982-03-03,673.6656891495601,,
1982-03-04,674.7409579667644,,
1982-03-05,675.8162267839687,,
1982-03-08,679.0420332355816,,
1982-03-09,680.1173020527859,,
1982-03-10,681.1925708699902,,
1982-03-11,682.2678396871946,,
1982-03-12,683.3431085043987,,
1982-03-15,686.5689149560117,,
1982-03-16,687.644183773216,,
1982-03-17,688.7194525904204,,
1982-03-18,689.7947214076246,,
1982-03-19,690.8699902248289,,
1982-03-22,694.0957966764418,,
1982-03-23,695.1710654936462,,
1982-03-24,696.2463343108504,,
1982-03-25,697.3216031280548,,
1982-03-26,698.3968719452591,,
1982-03-29,701.6226783968718,,
1982-03-30,702.6979472140762,,
1982-03-31,703.7732160312805,,
1982-04-01,704.8484848484848,,
1982-04-02,704.8686868686868,,
1982-04-05,704.929292929293,,
1982-04-06,704.9494949494949,,
1982-04-07,704.9696969696969,,
1982-04-08,704.989898989899,,
1982-04-09,705.010101010101,,
1982-04-12,705.0707070707072,,
1982-04-13,705.0909090909091,,
1982-04-14,705.1111111111111,,
1982-04-15,705.1313131313132,,
1982-04-16,705.1515151515151,,
1982-04-19,705.2121212121211,,
1982-04-20,705.2323232323232,,
1982-04-21,705.2525252525253,,
1982-04-22,705.2727272727273,,
1982-04-23,705.2929292929293,,
1982-04-26,705.3535353535354,,
1982-04-27,705.3737373737374,,
1982-04-28,705.3939393939394,,
1982-04-29,705.4141414141415,,
1982-04-30,705.4343434343435,,
1982-05-03,702.8347996089932,,
1982-05-04,701.524926686217,,
1982-05-05,700.2150537634409,,
1982-05-06,698.9051808406647,,
1982-05-07,697.5953079178886,,
1982-05-10,693.6656891495601,,
1982-05-11,692.355816226784,,
1982-05-12,691.0459433040079,,
1982-05-13,689.7360703812317,,
1982-05-14,688.4261974584556,,
1982-05-17,684.4965786901272,,
1982-05-18,683.186705767351,,
1982-05-19,681.8768328445748,,
1982-05-20,680.5669599217987,,
1982-05-21,679.2570869990225,,
1982-05-24,675.3274682306941,,
1982-05-25,674.0175953079179,,
1982-05-26,672.7077223851418,,
1982-05-27,671.3978494623656,,
1982-05-28,670.0879765395895,,
1982-05-31,666.1583577712611,,
1982-06-01,664.8484848484849,,
1982-06-02,664.7878787878788,,
1982-06-03,664.7272727272727,,
1982-06-04,664.6666666666666,,
1982-06-07,664.4848484848485,,
1982-06-08,664.4242424242425,,
1982-06-09,664.3636363636364,,
1982-06-10,664.3030303030303,,
1982-06-11,664.2424242424242,,
1982-06-14,664.060606060606,,
1982-06-15,664.0,,
1982-06-16,663.939393939394,,
1982-06-17,663.878787878788,,
1982-06-18,663.8181818181819,,
1982-06-21,663.6363636363636,,
1982-06-22,663.5757575757576,,
1982-06-23,663.5151515151516,,
1982-06-24,663.4545454545455,,
1982-06-25,663.3939393939395,,
1982-06-28,663.2121212121212,,
1982-06-29,663.1515151515151,,
1982-06-30,663.0909090909091,,
1982-07-01,663.0303030303031,,
1982-07-02,663.088954056696,,
1982-07-05,663.2649071358749,,
1982-07-06,663.3235581622679,,
1982-07-07,663.3822091886609,,
1982-07-08,663.4408602150538,,
1982-07-09,663.4995112414468,,
1982-07-12,663.6754643206257,,
1982-07-13,663.7341153470186,,
1982-07-14,663.7927663734116,,
1982-07-15,663.8514173998046,,
1982-07-16,663.9100684261975,,
1982-07-19,664.0860215053763,,
1982-07-20,664.1446725317693,,
1982-07-21,664.2033235581622,,
1982-07-22,664.2619745845552,,
1982-07-23,664.3206256109481,,
1982-07-26,664.4965786901271,,
1982-07-27,664.55522971652,,
1982-07-28,664.613880742913,,
1982-07-29,664.6725317693059,,
1982-07-30,664.7311827956989,,
1982-08-02,667.3313782991202,,
1982-08-03,669.8142717497557,,
1982-08-04,672.2971652003911,,
1982-08-05,674.7800586510264,,
1982-08-06,677.2629521016618,,
1982-08-09,684.711632453568,,
1982-08-10,687.1945259042034,,
1982-08-11,689.6774193548387,,
1982-08-12,692.1603128054742,,
1982-08-13,694.6432062561096,,
1982-08-16,702.0918866080156,,
1982-08-17,704.5747800586512,,
1982-08-18,707.0576735092865,,
1982-08-19,709.5405669599219,,
1982-08-20,712.0234604105572,,
1982-08-23,719.4721407624634,,
1982-08-24,721.9550342130988,,
1982-08-25,724.4379276637341,,
1982-08-26,726.9208211143696,,
1982-08-27,729.403714565005,,
1982-08-30,736.8523949169111,,
1982-08-31,739.3352883675465,,
1982-09-01,741.8181818181819,,
1982-09-02,743.3780427223052,,
1982-09-03,744.9379036264282,,
1982-09-06,749.6174863387979,,
1982-09-07,751.177347242921,,
1982-09-08,752.7372081470443,,
1982-09-09,754.2970690511675,,
1982-09-10,755.8569299552906,,
1982-09-13,760.5365126676602,,
1982-09-14,762.0963735717835,,
1982-09-15,763.6562344759067,,
1982-09-16,765.2160953800299,,
1982-09-17,766.775956284153,,
1982-09-20,771.4555389965226,,
1982-09-21,773.0153999006459,,
1982-09-22,774.575260804769,,
1982-09-23,776.1351217088923,,
1982-09-24,777.6949826130153,,
1982-09-27,782.3745653253851,,
1982-09-28,783.9344262295082,,
1982-09-29,785.4942871336314,,
1982-09-30,787.0541480377547,,
1982-10-01,788.6140089418778,,
1982-10-04,793.2935916542474,,
1982-10-05,794.8534525583706,,
1982-10-06,796.4133134624938,,
1982-10-07,797.9731743666168,,
1982-10-08,799.5330352707402,,
1982-10-11,804.2126179831099,,
1982-10-12,805.772478887233,,
1982-10-13,807.3323397913562,,
1982-10-14,808.8922006954792,,
1982-10-15,810.4520615996026,,
1982-10-18,815.1316443119722,,
1982-10-19,816.6915052160954,,
1982-10-20,818.2513661202187,,
1982-10-21,819.8112270243417,,
1982-10-22,821.3710879284649,,
1982-10-25,826.0506706408345,,
1982-10-26,827.6105315449577,,
1982-10-27,829.170392449081,,
1982-10-28,830.7302533532041,,
1982-10-29,832.2901142573272,,
1982-11-01,836.9696969696969,,
1982-11-02,837.2323232323231,,
1982-11-03,837.4949494949495,,
1982-11-04,837.7575757575758,,
1982-11-05,838.0202020202021,,
1982-11-08,838.8080808080808,,
1982-11-09,839.0707070707069,,
1982-11-10,839.3333333333335,,
1982-11-11,839.5959595959596,,
1982-11-12,839.8585858585857,,
1982-11-15,840.6464646464647,,
1982-11-16,840.9090909090909,,
1982-11-17,841.1717171717171,,
1982-11-18,841.4343434343434,,
1982-11-19,841.6969696969696,,
1982-11-22,842.4848484848484,,
1982-11-23,842.7474747474747,,
1982-11-24,843.010101010101,,
1982-11-25,843.2727272727274,,
1982-11-26,843.5353535353535,,
1982-11-29,844.3232323232323,,
1982-11-30,844.5858585858588,,
1982-12-01,844.8484848484849,,
1982-12-02,850.3812316715542,,
1982-12-03,855.9139784946236,,
1982-12-06,872.5122189638319,,
1982-12-07,878.0449657869013,,
1982-12-08,883.5777126099707,,
1982-12-09,889.1104594330402,,
1982-12-10,894.6432062561096,,
1982-12-13,911.2414467253176,,
1982-12-14,916.774193548387,,
1982-12-15,922.3069403714564,,
1982-12-16,927.8396871945259,,
1982-12-17,933.3724340175953,,
1982-12-20,949.9706744868035,,
1982-12-21,955.5034213098729,,
1982-12-22,961.0361681329423,,
1982-12-23,966.5689149560116,,
1982-12-24,972.1016617790809,,
1982-12-27,988.6999022482893,,
1982-12-28,994.2326490713587,,
1982-12-29,999.765395894428,,
1982-12-30,1005.2981427174975,,
1982-12-31,1010.8308895405669,,
1983-01-03,1008.1915933528837,,
1983-01-04,1004.1055718475071,,
1983-01-05,1000.019550342131,,
1983-01-06,995.9335288367546,,
1983-01-07,991.8475073313782,,
1983-01-10,979.5894428152492,,
1983-01-11,975.503421309873,,
1983-01-12,971.4173998044967,,
1983-01-13,967.3313782991202,,
1983-01-14,963.2453567937439,,
1983-01-17,950.9872922776149,,
1983-01-18,946.9012707722385,,
1983-01-19,942.8152492668621,,
1983-01-20,938.729227761486,,
1983-01-21,934.6432062561095,,
1983-01-24,922.3851417399803,,
1983-01-25,918.2991202346042,,
1983-01-26,914.2130987292278,,
1983-01-27,910.1270772238514,,
1983-01-28,906.041055718475,,
1983-01-31,893.7829912023462,,
1983-02-01,889.6969696969699,,
1983-02-02,890.8008658008658,,
1983-02-03,891.9047619047622,,
1983-02-04,893.0086580086581,,
1983-02-07,896.3203463203465,,
1983-02-08,897.4242424242425,,
1983-02-09,898.5281385281386,,
1983-02-10,899.6320346320346,,
1983-02-11,900.7359307359309,,
1983-02-14,904.0476190476192,,
1983-02-15,905.1515151515152,,
1983-02-16,906.2554112554114,,
1983-02-17,907.3593073593074,,
1983-02-18,908.4632034632035,,
1983-02-21,911.7748917748918,,
1983-02-22,912.8787878787879,,
1983-02-23,913.9826839826841,,
1983-02-24,915.0865800865802,,
1983-02-25,916.1904761904763,,
1983-02-28,919.5021645021645,,
1983-03-01,920.6060606060607,,
1983-03-02,921.739980449658,,
1983-03-03,922.8739002932551,,
1983-03-04,924.0078201368524,,
1983-03-07,927.4095796676443,,
1983-03-08,928.5434995112414,,
1983-03-09,929.6774193548388,,
1983-03-10,930.811339198436,,
1983-03-11,931.9452590420333,,
1983-03-14,935.347018572825,,
1983-03-15,936.4809384164223,,
1983-03-16,937.6148582600197,,
1983-03-17,938.7487781036167,,
1983-03-18,939.8826979472141,,
1983-03-21,943.2844574780057,,
1983-03-22,944.4183773216031,,
1983-03-23,945.5522971652003,,
1983-03-24,946.6862170087976,,
1983-03-25,947.8201368523947,,
1983-03-28,951.2218963831866,,
1983-03-29,952.355816226784,,
1983-03-30,953.4897360703811,,
1983-03-31,954.6236559139784,,
1983-04-01,955.7575757575756,,
1983-04-04,959.6363636363634,,
1983-04-05,960.9292929292928,,
1983-04-06,962.2222222222222,,
1983-04-07,963.5151515151515,,
1983-04-08,964.8080808080808,,
1983-04-11,968.6868686868685,,
1983-04-12,969.9797979797978,,
1983-04-13,971.2727272727273,,
1983-04-14,972.5656565656566,,
1983-04-15,973.8585858585859,,
1983-04-18,977.7373737373737,,
1983-04-19,979.0303030303029,,
1983-04-20,980.3232323232322,,
1983-04-21,981.6161616161617,,
1983-04-22,982.9090909090908,,
1983-04-25,986.7878787878788,,
1983-04-26,988.0808080808081,,
1983-04-27,989.3737373737373,,
1983-04-28,990.6666666666666,,
1983-04-29,991.959595959596,,
1983-05-02,994.9951124144671,,
1983-05-03,995.44477028348,,
1983-05-04,995.8944281524927,,
1983-05-05,996.3440860215055,,
1983-05-06,996.7937438905182,,
1983-05-09,998.1427174975561,,
1983-05-10,998.5923753665688,,
1983-05-11,999.0420332355816,,
1983-05-12,999.4916911045942,,
1983-05-13,999.9413489736071,,
1983-05-16,1001.2903225806452,,
1983-05-17,1001.7399804496579,,
1983-05-18,1002.1896383186707,,
1983-05-19,1002.6392961876834,,
1983-05-20,1003.088954056696,,
1983-05-23,1004.4379276637342,,
1983-05-24,1004.8875855327468,,
1983-05-25,1005.3372434017595,,
1983-05-26,1005.7869012707723,,
1983-05-27,1006.236559139785,,
1983-05-30,1007.5855327468231,,
1983-05-31,1008.035190615836,,
1983-06-01,1008.4848484848486,,
1983-06-02,1008.6060606060607,,
1983-06-03,1008.7272727272727,,
1983-06-06,1009.0909090909091,,
1983-06-07,1009.2121212121214,,
1983-06-08,1009.3333333333334,,
1983-06-09,1009.4545454545454,,
1983-06-10,1009.5757575757576,,
1983-06-13,1009.939393939394,,
1983-06-14,1010.060606060606,,
1983-06-15,1010.1818181818181,,
1983-06-16,1010.3030303030304,,
1983-06-17,1010.4242424242424,,
1983-06-20,1010.7878787878788,,
1983-06-21,1010.909090909091,,
1983-06-22,1011.030303030303,,
1983-06-23,1011.1515151515151,,
1983-06-24,1011.2727272727274,,
1983-06-27,1011.6363636363635,,
1983-06-28,1011.7575757575758,,
1983-06-29,1011.8787878787879,,
1983-06-30,1011.9999999999999,,
1983-07-01,1012.1212121212121,,
1983-07-04,1009.4232649071358,,
1983-07-05,1008.5239491691106,,
1983-07-06,1007.624633431085,,
1983-07-07,1006.7253176930598,,
1983-07-08,1005.8260019550343,,
1983-07-11,1003.128054740958,,
1983-07-12,1002.2287390029327,,
1983-07-13,1001.3294232649072,,
1983-07-14,1000.4301075268817,,
1983-07-15,999.5307917888564,,
1983-07-18,996.8328445747801,,
1983-07-19,995.9335288367548,,
1983-07-20,995.0342130987293,,
1983-07-21,994.1348973607038,,
1983-07-22,993.2355816226783,,
1983-07-25,990.5376344086022,,
1983-07-26,989.6383186705767,,
1983-07-27,988.7390029325514,,
1983-07-28,987.8396871945259,,
1983-07-29,986.9403714565004,,
1983-08-01,984.2424242424244,,
1983-08-02,985.1808406647116,,
1983-08-03,986.119257086999,,
1983-08-04,987.0576735092865,,
1983-08-05,987.9960899315739,,
1983-08-08,990.811339198436,,
1983-08-09,991.7497556207232,,
1983-08-10,992.6881720430107,,
1983-08-11,993.626588465298,,
1983-08-12,994.5650048875855,,
1983-08-15,997.3802541544476,,
1983-08-16,998.318670576735,,
1983-08-17,999.2570869990225,,
1983-08-18,1000.1955034213099,,
1983-08-19,1001.1339198435973,,
1983-08-22,1003.9491691104594,,
1983-08-23,1004.8875855327468,,
1983-08-24,1005.8260019550343,,
1983-08-25,1006.7644183773215,,
1983-08-26,1007.7028347996089,,
1983-08-29,1010.518084066471,,
1983-08-30,1011.4565004887585,,
1983-08-31,1012.3949169110458,,
1983-09-01,1013.3333333333333,,
1983-09-02,1013.1346249379035,,
1983-09-05,1012.5384997516143,,
1983-09-06,1012.3397913561847,,
1983-09-07,1012.1410829607549,,
1983-09-08,1011.9423745653254,,
1983-09-09,1011.7436661698956,,
1983-09-12,1011.1475409836064,,
1983-09-13,1010.9488325881766,,
1983-09-14,1010.7501241927471,,
1983-09-15,1010.5514157973173,,
1983-09-16,1010.3527074018876,,
1983-09-19,1009.7565822155985,,
1983-09-20,1009.5578738201688,,
1983-09-21,1009.3591654247391,,
1983-09-22,1009.1604570293094,,
1983-09-23,1008.9617486338798,,
1983-09-26,1008.3656234475907,,
1983-09-27,1008.1669150521608,,
1983-09-28,1007.9682066567311,,
1983-09-29,1007.7694982613015,,
1983-09-30,1007.5707898658717,,
1983-10-03,1006.9746646795828,,
1983-10-04,1006.775956284153,,
1983-10-05,1006.5772478887232,,
1983-10-06,1006.3785394932936,,
1983-10-07,1006.1798310978638,,
1983-10-10,1005.5837059115747,,
1983-10-11,1005.384997516145,,
1983-10-12,1005.1862891207153,,
1983-10-13,1004.9875807252855,,
1983-10-14,1004.788872329856,,
1983-10-17,1004.1927471435669,,
1983-10-18,1003.9940387481371,,
1983-10-19,1003.7953303527073,,
1983-10-20,1003.5966219572776,,
1983-10-21,1003.3979135618479,,
1983-10-24,1002.8017883755588,,
1983-10-25,1002.603079980129,,
1983-10-26,1002.4043715846994,,
1983-10-27,1002.2056631892696,,
1983-10-28,1002.00695479384,,
1983-10-31,1001.4108296075509,,
1983-11-01,1001.2121212121211,,
1983-11-02,1001.050505050505,,
1983-11-03,1000.8888888888888,,
1983-11-04,1000.7272727272727,,
1983-11-07,1000.2424242424242,,
1983-11-08,1000.080808080808,,
1983-11-09,999.9191919191919,,
1983-11-10,999.7575757575758,,
1983-11-11,999.5959595959596,,
1983-11-14,999.111111111111,,
1983-11-15,998.9494949494949,,
1983-11-16,998.7878787878789,,
1983-11-17,998.6262626262627,,
1983-11-18,998.4646464646465,,
1983-11-21,997.9797979797979,,
1983-11-22,997.8181818181819,,
1983-11-23,997.6565656565658,,
1983-11-24,997.4949494949495,,
1983-11-25,997.3333333333333,,
1983-11-28,996.8484848484849,,
1983-11-29,996.6868686868688,,
1983-11-30,996.5252525252525,,
1983-12-01,996.3636363636365,,
1983-12-02,996.7546432062562,,
1983-12-05,997.9276637341153,,
1983-12-06,998.318670576735,,
1983-12-07,998.7096774193548,,
1983-12-08,999.1006842619745,,
1983-12-09,999.4916911045945,,
1983-12-12,1000.6647116324536,,
1983-12-13,1001.0557184750734,,
1983-12-14,1001.4467253176931,,
1983-12-15,1001.837732160313,,
1983-12-16,1002.2287390029327,,
1983-12-19,1003.4017595307918,,
1983-12-20,1003.7927663734115,,
1983-12-21,1004.1837732160312,,
1983-12-22,1004.574780058651,,
1983-12-23,1004.9657869012707,,
1983-12-26,1006.1388074291301,,
1983-12-27,1006.5298142717498,,
1983-12-28,1006.9208211143696,,
1983-12-29,1007.3118279569893,,
1983-12-30,1007.702834799609,,
1984-01-02,1006.7057673509288,,
1984-01-03,1004.9266862170088,,
1984-01-04,1003.1476050830889,,
1984-01-05,1001.3685239491691,,
1984-01-06,999.5894428152493,,
1984-01-09,994.2521994134898,,
1984-01-10,992.47311827957,,
1984-01-11,990.69403714565,,
1984-01-12,988.9149560117303,,
1984-01-13,987.1358748778104,,
1984-01-16,981.7986314760509,,
1984-01-17,980.0195503421311,,
1984-01-18,978.240469208211,,
1984-01-19,976.4613880742913,,
1984-01-20,974.6823069403715,,
1984-01-23,969.345063538612,,
1984-01-24,967.5659824046921,,
1984-01-25,965.7869012707723,,
1984-01-26,964.0078201368524,,
1984-01-27,962.2287390029326,,
1984-01-30,956.8914956011731,,
1984-01-31,955.1124144672532,,
1984-02-01,953.3333333333334,,
1984-02-02,953.3542319749216,,
1984-02-03,953.3751306165101,,
1984-02-06,953.437826541275,,
1984-02-07,953.4587251828633,,
1984-02-08,953.4796238244516,,
1984-02-09,953.5005224660399,,
1984-02-10,953.5214211076282,,
1984-02-13,953.584117032393,,
1984-02-14,953.6050156739814,,
1984-02-15,953.6259143155696,,
1984-02-16,953.6468129571577,,
1984-02-17,953.6677115987461,,
1984-02-20,953.730407523511,,
1984-02-21,953.7513061650992,,
1984-02-22,953.7722048066876,,
1984-02-23,953.7931034482758,,
1984-02-24,953.8140020898642,,
1984-02-27,953.876698014629,,
1984-02-28,953.8975966562173,,
1984-02-29,953.9184952978056,,
1984-03-01,953.9393939393939,,
1984-03-02,953.9784946236558,,
1984-03-05,954.0957966764419,,
1984-03-06,954.1348973607038,,
1984-03-07,954.1739980449657,,
1984-03-08,954.2130987292277,,
1984-03-09,954.2521994134897,,
1984-03-12,954.3695014662756,,
1984-03-13,954.4086021505375,,
1984-03-14,954.4477028347997,,
1984-03-15,954.4868035190616,,
1984-03-16,954.5259042033235,,
1984-03-19,954.6432062561094,,
1984-03-20,954.6823069403715,,
1984-03-21,954.7214076246335,,
1984-03-22,954.7605083088954,,
1984-03-23,954.7996089931573,,
1984-03-26,954.9169110459433,,
1984-03-27,954.9560117302052,,
1984-03-28,954.9951124144671,,
1984-03-29,955.0342130987291,,
1984-03-30,955.0733137829912,,
1984-04-02,954.9494949494949,,
1984-04-03,954.7474747474748,,
1984-04-04,954.5454545454545,,
1984-04-05,954.3434343434344,,
1984-04-06,954.1414141414142,,
1984-04-09,953.5353535353535,,
1984-04-10,953.3333333333331,,
1984-04-11,953.131313131313,,
1984-04-12,952.9292929292928,,
1984-04-13,952.7272727272727,,
1984-04-16,952.1212121212121,,
1984-04-17,951.9191919191918,,
1984-04-18,951.7171717171717,,
1984-04-19,951.5151515151515,,
1984-04-20,951.3131313131313,,
1984-04-23,950.7070707070708,,
1984-04-24,950.5050505050503,,
1984-04-25,950.3030303030303,,
1984-04-26,950.10101010101,,
1984-04-27,949.8989898989897,,
1984-04-30,949.2929292929292,,
1984-05-01,949.090909090909,,
1984-05-02,948.4066471163244,,
1984-05-03,947.7223851417399,,
1984-05-04,947.0381231671553,,
1984-05-07,944.9853372434017,,
1984-05-08,944.3010752688173,,
1984-05-09,943.6168132942325,,
1984-05-10,942.9325513196479,,
1984-05-11,942.2482893450635,,
1984-05-14,940.1955034213099,,
1984-05-15,939.5112414467253,,
1984-05-16,938.8269794721408,,
1984-05-17,938.1427174975562,,
1984-05-18,937.4584555229717,,
1984-05-21,935.405669599218,,
1984-05-22,934.7214076246333,,
1984-05-23,934.037145650049,,
1984-05-24,933.3528836754643,,
1984-05-25,932.6686217008797,,
1984-05-28,930.615835777126,,
1984-05-29,929.9315738025415,,
1984-05-30,929.2473118279569,,
1984-05-31,928.5630498533724,,
1984-06-01,927.8787878787879,,
1984-06-04,926.6666666666667,,
1984-06-05,926.2626262626261,,
1984-06-06,925.8585858585858,,
1984-06-07,925.4545454545454,,
1984-06-08,925.050505050505,,
1984-06-11,923.838383838384,,
1984-06-12,923.4343434343435,,
1984-06-13,923.0303030303029,,
1984-06-14,922.6262626262626,,
1984-06-15,922.2222222222222,,
1984-06-18,921.0101010101009,,
1984-06-19,920.6060606060607,,
1984-06-20,920.2020202020201,,
1984-06-21,919.7979797979798,,
1984-06-22,919.3939393939394,,
1984-06-25,918.1818181818181,,
1984-06-26,917.7777777777777,,
1984-06-27,917.3737373737374,,
1984-06-28,916.9696969696968,,
1984-06-29,916.5656565656566,,
1984-07-02,918.3577712609971,,
1984-07-03,920.9579667644183,,
1984-07-04,923.5581622678396,,
1984-07-05,926.158357771261,,
1984-07-06,928.7585532746823,,
1984-07-09,936.5591397849462,,
1984-07-10,939.1593352883676,,
1984-07-11,941.7595307917887,,
1984-07-12,944.3597262952102,,
1984-07-13,946.9599217986314,,
1984-07-16,954.7605083088954,,
1984-07-17,957.3607038123167,,
1984-07-18,959.9608993157381,,
1984-07-19,962.5610948191593,,
1984-07-20,965.1612903225807,,
1984-07-23,972.9618768328445,,
1984-07-24,975.5620723362659,,
1984-07-25,978.1622678396872,,
1984-07-26,980.7624633431086,,
1984-07-27,983.3626588465298,,
1984-07-30,991.1632453567938,,
1984-07-31,993.763440860215,,
1984-08-01,996.3636363636365,,
1984-08-02,996.6959921798633,,
1984-08-03,997.0283479960898,,
1984-08-06,998.0254154447703,,
1984-08-07,998.357771260997,,
1984-08-08,998.6901270772238,,
1984-08-09,999.0224828934506,,
1984-08-10,999.3548387096774,,
1984-08-13,1000.3519061583578,,
1984-08-14,1000.6842619745846,,
1984-08-15,1001.0166177908113,,
1984-08-16,1001.3489736070381,,
1984-08-17,1001.681329423265,,
1984-08-20,1002.6783968719453,,
1984-08-21,1003.0107526881721,,
1984-08-22,1003.3431085043989,,
1984-08-23,1003.6754643206255,,
1984-08-24,1004.0078201368523,,
1984-08-27,1005.0048875855326,,
1984-08-28,1005.3372434017595,,
1984-08-29,1005.6695992179863,,
1984-08-30,1006.0019550342131,,
1984-08-31,1006.3343108504398,,
1984-09-03,1006.7064083457526,,
1984-09-04,1006.7262791852957,,
1984-09-05,1006.7461500248385,,
1984-09-06,1006.7660208643815,,
1984-09-07,1006.7858917039243,,
1984-09-10,1006.8455042225534,,
1984-09-11,1006.8653750620964,,
1984-09-12,1006.8852459016392,,
1984-09-13,1006.9051167411823,,
1984-09-14,1006.9249875807252,,
1984-09-17,1006.9846000993541,,
1984-09-18,1007.0044709388972,,
1984-09-19,1007.0243417784401,,
1984-09-20,1007.0442126179831,,
1984-09-21,1007.064083457526,,
1984-09-24,1007.123695976155,,
1984-09-25,1007.143566815698,,
1984-09-26,1007.1634376552408,,
1984-09-27,1007.1833084947839,,
1984-09-28,1007.2031793343267,,
1984-10-01,1007.2627918529557,,
1984-10-02,1007.2826626924988,,
1984-10-03,1007.3025335320416,,
1984-10-04,1007.3224043715846,,
1984-10-05,1007.3422752111277,,
1984-10-08,1007.4018877297565,,
1984-10-09,1007.4217585692995,,
1984-10-10,1007.4416294088425,,
1984-10-11,1007.4615002483855,,
1984-10-12,1007.4813710879286,,
1984-10-15,1007.5409836065575,,
1984-10-16,1007.5608544461005,,
1984-10-17,1007.5807252856433,,
1984-10-18,1007.6005961251864,,
1984-10-19,1007.6204669647294,,
1984-10-22,1007.6800794833582,,
1984-10-23,1007.6999503229013,,
1984-10-24,1007.7198211624442,,
1984-10-25,1007.7396920019872,,
1984-10-26,1007.7595628415303,,
1984-10-29,1007.8191753601591,,
1984-10-30,1007.8390461997021,,
1984-10-31,1007.858917039245,,
1984-11-01,1007.878787878788,,
1984-11-02,1007.5151515151516,,
1984-11-05,1006.4242424242425,,
1984-11-06,1006.060606060606,,
1984-11-07,1005.6969696969696,,
1984-11-08,1005.3333333333333,,
1984-11-09,1004.9696969696971,,
1984-11-12,1003.8787878787879,,
1984-11-13,1003.5151515151515,,
1984-11-14,1003.1515151515151,,
1984-11-15,1002.7878787878789,,
1984-11-16,1002.4242424242425,,
1984-11-19,1001.3333333333334,,
1984-11-20,1000.969696969697,,
1984-11-21,1000.6060606060606,,
1984-11-22,1000.2424242424242,,
1984-11-23,999.8787878787878,,
1984-11-26,998.7878787878789,,
1984-11-27,998.4242424242425,,
1984-11-28,998.060606060606,,
1984-11-29,997.6969696969696,,
1984-11-30,997.3333333333333,,
1984-12-03,999.7458455522972,,
1984-12-04,1001.1339198435973,,
1984-12-05,1002.5219941348973,,
1984-12-06,1003.9100684261974,,
1984-12-07,1005.2981427174975,,
1984-12-10,1009.4623655913978,,
1984-12-11,1010.8504398826979,,
1984-12-12,1012.238514173998,,
1984-12-13,1013.6265884652981,,
1984-12-14,1015.0146627565982,,
1984-12-17,1019.1788856304985,,
1984-12-18,1020.5669599217986,,
1984-12-19,1021.9550342130987,,
1984-12-20,1023.3431085043987,,
1984-12-21,1024.7311827956987,,
1984-12-24,1028.895405669599,,
1984-12-25,1030.2834799608993,,
1984-12-26,1031.6715542521995,,
1984-12-27,1033.0596285434995,,
1984-12-28,1034.4477028347997,,
1984-12-31,1038.6119257087,,
1985-01-01,1040.0,,
1985-01-02,1041.8181818181818,,
1985-01-03,1043.6363636363635,,
1985-01-04,1045.4545454545455,,
1985-01-07,1050.909090909091,,
1985-01-08,1052.7272727272727,,
1985-01-09,1054.5454545454545,,
1985-01-10,1056.3636363636365,,
1985-01-11,1058.1818181818182,,
1985-01-14,1063.6363636363637,,
1985-01-15,1065.4545454545455,,
1985-01-16,1067.2727272727273,,
1985-01-17,1069.0909090909092,,
1985-01-18,1070.909090909091,,
1985-01-21,1076.3636363636363,,
1985-01-22,1078.181818181818,,
1985-01-23,1080.0,,
1985-01-24,1081.8181818181818,,
1985-01-25,1083.6363636363637,,
1985-01-28,1089.0909090909092,,
1985-01-29,1090.9090909090908,,
1985-01-30,1092.7272727272727,,
1985-01-31,1094.5454545454545,,
1985-02-01,1096.3636363636365,,
1985-02-04,1095.3896103896104,,
1985-02-05,1095.064935064935,,
1985-02-06,1094.74025974026,,
1985-02-07,1094.4155844155844,,
1985-02-08,1094.0909090909092,,
1985-02-11,1093.1168831168834,,
1985-02-12,1092.7922077922078,,
1985-02-13,1092.4675324675325,,
1985-02-14,1092.142857142857,,
1985-02-15,1091.8181818181818,,
1985-02-18,1090.844155844156,,
1985-02-19,1090.5194805194806,,
1985-02-20,1090.1948051948052,,
1985-02-21,1089.8701298701299,,
1985-02-22,1089.5454545454547,,
1985-02-25,1088.5714285714287,,
1985-02-26,1088.246753246753,,
1985-02-27,1087.922077922078,,
1985-02-28,1087.5974025974026,,
1985-03-01,1087.2727272727273,,
1985-03-04,1087.9765395894428,,
1985-03-05,1088.2111436950147,,
1985-03-06,1088.4457478005866,,
1985-03-07,1088.6803519061584,,
1985-03-08,1088.9149560117303,,
1985-03-11,1089.6187683284459,,
1985-03-12,1089.8533724340175,,
1985-03-13,1090.0879765395896,,
1985-03-14,1090.3225806451615,,
1985-03-15,1090.557184750733,,
1985-03-18,1091.2609970674487,,
1985-03-19,1091.4956011730205,,
1985-03-20,1091.7302052785922,,
1985-03-21,1091.9648093841643,,
1985-03-22,1092.1994134897361,,
1985-03-25,1092.9032258064515,,
1985-03-26,1093.1378299120236,,
1985-03-27,1093.3724340175952,,
1985-03-28,1093.607038123167,,
1985-03-29,1093.841642228739,,
1985-04-01,1094.5454545454545,,
1985-04-02,1095.4141414141413,,
1985-04-03,1096.2828282828282,,
1985-04-04,1097.151515151515,,
1985-04-05,1098.020202020202,,
1985-04-08,1100.6262626262626,,
1985-04-09,1101.4949494949494,,
1985-04-10,1102.3636363636363,,
1985-04-11,1103.2323232323233,,
1985-04-12,1104.1010101010102,,
1985-04-15,1106.7070707070707,,
1985-04-16,1107.5757575757575,,
1985-04-17,1108.4444444444446,,
1985-04-18,1109.3131313131312,,
1985-04-19,1110.1818181818182,,
1985-04-22,1112.787878787879,,
1985-04-23,1113.6565656565656,,
1985-04-24,1114.5252525252524,,
1985-04-25,1115.3939393939395,,
1985-04-26,1116.2626262626263,,
1985-04-29,1118.8686868686868,,
1985-04-30,1119.7373737373737,,
1985-05-01,1120.6060606060607,,
1985-05-02,1121.3880742913002,,
1985-05-03,1122.1700879765394,,
1985-05-06,1124.516129032258,,
1985-05-07,1125.2981427174977,,
1985-05-08,1126.0801564027372,,
1985-05-09,1126.8621700879767,,
1985-05-10,1127.6441837732161,,
1985-05-13,1129.9902248289345,,
1985-05-14,1130.772238514174,,
1985-05-15,1131.5542521994137,,
1985-05-16,1132.3362658846531,,
1985-05-17,1133.1182795698926,,
1985-05-20,1135.4643206256108,,
1985-05-21,1136.2463343108504,,
1985-05-22,1137.02834799609,,
1985-05-23,1137.8103616813296,,
1985-05-24,1138.592375366569,,
1985-05-27,1140.9384164222872,,
1985-05-28,1141.7204301075267,,
1985-05-29,1142.5024437927664,,
1985-05-30,1143.2844574780058,,
1985-05-31,1144.0664711632455,,
1985-06-03,1146.3030303030305,,
1985-06-04,1147.030303030303,,
1985-06-05,1147.7575757575758,,
1985-06-06,1148.4848484848485,,
1985-06-07,1149.2121212121212,,
1985-06-10,1151.3939393939393,,
1985-06-11,1152.1212121212122,,
1985-06-12,1152.848484848485,,
1985-06-13,1153.5757575757575,,
1985-06-14,1154.3030303030303,,
1985-06-17,1156.4848484848485,,
1985-06-18,1157.2121212121212,,
1985-06-19,1157.939393939394,,
1985-06-20,1158.6666666666667,,
1985-06-21,1159.3939393939395,,
1985-06-24,1161.5757575757575,,
1985-06-25,1162.3030303030303,,
1985-06-26,1163.030303030303,,
1985-06-27,1163.7575757575758,,
1985-06-28,1164.4848484848485,,
1985-07-01,1166.6666666666665,,
1985-07-02,1165.845552297165,,
1985-07-03,1165.0244379276637,,
1985-07-04,1164.2033235581623,,
1985-07-05,1163.382209188661,,
1985-07-08,1160.9188660801565,,
1985-07-09,1160.0977517106548,,
1985-07-10,1159.2766373411537,,
1985-07-11,1158.455522971652,,
1985-07-12,1157.6344086021504,,
1985-07-15,1155.171065493646,,
1985-07-16,1154.3499511241446,,
1985-07-17,1153.5288367546432,,
1985-07-18,1152.707722385142,,
1985-07-19,1151.8866080156404,,
1985-07-22,1149.423264907136,,
1985-07-23,1148.6021505376345,,
1985-07-24,1147.781036168133,,
1985-07-25,1146.9599217986315,,
1985-07-26,1146.13880742913,,
1985-07-29,1143.6754643206257,,
1985-07-30,1142.8543499511243,,
1985-07-31,1142.0332355816226,,
1985-08-01,1141.2121212121212,,
1985-08-02,1140.3910068426198,,
1985-08-05,1137.9276637341154,,
1985-08-06,1137.1065493646138,,
1985-08-07,1136.2854349951124,,
1985-08-08,1135.464320625611,,
1985-08-09,1134.6432062561094,,
1985-08-12,1132.1798631476051,,
1985-08-13,1131.3587487781037,,
1985-08-14,1130.5376344086021,,
1985-08-15,1129.7165200391007,,
1985-08-16,1128.8954056695993,,
1985-08-19,1126.4320625610949,,
1985-08-20,1125.6109481915933,,
1985-08-21,1124.7898338220919,,
1985-08-22,1123.9687194525904,,
1985-08-23,1123.1476050830888,,
1985-08-26,1120.6842619745846,,
1985-08-27,1119.8631476050832,,
1985-08-28,1119.0420332355816,,
1985-08-29,1118.2209188660802,,
1985-08-30,1117.3998044965788,,
1985-09-02,1117.0889220069548,,
1985-09-03,1118.4202682563339,,
1985-09-04,1119.7516145057127,,
1985-09-05,1121.0829607550918,,
1985-09-06,1122.4143070044709,,
1985-09-09,1126.408345752608,,
1985-09-10,1127.739692001987,,
1985-09-11,1129.071038251366,,
1985-09-12,1130.4023845007453,,
1985-09-13,1131.733730750124,,
1985-09-16,1135.7277694982613,,
1985-09-17,1137.0591157476404,,
1985-09-18,1138.3904619970194,,
1985-09-19,1139.7218082463983,,
1985-09-20,1141.0531544957773,,
1985-09-23,1145.0471932439145,,
1985-09-24,1146.3785394932936,,
1985-09-25,1147.7098857426727,,
1985-09-26,1149.0412319920517,,
1985-09-27,1150.3725782414308,,
1985-09-30,1154.3666169895678,,
1985-10-01,1155.6979632389468,,
1985-10-02,1157.029309488326,,
1985-10-03,1158.360655737705,,
1985-10-04,1159.692001987084,,
1985-10-07,1163.686040735221,,
1985-10-08,1165.0173869846,,
1985-10-09,1166.3487332339791,,
1985-10-10,1167.6800794833582,,
1985-10-11,1169.011425732737,,
1985-10-14,1173.0054644808745,,
1985-10-15,1174.3368107302533,,
1985-10-16,1175.6681569796322,,
1985-10-17,1176.9995032290115,,
1985-10-18,1178.3308494783905,,
1985-10-21,1182.3248882265275,,
1985-10-22,1183.6562344759066,,
1985-10-23,1184.9875807252856,,
1985-10-24,1186.3189269746647,,
1985-10-25,1187.6502732240435,,
1985-10-28,1191.644311972181,,
1985-10-29,1192.97565822156,,
1985-10-30,1194.3070044709389,,
1985-10-31,1195.638350720318,,
1985-11-01,1196.969696969697,,
1985-11-04,1202.909090909091,,
1985-11-05,1204.888888888889,,
1985-11-06,1206.8686868686868,,
1985-11-07,1208.848484848485,,
1985-11-08,1210.828282828283,,
1985-11-11,1216.767676767677,,
1985-11-12,1218.7474747474746,,
1985-11-13,1220.727272727273,,
1985-11-14,1222.7070707070707,,
1985-11-15,1224.6868686868688,,
1985-11-18,1230.6262626262626,,
1985-11-19,1232.6060606060605,,
1985-11-20,1234.5858585858587,,
1985-11-21,1236.5656565656564,,
1985-11-22,1238.5454545454547,,
1985-11-25,1244.4848484848485,,
1985-11-26,1246.4646464646466,,
1985-11-27,1248.4444444444446,,
1985-11-28,1250.4242424242425,,
1985-11-29,1252.4040404040404,,
1985-12-02,1262.2482893450635,,
1985-12-03,1268.1329423264908,,
1985-12-04,1274.0175953079179,,
1985-12-05,1279.9022482893452,,
1985-12-06,1285.7869012707722,,
1985-12-09,1303.4408602150538,,
1985-12-10,1309.325513196481,,
1985-12-11,1315.2101661779084,,
1985-12-12,1321.0948191593354,,
1985-12-13,1326.9794721407627,,
1985-12-16,1344.633431085044,,
1985-12-17,1350.5180840664711,,
1985-12-18,1356.4027370478984,,
1985-12-19,1362.2873900293255,,
1985-12-20,1368.1720430107528,,
1985-12-23,1385.8260019550341,,
1985-12-24,1391.7106549364612,,
1985-12-25,1397.5953079178887,,
1985-12-26,1403.4799608993158,,
1985-12-27,1409.364613880743,,
1985-12-30,1427.0185728250246,,
1985-12-31,1432.9032258064517,,
1986-01-01,1438.7878787878788,,
1986-01-02,1435.268817204301,,
1986-01-03,1431.7497556207234,,
1986-01-06,1421.1925708699903,,
1986-01-07,1417.6735092864126,,
1986-01-08,1414.154447702835,,
1986-01-09,1410.635386119257,,
1986-01-10,1407.1163245356795,,
1986-01-13,1396.5591397849464,,
1986-01-14,1393.0400782013685,,
1986-01-15,1389.521016617791,,
1986-01-16,1386.001955034213,,
1986-01-17,1382.4828934506354,,
1986-01-20,1371.9257086999023,,
1986-01-21,1368.4066471163244,,
1986-01-22,1364.887585532747,,
1986-01-23,1361.368523949169,,
1986-01-24,1357.8494623655915,,
1986-01-27,1347.2922776148582,,
1986-01-28,1343.7732160312805,,
1986-01-29,1340.254154447703,,
1986-01-30,1336.7350928641251,,
1986-01-31,1333.2160312805477,,
1986-02-03,1335.2813852813852,,
1986-02-04,1338.0735930735932,,
1986-02-05,1340.865800865801,,
1986-02-06,1343.6580086580086,,
1986-02-07,1346.4502164502164,,
1986-02-10,1354.82683982684,,
1986-02-11,1357.6190476190477,,
1986-02-12,1360.4112554112555,,
1986-02-13,1363.2034632034633,,
1986-02-14,1365.9956709956712,,
1986-02-17,1374.3722943722944,,
1986-02-18,1377.1645021645022,,
1986-02-19,1379.9567099567098,,
1986-02-20,1382.7489177489178,,
1986-02-21,1385.5411255411257,,
1986-02-24,1393.9177489177491,,
1986-02-25,1396.7099567099567,,
1986-02-26,1399.5021645021645,,
1986-02-27,1402.2943722943724,,
1986-02-28,1405.0865800865802,,
1986-03-03,1410.1075268817206,,
1986-03-04,1411.2218963831867,,
1986-03-05,1412.336265884653,,
1986-03-06,1413.4506353861193,,
1986-03-07,1414.5650048875857,,
1986-03-10,1417.9081133919844,,
1986-03-11,1419.0224828934508,,
1986-03-12,1420.136852394917,,
1986-03-13,1421.2512218963832,,
1986-03-14,1422.3655913978494,,
1986-03-17,1425.7086999022483,,
1986-03-18,1426.8230694037147,,
1986-03-19,1427.937438905181,,
1986-03-20,1429.051808406647,,
1986-03-21,1430.1661779081132,,
1986-03-24,1433.5092864125122,,
1986-03-25,1434.6236559139784,,
1986-03-26,1435.7380254154448,,
1986-03-27,1436.8523949169112,,
1986-03-28,1437.9667644183774,,
1986-03-31,1441.309872922776,,
1986-04-01,1442.4242424242425,,
1986-04-02,1442.5252525252527,,
1986-04-03,1442.6262626262628,,
1986-04-04,1442.7272727272727,,
1986-04-07,1443.030303030303,,
1986-04-08,1443.1313131313132,,
1986-04-09,1443.232323232323,,
1986-04-10,1443.3333333333333,,
1986-04-11,1443.4343434343434,,
1986-04-14,1443.737373737374,,
1986-04-15,1443.8383838383836,,
1986-04-16,1443.939393939394,,
1986-04-17,1444.0404040404042,,
1986-04-18,1444.141414141414,,
1986-04-21,1444.4444444444446,,
1986-04-22,1444.5454545454545,,
1986-04-23,1444.6464646464647,,
1986-04-24,1444.7474747474746,,
1986-04-25,1444.848484848485,,
1986-04-28,1445.151515151515,,
1986-04-29,1445.2525252525252,,
1986-04-30,1445.3535353535353,,
1986-05-01,1445.4545454545455,,
1986-05-02,1446.7839687194528,,
1986-05-05,1450.772238514174,,
1986-05-06,1452.1016617790813,,
1986-05-07,1453.431085043988,,
1986-05-08,1454.7605083088954,,
1986-05-09,1456.0899315738025,,
1986-05-12,1460.0782013685239,,
1986-05-13,1461.407624633431,,
1986-05-14,1462.7370478983382,,
1986-05-15,1464.0664711632453,,
1986-05-16,1465.3958944281526,,
1986-05-19,1469.384164222874,,
1986-05-20,1470.7135874877813,,
1986-05-21,1472.0430107526881,,
1986-05-22,1473.3724340175954,,
1986-05-23,1474.7018572825025,,
1986-05-26,1478.690127077224,,
1986-05-27,1480.019550342131,,
1986-05-28,1481.3489736070383,,
1986-05-29,1482.6783968719453,,
1986-05-30,1484.0078201368526,,
1986-06-02,1485.6363636363637,,
1986-06-03,1484.6060606060605,,
1986-06-04,1483.5757575757577,,
1986-06-05,1482.5454545454545,,
1986-06-06,1481.5151515151517,,
1986-06-09,1478.4242424242423,,
1986-06-10,1477.3939393939395,,
1986-06-11,1476.3636363636363,,
1986-06-12,1475.3333333333335,,
1986-06-13,1474.3030303030303,,
1986-06-16,1471.2121212121212,,
1986-06-17,1470.1818181818182,,
1986-06-18,1469.1515151515152,,
1986-06-19,1468.1212121212122,,
1986-06-20,1467.090909090909,,
1986-06-23,1464.0,,
1986-06-24,1462.969696969697,,
1986-06-25,1461.939393939394,,
1986-06-26,1460.9090909090908,,
1986-06-27,1459.8787878787878,,
1986-06-30,1456.7878787878788,,
1986-07-01,1455.7575757575758,,
1986-07-02,1456.6959921798632,,
1986-07-03,1457.6344086021504,,
1986-07-04,1458.5728250244379,,
1986-07-07,1461.3880742913,,
1986-07-08,1462.3264907135874,,
1986-07-09,1463.2649071358749,,
1986-07-10,1464.2033235581623,,
1986-07-11,1465.1417399804498,,
1986-07-14,1467.9569892473119,,
1986-07-15,1468.8954056695993,,
1986-07-16,1469.8338220918868,,
1986-07-17,1470.772238514174,,
1986-07-18,1471.7106549364614,,
1986-07-21,1474.5259042033235,,
1986-07-22,1475.464320625611,,
1986-07-23,1476.4027370478982,,
1986-07-24,1477.3411534701856,,
1986-07-25,1478.2795698924729,,
1986-07-28,1481.0948191593352,,
1986-07-29,1482.0332355816226,,
1986-07-30,1482.97165200391,,
1986-07-31,1483.9100684261975,,
1986-08-01,1484.8484848484848,,
1986-08-04,1480.9188660801562,,
1986-08-05,1479.6089931573802,,
1986-08-06,1478.2991202346038,,
1986-08-07,1476.9892473118282,,
1986-08-08,1475.6793743890519,,
1986-08-11,1471.7497556207236,,
1986-08-12,1470.4398826979473,,
1986-08-13,1469.1300097751712,,
1986-08-14,1467.8201368523949,,
1986-08-15,1466.5102639296188,,
1986-08-18,1462.5806451612905,,
1986-08-19,1461.2707722385142,,
1986-08-20,1459.960899315738,,
1986-08-21,1458.651026392962,,
1986-08-22,1457.3411534701859,,
1986-08-25,1453.4115347018571,,
1986-08-26,1452.1016617790813,,
1986-08-27,1450.7917888563052,,
1986-08-28,1449.4819159335289,,
1986-08-29,1448.1720430107528,,
1986-09-01,1444.2424242424242,,
1986-09-02,1444.9180327868853,,
1986-09-03,1445.5936413313464,,
1986-09-04,1446.2692498758072,,
1986-09-05,1446.9448584202685,,
1986-09-08,1448.9716840536512,,
1986-09-09,1449.6472925981125,,
1986-09-10,1450.3229011425733,,
1986-09-11,1450.9985096870344,,
1986-09-12,1451.6741182314954,,
1986-09-15,1453.7009438648784,,
1986-09-16,1454.3765524093394,,
1986-09-17,1455.0521609538005,,
1986-09-18,1455.7277694982615,,
1986-09-19,1456.4033780427224,,
1986-09-22,1458.4302036761053,,
1986-09-23,1459.1058122205663,,
1986-09-24,1459.7814207650274,,
1986-09-25,1460.4570293094885,,
1986-09-26,1461.1326378539493,,
1986-09-29,1463.1594634873322,,
1986-09-30,1463.8350720317935,,
1986-10-01,1464.5106805762543,,
1986-10-02,1465.1862891207154,,
1986-10-03,1465.8618976651762,,
1986-10-06,1467.8887232985594,,
1986-10-07,1468.5643318430205,,
1986-10-08,1469.2399403874815,,
1986-10-09,1469.9155489319423,,
1986-10-10,1470.5911574764032,,
1986-10-13,1472.6179831097863,,
1986-10-14,1473.2935916542474,,
1986-10-15,1473.9692001987084,,
1986-10-16,1474.6448087431693,,
1986-10-17,1475.3204172876306,,
1986-10-20,1477.3472429210135,,
1986-10-21,1478.0228514654743,,
1986-10-22,1478.6984600099354,,
1986-10-23,1479.3740685543964,,
1986-10-24,1480.0496770988575,,
1986-10-27,1482.0765027322404,,
1986-10-28,1482.7521112767015,,
1986-10-29,1483.4277198211626,,
1986-10-30,1484.1033283656234,,
1986-10-31,1484.7789369100844,,
1986-11-03,1486.8686868686866,,
1986-11-04,1487.5757575757575,,
1986-11-05,1488.2828282828284,,
1986-11-06,1488.989898989899,,
1986-11-07,1489.6969696969697,,
1986-11-10,1491.8181818181818,,
1986-11-11,1492.5252525252524,,
1986-11-12,1493.232323232323,,
1986-11-13,1493.939393939394,,
1986-11-14,1494.6464646464647,,
1986-11-17,1496.7676767676767,,
1986-11-18,1497.4747474747473,,
1986-11-19,1498.181818181818,,
1986-11-20,1498.888888888889,,
1986-11-21,1499.5959595959596,,
1986-11-24,1501.7171717171716,,
1986-11-25,1502.4242424242425,,
1986-11-26,1503.131313131313,,
1986-11-27,1503.8383838383838,,
1986-11-28,1504.5454545454545,,
1986-12-01,1506.6666666666667,,
1986-12-02,1512.8445747800588,,
1986-12-03,1519.0224828934506,,
1986-12-04,1525.2003910068427,,
1986-12-05,1531.3782991202345,,
1986-12-08,1549.9120234604104,,
1986-12-09,1556.0899315738025,,
1986-12-10,1562.2678396871943,,
1986-12-11,1568.4457478005866,,
1986-12-12,1574.6236559139784,,
1986-12-15,1593.1573802541545,,
1986-12-16,1599.3352883675464,,
1986-12-17,1605.5131964809384,,
1986-12-18,1611.6911045943305,,
1986-12-19,1617.8690127077225,,
1986-12-22,1636.4027370478982,,
1986-12-23,1642.5806451612902,,
1986-12-24,1648.7585532746823,,
1986-12-25,1654.9364613880743,,
1986-12-26,1661.1143695014662,,
1986-12-29,1679.6480938416423,,
1986-12-30,1685.826001955034,,
1986-12-31,1692.0039100684264,,
1987-01-01,1698.181818181818,,
1987-01-02,1698.3186705767348,,
1987-01-05,1698.7292277614856,,
1987-01-06,1698.8660801564026,,
1987-01-07,1699.0029325513194,,
1987-01-08,1699.1397849462362,,
1987-01-09,1699.2766373411534,,
1987-01-12,1699.687194525904,,
1987-01-13,1699.8240469208208,,
1987-01-14,1699.960899315738,,
1987-01-15,1700.0977517106548,,
1987-01-16,1700.2346041055716,,
1987-01-19,1700.6451612903224,,
1987-01-20,1700.7820136852395,,
1987-01-21,1700.9188660801562,,
1987-01-22,1701.055718475073,,
1987-01-23,1701.1925708699903,,
1987-01-26,1701.6031280547409,,
1987-01-27,1701.7399804496577,,
1987-01-28,1701.876832844575,,
1987-01-29,1702.0136852394917,,
1987-01-30,1702.1505376344085,,
1987-02-02,1704.9350649350647,,
1987-02-03,1707.4458874458874,,
1987-02-04,1709.9567099567096,,
1987-02-05,1712.4675324675322,,
1987-02-06,1714.9783549783547,,
1987-02-09,1722.5108225108227,,
1987-02-10,1725.0216450216449,,
1987-02-11,1727.5324675324675,,
1987-02-12,1730.04329004329,,
1987-02-13,1732.5541125541126,,
1987-02-16,1740.0865800865802,,
1987-02-17,1742.5974025974024,,
1987-02-18,1745.108225108225,,
1987-02-19,1747.6190476190475,,
1987-02-20,1750.1298701298701,,
1987-02-23,1757.6623376623377,,
1987-02-24,1760.1731601731603,,
1987-02-25,1762.6839826839828,,
1987-02-26,1765.1948051948054,,
1987-02-27,1767.7056277056276,,
1987-03-02,1772.101661779081,,
1987-03-03,1771.4760508308896,,
1987-03-04,1770.8504398826979,,
1987-03-05,1770.2248289345061,,
1987-03-06,1769.5992179863147,,
1987-03-09,1767.7223851417402,,
1987-03-10,1767.0967741935485,,
1987-03-11,1766.471163245357,,
1987-03-12,1765.8455522971653,,
1987-03-13,1765.2199413489736,,
1987-03-16,1763.3431085043987,,
1987-03-17,1762.7174975562075,,
1987-03-18,1762.0918866080156,,
1987-03-19,1761.4662756598239,,
1987-03-20,1760.8406647116326,,
1987-03-23,1758.9638318670577,,
1987-03-24,1758.338220918866,,
1987-03-25,1757.7126099706745,,
1987-03-26,1757.0869990224828,,
1987-03-27,1756.461388074291,,
1987-03-30,1754.5845552297167,,
1987-03-31,1753.9589442815252,,
1987-04-01,1753.3333333333335,,
1987-04-02,1753.2929292929293,,
1987-04-03,1753.2525252525254,,
1987-04-06,1753.131313131313,,
1987-04-07,1753.090909090909,,
1987-04-08,1753.0505050505049,,
1987-04-09,1753.010101010101,,
1987-04-10,1752.969696969697,,
1987-04-13,1752.848484848485,,
1987-04-14,1752.8080808080808,,
1987-04-15,1752.767676767677,,
1987-04-16,1752.7272727272727,,
1987-04-17,1752.6868686868686,,
1987-04-20,1752.5656565656566,,
1987-04-21,1752.5252525252527,,
1987-04-22,1752.4848484848487,,
1987-04-23,1752.4444444444446,,
1987-04-24,1752.4040404040406,,
1987-04-27,1752.2828282828282,,
1987-04-28,1752.2424242424242,,
1987-04-29,1752.20202020202,,
1987-04-30,1752.1616161616162,,
1987-05-01,1752.1212121212122,,
1987-05-04,1759.3352883675466,,
1987-05-05,1761.7399804496579,,
1987-05-06,1764.1446725317696,,
1987-05-07,1766.549364613881,,
1987-05-08,1768.954056695992,,
1987-05-11,1776.1681329423266,,
1987-05-12,1778.5728250244383,,
1987-05-13,1780.9775171065496,,
1987-05-14,1783.3822091886607,,
1987-05-15,1785.7869012707724,,
1987-05-18,1793.0009775171065,,
1987-05-19,1795.4056695992178,,
1987-05-20,1797.8103616813294,,
1987-05-21,1800.2150537634407,,
1987-05-22,1802.6197458455524,,
1987-05-25,1809.8338220918865,,
1987-05-26,1812.2385141739978,,
1987-05-27,1814.6432062561094,,
1987-05-28,1817.047898338221,,
1987-05-29,1819.4525904203322,,
1987-06-01,1826.6666666666665,,
1987-06-02,1828.4242424242425,,
1987-06-03,1830.181818181818,,
1987-06-04,1831.9393939393938,,
1987-06-05,1833.6969696969695,,
1987-06-08,1838.969696969697,,
1987-06-09,1840.7272727272725,,
1987-06-10,1842.4848484848485,,
1987-06-11,1844.2424242424242,,
1987-06-12,1845.9999999999998,,
1987-06-15,1851.2727272727273,,
1987-06-16,1853.030303030303,,
1987-06-17,1854.787878787879,,
1987-06-18,1856.5454545454543,,
1987-06-19,1858.3030303030303,,
1987-06-22,1863.5757575757577,,
1987-06-23,1865.3333333333335,,
1987-06-24,1867.0909090909092,,
1987-06-25,1868.8484848484848,,
1987-06-26,1870.6060606060607,,
1987-06-29,1875.8787878787882,,
1987-06-30,1877.6363636363637,,
1987-07-01,1879.3939393939397,,
1987-07-02,1883.16715542522,,
1987-07-03,1886.9403714565005,,
1987-07-06,1898.2600195503423,,
1987-07-07,1902.0332355816229,,
1987-07-08,1905.8064516129036,,
1987-07-09,1909.5796676441837,,
1987-07-10,1913.3528836754642,,
1987-07-13,1924.6725317693058,,
1987-07-14,1928.4457478005866,,
1987-07-15,1932.2189638318669,,
1987-07-16,1935.9921798631476,,
1987-07-17,1939.7653958944281,,
1987-07-20,1951.08504398827,,
1987-07-21,1954.8582600195505,,
1987-07-22,1958.6314760508308,,
1987-07-23,1962.4046920821115,,
1987-07-24,1966.1779081133923,,
1987-07-27,1977.4975562072334,,
1987-07-28,1981.2707722385142,,
1987-07-29,1985.0439882697945,,
1987-07-30,1988.8172043010752,,
1987-07-31,1992.5904203323557,,
1987-08-03,1992.1798631476051,,
1987-08-04,1990.0879765395891,,
1987-08-05,1987.9960899315738,,
1987-08-06,1985.9042033235578,,
1987-08-07,1983.8123167155422,,
1987-08-10,1977.5366568914953,,
1987-08-11,1975.44477028348,,
1987-08-12,1973.352883675464,,
1987-08-13,1971.2609970674484,,
1987-08-14,1969.1691104594327,,
1987-08-17,1962.8934506353862,,
1987-08-18,1960.8015640273702,,
1987-08-19,1958.7096774193546,,
1987-08-20,1956.6177908113389,,
1987-08-21,1954.5259042033238,,
1987-08-24,1948.2502443792764,,
1987-08-25,1946.1583577712609,,
1987-08-26,1944.066471163245,,
1987-08-27,1941.97458455523,,
1987-08-28,1939.882697947214,,
1987-08-31,1933.607038123167,,
1987-09-01,1931.5151515151513,,
1987-09-02,1924.1927471435665,,
1987-09-03,1916.870342771982,,
1987-09-04,1909.5479384003972,,
1987-09-07,1887.5807252856432,,
1987-09-08,1880.2583209140587,,
1987-09-09,1872.935916542474,,
1987-09-10,1865.6135121708892,,
1987-09-11,1858.2911077993047,,
1987-09-14,1836.3238946845502,,
1987-09-15,1829.0014903129656,,
1987-09-16,1821.679085941381,,
1987-09-17,1814.3566815697966,,
1987-09-18,1807.0342771982116,,
1987-09-21,1785.0670640834576,,
1987-09-22,1777.7446597118728,,
1987-09-23,1770.4222553402878,,
1987-09-24,1763.0998509687033,,
1987-09-25,1755.7774465971186,,
1987-09-28,1733.8102334823645,,
1987-09-29,1726.4878291107798,,
1987-09-30,1719.1654247391953,,
1987-10-01,1711.8430203676105,,
1987-10-02,1704.5206159960258,,
1987-10-05,1682.5534028812715,,
1987-10-06,1675.2309985096867,,
1987-10-07,1667.9085941381024,,
1987-10-08,1660.586189766518,,
1987-10-09,1653.263785394933,,
1987-10-12,1631.296572280179,,
1987-10-13,1623.9741679085942,,
1987-10-14,1616.6517635370094,,
1987-10-15,1609.3293591654244,,
1987-10-16,1602.00695479384,,
1987-10-19,1580.039741679086,,
1987-10-20,1572.7173373075013,,
1987-10-21,1565.3949329359166,,
1987-10-22,1558.0725285643318,,
1987-10-23,1550.750124192747,,
1987-10-26,1528.782911077993,,
1987-10-27,1521.4605067064083,,
1987-10-28,1514.1381023348235,,
1987-10-29,1506.815697963239,,
1987-10-30,1499.4932935916543,,
1987-11-02,1484.0404040404042,,
1987-11-03,1483.232323232323,,
1987-11-04,1482.4242424242425,,
1987-11-05,1481.6161616161617,,
1987-11-06,1480.8080808080808,,
1987-11-09,1478.3838383838383,,
1987-11-10,1477.5757575757577,,
1987-11-11,1476.7676767676767,,
1987-11-12,1475.9595959595958,,
1987-11-13,1475.1515151515152,,
1987-11-16,1472.7272727272727,,
1987-11-17,1471.919191919192,,
1987-11-18,1471.111111111111,,
1987-11-19,1470.3030303030303,,
1987-11-20,1469.4949494949497,,
1987-11-23,1467.0707070707072,,
1987-11-24,1466.2626262626263,,
1987-11-25,1465.4545454545455,,
1987-11-26,1464.6464646464644,,
1987-11-27,1463.8383838383838,,
1987-11-30,1461.4141414141413,,
1987-12-01,1460.6060606060605,,
1987-12-02,1467.72238514174,,
1987-12-03,1474.8387096774193,,
1987-12-04,1481.9550342130988,,
1987-12-07,1503.3040078201366,,
1987-12-08,1510.420332355816,,
1987-12-09,1517.5366568914956,,
1987-12-10,1524.6529814271748,,
1987-12-11,1531.7693059628543,,
1987-12-14,1553.1182795698924,,
1987-12-15,1560.2346041055719,,
1987-12-16,1567.3509286412514,,
1987-12-17,1574.4672531769304,,
1987-12-18,1581.58357771261,,
1987-12-21,1602.932551319648,,
1987-12-22,1610.0488758553272,,
1987-12-23,1617.165200391007,,
1987-12-24,1624.2815249266862,,
1987-12-25,1631.3978494623655,,
1987-12-28,1652.7468230694037,,
1987-12-29,1659.863147605083,,
1987-12-30,1666.9794721407623,,
1987-12-31,1674.0957966764415,,
1988-01-01,1681.2121212121212,,
1988-01-04,1551.6060606060605,,
1988-01-05,1568.3030303030303,,
1988-01-06,1569.8787878787878,,
1988-01-07,1583.0969696969698,,
1988-01-08,1476.030303030303,,
1988-01-11,1501.0060606060606,,
1988-01-12,1488.4848484848485,,
1988-01-13,1491.0424242424242,,
1988-01-14,1491.4666666666667,,
1988-01-15,1529.0,,
1988-01-18,1527.969696969697,,
1988-01-19,1512.521212121212,,
1988-01-20,1471.9333333333334,,
1988-01-21,1475.030303030303,,
1988-01-22,1495.4424242424243,,
1988-01-25,1530.3272727272727,,
1988-01-26,1514.8242424242424,,
1988-01-27,1513.678787878788,,
1988-01-28,1537.4121212121213,,
1988-01-29,1560.4424242424243,,
1988-02-01,1548.5272727272727,,
1988-02-02,1552.3939393939393,,
1988-02-03,1532.0545454545454,,
1988-02-04,1533.1212121212122,,
1988-02-05,1526.751515151515,,
1988-02-08,1515.7757575757578,,
1988-02-09,1531.9272727272728,,
1988-02-10,1562.1575757575756,,
1988-02-11,1557.9151515151514,,
1988-02-12,1568.909090909091,,
1988-02-16,1582.6848484848483,,
1988-02-17,1579.0,,
1988-02-18,1571.109090909091,,
1988-02-19,1593.7151515151515,,
1988-02-22,1618.6363636363637,,
1988-02-23,1615.0242424242424,,
1988-02-24,1611.8727272727274,,
1988-02-25,1594.5272727272727,,
1988-02-26,1599.9575757575758,,
1988-02-29,1633.1818181818182,,
1988-03-01,1632.9515151515152,,
1988-03-02,1634.8606060606062,,
1988-03-03,1634.2606060606063,,
1988-03-04,1630.8969696969698,,
1988-03-07,1631.6545454545455,,
1988-03-08,1644.4606060606063,,
1988-03-09,1642.6060606060605,,
1988-03-10,1610.8121212121212,,
1988-03-11,1617.5454545454545,,
1988-03-14,1626.3999999999999,,
1988-03-15,1625.0363636363634,,
1988-03-16,1641.648484848485,,
1988-03-17,1656.2,,
1988-03-18,1655.6363636363637,,
1988-03-21,1641.1757575757576,,
1988-03-22,1641.8,,
1988-03-23,1642.2848484848482,,
1988-03-24,1608.3333333333333,,
1988-03-25,1580.1151515151514,,
1988-03-28,1577.430303030303,,
1988-03-29,1589.891056969697,,
1988-03-30,1577.670530909091,,
1988-03-31,1582.7272727272725,,
1988-04-04,1566.1272727272728,,
1988-04-05,1581.1636363636364,,
1988-04-06,1623.860606060606,,
1988-04-07,1627.9575757575756,,
1988-04-08,1647.969696969697,,
1988-04-11,1652.6,,
1988-04-12,1660.0060606060606,,
1988-04-13,1661.2424242424242,,
1988-04-14,1589.139393939394,,
1988-04-15,1589.260606060606,,
1988-04-18,1585.9454545454546,,
1988-04-19,1578.1272727272728,,
1988-04-20,1567.1757575757576,,
1988-04-21,1568.9515151515152,,
1988-04-22,1591.7272727272725,,
1988-04-25,1606.2848484848485,,
1988-04-26,1615.8303030303032,,
1988-04-27,1615.2424242424242,,
1988-04-28,1607.9818181818182,,
1988-04-29,1600.2303030303033,,
1988-05-02,1602.0242424242426,,
1988-05-03,1611.478787878788,,
1988-05-04,1595.3575757575757,,
1988-05-05,1586.9333333333334,,
1988-05-06,1579.3454545454545,,
1988-05-09,1575.0121212121212,,
1988-05-10,1581.8606060606062,,
1988-05-11,1555.4666666666667,,
1988-05-12,1558.8727272727272,,
1988-05-13,1576.9636363636364,,
1988-05-16,1589.612121212121,,
1988-05-17,1569.9939393939392,,
1988-05-18,1545.5878787878787,,
1988-05-19,1553.3090909090909,,
1988-05-20,1556.1030303030304,,
1988-05-23,1542.9272727272726,,
1988-05-24,1559.569696969697,,
1988-05-25,1561.478787878788,,
1988-05-26,1566.8545454545456,,
1988-05-27,1560.0060606060606,,
1988-05-31,1614.0727272727272,,
1988-06-01,1642.1393939393938,,
1988-06-02,1633.8303030303032,,
1988-06-03,1640.8545454545454,,
1988-06-06,1644.921212121212,,
1988-06-07,1633.7030303030303,,
1988-06-08,1672.8363636363636,,
1988-06-09,1665.3454545454545,,
1988-06-10,1671.9575757575758,,
1988-06-13,1673.121212121212,,
1988-06-14,1690.9515151515152,,
1988-06-15,1691.9151515151516,,
1988-06-16,1663.1272727272726,,
1988-06-17,1668.8242424242426,,
1988-06-20,1658.3030303030303,,
1988-06-21,1675.1575757575758,,
1988-06-22,1699.7696969696967,,
1988-06-23,1694.587878787879,,
1988-06-24,1689.351515151515,,
1988-06-27,1660.4424242424243,,
1988-06-28,1680.7272727272727,,
1988-06-29,1672.5575757575757,,
1988-06-30,1688.1454545454544,,
1988-07-01,1677.9151515151516,,
1988-07-05,1703.351515151515,,
1988-07-06,1679.9454545454544,,
1988-07-07,1678.4606060606063,,
1988-07-08,1667.6060606060605,,
1988-07-11,1671.060606060606,,
1988-07-12,1654.3939393939397,,
1988-07-13,1663.4848484848487,,
1988-07-14,1669.4969696969697,,
1988-07-15,1680.551515151515,,
1988-07-18,1671.1757575757576,,
1988-07-19,1658.6363636363635,,
1988-07-20,1668.0848484848482,,
1988-07-21,1647.4545454545453,,
1988-07-22,1627.9454545454546,,
1988-07-25,1635.6666666666665,,
1988-07-26,1639.1151515151516,,
1988-07-27,1622.8000000000002,,
1988-07-28,1644.5636363636363,,
1988-07-29,1681.7393939393942,,
1988-08-01,1683.3757575757577,,
1988-08-02,1683.078787878788,,
1988-08-03,1688.9939393939396,,
1988-08-04,1683.6787878787882,,
1988-08-05,1679.2121212121212,,
1988-08-08,1672.4969696969697,,
1988-08-09,1651.9212121212122,,
1988-08-10,1623.6000000000001,,
1988-08-11,1629.0606060606062,,
1988-08-12,1627.890909090909,,
1988-08-15,1604.6848484848485,,
1988-08-16,1616.521212121212,,
1988-08-17,1617.8969696969696,,
1988-08-18,1619.6424242424243,,
1988-08-19,1614.8363636363633,,
1988-08-22,1595.0545454545456,,
1988-08-23,1595.7757575757576,,
1988-08-24,1620.8727272727274,,
1988-08-25,1608.8303030303032,,
1988-08-26,1612.3878787878787,,
1988-08-29,1629.4666666666667,,
1988-08-30,1630.7939393939396,,
1988-08-31,1624.6484848484847,,
1988-09-01,1605.139393939394,,
1988-09-02,1643.5636363636363,,
1988-09-06,1650.7515151515154,,
1988-09-07,1652.490909090909,,
1988-09-08,1652.6363636363637,,
1988-09-09,1659.2484848484848,,
1988-09-12,1657.0424242424242,,
1988-09-13,1663.1212121212122,,
1988-09-14,1674.9151515151514,,
1988-09-15,1667.6424242424243,,
1988-09-16,1683.3757575757577,,
1988-09-19,1672.0727272727274,,
1988-09-20,1678.3878787878791,,
1988-09-21,1681.3636363636363,,
1988-09-22,1675.2666666666667,,
1988-09-23,1678.878787878788,,
1988-09-26,1674.6666666666665,,
1988-09-27,1670.8909090909092,,
1988-09-28,1676.0545454545454,,
1988-09-29,1698.0666666666664,,
1988-09-30,1693.8666666666666,,
1988-10-03,1691.4242424242425,,
1988-10-04,1686.951515151515,,
1988-10-05,1694.678787878788,,
1988-10-06,1697.9939393939394,,
1988-10-07,1733.5575757575757,,
1988-10-10,1734.618181818182,,
1988-10-11,1732.7454545454548,,
1988-10-12,1708.1272727272728,,
1988-10-13,1715.8606060606062,,
1988-10-14,1717.8000000000002,,
1988-10-17,1723.5939393939393,,
1988-10-18,1742.1939393939392,,
1988-10-19,1727.1696969696968,,
1988-10-20,1764.0242424242426,,
1988-10-21,1768.9090909090908,,
1988-10-24,1760.557575757576,,
1988-10-25,1761.357575757576,,
1988-10-26,1755.5333333333333,,
1988-10-27,1729.9575757575756,,
1988-10-28,1737.848484848485,,
1988-10-31,1741.030303030303,,
1988-11-01,1742.4606060606059,,
1988-11-02,1742.4666666666667,,
1988-11-03,1743.721212121212,,
1988-11-04,1727.060606060606,,
1988-11-07,1713.0242424242424,,
1988-11-08,1721.048484848485,,
1988-11-09,1709.9696969696968,,
1988-11-10,1712.6424242424243,,
1988-11-11,1676.533333333333,,
1988-11-14,1676.0545454545454,,
1988-11-15,1680.078787878788,,
1988-11-16,1652.1333333333332,,
1988-11-17,1657.1030303030304,,
1988-11-18,1669.2424242424242,,
1988-11-21,1667.8121212121212,,
1988-11-22,1674.018181818182,,
1988-11-23,1685.4121212121213,,
1988-11-25,1674.9030303030302,,
1988-11-28,1684.1757575757576,,
1988-11-29,1698.7151515151518,,
1988-11-30,1716.2181818181818,,
1988-12-01,1708.8060606060606,,
1988-12-02,1704.8969696969696,,
1988-12-05,1724.8545454545454,,
1988-12-06,1741.7818181818182,,
1988-12-07,1745.2363636363636,,
1988-12-08,1735.4666666666667,,
1988-12-09,1738.9515151515152,,
1988-12-12,1735.9636363636366,,
1988-12-13,1734.8000000000002,,
1988-12-14,1728.5878787878787,,
1988-12-15,1722.1636363636364,,
1988-12-16,1734.8969696969696,,
1988-12-19,1751.412121212121,,
1988-12-20,1742.448484848485,,
1988-12-21,1741.9030303030302,,
1988-12-22,1738.7212121212124,,
1988-12-23,1746.4848484848485,,
1988-12-27,1740.0060606060606,,
1988-12-28,1741.6060606060607,,
1988-12-29,1756.412121212121,,
1988-12-30,1746.1575757575758,,
1989-01-03,1731.2121212121212,,
1989-01-04,1757.5333333333333,,
1989-01-05,1761.2484848484846,,
1989-01-06,1765.4060606060605,,
1989-01-09,1767.5515151515153,,
1989-01-10,1763.8363636363636,,
1989-01-11,1774.0909090909092,,
1989-01-12,1781.3878787878784,,
1989-01-13,1786.1575757575756,,
1989-01-16,1787.8545454545454,,
1989-01-17,1784.181818181818,,
1989-01-18,1802.9333333333334,,
1989-01-19,1805.290909090909,,
1989-01-20,1803.6121212121213,,
1989-01-23,1790.5454545454545,,
1989-01-24,1816.0181818181816,,
1989-01-25,1820.2909090909093,,
1989-01-26,1836.490909090909,,
1989-01-27,1849.9272727272728,,
1989-01-30,1857.6060606060605,,
1989-01-31,1874.0242424242424,,
1989-02-01,1871.848484848485,,
1989-02-02,1871.2848484848487,,
1989-02-03,1872.1757575757574,,
1989-02-06,1867.660606060606,,
1989-02-07,1890.5090909090911,,
1989-02-08,1884.3515151515153,,
1989-02-09,1868.466666666667,,
1989-02-10,1843.587878787879,,
1989-02-13,1847.7333333333331,,
1989-02-14,1843.618181818182,,
1989-02-15,1859.1393939393938,,
1989-02-16,1862.769696969697,,
1989-02-17,1875.709090909091,,
1989-02-21,1870.8363636363636,,
1989-02-22,1838.878787878788,,
1989-02-23,1846.587878787879,,
1989-02-24,1815.533333333333,,
1989-02-27,1820.4727272727273,,
1989-02-28,1827.3212121212118,,
1989-03-01,1816.8060606060608,,
1989-03-02,1834.9939393939394,,
1989-03-03,1842.8060606060606,,
1989-03-06,1866.2606060606058,,
1989-03-07,1860.478787878788,,
1989-03-08,1861.8484848484848,,
1989-03-09,1861.6848484848485,,
1989-03-10,1855.1333333333332,,
1989-03-13,1870.8060606060606,,
1989-03-14,1869.7757575757573,,
1989-03-15,1879.5454545454547,,
1989-03-16,1897.139393939394,,
1989-03-17,1854.4969696969697,,
1989-03-20,1836.9757575757576,,
1989-03-21,1845.9090909090908,,
1989-03-22,1840.6121212121213,,
1989-03-23,1831.0484848484848,,
1989-03-27,1842.3030303030305,,
1989-03-28,1848.8545454545451,,
1989-03-29,1853.6727272727273,,
1989-03-30,1855.0060606060608,,
1989-03-31,1869.951515151515,,
1989-04-03,1880.048484848485,,
1989-04-04,1874.048484848485,,
1989-04-05,1880.0,,
1989-04-06,1873.9696969696968,,
1989-04-07,1885.8363636363638,,
1989-04-10,1885.7454545454548,,
1989-04-11,1894.5515151515153,,
1989-04-12,1897.7272727272727,,
1989-04-13,1881.460606060606,,
1989-04-14,1912.9939393939394,,
1989-04-17,1915.412121212121,,
1989-04-18,1942.8545454545456,,
1989-04-19,1950.060606060606,,
1989-04-20,1943.9696969696968,,
1989-04-21,1965.6969696969695,,
1989-04-24,1960.230303030303,,
1989-04-25,1948.2181818181818,,
1989-04-26,1949.7696969696967,,
1989-04-27,1966.5999999999997,,
1989-04-28,1967.0424242424242,,
1989-05-01,1964.3030303030305,,
1989-05-02,1958.4000000000003,,
1989-05-03,1959.0242424242422,,
1989-05-04,1957.6848484848483,,
1989-05-05,1957.2969696969697,,
1989-05-08,1947.8787878787878,,
1989-05-09,1943.8909090909092,,
1989-05-10,1947.8909090909092,,
1989-05-11,1955.321212121212,,
1989-05-12,1999.309090909091,,
1989-05-15,2014.9030303030304,,
1989-05-16,2010.478787878788,,
1989-05-17,2024.551515151515,,
1989-05-18,2027.8545454545456,,
1989-05-19,2048.769696969697,,
1989-05-22,2054.048484848485,,
1989-05-23,2030.7272727272727,,
1989-05-24,2036.2121212121212,,
1989-05-25,2036.890909090909,,
1989-05-26,2052.969696969697,,
1989-05-30,2037.2181818181818,,
1989-05-31,2046.6242424242423,,
1989-06-01,2056.078787878788,,
1989-06-02,2078.7757575757573,,
1989-06-05,2056.8424242424244,,
1989-06-06,2071.509090909091,,
1989-06-07,2088.8303030303027,,
1989-06-08,2087.6,,
1989-06-09,2087.9636363636364,,
1989-06-12,2085.242424242424,,
1989-06-13,2070.478787878788,,
1989-06-14,2070.0363636363636,,
1989-06-15,2046.1272727272728,,
1989-06-16,2054.2666666666664,,
1989-06-19,2058.0242424242424,,
1989-06-20,2054.0545454545454,,
1989-06-21,2049.151515151515,,
1989-06-22,2067.309090909091,,
1989-06-23,2097.2303030303033,,
1989-06-26,2089.50303030303,,
1989-06-27,2101.3454545454542,,
1989-06-28,2084.781818181818,,
1989-06-29,2045.5818181818183,,
1989-06-30,2035.018181818182,,
1989-07-03,2043.581818181818,,
1989-07-05,2052.8727272727274,,
1989-07-06,2058.987878787879,,
1989-07-07,2080.5030303030303,,
1989-07-10,2094.521212121212,,
1989-07-11,2105.539393939394,,
1989-07-12,2112.151515151515,,
1989-07-13,2113.0484848484853,,
1989-07-14,2125.4121212121213,,
1989-07-17,2129.430303030303,,
1989-07-18,2122.581818181818,,
1989-07-19,2150.672727272727,,
1989-07-20,2136.448484848485,,
1989-07-21,2151.7818181818184,,
1989-07-24,2137.866666666667,,
1989-07-25,2139.3757575757577,,
1989-07-26,2166.3090909090906,,
1989-07-27,2191.909090909091,,
1989-07-28,2193.018181818182,,
1989-07-31,2218.757575757576,,
1989-08-01,2204.6545454545453,,
1989-08-02,2208.7636363636366,,
1989-08-03,2212.327272727273,,
1989-08-04,2207.3212121212123,,
1989-08-07,2243.0545454545454,,
1989-08-08,2243.4969696969697,,
1989-08-09,2228.430303030303,,
1989-08-10,2237.0666666666666,,
1989-08-11,2215.048484848485,,
1989-08-14,2205.048484848485,,
1989-08-15,2215.7757575757573,,
1989-08-16,2222.2666666666664,,
1989-08-17,2214.612121212121,,
1989-08-18,2224.7878787878785,,
1989-08-21,2190.727272727273,,
1989-08-22,2194.333333333333,,
1989-08-23,2216.9212121212117,,
1989-08-24,2260.8121212121214,,
1989-08-25,2254.6424242424246,,
1989-08-28,2265.7696969696967,,
1989-08-29,2251.70303030303,,
1989-08-30,2256.9696969696965,,
1989-08-31,2262.133333333333,,
1989-09-01,2277.4363636363637,,
1989-09-05,2270.2060606060604,,
1989-09-06,2248.884848484848,,
1989-09-07,2243.2545454545457,,
1989-09-08,2245.9090909090905,,
1989-09-11,2239.721212121212,,
1989-09-12,2246.5757575757575,,
1989-09-13,2225.757575757576,,
1989-09-14,2211.072727272727,,
1989-09-15,2223.3696969696966,,
1989-09-18,2234.2606060606063,,
1989-09-19,2234.0666666666666,,
1989-09-20,2233.5636363636363,,
1989-09-21,2228.969696969697,,
1989-09-22,2237.69696969697,,
1989-09-25,2220.490909090909,,
1989-09-26,2221.2242424242427,,
1989-09-27,2226.266666666667,,
1989-09-28,2249.2181818181816,,
1989-09-29,2252.957575757576,,
1989-10-02,2264.2,,
1989-10-03,2289.8727272727274,,
1989-10-04,2304.630303030303,,
1989-10-05,2304.8242424242426,,
1989-10-06,2316.6787878787877,,
1989-10-09,2323.266666666667,,
1989-10-10,2318.969696969697,,
1989-10-11,2305.1878787878786,,
1989-10-12,2294.8545454545456,,
1989-10-13,2154.4727272727273,,
1989-10-16,2214.29696969697,,
1989-10-17,2203.5090909090914,,
1989-10-18,2207.4121212121213,,
1989-10-19,2242.139393939394,,
1989-10-20,2242.3515151515153,,
1989-10-23,2227.5636363636363,,
1989-10-24,2220.2909090909093,,
1989-10-25,2212.824242424242,,
1989-10-26,2183.739393939394,,
1989-10-27,2165.218181818182,,
1989-10-30,2165.6606060606064,,
1989-10-31,2200.642424242424,,
1989-11-01,2206.139393939394,,
1989-11-02,2189.769696969697,,
1989-11-03,2184.2787878787876,,
1989-11-06,2152.642424242424,,
1989-11-07,2167.8424242424244,,
1989-11-08,2189.5575757575757,,
1989-11-09,2179.969696969697,,
1989-11-10,2196.987878787879,,
1989-11-13,2200.7212121212124,,
1989-11-14,2190.909090909091,,
1989-11-15,2207.5575757575757,,
1989-11-16,2208.212121212121,,
1989-11-17,2215.175757575758,,
1989-11-20,2200.763636363636,,
1989-11-21,2202.351515151515,,
1989-11-22,2217.4,,
1989-11-24,2231.0242424242424,,
1989-11-27,2242.642424242424,,
1989-11-28,2244.030303030303,,
1989-11-29,2230.0,,
1989-11-30,2245.5212121212126,,
1989-12-01,2275.8727272727274,,
1989-12-04,2281.957575757576,,
1989-12-05,2270.4121212121213,,
1989-12-06,2263.7575757575755,,
1989-12-07,2257.6787878787877,,
1989-12-08,2264.8424242424244,,
1989-12-11,2264.957575757576,,
1989-12-12,2285.7272727272725,,
1989-12-13,2292.430303030303,,
1989-12-14,2280.630303030303,,
1989-12-15,2275.018181818182,,
1989-12-18,2233.7636363636366,,
1989-12-19,2225.9030303030304,,
1989-12-20,2228.4181818181823,,
1989-12-21,2241.0666666666666,,
1989-12-22,2259.4363636363637,,
1989-12-26,2255.951515151515,,
1989-12-27,2268.957575757576,,
1989-12-28,2281.10303030303,,
1989-12-29,2299.448484848485,,
1990-01-02,2340.3751515151516,,
1990-01-03,2334.3696969696966,,
1990-01-04,2315.259393939394,,
1990-01-05,2292.72303030303,,
1990-01-08,2303.269090909091,,
1990-01-09,2276.147272727273,,
1990-01-10,2261.1339393939397,,
1990-01-11,2269.0769696969696,,
1990-01-12,2213.471515151515,,
1990-01-15,2194.3927272727274,,
1990-01-16,2218.9151515151516,,
1990-01-17,2197.1848484848488,,
1990-01-18,2202.329696969697,,
1990-01-19,2208.6460606060605,,
1990-01-22,2151.7551515151517,,
1990-01-23,2159.7787878787876,,
1990-01-24,2111.732121212121,,
1990-01-25,2124.330909090909,,
1990-01-26,2122.702424242424,,
1990-01-29,2119.2363636363634,,
1990-01-30,2105.303636363636,,
1990-01-31,2145.0721212121207,,
1990-02-01,2143.501212121212,,
1990-02-02,2157.726060606061,,
1990-02-05,2165.348484848485,,
1990-02-06,2151.841818181818,,
1990-02-07,2178.969696969697,,
1990-02-08,2173.9363636363632,,
1990-02-09,2179.2442424242427,,
1990-02-12,2156.9042424242425,,
1990-02-13,2163.693939393939,,
1990-02-14,2170.2957575757578,,
1990-02-15,2189.2721212121214,,
1990-02-16,2175.681212121212,,
1990-02-20,2144.908484848485,,
1990-02-21,2142.828484848485,,
1990-02-22,2130.2072727272725,,
1990-02-23,2120.6060606060605,,
1990-02-26,2150.7581818181816,,
1990-02-27,2161.581818181818,,
1990-02-28,2172.701818181818,,
1990-03-01,2178.5278787878788,,
1990-03-02,2196.88,,
1990-03-05,2185.9460606060607,,
1990-03-06,2213.586666666667,,
1990-03-07,2207.2387878787877,,
1990-03-08,2229.0460606060606,,
1990-03-09,2214.6672727272726,,
1990-03-12,2219.6545454545453,,
1990-03-13,2202.2466666666664,,
1990-03-14,2207.988484848485,,
1990-03-15,2215.9127272727274,,
1990-03-16,2241.1478787878787,,
1990-03-19,2251.864848484848,,
1990-03-20,2239.1812121212124,,
1990-03-21,2227.2042424242427,,
1990-03-22,2200.666666666667,,
1990-03-23,2210.72303030303,,
1990-03-26,2214.761818181818,,
1990-03-27,2240.2393939393937,,
1990-03-28,2243.578787878788,,
1990-03-29,2235.640606060606,,
1990-03-30,2230.2745454545457,,
1990-04-02,2222.572121212121,,
1990-04-03,2255.303636363636,,
1990-04-04,2239.592121212121,,
1990-04-05,2237.280606060606,,
1990-04-06,2233.2296969696968,,
1990-04-09,2241.7466666666664,,
1990-04-10,2246.3436363636365,,
1990-04-11,2245.3715151515153,,
1990-04-12,2261.4672727272728,,
1990-04-16,2264.3109090909093,,
1990-04-17,2263.9563636363637,,
1990-04-18,2238.030909090909,,
1990-04-19,2220.7951515151512,,
1990-04-20,2201.3521212121213,,
1990-04-23,2174.866666666667,,
1990-04-24,2170.4848484848485,,
1990-04-25,2181.6993939393938,,
1990-04-26,2187.902424242424,,
1990-04-27,2162.92303030303,,
1990-04-30,2174.6345454545453,,
1990-05-01,2184.7448484848483,,
1990-05-02,2199.5139393939394,,
1990-05-03,2207.3454545454547,,
1990-05-04,2227.04,,
1990-05-07,2241.788484848485,,
1990-05-08,2252.3478787878785,,
1990-05-09,2258.4333333333334,,
1990-05-10,2265.0860606060605,,
1990-05-11,2319.5096969696974,,
1990-05-14,2338.750909090909,,
1990-05-15,2335.770909090909,,
1990-05-16,2334.412727272727,,
1990-05-17,2337.6242424242428,,
1990-05-18,2338.758787878788,,
1990-05-21,2361.4442424242425,,
1990-05-22,2365.6066666666666,,
1990-05-23,2371.3818181818183,,
1990-05-24,2365.883636363636,,
1990-05-25,2341.6642424242423,,
1990-05-29,2382.3121212121214,,
1990-05-30,2383.7787878787876,,
1990-05-31,2386.6721212121215,,
1990-06-01,2399.6351515151514,,
1990-06-04,2428.094545454546,,
1990-06-05,2423.415151515151,,
1990-06-06,2412.4036363636365,,
1990-06-07,2400.5448484848484,,
1990-06-08,2371.2412121212124,,
1990-06-11,2391.5884848484848,,
1990-06-12,2422.2545454545457,,
1990-06-13,2413.4054545454546,,
1990-06-14,2400.25696969697,,
1990-06-15,2400.349696969697,,
1990-06-18,2360.618181818182,,
1990-06-19,2371.307272727273,,
1990-06-20,2375.521212121212,,
1990-06-21,2384.5842424242423,,
1990-06-22,2351.250303030303,,
1990-06-25,2331.9866666666667,,
1990-06-26,2330.4242424242425,,
1990-06-27,2350.8581818181815,,
1990-06-28,2367.539393939394,,
1990-06-29,2370.571515151515,,
1990-07-02,2380.682424242424,,
1990-07-03,2385.787272727273,,
1990-07-05,2356.488484848485,,
1990-07-06,2374.641818181818,,
1990-07-09,2382.1351515151514,,
1990-07-10,2362.0921212121216,,
1990-07-11,2393.5254545454545,,
1990-07-12,2421.421212121212,,
1990-07-13,2433.811515151515,,
1990-07-16,2445.181818181818,,
1990-07-17,2435.7642424242426,,
1990-07-18,2413.979393939394,,
1990-07-19,2421.310303030303,,
1990-07-20,2396.747272727273,,
1990-07-23,2355.2357575757574,,
1990-07-24,2358.430909090909,,
1990-07-25,2367.233939393939,,
1990-07-26,2359.5969696969696,,
1990-07-27,2343.606060606061,,
1990-07-30,2358.160606060606,,
1990-07-31,2362.969090909091,,
1990-08-01,2358.8957575757577,,
1990-08-02,2332.4678787878784,,
1990-08-03,2288.9151515151516,,
1990-08-06,2221.2418181818184,,
1990-08-07,2224.9151515151516,,
1990-08-08,2248.338181818182,,
1990-08-09,2259.4418181818182,,
1990-08-10,2230.7351515151518,,
1990-08-13,2253.5,,
1990-08-14,2257.4969696969697,,
1990-08-15,2262.1133333333332,,
1990-08-16,2211.5442424242424,,
1990-08-17,2181.2175757575756,,
1990-08-20,2186.1745454545453,,
1990-08-21,2142.159393939394,,
1990-08-22,2106.898181818182,,
1990-08-23,2043.7812121212123,,
1990-08-24,2073.42,,
1990-08-27,2140.3133333333335,,
1990-08-28,2140.44,,
1990-08-29,2159.5636363636363,,
1990-08-30,2123.112121212121,,
1990-08-31,2149.3787878787875,,
1990-09-04,2153.4636363636364,,
1990-09-05,2162.1484848484847,,
1990-09-06,2136.0806060606064,,
1990-09-07,2155.690909090909,,
1990-09-10,2144.8860606060607,,
1990-09-11,2141.311515151515,,
1990-09-12,2151.329696969697,,
1990-09-13,2125.39696969697,,
1990-09-14,2113.3242424242426,,
1990-09-17,2119.7339393939396,,
1990-09-18,2126.464848484848,,
1990-09-19,2113.1224242424246,,
1990-09-20,2079.423636363636,,
1990-09-21,2078.3551515151516,,
1990-09-24,2034.3672727272726,,
1990-09-25,2059.0933333333337,,
1990-09-26,2037.778181818182,,
1990-09-27,2010.818181818182,,
1990-09-28,2044.7781818181816,,
1990-10-01,2104.8557575757573,,
1990-10-02,2106.673333333333,,
1990-10-03,2082.5327272727277,,
1990-10-04,2091.2200000000003,,
1990-10-05,2083.308484848485,,
1990-10-08,2096.550909090909,,
1990-10-09,2040.6660606060605,,
1990-10-10,2009.1896969696968,,
1990-10-11,1976.2351515151515,,
1990-10-12,2006.8024242424244,,
1990-10-15,2028.6606060606061,,
1990-10-16,1999.8999999999999,,
1990-10-17,1998.9163636363635,,
1990-10-18,2045.650909090909,,
1990-10-19,2090.813939393939,,
1990-10-22,2106.31696969697,,
1990-10-23,2090.270303030303,,
1990-10-24,2091.9563636363637,,
1990-10-25,2075.8351515151517,,
1990-10-26,2039.7890909090909,,
1990-10-29,2021.272727272727,,
1990-10-30,2036.4448484848485,,
1990-10-31,2036.0696969696971,,
1990-11-01,2056.671515151515,,
1990-11-02,2089.2618181818184,,
1990-11-05,2110.3048484848487,,
1990-11-06,2090.8781818181815,,
1990-11-07,2053.4181818181823,,
1990-11-08,2065.201212121212,,
1990-11-09,2107.30303030303,,
1990-11-12,2145.85696969697,,
1990-11-13,2134.008484848485,,
1990-11-14,2152.7103030303033,,
1990-11-15,2130.101818181818,,
1990-11-16,2131.438787878788,,
1990-11-19,2146.4472727272723,,
1990-11-20,2119.4,,
1990-11-21,2124.387272727273,,
1990-11-23,2118.149090909091,,
1990-11-26,2128.36,,
1990-11-27,2139.8521212121213,,
1990-11-28,2138.89696969697,,
1990-11-29,2128.6448484848484,,
1990-11-30,2167.6836363636367,,
1990-12-03,2181.837575757576,,
1990-12-04,2197.3951515151516,,
1990-12-05,2221.46,,
1990-12-06,2215.864242424242,,
1990-12-07,2207.0703030303034,,
1990-12-10,2215.164848484849,,
1990-12-11,2199.511515151515,,
1990-12-12,2224.7921212121214,,
1990-12-13,2219.186060606061,,
1990-12-14,2202.212727272727,,
1990-12-17,2196.9430303030304,,
1990-12-18,2224.2351515151518,,
1990-12-19,2225.380606060606,,
1990-12-20,2224.847878787879,,
1990-12-21,2235.84,,
1990-12-24,2225.0030303030303,,
1990-12-26,2231.578787878788,,
1990-12-27,2214.3727272727274,,
1990-12-28,2217.927272727273,,
1990-12-31,2228.068484848485,,
1991-01-02,2202.6848484848483,,
1991-01-03,2172.092727272727,,
1991-01-04,2166.6945454545453,,
1991-01-07,2129.617575757576,,
1991-01-08,2125.9854545454546,,
1991-01-09,2103.1254545454544,,
1991-01-10,2123.6575757575756,,
1991-01-11,2128.397575757576,,
1991-01-14,2110.4242424242425,,
1991-01-15,2118.8660606060607,,
1991-01-16,2135.4333333333334,,
1991-01-17,2215.130909090909,,
1991-01-18,2244.133333333333,,
1991-01-21,2236.2303030303033,,
1991-01-22,2217.701818181818,,
1991-01-23,2230.6169696969696,,
1991-01-24,2261.866666666667,,
1991-01-25,2270.683636363636,,
1991-01-28,2270.8521212121213,,
1991-01-29,2270.176363636364,,
1991-01-30,2304.6642424242423,,
1991-01-31,2325.101212121212,,
1991-02-01,2319.2872727272725,,
1991-02-04,2356.7012121212124,,
1991-02-05,2377.775757575758,,
1991-02-06,2423.9624242424243,,
1991-02-07,2414.193939393939,,
1991-02-08,2433.709696969697,,
1991-02-11,2497.3442424242426,,
1991-02-12,2476.8551515151516,,
1991-02-13,2501.230303030303,,
1991-02-14,2468.7775757575755,,
1991-02-15,2502.078787878788,,
1991-02-19,2504.5060606060606,,
1991-02-20,2475.7515151515154,,
1991-02-21,2474.632727272727,,
1991-02-22,2479.873939393939,,
1991-02-25,2491.620606060606,,
1991-02-26,2461.8642424242425,,
1991-02-27,2495.42606060606,,
1991-02-28,2491.3812121212122,,
1991-03-01,2514.6684848484847,,
1991-03-04,2507.751515151515,,
1991-03-05,2558.207878787879,,
1991-03-06,2554.568484848485,,
1991-03-07,2553.0133333333333,,
1991-03-08,2546.9345454545455,,
1991-03-11,2534.13696969697,,
1991-03-12,2514.350909090909,,
1991-03-13,2545.336363636364,,
1991-03-14,2538.126666666667,,
1991-03-15,2538.738181818182,,
1991-03-18,2528.7284848484846,,
1991-03-19,2491.3727272727274,,
1991-03-20,2500.4521212121213,,
1991-03-21,2491.3860606060607,,
1991-03-22,2498.6375757575756,,
1991-03-25,2514.969696969697,,
1991-03-26,2558.9678787878784,,
1991-03-27,2552.569090909091,,
1991-03-28,2551.7121212121215,,
1991-04-01,2525.7133333333336,,
1991-04-02,2581.6284848484847,,
1991-04-03,2578.0436363636363,,
1991-04-04,2584.826666666667,,
1991-04-05,2554.8654545454547,,
1991-04-08,2577.387878787879,,
1991-04-09,2542.8648484848486,,
1991-04-10,2540.0872727272726,,
1991-04-11,2570.5836363636363,,
1991-04-12,2589.439393939394,,
1991-04-15,2595.307272727273,,
1991-04-16,2639.1260606060605,,
1991-04-17,2658.489696969697,,
1991-04-18,2644.94,,
1991-04-19,2616.0369696969697,,
1991-04-22,2594.104848484849,,
1991-04-23,2599.6272727272726,,
1991-04-24,2606.620606060606,,
1991-04-25,2582.8466666666664,,
1991-04-26,2581.539393939394,,
1991-04-29,2545.529090909091,,
1991-04-30,2557.7503030303033,,
1991-05-01,2591.4266666666667,,
1991-05-02,2593.089696969697,,
1991-05-03,2595.304242424242,,
1991-05-06,2592.1284848484847,,
1991-05-07,2574.580606060606,,
1991-05-08,2582.727878787879,,
1991-05-09,2616.271515151515,,
1991-05-10,2565.4545454545455,,
1991-05-13,2573.149696969697,,
1991-05-14,2538.2775757575755,,
1991-05-15,2517.779393939394,,
1991-05-16,2542.98,,
1991-05-17,2545.6375757575756,,
1991-05-20,2545.4533333333334,,
1991-05-21,2566.724242424242,,
1991-05-22,2572.550909090909,,
1991-05-23,2564.2212121212124,,
1991-05-24,2582.206666666667,,
1991-05-28,2613.447272727273,,
1991-05-29,2619.3387878787876,,
1991-05-30,2647.9751515151515,,
1991-05-31,2668.0939393939393,,
1991-06-03,2656.8624242424244,,
1991-06-04,2654.9660606060606,,
1991-06-05,2636.8551515151516,,
1991-06-06,2627.0357575757575,,
1991-06-07,2598.3090909090906,,
1991-06-10,2593.248484848485,,
1991-06-11,2610.7575757575755,,
1991-06-12,2580.6175757575757,,
1991-06-13,2587.551515151515,,
1991-06-14,2619.4824242424243,,
1991-06-17,2604.7709090909093,,
1991-06-18,2594.4442424242425,,
1991-06-19,2570.4727272727273,,
1991-06-20,2572.761818181818,,
1991-06-21,2588.729090909091,,
1991-06-24,2543.4236363636364,,
1991-06-25,2541.5860606060605,,
1991-06-26,2548.100606060606,,
1991-06-27,2567.3830303030304,,
1991-06-28,2545.8581818181815,,
1991-07-01,2592.3224242424244,,
1991-07-02,2589.2357575757574,,
1991-07-03,2561.88,,
1991-07-05,2567.458787878788,,
1991-07-08,2593.9860606060606,,
1991-07-09,2581.6800000000003,,
1991-07-10,2579.1472727272726,,
1991-07-11,2587.5969696969696,,
1991-07-12,2610.111515151515,,
1991-07-15,2625.267272727273,,
1991-07-16,2619.500606060606,,
1991-07-17,2617.1660606060605,,
1991-07-18,2645.9345454545455,,
1991-07-19,2638.0733333333337,,
1991-07-22,2629.0648484848484,,
1991-07-23,2605.327272727273,,
1991-07-24,2600.04,,
1991-07-25,2616.0945454545454,,
1991-07-26,2616.0533333333333,,
1991-07-29,2631.786666666667,,
1991-07-30,2656.809696969697,,
1991-07-31,2664.518787878788,,
1991-08-01,2659.9151515151516,,
1991-08-02,2660.698787878788,,
1991-08-05,2647.1951515151513,,
1991-08-06,2686.7181818181816,,
1991-08-07,2687.371515151515,,
1991-08-08,2679.259393939394,,
1991-08-09,2664.9927272727273,,
1991-08-12,2671.9254545454546,,
1991-08-13,2683.080606060606,,
1991-08-14,2685.3945454545456,,
1991-08-15,2681.6545454545453,,
1991-08-16,2656.2315151515154,,
1991-08-19,2593.990303030303,,
1991-08-20,2614.4545454545455,,
1991-08-21,2691.4139393939395,,
1991-08-22,2696.6236363636367,,
1991-08-23,2716.2072727272725,,
1991-08-26,2714.9121212121213,,
1991-08-27,2710.086666666667,,
1991-08-28,2735.1769696969695,,
1991-08-29,2734.0460606060606,,
1991-08-30,2727.6466666666665,,
1991-09-03,2705.3939393939395,,
1991-09-04,2690.5266666666666,,
1991-09-05,2684.8763636363637,,
1991-09-06,2684.662424242424,,
1991-09-09,2681.9854545454546,,
1991-09-10,2655.239393939394,,
1991-09-11,2658.9127272727274,,
1991-09-12,2674.5030303030303,,
1991-09-13,2648.693333333333,,
1991-09-16,2664.9127272727274,,
1991-09-17,2663.2000000000003,,
1991-09-18,2673.1551515151514,,
1991-09-19,2677.4727272727273,,
1991-09-20,2680.4430303030304,,
1991-09-23,2666.6515151515155,,
1991-09-24,2680.0563636363636,,
1991-09-25,2674.5054545454545,,
1991-09-26,2671.8096969696967,,
1991-09-27,2667.7448484848487,,
1991-09-30,2681.999393939394,,
1991-10-01,2691.369090909091,,
1991-10-02,2684.8757575757577,,
1991-10-03,2658.729696969697,,
1991-10-04,2637.721212121212,,
1991-10-07,2625.848484848485,,
1991-10-08,2634.1442424242423,,
1991-10-09,2607.3721212121213,,
1991-10-10,2633.3278787878785,,
1991-10-11,2639.998787878788,,
1991-10-14,2674.7418181818184,,
1991-10-15,2706.273939393939,,
1991-10-16,2718.7042424242422,,
1991-10-17,2712.710303030303,,
1991-10-18,2716.7248484848483,,
1991-10-21,2699.7048484848483,,
1991-10-22,2684.5733333333337,,
1991-10-23,2685.3345454545456,,
1991-10-24,2665.4751515151515,,
1991-10-25,2659.6054545454544,,
1991-10-28,2697.0145454545454,,
1991-10-29,2711.24303030303,,
1991-10-30,2721.4933333333333,,
1991-10-31,2718.0581818181818,,
1991-11-01,2710.2733333333335,,
1991-11-04,2705.3351515151517,,
1991-11-05,2695.8454545454547,,
1991-11-06,2705.2775757575755,,
1991-11-07,2731.6666666666665,,
1991-11-08,2727.2472727272725,,
1991-11-11,2728.8436363636365,,
1991-11-12,2754.1593939393942,,
1991-11-13,2759.101818181818,,
1991-11-14,2757.5745454545454,,
1991-11-15,2656.707878787879,,
1991-11-18,2675.7951515151512,,
1991-11-19,2635.481818181818,,
1991-11-20,2629.4666666666667,,
1991-11-21,2640.122424242424,,
1991-11-22,2613.6351515151514,,
1991-11-25,2608.7642424242426,,
1991-11-26,2626.9951515151515,,
1991-11-27,2617.5842424242423,,
1991-11-29,2608.540606060606,,
1991-12-02,2652.560606060606,,
1991-12-03,2650.098787878788,,
1991-12-04,2644.0951515151514,,
1991-12-05,2625.590303030303,,
1991-12-06,2637.521818181818,,
1991-12-09,2632.095151515152,,
1991-12-10,2630.508484848485,,
1991-12-11,2629.1442424242427,,
1991-12-12,2656.013333333334,,
1991-12-13,2676.3606060606057,,
1991-12-16,2676.409090909091,,
1991-12-17,2664.790909090909,,
1991-12-18,2669.949696969697,,
1991-12-19,2663.293939393939,,
1991-12-20,2694.826666666667,,
1991-12-23,2762.9563636363637,,
1991-12-24,2782.180606060606,,
1991-12-26,2820.7436363636366,,
1991-12-27,2832.7557575757573,,
1991-12-30,2893.270303030303,,
1991-12-31,2906.867878787879,,
1992-01-02,2908.1151515151514,,
1992-01-03,2922.667878787879,,
1992-01-06,2914.2484848484846,,
1992-01-07,2910.462424242424,,
1992-01-08,2915.3430303030304,,
1992-01-09,2912.1078787878787,,
1992-01-10,2894.611515151515,,
1992-01-13,2889.3890909090906,,
1992-01-14,2932.0175757575757,,
1992-01-15,2934.5351515151515,,
1992-01-16,2916.778787878788,,
1992-01-17,2921.4866666666667,,
1992-01-20,2904.049696969697,,
1992-01-21,2878.1727272727276,,
1992-01-22,2916.465454545454,,
1992-01-23,2894.3963636363637,,
1992-01-24,2898.0448484848484,,
1992-01-27,2895.170909090909,,
1992-01-28,2895.352121212121,,
1992-01-29,2863.3327272727274,,
1992-01-30,2872.3551515151516,,
1992-01-31,2852.6981818181816,,
1992-02-03,2858.6369696969696,,
1992-02-04,2889.915757575757,,
1992-02-05,2891.0048484848485,,
1992-02-06,2891.6545454545453,,
1992-02-07,2873.1369696969696,,
1992-02-10,2893.3006060606062,,
1992-02-11,2893.545454545455,,
1992-02-12,2917.2666666666664,,
1992-02-13,2893.390303030303,,
1992-02-14,2885.9278787878784,,
1992-02-18,2850.4060606060607,,
1992-02-19,2856.6545454545453,,
1992-02-20,2896.321212121212,,
1992-02-21,2879.2539393939396,,
1992-02-24,2885.6430303030306,,
1992-02-25,2873.6739393939397,,
1992-02-26,2907.9872727272727,,
1992-02-27,2897.695151515152,,
1992-02-28,2889.6436363636367,,
1992-03-02,2888.859393939394,,
1992-03-03,2892.6272727272726,,
1992-03-04,2868.1466666666665,,
1992-03-05,2848.562424242424,,
1992-03-06,2834.6036363636367,,
1992-03-09,2840.5963636363635,,
1992-03-10,2852.7660606060604,,
1992-03-11,2832.7557575757573,,
1992-03-12,2831.830303030303,,
1992-03-13,2845.5939393939398,,
1992-03-16,2849.5836363636363,,
1992-03-17,2872.232121212121,,
1992-03-18,2869.2236363636366,,
1992-03-19,2873.838181818182,,
1992-03-20,2884.3854545454546,,
1992-03-23,2874.658181818182,,
1992-03-24,2867.449090909091,,
1992-03-25,2859.3769696969694,,
1992-03-26,2861.8612121212122,,
1992-03-27,2831.3242424242426,,
1992-03-30,2828.489090909091,,
1992-03-31,2833.4442424242425,,
1992-04-01,2837.3327272727274,,
1992-04-02,2811.24303030303,,
1992-04-03,2818.837575757576,,
1992-04-06,2848.4333333333334,,
1992-04-07,2795.670303030303,,
1992-04-08,2770.667272727273,,
1992-04-09,2814.050303030303,,
1992-04-10,2839.947272727273,,
1992-04-13,2852.5775757575757,,
1992-04-14,2896.90303030303,,
1992-04-15,2924.2290909090907,,
1992-04-16,2922.7115151515154,,
1992-04-20,2881.650909090909,,
1992-04-21,2882.430909090909,,
1992-04-22,2879.269090909091,,
1992-04-23,2891.8878787878784,,
1992-04-24,2873.9224242424243,,
1992-04-27,2870.4018181818183,,
1992-04-28,2875.567272727272,,
1992-04-29,2896.0212121212126,,
1992-04-30,2916.6369696969696,,
1992-05-01,2899.6690909090908,,
1992-05-04,2931.918181818182,,
1992-05-05,2931.9042424242425,,
1992-05-06,2931.8127272727274,,
1992-05-07,2927.592121212121,,
1992-05-08,2929.1054545454544,,
1992-05-11,2947.5933333333332,,
1992-05-12,2932.281212121212,,
1992-05-13,2933.6266666666666,,
1992-05-14,2910.541818181818,,
1992-05-15,2890.541212121212,,
1992-05-18,2910.8551515151516,,
1992-05-19,2936.0848484848484,,
1992-05-20,2929.336363636364,,
1992-05-21,2909.6824242424245,,
1992-05-22,2920.3454545454547,,
1992-05-26,2902.7393939393937,,
1992-05-27,2908.200606060606,,
1992-05-28,2940.6642424242423,,
1992-05-29,2930.9339393939395,,
1992-06-01,2945.681818181818,,
1992-06-02,2919.8109090909093,,
1992-06-03,2927.6066666666666,,
1992-06-04,2918.5751515151514,,
1992-06-05,2920.149696969697,,
1992-06-08,2919.6345454545453,,
1992-06-09,2897.5478787878783,,
1992-06-10,2877.7272727272725,,
1992-06-11,2890.509696969697,,
1992-06-12,2895.604848484849,,
1992-06-15,2899.463030303031,,
1992-06-16,2885.810303030303,,
1992-06-17,2842.987878787879,,
1992-06-18,2833.8848484848486,,
1992-06-19,2853.0666666666666,,
1992-06-22,2851.2006060606063,,
1992-06-23,2855.7527272727275,,
1992-06-24,2855.816363636364,,
1992-06-25,2850.8660606060607,,
1992-06-26,2853.9563636363637,,
1992-06-29,2892.967878787879,,
1992-06-30,2887.329696969697,,
1992-07-01,2920.9115151515152,,
1992-07-02,2913.101212121212,,
1992-07-06,2929.217575757576,,
1992-07-07,2896.2048484848483,,
1992-07-08,2904.132727272727,,
1992-07-09,2932.318787878788,,
1992-07-10,2935.086666666667,,
1992-07-13,2936.8921212121213,,
1992-07-14,2956.8618181818183,,
1992-07-15,2952.7563636363634,,
1992-07-16,2956.0975757575757,,
1992-07-17,2942.6103030303034,,
1992-07-20,2929.611515151515,,
1992-07-21,2929.753333333333,,
1992-07-22,2909.7145454545453,,
1992-07-23,2917.9,,
1992-07-24,2914.501212121212,,
1992-07-27,2914.649696969697,,
1992-07-28,2957.441212121212,,
1992-07-29,2991.0230303030303,,
1992-07-30,3003.0654545454545,,
1992-07-31,3005.28303030303,,
1992-08-03,3012.4096969696966,,
1992-08-04,3008.427272727273,,
1992-08-05,2993.072121212121,,
1992-08-06,2982.8133333333335,,
1992-08-07,2971.92,,
1992-08-10,2977.092727272727,,
1992-08-11,2973.521818181818,,
1992-08-12,2965.7351515151513,,
1992-08-13,2965.5436363636363,,
1992-08-14,2981.559393939394,,
1992-08-17,2987.999393939394,,
1992-08-18,2992.9066666666668,,
1992-08-19,2970.559393939394,,
1992-08-20,2971.26303030303,,
1992-08-21,2947.102424242424,,
1992-08-24,2918.0969696969696,,
1992-08-25,2924.8963636363633,,
1992-08-26,2939.0230303030303,,
1992-08-27,2939.2648484848487,,
1992-08-28,2948.618181818182,,
1992-08-31,2943.778181818182,,
1992-09-01,2958.9648484848485,,
1992-09-02,2972.7903030303028,,
1992-09-03,2972.961212121212,,
1992-09-04,2966.872727272727,,
1992-09-08,2948.256363636364,,
1992-09-09,2963.081818181818,,
1992-09-10,2988.7442424242427,,
1992-09-11,2986.118181818182,,
1992-09-14,3027.9660606060606,,
1992-09-15,2989.118787878788,,
1992-09-16,2990.1866666666665,,
1992-09-17,2990.350303030303,,
1992-09-18,3011.7133333333336,,
1992-09-21,3006.6933333333336,,
1992-09-22,2971.1236363636367,,
1992-09-23,2973.331515151515,,
1992-09-24,2982.085454545455,,
1992-09-25,2952.839393939394,,
1992-09-28,2969.550909090909,,
1992-09-29,2971.090909090909,,
1992-09-30,2978.3684848484845,,
1992-10-01,2967.6545454545453,,
1992-10-02,2926.1860606060604,,
1992-10-05,2906.9739393939394,,
1992-10-06,2904.306060606061,,
1992-10-07,2883.407272727273,,
1992-10-08,2908.6,,
1992-10-09,2872.3842424242425,,
1992-10-12,2906.4824242424243,,
1992-10-13,2919.7654545454548,,
1992-10-14,2920.2999999999997,,
1992-10-15,2922.169090909091,,
1992-10-16,2937.3648484848486,,
1992-10-19,2960.858181818182,,
1992-10-20,2964.561212121212,,
1992-10-21,2965.9169696969698,,
1992-10-22,2960.4224242424243,,
1992-10-23,2956.897575757576,,
1992-10-26,2984.318787878788,,
1992-10-27,2987.2381818181816,,
1992-10-28,2998.951515151515,,
1992-10-29,3004.17696969697,,
1992-10-30,2988.6581818181817,,
1992-11-02,3018.681818181818,,
1992-11-03,2999.359393939394,,
1992-11-04,2979.9745454545455,,
1992-11-05,2990.826666666667,,
1992-11-06,2986.7296969696968,,
1992-11-09,2994.2545454545457,,
1992-11-10,2994.6333333333337,,
1992-11-11,3020.243636363636,,
1992-11-12,3025.2654545454543,,
1992-11-13,3022.3393939393936,,
1992-11-16,3010.6339393939393,,
1992-11-17,3001.201818181818,,
1992-11-18,3026.921212121212,,
1992-11-19,3032.5260606060606,,
1992-11-20,3054.5533333333333,,
1992-11-23,3043.9933333333333,,
1992-11-24,3062.7321212121215,,
1992-11-25,3074.3139393939396,,
1992-11-27,3081.3127272727274,,
1992-11-30,3090.4242424242425,,
1992-12-01,3087.372121212121,,
1992-12-02,3081.4236363636364,,
1992-12-03,3081.774545454545,,
1992-12-04,3097.4163636363633,,
1992-12-07,3121.080606060606,,
1992-12-08,3133.2763636363634,,
1992-12-09,3124.729696969697,,
1992-12-10,3117.4927272727273,,
1992-12-11,3111.0733333333333,,
1992-12-14,3104.8757575757572,,
1992-12-15,3103.2333333333336,,
1992-12-16,3095.707878787879,,
1992-12-17,3123.9230303030304,,
1992-12-18,3165.9430303030304,,
1992-12-21,3161.8248484848486,,
1992-12-22,3159.0339393939394,,
1992-12-23,3149.9224242424243,,
1992-12-24,3156.889090909091,,
1992-12-28,3152.682424242424,,
1992-12-29,3144.447878787879,,
1992-12-30,3150.5575757575757,,
1992-12-31,3128.350909090909,,
1993-01-04,3127.267272727273,,
1993-01-05,3120.3787878787875,,
1993-01-06,3121.6721212121215,,
1993-01-07,3094.4436363636364,,
1993-01-08,3082.4533333333334,,
1993-01-11,3096.3624242424244,,
1993-01-12,3097.009090909091,,
1993-01-13,3111.5945454545454,,
1993-01-14,3132.5048484848485,,
1993-01-15,3141.5084848484844,,
1993-01-18,3139.2806060606063,,
1993-01-19,3127.092727272727,,
1993-01-20,3114.444242424242,,
1993-01-21,3129.679393939394,,
1993-01-22,3134.1351515151514,,
1993-01-25,3162.874545454545,,
1993-01-26,3162.781212121212,,
1993-01-27,3149.5533333333333,,
1993-01-28,3153.507272727273,,
1993-01-29,3154.5066666666667,,
1993-02-01,3182.0127272727273,,
1993-02-02,3183.16303030303,,
1993-02-03,3216.6806060606064,,
1993-02-04,3235.6842424242423,,
1993-02-05,3231.47393939394,,
1993-02-08,3225.0096969696974,,
1993-02-09,3207.626666666667,,
1993-02-10,3214.2745454545457,,
1993-02-11,3224.6400000000003,,
1993-02-12,3203.1666666666665,,
1993-02-16,3126.801818181818,,
1993-02-17,3122.5357575757575,,
1993-02-18,3112.655757575758,,
1993-02-19,3129.5272727272722,,
1993-02-22,3137.5921212121216,,
1993-02-23,3135.17696969697,,
1993-02-24,3179.1260606060605,,
1993-02-25,3189.8127272727274,,
1993-02-26,3197.5,,
1993-03-01,3188.276363636364,,
1993-03-02,3231.5981818181817,,
1993-03-03,3242.139393939394,,
1993-03-04,3228.6151515151514,,
1993-03-05,3220.409090909091,,
1993-03-08,3282.859393939394,,
1993-03-09,3281.401212121212,,
1993-03-10,3295.3454545454542,,
1993-03-11,3276.591515151515,,
1993-03-12,3248.600606060606,,
1993-03-15,3260.3072727272724,,
1993-03-16,3260.098181818182,,
1993-03-17,3238.1551515151514,,
1993-03-18,3264.0642424242424,,
1993-03-19,3251.712727272727,,
1993-03-22,3242.3515151515153,,
1993-03-23,3241.499393939394,,
1993-03-24,3236.5151515151515,,
1993-03-25,3258.3151515151512,,
1993-03-26,3235.96303030303,,
1993-03-29,3258.1133333333332,,
1993-03-30,3267.046666666666,,
1993-03-31,3264.9648484848485,,
1993-04-01,3255.069090909091,,
1993-04-02,3192.1866666666665,,
1993-04-05,3199.0642424242424,,
1993-04-06,3190.8915151515153,,
1993-04-07,3202.2466666666674,,
1993-04-08,3196.048484848485,,
1993-04-12,3243.3193939393936,,
1993-04-13,3249.5254545454545,,
1993-04-14,3245.4745454545455,,
1993-04-15,3243.8254545454542,,
1993-04-16,3247.732121212121,,
1993-04-19,3237.3363636363633,,
1993-04-20,3220.341818181818,,
1993-04-21,3209.706060606061,,
1993-04-22,3180.9824242424247,,
1993-04-23,3161.954545454545,,
1993-04-26,3137.478181818182,,
1993-04-27,3170.2248484848483,,
1993-04-28,3170.29696969697,,
1993-04-29,3176.6012121212116,,
1993-04-30,3186.046666666667,,
1993-05-03,3203.3309090909092,,
1993-05-04,3215.718181818181,,
1993-05-05,3219.72303030303,,
1993-05-06,3211.3860606060607,,
1993-05-07,3205.937575757576,,
1993-05-10,3211.29393939394,,
1993-05-11,3222.76,,
1993-05-12,3226.1399999999994,,
1993-05-13,3185.9581818181814,,
1993-05-14,3190.121818181818,,
1993-05-17,3196.762424242424,,
1993-05-18,3196.9072727272724,,
1993-05-19,3249.7121212121215,,
1993-05-20,3271.7709090909098,,
1993-05-21,3237.3242424242426,,
1993-05-24,3253.7418181818184,,
1993-05-25,3260.7430303030305,,
1993-05-26,3294.1824242424245,,
1993-05-27,3286.7575757575764,,
1993-05-28,3271.2757575757573,,
1993-06-01,3298.183636363636,,
1993-06-02,3299.433333333334,,
1993-06-03,3289.807878787879,,
1993-06-04,3272.3078787878785,,
1993-06-07,3255.469090909091,,
1993-06-08,3233.981212121212,,
1993-06-09,3243.1,,
1993-06-10,3240.306666666667,,
1993-06-11,3254.071515151515,,
1993-06-14,3257.498181818182,,
1993-06-15,3247.2321212121215,,
1993-06-16,3255.7381818181825,,
1993-06-17,3263.909696969697,,
1993-06-18,3228.5812121212125,,
1993-06-21,3247.151515151515,,
1993-06-22,3245.055757575758,,
1993-06-23,3225.1169696969696,,
1993-06-24,3251.604848484849,,
1993-06-25,3258.761818181818,,
1993-06-28,3290.3157575757577,,
1993-06-29,3282.014545454546,,
1993-06-30,3280.8563636363638,,
1993-07-01,3270.042424242424,,
1993-07-02,3248.5587878787883,,
1993-07-06,3216.6296969696973,,
1993-07-07,3226.831515151515,,
1993-07-08,3269.1678787878786,,
1993-07-09,3265.692121212121,,
1993-07-12,3271.9369696969693,,
1993-07-13,3265.466060606061,,
1993-07-14,3280.055757575758,,
1993-07-15,3274.0212121212116,,
1993-07-16,3248.7309090909093,,
1993-07-19,3251.092727272727,,
1993-07-20,3260.568484848485,,
1993-07-21,3259.620606060606,,
1993-07-22,3240.1581818181817,,
1993-07-23,3259.037575757576,,
1993-07-26,3274.0533333333333,,
1993-07-27,3268.418181818182,,
1993-07-28,3260.7618181818184,,
1993-07-29,3283.001212121212,,
1993-07-30,3267.659393939394,,
1993-08-02,3283.3587878787876,,
1993-08-03,3278.143636363636,,
1993-08-04,3273.116363636364,,
1993-08-05,3270.584242424242,,
1993-08-06,3274.809696969697,,
1993-08-09,3292.1587878787877,,
1993-08-10,3283.1600000000003,,
1993-08-11,3290.7278787878786,,
1993-08-12,3279.9672727272728,,
1993-08-13,3288.8290909090906,,
1993-08-16,3306.05696969697,,
1993-08-17,3312.1084848484847,,
1993-08-18,3333.4224242424243,,
1993-08-19,3336.529090909091,,
1993-08-20,3334.6357575757575,,
1993-08-23,3328.151515151515,,
1993-08-24,3361.5115151515156,,
1993-08-25,3364.5745454545454,,
1993-08-26,3372.011515151515,,
1993-08-27,3368.3690909090906,,
1993-08-30,3378.9666666666667,,
1993-08-31,3391.6442424242427,,
1993-09-01,3389.0836363636367,,
1993-09-02,3375.9266666666667,,
1993-09-03,3376.8048484848487,,
1993-09-07,3356.2224242424245,,
1993-09-08,3342.6442424242423,,
1993-09-09,3350.220606060606,,
1993-09-10,3381.181818181818,,
1993-09-13,3384.9969696969692,,
1993-09-14,3369.3418181818183,,
1993-09-15,3381.972121212121,,
1993-09-16,3366.2127272727275,,
1993-09-17,3361.816363636364,,
1993-09-20,3334.772727272727,,
1993-09-21,3319.397575757576,,
1993-09-22,3343.2587878787876,,
1993-09-23,3354.559393939394,,
1993-09-24,3355.2042424242422,,
1993-09-27,3386.2612121212123,,
1993-09-28,3384.310909090909,,
1993-09-29,3374.118181818182,,
1993-09-30,3365.6339393939397,,
1993-10-01,3383.2709090909093,,
1993-10-04,3385.0018181818186,,
1993-10-05,3384.209696969697,,
1993-10-06,3380.870909090909,,
1993-10-07,3369.5042424242424,,
1993-10-08,3378.119393939394,,
1993-10-11,3382.302424242424,,
1993-10-12,3384.078787878788,,
1993-10-13,3386.7939393939396,,
1993-10-14,3426.2915151515153,,
1993-10-15,3445.887878787879,,
1993-10-18,3438.53393939394,,
1993-10-19,3422.216363636364,,
1993-10-20,3421.188484848484,,
1993-10-21,3415.9769696969697,,
1993-10-22,3400.6351515151514,,
1993-10-25,3407.990303030303,,
1993-10-26,3409.2896969696967,,
1993-10-27,3411.566060606061,,
1993-10-28,3434.4757575757576,,
1993-10-29,3435.2545454545457,,
1993-11-01,3445.372727272727,,
1993-11-02,3441.5460606060606,,
1993-11-03,3401.9909090909086,,
1993-11-04,3362.572121212121,,
1993-11-05,3379.82303030303,,
1993-11-08,3385.191515151515,,
1993-11-09,3386.405454545454,,
1993-11-10,3411.498181818182,,
1993-11-11,3403.552727272727,,
1993-11-12,3423.8721212121213,,
1993-11-15,3412.76303030303,,
1993-11-16,3435.36303030303,,
1993-11-17,3421.3927272727274,,
1993-11-18,3412.7515151515154,,
1993-11-19,3405.662424242424,,
1993-11-22,3380.2418181818184,,
1993-11-23,3394.671515151515,,
1993-11-24,3405.6793939393942,,
1993-11-26,3410.9242424242425,,
1993-11-29,3402.998181818182,,
1993-11-30,3402.512121212121,,
1993-12-01,3403.529090909091,,
1993-12-02,3413.1890909090907,,
1993-12-03,3426.3078787878785,,
1993-12-06,3438.2624242424245,,
1993-12-07,3440.9090909090905,,
1993-12-08,3437.458787878788,,
1993-12-09,3423.0981818181817,,
1993-12-10,3421.3727272727274,,
1993-12-13,3434.60303030303,,
1993-12-14,3415.361212121212,,
1993-12-15,3406.4587878787875,,
1993-12-16,3417.6624242424245,,
1993-12-17,3440.145454545455,,
1993-12-20,3436.294545454545,,
1993-12-21,3432.2890909090916,,
1993-12-22,3447.226666666667,,
1993-12-23,3447.669696969697,,
1993-12-27,3473.3399999999997,,
1993-12-28,3476.3739393939395,,
1993-12-29,3473.797575757576,,
1993-12-30,3459.638787878788,,
1993-12-31,3443.649090909091,,
1994-01-03,3436.9381818181814,,
1994-01-04,3448.9224242424243,,
1994-01-05,3453.9236363636364,,
1994-01-06,3450.7472727272725,,
1994-01-07,3471.2987878787885,,
1994-01-10,3511.330303030303,,
1994-01-11,3502.907878787879,,
1994-01-12,3503.2036363636366,,
1994-01-13,3490.976363636364,,
1994-01-14,3509.3151515151517,,
1994-01-17,3497.418181818182,,
1994-01-18,3504.489696969697,,
1994-01-19,3504.9187878787875,,
1994-01-20,3509.9436363636364,,
1994-01-21,3508.022424242424,,
1994-01-24,3488.107272727272,,
1994-01-25,3480.716363636364,,
1994-01-26,3497.7090909090903,,
1994-01-27,3526.1666666666665,,
1994-01-28,3538.503636363637,,
1994-01-31,3560.7236363636366,,
1994-02-01,3547.060606060606,,
1994-02-02,3564.8096969696967,,
1994-02-03,3555.675757575758,,
1994-02-04,3476.8715151515153,,
1994-02-07,3492.1387878787878,,
1994-02-08,3487.0090909090904,,
1994-02-09,3500.6448484848484,,
1994-02-10,3472.4630303030303,,
1994-02-11,3481.8824242424243,,
1994-02-14,3483.0969696969696,,
1994-02-15,3500.8442424242426,,
1994-02-16,3503.0224242424238,,
1994-02-17,3484.9218181818183,,
1994-02-18,3465.901818181818,,
1994-02-22,3494.4036363636365,,
1994-02-23,3489.415151515152,,
1994-02-24,3441.9024242424243,,
1994-02-25,3455.3806060606057,,
1994-02-28,3464.077575757576,,
1994-03-01,3444.404242424242,,
1994-03-02,3448.4757575757576,,
1994-03-03,3435.350909090909,,
1994-03-04,3448.4763636363637,,
1994-03-07,3464.9715151515147,,
1994-03-08,3457.4539393939394,,
1994-03-09,3467.7030303030306,,
1994-03-10,3444.3454545454542,,
1994-03-11,3463.248484848485,,
1994-03-14,3470.450909090909,,
1994-03-15,3467.948484848485,,
1994-03-16,3485.978787878788,,
1994-03-17,3497.155151515152,,
1994-03-18,3498.3430303030304,,
1994-03-21,3479.658181818182,,
1994-03-22,3481.6036363636363,,
1994-03-23,3479.6727272727267,,
1994-03-24,3448.6296969696973,,
1994-03-25,3422.546666666666,,
1994-03-28,3418.266666666667,,
1994-03-29,3362.6454545454544,,
1994-03-30,3311.26303030303,,
1994-03-31,3313.0545454545454,,
1994-04-04,3262.8721212121213,,
1994-04-05,3333.449090909091,,
1994-04-06,3331.6648484848483,,
1994-04-07,3352.72303030303,,
1994-04-08,3324.8606060606057,,
1994-04-11,3345.7793939393937,,
1994-04-12,3328.7630303030305,,
1994-04-13,3319.072121212121,,
1994-04-14,3320.2400000000002,,
1994-04-15,3318.752121212121,,
1994-04-18,3291.3872727272724,,
1994-04-19,3292.1163636363635,,
1994-04-20,3287.8018181818184,,
1994-04-21,3338.238787878788,,
1994-04-22,3329.981818181818,,
1994-04-25,3368.293333333334,,
1994-04-26,3362.6309090909094,,
1994-04-28,3342.0327272727272,,
1994-04-29,3355.539393939394,,
1994-05-02,3372.3424242424244,,
1994-05-03,3372.967878787879,,
1994-05-04,3363.646666666667,,
1994-05-05,3362.290909090909,,
1994-05-06,3336.1381818181817,,
1994-05-09,3297.809090909091,,
1994-05-10,3325.5818181818186,,
1994-05-11,3292.1254545454544,,
1994-05-12,3309.15696969697,,
1994-05-13,3312.1472727272726,,
1994-05-16,3315.778787878788,,
1994-05-17,3352.764242424242,,
1994-05-18,3385.189696969697,,
1994-05-19,3406.1939393939397,,
1994-05-20,3396.0830303030307,,
1994-05-23,3383.6460606060605,,
1994-05-24,3396.3157575757577,,
1994-05-25,3408.6672727272726,,
1994-05-26,3414.0454545454545,,
1994-05-27,3416.7345454545457,,
1994-05-31,3410.6084848484847,,
1994-06-01,3419.3193939393936,,
1994-06-02,3420.268484848485,,
1994-06-03,3438.9745454545455,,
1994-06-06,3430.349696969697,,
1994-06-07,3425.535757575757,,
1994-06-08,3416.9830303030303,,
1994-06-09,3424.5490909090913,,
1994-06-10,3430.6375757575756,,
1994-06-13,3434.0103030303035,,
1994-06-14,3458.641818181818,,
1994-06-15,3445.6484848484847,,
1994-06-16,3455.762424242424,,
1994-06-17,3429.727878787878,,
1994-06-20,3407.5612121212125,,
1994-06-21,3376.618787878788,,
1994-06-22,3389.7260606060604,,
1994-06-23,3363.8630303030304,,
1994-06-24,3314.238787878787,,
1994-06-27,3348.43696969697,,
1994-06-28,3340.000606060606,,
1994-06-29,3352.018181818182,,
1994-06-30,3327.0066666666667,,
1994-07-01,3342.2163636363634,,
1994-07-05,3344.4109090909096,,
1994-07-06,3342.7030303030306,,
1994-07-07,3359.561212121212,,
1994-07-08,3368.3278787878785,,
1994-07-11,3357.575757575758,,
1994-07-12,3356.766666666667,,
1994-07-13,3362.611515151515,,
1994-07-14,3398.041212121212,,
1994-07-15,3403.6618181818185,,
1994-07-18,3411.9581818181823,,
1994-07-19,3401.8999999999996,,
1994-07-20,3384.96,,
1994-07-21,3392.5303030303035,,
1994-07-22,3396.2781818181816,,
1994-07-25,3405.4230303030304,,
1994-07-26,3399.1254545454544,,
1994-07-27,3393.4424242424243,,
1994-07-28,3405.8890909090915,,
1994-07-29,3436.2569696969695,,
1994-08-01,3457.8,,
1994-08-02,3455.527272727273,,
1994-08-03,3462.34,,
1994-08-04,3440.438181818182,,
1994-08-05,3430.7187878787877,,
1994-08-08,3437.488484848485,,
1994-08-09,3439.440606060606,,
1994-08-10,3457.5715151515146,,
1994-08-11,3447.0557575757575,,
1994-08-12,3470.2448484848487,,
1994-08-15,3465.977575757576,,
1994-08-16,3494.931515151515,,
1994-08-17,3496.299393939394,,
1994-08-18,3481.3951515151516,,
1994-08-19,3485.333333333334,,
1994-08-22,3475.539393939394,,
1994-08-23,3492.0478787878787,,
1994-08-24,3526.2387878787877,,
1994-08-25,3519.6151515151514,,
1994-08-26,3563.422424242424,,
1994-08-29,3570.025454545455,,
1994-08-30,3581.3769696969694,,
1994-08-31,3577.1418181818176,,
1994-09-01,3560.282424242424,,
1994-09-02,3544.925454545454,,
1994-09-06,3551.638787878788,,
1994-09-07,3544.9175757575754,,
1994-09-08,3561.4466666666667,,
1994-09-09,3525.6921212121215,,
1994-09-12,3511.0751515151514,,
1994-09-13,3521.008484848485,,
1994-09-14,3530.731515151515,,
1994-09-15,3576.266666666666,,
1994-09-16,3549.0012121212117,,
1994-09-19,3547.8484848484845,,
1994-09-20,3491.562424242424,,
1994-09-21,3477.2903030303028,,
1994-09-22,3475.858787878788,,
1994-09-23,3463.81696969697,,
1994-09-26,3474.735757575758,,
1994-09-27,3484.08606060606,,
1994-09-28,3505.146666666667,,
1994-09-29,3486.061212121212,,
1994-09-30,3489.6660606060605,,
1994-10-03,3483.7381818181816,,
1994-10-04,3430.5927272727276,,
1994-10-05,3422.517575757576,,
1994-10-06,3413.809090909091,,
1994-10-07,3434.8715151515153,,
1994-10-10,3464.609090909091,,
1994-10-11,3515.675151515152,,
1994-10-12,3513.26,,
1994-10-13,3528.3557575757577,,
1994-10-14,3540.990909090909,,
1994-10-17,3540.266060606061,,
1994-10-18,3530.535151515152,,
1994-10-19,3550.374545454545,,
1994-10-20,3524.4800000000005,,
1994-10-21,3509.68303030303,,
1994-10-24,3479.303636363636,,
1994-10-25,3485.019393939394,,
1994-10-26,3493.6654545454544,,
1994-10-27,3518.058181818182,,
1994-10-28,3578.0351515151515,,
1994-10-31,3568.0660606060605,,
1994-11-01,3539.2781818181816,,
1994-11-02,3525.1339393939397,,
1994-11-03,3536.28,,
1994-11-04,3495.4309090909087,,
1994-11-07,3502.46303030303,,
1994-11-08,3522.8466666666664,,
1994-11-09,3521.2957575757573,,
1994-11-10,3513.692121212121,,
1994-11-11,3498.4072727272733,,
1994-11-14,3527.18303030303,,
1994-11-15,3519.6903030303033,,
1994-11-16,3524.6406060606064,,
1994-11-17,3509.348484848485,,
1994-11-18,3494.192727272727,,
1994-11-21,3470.3339393939395,,
1994-11-22,3408.1890909090907,,
1994-11-23,3407.4466666666667,,
1994-11-25,3426.5993939393943,,
1994-11-28,3441.410909090909,,
1994-11-29,3449.238787878788,,
1994-11-30,3438.1218181818185,,
1994-12-01,3402.595151515151,,
1994-12-02,3436.3090909090906,,
1994-12-05,3437.044242424243,,
1994-12-06,3435.5733333333333,,
1994-12-07,3421.424848484849,,
1994-12-08,3377.727272727273,,
1994-12-09,3390.6333333333337,,
1994-12-12,3409.9624242424247,,
1994-12-13,3415.3642424242425,,
1994-12-14,3452.0024242424247,,
1994-12-15,3455.0830303030302,,
1994-12-16,3481.38303030303,,
1994-12-19,3474.735757575758,,
1994-12-20,3468.7563636363634,,
1994-12-21,3487.864242424243,,
1994-12-22,3488.349696969697,,
1994-12-23,3492.1745454545453,,
1994-12-27,3512.315151515152,,
1994-12-28,3500.087878787879,,
1994-12-29,3502.5254545454545,,
1994-12-30,3489.120606060606,,
1995-01-03,3488.003636363636,,
1995-01-04,3501.1545454545458,,
1995-01-05,3498.7606060606054,,
1995-01-06,3501.3599999999997,,
1995-01-09,3502.918181818182,,
1995-01-10,3509.409696969697,,
1995-01-11,3509.257575757576,,
1995-01-12,3509.105454545454,,
1995-01-13,3542.6812121212124,,
1995-01-16,3568.606666666667,,
1995-01-17,3573.7915151515153,,
1995-01-18,3571.3284848484845,,
1995-01-19,3550.3284848484855,,
1995-01-20,3533.829696969697,,
1995-01-23,3541.850909090909,,
1995-01-24,3542.565454545454,,
1995-01-25,3555.1127272727276,,
1995-01-26,3561.9424242424243,,
1995-01-27,3577.7248484848487,,
1995-01-30,3564.1024242424246,,
1995-01-31,3579.6060606060605,,
1995-02-01,3579.6745454545453,,
1995-02-02,3598.364848484848,,
1995-02-03,3643.2242424242418,,
1995-02-06,3664.0193939393944,,
1995-02-07,3661.8642424242425,,
1995-02-08,3665.1084848484847,,
1995-02-09,3658.276363636364,,
1995-02-10,3668.6448484848484,,
1995-02-13,3670.9842424242424,,
1995-02-14,3678.5296969696974,,
1995-02-15,3694.042424242424,,
1995-02-16,3699.2648484848482,,
1995-02-17,3675.226666666667,,
1995-02-21,3681.250909090909,,
1995-02-22,3699.4993939393944,,
1995-02-23,3714.3563636363638,,
1995-02-24,3723.655151515152,,
1995-02-27,3691.622424242424,,
1995-02-28,3719.1066666666666,,
1995-03-01,3706.897575757576,,
1995-03-02,3703.0660606060605,,
1995-03-03,3706.0351515151515,,
1995-03-06,3708.3181818181815,,
1995-03-07,3681.6987878787886,,
1995-03-08,3689.52606060606,,
1995-03-09,3691.58,,
1995-03-10,3740.6090909090913,,
1995-03-13,3744.529090909091,,
1995-03-14,3766.3745454545456,,
1995-03-15,3758.870909090909,,
1995-03-16,3786.0909090909095,,
1995-03-17,3786.985454545455,,
1995-03-20,3791.8078787878785,,
1995-03-21,3783.6224242424237,,
1995-03-22,3788.2236363636366,,
1995-03-23,3790.363636363636,,
1995-03-24,3828.7448484848483,,
1995-03-27,3847.446060606061,,
1995-03-28,3852.83696969697,,
1995-03-29,3846.880606060606,,
1995-03-30,3840.2818181818175,,
1995-03-31,3828.850303030303,,
1995-04-03,3838.332121212121,,
1995-04-04,3865.2696969696967,,
1995-04-05,3868.536363636363,,
1995-04-06,3872.438787878788,,
1995-04-07,3875.4000000000005,,
1995-04-10,3880.052727272727,,
1995-04-11,3868.7266666666665,,
1995-04-12,3881.590909090909,,
1995-04-13,3897.387878787879,,
1995-04-17,3874.0751515151514,,
1995-04-18,3868.387878787879,,
1995-04-19,3865.012727272727,,
1995-04-20,3867.844848484848,,
1995-04-21,3892.34,,
1995-04-24,3926.824242424243,,
1995-04-25,3921.2503030303033,,
1995-04-26,3925.8678787878785,,
1995-04-27,3932.6830303030306,,
1995-04-28,3941.5969696969696,,
1995-05-01,3939.100606060606,,
1995-05-02,3944.309090909091,,
1995-05-03,3987.5400000000004,,
1995-05-04,3989.232727272727,,
1995-05-05,3986.3284848484845,,
1995-05-08,4017.0927272727267,,
1995-05-09,4015.6357575757575,,
1995-05-10,4022.1478787878787,,
1995-05-11,4022.8072727272724,,
1995-05-12,4031.9672727272723,,
1995-05-15,4049.8660606060603,,
1995-05-16,4053.902424242425,,
1995-05-17,4045.3369696969694,,
1995-05-18,3988.1339393939393,,
1995-05-19,3986.9830303030303,,
1995-05-22,4021.6236363636363,,
1995-05-23,4059.724242424242,,
1995-05-24,4060.2775757575755,,
1995-05-25,4061.191515151515,,
1995-05-26,4023.9436363636364,,
1995-05-30,4023.5981818181813,,
1995-05-31,4099.1315151515155,,
1995-06-01,4100.184848484848,,
1995-06-02,4093.3212121212123,,
1995-06-05,4117.073939393939,,
1995-06-06,4117.358181818182,,
1995-06-07,4098.7527272727275,,
1995-06-08,4093.263636363636,,
1995-06-09,4059.3933333333334,,
1995-06-12,4082.199393939394,,
1995-06-13,4123.6921212121215,,
1995-06-14,4127.1921212121215,,
1995-06-15,4132.223636363637,,
1995-06-16,4153.087878787879,,
1995-06-19,4194.816363636363,,
1995-06-20,4193.038787878788,,
1995-06-21,4185.390909090909,,
1995-06-22,4240.203636363636,,
1995-06-23,4229.7927272727275,,
1995-06-26,4186.895151515151,,
1995-06-27,4173.822424242425,,
1995-06-28,4193.25090909091,,
1995-06-29,4186.6618181818185,,
1995-06-30,4194.344242424242,,
1995-07-03,4212.599999999999,,
1995-07-05,4214.594545454545,,
1995-07-06,4267.494545454546,,
1995-07-07,4286.552121212121,,
1995-07-10,4292.884848484849,,
1995-07-11,4274.417575757576,,
1995-07-12,4321.81696969697,,
1995-07-13,4322.787878787879,,
1995-07-14,4314.234545454546,,
1995-07-17,4336.041212121212,,
1995-07-18,4303.639393939394,,
1995-07-19,4246.443636363636,,
1995-07-20,4266.25090909091,,
1995-07-21,4266.93696969697,,
1995-07-24,4290.135757575757,,
1995-07-25,4324.587272727274,,
1995-07-26,4328.795757575757,,
1995-07-27,4357.299393939394,,
1995-07-28,4339.8,,
1995-07-31,4333.439393939394,,
1995-08-01,4314.827878787879,,
1995-08-02,4309.27696969697,,
1995-08-03,4310.047878787879,,
1995-08-04,4311.814545454546,,
1995-08-07,4320.655151515151,,
1995-08-08,4323.864242424243,,
1995-08-09,4319.258181818182,,
1995-08-10,4302.959999999999,,
1995-08-11,4285.684848484849,,
1995-08-14,4321.831515151515,,
1995-08-15,4313.384848484849,,
1995-08-16,4325.261212121211,,
1995-08-17,4318.3175757575755,,
1995-08-18,4320.132727272728,,
1995-08-21,4311.735151515151,,
1995-08-22,4322.85212121212,,
1995-08-23,4305.105454545454,,
1995-08-24,4307.678787878788,,
1995-08-25,4328.171515151515,,
1995-08-28,4320.12,,
1995-08-29,4328.071515151515,,
1995-08-30,4336.596363636364,,
1995-08-31,4344.335151515152,,
1995-09-01,4359.6206060606055,,
1995-09-05,4401.5903030303025,,
1995-09-06,4410.189696969696,,
1995-09-07,4411.4042424242425,,
1995-09-08,4429.94606060606,,
1995-09-11,4439.65393939394,,
1995-09-12,4459.82909090909,,
1995-09-13,4479.447272727272,,
1995-09-14,4517.046060606061,,
1995-09-15,4515.041212121212,,
1995-09-18,4512.092727272728,,
1995-09-19,4523.295757575757,,
1995-09-20,4543.364848484849,,
1995-09-21,4514.398181818182,,
1995-09-22,4504.58,,
1995-09-25,4505.238181818181,,
1995-09-26,4502.140606060606,,
1995-09-27,4501.466666666666,,
1995-09-28,4538.986666666667,,
1995-09-29,4527.675757575757,,
1995-10-02,4506.951515151515,,
1995-10-03,4511.940606060606,,
1995-10-04,4505.912727272727,,
1995-10-05,4516.475151515151,,
1995-10-06,4515.823636363636,,
1995-10-09,4483.88303030303,,
1995-10-10,4477.293333333333,,
1995-10-11,4492.961212121212,,
1995-10-12,4521.34,,
1995-10-13,4532.210909090909,,
1995-10-16,4520.812727272727,,
1995-10-17,4549.890303030304,,
1995-10-18,4555.806666666666,,
1995-10-19,4580.801818181819,,
1995-10-20,4556.100606060606,,
1995-10-23,4537.55696969697,,
1995-10-24,4549.035151515151,,
1995-10-25,4517.756363636364,,
1995-10-26,4473.375757575757,,
1995-10-27,4496.963030303031,,
1995-10-30,4525.044848484848,,
1995-10-31,4511.491515151515,,
1995-11-01,4533.393333333333,,
1995-11-02,4577.189090909092,,
1995-11-03,4584.066060606061,,
1995-11-06,4568.0915151515155,,
1995-11-07,4551.6812121212115,,
1995-11-08,4594.55696969697,,
1995-11-09,4607.958787878788,,
1995-11-10,4603.989696969697,,
1995-11-13,4601.550909090909,,
1995-11-14,4578.694545454546,,
1995-11-15,4616.1921212121215,,
1995-11-16,4642.810909090909,,
1995-11-17,4664.068484848484,,
1995-11-20,4639.740606060606,,
1995-11-21,4666.668484848485,,
1995-11-22,4652.456363636364,,
1995-11-24,4664.795151515151,,
1995-11-27,4675.306666666667,,
1995-11-28,4715.760606060607,,
1995-11-29,4727.144848484849,,
1995-11-30,4709.539393939393,,
1995-12-01,4722.142424242425,,
1995-12-04,4774.562424242424,,
1995-12-05,4806.0957575757575,,
1995-12-06,4826.715151515152,,
1995-12-07,4795.708484848486,,
1995-12-08,4805.94303030303,,
1995-12-11,4821.976363636363,,
1995-12-12,4816.240000000001,,
1995-12-13,4840.967878787878,,
1995-12-14,4804.175757575757,,
1995-12-15,4799.6975757575765,,
1995-12-18,4725.888484848485,,
1995-12-19,4765.771515151516,,
1995-12-20,4719.354545454545,,
1995-12-21,4754.970909090909,,
1995-12-22,4766.4593939393935,,
1995-12-26,4784.724242424242,,
1995-12-27,4789.0709090909095,,
1995-12-28,4786.015757575758,,
1995-12-29,4800.2539393939405,,
1996-01-02,4837.670909090909,,
1996-01-03,4843.149696969696,,
1996-01-04,4814.986666666667,,
1996-01-05,4807.269696969696,,
1996-01-08,4822.2981818181825,,
1996-01-09,4752.489090909092,,
1996-01-10,4667.335151515152,,
1996-01-11,4700.3933333333325,,
1996-01-12,4693.538181818181,,
1996-01-15,4678.018181818183,,
1996-01-16,4745.24606060606,,
1996-01-17,4729.538787878789,,
1996-01-18,4744.568484848484,,
1996-01-19,4772.587878787878,,
1996-01-22,4784.835151515152,,
1996-01-23,4780.146666666667,,
1996-01-24,4836.272121212121,,
1996-01-25,4813.4387878787875,,
1996-01-26,4849.245454545454,,
1996-01-29,4870.573333333334,,
1996-01-30,4916.999393939394,,
1996-01-31,4963.63696969697,,
1996-02-01,4983.623636363636,,
1996-02-02,4963.461818181818,,
1996-02-05,5007.456969696969,,
1996-02-06,5045.834545454545,,
1996-02-07,5074.7830303030305,,
1996-02-08,5123.849696969697,,
1996-02-09,5126.489090909092,,
1996-02-12,5166.486060606061,,
1996-02-13,5160.510909090909,,
1996-02-14,5122.649696969697,,
1996-02-15,5090.307878787879,,
1996-02-16,5064.852727272727,,
1996-02-20,5007.63696969697,,
1996-02-21,5066.753333333334,,
1996-02-22,5151.076969696969,,
1996-02-23,5152.921818181818,,
1996-02-26,5085.5903030303025,,
1996-02-27,5060.946060606061,,
1996-02-28,5043.032121212121,,
1996-02-29,5009.656969696969,,
1996-03-01,5040.586666666667,,
1996-03-04,5091.816363636363,,
1996-03-05,5131.295151515151,,
1996-03-06,5103.1660606060605,,
1996-03-07,5116.440606060606,,
1996-03-08,4958.724242424242,,
1996-03-11,5009.994545454546,,
1996-03-12,4987.090303030303,,
1996-03-13,5000.8436363636365,,
1996-03-14,5019.083636363636,,
1996-03-15,5023.6412121212115,,
1996-03-18,5111.758787878788,,
1996-03-19,5104.364848484848,,
1996-03-20,5091.018181818182,,
1996-03-21,5085.135757575757,,
1996-03-22,5096.352727272727,,
1996-03-25,5091.809696969697,,
1996-03-26,5114.760606060607,,
1996-03-27,5084.51696969697,,
1996-03-28,5084.830303030303,,
1996-03-29,5057.876363636364,,
1996-04-01,5122.410303030303,,
1996-04-02,5135.464242424242,,
1996-04-03,5140.4096969696975,,
1996-04-04,5140.63696969697,,
1996-04-08,5051.353939393939,,
1996-04-09,5035.366666666667,,
1996-04-10,4967.401818181818,,
1996-04-11,4949.6963636363635,,
1996-04-12,4993.062424242425,,
1996-04-15,5038.389090909091,,
1996-04-16,5058.072121212122,,
1996-04-17,5032.154545454546,,
1996-04-18,5048.021212121212,,
1996-04-19,5059.472121212121,,
1996-04-22,5081.590303030303,,
1996-04-23,5110.602424242425,,
1996-04-24,5099.731515151515,,
1996-04-25,5120.948484848484,,
1996-04-26,5126.2430303030305,,
1996-04-29,5131.907272727272,,
1996-04-30,5132.448484848485,,
1996-05-01,5136.308484848485,,
1996-05-02,5049.233333333334,,
1996-05-03,5035.719393939394,,
1996-05-06,5029.738787878788,,
1996-05-07,5009.857575757576,,
1996-05-08,5062.298181818182,,
1996-05-09,5068.932727272728,,
1996-05-10,5121.660606060606,,
1996-05-13,5196.589696969697,,
1996-05-14,5229.654545454546,,
1996-05-15,5229.017575757576,,
1996-05-16,5225.104242424242,,
1996-05-17,5259.149696969697,,
1996-05-20,5292.989090909091,,
1996-05-21,5289.977575757576,,
1996-05-22,5335.21393939394,,
1996-05-23,5316.316363636363,,
1996-05-24,5336.134545454545,,
1996-05-28,5286.77696969697,,
1996-05-29,5254.288484848485,,
1996-05-30,5284.834545454545,,
1996-05-31,5264.810909090909,,
1996-06-03,5253.527878787879,,
1996-06-04,5292.208484848485,,
1996-06-05,5339.94,,
1996-06-06,5298.30303030303,,
1996-06-07,5300.578181818182,,
1996-06-10,5291.769090909091,,
1996-06-11,5282.408484848485,,
1996-06-12,5269.567878787879,,
1996-06-13,5261.07696969697,,
1996-06-14,5244.819393939395,,
1996-06-17,5239.59696969697,,
1996-06-18,5215.256363636364,,
1996-06-19,5214.523636363637,,
1996-06-20,5215.831515151515,,
1996-06-21,5253.289696969697,,
1996-06-24,5269.124242424243,,
1996-06-25,5266.249090909091,,
1996-06-26,5235.6509090909085,,
1996-06-27,5268.504242424242,,
1996-06-28,5284.895757575758,,
1996-07-01,5327.103636363636,,
1996-07-02,5310.2527272727275,,
1996-07-03,5300.784848484849,,
1996-07-05,5182.991515151514,,
1996-07-08,5145.899393939394,,
1996-07-09,5163.8078787878785,,
1996-07-10,5174.384242424242,,
1996-07-11,5092.942424242425,,
1996-07-12,5097.044242424242,,
1996-07-15,4967.770303030303,,
1996-07-16,4956.490303030304,,
1996-07-17,5001.916969696969,,
1996-07-18,5077.23696969697,,
1996-07-19,5039.147272727273,,
1996-07-22,5000.016363636364,,
1996-07-23,4945.650909090909,,
1996-07-24,4944.041818181818,,
1996-07-25,4979.7266666666665,,
1996-07-26,5017.044848484848,,
1996-07-29,4978.361818181818,,
1996-07-30,5012.923030303031,,
1996-07-31,5051.407878787879,,
1996-08-01,5131.921212121212,,
1996-08-02,5230.679999999999,,
1996-08-05,5213.278181818182,,
1996-08-06,5230.397575757575,,
1996-08-07,5245.210909090909,,
1996-08-08,5232.953939393939,,
1996-08-09,5230.387272727274,,
1996-08-12,5259.647878787879,,
1996-08-13,5217.058181818183,,
1996-08-14,5232.475757575758,,
1996-08-15,5234.609696969697,,
1996-08-16,5258.384242424243,,
1996-08-19,5269.372121212121,,
1996-08-20,5262.826666666667,,
1996-08-21,5258.58909090909,,
1996-08-22,5303.08909090909,,
1996-08-23,5274.418181818181,,
1996-08-26,5249.5254545454545,,
1996-08-27,5269.491515151514,,
1996-08-28,5258.294545454545,,
1996-08-29,5200.587272727273,,
1996-08-30,5157.963636363636,,
1996-09-03,5179.576969696969,,
1996-09-04,5188.698181818182,,
1996-09-05,5140.318181818182,,
1996-09-06,5190.119393939393,,
1996-09-09,5254.164848484848,,
1996-09-10,5255.225454545454,,
1996-09-11,5283.686060606061,,
1996-09-12,5316.047878787878,,
1996-09-13,5390.432121212121,,
1996-09-16,5419.17696969697,,
1996-09-17,5410.93696969697,,
1996-09-18,5399.512121212121,,
1996-09-19,5411.951515151515,,
1996-09-20,5443.900606060606,,
1996-09-23,5439.684848484849,,
1996-09-24,5432.790909090909,,
1996-09-25,5434.7169696969695,,
1996-09-26,5436.6660606060605,,
1996-09-27,5439.400606060606,,
1996-09-30,5448.2787878787885,,
1996-10-01,5462.333333333334,,
1996-10-02,5502.3090909090915,,
1996-10-03,5492.613333333334,,
1996-10-04,5561.57393939394,,
1996-10-07,5576.725454545455,,
1996-10-08,5556.59393939394,,
1996-10-09,5526.5048484848485,,
1996-10-10,5510.085454545455,,
1996-10-11,5558.078181818182,,
1996-10-14,5580.924242424242,,
1996-10-15,5573.27696969697,,
1996-10-16,5588.325454545455,,
1996-10-17,5609.197575757576,,
1996-10-18,5639.664242424242,,
1996-10-21,5631.984242424242,,
1996-10-22,5605.96,,
1996-10-23,5611.720606060606,,
1996-10-24,5572.230909090909,,
1996-10-25,5561.361212121212,,
1996-10-28,5532.321212121213,,
1996-10-29,5566.6218181818185,,
1996-10-30,5563.320606060606,,
1996-10-31,5598.546666666667,,
1996-11-01,5587.35393939394,,
1996-11-04,5611.369696969697,,
1996-11-05,5670.2127272727275,,
1996-11-06,5754.343636363636,,
1996-11-07,5779.812121212121,,
1996-11-08,5805.508484848486,,
1996-11-11,5813.8490909090915,,
1996-11-12,5796.1824242424245,,
1996-11-13,5810.15696969697,,
1996-11-14,5848.444848484849,,
1996-11-15,5862.678787878788,,
1996-11-18,5858.37090909091,,
1996-11-19,5899.3230303030305,,
1996-11-20,5914.624242424243,,
1996-11-21,5905.211515151515,,
1996-11-22,5952.858181818181,,
1996-11-25,6019.126666666666,,
1996-11-26,6011.994545454546,,
1996-11-27,6005.417575757576,,
1996-11-29,6021.723636363636,,
1996-12-02,6018.176363636363,,
1996-12-03,5952.415151515152,,
1996-12-04,5928.725454545454,,
1996-12-05,5923.689090909091,,
1996-12-06,5886.0957575757575,,
1996-12-09,5967.431515151516,,
1996-12-10,5949.405454545455,,
1996-12-11,5896.050909090909,,
1996-12-12,5806.996363636364,,
1996-12-13,5801.566666666667,,
1996-12-16,5740.7830303030305,,
1996-12-17,5781.08909090909,,
1996-12-18,5825.185454545455,,
1996-12-19,5938.641212121212,,
1996-12-20,5963.549696969697,,
1996-12-23,5948.029090909091,,
1996-12-24,5980.997575757576,,
1996-12-26,6019.143636363637,,
1996-12-27,6029.401212121212,,
1996-12-30,6006.089696969697,,
1996-12-31,5902.4042424242425,,
1997-01-02,5873.009090909091,,
1997-01-03,5960.967878787879,,
1997-01-06,5958.0351515151515,,
1997-01-07,6002.876969696969,,
1997-01-08,5966.057575757575,,
1997-01-09,6017.530303030303,,
1997-01-10,6054.599393939395,,
1997-01-13,6055.046060606061,,
1997-01-14,6129.618787878789,,
1997-01-15,6116.472727272727,,
1997-01-16,6136.993939393939,,
1997-01-17,6188.441818181818,,
1997-01-20,6192.6672727272735,,
1997-01-21,6240.6812121212115,,
1997-01-22,6269.129090909091,,
1997-01-23,6200.092727272728,,
1997-01-24,6143.957575757576,,
1997-01-27,6100.101818181818,,
1997-01-28,6100.58,,
1997-01-29,6161.384848484849,,
1997-01-30,6255.2775757575755,,
1997-01-31,6271.159393939393,,
1997-02-03,6276.304848484849,,
1997-02-04,6296.966666666666,,
1997-02-05,6210.418181818182,,
1997-02-06,6227.295151515151,,
1997-02-07,6302.487272727273,,
1997-02-10,6269.7678787878785,,
1997-02-11,6302.991515151515,,
1997-02-12,6409.910303030303,,
1997-02-13,6482.898787878788,,
1997-02-14,6456.434545454545,,
1997-02-18,6520.098181818182,,
1997-02-19,6490.4248484848495,,
1997-02-20,6413.345454545454,,
1997-02-21,6405.236969696969,,
1997-02-24,6473.261818181818,,
1997-02-25,6487.857575757576,,
1997-02-26,6437.726666666666,,
1997-02-27,6354.123030303031,,
1997-02-28,6320.3090909090915,,
1997-03-03,6356.26606060606,,
1997-03-04,6322.338787878787,,
1997-03-05,6412.695757575759,,
1997-03-06,6386.0612121212125,,
1997-03-07,6437.361818181818,,
1997-03-10,6506.895757575758,,
1997-03-11,6488.534545454544,,
1997-03-12,6433.400606060606,,
1997-03-13,6317.069090909091,,
1997-03-14,6345.999999999999,,
1997-03-17,6366.601818181818,,
1997-03-18,6318.306666666667,,
1997-03-19,6287.269696969697,,
1997-03-20,6262.633333333333,,
1997-03-21,6274.299999999999,,
1997-03-24,6328.761212121212,,
1997-03-25,6314.789696969697,,
1997-03-26,6327.74606060606,,
1997-03-27,6194.779393939394,,
1997-03-31,6060.618787878788,,
1997-04-01,6080.806666666666,,
1997-04-02,6005.609090909091,,
1997-04-03,6007.3381818181815,,
1997-04-04,6068.170909090909,,
1997-04-07,6102.102424242424,,
1997-04-08,6135.826666666667,,
1997-04-09,6091.977575757575,,
1997-04-10,6074.028484848484,,
1997-04-11,5908.717575757576,,
1997-04-14,5957.427272727273,,
1997-04-15,6045.4593939393935,,
1997-04-16,6116.453939393939,,
1997-04-17,6102.579393939394,,
1997-04-18,6139.189696969697,,
1997-04-21,6091.38,,
1997-04-22,6205.457575757576,,
1997-04-23,6197.991515151515,,
1997-04-24,6178.387272727273,,
1997-04-25,6131.84,,
1997-04-28,6193.432727272728,,
1997-04-29,6362.699393939393,,
1997-04-30,6422.428484848486,,
1997-05-01,6400.789090909092,,
1997-05-02,6516.551515151516,,
1997-05-05,6655.416363636364,,
1997-05-06,6636.073333333333,,
1997-05-07,6539.709696969698,,
1997-05-08,6577.058181818183,,
1997-05-09,6615.0806060606055,,
1997-05-12,6718.640606060606,,
1997-05-13,6683.493333333333,,
1997-05-14,6707.800606060606,,
1997-05-15,6756.7266666666665,,
1997-05-16,6660.5860606060605,,
1997-05-19,6688.962424242423,,
1997-05-20,6756.8339393939395,,
1997-05-21,6739.011515151515,,
1997-05-22,6709.561818181818,,
1997-05-23,6800.9648484848485,,
1997-05-27,6822.547272727273,,
1997-05-28,6803.64606060606,,
1997-05-29,6779.530303030303,,
1997-05-30,6813.448484848484,,
1997-06-02,6798.107272727272,,
1997-06-03,6791.151515151515,,
1997-06-04,6749.608484848485,,
1997-06-05,6777.141818181818,,
1997-06-06,6894.640606060607,,
1997-06-09,6934.256363636364,,
1997-06-10,6953.341818181819,,
1997-06-11,6989.173939393939,,
1997-06-12,7102.454545454545,,
1997-06-13,7181.206666666667,,
1997-06-16,7186.528484848484,,
1997-06-17,7190.709090909091,,
1997-06-18,7147.938787878789,,
1997-06-19,7219.952121212121,,
1997-06-20,7225.6769696969695,,
1997-06-23,7064.351515151515,,
1997-06-24,7206.824848484848,,
1997-06-25,7148.002424242423,,
1997-06-26,7106.850303030304,,
1997-06-27,7136.0763636363645,,
1997-06-30,7118.704848484847,,
1997-07-01,7167.0642424242415,,
1997-07-02,7272.58787878788,,
1997-07-03,7376.443636363636,,
1997-07-07,7338.520606060607,,
1997-07-08,7392.823636363637,,
1997-07-09,7302.9993939393935,,
1997-07-10,7353.437575757576,,
1997-07-11,7377.804848484849,,
1997-07-14,7391.487272727272,,
1997-07-15,7450.892727272728,,
1997-07-16,7538.563636363637,,
1997-07-17,7498.649090909091,,
1997-07-18,7367.4484848484835,,
1997-07-21,7348.468484848485,,
1997-07-22,7517.824242424243,,
1997-07-23,7538.776363636364,,
1997-07-24,7568.937575757576,,
1997-07-25,7556.7830303030305,,
1997-07-28,7537.96303030303,,
1997-07-29,7585.801212121212,,
1997-07-30,7667.963636363636,,
1997-07-31,7685.122424242424,,
1997-08-01,7627.832121212121,,
1997-08-04,7653.4096969696975,,
1997-08-05,7670.161818181819,,
1997-08-06,7734.873333333334,,
1997-08-07,7661.811515151516,,
1997-08-08,7519.665454545454,,
1997-08-11,7549.541212121211,,
1997-08-12,7465.577575757577,,
1997-08-13,7430.906060606061,,
1997-08-14,7453.30303030303,,
1997-08-15,7260.565454545455,,
1997-08-18,7355.609090909091,,
1997-08-19,7464.731515151514,,
1997-08-20,7573.395757575759,,
1997-08-21,7458.249090909091,,
1997-08-22,7446.219999999999,,
1997-08-25,7418.903636363636,,
1997-08-26,7361.4496969696975,,
1997-08-27,7368.020606060607,,
1997-08-28,7288.235757575758,,
1997-08-29,7254.587878787879,,
1997-09-02,7481.452121212121,,
1997-09-03,7485.686060606061,,
1997-09-04,7510.147272727272,,
1997-09-05,7495.850909090909,,
1997-09-08,7513.6660606060605,,
1997-09-09,7533.240606060606,,
1997-09-10,7415.774545454545,,
1997-09-11,7366.141212121212,,
1997-09-12,7457.698181818182,,
1997-09-15,7425.798181818182,,
1997-09-16,7634.660606060606,,
1997-09-17,7613.871515151515,,
1997-09-18,7648.848484848484,,
1997-09-19,7674.985454545454,,
1997-09-22,7714.86606060606,,
1997-09-23,7686.620606060606,,
1997-09-24,7626.641212121212,,
1997-09-25,7573.629090909091,,
1997-09-26,7635.08787878788,,
1997-09-29,7700.847272727272,,
1997-09-30,7651.895757575757,,
1997-10-01,7718.246666666667,,
1997-10-02,7759.406666666668,,
1997-10-03,7796.47212121212,,
1997-10-06,7858.357575757575,,
1997-10-07,7943.0254545454545,,
1997-10-08,7870.1812121212115,,
1997-10-09,7844.384848484849,,
1997-10-10,7815.387272727273,,
1997-10-13,7824.439393939394,,
1997-10-14,7842.058787878787,,
1997-10-15,7805.34909090909,,
1997-10-16,7720.750303030303,,
1997-10-17,7631.275757575757,,
1997-10-20,7723.902424242424,,
1997-10-21,7858.657575757576,,
1997-10-22,7828.516969696971,,
1997-10-23,7684.740606060606,,
1997-10-24,7611.586666666668,,
1997-10-27,7088.9993939393935,,
1997-10-28,7451.617575757577,,
1997-10-29,7431.60303030303,,
1997-10-30,7307.794545454546,,
1997-10-31,7396.3436363636365,,
1997-11-03,7593.669696969697,,
1997-11-04,7608.072727272727,,
1997-11-05,7625.355151515151,,
1997-11-06,7587.687272727273,,
1997-11-07,7504.233939393938,,
1997-11-10,7453.286666666668,,
1997-11-11,7474.728484848485,,
1997-11-12,7332.221818181819,,
1997-11-13,7419.362424242424,,
1997-11-14,7514.425454545454,,
1997-11-17,7659.161212121212,,
1997-11-18,7595.521212121212,,
1997-11-19,7648.175151515152,,
1997-11-20,7764.761212121212,,
1997-11-21,7798.144848484849,,
1997-11-24,7665.418181818182,,
1997-11-25,7699.864242424242,,
1997-11-26,7708.083636363636,,
1997-11-28,7738.741212121212,,
1997-12-01,7895.873333333333,,
1997-12-02,7870.932727272727,,
1997-12-03,7914.164242424242,,
1997-12-04,7884.704242424243,,
1997-12-05,7971.3781818181815,,
1997-12-08,7960.423636363636,,
1997-12-09,7907.0309090909095,,
1997-12-10,7859.010909090908,,
1997-12-11,7740.7515151515145,,
1997-12-12,7728.244242424242,,
1997-12-15,7809.426666666667,,
1997-12-16,7847.12,,
1997-12-17,7827.389696969696,,
1997-12-18,7744.7818181818175,,
1997-12-19,7675.765454545454,,
1997-12-22,7732.021818181818,,
1997-12-23,7614.034545454547,,
1997-12-24,7562.122424242423,,
1997-12-26,7592.6563636363635,,
1997-12-29,7732.207878787879,,
1997-12-30,7874.767272727273,,
1997-12-31,7871.644848484849,,
1998-01-02,7909.330909090909,,
1998-01-05,7925.943636363637,,
1998-01-06,7841.230303030304,,
1998-01-07,7822.166666666666,,
1998-01-08,7758.023030303029,,
1998-01-09,7527.891515151515,,
1998-01-12,7621.372121212122,,
1998-01-13,7726.497575757576,,
1998-01-14,7773.97090909091,,
1998-01-15,7715.743636363636,,
1998-01-16,7803.229696969697,,
1998-01-20,7942.006060606061,,
1998-01-21,7879.28,,
1998-01-22,7816.249696969698,,
1998-01-23,7772.097575757576,,
1998-01-26,7766.9030303030295,,
1998-01-27,7864.867272727272,,
1998-01-28,7935.1866666666665,,
1998-01-29,8000.976363636364,,
1998-01-30,7958.709696969698,,
1998-02-02,8129.180606060607,,
1998-02-03,8168.0048484848485,,
1998-02-04,8176.400606060606,,
1998-02-05,8150.0903030303025,,
1998-02-06,8224.010909090908,,
1998-02-09,8210.616363636364,,
1998-02-10,8277.902424242424,,
1998-02-11,8287.821212121213,,
1998-02-12,8322.150303030303,,
1998-02-13,8289.483636363635,,
1998-02-17,8311.59515151515,,
1998-02-18,8389.334545454545,,
1998-02-19,8358.698181818181,,
1998-02-20,8406.999393939393,,
1998-02-23,8439.132727272727,,
1998-02-24,8377.530909090909,,
1998-02-25,8478.998181818182,,
1998-02-26,8526.966666666667,,
1998-02-27,8532.731515151516,,
1998-03-02,8519.58303030303,,
1998-03-03,8554.768484848484,,
1998-03-04,8518.533333333333,,
1998-03-05,8419.824848484848,,
1998-03-06,8588.497575757576,,
1998-03-09,8561.08909090909,,
1998-03-10,8658.349696969697,,
1998-03-11,8694.292727272728,,
1998-03-12,8707.466666666665,,
1998-03-13,8696.935757575759,,
1998-03-16,8783.814545454545,,
1998-03-17,8793.41818181818,,
1998-03-18,8835.096363636363,,
1998-03-19,8869.752727272727,,
1998-03-20,8946.490303030303,,
1998-03-23,8917.261212121211,,
1998-03-24,8999.511515151515,,
1998-03-25,8969.378787878788,,
1998-03-26,8960.196969696968,,
1998-03-27,8918.130909090909,,
1998-03-30,8902.850303030304,,
1998-03-31,8969.681818181818,,
1998-04-01,9022.396363636364,,
1998-04-02,9119.31696969697,,
1998-04-03,9141.358181818183,,
1998-04-06,9130.683636363636,,
1998-04-07,9037.062424242424,,
1998-04-08,8972.93878787879,,
1998-04-09,9046.536969696968,,
1998-04-13,9039.059393939393,,
1998-04-14,9088.429696969697,,
1998-04-15,9117.574545454545,,
1998-04-16,9026.921818181818,,
1998-04-17,9145.524848484849,,
1998-04-20,9153.100606060607,,
1998-04-21,9177.725454545454,,
1998-04-22,9209.836363636365,,
1998-04-23,9120.666060606061,,
1998-04-24,9025.52303030303,,
1998-04-27,8851.513333333334,,
1998-04-28,8840.792727272728,,
1998-04-29,8919.789696969698,,
1998-04-30,9059.922424242424,,
1998-05-01,9135.36,,
1998-05-04,9144.079393939393,,
1998-05-05,9090.718181818182,,
1998-05-06,9006.656363636364,,
1998-05-07,8927.172121212123,,
1998-05-08,9033.19212121212,,
1998-05-11,9025.480606060608,,
1998-05-12,9100.505454545455,,
1998-05-13,9127.281818181818,,
1998-05-14,9115.322424242424,,
1998-05-15,9045.21393939394,,
1998-05-18,9022.501818181818,,
1998-05-19,9052.747878787879,,
1998-05-20,9131.793333333333,,
1998-05-21,9095.733333333334,,
1998-05-22,9061.762424242424,,
1998-05-26,8927.623636363638,,
1998-05-27,8914.207878787878,,
1998-05-28,8959.300000000001,,
1998-05-29,8904.202424242425,,
1998-06-01,8905.810303030303,,
1998-06-02,8924.144848484848,,
1998-06-03,8840.496363636363,,
1998-06-04,8939.342424242424,,
1998-06-05,9095.041212121212,,
1998-06-08,9110.718787878788,,
1998-06-09,9132.880606060608,,
1998-06-10,9083.329696969697,,
1998-06-11,8941.17696969697,,
1998-06-12,8976.114545454546,,
1998-06-15,8797.848484848486,,
1998-06-16,8884.306666666665,,
1998-06-17,9044.104848484849,,
1998-06-18,9038.451515151515,,
1998-06-19,8991.78787878788,,
1998-06-22,9012.873333333333,,
1998-06-23,9145.883636363636,,
1998-06-24,9255.610909090909,,
1998-06-25,9226.198787878788,,
1998-06-26,9259.753333333334,,
1998-06-29,9303.077575757578,,
1998-06-30,9265.881212121212,,
1998-07-01,9386.493333333334,,
1998-07-02,9369.012727272726,,
1998-07-06,9459.546666666667,,
1998-07-07,9437.84606060606,,
1998-07-08,9536.061212121213,,
1998-07-09,9472.24909090909,,
1998-07-10,9519.440606060605,,
1998-07-13,9526.864242424243,,
1998-07-14,9628.298181818182,,
1998-07-15,9605.69090909091,,
1998-07-16,9680.938181818183,,
1998-07-17,9703.505454545455,,
1998-07-20,9681.919393939392,,
1998-07-21,9526.34303030303,,
1998-07-22,9518.951515151515,,
1998-07-23,9320.105454545454,,
1998-07-24,9328.691515151515,,
1998-07-27,9381.607272727273,,
1998-07-28,9242.347272727273,,
1998-07-29,9203.022424242425,,
1998-07-30,9349.46606060606,,
1998-07-31,9167.213333333333,,
1998-08-03,9100.193333333333,,
1998-08-04,8770.572727272727,,
1998-08-05,8848.002424242424,,
1998-08-06,8915.869696969698,,
1998-08-07,8914.421818181818,,
1998-08-10,8863.330303030303,,
1998-08-11,8749.169090909092,,
1998-08-12,8875.555757575758,,
1998-08-13,8799.547272727272,,
1998-08-14,8700.45212121212,,
1998-08-17,8871.980606060606,,
1998-08-18,9016.423636363636,,
1998-08-19,8991.270303030304,,
1998-08-20,8938.906060606061,,
1998-08-21,8854.217575757575,,
1998-08-24,8910.762424242424,,
1998-08-25,8949.35696969697,,
1998-08-26,8879.152727272727,,
1998-08-27,8539.25696969697,,
1998-08-28,8413.951515151513,,
1998-08-31,7841.84,,
1998-09-01,8145.1163636363635,,
1998-09-02,8116.001818181819,,
1998-09-03,8048.892121212121,,
1998-09-04,7980.683030303029,,
1998-09-08,8387.38303030303,,
1998-09-09,8246.435151515152,,
1998-09-10,8033.414545454546,,
1998-09-11,8272.42,,
1998-09-14,8443.424848484849,,
1998-09-15,8508.743636363637,,
1998-09-16,8573.284242424243,,
1998-09-17,8355.647272727274,,
1998-09-18,8365.685454545453,,
1998-09-21,8397.021212121212,,
1998-09-22,8444.111515151515,,
1998-09-23,8743.411515151516,,
1998-09-24,8551.761212121213,,
1998-09-25,8568.410303030303,,
1998-09-28,8603.421818181818,,
1998-09-29,8606.27696969697,,
1998-09-30,8344.19696969697,,
1998-10-01,8093.101818181817,,
1998-10-02,8226.560606060606,,
1998-10-05,8111.359393939394,,
1998-10-06,8079.203030303031,,
1998-10-07,7967.442424242424,,
1998-10-08,7875.388484848486,,
1998-10-09,8080.186060606062,,
1998-10-12,8189.520606060606,,
1998-10-13,8166.143030303031,,
1998-10-14,8254.35515151515,,
1998-10-15,8598.827878787879,,
1998-10-16,8672.216363636364,,
1998-10-19,8721.224242424241,,
1998-10-20,8733.86606060606,,
1998-10-21,8783.638181818182,,
1998-10-22,8854.125454545454,,
1998-10-23,8790.089090909092,,
1998-10-26,8803.635151515151,,
1998-10-27,8746.330303030303,,
1998-10-28,8770.607272727273,,
1998-10-29,8918.249696969697,,
1998-10-30,9022.926666666666,,
1998-11-02,9129.148484848485,,
1998-11-03,9123.153333333335,,
1998-11-04,9188.781818181818,,
1998-11-05,9314.250909090908,,
1998-11-06,9373.930909090908,,
1998-11-09,9286.575757575758,,
1998-11-10,9272.246060606061,,
1998-11-11,9212.335151515152,,
1998-11-12,9186.341212121211,,
1998-11-13,9252.784242424243,,
1998-11-16,9336.424848484849,,
1998-11-17,9364.913939393939,,
1998-11-18,9408.47090909091,,
1998-11-19,9475.889090909091,,
1998-11-20,9565.853939393939,,
1998-11-23,9768.746666666666,,
1998-11-24,9726.480606060606,,
1998-11-25,9759.253333333334,,
1998-11-27,9805.776969696968,,
1998-11-30,9569.78787878788,,
1998-12-01,9665.886666666667,,
1998-12-02,9634.995757575758,,
1998-12-03,9461.578181818182,,
1998-12-04,9680.451515151515,,
1998-12-07,9770.761818181818,,
1998-12-08,9719.35393939394,,
1998-12-09,9737.461818181819,,
1998-12-10,9585.733333333334,,
1998-12-11,9599.54,,
1998-12-14,9391.700606060605,,
1998-12-15,9569.798787878788,,
1998-12-16,9562.82,,
1998-12-17,9711.956969696968,,
1998-12-18,9778.262424242423,,
1998-12-21,9900.372727272728,,
1998-12-22,9906.545454545454,,
1998-12-23,10112.130909090909,,
1998-12-24,10093.627272727272,,
1998-12-28,10087.207272727273,,
1998-12-29,10224.445454545454,,
1998-12-30,10143.38606060606,,
1998-12-31,10121.24606060606,,
1999-01-04,10112.246060606061,,
1999-01-05,10250.018787878787,,
1999-01-06,10479.28909090909,,
1999-01-07,10458.426666666666,,
1999-01-08,10502.575757575756,,
1999-01-11,10410.241818181818,,
1999-01-12,10209.512727272726,,
1999-01-13,10168.05696969697,,
1999-01-14,9985.247878787879,,
1999-01-15,10241.322424242424,,
1999-01-19,10313.400606060606,,
1999-01-20,10352.04303030303,,
1999-01-21,10175.30484848485,,
1999-01-22,10093.253939393939,,
1999-01-25,10165.707878787878,,
1999-01-26,10316.754545454547,,
1999-01-27,10242.882424242423,,
1999-01-28,10426.891515151516,,
1999-01-29,10544.478787878788,,
1999-02-01,10489.764242424242,,
1999-02-02,10399.467878787878,,
1999-02-03,10483.884242424241,,
1999-02-04,10290.355151515152,,
1999-02-05,10215.655757575758,,
1999-02-08,10253.315151515151,,
1999-02-09,10025.680606060607,,
1999-02-10,10088.729696969698,,
1999-02-11,10340.93393939394,,
1999-02-12,10144.074545454547,,
1999-02-16,10240.936363636363,,
1999-02-17,10095.016363636365,,
1999-02-18,10205.077575757576,,
1999-02-19,10221.111515151515,,
1999-02-22,10492.867272727273,,
1999-02-23,10485.122424242423,,
1999-02-24,10339.563636363637,,
1999-02-25,10271.706666666667,,
1999-02-26,10216.767878787878,,
1999-03-01,10199.153333333334,,
1999-03-02,10111.349696969697,,
1999-03-03,10131.770303030302,,
1999-03-04,10289.45393939394,,
1999-03-05,10527.59090909091,,
1999-03-08,10588.133333333333,,
1999-03-09,10564.30303030303,,
1999-03-10,10622.735757575758,,
1999-03-11,10714.728484848485,,
1999-03-12,10689.32181818182,,
1999-03-15,10794.085454545455,,
1999-03-16,10786.877575757577,,
1999-03-17,10716.799393939395,,
1999-03-18,10871.818181818182,,
1999-03-19,10729.313333333335,,
1999-03-22,10710.65090909091,,
1999-03-23,10422.761818181818,,
1999-03-24,10476.183030303031,,
1999-03-25,10653.030909090909,,
1999-03-26,10593.65393939394,,
1999-03-29,10821.201212121212,,
1999-03-30,10744.182424242423,,
1999-03-31,10625.527878787878,,
1999-04-01,10686.74303030303,,
1999-04-05,10913.13818181818,,
1999-04-06,10886.88606060606,,
1999-04-07,10963.44787878788,,
1999-04-08,11105.108484848484,,
1999-04-09,11141.21696969697,,
1999-04-12,11226.37393939394,,
1999-04-13,11153.941212121212,,
1999-04-14,10977.495151515153,,
1999-04-15,10931.418181818182,,
1999-04-16,10899.529696969697,,
1999-04-19,10655.674545454547,,
1999-04-20,10793.592727272728,,
1999-04-21,11041.672727272728,,
1999-04-22,11229.471515151516,,
1999-04-23,11213.191515151517,,
1999-04-26,11239.553939393938,,
1999-04-27,11262.36303030303,,
1999-04-28,11164.953333333333,,
1999-04-29,11100.149696969696,,
1999-04-30,11037.003636363637,,
1999-05-03,11197.783636363636,,
1999-05-04,11010.816363636362,,
1999-05-05,11139.862424242423,,
1999-05-06,11014.48303030303,,
1999-05-07,11121.581212121213,,
1999-05-10,11085.809696969698,,
1999-05-11,11213.110909090909,,
1999-05-12,11284.685454545455,,
1999-05-13,11314.378181818181,,
1999-05-14,11068.542424242425,,
1999-05-17,11082.830909090908,,
1999-05-18,11032.509090909092,,
1999-05-19,11123.221818181819,,
1999-05-20,11079.10909090909,,
1999-05-21,11008.529696969697,,
1999-05-24,10812.976363636364,,
1999-05-25,10629.05696969697,,
1999-05-26,10799.05212121212,,
1999-05-27,10607.224242424241,,
1999-05-28,10776.380606060606,,
1999-06-01,10713.957575757577,,
1999-06-02,10720.712727272728,,
1999-06-03,10760.00787878788,,
1999-06-04,10993.764848484849,,
1999-06-07,11050.259393939394,,
1999-06-08,10908.28484848485,,
1999-06-09,10919.944242424242,,
1999-06-10,10789.034545454546,,
1999-06-11,10715.38909090909,,
1999-06-14,10718.569696969698,,
1999-06-15,10777.936363636363,,
1999-06-16,11020.596363636363,,
1999-06-17,11099.721212121212,,
1999-06-18,11124.109696969697,,
1999-06-21,11175.337575757576,,
1999-06-22,11066.674545454545,,
1999-06-23,11043.445454545454,,
1999-06-24,10900.318181818182,,
1999-06-25,10896.449090909091,,
1999-06-28,11030.84606060606,,
1999-06-29,11197.49090909091,,
1999-06-30,11374.445454545454,,
1999-07-01,11443.327878787879,,
1999-07-02,11528.347272727275,,
1999-07-06,11503.935757575759,,
1999-07-07,11570.5,,
1999-07-08,11559.293333333333,,
1999-07-09,11632.739393939395,,
1999-07-12,11598.105454545454,,
1999-07-13,11552.652727272727,,
1999-07-14,11591.152121212122,,
1999-07-15,11686.116363636364,,
1999-07-16,11762.171515151515,,
1999-07-19,11669.98303030303,,
1999-07-20,11416.735757575758,,
1999-07-21,11435.505454545455,,
1999-07-22,11283.790909090909,,
1999-07-23,11250.378181818181,,
1999-07-26,11174.266666666666,,
1999-07-27,11299.295151515153,,
1999-07-28,11321.49818181818,,
1999-07-29,11121.311515151516,,
1999-07-30,11019.281212121212,,
1999-08-02,11013.75818181818,,
1999-08-03,10965.433939393937,,
1999-08-04,10827.314545454547,,
1999-08-05,10897.63696969697,,
1999-08-06,10788.255151515152,,
1999-08-09,10767.75393939394,,
1999-08-10,10632.289696969698,,
1999-08-11,10805.16181818182,,
1999-08-12,10774.247272727273,,
1999-08-13,11019.667272727273,,
1999-08-16,11045.629090909091,,
1999-08-17,11156.851515151517,,
1999-08-18,11064.005454545455,,
1999-08-19,10987.751515151516,,
1999-08-20,11095.853333333334,,
1999-08-23,11291.975757575758,,
1999-08-24,11319.271515151515,,
1999-08-25,11471.91393939394,,
1999-08-26,11307.820606060606,,
1999-08-27,11194.66,,
1999-08-30,10994.616363636364,,
1999-08-31,10964.763636363637,,
1999-09-01,11055.75090909091,,
1999-09-02,10956.55393939394,,
1999-09-03,11273.635757575757,,
1999-09-07,11218.241212121213,,
1999-09-08,11167.011515151515,,
1999-09-09,11196.18909090909,,
1999-09-10,11229.420606060607,,
1999-09-13,11169.479393939393,,
1999-09-14,11104.413333333334,,
1999-09-15,10952.558181818182,,
1999-09-16,10957.436363636365,,
1999-09-17,11098.368484848486,,
1999-09-20,11099.482424242424,,
1999-09-21,10867.216969696969,,
1999-09-22,10891.809090909092,,
1999-09-23,10641.686060606062,,
1999-09-24,10616.33696969697,,
1999-09-27,10665.788484848486,,
1999-09-28,10659.206060606062,,
1999-09-29,10544.956969696968,,
1999-09-30,10664.17696969697,,
1999-10-01,10665.241212121213,,
1999-10-04,10846.743636363637,,
1999-10-05,10820.146060606061,,
1999-10-06,11021.87393939394,,
1999-10-07,10957.558787878788,,
1999-10-08,11110.407878787879,,
1999-10-11,11103.671515151515,,
1999-10-12,10919.313333333334,,
1999-10-13,10691.50303030303,,
1999-10-14,10673.82181818182,,
1999-10-15,10374.337575757574,,
1999-10-18,10430.309090909092,,
1999-10-19,10490.106666666667,,
1999-10-20,10724.54787878788,,
1999-10-21,10676.26606060606,,
1999-10-22,10826.40303030303,,
1999-10-25,10759.713939393938,,
1999-10-26,10662.233333333334,,
1999-10-27,10786.155151515151,,
1999-10-28,11168.487878787879,,
1999-10-29,11339.013333333334,,
1999-11-01,11265.826060606061,,
1999-11-02,11212.887878787878,,
1999-11-03,11274.404242424242,,
1999-11-04,11338.676363636365,,
1999-11-05,11401.974545454546,,
1999-11-08,11459.441212121214,,
1999-11-09,11364.054545454544,,
1999-11-10,11433.381818181819,,
1999-11-11,11499.978181818182,,
1999-11-12,11622.564848484848,,
1999-11-15,11608.911515151514,,
1999-11-16,11823.216363636364,,
1999-11-17,11746.79393939394,,
1999-11-18,11865.901212121213,,
1999-11-19,11841.444242424242,,
1999-11-22,11832.767272727273,,
1999-11-23,11697.58,,
1999-11-24,11801.277575757576,,
1999-11-26,11798.296363636364,,
1999-11-29,11726.937575757576,,
1999-11-30,11569.513333333334,,
1999-12-01,11645.406666666666,,
1999-12-02,11739.81393939394,,
1999-12-03,11941.96787878788,,
1999-12-06,11859.166060606061,,
1999-12-07,11741.452121212122,,
1999-12-08,11698.441212121212,,
1999-12-09,11733.889696969696,,
1999-12-10,11808.32909090909,,
1999-12-13,11795.32909090909,,
1999-12-14,11695.047272727272,,
1999-12-15,11780.04484848485,,
1999-12-16,11826.129090909091,,
1999-12-17,11845.100606060607,,
1999-12-20,11820.869090909091,,
1999-12-21,11948.831515151514,,
1999-12-22,11972.738181818182,,
1999-12-23,12158.024242424242,,
1999-12-27,12147.68606060606,,
1999-12-28,12152.371515151515,,
1999-12-29,12202.326060606061,,
1999-12-30,12210.956363636364,,
1999-12-31,12250.912727272727,,
2000-01-03,12134.019393939394,,
2000-01-04,11669.135757575757,,
2000-01-05,11692.592121212123,,
2000-01-06,11706.101212121212,,
2000-01-07,12023.224242424243,,
2000-01-10,12157.997575757578,,
2000-01-11,11999.541212121212,,
2000-01-12,11947.632727272727,,
2000-01-13,12093.031515151515,,
2000-01-14,12222.080606060605,,
2000-01-18,12138.695151515152,,
2000-01-19,12145.57696969697,,
2000-01-20,12059.434545454546,,
2000-01-21,12024.313333333334,,
2000-01-24,11692.129696969696,,
2000-01-25,11763.039999999999,,
2000-01-26,11713.836363636363,,
2000-01-27,11668.527272727273,,
2000-01-28,11349.164848484848,,
2000-01-31,11635.39696969697,,
2000-02-01,11759.05575757576,,
2000-02-02,11758.85515151515,,
2000-02-03,11892.172121212121,,
2000-02-04,11887.53212121212,,
2000-02-07,11886.664242424244,,
2000-02-08,12033.28606060606,,
2000-02-09,11785.287272727273,,
2000-02-10,11828.163636363637,,
2000-02-11,11581.32909090909,,
2000-02-14,11605.324242424243,,
2000-02-15,11706.53696969697,,
2000-02-16,11588.60787878788,,
2000-02-17,11593.67696969697,,
2000-02-18,11241.522424242425,,
2000-02-22,11292.49818181818,,
2000-02-23,11364.620606060605,,
2000-02-24,11304.268484848486,,
2000-02-25,11137.556363636364,,
2000-02-28,11261.623636363636,,
2000-02-29,11415.144848484848,,
2000-03-01,11524.282424242423,,
2000-03-02,11545.982424242426,,
2000-03-03,11775.070303030303,,
2000-03-06,11626.926666666666,,
2000-03-07,11329.250303030303,,
2000-03-08,11423.085454545455,,
2000-03-09,11715.804242424243,,
2000-03-10,11660.472121212122,,
2000-03-13,11566.18181818182,,
2000-03-14,11361.73696969697,,
2000-03-15,11638.058181818182,,
2000-03-16,12194.11696969697,,
2000-03-17,12244.315757575758,,
2000-03-20,12178.958181818181,,
2000-03-21,12490.324242424242,,
2000-03-22,12547.103636363638,,
2000-03-23,12770.455757575757,,
2000-03-24,12771.375757575759,,
2000-03-27,12741.27515151515,,
2000-03-28,12606.543030303032,,
2000-03-29,12614.820606060606,,
2000-03-30,12442.731515151514,,
2000-03-31,12531.875757575759,,
2000-04-03,12593.766666666666,,
2000-04-04,12500.16424242424,,
2000-04-05,12439.492121212123,,
2000-04-06,12558.511515151515,,
2000-04-07,12684.07696969697,,
2000-04-10,12584.618181818181,,
2000-04-11,12552.823636363637,,
2000-04-12,12274.118181818181,,
2000-04-13,12051.101818181818,,
2000-04-14,11348.787878787878,,
2000-04-17,11724.247272727273,,
2000-04-18,12060.839393939395,,
2000-04-19,11942.89212121212,,
2000-04-20,12002.168484848486,,
2000-04-24,11963.105454545455,,
2000-04-25,12361.18909090909,,
2000-04-26,12224.495151515152,,
2000-04-27,12258.667272727273,,
2000-04-28,12154.843636363636,,
2000-05-01,12287.243636363635,,
2000-05-02,12103.59393939394,,
2000-05-03,11843.804242424243,,
2000-05-04,11797.880000000001,,
2000-05-05,11991.022424242425,,
2000-05-08,11921.284242424243,,
2000-05-09,11821.18787878788,,
2000-05-10,11580.56,,
2000-05-11,11790.166060606061,,
2000-05-12,11900.555151515151,,
2000-05-15,12163.823636363637,,
2000-05-16,12278.52181818182,,
2000-05-17,12126.903636363637,,
2000-05-18,12038.795757575757,,
2000-05-19,11785.758181818182,,
2000-05-22,11733.57090909091,,
2000-05-23,11508.720606060606,,
2000-05-24,11720.313333333334,,
2000-05-25,11573.74303030303,,
2000-05-26,11545.34303030303,,
2000-05-30,11918.718181818183,,
2000-05-31,11905.462424242423,,
2000-06-01,12142.09696969697,,
2000-06-02,12380.537575757577,,
2000-06-05,12299.990303030303,,
2000-06-06,12218.084242424244,,
2000-06-07,12332.79393939394,,
2000-06-08,12251.858181818181,,
2000-06-09,12212.29515151515,,
2000-06-12,12120.729090909092,,
2000-06-13,12318.658787878787,,
2000-06-14,12328.43393939394,,
2000-06-15,12397.112121212122,,
2000-06-16,12278.777575757576,,
2000-06-19,12459.60606060606,,
2000-06-20,12375.390303030304,,
2000-06-21,12402.129090909091,,
2000-06-22,12176.571515151516,,
2000-06-23,12086.851515151515,,
2000-06-26,12202.816363636362,,
2000-06-27,12162.903636363637,,
2000-06-28,12200.47696969697,,
2000-06-29,12096.328484848485,,
2000-06-30,12198.968484848485,,
2000-07-03,12324.706666666667,,
2000-07-05,12131.567878787879,,
2000-07-06,12220.68606060606,,
2000-07-07,12407.183636363636,,
2000-07-10,12379.666666666666,,
2000-07-11,12424.206060606062,,
2000-07-12,12525.973939393938,,
2000-07-13,12550.658181818182,,
2000-07-14,12669.314545454547,,
2000-07-17,12673.593939393939,,
2000-07-18,12533.172121212121,,
2000-07-19,12434.90303030303,,
2000-07-20,12549.136363636364,,
2000-07-21,12420.084242424242,,
2000-07-24,12287.340606060607,,
2000-07-25,12372.781212121212,,
2000-07-26,12187.93696969697,,
2000-07-27,12165.41393939394,,
2000-07-28,11916.360606060605,,
2000-07-31,12008.249696969697,,
2000-08-01,12069.26303030303,,
2000-08-02,12075.20484848485,,
2000-08-03,12192.700606060605,,
2000-08-04,12281.22303030303,,
2000-08-07,12419.017575757578,,
2000-08-08,12449.181212121212,,
2000-08-09,12366.961818181819,,
2000-08-10,12262.610303030302,,
2000-08-11,12360.65212121212,,
2000-08-14,12526.682424242423,,
2000-08-15,12466.827272727272,,
2000-08-16,12429.899393939393,,
2000-08-17,12566.289696969698,,
2000-08-18,12530.179999999998,,
2000-08-21,12595.438181818181,,
2000-08-22,12584.123636363636,,
2000-08-23,12650.88606060606,,
2000-08-24,12670.669090909092,,
2000-08-25,12655.170303030302,,
2000-08-28,12719.51878787879,,
2000-08-29,12684.75696969697,,
2000-08-30,12627.164848484848,,
2000-08-31,12754.135151515151,,
2000-09-01,12780.338181818182,,
2000-09-05,12665.297575757577,,
2000-09-06,12541.819393939395,,
2000-09-07,12628.370303030302,,
2000-09-08,12561.098181818183,,
2000-09-11,12517.216363636366,,
2000-09-12,12456.145454545454,,
2000-09-13,12483.461818181819,,
2000-09-14,12449.724848484848,,
2000-09-15,12323.148484848485,,
2000-09-18,12144.305454545454,,
2000-09-19,12273.72606060606,,
2000-09-20,12202.053939393938,,
2000-09-21,12183.095757575758,,
2000-09-22,12180.354545454544,,
2000-09-25,12098.884242424243,,
2000-09-26,11999.539393939394,,
2000-09-27,11995.814545454547,,
2000-09-28,12262.619393939394,,
2000-09-29,12080.801818181819,,
2000-10-02,12078.447272727273,,
2000-10-03,11996.577575757578,,
2000-10-04,12064.353939393939,,
2000-10-05,12083.009696969697,,
2000-10-06,11853.435151515152,,
2000-10-09,11794.88303030303,,
2000-10-10,11669.129696969698,,
2000-10-11,11481.004242424242,,
2000-10-12,11188.390303030303,,
2000-10-13,11561.900606060606,,
2000-10-16,11565.686666666666,,
2000-10-17,11358.288484848485,,
2000-10-18,11293.006060606062,,
2000-10-19,11685.46303030303,,
2000-10-20,11754.20787878788,,
2000-10-23,11744.582424242424,,
2000-10-24,11764.439999999999,,
2000-10-25,11485.039393939394,,
2000-10-26,11481.303636363637,,
2000-10-27,11609.391515151514,,
2000-10-30,11770.929090909089,,
2000-10-31,12029.72484848485,,
2000-11-01,11961.918181818182,,
2000-11-02,12022.610303030304,,
2000-11-03,12009.100606060607,,
2000-11-06,12055.70787878788,,
2000-11-07,12053.300606060606,,
2000-11-08,11864.353333333334,,
2000-11-09,11789.308484848485,,
2000-11-10,11501.678181818183,,
2000-11-13,11378.870909090909,,
2000-11-14,11646.454545454546,,
2000-11-15,11705.716363636362,,
2000-11-16,11558.76,,
2000-11-17,11520.495757575758,,
2000-11-20,11309.167272727273,,
2000-11-21,11349.817575757577,,
2000-11-22,11139.373939393938,,
2000-11-24,11303.041212121212,,
2000-11-27,11363.719393939395,,
2000-11-28,11256.347272727273,,
2000-11-29,11308.421212121211,,
2000-11-30,11081.310303030303,,
2000-12-01,11083.669696969697,,
2000-12-04,11165.809696969696,,
2000-12-05,11600.535757575759,,
2000-12-06,11391.41212121212,,
2000-12-07,11325.059393939393,,
2000-12-08,11547.18606060606,,
2000-12-11,11634.226666666667,,
2000-12-12,11558.193333333333,,
2000-12-13,11466.26303030303,,
2000-12-14,11305.776363636363,,
2000-12-15,11063.165454545453,,
2000-12-18,11152.630303030302,,
2000-12-19,11008.266666666666,,
2000-12-20,10664.343030303029,,
2000-12-21,10749.776363636363,,
2000-12-22,11012.1,,
2000-12-26,11089.852121212121,,
2000-12-27,11208.129696969696,,
2000-12-28,11253.11696969697,,
2000-12-29,11135.543636363636,,
2001-01-02,10823.392727272727,,
2001-01-03,11367.054545454546,,
2001-01-04,11247.383636363635,,
2001-01-05,10952.292727272727,,
2001-01-08,10933.56606060606,,
2001-01-09,10975.64303030303,,
2001-01-10,11081.796363636364,,
2001-01-11,11196.161212121213,,
2001-01-12,11124.452121212122,,
2001-01-16,11194.743636363637,,
2001-01-17,11219.164242424244,,
2001-01-18,11375.400606060606,,
2001-01-19,11329.602424242425,,
2001-01-22,11332.640606060606,,
2001-01-23,11480.321818181817,,
2001-01-24,11513.39393939394,,
2001-01-25,11456.19393939394,,
2001-01-26,11435.130303030302,,
2001-01-29,11513.64303030303,,
2001-01-30,11594.701212121212,,
2001-01-31,11530.622424242423,,
2001-02-01,11594.622424242423,,
2001-02-02,11392.052121212122,,
2001-02-05,11433.214545454546,,
2001-02-06,11416.47393939394,,
2001-02-07,11322.956363636364,,
2001-02-08,11252.479393939395,,
2001-02-09,11102.776363636365,,
2001-02-12,11234.252121212121,,
2001-02-13,11138.015151515152,,
2001-02-14,11115.76909090909,,
2001-02-15,11206.94787878788,,
2001-02-16,10995.245454545455,,
2001-02-20,10804.524848484849,,
2001-02-21,10605.210303030302,,
2001-02-22,10584.866666666667,,
2001-02-23,10526.206060606062,,
2001-02-26,10710.866666666667,,
2001-02-27,10629.591515151515,,
2001-02-28,10479.241212121213,,
2001-03-01,10490.396969696969,,
2001-03-02,10430.821212121213,,
2001-03-05,10493.48181818182,,
2001-03-06,10598.407272727272,,
2001-03-07,10668.854545454546,,
2001-03-08,10693.296969696969,,
2001-03-09,10428.539393939394,,
2001-03-12,9978.28606060606,,
2001-03-13,10128.39696969697,,
2001-03-14,9866.78484848485,,
2001-03-15,9924.884242424243,,
2001-03-16,9730.202424242425,,
2001-03-19,9901.89090909091,,
2001-03-20,9663.657575757576,,
2001-03-21,9490.81212121212,,
2001-03-22,9452.413939393939,,
2001-03-23,9640.603030303031,,
2001-03-26,9749.372121212122,,
2001-03-27,9998.711515151514,,
2001-03-28,9755.58,,
2001-03-29,9710.654545454545,,
2001-03-30,9815.378787878786,,
2001-04-02,9693.06,,
2001-04-03,9359.685454545455,,
2001-04-04,9334.341818181818,,
2001-04-05,9742.193333333333,,
2001-04-06,9549.767272727273,,
2001-04-09,9627.295757575757,,
2001-04-10,9889.002424242424,,
2001-04-11,9868.04606060606,,
2001-04-12,10017.155151515151,,
2001-04-16,9984.823030303029,,
2001-04-17,10087.491515151514,,
2001-04-18,10480.37393939394,,
2001-04-19,10612.021818181818,,
2001-04-20,10521.307272727272,,
2001-04-23,10363.696363636363,,
2001-04-24,10237.743636363637,,
2001-04-25,10401.01818181818,,
2001-04-26,10450.77393939394,,
2001-04-27,10607.99393939394,,
2001-04-30,10578.135757575757,,
2001-05-01,10721.941818181818,,
2001-05-02,10731.271515151515,,
2001-05-03,10572.94787878788,,
2001-05-04,10725.930303030304,,
2001-05-07,10699.949696969697,,
2001-05-08,10681.27696969697,,
2001-05-09,10634.637575757575,,
2001-05-10,10633.104242424242,,
2001-05-11,10553.524242424242,,
2001-05-14,10581.872121212122,,
2001-05-15,10586.346060606062,,
2001-05-16,10889.23393939394,,
2001-05-17,10918.995151515152,,
2001-05-18,10950.510909090908,,
2001-05-21,11127.40303030303,,
2001-05-22,11098.203636363636,,
2001-05-23,10926.303636363637,,
2001-05-24,10961.48,,
2001-05-25,10831.985454545453,,
2001-05-29,10748.212121212122,,
2001-05-30,10582.504242424242,,
2001-05-31,10649.005454545455,,
2001-06-01,10690.13212121212,,
2001-06-04,10744.936363636365,,
2001-06-05,10884.61696969697,,
2001-06-06,10771.214545454544,,
2001-06-07,10830.251515151514,,
2001-06-08,10728.526666666667,,
2001-06-11,10638.938787878787,,
2001-06-12,10651.406060606061,,
2001-06-13,10532.980000000001,,
2001-06-14,10348.830909090908,,
2001-06-15,10302.120606060605,,
2001-06-18,10252.041818181819,,
2001-06-19,10287.334545454545,,
2001-06-20,10377.322424242426,,
2001-06-21,10495.48181818182,,
2001-06-22,10396.316363636362,,
2001-06-25,10339.047272727272,,
2001-06-26,10323.435757575757,,
2001-06-27,10276.441212121214,,
2001-06-28,10404.927272727273,,
2001-06-29,10389.82303030303,,
2001-07-02,10494.126666666667,,
2001-07-03,10476.663636363637,,
2001-07-05,10349.580606060606,,
2001-07-06,10108.48909090909,,
2001-07-09,10178.194545454546,,
2001-07-10,10032.149696969696,,
2001-07-11,10021.468484848485,,
2001-07-12,10258.975151515151,,
2001-07-13,10323.077575757576,,
2001-07-16,10210.75090909091,,
2001-07-17,10312.565454545454,,
2001-07-18,10256.163636363637,,
2001-07-19,10318.276363636363,,
2001-07-20,10282.863636363636,,
2001-07-23,10114.546666666667,,
2001-07-24,9950.060000000001,,
2001-07-25,10110.055757575758,,
2001-07-26,10215.887272727272,,
2001-07-27,10241.118787878788,,
2001-07-30,10230.47696969697,,
2001-07-31,10287.543636363636,,
2001-08-01,10328.728484848485,,
2001-08-02,10370.750909090908,,
2001-08-03,10317.782424242423,,
2001-08-06,10200.190303030304,,
2001-08-07,10233.956363636364,,
2001-08-08,10058.065454545453,,
2001-08-09,10059.12787878788,,
2001-08-10,10116.400606060606,,
2001-08-13,10127.042424242423,,
2001-08-14,10088.550303030303,,
2001-08-15,10016.443636363636,,
2001-08-16,10047.725454545456,,
2001-08-17,9880.878787878788,,
2001-08-20,9961.15212121212,,
2001-08-21,9840.843636363637,,
2001-08-22,9910.06303030303,,
2001-08-23,9882.815151515151,,
2001-08-24,10077.216363636364,,
2001-08-27,10028.604848484849,,
2001-08-28,9878.227878787879,,
2001-08-29,9769.980606060606,,
2001-08-30,9604.683636363636,,
2001-08-31,9643.526666666667,,
2001-09-04,9638.141818181817,,
2001-09-05,9629.855757575759,,
2001-09-06,9414.606060606062,,
2001-09-07,9239.230909090908,,
2001-09-10,9296.856363636363,,
2001-09-11,9296.856363636363,,
2001-09-12,9296.856363636363,,
2001-09-13,9296.856363636363,,
2001-09-14,9296.856363636363,,
2001-09-17,8842.395151515151,,
2001-09-18,8791.150303030303,,
2001-09-19,8649.971515151516,,
2001-09-20,8381.406060606061,,
2001-09-21,8221.872121212122,,
2001-09-24,8542.404242424242,,
2001-09-25,8617.625454545456,,
2001-09-26,8575.842424242424,,
2001-09-27,8674.507878787877,,
2001-09-28,8864.789696969698,,
2001-10-01,8844.444848484847,,
2001-10-02,8953.281212121214,,
2001-10-03,9133.508484848486,,
2001-10-04,9110.978787878788,,
2001-10-05,9127.94606060606,,
2001-10-08,9051.779393939394,,
2001-10-09,9003.804242424241,,
2001-10-10,9210.736363636364,,
2001-10-11,9351.386666666667,,
2001-10-12,9302.193939393941,,
2001-10-15,9287.980606060608,,
2001-10-16,9352.418181818182,,
2001-10-17,9178.772121212121,,
2001-10-18,9106.728484848485,,
2001-10-19,9148.23090909091,,
2001-10-22,9288.162424242426,,
2001-10-23,9244.529696969697,,
2001-10-24,9248.220000000001,,
2001-10-25,9375.148484848485,,
2001-10-26,9413.67696969697,,
2001-10-29,9190.26,,
2001-10-30,9032.961212121212,,
2001-10-31,9033.830303030303,,
2001-11-01,9242.19696969697,,
2001-11-02,9268.804242424243,,
2001-11-05,9402.388484848485,,
2001-11-06,9538.977575757577,,
2001-11-07,9516.094545454545,,
2001-11-08,9539.96606060606,,
2001-11-09,9555.198787878788,,
2001-11-12,9538.31090909091,,
2001-11-13,9716.815757575758,,
2001-11-14,9737.19515151515,,
2001-11-15,9746.02606060606,,
2001-11-16,9716.188484848484,,
2001-11-19,9822.18606060606,,
2001-11-20,9750.925454545455,,
2001-11-21,9703.155151515151,,
2001-11-23,9816.858787878788,,
2001-11-26,9877.321212121213,,
2001-11-27,9809.843636363637,,
2001-11-28,9632.575151515153,,
2001-11-29,9733.269696969697,,
2001-11-30,9726.781818181818,,
2001-12-03,9645.319393939393,,
2001-12-04,9772.512121212121,,
2001-12-05,9993.964242424243,,
2001-12-06,9966.570303030303,,
2001-12-07,9891.507272727273,,
2001-12-10,9734.711515151515,,
2001-12-11,9707.640606060606,,
2001-12-12,9711.799393939395,,
2001-12-13,9561.075151515151,,
2001-12-14,9592.780606060605,,
2001-12-17,9689.315757575758,,
2001-12-18,9762.61212121212,,
2001-12-19,9819.799393939395,,
2001-12-20,9738.878787878788,,
2001-12-21,9781.433333333334,,
2001-12-24,9779.408484848484,,
2001-12-26,9819.768484848486,,
2001-12-27,9889.04,,
2001-12-28,9922.583636363635,,
2001-12-31,9811.992727272727,,
2002-01-02,9869.73393939394,,
2002-01-03,9960.475757575758,,
2002-01-04,10022.361818181818,,
2002-01-07,9957.270303030304,,
2002-01-08,9924.130303030302,,
2002-01-09,9876.950909090909,,
2002-01-10,9889.186666666666,,
2002-01-11,9796.03696969697,,
2002-01-14,9734.555151515153,,
2002-01-15,9801.098787878787,,
2002-01-16,9642.665454545455,,
2002-01-17,9739.51393939394,,
2002-01-18,9642.895151515153,,
2002-01-22,9572.171515151516,,
2002-01-23,9648.12909090909,,
2002-01-24,9682.114545454546,,
2002-01-25,9691.778181818181,,
2002-01-28,9690.067878787879,,
2002-01-29,9413.534545454544,,
2002-01-30,9525.405454545455,,
2002-01-31,9668.80303030303,,
2002-02-01,9600.372121212122,,
2002-02-04,9362.980606060608,,
2002-02-05,9325.45818181818,,
2002-02-06,9270.755757575758,,
2002-02-07,9244.017575757576,,
2002-02-08,9381.457575757575,,
2002-02-11,9516.434545454546,,
2002-02-12,9478.478181818182,,
2002-02-13,9575.933333333332,,
2002-02-14,9559.324242424243,,
2002-02-15,9454.396969696969,,
2002-02-19,9276.23090909091,,
2002-02-20,9402.221212121212,,
2002-02-21,9256.604242424242,,
2002-02-22,9332.775757575757,,
2002-02-25,9500.567272727272,,
2002-02-26,9500.935757575757,,
2002-02-27,9509.12303030303,,
2002-02-28,9482.340606060607,,
2002-03-01,9697.112121212122,,
2002-03-04,9886.353939393939,,
2002-03-05,9820.404242424243,,
2002-03-06,9964.84787878788,,
2002-03-07,9920.378181818181,,
2002-03-08,9978.407272727272,,
2002-03-11,10012.370909090909,,
2002-03-12,9989.6,,
2002-03-13,9893.670303030303,,
2002-03-14,9884.84909090909,,
2002-03-15,9997.34181818182,,
2002-03-18,9992.292727272728,,
2002-03-19,10032.988484848485,,
2002-03-20,9875.321212121213,,
2002-03-21,9890.487878787879,,
2002-03-22,9848.59696969697,,
2002-03-25,9704.301818181819,,
2002-03-26,9762.5,,
2002-03-27,9814.858181818183,,
2002-03-28,9838.963030303032,,
2002-04-01,9831.67393939394,,
2002-04-02,9747.827272727272,,
2002-04-03,9652.10303030303,,
2002-04-04,9660.370909090909,,
2002-04-05,9629.54606060606,,
2002-04-08,9653.835757575758,,
2002-04-09,9590.085454545455,,
2002-04-10,9699.147272727274,,
2002-04-11,9469.836363636365,,
2002-04-12,9532.66,,
2002-04-15,9460.132121212122,,
2002-04-16,9681.673333333332,,
2002-04-17,9662.556969696969,,
2002-04-18,9648.956363636364,,
2002-04-19,9654.98,,
2002-04-22,9506.187272727273,,
2002-04-23,9447.236363636364,,
2002-04-24,9380.244848484848,,
2002-04-25,9366.043636363636,,
2002-04-26,9236.821212121211,,
2002-04-29,9143.948484848484,,
2002-04-30,9242.447272727273,,
2002-05-01,9325.129090909091,,
2002-05-02,9310.04,,
2002-05-03,9214.772727272726,,
2002-05-06,9036.672121212121,,
2002-05-07,9009.518787878787,,
2002-05-08,9348.681818181818,,
2002-05-09,9214.49393939394,,
2002-05-10,9059.832727272727,,
2002-05-13,9229.094545454545,,
2002-05-14,9424.504848484848,,
2002-05-15,9374.130909090909,,
2002-05-16,9435.939393939394,,
2002-05-17,9510.122424242423,,
2002-05-20,9383.70303030303,,
2002-05-21,9280.70303030303,,
2002-05-22,9334.038787878788,,
2002-05-23,9429.199393939394,,
2002-05-24,9315.292727272728,,
2002-05-28,9235.712727272727,,
2002-05-29,9177.75696969697,,
2002-05-30,9153.034545454546,,
2002-05-31,9174.355151515152,,
2002-06-03,8947.021212121212,,
2002-06-04,8947.175757575758,,
2002-06-05,9029.564242424241,,
2002-06-06,8851.535757575757,,
2002-06-07,8837.610909090909,,
2002-06-10,8865.331515151516,,
2002-06-11,8718.02303030303,,
2002-06-12,8776.73393939394,,
2002-06-13,8684.928484848486,,
2002-06-14,8665.331515151516,,
2002-06-17,8914.175757575757,,
2002-06-18,8922.718787878788,,
2002-06-19,8775.629696969698,,
2002-06-20,8657.88909090909,,
2002-06-21,8510.34303030303,,
2002-06-24,8541.213333333333,,
2002-06-25,8398.578787878787,,
2002-06-26,8380.501818181818,,
2002-06-27,8527.929090909092,,
2002-06-28,8520.869696969698,,
2002-07-01,8338.66,,
2002-07-02,8163.404848484849,,
2002-07-03,8214.524848484849,,
2002-07-05,8516.336363636365,,
2002-07-08,8414.78303030303,,
2002-07-09,8207.476969696969,,
2002-07-10,7929.081818181819,,
2002-07-11,7988.992727272727,,
2002-07-12,7937.4551515151525,,
2002-07-15,7907.650909090909,,
2002-07-16,7762.326666666667,,
2002-07-17,7805.926666666667,,
2002-07-18,7595.20303030303,,
2002-07-19,7303.995757575758,,
2002-07-22,7063.510303030303,,
2002-07-23,6872.652727272727,,
2002-07-24,7266.714545454546,,
2002-07-25,7225.953333333334,,
2002-07-26,7347.932727272726,,
2002-07-29,7746.076363636364,,
2002-07-30,7779.5145454545445,,
2002-07-31,7856.630303030303,,
2002-08-01,7625.563030303031,,
2002-08-02,7449.655757575758,,
2002-08-05,7194.374545454545,,
2002-08-06,7409.621212121213,,
2002-08-07,7559.267272727273,,
2002-08-08,7806.808484848484,,
2002-08-09,7836.0145454545445,,
2002-08-12,7794.479393939393,,
2002-08-13,7626.432727272727,,
2002-08-14,7933.576969696969,,
2002-08-15,8026.15696969697,,
2002-08-16,8014.325454545456,,
2002-08-19,8203.803636363637,,
2002-08-20,8089.113939393939,,
2002-08-21,8192.847272727271,,
2002-08-22,8308.170303030303,,
2002-08-23,8119.911515151514,,
2002-08-26,8181.074545454546,,
2002-08-27,8067.852121212121,,
2002-08-28,7922.891515151516,,
2002-08-29,7922.932727272726,,
2002-08-30,7908.213939393939,,
2002-09-03,7579.866060606059,,
2002-09-04,7715.310303030303,,
2002-09-05,7592.56,,
2002-09-06,7720.49090909091,,
2002-09-09,7798.736969696969,,
2002-09-10,7855.93393939394,,
2002-09-11,7856.069696969697,,
2002-09-12,7663.135151515152,,
2002-09-13,7688.278787878788,,
2002-09-16,7699.692121212121,,
2002-09-17,7547.801212121211,,
2002-09-18,7513.357575757575,,
2002-09-19,7287.664848484848,,
2002-09-20,7305.577575757576,,
2002-09-23,7204.630909090909,,
2002-09-24,7080.139393939393,,
2002-09-25,7257.930909090909,,
2002-09-26,7391.521818181819,,
2002-09-27,7153.219393939394,,
2002-09-30,7048.754545454545,,
2002-10-01,7330.846060606061,,
2002-10-02,7159.530303030303,,
2002-10-03,7082.236969696969,,
2002-10-04,6923.373333333333,,
2002-10-07,6791.000000000001,,
2002-10-08,6908.478787878787,,
2002-10-09,6720.663030303031,,
2002-10-10,6956.360606060606,,
2002-10-11,7228.0599999999995,,
2002-10-14,7281.013939393938,,
2002-10-15,7625.680606060607,,
2002-10-16,7442.511515151516,,
2002-10-17,7608.5915151515155,,
2002-10-18,7653.5545454545445,,
2002-10-21,7786.225454545454,,
2002-10-22,7703.507878787879,,
2002-10-23,7755.355151515151,,
2002-10-24,7637.382424242425,,
2002-10-25,7768.524848484847,,
2002-10-28,7704.269696969697,,
2002-10-29,7635.114545454545,,
2002-10-30,7710.583030303031,,
2002-10-31,7669.155757575757,,
2002-11-01,7800.771515151516,,
2002-11-04,7864.798787878789,,
2002-11-05,7926.06606060606,,
2002-11-06,8000.236363636364,,
2002-11-07,7819.118181818182,,
2002-11-08,7751.164242424243,,
2002-11-11,7590.415151515152,,
2002-11-12,7649.3436363636365,,
2002-11-13,7648.290909090909,,
2002-11-14,7837.658181818182,,
2002-11-15,7886.550303030303,,
2002-11-18,7804.7927272727275,,
2002-11-19,7773.41090909091,,
2002-11-20,7924.906060606061,,
2002-11-21,8095.428484848485,,
2002-11-22,8067.666666666666,,
2002-11-25,8087.98787878788,,
2002-11-26,7919.943636363637,,
2002-11-27,8142.249090909091,,
2002-11-29,8120.555757575757,,
2002-12-02,8105.120000000001,,
2002-12-03,7985.729090909091,,
2002-12-04,7960.81696969697,,
2002-12-05,7865.4800000000005,,
2002-12-06,7915.063636363637,,
2002-12-09,7739.719999999999,,
2002-12-10,7847.926060606061,,
2002-12-11,7853.981212121213,,
2002-12-12,7825.226666666666,,
2002-12-13,7720.18,,
2002-12-16,7902.1,,
2002-12-17,7837.939393939394,,
2002-12-18,7735.5296969696965,,
2002-12-19,7677.513333333333,,
2002-12-20,7777.304242424243,,
2002-12-23,7791.5254545454545,,
2002-12-24,7748.961818181819,,
2002-12-26,7724.577575757576,,
2002-12-27,7603.971515151514,,
2002-12-30,7638.898787878788,,
2002-12-31,7643.492727272728,,
2003-01-02,7898.019393939394,,
2003-01-03,7894.220606060606,,
2003-01-06,8071.635151515152,,
2003-01-07,8019.214545454545,,
2003-01-08,7908.803030303031,,
2003-01-09,8062.458787878788,,
2003-01-10,8062.384242424243,,
2003-01-13,8051.529090909092,,
2003-01-14,8098.457575757576,,
2003-01-15,7982.898787878788,,
2003-01-16,7951.545454545455,,
2003-01-17,7840.160606060607,,
2003-01-21,7717.055151515152,,
2003-01-22,7637.316363636364,,
2003-01-23,7715.3933333333325,,
2003-01-24,7489.926060606061,,
2003-01-27,7368.8393939393945,,
2003-01-28,7465.072727272728,,
2003-01-29,7517.046666666667,,
2003-01-30,7346.836363636364,,
2003-01-31,7443.259393939394,,
2003-02-03,7483.545454545455,,
2003-02-04,7378.180606060606,,
2003-02-05,7339.647272727272,,
2003-02-06,7294.4496969696975,,
2003-02-07,7220.948484848484,,
2003-02-10,7275.812121212121,,
2003-02-11,7217.178787878788,,
2003-02-12,7128.20303030303,,
2003-02-13,7117.770303030304,,
2003-02-14,7270.344242424242,,
2003-02-18,7412.801818181818,,
2003-02-19,7361.557575757575,,
2003-02-20,7291.990909090909,,
2003-02-21,7388.490303030302,,
2003-02-24,7252.763636363636,,
2003-02-25,7304.978787878788,,
2003-02-26,7212.025454545455,,
2003-02-27,7297.661212121213,,
2003-02-28,7331.582424242424,,
2003-03-03,7276.376363636364,,
2003-03-04,7164.6660606060605,,
2003-03-05,7235.566666666667,,
2003-03-06,7168.584242424242,,
2003-03-07,7227.970909090909,,
2003-03-10,7041.511515151516,,
2003-03-11,6982.7418181818175,,
2003-03-12,7015.841818181819,,
2003-03-13,7257.915757575758,,
2003-03-14,7270.015151515152,,
2003-03-17,7527.816363636363,,
2003-03-18,7559.967272727274,,
2003-03-19,7626.467272727273,,
2003-03-20,7641.003636363636,,
2003-03-21,7816.599393939394,,
2003-03-24,7541.2775757575755,,
2003-03-25,7632.963030303032,,
2003-03-26,7591.453333333334,,
2003-03-27,7580.081212121213,,
2003-03-28,7536.45090909091,,
2003-03-31,7402.766666666666,,
2003-04-01,7492.719393939395,,
2003-04-02,7689.81393939394,,
2003-04-03,7651.075151515151,,
2003-04-04,7672.112727272727,,
2003-04-07,7681.732727272727,,
2003-04-08,7670.136363636364,,
2003-04-09,7563.58,,
2003-04-10,7612.373939393939,,
2003-04-11,7584.2721212121205,,
2003-04-14,7732.261212121213,,
2003-04-15,7781.593939393939,,
2003-04-16,7686.547272727272,,
2003-04-17,7805.9951515151515,,
2003-04-21,7792.220606060606,,
2003-04-22,7961.406666666668,,
2003-04-23,8028.364848484848,,
2003-04-24,7962.114545454546,,
2003-04-25,7851.953333333334,,
2003-04-28,7993.042424242425,,
2003-04-29,8019.743636363637,,
2003-04-30,8012.531515151515,,
2003-05-01,8008.432121212121,,
2003-05-02,8128.953939393939,,
2003-05-05,8098.4030303030295,,
2003-05-06,8166.930909090909,,
2003-05-07,8126.496363636365,,
2003-05-08,8044.950909090909,,
2003-05-09,8161.715757575757,,
2003-05-12,8264.281212121212,,
2003-05-13,8240.858181818181,,
2003-05-14,8216.746666666668,,
2003-05-15,8282.334545454545,,
2003-05-16,8262.531515151515,,
2003-05-19,8056.846060606061,,
2003-05-20,8047.715151515152,,
2003-05-21,8080.779393939394,,
2003-05-22,8154.746060606061,,
2003-05-23,8166.62909090909,,
2003-05-27,8326.44606060606,,
2003-05-28,8342.878181818181,,
2003-05-29,8312.185454545455,,
2003-05-30,8434.693333333335,,
2003-06-02,8464.843636363636,,
2003-06-03,8504.812121212122,,
2003-06-04,8635.786666666667,,
2003-06-05,8670.51212121212,,
2003-06-06,8650.149696969696,,
2003-06-09,8546.712121212122,,
2003-06-10,8624.89090909091,,
2003-06-11,8738.541818181819,,
2003-06-12,8747.960606060607,,
2003-06-13,8661.291515151515,,
2003-06-16,8855.430303030304,,
2003-06-17,8863.521212121212,,
2003-06-18,8850.403030303029,,
2003-06-19,8715.675757575757,,
2003-06-20,8724.461212121212,,
2003-06-23,8601.460606060606,,
2003-06-24,8617.320606060606,,
2003-06-25,8546.027878787878,,
2003-06-26,8641.356363636363,,
2003-06-27,8557.368484848485,,
2003-06-30,8542.289696969696,,
2003-07-01,8612.279393939394,,
2003-07-02,8712.813333333334,,
2003-07-03,8642.216969696969,,
2003-07-07,8806.496363636363,,
2003-07-08,8839.467878787877,,
2003-07-09,8790.946666666667,,
2003-07-10,8672.487878787879,,
2003-07-11,8755.756969696971,,
2003-07-14,8806.066060606061,,
2003-07-15,8775.890303030303,,
2003-07-16,8720.332727272727,,
2003-07-17,8612.795757575757,,
2003-07-18,8714.45696969697,,
2003-07-21,8587.139393939395,,
2003-07-22,8668.789696969698,,
2003-07-23,8673.347878787878,,
2003-07-24,8611.850303030304,,
2003-07-25,8761.823636363637,,
2003-07-28,8742.887272727272,,
2003-07-29,8680.644242424241,,
2003-07-30,8666.09696969697,,
2003-07-31,8692.904242424243,,
2003-08-01,8603.873333333335,,
2003-08-04,8627.325454545455,,
2003-08-05,8475.281212121212,,
2003-08-06,8490.983636363637,,
2003-08-07,8553.118787878788,,
2003-08-08,8583.662424242426,,
2003-08-11,8612.18303030303,,
2003-08-12,8697.996363636363,,
2003-08-13,8645.779393939394,,
2003-08-14,8702.75818181818,,
2003-08-15,8705.612727272726,,
2003-08-18,8785.741212121213,,
2003-08-19,8808.804242424243,,
2003-08-20,8791.550303030303,,
2003-08-21,8818.043636363636,,
2003-08-22,8728.276363636363,,
2003-08-25,8734.011515151517,,
2003-08-26,8760.635757575757,,
2003-08-27,8762.64909090909,,
2003-08-28,8816.341212121211,,
2003-08-29,8862.433333333334,,
2003-09-02,8985.508484848486,,
2003-09-03,9025.740606060606,,
2003-09-04,9041.013333333334,,
2003-09-05,8983.278181818181,,
2003-09-08,9074.049696969698,,
2003-09-09,8999.572727272727,,
2003-09-10,8892.657575757576,,
2003-09-11,8943.728484848485,,
2003-09-12,8963.243636363635,,
2003-09-15,8929.902424242424,,
2003-09-16,9057.592121212121,,
2003-09-17,9028.458787878788,,
2003-09-18,9148.313333333334,,
2003-09-19,9119.616969696968,,
2003-09-22,9000.978181818182,,
2003-09-23,9055.719393939395,,
2003-09-24,8882.810303030305,,
2003-09-25,8830.829696969697,,
2003-09-26,8775.94606060606,,
2003-09-29,8861.79696969697,,
2003-09-30,8768.318787878788,,
2003-10-01,8965.028484848486,,
2003-10-02,8984.003636363635,,
2003-10-03,9068.589696969697,,
2003-10-06,9108.250909090908,,
2003-10-07,9151.804242424243,,
2003-10-08,9106.98,,
2003-10-09,9150.647878787879,,
2003-10-10,9145.441818181818,,
2003-10-13,9209.68,,
2003-10-14,9246.087272727273,,
2003-10-15,9223.946666666667,,
2003-10-16,9253.346666666666,,
2003-10-17,9158.651515151516,,
2003-10-20,9205.894545454545,,
2003-10-21,9217.745454545455,,
2003-10-22,9080.503636363637,,
2003-10-23,9110.67818181818,,
2003-10-24,9067.848484848484,,
2003-10-27,9087.452727272726,,
2003-10-28,9225.490909090908,,
2003-10-29,9238.870303030304,,
2003-10-30,9231.04606060606,,
2003-10-31,9264.342424242424,,
2003-11-03,9337.637575757575,,
2003-11-04,9286.885454545454,,
2003-11-05,9276.012727272726,,
2003-11-06,9331.80606060606,,
2003-11-07,9291.04484848485,,
2003-11-10,9237.945454545456,,
2003-11-11,9233.149696969696,,
2003-11-12,9342.381212121212,,
2003-11-13,9341.191515151515,,
2003-11-14,9271.730303030303,,
2003-11-17,9212.549696969696,,
2003-11-18,9129.18909090909,,
2003-11-19,9203.103030303031,,
2003-11-20,9125.828484848485,,
2003-11-21,9140.672121212121,,
2003-11-24,9289.02606060606,,
2003-11-25,9306.006666666668,,
2003-11-26,9347.845454545455,,
2003-11-28,9345.853333333334,,
2003-12-01,9451.52606060606,,
2003-12-02,9420.699393939394,,
2003-12-03,9406.624242424243,,
2003-12-04,9451.33090909091,,
2003-12-05,9378.88303030303,,
2003-12-08,9448.261212121211,,
2003-12-09,9367.75393939394,,
2003-12-10,9359.475151515151,,
2003-12-11,9468.06303030303,,
2003-12-12,9493.923636363637,,
2003-12-15,9440.355151515152,,
2003-12-16,9503.130909090909,,
2003-12-17,9516.047878787878,,
2003-12-18,9629.706666666667,,
2003-12-19,9625.415151515152,,
2003-12-22,9663.225454545454,,
2003-12-23,9690.511515151517,,
2003-12-24,9673.035757575759,,
2003-12-26,9689.36303030303,,
2003-12-29,9813.080606060606,,
2003-12-30,9815.705454545454,,
2003-12-31,9835.991515151516,,
2004-01-02,9806.36606060606,,
2004-01-05,9927.891515151516,,
2004-01-06,9941.243636363635,,
2004-01-07,9967.283636363636,,
2004-01-08,10017.129696969696,,
2004-01-09,9928.095757575758,,
2004-01-12,9975.961818181819,,
2004-01-13,9923.210909090909,,
2004-01-14,10005.829696969697,,
2004-01-15,10019.424848484847,,
2004-01-16,10088.27696969697,,
2004-01-20,10078.962424242423,,
2004-01-21,10158.011515151515,,
2004-01-22,10125.638787878788,,
2004-01-23,10104.588484848484,,
2004-01-26,10226.912727272726,,
2004-01-27,10126.721212121212,,
2004-01-28,9990.530909090909,,
2004-01-29,10042.988484848485,,
2004-01-30,10016.532727272728,,
2004-02-02,10053.261818181818,,
2004-02-03,10060.14606060606,,
2004-02-04,9977.520606060605,,
2004-02-05,9996.074545454547,,
2004-02-06,10122.066060606063,,
2004-02-09,10097.933333333334,,
2004-02-10,10148.795151515153,,
2004-02-11,10260.804848484848,,
2004-02-12,10211.661818181818,,
2004-02-13,10156.742424242424,,
2004-02-17,10255.881212121212,,
2004-02-18,10211.482424242426,,
2004-02-19,10169.749696969697,,
2004-02-20,10143.70606060606,,
2004-02-23,10116.343636363636,,
2004-02-24,10099.52909090909,,
2004-02-25,10141.433333333332,,
2004-02-26,10155.35515151515,,
2004-02-27,10155.757575757576,,
2004-03-01,10253.930303030304,,
2004-03-02,10193.22303030303,,
2004-03-03,10213.158181818182,,
2004-03-04,10247.45515151515,,
2004-03-05,10265.224242424241,,
2004-03-08,10180.23090909091,,
2004-03-09,10121.631515151515,,
2004-03-10,9974.507272727273,,
2004-03-11,9825.541212121214,,
2004-03-12,9948.02,,
2004-03-15,9805.5,,
2004-03-16,9860.781818181818,,
2004-03-17,9977.502424242426,,
2004-03-18,9964.93090909091,,
2004-03-19,9853.6,,
2004-03-22,9726.073333333334,,
2004-03-23,9713.175151515152,,
2004-03-24,9689.996363636365,,
2004-03-25,9848.551515151514,,
2004-03-26,9838.560606060604,,
2004-03-29,9968.18,,
2004-03-30,10008.648484848485,,
2004-03-31,10002.542424242423,,
2004-04-01,10055.542424242425,,
2004-04-02,10141.846666666668,,
2004-04-05,10219.645454545456,,
2004-04-06,10201.384848484848,,
2004-04-07,10134.163636363635,,
2004-04-08,10123.369696969696,,
2004-04-12,10175.86303030303,,
2004-04-13,10036.307272727274,,
2004-04-14,10025.296363636364,,
2004-04-15,10031.213333333333,,
2004-04-16,10082.536363636364,,
2004-04-19,10093.301212121212,,
2004-04-20,9936.328484848485,,
2004-04-21,9989.751515151514,,
2004-04-22,10131.064242424243,,
2004-04-23,10137.103636363636,,
2004-04-26,10092.089090909092,,
2004-04-27,10115.057575757577,,
2004-04-28,9976.943030303031,,
2004-04-29,9903.990303030303,,
2004-04-30,9845.522424242423,,
2004-05-03,9936.12303030303,,
2004-05-04,9954.553333333333,,
2004-05-05,9973.621818181819,,
2004-05-06,9907.555757575758,,
2004-05-07,9771.55393939394,,
2004-05-10,9668.943030303031,,
2004-05-11,9745.089696969697,,
2004-05-12,9764.55090909091,,
2004-05-13,9757.887272727272,,
2004-05-14,9752.23212121212,,
2004-05-17,9649.898787878788,,
2004-05-18,9716.012121212121,,
2004-05-19,9692.646666666667,,
2004-05-20,9697.309696969696,,
2004-05-21,9736.296363636364,,
2004-05-24,9752.84787878788,,
2004-05-25,9909.951515151515,,
2004-05-26,9928.23090909091,,
2004-05-27,9985.738181818182,,
2004-05-28,9980.628484848485,,
2004-06-01,9985.29393939394,,
2004-06-02,10022.210303030302,,
2004-06-03,9948.047272727272,,
2004-06-04,10000.453333333335,,
2004-06-07,10160.507878787877,,
2004-06-08,10177.021818181818,,
2004-06-09,10081.10909090909,,
2004-06-10,10127.361212121212,,
2004-06-14,10030.308484848485,,
2004-06-15,10090.415151515152,,
2004-06-16,10104.439393939394,,
2004-06-17,10091.042424242423,,
2004-06-18,10117.513333333334,,
2004-06-21,10075.535757575759,,
2004-06-22,10112.40303030303,,
2004-06-23,10198.487272727272,,
2004-06-24,10170.116363636364,,
2004-06-25,10114.722424242424,,
2004-06-28,10106.72,,
2004-06-29,10132.386666666667,,
2004-06-30,10174.700606060605,,
2004-07-01,10069.851515151515,,
2004-07-02,10038.369696969698,,
2004-07-06,9956.576363636364,,
2004-07-07,9977.945454545456,,
2004-07-08,9896.27090909091,,
2004-07-09,9929.808484848485,,
2004-07-12,9943.817575757575,,
2004-07-13,9951.299393939393,,
2004-07-14,9918.898181818182,,
2004-07-15,9876.218787878788,,
2004-07-16,9829.127272727274,,
2004-07-19,9824.754545454545,,
2004-07-20,9894.061818181817,,
2004-07-21,9762.935757575757,,
2004-07-22,9789.541212121212,,
2004-07-23,9694.673939393939,,
2004-07-26,9675.663636363635,,
2004-07-27,9771.69696969697,,
2004-07-28,9778.78606060606,,
2004-07-29,9826.353333333334,,
2004-07-30,9837.95212121212,,
2004-08-02,9881.701818181818,,
2004-08-03,9819.886666666667,,
2004-08-04,9812.115757575757,,
2004-08-05,9652.35515151515,,
2004-08-06,9503.463636363636,,
2004-08-09,9514.91212121212,,
2004-08-10,9638.48181818182,,
2004-08-11,9614.738181818182,,
2004-08-12,9502.710303030304,,
2004-08-13,9517.844848484849,,
2004-08-16,9648.10303030303,,
2004-08-17,9670.145454545454,,
2004-08-18,9792.247878787879,,
2004-08-19,9757.387272727274,,
2004-08-20,9821.04484848485,,
2004-08-23,9798.061818181819,,
2004-08-24,9802.775757575757,,
2004-08-25,9881.72484848485,,
2004-08-26,9882.92787878788,,
2004-08-27,9908.070303030303,,
2004-08-30,9831.991515151516,,
2004-08-31,9877.745454545455,,
2004-09-01,9895.869696969698,,
2004-09-02,10006.907272727272,,
2004-09-03,9965.167272727273,,
2004-09-07,10034.226666666667,,
2004-09-08,9991.027272727275,,
2004-09-09,10010.011515151515,,
2004-09-10,10059.610303030304,,
2004-09-13,10079.379393939395,,
2004-09-14,10101.915757575758,,
2004-09-15,10030.913939393939,,
2004-09-16,10059.27090909091,,
2004-09-17,10104.536363636364,,
2004-09-20,10047.737575757576,,
2004-09-21,10111.427272727273,,
2004-09-22,9970.702424242423,,
2004-09-23,9926.157575757576,,
2004-09-24,9941.804848484848,,
2004-09-27,9882.835151515152,,
2004-09-28,9943.132121212122,,
2004-09-29,9986.601818181818,,
2004-09-30,9984.72909090909,,
2004-10-01,10136.28303030303,,
2004-10-04,10170.326666666666,,
2004-10-05,10164.195757575757,,
2004-10-06,10235.312727272727,,
2004-10-07,10133.798181818182,,
2004-10-08,10057.636969696969,,
2004-10-11,10077.790303030302,,
2004-10-12,10054.98181818182,,
2004-10-13,9982.58606060606,,
2004-10-14,9889.733333333334,,
2004-10-15,9933.81818181818,,
2004-10-18,9986.02909090909,,
2004-10-19,9889.312121212122,,
2004-10-20,9893.869696969696,,
2004-10-21,9919.758787878787,,
2004-10-22,9823.351515151515,,
2004-10-25,9815.021818181818,,
2004-10-26,9961.02909090909,,
2004-10-27,10090.99090909091,,
2004-10-28,10112.427272727273,,
2004-10-29,10137.263636363636,,
2004-11-01,10140.028484848486,,
2004-11-02,10140.367272727271,,
2004-11-03,10255.901212121213,,
2004-11-04,10422.064848484848,,
2004-11-05,10462.660606060605,,
2004-11-08,10452.071515151514,,
2004-11-09,10448.942424242423,,
2004-11-10,10440.412727272727,,
2004-11-11,10535.26909090909,,
2004-11-12,10632.329090909092,,
2004-11-15,10630.248484848486,,
2004-11-16,10555.865454545454,,
2004-11-17,10615.546666666667,,
2004-11-18,10630.138787878788,,
2004-11-19,10511.833333333334,,
2004-11-22,10573.980606060606,,
2004-11-23,10571.589090909092,,
2004-11-24,10615.479393939395,,
2004-11-26,10624.800606060606,,
2004-11-29,10589.913939393939,,
2004-11-30,10547.43393939394,,
2004-12-01,10708.504848484848,,
2004-12-02,10699.221212121212,,
2004-12-03,10706.830909090908,,
2004-12-06,10698.943636363638,,
2004-12-07,10580.816363636364,,
2004-12-08,10634.833333333332,,
2004-12-09,10693.030909090909,,
2004-12-10,10681.889696969696,,
2004-12-13,10779.020606060605,,
2004-12-14,10821.27515151515,,
2004-12-15,10843.288484848485,,
2004-12-16,10821.290909090909,,
2004-12-17,10740.53393939394,,
2004-12-20,10744.65818181818,,
2004-12-21,10841.995757575758,,
2004-12-22,10882.803636363637,,
2004-12-23,10887.841818181818,,
2004-12-27,10840.967878787878,,
2004-12-28,10918.667272727273,,
2004-12-29,10919.455757575757,,
2004-12-30,10921.073939393938,,
2004-12-31,10906.349696969697,,
2005-01-03,10817.915757575758,,
2005-01-04,10692.742424242424,,
2005-01-05,10654.953333333333,,
2005-01-06,10694.704848484847,,
2005-01-07,10679.533333333333,,
2005-01-10,10716.158181818182,,
2005-01-11,10651.549696969696,,
2005-01-12,10695.254545454545,,
2005-01-13,10602.914545454545,,
2005-01-14,10666.564848484848,,
2005-01-18,10769.907272727272,,
2005-01-19,10668.390303030303,,
2005-01-20,10585.518181818183,,
2005-01-21,10517.72484848485,,
2005-01-24,10480.790909090909,,
2005-01-25,10522.727272727274,,
2005-01-26,10574.053333333335,,
2005-01-27,10579.292727272727,,
2005-01-28,10551.290303030304,,
2005-01-31,10640.510303030302,,
2005-02-01,10713.86,,
2005-02-02,10749.252727272727,,
2005-02-03,10722.793333333335,,
2005-02-04,10841.30484848485,,
2005-02-07,10829.825454545455,,
2005-02-08,10837.322424242424,,
2005-02-09,10747.125454545454,,
2005-02-10,10792.753333333332,,
2005-02-11,10869.938181818183,,
2005-02-14,10878.67090909091,,
2005-02-15,10915.530303030304,,
2005-02-16,10918.700606060607,,
2005-02-17,10832.798787878788,,
2005-02-18,10840.329696969697,,
2005-02-22,10683.374545454546,,
2005-02-23,10744.01696969697,,
2005-02-24,10832.340606060607,,
2005-02-25,10934.34909090909,,
2005-02-28,10864.428484848484,,
2005-03-01,10926.021212121212,,
2005-03-02,10926.779999999999,,
2005-03-03,10930.361818181818,,
2005-03-04,11035.638787878788,,
2005-03-07,11064.869696969698,,
2005-03-08,11012.856363636363,,
2005-03-09,10901.762424242424,,
2005-03-10,10922.407272727272,,
2005-03-11,10842.461212121212,,
2005-03-14,10903.855757575757,,
2005-03-15,10821.90181818182,,
2005-03-16,10735.44787878788,,
2005-03-17,10754.840606060607,,
2005-03-18,10749.811515151516,,
2005-03-21,10696.852121212121,,
2005-03-22,10588.064242424243,,
2005-03-23,10595.619393939394,,
2005-03-24,10585.578787878789,,
2005-03-28,10611.421212121211,,
2005-03-29,10532.941212121214,,
2005-03-30,10679.315151515151,,
2005-03-31,10672.041212121212,,
2005-04-01,10602.74,,
2005-04-04,10632.89393939394,,
2005-04-05,10680.709090909091,,
2005-04-06,10707.230303030303,,
2005-04-07,10771.828484848484,,
2005-04-08,10681.921212121211,,
2005-04-11,10682.176363636363,,
2005-04-12,10742.027272727273,,
2005-04-13,10616.79575757576,,
2005-04-14,10510.578181818182,,
2005-04-15,10334.910303030303,,
2005-04-18,10365.261818181818,,
2005-04-19,10426.83696969697,,
2005-04-20,10289.354545454546,,
2005-04-21,10492.554545454546,,
2005-04-22,10422.193333333335,,
2005-04-25,10512.46909090909,,
2005-04-26,10418.741212121213,,
2005-04-27,10461.856363636365,,
2005-04-28,10346.22303030303,,
2005-04-29,10469.639393939395,,
2005-05-02,10517.745454545455,,
2005-05-03,10508.781818181818,,
2005-05-04,10641.93696969697,,
2005-05-05,10614.941212121212,,
2005-05-06,10603.960606060606,,
2005-05-09,10671.929696969697,,
2005-05-10,10557.912727272726,,
2005-05-11,10607.636969696969,,
2005-05-12,10502.381212121214,,
2005-05-13,10455.478787878788,,
2005-05-16,10562.06303030303,,
2005-05-17,10636.962424242423,,
2005-05-18,10745.528484848484,,
2005-05-19,10795.650303030305,,
2005-05-20,10779.337575757576,,
2005-05-23,10820.959393939394,,
2005-05-24,10823.0,,
2005-05-25,10786.70787878788,,
2005-05-26,10857.020606060607,,
2005-05-27,10868.743636363637,,
2005-05-31,10802.768484848484,,
2005-06-01,10903.920606060607,,
2005-06-02,10922.343636363637,,
2005-06-03,10847.436363636363,,
2005-06-06,10861.480606060606,,
2005-06-07,10859.963030303032,,
2005-06-08,10838.193333333333,,
2005-06-09,10895.296969696969,,
2005-06-10,10869.738181818182,,
2005-06-13,10897.378181818181,,
2005-06-14,10925.655151515151,,
2005-06-15,10950.20606060606,,
2005-06-16,10990.007272727273,,
2005-06-17,11044.557575757577,,
2005-06-20,11036.73696969697,,
2005-06-21,11014.309090909092,,
2005-06-22,11016.964848484848,,
2005-06-23,10899.960606060607,,
2005-06-24,10816.788484848485,,
2005-06-27,10808.812727272727,,
2005-06-28,10909.489696969698,,
2005-06-29,10895.307272727272,,
2005-06-30,10818.104848484849,,
2005-07-01,10847.56909090909,,
2005-07-05,10943.502424242424,,
2005-07-06,10854.869696969696,,
2005-07-07,10882.09515151515,,
2005-07-08,11009.207878787878,,
2005-07-11,11078.226666666667,,
2005-07-12,11103.92909090909,,
2005-07-13,11115.019393939394,,
2005-07-14,11144.23212121212,,
2005-07-15,11157.155151515151,,
2005-07-18,11095.450909090909,,
2005-07-19,11170.143030303028,,
2005-07-20,11224.381818181817,,
2005-07-21,11150.278181818181,,
2005-07-22,11210.963636363635,,
2005-07-25,11168.755757575758,,
2005-07-26,11188.10303030303,,
2005-07-27,11240.713333333333,,
2005-07-28,11306.890303030303,,
2005-07-29,11220.410909090908,,
2005-08-01,11231.076363636363,,
2005-08-02,11310.808484848485,,
2005-08-03,11321.555151515151,,
2005-08-04,11238.183636363638,,
2005-08-05,11152.661818181818,,
2005-08-08,11123.470303030303,,
2005-08-09,11198.550303030304,,
2005-08-10,11182.815151515151,,
2005-08-11,11263.198181818181,,
2005-08-12,11195.824242424242,,
2005-08-15,11228.975151515151,,
2005-08-16,11096.876363636364,,
2005-08-17,11107.98181818182,,
2005-08-18,11097.493939393938,,
2005-08-19,11104.795757575757,,
2005-08-22,11123.133333333333,,
2005-08-23,11085.505454545455,,
2005-08-24,11013.443636363636,,
2005-08-25,11039.119393939394,,
2005-08-26,10972.839393939394,,
2005-08-29,11039.746666666666,,
2005-08-30,11005.871515151515,,
2005-08-31,11118.036363636364,,
2005-09-01,11129.513939393939,,
2005-09-02,11097.314545454547,,
2005-09-06,11237.74181818182,,
2005-09-07,11266.68,,
2005-09-08,11224.254545454545,,
2005-09-09,11313.58484848485,,
2005-09-12,11305.768484848486,,
2005-09-13,11223.432727272728,,
2005-09-14,11186.889696969698,,
2005-09-15,11192.510909090908,,
2005-09-16,11285.498787878787,,
2005-09-19,11222.669696969697,,
2005-09-20,11134.543636363635,,
2005-09-21,11033.27696969697,,
2005-09-22,11075.973333333333,,
2005-09-23,11082.08,,
2005-09-26,11085.146666666667,,
2005-09-27,11085.628484848485,,
2005-09-28,11098.90303030303,,
2005-09-29,11197.695757575757,,
2005-09-30,11208.085454545455,,
2005-10-03,11188.88606060606,,
2005-10-04,11078.540606060606,,
2005-10-05,10917.58909090909,,
2005-10-06,10872.971515151516,,
2005-10-07,10913.389696969696,,
2005-10-10,10835.145454545454,,
2005-10-11,10813.478181818182,,
2005-10-12,10749.109696969697,,
2005-10-13,10741.547272727274,,
2005-10-14,10830.348484848484,,
2005-10-17,10862.615151515152,,
2005-10-18,10753.471515151514,,
2005-10-19,10915.238181818182,,
2005-10-20,10751.65090909091,,
2005-10-21,10768.04606060606,,
2005-10-24,10949.004848484848,,
2005-10-25,10923.050303030303,,
2005-10-26,10876.110303030304,,
2005-10-27,10763.665454545455,,
2005-10-28,10942.772727272726,,
2005-10-31,11021.238181818182,,
2005-11-01,10982.480606060606,,
2005-11-02,11093.52303030303,,
2005-11-03,11144.578181818182,,
2005-11-04,11146.413939393939,,
2005-11-07,11171.337575757576,,
2005-11-08,11138.156363636364,,
2005-11-09,11157.582424242424,,
2005-11-10,11253.939393939394,,
2005-11-11,11288.232727272727,,
2005-11-14,11280.290303030302,,
2005-11-15,11238.049696969696,,
2005-11-16,11260.430909090908,,
2005-11-17,11366.619999999999,,
2005-11-18,11418.136363636364,,
2005-11-21,11478.37393939394,,
2005-11-22,11537.312121212122,,
2005-11-23,11578.143636363637,,
2005-11-25,11602.453333333333,,
2005-11-28,11505.269696969697,,
2005-11-29,11507.521212121212,,
2005-11-30,11438.084848484848,,
2005-12-01,11577.164242424242,,
2005-12-02,11580.947272727271,,
2005-12-05,11554.069696969696,,
2005-12-06,11569.015757575758,,
2005-12-07,11513.289090909091,,
2005-12-08,11500.433333333334,,
2005-12-09,11532.837575757576,,
2005-12-12,11542.978181818182,,
2005-12-13,11607.862424242425,,
2005-12-14,11657.181212121212,,
2005-12-15,11641.501212121213,,
2005-12-16,11608.493939393938,,
2005-12-19,11540.690303030302,,
2005-12-20,11538.264242424242,,
2005-12-21,11567.548484848485,,
2005-12-22,11619.135757575757,,
2005-12-23,11625.783636363638,,
2005-12-27,11514.70303030303,,
2005-12-28,11531.738181818182,,
2005-12-29,11498.162424242422,,
2005-12-30,11442.066060606061,,
2006-01-03,11630.05212121212,,
2006-01-04,11675.075757575758,,
2006-01-05,11675.387272727274,,
2006-01-06,11787.967272727272,,
2006-01-09,11831.081818181818,,
2006-01-10,11827.452121212122,,
2006-01-11,11870.042424242425,,
2006-01-12,11795.643636363635,,
2006-01-13,11809.924242424244,,
2006-01-17,11767.08181818182,,
2006-01-18,11722.476363636364,,
2006-01-19,11787.78484848485,,
2006-01-20,11571.793333333333,,
2006-01-23,11593.41818181818,,
2006-01-24,11621.44,,
2006-01-25,11601.678787878787,,
2006-01-26,11685.903636363637,,
2006-01-27,11777.842424242424,,
2006-01-30,11791.890303030303,,
2006-01-31,11745.027272727271,,
2006-02-01,11768.189696969697,,
2006-02-02,11664.684848484849,,
2006-02-03,11603.040606060607,,
2006-02-06,11612.34,,
2006-02-07,11518.669696969697,,
2006-02-08,11623.276363636363,,
2006-02-09,11606.663636363637,,
2006-02-10,11636.364242424243,,
2006-02-13,11600.092727272728,,
2006-02-14,11717.934545454546,,
2006-02-15,11761.72484848485,,
2006-02-16,11848.84787878788,,
2006-02-17,11829.290303030304,,
2006-02-21,11790.585454545455,,
2006-02-22,11880.355757575759,,
2006-02-23,11838.594545454545,,
2006-02-24,11855.366666666667,,
2006-02-27,11900.506060606062,,
2006-02-28,11776.894545454546,,
2006-03-01,11877.36303030303,,
2006-03-02,11858.196363636363,,
2006-03-03,11840.863636363636,,
2006-03-06,11758.813333333334,,
2006-03-07,11737.479393939393,,
2006-03-08,11764.679393939394,,
2006-03-09,11707.47212121212,,
2006-03-10,11793.48181818182,,
2006-03-13,11820.518787878787,,
2006-03-14,11943.36303030303,,
2006-03-15,11995.212121212122,,
2006-03-16,12016.753333333334,,
2006-03-17,12034.471515151514,,
2006-03-20,12014.549090909091,,
2006-03-21,11942.415151515152,,
2006-03-22,12014.54,,
2006-03-23,11983.581818181818,,
2006-03-24,11995.365454545456,,
2006-03-27,11982.952121212122,,
2006-03-28,11905.894545454545,,
2006-03-29,11997.010303030302,,
2006-03-30,11973.347272727273,,
2006-03-31,11923.48787878788,,
2006-04-03,11951.059393939395,,
2006-04-04,12027.072727272729,,
2006-04-05,12080.085454545455,,
2006-04-06,12059.8,,
2006-04-07,11935.143030303032,,
2006-04-10,11945.606060606062,,
2006-04-11,11855.240606060606,,
2006-04-12,11869.641212121212,,
2006-04-13,11878.826060606061,,
2006-04-17,11843.927272727273,,
2006-04-18,12049.580606060606,,
2006-04-19,12071.767878787878,,
2006-04-20,12086.221818181817,,
2006-04-21,12084.78424242424,,
2006-04-24,12055.742424242424,,
2006-04-25,11997.021212121212,,
2006-04-26,12032.02787878788,,
2006-04-27,12075.101818181818,,
2006-04-28,12083.594545454547,,
2006-05-01,12033.661212121213,,
2006-05-02,12107.581212121213,,
2006-05-03,12060.419999999998,,
2006-05-04,12101.459393939394,,
2006-05-05,12226.278787878788,,
2006-05-08,12217.206666666667,,
2006-05-09,12221.787272727273,,
2006-05-10,12205.982424242424,,
2006-05-11,12051.88,,
2006-05-12,11916.772121212121,,
2006-05-15,11948.186666666668,,
2006-05-16,11926.002424242424,,
2006-05-17,11728.387878787878,,
2006-05-18,11650.448484848484,,
2006-05-19,11698.62484848485,,
2006-05-22,11652.861818181818,,
2006-05-23,11602.306666666667,,
2006-05-24,11621.076363636364,,
2006-05-25,11754.675151515152,,
2006-05-26,11823.46303030303,,
2006-05-30,11636.903636363635,,
2006-05-31,11735.811515151516,,
2006-06-01,11880.511515151515,,
2006-06-02,11903.675757575758,,
2006-06-05,11692.32909090909,,
2006-06-06,11679.586666666666,,
2006-06-07,11610.75090909091,,
2006-06-08,11627.828484848484,,
2006-06-09,11575.790909090909,,
2006-06-12,11429.144242424241,,
2006-06-13,11314.653333333332,,
2006-06-14,11373.753333333334,,
2006-06-15,11615.540606060607,,
2006-06-16,11572.860606060605,,
2006-06-19,11467.385454545454,,
2006-06-20,11467.459393939393,,
2006-06-21,11579.49818181818,,
2006-06-22,11521.091515151515,,
2006-06-23,11511.026666666667,,
2006-06-26,11567.049090909091,,
2006-06-27,11462.073333333334,,
2006-06-28,11527.167272727273,,
2006-06-29,11776.271515151515,,
2006-06-30,11751.721818181817,,
2006-07-03,11845.391515151516,,
2006-07-05,11760.918181818182,,
2006-07-06,11793.316363636364,,
2006-07-07,11713.66181818182,,
2006-07-10,11730.999393939395,,
2006-07-11,11779.750909090908,,
2006-07-12,11652.236969696969,,
2006-07-13,11501.396969696969,,
2006-07-14,11445.050909090907,,
2006-07-17,11429.227272727274,,
2006-07-18,11451.411515151516,,
2006-07-19,11665.073939393938,,
2006-07-20,11566.209090909091,,
2006-07-21,11484.487878787879,,
2006-07-24,11675.748484848486,,
2006-07-25,11749.54787878788,,
2006-07-26,11745.224848484848,,
2006-07-27,11698.88484848485,,
2006-07-28,11841.555151515153,,
2006-07-31,11824.21212121212,,
2006-08-01,11771.022424242423,,
2006-08-02,11843.512727272728,,
2006-08-03,11863.115757575757,,
2006-08-04,11854.824242424243,,
2006-08-07,11822.005454545455,,
2006-08-08,11783.140606060606,,
2006-08-09,11735.138787878788,,
2006-08-10,11791.577575757576,,
2006-08-11,11746.237575757576,,
2006-08-14,11760.589696969697,,
2006-08-15,11922.763636363636,,
2006-08-16,12017.019393939394,,
2006-08-17,12036.618181818181,,
2006-08-18,12081.391515151514,,
2006-08-21,12037.04181818182,,
2006-08-22,12049.089696969697,,
2006-08-23,11996.036363636364,,
2006-08-24,12024.78,,
2006-08-25,12017.00606060606,,
2006-08-28,12079.145454545454,,
2006-08-29,12104.270303030304,,
2006-08-30,12109.548484848485,,
2006-08-31,12105.547272727272,,
2006-09-01,12172.52303030303,,
2006-09-05,12193.91696969697,,
2006-09-06,12075.246666666666,,
2006-09-07,12017.760606060605,,
2006-09-08,12063.298787878788,,
2006-09-11,12069.66303030303,,
2006-09-12,12195.862424242423,,
2006-09-13,12245.420606060607,,
2006-09-14,12229.442424242425,,
2006-09-15,12262.740606060606,,
2006-09-18,12275.088484848484,,
2006-09-19,12248.513939393939,,
2006-09-20,12312.681212121213,,
2006-09-21,12248.996363636365,,
2006-09-22,12218.738787878787,,
2006-09-25,12326.492727272727,,
2006-09-26,12419.395757575758,,
2006-09-27,12424.03393939394,,
2006-09-28,12448.074545454545,,
2006-09-29,12417.506666666668,,
2006-10-02,12375.709696969696,,
2006-10-03,12401.715757575757,,
2006-10-04,12554.247878787877,,
2006-10-05,12585.641818181819,,
2006-10-06,12551.842424242424,,
2006-10-09,12561.870303030302,,
2006-10-10,12587.92787878788,,
2006-10-11,12556.969090909091,,
2006-10-12,12676.879393939395,,
2006-10-13,12702.861818181818,,
2006-10-16,12734.939393939394,,
2006-10-17,12688.371515151515,,
2006-10-18,12707.308484848483,,
2006-10-19,12717.09818181818,,
2006-10-20,12732.490303030303,,
2006-10-23,12811.042424242425,,
2006-10-24,12814.318181818184,,
2006-10-25,12859.60303030303,,
2006-10-26,12923.549090909091,,
2006-10-27,12816.046666666667,,
2006-10-30,12822.016363636365,,
2006-10-31,12822.144848484848,,
2006-11-01,12729.483636363635,,
2006-11-02,12728.553333333333,,
2006-11-03,12701.090909090908,,
2006-11-06,12845.637575757575,,
2006-11-07,12874.406666666664,,
2006-11-08,12904.365454545454,,
2006-11-09,12838.290909090909,,
2006-11-10,12862.165454545457,,
2006-11-13,12897.994545454545,,
2006-11-14,12981.487878787877,,
2006-11-15,13015.775151515152,,
2006-11-16,13045.87515151515,,
2006-11-17,13059.366666666669,,
2006-11-20,13053.090303030302,,
2006-11-21,13075.294545454546,,
2006-11-22,13106.967272727274,,
2006-11-24,13060.381212121212,,
2006-11-27,12882.851515151515,,
2006-11-28,12930.421212121211,,
2006-11-29,13055.068484848485,,
2006-11-30,13065.970909090911,,
2006-12-01,13029.390303030303,,
2006-12-04,13145.474545454545,,
2006-12-05,13198.46121212121,,
2006-12-06,13184.530303030306,,
2006-12-07,13132.536363636365,,
2006-12-08,13156.584242424242,,
2006-12-11,13186.674545454545,,
2006-12-12,13173.192727272726,,
2006-12-13,13191.004242424242,,
2006-12-14,13306.613333333331,,
2006-12-15,13321.632121212122,,
2006-12-18,13278.629090909093,,
2006-12-19,13307.877575757575,,
2006-12-20,13289.427272727275,,
2006-12-21,13243.679999999998,,
2006-12-22,13175.15393939394,,
2006-12-26,13232.608484848484,,
2006-12-27,13328.200606060605,,
2006-12-28,13309.06787878788,,
2006-12-29,13249.25696969697,,
2007-01-03,13235.887878787878,,
2007-01-04,13252.137575757575,,
2007-01-05,13171.465454545454,,
2007-01-08,13204.864242424243,,
2007-01-09,13198.048484848485,,
2007-01-10,13225.220606060606,,
2007-01-11,13309.217575757575,,
2007-01-12,13373.801818181817,,
2007-01-16,13384.740606060606,,
2007-01-17,13373.944242424244,,
2007-01-18,13334.523636363636,,
2007-01-19,13373.335151515152,,
2007-01-22,13303.04909090909,,
2007-01-23,13350.109696969696,,
2007-01-24,13463.973333333333,,
2007-01-25,13312.380606060606,,
2007-01-26,13296.289090909093,,
2007-01-29,13283.109696969697,,
2007-01-30,13359.975151515153,,
2007-01-31,13449.62787878788,,
2007-02-01,13524.884242424241,,
2007-02-02,13547.832121212121,,
2007-02-05,13536.023636363638,,
2007-02-06,13545.551515151516,,
2007-02-07,13570.012121212121,,
2007-02-08,13554.30484848485,,
2007-02-09,13458.913333333334,,
2007-02-12,13415.66303030303,,
2007-02-13,13519.99212121212,,
2007-02-14,13626.689696969697,,
2007-02-15,13642.234545454545,,
2007-02-16,13630.694545454546,,
2007-02-20,13669.563636363637,,
2007-02-21,13651.115757575757,,
2007-02-22,13642.606060606062,,
2007-02-23,13595.524242424244,,
2007-02-26,13580.17090909091,,
2007-02-27,13109.778787878788,,
2007-02-28,13186.569090909092,,
2007-03-01,13152.553333333333,,
2007-03-02,13002.595757575758,,
2007-03-05,12880.86424242424,,
2007-03-06,13080.964848484848,,
2007-03-07,13052.401818181817,,
2007-03-08,13146.29575757576,,
2007-03-09,13155.25818181818,,
2007-03-12,13190.91696969697,,
2007-03-13,12925.818787878788,,
2007-03-14,13013.211515151517,,
2007-03-15,13061.713333333333,,
2007-03-16,13011.707272727273,,
2007-03-19,13153.493333333332,,
2007-03-20,13236.954545454546,,
2007-03-21,13463.39090909091,,
2007-03-22,13458.643636363635,,
2007-03-23,13473.430303030304,,
2007-03-26,13486.411515151516,,
2007-03-27,13403.130303030304,,
2007-03-28,13299.293333333335,,
2007-03-29,13349.595151515152,,
2007-03-30,13334.060606060606,,
2007-04-02,13368.794545454546,,
2007-04-03,13495.504848484848,,
2007-04-04,13510.635757575756,,
2007-04-05,13555.82606060606,,
2007-04-09,13563.83515151515,,
2007-04-10,13599.59333333333,,
2007-04-11,13511.76303030303,,
2007-04-12,13595.775757575757,,
2007-04-13,13643.17696969697,,
2007-04-16,13790.02,,
2007-04-17,13818.261212121211,,
2007-04-18,13827.952121212122,,
2007-04-19,13811.59090909091,,
2007-04-20,13939.90484848485,,
2007-04-23,13908.028484848486,,
2007-04-24,13903.133333333331,,
2007-04-25,14045.42787878788,,
2007-04-26,14035.808484848485,,
2007-04-27,14034.561212121213,,
2007-04-30,13924.696363636363,,
2007-05-01,13961.671515151515,,
2007-05-02,14053.568484848483,,
2007-05-03,14118.449090909093,,
2007-05-04,14149.125454545456,,
2007-05-07,14185.920000000002,,
2007-05-08,14170.521212121213,,
2007-05-09,14220.01515151515,,
2007-05-10,14023.867272727273,,
2007-05-11,14160.509696969697,,
2007-05-14,14135.956969696968,,
2007-05-15,14118.830909090912,,
2007-05-16,14244.864848484849,,
2007-05-17,14232.968484848485,,
2007-05-18,14327.101212121212,,
2007-05-21,14349.242424242424,,
2007-05-22,14339.99090909091,,
2007-05-23,14322.947878787878,,
2007-05-24,14185.694545454544,,
2007-05-25,14263.170303030302,,
2007-05-29,14287.223636363637,,
2007-05-30,14406.585454545455,,
2007-05-31,14410.599999999999,,
2007-06-01,14464.418787878787,,
2007-06-04,14491.712121212124,,
2007-06-05,14414.778787878788,,
2007-06-06,14290.622424242423,,
2007-06-07,14040.152121212122,,
2007-06-08,14199.867878787878,,
2007-06-11,14213.77515151515,,
2007-06-12,14061.911515151516,,
2007-06-13,14278.916969696967,,
2007-06-14,14348.604848484849,,
2007-06-15,14442.21878787879,,
2007-06-18,14424.774545454546,,
2007-06-19,14450.028484848484,,
2007-06-20,14253.734545454547,,
2007-06-21,14344.990909090908,,
2007-06-22,14160.043636363636,,
2007-06-25,14114.623030303032,,
2007-06-26,14069.463030303032,,
2007-06-27,14199.038181818181,,
2007-06-28,14193.348484848486,,
2007-06-29,14171.192121212121,,
2007-07-02,14322.893939393942,,
2007-07-03,14377.094545454545,,
2007-07-05,14382.228484848485,,
2007-07-06,14433.878181818181,,
2007-07-09,14447.299393939395,,
2007-07-10,14242.320606060604,,
2007-07-11,14325.556363636364,,
2007-07-12,14598.70181818182,,
2007-07-13,14644.133333333335,,
2007-07-16,14616.075757575758,,
2007-07-17,14614.611515151515,,
2007-07-18,14586.019999999999,,
2007-07-19,14651.51575757576,,
2007-07-20,14472.498181818182,,
2007-07-23,14543.260606060605,,
2007-07-24,14255.255757575758,,
2007-07-25,14321.934545454546,,
2007-07-26,13987.74181818182,,
2007-07-27,13766.12484848485,,
2007-07-30,13907.565454545456,,
2007-07-31,13731.81696969697,,
2007-08-01,13832.107272727273,,
2007-08-02,13895.711515151515,,
2007-08-03,13527.141818181817,,
2007-08-06,13854.140000000001,,
2007-08-07,13939.971515151516,,
2007-08-08,14140.841818181818,,
2007-08-09,13724.260606060609,,
2007-08-10,13729.443030303031,,
2007-08-13,13724.699999999999,,
2007-08-14,13476.999999999998,,
2007-08-15,13293.304242424241,,
2007-08-16,13337.04,,
2007-08-17,13664.75090909091,,
2007-08-20,13661.049090909091,,
2007-08-21,13675.906666666668,,
2007-08-22,13836.878787878788,,
2007-08-23,13822.289696969696,,
2007-08-24,13983.170303030303,,
2007-08-27,13864.364242424244,,
2007-08-28,13539.544242424245,,
2007-08-29,13839.886666666665,,
2007-08-30,13782.813939393938,,
2007-08-31,13937.658181818182,,
2007-09-04,14083.789090909093,,
2007-09-05,13928.258181818182,,
2007-09-06,13989.970909090911,,
2007-09-07,13753.478787878788,,
2007-09-10,13736.421212121211,,
2007-09-11,13923.709696969698,,
2007-09-12,13928.10606060606,,
2007-09-13,14046.227272727274,,
2007-09-14,14049.135757575757,,
2007-09-17,13977.280606060605,,
2007-09-18,14385.659999999998,,
2007-09-19,14473.64,,
2007-09-20,14379.474545454545,,
2007-09-21,14445.785454545456,,
2007-09-24,14369.905454545455,,
2007-09-25,14365.24,,
2007-09-26,14445.619393939392,,
2007-09-27,14502.561818181817,,
2007-09-28,14458.910303030305,,
2007-10-01,14651.174545454545,,
2007-10-02,14647.430303030302,,
2007-10-03,14583.664242424242,,
2007-10-04,14614.627272727274,,
2007-10-05,14758.559393939393,,
2007-10-08,14711.086060606061,,
2007-10-09,14830.469696969698,,
2007-10-10,14806.187272727271,,
2007-10-11,14730.578181818182,,
2007-10-12,14800.73696969697,,
2007-10-15,14676.814545454545,,
2007-10-16,14580.372121212122,,
2007-10-17,14607.37515151515,,
2007-10-18,14596.753333333334,,
2007-10-19,14222.880606060604,,
2007-10-22,14277.195757575757,,
2007-10-23,14402.878181818183,,
2007-10-24,14367.926666666664,,
2007-10-25,14354.115757575755,,
2007-10-26,14551.964242424241,,
2007-10-29,14608.07090909091,,
2007-10-30,14514.000606060608,,
2007-10-31,14688.905454545456,,
2007-11-01,14304.291515151514,,
2007-11-02,14316.423636363636,,
2007-11-05,14246.620606060605,,
2007-11-06,14418.494545454545,,
2007-11-07,14002.495757575756,,
2007-11-08,13995.053333333331,,
2007-11-09,13795.50909090909,,
2007-11-12,13657.765454545455,,
2007-11-13,14059.733333333335,,
2007-11-14,13963.983636363637,,
2007-11-15,13780.156363636364,,
2007-11-16,13852.560606060606,,
2007-11-19,13610.99696969697,,
2007-11-20,13672.819393939391,,
2007-11-21,13455.798181818182,,
2007-11-23,13684.567878787879,,
2007-11-26,13366.579393939395,,
2007-11-27,13566.783030303031,,
2007-11-28,13958.601818181818,,
2007-11-29,13966.216363636362,,
2007-11-30,14074.812727272725,,
2007-12-03,13992.359999999999,,
2007-12-04,13900.936363636365,,
2007-12-05,14119.476969696967,,
2007-12-06,14333.172727272728,,
2007-12-07,14307.798181818183,,
2007-12-10,14415.772727272728,,
2007-12-11,14051.604242424244,,
2007-12-12,14138.48909090909,,
2007-12-13,14156.310909090907,,
2007-12-14,13962.352121212123,,
2007-12-17,13752.957575757575,,
2007-12-18,13839.38606060606,,
2007-12-19,13821.024848484847,,
2007-12-20,13892.327272727272,,
2007-12-21,14126.132727272727,,
2007-12-24,14240.38,,
2007-12-26,14252.130909090909,,
2007-12-27,14052.865454545454,,
2007-12-28,14073.384848484846,,
2007-12-31,13977.166666666668,,
2008-01-02,13778.21696969697,,
2008-01-03,13778.26606060606,,
2008-01-04,13439.949090909093,,
2008-01-07,13483.398787878787,,
2008-01-08,13240.403030303029,,
2008-01-09,13421.83090909091,,
2008-01-10,13528.757575757576,,
2008-01-11,13345.616363636364,,
2008-01-14,13490.762424242424,,
2008-01-15,13154.60909090909,,
2008-01-16,13082.273333333333,,
2008-01-17,12702.18909090909,,
2008-01-18,12625.67818181818,,
2008-01-22,12485.753333333334,,
2008-01-23,12753.778787878788,,
2008-01-24,12882.452121212122,,
2008-01-25,12678.085454545457,,
2008-01-28,12900.838787878785,,
2008-01-29,12980.909696969698,,
2008-01-30,12919.907272727274,,
2008-01-31,13138.793333333333,,
2008-02-01,13299.559393939393,,
2008-02-04,13160.692121212121,,
2008-02-05,12740.811515151516,,
2008-02-06,12648.787272727273,,
2008-02-07,12751.640606060606,,
2008-02-08,12698.253939393937,,
2008-02-11,12773.65393939394,,
2008-02-12,12867.02787878788,,
2008-02-13,13047.05393939394,,
2008-02-14,12872.367878787878,,
2008-02-15,12883.964242424241,,
2008-02-19,12873.447878787878,,
2008-02-20,12981.538181818181,,
2008-02-21,12818.944848484849,,
2008-02-22,12921.340606060607,,
2008-02-25,13100.070303030301,,
2008-02-26,13190.76303030303,,
2008-02-27,13181.82606060606,,
2008-02-28,13065.486666666666,,
2008-02-29,12711.969696969696,,
2008-03-03,12719.02181818182,,
2008-03-04,12675.286666666667,,
2008-03-05,12748.010303030303,,
2008-03-06,12469.345454545455,,
2008-03-07,12364.692121212121,,
2008-03-10,12174.015151515152,,
2008-03-11,12626.442424242423,,
2008-03-12,12516.425454545453,,
2008-03-13,12581.110909090909,,
2008-03-14,12319.91090909091,,
2008-03-17,12211.367272727273,,
2008-03-18,12729.56,,
2008-03-19,12420.575757575758,,
2008-03-20,12717.956363636362,,
2008-03-24,12912.864242424243,,
2008-03-25,12942.676363636363,,
2008-03-26,12829.84909090909,,
2008-03-27,12685.52,,
2008-03-28,12585.186666666666,,
2008-03-31,12657.08,,
2008-04-01,13111.413939393939,,
2008-04-02,13088.684848484849,,
2008-04-03,13105.806060606063,,
2008-04-04,13116.43212121212,,
2008-04-07,13137.002424242424,,
2008-04-08,13074.41696969697,,
2008-04-09,12969.655151515153,,
2008-04-10,13028.298787878788,,
2008-04-11,12763.716363636362,,
2008-04-14,12720.697575757576,,
2008-04-15,12779.337575757578,,
2008-04-16,13070.74484848485,,
2008-04-17,13079.252121212121,,
2008-04-18,13316.578787878785,,
2008-04-21,13296.194545454546,,
2008-04-22,13179.333939393939,,
2008-04-23,13217.635757575757,,
2008-04-24,13302.810303030301,,
2008-04-25,13389.401818181817,,
2008-04-28,13375.860606060603,,
2008-04-29,13324.228484848485,,
2008-04-30,13273.519393939396,,
2008-05-01,13503.591515151515,,
2008-05-02,13547.266666666666,,
2008-05-05,13487.08,,
2008-05-06,13590.747878787877,,
2008-05-07,13350.120606060605,,
2008-05-08,13399.706666666665,,
2008-05-09,13312.347272727271,,
2008-05-12,13459.461818181819,,
2008-05-13,13457.344848484849,,
2008-05-14,13513.602424242425,,
2008-05-15,13659.17090909091,,
2008-05-16,13676.574545454545,,
2008-05-19,13689.334545454545,,
2008-05-20,13562.344242424242,,
2008-05-21,13345.578787878787,,
2008-05-22,13383.017575757578,,
2008-05-23,13206.38606060606,,
2008-05-27,13296.835151515152,,
2008-05-28,13352.134545454544,,
2008-05-29,13424.952727272728,,
2008-05-30,13445.44606060606,,
2008-06-02,13304.659393939392,,
2008-06-03,13228.158181818182,,
2008-06-04,13230.360606060605,,
2008-06-05,13489.346666666668,,
2008-06-06,13074.159393939393,,
2008-06-09,13085.02,,
2008-06-10,13053.147272727272,,
2008-06-11,12835.375757575759,,
2008-06-12,12878.40606060606,,
2008-06-13,13072.48909090909,,
2008-06-16,13073.573333333334,,
2008-06-17,12985.160606060606,,
2008-06-18,12859.25090909091,,
2008-06-19,12910.925454545455,,
2008-06-20,12671.604848484849,,
2008-06-23,12672.336363636365,,
2008-06-24,12636.829696969697,,
2008-06-25,12711.301212121212,,
2008-06-26,12341.821818181817,,
2008-06-27,12296.308484848485,,
2008-06-30,12311.947272727271,,
2008-07-01,12361.549090909091,,
2008-07-02,12137.230303030303,,
2008-07-03,12150.711515151515,,
2008-07-07,12049.022424242425,,
2008-07-08,12259.55393939394,,
2008-07-09,11981.607272727273,,
2008-07-10,12065.352727272728,,
2008-07-11,11932.504242424242,,
2008-07-14,11824.753939393939,,
2008-07-15,11696.041818181819,,
2008-07-16,11990.722424242425,,
2008-07-17,12135.173939393939,,
2008-07-18,12138.690303030304,,
2008-07-21,12132.456363636364,,
2008-07-22,12296.396363636364,,
2008-07-23,12346.369090909091,,
2008-07-24,12061.127878787878,,
2008-07-25,12111.550909090909,,
2008-07-28,11886.245454545455,,
2008-07-29,12164.927272727273,,
2008-07-30,12368.52909090909,,
2008-07-31,12208.450909090909,,
2008-08-01,12140.37515151515,,
2008-08-04,12031.714545454546,,
2008-08-05,12378.449090909091,,
2008-08-06,12425.630303030302,,
2008-08-07,12203.97090909091,,
2008-08-08,12495.592121212121,,
2008-08-11,12585.397575757575,,
2008-08-12,12434.315757575758,,
2008-08-13,12402.104848484847,,
2008-08-14,12471.041212121212,,
2008-08-15,12523.368484848485,,
2008-08-18,12335.143030303032,,
2008-08-19,12221.315151515153,,
2008-08-20,12297.884848484848,,
2008-08-21,12329.375757575759,,
2008-08-22,12470.532727272728,,
2008-08-25,12225.859393939394,,
2008-08-26,12271.055151515151,,
2008-08-27,12371.135151515153,,
2008-08-28,12556.738181818182,,
2008-08-29,12385.041818181819,,
2008-09-02,12334.772121212121,,
2008-09-03,12315.922424242422,,
2008-09-04,11947.693333333333,,
2008-09-05,12001.109696969697,,
2008-09-08,12249.26606060606,,
2008-09-09,11831.136363636364,,
2008-09-10,11904.53515151515,,
2008-09-11,12072.734545454547,,
2008-09-12,12098.512727272728,,
2008-09-15,11528.327272727272,,
2008-09-16,11730.239393939393,,
2008-09-17,11177.612727272728,,
2008-09-18,11665.754545454545,,
2008-09-19,12135.28303030303,,
2008-09-22,11671.846666666666,,
2008-09-23,11489.582424242424,,
2008-09-24,11466.975757575758,,
2008-09-25,11692.388484848485,,
2008-09-26,11732.040848484849,,
2008-09-29,10701.354545454546,,
2008-09-30,11281.444242424242,,
2008-10-01,11231.901818181817,,
2008-10-02,10781.191515151515,,
2008-10-03,10635.799393939393,,
2008-10-06,10226.273333333333,,
2008-10-07,9639.47212121212,,
2008-10-08,9535.406060606061,,
2008-10-09,8809.203636363636,,
2008-10-10,8706.43696969697,,
2008-10-13,9714.716363636364,,
2008-10-14,9663.114545454546,,
2008-10-15,8790.935757575759,,
2008-10-16,9164.886666666665,,
2008-10-17,9108.106666666667,,
2008-10-20,9542.42303030303,,
2008-10-21,9248.603636363638,,
2008-10-22,8686.190303030302,,
2008-10-23,8796.202757575757,,
2008-10-24,8492.670303030303,,
2008-10-27,8222.909090909092,,
2008-10-28,9110.050303030303,,
2008-10-29,9010.47090909091,,
2008-10-30,9244.638787878788,,
2008-10-31,9386.74909090909,,
2008-11-03,9363.110909090909,,
2008-11-04,9745.434545454546,,
2008-11-05,9237.661212121211,,
2008-11-06,8775.811515151516,,
2008-11-07,9032.164242424242,,
2008-11-10,8919.043030303032,,
2008-11-11,8722.52181818182,,
2008-11-12,8273.629090909091,,
2008-11-13,8847.378181818181,,
2008-11-14,8479.973333333333,,
2008-11-17,8261.438181818183,,
2008-11-18,8344.330909090908,,
2008-11-19,7834.884242424243,,
2008-11-20,7309.326060606061,,
2008-11-21,7773.272727272727,,
2008-11-24,8276.570909090908,,
2008-11-25,8332.055151515151,,
2008-11-26,8629.723636363637,,
2008-11-28,8713.207272727273,,
2008-12-01,7935.709090909091,,
2008-12-02,8253.265454545455,,
2008-12-03,8471.008484848486,,
2008-12-04,8223.103636363636,,
2008-12-05,8523.411515151516,,
2008-12-08,8852.138181818182,,
2008-12-09,8647.757575757576,,
2008-12-10,8751.513939393939,,
2008-12-11,8504.220606060606,,
2008-12-12,8564.066666666666,,
2008-12-15,8455.82181818182,,
2008-12-16,8890.147878787879,,
2008-12-17,8805.306666666667,,
2008-12-18,8619.308484848485,,
2008-12-19,8644.773333333333,,
2008-12-22,8487.378181818183,,
2008-12-23,8406.53696969697,,
2008-12-24,8459.121818181819,,
2008-12-26,8504.380000000001,,
2008-12-29,8474.249696969695,,
2008-12-30,8682.739393939395,,
2008-12-31,8805.917575757576,,
2009-01-02,9085.85515151515,,
2009-01-05,9043.67818181818,,
2009-01-06,9114.340606060605,,
2009-01-07,8845.926060606062,,
2009-01-08,8876.372121212122,,
2009-01-09,8687.34606060606,,
2009-01-12,8491.327272727272,,
2009-01-13,8506.831515151514,,
2009-01-14,8222.960606060607,,
2009-01-15,8234.184242424242,,
2009-01-16,8296.476363636362,,
2009-01-20,7858.380606060607,,
2009-01-21,8201.985454545455,,
2009-01-22,8077.82,,
2009-01-23,8121.322424242425,,
2009-01-26,8166.469696969696,,
2009-01-27,8255.661818181818,,
2009-01-28,8533.770303030304,,
2009-01-29,8251.729696969696,,
2009-01-30,8063.698787878788,,
2009-02-02,8059.470909090909,,
2009-02-03,8187.180606060606,,
2009-02-04,8131.911515151515,,
2009-02-05,8265.54909090909,,
2009-02-06,8491.281212121212,,
2009-02-09,8504.206666666665,,
2009-02-10,8086.6866666666665,,
2009-02-11,8154.546666666667,,
2009-02-12,8170.6109090909085,,
2009-02-13,8089.893939393939,,
2009-02-17,7722.765454545454,,
2009-02-18,7716.93393939394,,
2009-02-19,7629.192727272728,,
2009-02-20,7543.739393939394,,
2009-02-23,7282.187272727272,,
2009-02-24,7574.303030303031,,
2009-02-25,7495.408484848485,,
2009-02-26,7378.7321212121215,,
2009-02-27,7205.09393939394,,
2009-03-02,6869.280000000001,,
2009-03-03,6825.309696969697,,
2009-03-04,6989.99696969697,,
2009-03-05,6693.187272727273,,
2009-03-06,6703.016969696971,,
2009-03-09,6636.580606060606,,
2009-03-10,7059.5806060606055,,
2009-03-11,7079.233939393938,,
2009-03-12,7368.901212121212,,
2009-03-13,7426.155757575758,,
2009-03-16,7400.201212121213,,
2009-03-17,7638.127878787878,,
2009-03-18,7797.70606060606,,
2009-03-19,7696.515151515152,,
2009-03-20,7544.575151515151,,
2009-03-23,8080.043636363636,,
2009-03-24,7915.323636363635,,
2009-03-25,7991.579393939393,,
2009-03-26,8178.019393939394,,
2009-03-27,8013.252121212122,,
2009-03-30,7734.694545454545,,
2009-03-31,7836.225454545454,,
2009-04-01,7967.461212121212,,
2009-04-02,8196.812727272727,,
2009-04-03,8276.743636363637,,
2009-04-06,8208.241818181818,,
2009-04-07,8017.650909090909,,
2009-04-08,8112.31696969697,,
2009-04-09,8421.131515151515,,
2009-04-13,8443.184242424242,,
2009-04-14,8273.96303030303,,
2009-04-15,8377.92606060606,,
2009-04-16,8508.395757575756,,
2009-04-17,8550.616363636364,,
2009-04-20,8184.978181818183,,
2009-04-21,8358.889696969696,,
2009-04-22,8296.462424242425,,
2009-04-23,8378.900606060606,,
2009-04-24,8519.617575757577,,
2009-04-27,8433.81818181818,,
2009-04-28,8411.05393939394,,
2009-04-29,8593.875757575755,,
2009-04-30,8586.22606060606,,
2009-05-01,8632.776363636363,,
2009-05-04,8925.09818181818,,
2009-05-05,8892.412121212123,,
2009-05-06,9050.345454545455,,
2009-05-07,8931.295757575757,,
2009-05-08,9146.292727272727,,
2009-05-11,8952.746666666666,,
2009-05-12,8944.397575757575,,
2009-05-13,8707.54303030303,,
2009-05-14,8798.73090909091,,
2009-05-15,8699.89212121212,,
2009-05-18,8965.092121212121,,
2009-05-19,8951.132727272727,,
2009-05-20,8905.899393939395,,
2009-05-21,8759.26484848485,,
2009-05-22,8746.320606060606,,
2009-05-26,8976.390303030303,,
2009-05-27,8807.761212121213,,
2009-05-28,8945.07696969697,,
2009-05-29,9066.478787878788,,
2009-06-01,9300.924848484849,,
2009-06-02,9319.354545454546,,
2009-06-03,9193.188484848484,,
2009-06-04,9300.552727272729,,
2009-06-05,9277.678181818183,,
2009-06-08,9270.23212121212,,
2009-06-09,9303.226060606063,,
2009-06-10,9271.261212121211,,
2009-06-11,9330.315757575756,,
2009-06-12,9343.625454545454,,
2009-06-15,9121.590303030302,,
2009-06-16,9005.57090909091,,
2009-06-17,8993.304848484848,,
2009-06-18,9070.243636363637,,
2009-06-19,9098.455757575757,,
2009-06-22,8821.458181818183,,
2009-06-23,8841.935757575757,,
2009-06-24,8899.875757575757,,
2009-06-25,9090.759393939396,,
2009-06-26,9079.280606060607,,
2009-06-29,9161.841818181818,,
2009-06-30,9084.463636363636,,
2009-07-01,9125.087272727273,,
2009-07-02,8859.382424242425,,
2009-07-06,8882.324242424242,,
2009-07-07,8707.532121212122,,
2009-07-08,8698.177575757576,,
2009-07-09,8729.107272727271,,
2009-07-10,8693.961818181817,,
2009-07-13,8911.678181818183,,
2009-07-14,8959.030303030304,,
2009-07-15,9224.775151515152,,
2009-07-16,9304.870909090909,,
2009-07-17,9301.233333333334,,
2009-07-20,9407.61696969697,,
2009-07-21,9441.873333333333,,
2009-07-22,9438.581818181818,,
2009-07-23,9658.485454545455,,
2009-07-24,9687.884242424243,,
2009-07-27,9716.711515151515,,
2009-07-28,9691.453333333335,,
2009-07-29,9648.457575757575,,
2009-07-30,9764.455151515152,,
2009-07-31,9771.587878787877,,
2009-08-03,9921.547272727272,,
2009-08-04,9951.705454545456,,
2009-08-05,9926.101818181818,,
2009-08-06,9871.627272727274,,
2009-08-07,10004.419393939394,,
2009-08-10,9971.258787878789,,
2009-08-11,9847.927272727271,,
2009-08-12,9965.025454545454,,
2009-08-13,10034.278787878788,,
2009-08-14,9948.748484848486,,
2009-08-17,9709.460606060606,,
2009-08-18,9809.676363636365,,
2009-08-19,9878.28484848485,,
2009-08-20,9986.984848484848,,
2009-08-21,10174.76606060606,,
2009-08-24,10169.35393939394,,
2009-08-25,10193.481212121213,,
2009-08-26,10195.72303030303,,
2009-08-27,10225.238787878787,,
2009-08-28,10206.363636363636,,
2009-08-31,10124.383636363636,,
2009-09-01,9900.803636363637,,
2009-09-02,9870.670303030303,,
2009-09-03,9955.63575757576,,
2009-09-04,10086.887272727272,,
2009-09-08,10177.71575757576,,
2009-09-09,10257.456363636364,,
2009-09-10,10364.46,,
2009-09-11,10352.648484848483,,
2009-09-14,10418.450303030304,,
2009-09-15,10451.197575757575,,
2009-09-16,10611.598181818183,,
2009-09-17,10580.594545454545,,
2009-09-18,10608.647878787879,,
2009-09-21,10572.544242424243,,
2009-09-22,10642.383636363636,,
2009-09-23,10535.24606060606,,
2009-09-24,10436.478787878788,,
2009-09-25,10372.916969696971,,
2009-09-28,10559.499393939393,,
2009-09-29,10536.218787878788,,
2009-09-30,10502.176363636363,,
2009-10-01,10231.731515151514,,
2009-10-02,10186.08909090909,,
2009-10-05,10337.775151515152,,
2009-10-06,10479.658787878789,,
2009-10-07,10513.601818181818,,
2009-10-08,10592.147272727272,,
2009-10-09,10652.144242424241,,
2009-10-12,10698.864242424243,,
2009-10-13,10669.759393939394,,
2009-10-14,10857.395757575758,,
2009-10-15,10902.490303030303,,
2009-10-16,10814.246666666666,,
2009-10-19,10915.908484848485,,
2009-10-20,10848.050303030303,,
2009-10-21,10753.540606060606,,
2009-10-22,10868.709090909091,,
2009-10-23,10736.37696969697,,
2009-10-26,10610.632121212122,,
2009-10-27,10575.473939393938,,
2009-10-28,10370.22606060606,,
2009-10-29,10604.623636363634,,
2009-10-30,10307.07696969697,,
2009-11-02,10373.647878787879,,
2009-11-03,10398.861212121214,,
2009-11-04,10413.370303030304,,
2009-11-05,10614.819393939395,,
2009-11-06,10642.829696969697,,
2009-11-09,10882.171515151515,,
2009-11-10,10884.257575757576,,
2009-11-11,10938.959393939394,,
2009-11-12,10828.24909090909,,
2009-11-13,10890.492727272725,,
2009-11-16,11050.250303030303,,
2009-11-17,11061.723636363637,,
2009-11-18,11058.23393939394,,
2009-11-19,10909.797575757577,,
2009-11-20,10876.638787878788,,
2009-11-23,11025.292727272727,,
2009-11-24,11020.089696969697,,
2009-11-25,11071.161212121213,,
2009-11-27,10883.003636363637,,
2009-11-30,10925.331515151516,,
2009-12-01,11057.821212121213,,
2009-12-02,11063.018787878787,,
2009-12-03,10970.460606060606,,
2009-12-04,11030.952121212122,,
2009-12-07,11004.22606060606,,
2009-12-08,10892.764848484849,,
2009-12-09,10933.932121212121,,
2009-12-10,10998.870303030302,,
2009-12-11,11041.23212121212,,
2009-12-14,11118.502424242424,,
2009-12-15,11056.764848484847,,
2009-12-16,11069.404242424243,,
2009-12-17,10939.155151515151,,
2009-12-18,11003.002424242424,,
2009-12-21,11118.750909090908,,
2009-12-22,11158.63393939394,,
2009-12-23,11186.692727272726,,
2009-12-24,11245.46,,
2009-12-28,11259.92909090909,,
2009-12-29,11246.118181818181,,
2009-12-30,11249.340606060607,,
2009-12-31,11136.359393939394,,
2010-01-04,11315.533333333335,,
2010-01-05,11350.886060606059,,
2010-01-06,11361.99696969697,,
2010-01-07,11408.147878787879,,
2010-01-08,11441.004242424242,,
2010-01-11,11460.947272727273,,
2010-01-12,11353.452727272728,,
2010-01-13,11449.062424242424,,
2010-01-14,11477.109696969697,,
2010-01-15,11353.315151515151,,
2010-01-19,11495.261212121213,,
2010-01-20,11375.140000000001,,
2010-01-21,11159.917575757576,,
2010-01-22,10912.802424242425,,
2010-01-25,10963.211515151515,,
2010-01-26,10917.235151515151,,
2010-01-27,10970.97212121212,,
2010-01-28,10842.256363636363,,
2010-01-29,10735.74303030303,,
2010-02-01,10888.898181818182,,
2010-02-02,11030.246666666668,,
2010-02-03,10973.551515151514,,
2010-02-04,10632.103636363636,,
2010-02-05,10662.91696969697,,
2010-02-08,10571.955757575757,,
2010-02-09,10710.173939393939,,
2010-02-10,10689.034545454546,,
2010-02-11,10793.992727272727,,
2010-02-12,10766.68,,
2010-02-16,10961.969090909091,,
2010-02-17,11010.314545454545,,
2010-02-18,11083.7,,
2010-02-19,11109.641818181817,,
2010-02-22,11098.21393939394,,
2010-02-23,10963.961818181819,,
2010-02-24,11072.63696969697,,
2010-02-25,11052.358787878788,,
2010-02-26,11068.30606060606,,
2010-03-01,11181.039393939393,,
2010-03-02,11207.079393939395,,
2010-03-03,11213.587272727273,,
2010-03-04,11255.783636363636,,
2010-03-05,11413.820606060606,,
2010-03-08,11413.86,,
2010-03-09,11433.956363636364,,
2010-03-10,11487.17696969697,,
2010-03-11,11537.475757575758,,
2010-03-12,11535.070303030303,,
2010-03-15,11540.52606060606,,
2010-03-16,11630.444848484849,,
2010-03-17,11698.300606060606,,
2010-03-18,11694.707272727273,,
2010-03-19,11635.16484848485,,
2010-03-22,11694.761818181818,,
2010-03-23,11780.004242424244,,
2010-03-24,11715.396969696969,,
2010-03-25,11695.42909090909,,
2010-03-26,11704.119999999999,,
2010-03-29,11772.76787878788,,
2010-03-30,11774.631515151515,,
2010-03-31,11736.221818181817,,
2010-04-01,11823.680606060607,,
2010-04-05,11917.818787878788,,
2010-04-06,11937.910303030303,,
2010-04-07,11872.975757575758,,
2010-04-08,11913.458181818183,,
2010-04-09,11993.110909090909,,
2010-04-12,12014.521212121213,,
2010-04-13,12023.669696969699,,
2010-04-14,12157.917575757576,,
2010-04-15,12168.124242424243,,
2010-04-16,11971.902424242424,,
2010-04-19,12026.172121212121,,
2010-04-20,12123.202424242425,,
2010-04-21,12110.987272727272,,
2010-04-22,12138.98181818182,,
2010-04-23,12225.414545454547,,
2010-04-26,12173.049696969698,,
2010-04-27,11888.472727272727,,
2010-04-28,11967.447878787878,,
2010-04-29,12123.301212121212,,
2010-04-30,11921.509696969697,,
2010-05-03,12078.019999999999,,
2010-05-04,11790.13393939394,,
2010-05-05,11716.673333333332,,
2010-05-06,11339.086060606061,,
2010-05-07,11165.57696969697,,
2010-05-10,11656.908484848485,,
2010-05-11,11619.68909090909,,
2010-05-12,11783.352121212121,,
2010-05-13,11640.98,,
2010-05-14,11422.215151515153,,
2010-05-17,11437.04787878788,,
2010-05-18,11276.647878787879,,
2010-05-19,11219.892727272727,,
2010-05-20,10783.639393939395,,
2010-05-21,10945.753333333332,,
2010-05-24,10804.643636363637,,
2010-05-25,10808.47212121212,,
2010-05-26,10749.377575757577,,
2010-05-27,11106.709696969696,,
2010-05-28,10969.568484848485,,
2010-06-01,10781.760606060607,,
2010-06-02,11062.138181818182,,
2010-06-03,11107.424242424242,,
2010-06-04,10725.552727272729,,
2010-06-07,10581.044242424243,,
2010-06-08,10698.718181818182,,
2010-06-09,10635.808484848485,,
2010-06-10,10949.659393939395,,
2010-06-11,11001.574545454545,,
2010-06-14,10981.950909090909,,
2010-06-15,11240.064242424241,,
2010-06-16,11234.08303030303,,
2010-06-17,11249.976969696969,,
2010-06-18,11264.867272727273,,
2010-06-21,11221.495757575758,,
2010-06-22,11042.716363636364,,
2010-06-23,11009.983636363637,,
2010-06-24,10825.03090909091,,
2010-06-25,10856.024848484847,,
2010-06-28,10836.001818181818,,
2010-06-29,10500.322424242426,,
2010-06-30,10395.330303030301,,
2010-07-01,10362.247272727273,,
2010-07-02,10314.285454545454,,
2010-07-06,10369.53393939394,,
2010-07-07,10699.540606060606,,
2010-07-08,10800.584242424242,,
2010-07-09,10878.413333333334,,
2010-07-12,10886.656363636364,,
2010-07-13,11054.985454545455,,
2010-07-14,11053.478181818182,,
2010-07-15,11066.645454545454,,
2010-07-16,10748.032121212123,,
2010-07-19,10812.51090909091,,
2010-07-20,10936.220606060606,,
2010-07-21,10797.564242424241,,
2010-07-22,11040.969090909091,,
2010-07-23,11131.827272727272,,
2010-07-26,11256.603030303031,,
2010-07-27,11244.78303030303,,
2010-07-28,11167.615757575757,,
2010-07-29,11122.985454545455,,
2010-07-30,11123.658787878789,,
2010-08-02,11368.757575757576,,
2010-08-03,11314.352727272726,,
2010-08-04,11386.739393939393,,
2010-08-05,11372.8,,
2010-08-06,11331.924242424242,,
2010-08-09,11394.278787878788,,
2010-08-10,11326.545454545454,,
2010-08-11,11012.887878787878,,
2010-08-12,10955.184848484847,,
2010-08-13,10911.44,,
2010-08-16,10913.333939393939,,
2010-08-17,11049.592121212121,,
2010-08-18,11067.52787878788,,
2010-08-19,10880.264848484849,,
2010-08-20,10840.435151515152,,
2010-08-23,10796.790909090909,,
2010-08-24,10640.294545454546,,
2010-08-25,10676.493939393938,,
2010-08-26,10594.766666666668,,
2010-08-27,10773.33393939394,,
2010-08-30,10616.930303030304,,
2010-08-31,10621.490303030303,,
2010-09-01,10936.093333333334,,
2010-09-02,11036.236363636364,,
2010-09-03,11182.445454545454,,
2010-09-07,11054.832727272726,,
2010-09-08,11128.523030303031,,
2010-09-09,11182.390303030303,,
2010-09-10,11236.999393939393,,
2010-09-13,11366.094545454545,,
2010-09-14,11358.007272727273,,
2010-09-15,11398.440606060607,,
2010-09-16,11396.172121212121,,
2010-09-17,11405.629090909091,,
2010-09-20,11579.394545454546,,
2010-09-21,11549.915757575758,,
2010-09-22,11495.587272727273,,
2010-09-23,11399.829090909092,,
2010-09-24,11641.47090909091,,
2010-09-27,11575.635757575757,,
2010-09-28,11633.849696969697,,
2010-09-29,11605.077575757576,,
2010-09-30,11569.401818181817,,
2010-10-01,11620.740606060606,,
2010-10-04,11528.173939393939,,
2010-10-05,11768.597575757576,,
2010-10-06,11766.680606060607,,
2010-10-07,11747.318181818182,,
2010-10-08,11819.273333333334,,
2010-10-11,11821.01515151515,,
2010-10-12,11866.19393939394,,
2010-10-13,11951.975757575758,,
2010-10-14,11908.46787878788,,
2010-10-15,11932.56,,
2010-10-18,12019.201818181818,,
2010-10-19,11828.307272727272,,
2010-10-20,11954.615151515152,,
2010-10-21,11976.504242424242,,
2010-10-22,12005.039393939394,,
2010-10-25,12030.94,,
2010-10-26,12031.096363636363,,
2010-10-27,12000.318181818182,,
2010-10-28,12014.869090909091,,
2010-10-29,12009.607878787878,,
2010-11-01,12021.046666666665,,
2010-11-02,12114.309696969696,,
2010-11-03,12161.105454545455,,
2010-11-04,12397.682424242425,,
2010-11-05,12447.09393939394,,
2010-11-08,12422.378181818181,,
2010-11-09,12326.345454545455,,
2010-11-10,12382.771515151515,,
2010-11-11,12330.209090909091,,
2010-11-12,12185.263636363636,,
2010-11-15,12171.196363636363,,
2010-11-16,11977.30606060606,,
2010-11-17,11981.813939393938,,
2010-11-18,12165.943030303031,,
2010-11-19,12197.5,,
2010-11-22,12178.902424242424,,
2010-11-23,12005.418181818182,,
2010-11-24,12185.233333333334,,
2010-11-26,12097.139393939393,,
2010-11-29,12083.842424242426,,
2010-11-30,12011.147878787879,,
2010-12-01,12272.541818181819,,
2010-12-02,12430.079393939393,,
2010-12-03,12463.013333333332,,
2010-12-06,12447.302424242425,,
2010-12-07,12453.87393939394,,
2010-12-08,12503.193333333333,,
2010-12-09,12552.236969696969,,
2010-12-10,12627.675151515154,,
2010-12-13,12630.295757575755,,
2010-12-14,12642.001212121211,,
2010-12-15,12577.513939393939,,
2010-12-16,12655.698181818183,,
2010-12-17,12666.351515151515,,
2010-12-20,12698.936363636365,,
2010-12-21,12777.36,,
2010-12-22,12822.389696969696,,
2010-12-23,12802.260606060605,,
2010-12-27,12810.096969696971,,
2010-12-28,12820.136363636366,,
2010-12-29,12835.357575757575,,
2010-12-30,12816.341212121213,,
2010-12-31,12813.870303030302,,
2011-01-03,12959.395757575758,,
2011-01-04,12942.57818181818,,
2011-01-05,13009.068484848483,,
2011-01-06,12986.406666666664,,
2011-01-07,12962.46303030303,,
2011-01-10,12944.627272727272,,
2011-01-11,12992.843030303033,,
2011-01-12,13111.242424242426,,
2011-01-13,13088.84787878788,,
2011-01-14,13185.95515151515,,
2011-01-18,13204.361818181818,,
2011-01-19,13072.56909090909,,
2011-01-20,13055.65090909091,,
2011-01-21,13087.452727272728,,
2011-01-24,13163.824242424243,,
2011-01-25,13167.718787878788,,
2011-01-26,13223.782424242427,,
2011-01-27,13254.11515151515,,
2011-01-28,13017.856363636363,,
2011-01-31,13117.57818181818,,
2011-02-01,13336.61515151515,,
2011-02-02,13302.692727272728,,
2011-02-03,13335.896363636362,,
2011-02-04,13374.52484848485,,
2011-02-07,13458.19696969697,,
2011-02-08,13518.720606060606,,
2011-02-09,13482.673333333332,,
2011-02-10,13494.000000000002,,
2011-02-11,13570.196969696968,,
2011-02-14,13605.37696969697,,
2011-02-15,13563.00909090909,,
2011-02-16,13650.287272727272,,
2011-02-17,13693.427272727275,,
2011-02-18,13719.912727272727,,
2011-02-22,13438.47515151515,,
2011-02-23,13356.917575757576,,
2011-02-24,13346.836363636365,,
2011-02-25,13491.197575757576,,
2011-02-28,13566.974545454545,,
2011-03-01,13353.424242424242,,
2011-03-02,13377.188484848486,,
2011-03-03,13608.059393939393,,
2011-03-04,13507.749090909092,,
2011-03-07,13395.537575757575,,
2011-03-08,13517.548484848485,,
2011-03-09,13501.217575757573,,
2011-03-10,13246.383636363635,,
2011-03-11,13344.285454545454,,
2011-03-14,13264.012121212121,,
2011-03-15,13115.527272727271,,
2011-03-16,12860.224242424241,,
2011-03-17,13032.87878787879,,
2011-03-18,13089.050909090909,,
2011-03-21,13285.382424242425,,
2011-03-22,13239.81696969697,,
2011-03-23,13278.570303030305,,
2011-03-24,13402.574545454545,,
2011-03-25,13444.95878787879,,
2011-03-28,13408.028484848486,,
2011-03-29,13505.487878787877,,
2011-03-30,13597.281818181818,,
2011-03-31,13572.372121212124,,
2011-04-01,13639.895757575758,,
2011-04-04,13646.312727272727,,
2011-04-05,13644.001818181818,,
2011-04-06,13679.427272727273,,
2011-04-07,13659.157575757576,,
2011-04-08,13604.45515151515,,
2011-04-11,13566.70787878788,,
2011-04-12,13461.341212121211,,
2011-04-13,13465.286060606059,,
2011-04-14,13466.585454545455,,
2011-04-15,13519.421818181818,,
2011-04-18,13370.618787878786,,
2011-04-19,13447.656363636364,,
2011-04-20,13629.720000000001,,
2011-04-21,13702.034545454546,,
2011-04-25,13680.233333333334,,
2011-04-26,13803.09696969697,,
2011-04-27,13891.72606060606,,
2011-04-28,13942.187272727273,,
2011-04-29,13974.322424242424,,
2011-05-02,13949.826666666666,,
2011-05-03,13902.735757575758,,
2011-05-04,13809.904848484848,,
2011-05-05,13685.311515151514,,
2011-05-06,13739.225454545456,,
2011-05-09,13801.829090909092,,
2011-05-10,13913.481212121213,,
2011-05-11,13766.484848484848,,
2011-05-12,13835.422424242424,,
2011-05-13,13724.346060606062,,
2011-05-16,13640.043636363635,,
2011-05-17,13638.472121212124,,
2011-05-18,13761.002424242422,,
2011-05-19,13792.163636363637,,
2011-05-20,13686.141818181819,,
2011-05-23,13523.085454545455,,
2011-05-24,13512.087272727274,,
2011-05-25,13556.053333333333,,
2011-05-26,13612.88606060606,,
2011-05-27,13671.175151515152,,
2011-05-31,13816.138181818182,,
2011-06-01,13502.802424242424,,
2011-06-02,13487.050303030304,,
2011-06-03,13356.43212121212,,
2011-06-06,13212.943636363636,,
2011-06-07,13200.880606060608,,
2011-06-08,13148.493939393938,,
2011-06-09,13245.567272727272,,
2011-06-10,13060.582424242424,,
2011-06-13,13073.64909090909,,
2011-06-14,13239.265454545455,,
2011-06-15,13008.771515151515,,
2011-06-16,13033.803636363638,,
2011-06-17,13073.604848484849,,
2011-06-20,13144.238181818182,,
2011-06-21,13322.120606060605,,
2011-06-22,13236.520606060605,,
2011-06-23,13199.11515151515,,
2011-06-24,13044.30484848485,,
2011-06-27,13164.115757575757,,
2011-06-28,13337.479393939393,,
2011-06-29,13449.683636363636,,
2011-06-30,13585.835151515152,,
2011-07-01,13783.380606060606,,
2011-07-05,13765.385454545454,,
2011-07-06,13784.372121212122,,
2011-07-07,13929.154545454545,,
2011-07-08,13832.260606060607,,
2011-07-11,13582.251515151514,,
2011-07-12,13522.138181818182,,
2011-07-13,13565.383636363636,,
2011-07-14,13474.46303030303,,
2011-07-15,13549.369696969698,,
2011-07-18,13439.669090909092,,
2011-07-19,13658.852727272728,,
2011-07-20,13651.664848484848,,
2011-07-21,13837.738181818182,,
2011-07-22,13850.565454545454,,
2011-07-25,13772.570303030303,,
2011-07-26,13716.032121212123,,
2011-07-27,13438.106666666667,,
2011-07-28,13395.932727272728,,
2011-07-29,13309.573333333334,,
2011-08-01,13254.56303030303,,
2011-08-02,12915.777575757576,,
2011-08-03,12985.240606060606,,
2011-08-04,12364.863636363638,,
2011-08-05,12357.844242424242,,
2011-08-08,11536.209090909091,,
2011-08-09,12083.402424242426,,
2011-08-10,11554.754545454545,,
2011-08-11,12091.74,,
2011-08-12,12155.598787878787,,
2011-08-15,12421.293333333333,,
2011-08-16,12302.564242424241,,
2011-08-17,12317.662424242424,,
2011-08-18,11769.210909090909,,
2011-08-19,11592.561818181817,,
2011-08-22,11595.590909090908,,
2011-08-23,11993.301212121212,,
2011-08-24,12152.32303030303,,
2011-08-25,11963.408484848485,,
2011-08-26,12146.11515151515,,
2011-08-29,12491.197575757575,,
2011-08-30,12523.431515151515,,
2011-08-31,12586.57090909091,,
2011-09-01,12438.161212121213,,
2011-09-02,12124.21696969697,,
2011-09-06,12034.367878787878,,
2011-09-07,12382.097575757576,,
2011-09-08,12251.016363636363,,
2011-09-09,11924.078181818182,,
2011-09-12,12007.87696969697,,
2011-09-13,12121.695151515152,,
2011-09-14,12285.073939393938,,
2011-09-15,12498.514545454545,,
2011-09-16,12570.08606060606,,
2011-09-19,12446.928484848484,,
2011-09-20,12426.627878787878,,
2011-09-21,12061.846666666666,,
2011-09-22,11677.317575757575,,
2011-09-23,11749.878181818183,,
2011-09-26,12024.04787878788,,
2011-09-27,12152.680606060607,,
2011-09-28,11904.23090909091,,
2011-09-29,12001.390303030303,,
2011-09-30,11701.749696969699,,
2011-10-03,11369.398787878788,,
2011-10-04,11626.605454545454,,
2011-10-05,11840.396969696969,,
2011-10-06,12058.247272727273,,
2011-10-07,11960.138787878788,,
2011-10-10,12368.216363636362,,
2011-10-11,12375.12606060606,,
2011-10-12,12498.319393939393,,
2011-10-13,12462.174545454545,,
2011-10-14,12678.755151515152,,
2011-10-17,12433.601212121212,,
2011-10-18,12687.479393939393,,
2011-10-19,12528.946060606062,,
2011-10-20,12586.362424242425,,
2011-10-21,12823.41696969697,,
2011-10-24,12988.680606060607,,
2011-10-25,12728.277575757578,,
2011-10-26,12862.522424242425,,
2011-10-27,13304.333939393939,,
2011-10-28,13309.881212121212,,
2011-10-31,12980.669696969699,,
2011-11-01,12618.010303030303,,
2011-11-02,12822.419393939394,,
2011-11-03,13065.861818181818,,
2011-11-04,12983.898787878788,,
2011-11-07,13066.665454545455,,
2011-11-08,13227.935757575757,,
2011-11-09,12743.784242424243,,
2011-11-10,12855.372727272728,,
2011-11-11,13105.966060606059,,
2011-11-14,12982.380606060604,,
2011-11-15,13047.253939393937,,
2011-11-16,12834.198787878788,,
2011-11-17,12618.757575757574,,
2011-11-18,12614.685454545455,,
2011-11-21,12380.042424242423,,
2011-11-22,12329.758787878787,,
2011-11-23,12057.807878787879,,
2011-11-25,12027.281818181818,,
2011-11-28,12380.621212121212,,
2011-11-29,12412.510303030302,,
2011-11-30,12951.982424242426,,
2011-12-01,12927.701818181818,,
2011-12-02,12925.08303030303,,
2011-12-05,13058.669090909092,,
2011-12-06,13073.311515151514,,
2011-12-07,13103.460606060606,,
2011-12-08,12826.707272727273,,
2011-12-09,13043.304848484848,,
2011-12-12,12849.415757575758,,
2011-12-13,12740.28606060606,,
2011-12-14,12597.01696969697,,
2011-12-15,12639.00303030303,,
2011-12-16,12679.900606060604,,
2011-12-19,12531.326666666668,,
2011-12-20,12907.100606060607,,
2011-12-21,12932.46909090909,,
2011-12-22,13042.643030303028,,
2011-12-23,13160.623636363636,,
2011-12-27,13161.862424242423,,
2011-12-28,13000.572727272729,,
2011-12-29,13140.105454545454,,
2011-12-30,13084.470909090907,,
2012-01-03,13287.26606060606,,
2012-01-04,13292.576363636363,,
2012-01-05,13331.708484848485,,
2012-01-06,13302.926666666666,,
2012-01-09,13333.342424242423,,
2012-01-10,13451.970909090911,,
2012-01-11,13457.484242424243,,
2012-01-12,13489.346666666668,,
2012-01-13,13422.588484848484,,
2012-01-17,13470.229696969696,,
2012-01-18,13622.052727272729,,
2012-01-19,13689.723636363635,,
2012-01-20,13699.238181818182,,
2012-01-23,13705.903636363635,,
2012-01-24,13692.22606060606,,
2012-01-25,13811.07212121212,,
2012-01-26,13732.37878787879,,
2012-01-27,13711.198181818181,,
2012-01-30,13677.083636363637,,
2012-01-31,13670.85696969697,,
2012-02-01,13795.410303030303,,
2012-02-02,13811.61515151515,,
2012-02-03,14015.068484848485,,
2012-02-06,14009.413333333334,,
2012-02-07,14037.97515151515,,
2012-02-08,14073.36787878788,,
2012-02-09,14094.30606060606,,
2012-02-10,13997.55575757576,,
2012-02-13,14095.843636363634,,
2012-02-14,14084.836363636365,,
2012-02-15,14013.804848484848,,
2012-02-16,14170.393939393938,,
2012-02-17,14204.036363636365,,
2012-02-21,14214.577575757576,,
2012-02-22,14167.671515151516,,
2012-02-23,14230.949696969696,,
2012-02-24,14256.627272727272,,
2012-02-27,14277.219393939393,,
2012-02-28,14327.439999999999,,
2012-02-29,14262.011515151517,,
2012-03-01,14350.70606060606,,
2012-03-02,14304.727272727274,,
2012-03-05,14250.155151515151,,
2012-03-06,14031.591515151513,,
2012-03-07,14132.666060606061,,
2012-03-08,14272.801212121212,,
2012-03-09,14324.59333333333,,
2012-03-12,14327.858787878788,,
2012-03-13,14592.653333333334,,
2012-03-14,14575.64484848485,,
2012-03-15,14662.859393939394,,
2012-03-16,14679.360606060607,,
2012-03-19,14737.73515151515,,
2012-03-20,14693.711515151514,,
2012-03-21,14666.783636363636,,
2012-03-22,14561.859393939394,,
2012-03-23,14607.059393939395,,
2012-03-26,14809.94,,
2012-03-27,14769.735151515153,,
2012-03-28,14700.321212121211,,
2012-03-29,14676.997575757576,,
2012-03-30,14731.362424242423,,
2012-04-02,14842.897575757575,,
2012-04-03,14787.198181818183,,
2012-04-04,14636.675757575758,,
2012-04-05,14632.703030303031,,
2012-04-09,14466.860606060607,,
2012-04-10,14219.834545454545,,
2012-04-11,14327.82303030303,,
2012-04-12,14525.411515151514,,
2012-04-13,14344.512121212123,,
2012-04-16,14337.26303030303,,
2012-04-17,14559.358787878788,,
2012-04-18,14500.408484848484,,
2012-04-19,14415.031515151515,,
2012-04-20,14432.26787878788,,
2012-04-23,14311.232121212122,,
2012-04-24,14363.867272727273,,
2012-04-25,14561.90787878788,,
2012-04-26,14659.966666666665,,
2012-04-27,14695.648484848485,,
2012-04-30,14638.896969696969,,
2012-05-01,14721.790909090907,,
2012-05-02,14686.629696969698,,
2012-05-03,14576.765454545455,,
2012-05-04,14341.727272727274,,
2012-05-07,14347.05393939394,,
2012-05-08,14287.590303030305,,
2012-05-09,14195.813939393938,,
2012-05-10,14235.927272727273,,
2012-05-11,14189.284242424244,,
2012-05-14,14033.01090909091,,
2012-05-15,13954.937575757574,,
2012-05-16,13898.270303030302,,
2012-05-17,13690.48606060606,,
2012-05-18,13589.419393939394,,
2012-05-21,13807.541818181819,,
2012-05-22,13814.571515151516,,
2012-05-23,13838.522424242425,,
2012-05-24,13859.799393939395,,
2012-05-25,13829.840000000002,,
2012-05-29,13985.278787878786,,
2012-05-30,13789.00484848485,,
2012-05-31,13759.087878787877,,
2012-06-01,13420.645454545456,,
2012-06-04,13422.431515151515,,
2012-06-05,13499.71575757576,,
2012-06-06,13814.652727272727,,
2012-06-07,13813.800606060604,,
2012-06-08,13926.152727272727,,
2012-06-11,13751.146666666666,,
2012-06-12,13911.520606060605,,
2012-06-13,13818.964848484848,,
2012-06-14,13968.662424242424,,
2012-06-15,14113.093333333336,,
2012-06-18,14133.735757575758,,
2012-06-19,14272.814545454545,,
2012-06-20,14249.33090909091,,
2012-06-21,13934.280606060607,,
2012-06-22,14034.24787878788,,
2012-06-25,13812.006060606063,,
2012-06-26,13877.93090909091,,
2012-06-27,14005.946666666669,,
2012-06-28,13977.107272727273,,
2012-06-29,14325.992727272725,,
2012-07-02,14362.118181818181,,
2012-07-03,14454.883030303028,,
2012-07-05,14387.34606060606,,
2012-07-06,14256.627272727272,,
2012-07-09,14233.43696969697,,
2012-07-10,14117.930303030304,,
2012-07-11,14119.442424242425,,
2012-07-12,14049.050303030303,,
2012-07-13,14281.198181818181,,
2012-07-16,14248.144242424243,,
2012-07-17,14353.718181818182,,
2012-07-18,14451.780000000002,,
2012-07-19,14492.560606060608,,
2012-07-20,14347.049696969696,,
2012-07-23,14219.519393939394,,
2012-07-24,14091.033333333335,,
2012-07-25,14086.868484848483,,
2012-07-26,14320.287272727273,,
2012-07-27,14594.35393939394,,
2012-07-30,14587.812121212122,,
2012-07-31,14524.96606060606,,
2012-08-01,14483.238787878787,,
2012-08-02,14377.626060606062,,
2012-08-03,14653.164848484848,,
2012-08-06,14687.633333333331,,
2012-08-07,14762.898181818182,,
2012-08-08,14776.719393939393,,
2012-08-09,14789.247272727274,,
2012-08-10,14822.080606060606,,
2012-08-13,14806.341818181818,,
2012-08-14,14807.022424242425,,
2012-08-15,14829.19212121212,,
2012-08-16,14935.646060606061,,
2012-08-17,14963.627272727274,,
2012-08-20,14963.600606060607,,
2012-08-21,14911.547272727274,,
2012-08-22,14915.875151515153,,
2012-08-23,14795.688484848484,,
2012-08-24,14893.343030303033,,
2012-08-27,14886.168484848486,,
2012-08-28,14875.08303030303,,
2012-08-29,14891.184242424242,,
2012-08-30,14776.960606060606,,
2012-08-31,14852.109696969697,,
2012-09-04,14835.140000000001,,
2012-09-05,14823.063030303032,,
2012-09-06,15128.021212121212,,
2012-09-07,15190.1,,
2012-09-10,15097.666666666666,,
2012-09-11,15145.16303030303,,
2012-09-12,15180.853333333334,,
2012-09-13,15430.489696969698,,
2012-09-14,15491.709696969696,,
2012-09-17,15443.979393939395,,
2012-09-18,15424.516363636363,,
2012-09-19,15443.101818181818,,
2012-09-20,15437.010303030303,,
2012-09-21,15435.894545454545,,
2012-09-24,15401.374545454544,,
2012-09-25,15241.404848484848,,
2012-09-26,15157.078787878789,,
2012-09-27,15304.397575757577,,
2012-09-28,15235.913939393939,,
2012-10-01,15277.037575757578,,
2012-10-02,15291.389696969696,,
2012-10-03,15350.244242424242,,
2012-10-04,15460.511515151515,,
2012-10-05,15460.756969696968,,
2012-10-08,15407.306666666665,,
2012-10-09,15255.383030303028,,
2012-10-10,15162.104848484847,,
2012-10-11,15167.61393939394,,
2012-10-12,15122.91212121212,,
2012-10-15,15245.096363636363,,
2012-10-16,15401.716363636362,,
2012-10-17,15466.956969696968,,
2012-10-18,15429.980606060608,,
2012-10-19,15174.560606060604,,
2012-10-22,15181.567878787879,,
2012-10-23,14962.285454545454,,
2012-10-24,14916.223030303032,,
2012-10-25,14961.18909090909,,
2012-10-26,14950.306060606059,,
2012-10-31,14954.592727272726,,
2012-11-01,15119.183636363638,,
2012-11-02,14977.575757575758,,
2012-11-05,15011.754545454545,,
2012-11-06,15130.051515151516,,
2012-11-07,14784.700606060607,,
2012-11-08,14604.370909090909,,
2012-11-09,14629.847272727273,,
2012-11-12,14631.748484848484,,
2012-11-13,14578.056969696969,,
2012-11-14,14381.439393939394,,
2012-11-15,14359.51393939394,,
2012-11-16,14430.415757575756,,
2012-11-19,14718.020606060605,,
2012-11-20,14729.052727272727,,
2012-11-21,14763.46303030303,,
2012-11-23,14957.920606060605,,
2012-11-26,14927.993333333334,,
2012-11-27,14851.378787878786,,
2012-11-28,14972.530303030306,,
2012-11-29,15038.911515151514,,
2012-11-30,15041.345454545455,,
2012-12-03,14970.132121212122,,
2012-12-04,14944.843636363636,,
2012-12-05,14973.286666666667,,
2012-12-06,15026.682424242423,,
2012-12-07,15071.731515151516,,
2012-12-10,15077.435757575757,,
2012-12-11,15176.219393939395,,
2012-12-12,15186.397575757575,,
2012-12-13,15094.319393939395,,
2012-12-14,15032.464848484848,,
2012-12-17,15211.168484848486,,
2012-12-18,15386.158181818184,,
2012-12-19,15269.947272727271,,
2012-12-20,15357.01515151515,,
2012-12-21,15214.052121212122,,
2012-12-24,15178.852727272726,,
2012-12-26,15106.328484848484,,
2012-12-27,15090.740606060606,,
2012-12-28,14925.493939393937,,
2012-12-31,15178.44303030303,,
2013-01-02,15566.984848484848,,
2013-01-03,15534.463636363635,,
2013-01-04,15610.052727272727,,
2013-01-07,15561.390303030303,,
2013-01-08,15516.194545454544,,
2013-01-09,15557.683636363638,,
2013-01-10,15675.89212121212,,
2013-01-11,15676.881818181817,,
2013-01-14,15662.232121212122,,
2013-01-15,15679.998181818184,,
2013-01-16,15684.949090909091,,
2013-01-17,15773.578181818184,,
2013-01-18,15827.543636363635,,
2013-01-22,15898.307272727272,,
2013-01-23,15922.6,,
2013-01-24,15923.203636363636,,
2013-01-25,16009.94606060606,,
2013-01-28,15980.791515151515,,
2013-01-29,16063.210303030302,,
2013-01-30,16004.666666666666,,
2013-01-31,15964.609696969697,,
2013-02-01,16125.448484848484,,
2013-02-04,15939.70303030303,,
2013-02-05,16107.66181818182,,
2013-02-06,16118.503030303029,,
2013-02-07,16095.978181818182,,
2013-02-08,16186.983636363635,,
2013-02-11,16177.975757575758,,
2013-02-12,16204.65212121212,,
2013-02-13,16221.82181818182,,
2013-02-14,16234.965454545454,,
2013-02-15,16219.444242424242,,
2013-02-19,16340.999393939395,,
2013-02-20,16139.00787878788,,
2013-02-21,16040.882424242425,,
2013-02-22,16183.978181818182,,
2013-02-25,15887.650909090908,,
2013-02-26,15987.238181818182,,
2013-02-27,16194.58303030303,,
2013-02-28,16181.328484848484,,
2013-03-01,16219.244242424242,,
2013-03-04,16294.204242424243,,
2013-03-05,16450.618787878786,,
2013-03-06,16473.156363636364,,
2013-03-07,16504.678787878787,,
2013-03-08,16579.81454545455,,
2013-03-11,16635.22303030303,,
2013-03-12,16596.084848484847,,
2013-03-13,16623.47454545455,,
2013-03-14,16716.965454545458,,
2013-03-15,16689.82909090909,,
2013-03-18,16598.04666666667,,
2013-03-19,16558.123030303028,,
2013-03-20,16669.19090909091,,
2013-03-21,16531.451515151515,,
2013-03-22,16649.976363636364,,
2013-03-25,16594.427878787876,,
2013-03-26,16729.21696969697,,
2013-03-27,16720.31696969697,,
2013-03-28,16788.180606060603,,
2013-04-01,16714.096363636363,,
2013-04-02,16800.677575757574,,
2013-04-03,16626.54303030303,,
2013-04-04,16694.96909090909,,
2013-04-05,16623.375151515153,,
2013-04-08,16733.630909090913,,
2013-04-09,16792.98181818182,,
2013-04-10,16998.825454545455,,
2013-04-11,17060.718787878788,,
2013-04-12,17012.713333333333,,
2013-04-15,16621.98424242424,,
2013-04-16,16859.727272727272,,
2013-04-17,16618.260000000002,,
2013-04-18,16507.417575757576,,
2013-04-19,16654.17575757576,,
2013-04-22,16732.112727272728,,
2013-04-23,16906.406666666666,,
2013-04-24,16908.67636363636,,
2013-04-25,16977.44424242424,,
2013-04-26,16946.899999999998,,
2013-04-29,17069.03090909091,,
2013-04-30,17111.63272727273,,
2013-05-01,16953.20909090909,,
2013-05-02,17114.068484848485,,
2013-05-03,17296.268484848486,,
2013-05-06,17329.357575757575,,
2013-05-07,17420.98,,
2013-05-08,17500.65272727273,,
2013-05-09,17444.247272727273,,
2013-05-10,17519.825454545455,,
2013-05-13,17522.25696969697,,
2013-05-14,17703.777575757576,,
2013-05-15,17799.890303030304,,
2013-05-16,17711.495151515148,,
2013-05-17,17894.300606060606,,
2013-05-20,17882.00484848485,,
2013-05-21,17913.303636363635,,
2013-05-22,17767.129696969696,,
2013-05-23,17717.7303030303,,
2013-05-24,17708.349696969697,,
2013-05-28,17820.916363636363,,
2013-05-29,17698.0896969697,,
2013-05-30,17766.01575757576,,
2013-05-31,17511.905454545453,,
2013-06-03,17617.64909090909,,
2013-06-04,17521.305454545454,,
2013-06-05,17284.17515151515,,
2013-06-06,17433.339393939394,,
2013-06-07,17657.32727272727,,
2013-06-10,17652.28909090909,,
2013-06-11,17473.17272727273,,
2013-06-12,17331.013333333332,,
2013-06-13,17589.799393939393,,
2013-06-14,17486.326666666668,,
2013-06-17,17618.878787878788,,
2013-06-18,17756.440606060605,,
2013-06-19,17510.619393939392,,
2013-06-20,17075.365454545456,,
2013-06-21,17121.00181818182,,
2013-06-24,16913.090303030305,,
2013-06-25,17075.377575757575,,
2013-06-26,17242.65090909091,,
2013-06-27,17351.019393939394,,
2013-06-28,17276.741818181818,,
2013-07-01,17372.190303030304,,
2013-07-02,17366.52303030303,,
2013-07-03,17380.93333333333,,
2013-07-05,17558.27878787879,,
2013-07-08,17655.773333333334,,
2013-07-09,17783.699999999997,,
2013-07-10,17787.68666666667,,
2013-07-11,18030.652121212122,,
2013-07-12,18086.277575757576,,
2013-07-15,18111.195151515152,,
2013-07-16,18044.00303030303,,
2013-07-17,18096.074545454543,,
2013-07-18,18189.148484848483,,
2013-07-19,18218.966060606057,,
2013-07-22,18256.347878787878,,
2013-07-23,18222.530303030304,,
2013-07-24,18153.309696969696,,
2013-07-25,18200.04727272727,,
2013-07-26,18215.194545454546,,
2013-07-29,18148.209696969698,,
2013-07-30,18155.62424242424,,
2013-07-31,18155.855151515152,,
2013-08-01,18385.37818181818,,
2013-08-02,18415.936969696973,,
2013-08-05,18390.48424242424,,
2013-08-06,18285.79090909091,,
2013-08-07,18222.006666666668,,
2013-08-08,18296.99636363636,,
2013-08-09,18235.092727272728,,
2013-08-12,18214.648484848483,,
2013-08-13,18269.27818181818,,
2013-08-14,18178.320606060606,,
2013-08-15,17921.71696969697,,
2013-08-16,17863.411515151514,,
2013-08-19,17759.188484848484,,
2013-08-20,17827.756363636363,,
2013-08-21,17725.615757575757,,
2013-08-22,17878.52909090909,,
2013-08-23,17951.873333333333,,
2013-08-26,17879.588484848482,,
2013-08-27,17595.685454545455,,
2013-08-28,17647.43878787879,,
2013-08-29,17684.632727272725,,
2013-08-30,17630.03090909091,,
2013-09-03,17704.41212121212,,
2013-09-04,17852.222424242424,,
2013-09-05,17874.35515151515,,
2013-09-06,17877.564242424243,,
2013-09-09,18057.294545454544,,
2013-09-10,18190.05212121212,,
2013-09-11,18248.098787878786,,
2013-09-12,18191.616363636364,,
2013-09-13,18241.14303030303,,
2013-09-16,18345.08606060606,,
2013-09-17,18422.755151515154,,
2013-09-18,18647.317575757577,,
2013-09-19,18615.842424242426,,
2013-09-20,18481.641818181815,,
2013-09-23,18394.45696969697,,
2013-09-24,18348.588484848486,,
2013-09-25,18298.833939393942,,
2013-09-26,18366.13272727273,,
2013-09-27,18292.33696969697,,
2013-09-30,18182.9,,
2013-10-01,18329.575151515153,,
2013-10-02,18320.917575757576,,
2013-10-03,18156.43515151515,,
2013-10-04,18285.153333333332,,
2013-10-07,18129.60909090909,,
2013-10-08,17911.578181818182,,
2013-10-09,17923.628484848487,,
2013-10-10,18317.743636363637,,
2013-10-11,18432.880606060604,,
2013-10-14,18508.09212121212,,
2013-10-15,18377.411515151514,,
2013-10-16,18633.58787878788,,
2013-10-17,18760.119393939392,,
2013-10-18,18883.457575757573,,
2013-10-21,18885.390303030304,,
2013-10-22,18993.791515151515,,
2013-10-23,18904.224242424243,,
2013-10-24,18966.113333333335,,
2013-10-25,19049.4303030303,,
2013-10-28,19074.903636363637,,
2013-10-29,19182.46909090909,,
2013-10-30,19090.456363636364,,
2013-10-31,19018.727878787875,,
2013-11-01,19074.018787878787,,
2013-11-04,19142.267272727273,,
2013-11-05,19090.653333333332,,
2013-11-06,19182.57878787879,,
2013-11-07,18934.05515151515,,
2013-11-08,19188.515151515152,,
2013-11-11,19202.459393939396,,
2013-11-12,19158.198787878788,,
2013-11-13,19319.03696969697,,
2013-11-14,19416.05878787879,,
2013-11-15,19498.166666666668,,
2013-11-18,19427.052121212124,,
2013-11-19,19390.972727272725,,
2013-11-20,19321.426666666666,,
2013-11-21,19479.767272727273,,
2013-11-22,19579.051515151517,,
2013-11-25,19554.739393939395,,
2013-11-26,19559.75515151515,,
2013-11-27,19612.955757575757,,
2013-11-29,19598.30424242424,,
2013-12-02,19545.81393939394,,
2013-12-03,19484.5703030303,,
2013-12-04,19464.16727272727,,
2013-12-05,19380.359393939394,,
2013-12-06,19599.96,,
2013-12-09,19636.317575757577,,
2013-12-10,19574.030909090907,,
2013-12-11,19354.666666666664,,
2013-12-12,19286.84909090909,,
2013-12-13,19285.28787878788,,
2013-12-16,19407.39939393939,,
2013-12-17,19347.450303030302,,
2013-12-18,19670.23090909091,,
2013-12-19,19661.53818181818,,
2013-12-20,19756.326666666668,,
2013-12-23,19864.377575757575,,
2013-12-24,19924.53515151515,,
2013-12-26,20019.096363636363,,
2013-12-27,20016.09696969697,,
2013-12-30,20013.963636363635,,
2013-12-31,20094.455757575757,,
2014-01-02,19919.31696969697,,
2014-01-03,19913.23090909091,,
2014-01-06,19863.53575757576,,
2014-01-07,19984.540606060604,,
2014-01-08,19986.286666666667,,
2014-01-09,19993.14787878788,,
2014-01-10,20039.340606060607,,
2014-01-13,19789.51393939394,,
2014-01-14,20003.694545454546,,
2014-01-15,20107.54909090909,,
2014-01-16,20080.97454545455,,
2014-01-17,20003.09818181818,,
2014-01-21,20059.034545454546,,
2014-01-22,20072.98181818182,,
2014-01-23,19894.787272727273,,
2014-01-24,19479.55878787879,,
2014-01-27,19385.278787878786,,
2014-01-28,19504.330909090906,,
2014-01-29,19307.281212121212,,
2014-01-30,19525.929090909092,,
2014-01-31,19399.708484848485,,
2014-02-03,18956.75878787879,,
2014-02-04,19102.645454545454,,
2014-02-05,19069.661212121213,,
2014-02-06,19316.68121212121,,
2014-02-07,19573.597575757576,,
2014-02-10,19604.76121212121,,
2014-02-11,19822.662424242426,,
2014-02-12,19827.092121212125,,
2014-02-13,19944.35818181818,,
2014-02-14,20041.938787878786,,
2014-02-18,20068.331515151516,,
2014-02-19,19938.389090909088,,
2014-02-20,20062.221818181817,,
2014-02-21,20026.448484848483,,
2014-02-24,20150.53696969697,,
2014-02-25,20123.820606060606,,
2014-02-26,20128.17818181818,,
2014-02-27,20230.60909090909,,
2014-02-28,20287.127272727274,,
2014-03-03,20138.495757575758,,
2014-03-04,20446.299393939396,,
2014-03-05,20449.088484848486,,
2014-03-06,20487.829696969697,,
2014-03-07,20500.443636363634,,
2014-03-10,20492.239393939395,,
2014-03-11,20388.923636363637,,
2014-03-12,20400.43212121212,,
2014-03-13,20164.296363636364,,
2014-03-14,20107.911515151518,,
2014-03-17,20301.28606060606,,
2014-03-18,20448.38,,
2014-03-19,20322.99515151515,,
2014-03-20,20446.05393939394,,
2014-03-21,20386.174545454545,,
2014-03-24,20287.04303030303,,
2014-03-25,20378.4296969697,,
2014-03-26,20236.362424242423,,
2014-03-27,20201.41878787879,,
2014-03-28,20295.93696969697,,
2014-03-31,20457.653939393942,,
2014-04-01,20603.076363636363,,
2014-04-02,20665.432727272728,,
2014-04-03,20642.4096969697,,
2014-04-04,20384.277575757576,,
2014-04-07,20165.265454545453,,
2014-04-08,20247.53818181818,,
2014-04-09,20470.368484848485,,
2014-04-10,20042.896363636366,,
2014-04-11,19854.76303030303,,
2014-04-14,20018.051515151514,,
2014-04-15,20153.357575757575,,
2014-04-16,20365.24484848485,,
2014-04-17,20393.918787878785,,
2014-04-21,20471.219393939395,,
2014-04-22,20555.027878787878,,
2014-04-23,20512.11818181818,,
2014-04-24,20547.848484848484,,
2014-04-25,20381.486666666668,,
2014-04-28,20448.709696969698,,
2014-04-29,20546.444242424244,,
2014-04-30,20608.87757575758,,
2014-05-01,20607.287272727273,,
2014-05-02,20579.44181818182,,
2014-05-05,20619.555151515153,,
2014-05-06,20434.688484848484,,
2014-05-07,20558.154545454545,,
2014-05-08,20535.11212121212,,
2014-05-09,20570.013333333332,,
2014-05-12,20769.77393939394,,
2014-05-13,20783.62181818182,,
2014-05-14,20689.94303030303,,
2014-05-15,20500.134545454544,,
2014-05-16,20577.024242424242,,
2014-05-19,20657.717575757575,,
2014-05-20,20524.146060606065,,
2014-05-21,20693.62,,
2014-05-22,20745.404242424243,,
2014-05-23,20833.83212121212,,
2014-05-27,20958.74606060606,,
2014-05-28,20938.649696969696,,
2014-05-29,21053.68121212121,,
2014-05-30,21092.652121212122,,
2014-06-02,21109.91515151515,,
2014-06-03,21103.042424242423,,
2014-06-04,21146.734545454547,,
2014-06-05,21286.132727272725,,
2014-06-06,21387.748484848486,,
2014-06-09,21408.880606060608,,
2014-06-10,21403.7496969697,,
2014-06-11,21330.427272727276,,
2014-06-12,21185.26,,
2014-06-13,21252.00909090909,,
2014-06-16,21269.92181818182,,
2014-06-17,21316.555757575756,,
2014-06-18,21481.31818181818,,
2014-06-19,21511.779393939396,,
2014-06-20,21549.11515151515,,
2014-06-23,21546.289090909093,,
2014-06-24,21409.516969696968,,
2014-06-25,21514.898787878785,,
2014-06-26,21493.22181818182,,
2014-06-27,21535.425454545457,,
2014-06-30,21528.373333333333,,
2014-07-01,21676.038787878788,,
2014-07-02,21691.576363636363,,
2014-07-03,21810.49515151515,,
2014-07-07,21725.73696969697,,
2014-07-08,21578.966666666667,,
2014-07-09,21680.513333333336,,
2014-07-10,21590.876363636362,,
2014-07-11,21624.714545454546,,
2014-07-14,21729.511515151517,,
2014-07-15,21687.64181818182,,
2014-07-16,21781.26787878788,,
2014-07-17,21525.63333333333,,
2014-07-18,21746.700606060604,,
2014-07-21,21696.909090909092,,
2014-07-22,21805.746666666666,,
2014-07-23,21844.230909090908,,
2014-07-24,21855.174545454545,,
2014-07-25,21749.59575757576,,
2014-07-28,21755.93333333333,,
2014-07-29,21658.469696969696,,
2014-07-30,21663.356969696968,,
2014-07-31,21231.477575757574,,
2014-08-01,21170.762424242424,,
2014-08-04,21323.069090909088,,
2014-08-05,21118.554545454543,,
2014-08-06,21125.24424242424,,
2014-08-07,21012.970303030303,,
2014-08-08,21255.826666666668,,
2014-08-11,21318.381818181817,,
2014-08-12,21284.617575757573,,
2014-08-13,21432.846666666665,,
2014-08-14,21527.065454545453,,
2014-08-15,21528.321818181816,,
2014-08-18,21713.362424242423,,
2014-08-19,21826.263636363637,,
2014-08-20,21881.754545454547,,
2014-08-21,21946.851515151517,,
2014-08-22,21906.07696969697,,
2014-08-25,22011.292727272725,,
2014-08-26,22034.596969696973,,
2014-08-27,22040.265454545453,,
2014-08-28,22005.95272727273,,
2014-08-29,22080.84484848485,,
2014-09-02,22069.82727272727,,
2014-09-03,22056.677575757574,,
2014-09-04,22023.468484848483,,
2014-09-05,22134.894545454546,,
2014-09-08,22070.689696969697,,
2014-09-09,21926.589090909092,,
2014-09-10,22008.78303030303,,
2014-09-11,22034.28484848485,,
2014-09-12,21903.37090909091,,
2014-09-15,21888.013333333332,,
2014-09-16,22052.09515151515,,
2014-09-17,22081.199393939394,,
2014-09-18,22192.319393939393,,
2014-09-19,22181.985454545455,,
2014-09-22,22004.25696969697,,
2014-09-23,21879.391515151518,,
2014-09-24,22051.179393939394,,
2014-09-25,21694.612727272728,,
2014-09-26,21884.731515151514,,
2014-09-29,21830.871515151513,,
2014-09-30,21771.189696969697,,
2014-10-01,21484.713939393943,,
2014-10-02,21486.65090909091,,
2014-10-03,21726.880606060608,,
2014-10-06,21693.46303030303,,
2014-10-07,21365.42060606061,,
2014-10-08,21745.876363636362,,
2014-10-09,21297.67575757576,,
2014-10-10,21055.96909090909,,
2014-10-13,20709.173939393942,,
2014-10-14,20741.999393939393,,
2014-10-15,20575.96484848485,,
2014-10-16,20579.621212121212,,
2014-10-17,20844.7696969697,,
2014-10-20,21035.718787878788,,
2014-10-21,21447.888484848485,,
2014-10-22,21293.73393939394,,
2014-10-23,21555.738181818182,,
2014-10-24,21708.000606060607,,
2014-10-27,21675.596363636363,,
2014-10-28,21934.32909090909,,
2014-10-29,21906.212727272727,,
2014-10-30,22044.266666666666,,
2014-10-31,22302.954545454544,,
2014-11-03,22300.48363636364,,
2014-11-04,22237.458787878786,,
2014-11-05,22371.993333333332,,
2014-11-06,22463.30787878788,,
2014-11-07,22475.503030303033,,
2014-11-10,22546.953333333335,,
2014-11-11,22562.670303030303,,
2014-11-12,22553.314545454545,,
2014-11-13,22567.165454545455,,
2014-11-14,22575.282424242425,,
2014-11-17,22593.061818181817,,
2014-11-18,22713.560606060608,,
2014-11-19,22680.88303030303,,
2014-11-20,22726.473939393938,,
2014-11-21,22848.68484848485,,
2014-11-24,22914.430909090912,,
2014-11-25,22890.567272727272,,
2014-11-26,22960.095757575757,,
2014-11-28,22902.786060606057,,
2014-12-01,22747.344242424242,,
2014-12-02,22893.751515151514,,
2014-12-03,22985.989090909094,,
2014-12-04,22959.66363636364,,
2014-12-05,22998.06,,
2014-12-08,22834.549696969698,,
2014-12-09,22829.28484848485,,
2014-12-10,22457.62,,
2014-12-11,22565.564242424243,,
2014-12-12,22200.590303030305,,
2014-12-15,22060.42121212121,,
2014-12-16,21873.10303030303,,
2014-12-17,22319.371515151517,,
2014-12-18,22858.890909090907,,
2014-12-19,22963.479393939393,,
2014-12-22,23054.200606060607,,
2014-12-23,23095.614545454548,,
2014-12-24,23093.279393939392,,
2014-12-26,23169.69393939394,,
2014-12-29,23193.664242424242,,
2014-12-30,23082.961818181822,,
2014-12-31,22845.09212121212,,
2015-01-02,22840.483030303032,,
2015-01-05,22424.444848484847,,
2015-01-06,22225.076969696973,,
2015-01-07,22490.55393939394,,
2015-01-08,22893.34606060606,,
2015-01-09,22701.016363636365,,
2015-01-12,22517.324848484852,,
2015-01-13,22461.53393939394,,
2015-01-14,22331.656969696967,,
2015-01-15,22125.680606060603,,
2015-01-16,22422.96242424242,,
2015-01-20,22458.454545454548,,
2015-01-21,22567.41696969697,,
2015-01-22,22912.174545454545,,
2015-01-23,22786.420000000002,,
2015-01-26,22845.139393939393,,
2015-01-27,22539.303636363635,,
2015-01-28,22236.984848484848,,
2015-01-29,22450.60787878788,,
2015-01-30,22159.299393939396,,
2015-02-02,22447.082424242424,,
2015-02-03,22771.734545454547,,
2015-02-04,22683.876363636366,,
2015-02-05,22921.89393939394,,
2015-02-06,22849.671515151516,,
2015-02-09,22753.707878787878,,
2015-02-10,22997.699393939394,,
2015-02-11,23004.971515151512,,
2015-02-12,23232.4496969697,,
2015-02-13,23329.006666666664,,
2015-02-17,23369.948484848483,,
2015-02-18,23363.612727272728,,
2015-02-19,23342.579393939395,,
2015-02-20,23488.488484848487,,
2015-02-23,23481.563636363637,,
2015-02-24,23547.120606060605,,
2015-02-25,23533.000606060607,,
2015-02-26,23502.13212121212,,
2015-02-27,23432.828484848487,,
2015-03-02,23577.725454545456,,
2015-03-03,23470.997575757574,,
2015-03-04,23372.76303030303,,
2015-03-05,23401.769696969695,,
2015-03-06,23072.98181818182,,
2015-03-09,23166.18121212121,,
2015-03-10,22774.73939393939,,
2015-03-11,22734.573333333334,,
2015-03-12,23026.86606060606,,
2015-03-13,22887.495757575758,,
2015-03-16,23197.669696969697,,
2015-03-17,23120.679393939394,,
2015-03-18,23402.35696969697,,
2015-03-19,23288.62,,
2015-03-20,23498.517575757574,,
2015-03-23,23457.528484848488,,
2015-03-24,23315.48,,
2015-03-25,22976.51818181818,,
2015-03-26,22922.49636363636,,
2015-03-27,22981.204242424243,,
2015-03-30,23264.56121212121,,
2015-03-31,23062.2496969697,,
2015-04-01,22973.68303030303,,
2015-04-02,23055.42303030303,,
2015-04-06,23207.94121212121,,
2015-04-07,23160.51575757576,,
2015-04-08,23231.517575757574,,
2015-04-09,23335.109090909093,,
2015-04-10,23456.45272727273,,
2015-04-13,23351.112727272728,,
2015-04-14,23389.23696969697,,
2015-04-15,23509.67090909091,,
2015-04-16,23491.94181818182,,
2015-04-17,23226.24,,
2015-04-20,23441.305454545454,,
2015-04-21,23406.982424242422,,
2015-04-22,23526.843636363636,,
2015-04-23,23584.584848484847,,
2015-04-24,23637.822424242422,,
2015-04-27,23539.990303030303,,
2015-04-28,23607.34909090909,,
2015-04-29,23520.608484848482,,
2015-04-30,23283.491515151516,,
2015-05-01,23537.86121212121,,
2015-05-04,23607.03696969697,,
2015-05-05,23329.7806060606,,
2015-05-06,23234.52,,
2015-05-07,23328.042424242423,,
2015-05-08,23642.465454545454,,
2015-05-11,23526.86,,
2015-05-12,23458.722424242424,,
2015-05-13,23456.717575757575,,
2015-05-14,23712.217575757575,,
2015-05-15,23733.29515151515,,
2015-05-18,23806.972121212122,,
2015-05-19,23796.417575757576,,
2015-05-20,23776.843636363636,,
2015-05-21,23835.736363636363,,
2015-05-22,23782.800606060606,,
2015-05-26,23538.636363636364,,
2015-05-27,23758.216363636366,,
2015-05-28,23732.23696969697,,
2015-05-29,23582.9,,
2015-06-01,23633.852727272726,,
2015-06-02,23611.211515151517,,
2015-06-03,23665.653333333332,,
2015-06-04,23462.027878787878,,
2015-06-05,23429.25393939394,,
2015-06-08,23281.510303030303,,
2015-06-09,23291.854545454546,,
2015-06-10,23573.920000000002,,
2015-06-11,23621.737575757576,,
2015-06-12,23457.964848484848,,
2015-06-15,23349.992727272725,,
2015-06-16,23483.23878787879,,
2015-06-17,23530.218787878788,,
2015-06-18,23766.227272727272,,
2015-06-19,23640.21515151515,,
2015-06-22,23784.28181818182,,
2015-06-23,23801.39090909091,,
2015-06-24,23627.120606060605,,
2015-06-25,23557.802424242425,,
2015-06-26,23552.78787878788,,
2015-06-29,23063.666060606058,,
2015-06-30,23126.380606060608,,
2015-07-01,23292.46,,
2015-07-02,23285.18727272727,,
2015-07-06,23196.037575757575,,
2015-07-07,23337.33696969697,,
2015-07-08,22955.578181818182,,
2015-07-09,23007.653939393942,,
2015-07-10,23291.499393939393,,
2015-07-13,23551.35818181818,,
2015-07-14,23656.41393939394,,
2015-07-15,23639.381818181817,,
2015-07-16,23829.42424242424,,
2015-07-17,23855.869696969698,,
2015-07-20,23874.84181818182,,
2015-07-21,23773.967272727274,,
2015-07-22,23719.68484848485,,
2015-07-23,23586.587272727273,,
2015-07-24,23334.243030303027,,
2015-07-27,23199.56181818182,,
2015-07-28,23487.066666666666,,
2015-07-29,23661.85636363636,,
2015-07-30,23664.456363636364,,
2015-07-31,23610.90787878788,,
2015-08-03,23545.873333333337,,
2015-08-04,23493.57696969697,,
2015-08-05,23575.69393939394,,
2015-08-06,23399.506060606065,,
2015-08-07,23333.07878787879,,
2015-08-10,23632.513333333332,,
2015-08-11,23410.99818181818,,
2015-08-12,23438.62424242424,,
2015-08-13,23412.312121212122,,
2015-08-14,23504.02,,
2015-08-17,23630.92606060606,,
2015-08-18,23573.33272727273,,
2015-08-19,23380.26909090909,,
2015-08-20,22887.010303030303,,
2015-08-21,22161.619393939392,,
2015-08-24,21288.760606060605,,
2015-08-25,21001.12303030303,,
2015-08-26,21822.59696969697,,
2015-08-27,22355.131515151515,,
2015-08-28,22371.504848484845,,
2015-08-31,22186.37090909091,,
2015-09-01,21531.242424242424,,
2015-09-02,21928.79515151515,,
2015-09-03,21955.50303030303,,
2015-09-04,21620.685454545455,,
2015-09-08,22165.59696969697,,
2015-09-09,21859.42060606061,,
2015-09-10,21976.62909090909,,
2015-09-11,22082.06848484848,,
2015-09-14,21993.14787878788,,
2015-09-15,22275.64484848485,,
2015-09-16,22470.453333333335,,
2015-09-17,22416.628484848487,,
2015-09-18,22054.45515151515,,
2015-09-21,22155.37272727273,,
2015-09-22,21883.05393939394,,
2015-09-23,21839.305454545458,,
2015-09-24,21765.88121212121,,
2015-09-25,21755.81515151515,,
2015-09-28,21203.71818181818,,
2015-09-29,21231.060606060608,,
2015-09-30,21637.402424242424,,
2015-10-01,21681.644848484848,,
2015-10-02,21994.173333333332,,
2015-10-05,22397.614545454548,,
2015-10-06,22317.17272727273,,
2015-10-07,22505.212727272727,,
2015-10-08,22703.78181818182,,
2015-10-09,22720.960606060606,,
2015-10-12,22749.869696969698,,
2015-10-13,22596.82909090909,,
2015-10-14,22491.56303030303,,
2015-10-15,22826.829090909094,,
2015-10-16,22931.141818181815,,
2015-10-19,22937.721818181817,,
2015-10-20,22905.672727272726,,
2015-10-21,22775.204242424243,,
2015-10-22,23154.492121212123,,
2015-10-23,23410.027272727275,,
2015-10-26,23365.416363636366,,
2015-10-27,23305.746666666666,,
2015-10-28,23583.94303030303,,
2015-10-29,23575.97818181818,,
2015-10-30,23462.60484848485,,
2015-11-02,23741.230303030305,,
2015-11-03,23806.37575757576,,
2015-11-04,23730.4303030303,,
2015-11-05,23708.444242424244,,
2015-11-06,23702.926666666666,,
2015-11-09,23474.979393939393,,
2015-11-10,23516.52303030303,,
2015-11-11,23440.676969696968,,
2015-11-12,23116.928484848486,,
2015-11-13,22858.09090909091,,
2015-11-16,23202.765454545453,,
2015-11-17,23176.605454545454,,
2015-11-18,23553.113333333335,,
2015-11-19,23527.64424242424,,
2015-11-20,23620.92484848485,,
2015-11-23,23592.736363636366,,
2015-11-24,23622.21696969697,,
2015-11-25,23621.660606060606,,
2015-11-27,23640.863030303033,,
2015-11-30,23532.378787878788,,
2015-12-01,23785.623636363634,,
2015-12-02,23529.592727272724,,
2015-12-03,23192.348484848488,,
2015-12-04,23668.572727272727,,
2015-12-07,23504.888484848485,,
2015-12-08,23354.40787878788,,
2015-12-09,23175.174545454545,,
2015-12-10,23229.901818181817,,
2015-12-11,22782.368484848485,,
2015-12-14,22892.239393939395,,
2015-12-15,23135.517575757574,,
2015-12-16,23473.44909090909,,
2015-12-17,23123.99696969697,,
2015-12-18,22712.473333333335,,
2015-12-21,22891.841212121213,,
2015-12-22,23096.035757575755,,
2015-12-23,23384.694545454546,,
2015-12-24,23347.358787878788,,
2015-12-28,23296.577575757576,,
2015-12-29,23548.801212121212,,
2015-12-30,23381.204242424243,,
2015-12-31,23161.2303030303,,
2016-01-04,22812.03818181818,,
2016-01-05,22858.000606060607,,
2016-01-06,22566.29515151515,,
2016-01-07,22032.075757575756,,
2016-01-08,21793.366666666665,,
2016-01-11,21811.96303030303,,
2016-01-12,21982.203030303033,,
2016-01-13,21435.873939393936,,
2016-01-14,21794.115757575757,,
2016-01-15,21324.315151515155,,
2016-01-19,21335.773333333334,,
2016-01-20,21089.4,,
2016-01-21,21199.61696969697,,
2016-01-22,21629.710909090907,,
2016-01-25,21291.56909090909,,
2016-01-26,21592.76909090909,,
2016-01-27,21359.595757575757,,
2016-01-28,21479.595757575757,,
2016-01-29,22011.872727272726,,
2016-02-01,22002.78303030303,,
2016-02-02,21591.01575757576,,
2016-02-03,21706.23393939394,,
2016-02-04,21743.705454545456,,
2016-02-05,21343.017575757578,,
2016-02-08,21042.884242424243,,
2016-02-09,21033.358787878788,,
2016-02-10,21036.59878787879,,
2016-02-11,20781.730909090908,,
2016-02-12,21189.604242424244,,
2016-02-16,21546.658787878787,,
2016-02-17,21904.01575757576,,
2016-02-18,21802.969696969696,,
2016-02-19,21805.554545454543,,
2016-02-22,22120.729696969694,,
2016-02-23,21846.5703030303,,
2016-02-24,21944.689696969694,,
2016-02-25,22199.026666666665,,
2016-02-26,22160.098787878786,,
2016-02-29,21982.173333333332,,
2016-03-01,22507.248484848482,,
2016-03-02,22603.585454545457,,
2016-03-03,22684.98303030303,,
2016-03-04,22760.452121212118,,
2016-03-07,22782.12,,
2016-03-08,22530.267272727273,,
2016-03-09,22648.004242424246,,
2016-03-10,22652.95212121212,,
2016-03-11,23030.748484848486,,
2016-03-14,23003.203636363636,,
2016-03-15,22961.34303030303,,
2016-03-16,23091.45515151515,,
2016-03-17,23244.019393939394,,
2016-03-18,23346.373333333337,,
2016-03-21,23369.515151515152,,
2016-03-22,23352.592121212125,,
2016-03-23,23203.512727272726,,
2016-03-24,23194.757575757576,,
2016-03-28,23207.61696969697,,
2016-03-29,23416.99515151515,,
2016-03-30,23521.299393939396,,
2016-03-31,23473.40484848485,,
2016-04-01,23622.193333333333,,
2016-04-04,23551.534545454546,,
2016-04-05,23312.640606060606,,
2016-04-06,23566.133939393938,,
2016-04-07,23284.731515151514,,
2016-04-08,23349.84484848485,,
2016-04-11,23285.857575757575,,
2016-04-12,23511.60909090909,,
2016-04-13,23751.23090909091,,
2016-04-14,23757.73878787879,,
2016-04-15,23734.352727272726,,
2016-04-18,23890.034545454546,,
2016-04-19,23963.704242424243,,
2016-04-20,23983.312727272725,,
2016-04-21,23859.407272727272,,
2016-04-22,23860.620606060605,,
2016-04-25,23817.444848484847,,
2016-04-26,23861.982424242426,,
2016-04-27,23903.157575757577,,
2016-04-28,23684.13090909091,,
2016-04-29,23564.40424242424,,
2016-05-02,23748.64909090909,,
2016-05-03,23543.201212121214,,
2016-05-04,23408.459393939393,,
2016-05-05,23408.497575757574,,
2016-05-06,23485.961212121212,,
2016-05-09,23503.88424242424,,
2016-05-10,23797.733333333334,,
2016-05-11,23582.606666666667,,
2016-05-12,23580.896363636366,,
2016-05-13,23382.847878787878,,
2016-05-16,23614.275757575757,,
2016-05-17,23399.279393939396,,
2016-05-18,23407.572727272727,,
2016-05-19,23321.05393939394,,
2016-05-20,23465.151515151516,,
2016-05-23,23417.061818181817,,
2016-05-24,23737.98363636364,,
2016-05-25,23905.002424242426,,
2016-05-26,23903.33636363636,,
2016-05-27,24010.09393939394,,
2016-05-31,23987.578181818182,,
2016-06-01,24018.781212121212,,
2016-06-02,24089.451515151515,,
2016-06-03,24019.595151515154,,
2016-06-06,24137.831515151516,,
2016-06-07,24169.470303030303,,
2016-06-08,24254.434545454544,,
2016-06-09,24213.82,,
2016-06-10,23991.999393939393,,
2016-06-13,23804.404848484846,,
2016-06-14,23763.206060606062,,
2016-06-15,23721.352727272726,,
2016-06-16,23799.578181818182,,
2016-06-17,23722.114545454544,,
2016-06-20,23860.070303030305,,
2016-06-21,23926.901212121214,,
2016-06-22,23887.601818181818,,
2016-06-23,24207.149696969696,,
2016-06-24,23337.572727272727,,
2016-06-27,22915.24303030303,,
2016-06-28,23327.54787878788,,
2016-06-29,23727.882424242427,,
2016-06-30,24049.73212121212,,
2016-07-01,24101.07878787879,,
2016-07-05,23937.689696969697,,
2016-07-06,24074.325454545455,,
2016-07-07,24055.712727272727,,
2016-07-08,24422.72424242424,,
2016-07-11,24505.99090909091,,
2016-07-12,24677.895757575756,,
2016-07-13,24683.48424242424,,
2016-07-14,24813.840606060607,,
2016-07-15,24790.833333333332,,
2016-07-18,24850.89090909091,,
2016-07-19,24815.833333333332,,
2016-07-20,24924.902424242424,,
2016-07-21,24835.283636363634,,
2016-07-22,24948.50545454545,,
2016-07-25,24873.511515151513,,
2016-07-26,24882.27090909091,,
2016-07-27,24853.394545454543,,
2016-07-28,24895.445454545454,,
2016-07-29,24936.41393939394,,
2016-08-01,24904.749696969695,,
2016-08-02,24746.96242424242,,
2016-08-03,24832.129090909093,,
2016-08-04,24843.670303030303,,
2016-08-05,25057.921818181818,,
2016-08-08,25037.50909090909,,
2016-08-09,25048.242424242424,,
2016-08-10,24985.76606060606,,
2016-08-11,25107.392121212117,,
2016-08-12,25088.680606060607,,
2016-08-15,25161.760000000002,,
2016-08-16,25028.344242424242,,
2016-08-17,25081.329696969697,,
2016-08-18,25137.18909090909,,
2016-08-19,25104.40666666667,,
2016-08-22,25090.731515151514,,
2016-08-23,25140.39393939394,,
2016-08-24,25010.008484848484,,
2016-08-25,24976.278181818183,,
2016-08-26,24937.429090909092,,
2016-08-29,25071.194545454542,,
2016-08-30,25026.281212121212,,
2016-08-31,24971.425454545457,,
2016-09-01,24970.747272727276,,
2016-09-02,25076.959393939393,,
2016-09-06,25152.192727272726,,
2016-09-07,25154.578181818182,,
2016-09-08,25099.739393939395,,
2016-09-09,24484.571515151514,,
2016-09-12,24845.300606060606,,
2016-09-13,24484.389696969698,,
2016-09-14,24471.684242424242,,
2016-09-15,24723.14303030303,,
2016-09-16,24630.135757575757,,
2016-09-19,24629.91696969697,,
2016-09-20,24637.590303030305,,
2016-09-21,24906.81818181818,,
2016-09-22,25069.170303030303,,
2016-09-23,24925.38181818182,,
2016-09-26,24713.39212121212,,
2016-09-27,24873.810303030306,,
2016-09-28,25011.09151515152,,
2016-09-29,24778.583636363637,,
2016-09-30,24976.148484848487,,
2016-10-03,24897.77757575758,,
2016-10-04,24776.766666666666,,
2016-10-05,24893.31515151515,,
2016-10-06,24906.001212121213,,
2016-10-07,24825.757575757576,,
2016-10-10,24940.11878787879,,
2016-10-11,24629.823636363635,,
2016-10-12,24660.1,,
2016-10-13,24584.567272727272,,
2016-10-14,24589.555151515153,,
2016-10-17,24515.568484848485,,
2016-10-18,24666.60181818182,,
2016-10-19,24724.21575757576,,
2016-10-20,24691.987878787877,,
2016-10-21,24690.00484848485,,
2016-10-24,24807.423636363637,,
2016-10-25,24713.960606060606,,
2016-10-26,24671.252121212125,,
2016-10-27,24598.47454545455,,
2016-10-28,24523.403636363637,,
2016-10-31,24520.55393939394,,
2016-11-01,24354.391515151518,,
2016-11-02,24198.573333333334,,
2016-11-03,24100.372727272726,,
2016-11-04,24060.75393939394,,
2016-11-07,24595.78303030303,,
2016-11-08,24700.64787878788,,
2016-11-09,24975.920606060605,,
2016-11-10,25027.02121212121,,
2016-11-11,24992.06606060606,,
2016-11-14,24992.815151515155,,
2016-11-15,25185.60303030303,,
2016-11-16,25152.799393939396,,
2016-11-17,25271.913333333338,,
2016-11-18,25215.62787878788,,
2016-11-21,25404.14,,
2016-11-22,25460.27757575758,,
2016-11-23,25481.76181818182,,
2016-11-25,25581.96606060606,,
2016-11-28,25450.831515151516,,
2016-11-29,25490.820606060603,,
2016-11-30,25428.669696969693,,
2016-12-01,25340.290303030302,,
2016-12-02,25350.36121212121,,
2016-12-05,25500.396363636366,,
2016-12-06,25588.094545454547,,
2016-12-07,25929.927272727276,,
2016-12-08,25988.509090909094,,
2016-12-09,26143.0606060606,,
2016-12-12,26114.78181818182,,
2016-12-13,26290.068484848485,,
2016-12-14,26078.38848484849,,
2016-12-15,26180.84727272727,,
2016-12-16,26135.739393939395,,
2016-12-19,26188.006060606058,,
2016-12-20,26287.02666666667,,
2016-12-21,26223.313333333335,,
2016-12-22,26177.766666666666,,
2016-12-23,26213.127272727274,,
2016-12-27,26272.283636363638,,
2016-12-28,26057.30363636364,,
2016-12-29,26050.85818181818,,
2016-12-30,25931.294545454544,,
2017-01-03,26151.98545454545,,
2017-01-04,26307.59636363636,,
2017-01-05,26287.603636363638,,
2017-01-06,26388.180606060603,,
2017-01-09,26294.664242424245,,
2017-01-10,26294.785454545457,,
2017-01-11,26371.617575757573,,
2017-01-12,26315.687272727268,,
2017-01-13,26364.31090909091,,
2017-01-17,26286.082424242424,,
2017-01-18,26336.76303030303,,
2017-01-19,26242.17575757576,,
2017-01-20,26331.32121212121,,
2017-01-23,26261.22181818182,,
2017-01-24,26433.673939393942,,
2017-01-25,26645.866060606062,,
2017-01-26,26626.82606060606,,
2017-01-27,26605.1696969697,,
2017-01-30,26446.48424242424,,
2017-01-31,26423.12060606061,,
2017-02-01,26436.996969696975,,
2017-02-02,26453.666666666664,,
2017-02-03,26648.17696969697,,
2017-02-06,26591.94787878788,,
2017-02-07,26599.209696969694,,
2017-02-08,26626.139393939393,,
2017-02-09,26784.268484848486,,
2017-02-10,26881.34484848485,,
2017-02-13,27029.26121212121,,
2017-02-14,27145.347878787878,,
2017-02-15,27284.780606060605,,
2017-02-16,27263.994545454545,,
2017-02-17,27310.32181818182,,
2017-02-21,27475.53272727273,,
2017-02-22,27448.280606060605,,
2017-02-23,27462.961818181822,,
2017-02-24,27510.59696969697,,
2017-02-27,27542.47454545455,,
2017-02-28,27472.274545454547,,
2017-03-01,27852.938787878793,,
2017-03-02,27691.95393939394,,
2017-03-03,27706.673333333332,,
2017-03-06,27616.49515151515,,
2017-03-07,27537.878787878788,,
2017-03-08,27482.927878787883,,
2017-03-09,27505.22606060606,,
2017-03-10,27595.641212121216,,
2017-03-13,27614.799393939393,,
2017-03-14,27522.783636363634,,
2017-03-15,27754.19636363636,,
2017-03-16,27710.046666666665,,
2017-03-17,27673.76727272727,,
2017-03-20,27618.92727272727,,
2017-03-21,27278.669696969693,,
2017-03-22,27331.187878787874,,
2017-03-23,27302.568484848485,,
2017-03-24,27279.477575757574,,
2017-03-27,27251.689696969697,,
2017-03-28,27449.538181818178,,
2017-03-29,27484.916363636363,,
2017-03-30,27566.453333333335,,
2017-03-31,27504.32060606061,,
2017-04-03,27460.45515151515,,
2017-04-04,27480.290909090905,,
2017-04-05,27399.14787878788,,
2017-04-06,27460.15636363636,,
2017-04-07,27437.60060606061,,
2017-04-10,27457.99272727273,,
2017-04-11,27422.48181818182,,
2017-04-12,27319.783030303028,,
2017-04-13,27133.7503030303,,
2017-04-17,27367.56303030303,,
2017-04-18,27288.873333333333,,
2017-04-19,27245.78909090909,,
2017-04-20,27452.39696969697,,
2017-04-21,27369.090303030305,,
2017-04-24,27666.258181818182,,
2017-04-25,27834.812727272725,,
2017-04-26,27821.590909090908,,
2017-04-27,27839.808484848487,,
2017-04-28,27786.786666666667,,
2017-05-01,27835.035151515156,,
2017-05-02,27868.122424242425,,
2017-05-03,27838.27818181818,,
2017-05-04,27855.998181818184,,
2017-05-05,27970.250303030305,,
2017-05-08,27974.14787878788,,
2017-05-09,27946.700606060607,,
2017-05-10,27989.056363636366,,
2017-05-11,27937.487878787873,,
2017-05-12,27896.712121212124,,
2017-05-15,28033.424848484843,,
2017-05-16,28019.759393939392,,
2017-05-17,27518.68181818182,,
2017-05-18,27620.638181818184,,
2017-05-19,27808.18242424242,,
2017-05-22,27952.252121212125,,
2017-05-23,28004.216969696972,,
2017-05-24,28074.99393939394,,
2017-05-25,28203.5896969697,,
2017-05-26,28216.083636363634,,
2017-05-30,28186.42606060606,,
2017-05-31,28177.82606060606,,
2017-06-01,28394.608484848482,,
2017-06-02,28500.337575757574,,
2017-06-05,28466.678787878787,,
2017-06-06,28387.65090909091,,
2017-06-07,28438.106666666663,,
2017-06-08,28446.48121212121,,
2017-06-09,28422.96121212121,,
2017-06-12,28397.194545454546,,
2017-06-13,28532.605454545454,,
2017-06-14,28506.261818181814,,
2017-06-15,28447.659393939393,,
2017-06-16,28455.953939393938,,
2017-06-19,28693.812121212126,,
2017-06-20,28501.941212121215,,
2017-06-21,28487.86121212121,,
2017-06-22,28475.14787878788,,
2017-06-23,28519.590303030305,,
2017-06-26,28528.900606060608,,
2017-06-27,28298.597575757576,,
2017-06-28,28553.50363636363,,
2017-06-29,28308.845454545455,,
2017-06-30,28353.69636363637,,
2017-07-03,28421.86909090909,,
2017-07-05,28468.747272727273,,
2017-07-06,28212.272121212125,,
2017-07-07,28393.24121212121,,
2017-07-10,28419.670303030307,,
2017-07-11,28397.83393939394,,
2017-07-12,28607.77696969697,,
2017-07-13,28662.130303030306,,
2017-07-14,28796.534545454546,,
2017-07-17,28795.93696969697,,
2017-07-18,28813.775151515154,,
2017-07-19,28971.182424242426,,
2017-07-20,28968.723636363637,,
2017-07-21,28958.02545454545,,
2017-07-24,28927.9,,
2017-07-25,29012.384848484846,,
2017-07-26,29020.673333333336,,
2017-07-27,28995.49878787879,,
2017-07-28,28957.66727272727,,
2017-07-31,28936.724848484846,,
2017-08-01,29007.6703030303,,
2017-08-02,29027.538787878784,,
2017-08-03,28969.613939393934,,
2017-08-04,29024.896363636362,,
2017-08-07,29073.52303030303,,
2017-08-08,29006.806060606057,,
2017-08-09,28999.650909090906,,
2017-08-10,28590.30848484848,,
2017-08-11,28628.68121212121,,
2017-08-14,28917.743636363637,,
2017-08-15,28910.01696969697,,
2017-08-16,28959.265454545453,,
2017-08-17,28513.523636363636,,
2017-08-18,28461.9406060606,,
2017-08-21,28495.853939393935,,
2017-08-22,28780.161212121213,,
2017-08-23,28683.371515151513,,
2017-08-24,28624.410909090908,,
2017-08-25,28675.53272727273,,
2017-08-28,28690.731515151514,,
2017-08-29,28718.924848484847,,
2017-08-30,28858.925454545453,,
2017-08-31,29025.30787878788,,
2017-09-01,29084.771515151515,,
2017-09-05,28865.127878787884,,
2017-09-06,28955.68787878788,,
2017-09-07,28957.137575757577,,
2017-09-08,28915.266666666666,,
2017-09-11,29229.083636363634,,
2017-09-12,29329.143030303032,,
2017-09-13,29351.78424242424,,
2017-09-14,29329.00363636364,,
2017-09-15,29386.890303030304,,
2017-09-18,29430.782424242425,,
2017-09-19,29463.760606060605,,
2017-09-20,29482.457575757577,,
2017-09-21,29393.637575757577,,
2017-09-22,29413.32545454545,,
2017-09-25,29347.949090909093,,
2017-09-26,29352.349696969697,,
2017-09-27,29472.286060606064,,
2017-09-28,29513.97090909091,,
2017-09-29,29624.044242424243,,
2017-10-02,29738.9,,
2017-10-03,29804.397575757575,,
2017-10-04,29843.56666666667,,
2017-10-05,30017.246666666666,,
2017-10-06,29994.50484848485,,
2017-10-09,29940.349696969697,,
2017-10-10,30010.71575757576,,
2017-10-11,30065.367272727275,,
2017-10-12,30017.285454545454,,
2017-10-13,30044.046060606062,,
2017-10-16,30097.274545454547,,
2017-10-17,30117.483636363635,,
2017-10-18,30141.077575757572,,
2017-10-19,30153.459393939396,,
2017-10-20,30309.774545454547,,
2017-10-23,30190.098181818183,,
2017-10-24,30239.763636363637,,
2017-10-25,30098.71575757576,,
2017-10-26,30136.97333333333,,
2017-10-27,30380.3,,
2017-10-30,30285.7303030303,,
2017-10-31,30315.335151515155,,
2017-11-01,30363.550303030304,,
2017-11-02,30372.579393939395,,
2017-11-03,30469.629090909093,,
2017-11-06,30510.937575757573,,
2017-11-07,30505.344242424242,,
2017-11-08,30549.955757575754,,
2017-11-09,30442.47454545455,,
2017-11-10,30426.103636363638,,
2017-11-13,30456.705454545452,,
2017-11-14,30391.086666666666,,
2017-11-15,30230.057575757575,,
2017-11-16,30487.730909090908,,
2017-11-17,30408.79818181818,,
2017-11-20,30448.55575757576,,
2017-11-21,30648.192121212116,,
2017-11-22,30627.9,,
2017-11-24,30692.30909090909,,
2017-11-27,30683.913333333334,,
2017-11-28,30987.361212121214,,
2017-11-29,30979.900606060608,,
2017-11-30,31245.099393939392,,
2017-12-01,31183.07272727273,,
2017-12-04,31150.976363636364,,
2017-12-05,31035.884242424243,,
2017-12-06,31033.108484848486,,
2017-12-07,31129.52181818182,,
2017-12-08,31304.19333333333,,
2017-12-11,31404.569090909088,,
2017-12-12,31454.303030303032,,
2017-12-13,31440.497575757574,,
2017-12-14,31317.867878787878,,
2017-12-15,31600.627272727274,,
2017-12-18,31771.422424242428,,
2017-12-19,31669.28,,
2017-12-20,31647.212121212124,,
2017-12-21,31710.070303030305,,
2017-12-22,31695.70303030303,,
2017-12-26,31663.68363636364,,
2017-12-27,31690.98909090909,,
2017-12-28,31755.08121212121,,
2017-12-29,31592.504242424246,,
2018-01-02,31856.26787878788,,
2018-01-03,32060.14727272727,,
2018-01-04,32195.957575757573,,
2018-01-05,32422.360606060607,,
2018-01-08,32476.843636363636,,
2018-01-09,32528.852727272726,,
2018-01-10,32492.903636363637,,
2018-01-11,32724.011515151517,,
2018-01-12,32944.95757575757,,
2018-01-16,32829.42424242424,,
2018-01-17,33138.461818181815,,
2018-01-18,33087.858181818185,,
2018-01-19,33233.768484848486,,
2018-01-22,33502.36121212121,,
2018-01-23,33576.5296969697,,
2018-01-24,33557.767878787876,,
2018-01-25,33578.07151515152,,
2018-01-26,33976.27272727273,,
2018-01-29,33749.526666666665,,
2018-01-30,33383.98121212121,,
2018-01-31,33401.29939393939,,
2018-02-01,33386.06181818182,,
2018-02-02,32680.084242424244,,
2018-02-05,31340.980000000003,,
2018-02-06,31891.009696969697,,
2018-02-07,31732.362424242423,,
2018-02-08,30545.78909090909,,
2018-02-09,31012.067878787882,,
2018-02-12,31444.667272727274,,
2018-02-13,31528.586666666666,,
2018-02-14,31960.15636363636,,
2018-02-15,32353.64303030303,,
2018-02-16,32368.60787878788,,
2018-02-20,32181.78,,
2018-02-21,32005.527878787878,,
2018-02-22,32039.37636363636,,
2018-02-23,32554.93878787879,,
2018-02-26,32941.6696969697,,
2018-02-27,32527.796363636367,,
2018-02-28,32170.223636363637,,
2018-03-01,31746.564242424243,,
2018-03-02,31910.5496969697,,
2018-03-05,32262.787272727273,,
2018-03-06,32349.612121212118,,
2018-03-07,32336.18909090909,,
2018-03-08,32489.290303030306,,
2018-03-09,33054.6993939394,,
2018-03-12,33012.707272727275,,
2018-03-13,32804.56606060606,,
2018-03-14,32625.85212121212,,
2018-03-15,32602.382424242427,,
2018-03-16,32659.00242424242,,
2018-03-19,32195.353939393943,,
2018-03-20,32243.62545454545,,
2018-03-21,32187.624242424237,,
2018-03-22,31378.932727272728,,
2018-03-23,30721.37515151515,,
2018-03-26,31555.696363636365,,
2018-03-27,31010.606060606064,,
2018-03-28,30925.369696969694,,
2018-03-29,31352.67212121212,,
2018-04-02,30652.660606060606,,
2018-04-03,31040.5896969697,,
2018-04-04,31401.861212121214,,
2018-04-05,31621.933939393937,,
2018-04-06,30929.400606060608,,
2018-04-09,31041.803030303032,,
2018-04-10,31562.003030303025,,
2018-04-11,31389.009090909087,,
2018-04-12,31651.787272727273,,
2018-04-13,31561.04121212121,,
2018-04-16,31817.809090909093,,
2018-04-17,32156.983636363635,,
2018-04-18,32183.765454545453,,
2018-04-19,32003.42969696969,,
2018-04-20,31731.794545454544,,
2018-04-23,31733.561212121207,,
2018-04-24,31309.712121212124,,
2018-04-25,31367.21393939394,,
2018-04-26,31694.599393939392,,
2018-04-27,31731.708484848485,,
2018-04-30,31472.975757575758,,
2018-05-01,31553.364848484845,,
2018-05-02,31325.97333333333,,
2018-05-03,31258.774545454544,,
2018-05-04,31664.88545454546,,
2018-05-07,31774.979393939397,,
2018-05-08,31766.864848484845,,
2018-05-09,32078.160606060606,,
2018-05-10,32386.085454545453,,
2018-05-11,32452.654545454545,,
2018-05-14,32482.797575757577,,
2018-05-15,32262.02666666667,,
2018-05-16,32401.988484848483,,
2018-05-17,32383.58484848485,,
2018-05-18,32300.994545454545,,
2018-05-21,32540.56303030303,,
2018-05-22,32439.098181818183,,
2018-05-23,32545.389696969698,,
2018-05-24,32480.75575757576,,
2018-05-25,32407.95151515151,,
2018-05-29,32034.552727272727,,
2018-05-30,32447.055757575756,,
2018-05-31,32230.906666666662,,
2018-06-01,32583.587878787883,,
2018-06-04,32730.30606060606,,
2018-06-05,32755.285454545454,,
2018-06-06,33036.89939393939,,
2018-06-07,33019.25575757576,,
2018-06-08,33123.76,,
2018-06-11,33159.354545454546,,
2018-06-12,33218.59878787879,,
2018-06-13,33086.1,,
2018-06-14,33178.00363636364,,
2018-06-15,33147.69151515151,,
2018-06-18,33077.746060606056,,
2018-06-19,32946.2296969697,,
2018-06-20,33002.58909090909,,
2018-06-21,32796.36303030303,,
2018-06-22,32858.33939393939,,
2018-06-25,32407.45151515152,,
2018-06-26,32478.832121212123,,
2018-06-27,32199.343030303033,,
2018-06-28,32402.648484848487,,
2018-06-29,32429.28484848485,,
2018-07-02,32530.24666666667,,
2018-07-03,32369.297575757577,,
2018-07-05,32656.217575757575,,
2018-07-06,32935.505454545455,,
2018-07-09,33235.68909090909,,
2018-07-10,33351.79636363637,,
2018-07-11,33115.18727272727,,
2018-07-12,33408.2296969697,,
2018-07-13,33444.40969696969,,
2018-07-16,33411.641818181815,,
2018-07-17,33544.88909090909,,
2018-07-18,33617.34121212121,,
2018-07-19,33487.95878787879,,
2018-07-20,33457.566666666666,,
2018-07-23,33519.12,,
2018-07-24,33681.05454545454,,
2018-07-25,33987.83757575757,,
2018-07-26,33884.81272727273,,
2018-07-27,33662.506060606065,,
2018-07-30,33471.573333333334,,
2018-07-31,33636.09454545454,,
2018-08-01,33601.177575757574,,
2018-08-02,33770.196969696975,,
2018-08-03,33931.58727272727,,
2018-08-06,34054.86181818182,,
2018-08-07,34151.36727272727,,
2018-08-08,34143.433333333334,,
2018-08-09,34103.0509090909,,
2018-08-10,33870.66181818182,,
2018-08-13,33735.51757575758,,
2018-08-14,33954.02484848485,,
2018-08-15,33702.142424242425,,
2018-08-16,33979.15757575758,,
2018-08-17,34094.88666666666,,
2018-08-20,34178.95939393939,,
2018-08-21,34250.8703030303,,
2018-08-22,34238.22484848485,,
2018-08-23,34182.40727272727,,
2018-08-24,34394.67333333333,,
2018-08-27,34662.43515151516,,
2018-08-28,34672.04666666666,,
2018-08-29,34872.71272727273,,
2018-08-30,34723.92606060606,,
2018-08-31,34732.13757575757,,
2018-09-04,34677.91515151515,,
2018-09-05,34580.96,,
2018-09-06,34464.85272727273,,
2018-09-07,34391.397575757575,,
2018-09-10,34456.602424242425,,
2018-09-11,34587.80787878788,,
2018-09-12,34600.48242424243,,
2018-09-13,34792.43636363636,,
2018-09-14,34807.19696969697,,
2018-09-17,34613.908484848485,,
2018-09-18,34801.10363636364,,
2018-09-19,34844.767878787876,,
2018-09-20,35119.52848484849,,
2018-09-21,35107.37272727273,,
2018-09-24,34984.01393939393,,
2018-09-25,34940.88848484849,,
2018-09-26,34825.85515151515,,
2018-09-27,34928.60424242424,,
2018-09-28,34929.83272727273,,
2018-10-01,35057.28303030303,,
2018-10-02,35044.64060606061,,
2018-10-03,35069.5696969697,,
2018-10-04,34791.27575757576,,
2018-10-05,34599.41090909091,,
2018-10-08,34585.8193939394,,
2018-10-09,34546.86,,
2018-10-10,33411.75151515152,,
2018-10-11,32724.482424242426,,
2018-10-12,33192.89454545455,,
2018-10-15,32997.65030303031,,
2018-10-16,33707.88060606061,,
2018-10-17,33700.73393939394,,
2018-10-18,33218.96303030303,,
2018-10-19,33207.850909090914,,
2018-10-22,33065.94727272727,,
2018-10-23,32885.35151515151,,
2018-10-24,31870.37151515151,,
2018-10-25,32463.9,,
2018-10-26,31901.432121212118,,
2018-10-29,31692.589696969695,,
2018-10-30,32191.968484848483,,
2018-10-31,32542.370909090914,,
2018-11-01,32886.828484848484,,
2018-11-02,32682.0103030303,,
2018-11-05,32865.932727272724,,
2018-11-06,33074.26909090909,,
2018-11-07,33776.11575757576,,
2018-11-08,33709.090909090904,,
2018-11-09,33404.75878787879,,
2018-11-12,32746.593939393937,,
2018-11-13,32699.218787878788,,
2018-11-14,32460.233333333334,,
2018-11-15,32814.71333333333,,
2018-11-16,32890.08363636363,,
2018-11-19,32343.664242424245,,
2018-11-20,31758.98424242424,,
2018-11-21,31858.262424242424,,
2018-11-23,31651.065454545453,,
2018-11-26,32146.47818181818,,
2018-11-27,32251.648484848483,,
2018-11-28,32994.65575757576,,
2018-11-29,32930.21696969697,,
2018-11-30,33205.533939393936,,
2018-12-03,33568.8296969697,,
2018-12-04,32484.29515151515,,
2018-12-06,32445.055151515153,,
2018-12-07,31693.569696969702,,
2018-12-10,31749.712727272727,,
2018-12-11,31740.006666666664,,
2018-12-12,31912.30787878788,,
2018-12-13,31911.86666666666,,
2018-12-14,31306.676363636365,,
2018-12-17,30658.040606060604,,
2018-12-18,30662.68666666667,,
2018-12-19,30193.45090909091,,
2018-12-20,29717.956969696974,,
2018-12-21,29106.113939393937,,
2018-12-24,28319.15272727273,,
2018-12-26,29724.19212121212,,
2018-12-27,29981.45393939394,,
2018-12-28,29949.14181818182,,
2018-12-31,30207.37757575758,,
2019-01-02,30245.795151515154,,
2019-01-03,29504.823636363635,,
2019-01-04,30517.88909090909,,
2019-01-07,30731.901212121214,,
2019-01-08,31030.536969696972,,
2019-01-09,31167.610909090912,,
2019-01-10,31308.454545454548,,
2019-01-11,31303.91515151515,,
2019-01-14,31142.894545454543,,
2019-01-15,31477.480000000003,,
2019-01-16,31548.170909090906,,
2019-01-17,31790.78181818182,,
2019-01-18,32210.810303030303,,
2019-01-22,31756.07272727273,,
2019-01-23,31825.98545454545,,
2019-01-24,31870.82424242424,,
2019-01-25,32142.46,,
2019-01-28,31890.184242424242,,
2019-01-29,31844.303636363635,,
2019-01-30,32343.027878787878,,
2019-01-31,32628.071515151514,,
2019-02-01,32661.78060606061,,
2019-02-04,32883.61939393939,,
2019-02-05,33038.78727272728,,
2019-02-06,32968.49454545454,,
2019-02-07,32664.768484848486,,
2019-02-08,32697.67393939394,,
2019-02-11,32721.23757575758,,
2019-02-12,33145.34303030303,,
2019-02-13,33248.27818181818,,
2019-02-14,33171.67878787879,,
2019-02-15,33534.99575757576,,
2019-02-19,33587.7303030303,,
2019-02-20,33653.961818181815,,
2019-02-21,33538.16545454546,,
2019-02-22,33754.25575757575,,
2019-02-25,33800.51696969697,,
2019-02-26,33774.210909090914,,
2019-02-27,33761.02666666667,,
2019-02-28,33675.699393939394,,
2019-03-01,33909.775151515154,,
2019-03-04,33778.98848484848,,
2019-03-05,33741.83696969697,,
2019-03-06,33523.2696969697,,
2019-03-07,33257.91757575758,,
2019-03-08,33190.216969696965,,
2019-03-11,33677.364848484845,,
2019-03-12,33778.3993939394,,
2019-03-13,34015.498181818184,,
2019-03-14,33997.48545454546,,
2019-03-15,34168.292727272725,,
2019-03-18,34295.31515151515,,
2019-03-19,34291.81575757576,,
2019-03-20,34192.38545454545,,
2019-03-21,34565.32181818182,,
2019-03-22,33912.120606060605,,
2019-03-25,33886.231515151514,,
2019-03-26,34129.65696969697,,
2019-03-27,33971.620606060605,,
2019-03-28,34098.88848484849,,
2019-03-29,34330.07696969697,,
2019-04-01,34727.523636363636,,
2019-04-02,34729.41757575758,,
2019-04-03,34804.06363636364,,
2019-04-04,34884.580606060605,,
2019-04-05,35046.63818181818,,
2019-04-08,35083.994545454545,,
2019-04-09,34881.760606060605,,
2019-04-10,35005.991515151516,,
2019-04-11,35007.76666666667,,
2019-04-12,35242.667272727274,,
2019-04-15,35221.28424242425,,
2019-04-16,35239.15515151515,,
2019-04-17,35162.58,,
2019-04-18,35218.95333333333,,
2019-04-22,35255.541212121214,,
2019-04-23,35568.94666666666,,
2019-04-24,35491.11151515152,,
2019-04-25,35478.02606060606,,
2019-04-26,35645.306666666664,,
2019-04-29,35685.142424242425,,
2019-04-30,35720.0896969697,,
2019-05-01,35452.44,,
2019-05-02,35378.54848484849,,
2019-05-03,35723.04545454545,,
2019-05-06,35566.35333333333,,
2019-05-07,34979.30787878788,,
2019-05-08,34924.12424242424,,
2019-05-09,34830.773939393934,,
2019-05-10,34972.335757575755,,
2019-05-13,34129.749090909085,,
2019-05-14,34407.25090909091,,
2019-05-15,34615.07454545454,,
2019-05-16,34933.01575757576,,
2019-05-17,34732.64727272728,,
2019-05-20,34498.811515151516,,
2019-05-21,34792.76727272727,,
2019-05-22,34695.19454545454,,
2019-05-23,34285.43515151515,,
2019-05-24,34336.96060606061,,
2019-05-28,34049.567272727276,,
2019-05-29,33815.1896969697,,
2019-05-30,33890.752727272724,,
2019-05-31,33450.14303030303,,
2019-06-03,33357.8896969697,,
2019-06-04,34074.60727272728,,
2019-06-05,34356.90666666667,,
2019-06-06,34577.09090909091,,
2019-06-07,34943.40242424243,,
2019-06-10,35106.40484848485,,
2019-06-11,35095.91515151515,,
2019-06-12,35024.99212121212,,
2019-06-13,35178.98545454546,,
2019-06-14,35127.05272727273,,
2019-06-17,35159.99878787879,,
2019-06-18,35502.72303030303,,
2019-06-19,35608.76787878788,,
2019-06-20,35949.454545454544,,
2019-06-21,35906.31636363636,,
2019-06-24,35844.17515151515,,
2019-06-25,35503.840000000004,,
2019-06-26,35459.975757575754,,
2019-06-27,35600.92909090909,,
2019-06-28,35807.584848484854,,
2019-07-01,36082.58666666667,,
2019-07-02,36189.624242424245,,
2019-07-03,36476.01454545455,,
2019-07-05,36413.9903030303,,
2019-07-08,36238.418787878785,,
2019-07-09,36293.821818181816,,
2019-07-10,36457.93878787879,,
2019-07-11,36541.369090909095,,
2019-07-12,36713.76303030303,,
2019-07-15,36720.16121212121,,
2019-07-16,36596.33696969697,,
2019-07-17,36357.864848484845,,
2019-07-18,36491.821818181816,,
2019-07-19,36267.88787878788,,
2019-07-22,36371.3703030303,,
2019-07-23,36621.08363636363,,
2019-07-24,36794.21878787879,,
2019-07-25,36600.79515151515,,
2019-07-26,36871.65212121212,,
2019-07-29,36812.203636363636,,
2019-07-30,36720.94303030303,,
2019-07-31,36322.21515151515,,
2019-08-01,35998.98484848485,,
2019-08-02,35740.02545454545,,
2019-08-05,34677.555757575756,,
2019-08-06,35131.62181818182,,
2019-08-07,35159.53878787879,,
2019-08-08,35828.229090909095,,
2019-08-09,35596.763636363634,,
2019-08-12,35177.28484848485,,
2019-08-13,35697.93272727273,,
2019-08-14,34662.45272727273,,
2019-08-15,34754.470303030306,,
2019-08-16,35261.62545454545,,
2019-08-19,35690.51151515151,,
2019-08-20,35410.68363636364,,
2019-08-21,35704.18363636364,,
2019-08-22,35687.07636363636,,
2019-08-23,34761.38363636364,,
2019-08-26,35147.49575757576,,
2019-08-27,35035.06848484848,,
2019-08-28,35265.698787878784,,
2019-08-29,35719.092121212125,,
2019-08-30,35746.86,,
2019-09-03,35502.73393939394,,
2019-09-04,35890.63939393939,,
2019-09-05,36365.937575757576,,
2019-09-06,36400.422424242424,,
2019-09-09,36399.95757575758,,
2019-09-10,36412.85575757576,,
2019-09-11,36677.972727272725,,
2019-09-12,36789.261212121215,,
2019-09-13,36772.75575757576,,
2019-09-16,36658.59757575757,,
2019-09-17,36753.369090909095,,
2019-09-18,36766.177575757574,,
2019-09-19,36769.10121212122,,
2019-09-20,36590.88181818181,,
2019-09-23,36587.29515151515,,
2019-09-24,36282.31272727273,,
2019-09-25,36505.78848484848,,
2019-09-26,36419.32787878787,,
2019-09-27,36230.958787878786,,
2019-09-30,36415.699393939394,,
2019-10-01,35970.89575757575,,
2019-10-02,35326.87393939394,,
2019-10-03,35617.35515151515,,
2019-10-04,36123.83151515152,,
2019-10-07,35962.20121212122,,
2019-10-08,35403.4503030303,,
2019-10-09,35736.99696969698,,
2019-10-10,35967.05151515152,,
2019-10-11,36363.89151515151,,
2019-10-14,36313.463030303035,,
2019-10-15,36675.07636363636,,
2019-10-16,36604.1903030303,,
2019-10-17,36708.134545454544,,
2019-10-18,36565.21090909091,,
2019-10-21,36817.602424242425,,
2019-10-22,36687.36666666667,,
2019-10-23,36793.1393939394,,
2019-10-24,36863.87393939395,,
2019-10-25,37014.65515151515,,
2019-10-28,37221.25151515152,,
2019-10-29,37190.730909090904,,
2019-10-30,37314.75393939394,,
2019-10-31,37204.45333333333,,
2019-11-01,37567.21696969697,,
2019-11-04,37706.82303030303,,
2019-11-05,37662.29818181818,,
2019-11-06,37691.4896969697,,
2019-11-07,37812.05333333334,,
2019-11-08,37915.810909090906,,
2019-11-11,37841.283030303035,,
2019-11-12,37902.505454545455,,
2019-11-13,37930.81515151515,,
2019-11-14,37972.26181818182,,
2019-11-15,38271.17636363636,,
2019-11-18,38291.01757575758,,
2019-11-19,38270.68303030303,,
2019-11-20,38134.36424242424,,
2019-11-21,38076.32727272728,,
2019-11-22,38159.61757575758,,
2019-11-25,38450.68666666667,,
2019-11-26,38536.09636363637,,
2019-11-27,38701.60424242424,,
2019-11-29,38554.933333333334,,
2019-12-02,38223.49575757576,,
2019-12-03,37971.001818181816,,
2019-12-04,38215.10545454545,,
2019-12-05,38282.9806060606,,
2019-12-06,38634.573333333334,,
2019-12-09,38515.57575757575,,
2019-12-10,38474.619999999995,,
2019-12-11,38586.89939393939,,
2019-12-12,38923.303636363635,,
2019-12-13,38932.89636363636,,
2019-12-16,39212.289090909086,,
2019-12-17,39225.70606060606,,
2019-12-18,39212.102424242425,,
2019-12-19,39389.46787878788,,
2019-12-20,39586.3593939394,,
2019-12-23,39620.588484848486,,
2019-12-24,39615.66121212121,,
2019-12-26,39822.45878787879,,
2019-12-27,39824.447878787876,,
2019-12-30,39599.43636363636,,
2019-12-31,39718.59878787879,,
2020-01-02,40056.28848484848,,
2020-01-03,39777.69575757576,,
2020-01-06,39918.41636363636,,
2020-01-07,39810.52424242424,,
2020-01-08,40006.99030303031,,
2020-01-09,40283.89575757576,,
2020-01-10,40168.93515151516,,
2020-01-13,40449.3,,
2020-01-14,40391.89515151515,,
2020-01-15,40468.1903030303,,
2020-01-16,40808.19212121212,,
2020-01-17,40966.727878787875,,
2020-01-21,40858.8296969697,,
2020-01-22,40872.10848484848,,
2020-01-23,40921.73818181818,,
2020-01-24,40552.84242424242,,
2020-01-27,39914.854545454546,,
2020-01-28,40316.99515151515,,
2020-01-29,40282.951515151515,,
2020-01-30,40415.29454545455,,
2020-01-31,39703.02606060606,,
2020-02-03,39991.67575757576,,
2020-02-04,40590.822424242426,,
2020-02-05,41048.390303030304,,
2020-02-06,41191.75878787879,,
2020-02-07,40977.344848484856,,
2020-02-10,41283.83454545454,,
2020-02-11,41355.120606060605,,
2020-02-12,41623.77393939394,,
2020-02-13,41569.18909090909,,
2020-02-14,41652.61151515152,,
2020-02-18,41533.573939393944,,
2020-02-19,41736.20545454545,,
2020-02-20,41578.937575757576,,
2020-02-21,41143.02424242424,,
2020-02-24,39769.30545454546,,
2020-02-25,38565.90666666667,,
2020-02-26,38420.48787878788,,
2020-02-27,36731.32060606061,,
2020-02-28,36434.70545454545,,
2020-03-02,38112.991515151516,,
2020-03-03,37042.87393939394,,
2020-03-04,38608.20909090909,,
2020-03-05,37306.54242424242,,
2020-03-06,36671.50424242424,,
2020-03-09,33889.324848484845,,
2020-03-10,35564.278181818176,,
2020-03-11,33828.84121212121,,
2020-03-12,30618.011515151513,,
2020-03-13,33471.7896969697,,
2020-03-16,29461.93090909091,,
2020-03-17,31229.244242424244,,
2020-03-18,29610.684848484845,,
2020-03-19,29752.315151515148,,
2020-03-20,28467.20848484848,,
2020-03-23,27633.36303030303,,
2020-03-24,30229.093333333334,,
2020-03-25,30577.880606060608,,
2020-03-26,32487.806666666664,,
2020-03-27,31393.478787878787,,
2020-03-30,32450.87636363636,,
2020-03-31,31934.55090909091,,
2020-04-01,30525.10484848485,,
2020-04-02,31227.070909090908,,
2020-04-03,30758.54787878788,,
2020-04-06,32922.24,,
2020-04-07,32869.847272727275,,
2020-04-08,33997.27878787879,,
2020-04-09,34494.19090909091,,
2020-04-13,34146.35272727273,,
2020-04-14,35194.53272727272,,
2020-04-15,34421.39090909091,,
2020-04-16,34621.814545454545,,
2020-04-17,35550.89515151515,,
2020-04-20,34915.16181818181,,
2020-04-21,33845.069696969695,,
2020-04-22,34622.13333333333,,
2020-04-23,34606.29878787879,,
2020-04-24,35088.76666666666,,
2020-04-27,35605.66969696969,,
2020-04-28,35419.28848484849,,
2020-04-29,36362.04303030303,,
2020-04-30,36028.36060606061,,
2020-05-01,35021.36727272728,,
2020-05-04,35170.4393939394,,
2020-05-05,35488.35515151515,,
2020-05-06,35243.46484848485,,
2020-05-07,35661.454545454544,,
2020-05-08,36269.984242424245,,
2020-05-11,36276.71272727272,,
2020-05-12,35537.480606060606,,
2020-05-13,34919.37272727273,,
2020-05-14,35329.29818181818,,
2020-05-15,35471.76303030303,,
2020-05-18,36593.34424242424,,
2020-05-19,36213.0296969697,,
2020-05-20,36822.804242424245,,
2020-05-21,36538.99333333333,,
2020-05-22,36631.29878787879,,
2020-05-26,37082.033939393936,,
2020-05-27,37632.63272727273,,
2020-05-28,37557.675151515155,,
2020-05-29,37744.32181818182,,
2020-06-01,37887.735757575756,,
2020-06-02,38199.99757575758,,
2020-06-03,38725.274545454544,,
2020-06-04,38603.24484848485,,
2020-06-05,39615.62787878788,,
2020-06-08,40093.35575757576,,
2020-06-09,39783.45212121212,,
2020-06-10,39572.24121212121,,
2020-06-11,37244.256969696966,,
2020-06-12,37741.93151515152,,
2020-06-15,38056.964848484844,,
2020-06-16,38779.24787878788,,
2020-06-17,38639.62,,
2020-06-18,38663.9703030303,,
2020-06-19,38452.739393939395,,
2020-06-22,38702.49696969697,,
2020-06-23,38869.36181818182,,
2020-06-24,37864.620606060605,,
2020-06-25,38281.51212121212,,
2020-06-26,37354.56787878788,,
2020-06-29,37907.760606060605,,
2020-06-30,38494.95090909091,,
2020-07-01,38689.47090909091,,
2020-07-02,38873.667272727274,,
2020-07-06,39491.22363636364,,
2020-07-07,39064.16848484849,,
2020-07-08,39370.53878787879,,
2020-07-09,39159.46727272727,,
2020-07-10,39569.462424242425,,
2020-07-13,39199.008484848484,,
2020-07-14,39729.71333333333,,
2020-07-15,40091.32424242425,,
2020-07-16,39956.04303030303,,
2020-07-17,40071.90303030302,,
2020-07-20,40408.80121212121,,
2020-07-21,40477.23636363636,,
2020-07-22,40710.82303030303,,
2020-07-23,40212.38787878788,,
2020-07-24,39964.25696969697,,
2020-07-27,40259.969696969696,,
2020-07-28,39999.81333333333,,
2020-07-29,40497.04545454545,,
2020-07-30,40351.61454545455,,
2020-07-31,40665.49393939394,,
2020-08-03,40958.78424242425,,
2020-08-04,41106.68787878788,,
2020-08-05,41371.036969696965,,
2020-08-06,41641.58606060606,,
2020-08-07,41676.64121212121,,
2020-08-10,41791.48181818182,,
2020-08-11,41458.63272727273,,
2020-08-12,42045.100000000006,,
2020-08-13,41969.45636363636,,
2020-08-14,41965.34303030303,,
2020-08-17,42080.14,,
2020-08-18,42183.642424242425,,
2020-08-19,42004.875757575755,,
2020-08-20,42138.93696969697,,
2020-08-21,42286.491515151516,,
2020-08-24,42716.20666666667,,
2020-08-25,42870.28424242424,,
2020-08-26,43307.692121212116,,
2020-08-27,43382.92121212121,,
2020-08-28,43679.3806060606,,
2020-08-31,43588.5509090909,,
2020-09-01,43917.421818181814,,
2020-09-02,44596.879393939395,,
2020-09-03,43038.67636363636,,
2020-09-04,42688.63090909091,,
2020-09-08,41505.58303030303,,
2020-09-09,42343.98181818182,,
2020-09-10,41601.411515151514,,
2020-09-11,41625.57090909091,,
2020-09-14,42169.16181818182,,
2020-09-15,42389.89515151515,,
2020-09-16,42195.67636363636,,
2020-09-17,41841.35575757576,,
2020-09-18,41374.05515151515,,
2020-09-21,40897.42545454546,,
2020-09-22,41327.76727272728,,
2020-09-23,40350.39939393939,,
2020-09-24,40472.9606060606,,
2020-09-25,41120.93272727273,,
2020-09-28,41783.447878787876,,
2020-09-29,41587.632121212126,,
2020-09-30,41932.33151515151,,
2020-10-01,42158.7593939394,,
2020-10-02,41755.43636363636,,
2020-10-05,42510.46545454546,,
2020-10-06,41917.55818181818,,
2020-10-07,42647.93575757575,,
2020-10-08,43002.42060606061,,
2020-10-09,43381.357575757575,,
2020-10-12,44093.518787878784,,
2020-10-13,43815.47454545454,,
2020-10-14,43529.5496969697,,
2020-10-15,43464.289696969696,,
2020-10-16,43470.90242424243,,
2020-10-19,42761.10727272727,,
2020-10-20,42963.984242424245,,
2020-10-21,42870.631515151515,,
2020-10-22,43098.00666666666,,
2020-10-23,43247.31575757576,,
2020-10-26,42443.70545454545,,
2020-10-27,42315.99575757576,,
2020-10-28,40822.71878787878,,
2020-10-29,41313.90424242424,,
2020-10-30,40817.19151515151,,
2020-11-02,41320.54909090909,,
2020-11-03,42056.36363636364,,
2020-11-04,42983.65575757576,,
2020-11-05,43828.29939393939,,
2020-11-06,43821.300606060606,,
2020-11-09,44337.9896969697,,
2020-11-10,44283.32848484849,,
2020-11-11,44622.145454545454,,
2020-11-12,44186.01696969697,,
2020-11-13,44791.573333333334,,
2020-11-16,45313.89272727273,,
2020-11-17,45103.2806060606,,
2020-11-18,44589.918787878785,,
2020-11-19,44768.8296969697,,
2020-11-20,44465.21878787879,,
2020-11-23,44720.840000000004,,
2020-11-24,45444.20181818182,,
2020-11-25,45373.8206060606,,
2020-11-27,45487.14666666667,,
2020-11-30,45285.203030303026,,
2020-12-01,45797.06,,
2020-12-02,45883.38242424243,,
2020-12-03,45863.25939393939,,
2020-12-04,46271.31515151515,,
2020-12-07,46181.84424242424,,
2020-12-08,46311.706666666665,,
2020-12-09,45945.83818181818,,
2020-12-10,45890.145454545454,,
2020-12-11,45833.10666666666,,
2020-12-14,45641.609090909085,,
2020-12-15,46231.97212121212,,
2020-12-16,46314.04424242424,,
2020-12-17,46582.93818181819,,
2020-12-18,46422.750303030305,,
2020-12-21,46242.87515151515,,
2020-12-22,46150.49575757576,,
2020-12-23,46185.66121212122,,
2020-12-24,46353.89515151516,,
2020-12-28,46758.19151515151,,
2020-12-29,46654.098787878786,,
2020-12-30,46721.80606060606,,
2020-12-31,47026.336363636365,,
2021-01-04,46334.96424242425,,
2021-01-05,46668.75636363636,,
2021-01-06,46935.93212121212,,
2021-01-07,47643.001212121206,,
2021-01-08,47910.76545454546,,
2021-01-11,47596.64787878788,,
2021-01-12,47616.51454545454,,
2021-01-13,47725.782424242425,,
2021-01-14,47552.09454545454,,
2021-01-15,47210.85454545455,,
2021-01-19,47596.78848484848,,
2021-01-20,48260.11696969697,,
2021-01-21,48279.454545454544,,
2021-01-22,48134.56848484848,,
2021-01-25,48308.61575757575,,
2021-01-26,48236.96909090909,,
2021-01-27,46998.42303030303,,
2021-01-28,47461.921818181814,,
2021-01-29,46551.56787878788,,
2021-02-01,47298.85999999999,,
2021-02-02,47956.789696969696,,
2021-02-03,48005.16424242424,,
2021-02-04,48531.0,,
2021-02-05,48725.27818181818,,
2021-02-08,49086.86,,
2021-02-09,49040.58909090909,,
2021-02-10,49024.907878787875,,
2021-02-11,49116.33151515152,,
2021-02-12,49350.23090909091,,
2021-02-16,49328.21515151515,,
2021-02-17,49320.47818181818,,
2021-02-18,49104.5006060606,,
2021-02-19,49016.256969696966,,
2021-02-22,48641.29696969697,,
2021-02-23,48703.39393939394,,
2021-02-24,49256.839393939386,,
2021-02-25,48057.95757575757,,
2021-02-26,47835.22363636363,,
2021-03-01,48974.429696969695,,
2021-03-02,48579.015757575755,,
2021-03-03,47946.75454545455,,
2021-03-04,47311.83515151515,,
2021-03-05,48236.23878787879,,
2021-03-08,47978.21878787879,,
2021-03-09,48661.83939393939,,
2021-03-10,48957.86727272727,,
2021-03-11,49470.21090909091,,
2021-03-12,49532.71030303031,,
2021-03-15,49856.4709090909,,
2021-03-16,49779.56121212121,,
2021-03-17,49923.34484848485,,
2021-03-18,49188.88848484849,,
2021-03-19,49164.450909090905,,
2021-03-22,49509.91636363637,,
2021-03-23,49132.32121212121,,
2021-03-24,48866.64424242424,,
2021-03-25,49124.31090909091,,
2021-03-26,49941.70606060606,,
2021-03-29,49898.453939393934,,
2021-03-30,49746.04484848485,,
2021-03-31,49930.1993939394,,
2021-04-01,50520.66121212122,,
2021-04-05,51256.94909090909,,
2021-04-06,51209.34303030303,,
2021-04-07,51285.9103030303,,
2021-04-08,51514.243636363644,,
2021-04-09,51912.56303030302,,
2021-04-12,51903.21212121213,,
2021-04-13,52074.217575757575,,
2021-04-14,51867.61212121213,,
2021-04-15,52444.16545454545,,
2021-04-16,52633.371515151506,,
2021-04-19,52354.067272727276,,
2021-04-20,51999.67696969697,,
2021-04-21,52483.62969696969,,
2021-04-22,52004.42848484848,,
2021-04-23,52574.52363636363,,
2021-04-26,52668.22424242424,,
2021-04-27,52657.28606060606,,
2021-04-28,52613.12666666666,,
2021-04-29,52971.8090909091,,
2021-04-30,52594.912121212124,,
2021-05-03,52739.545454545456,,
2021-05-04,52387.3503030303,,
2021-05-05,52424.473939393945,,
2021-05-06,52860.82363636364,,
2021-05-07,53259.48545454545,,
2021-05-10,52704.8096969697,,
2021-05-11,52248.355151515156,,
2021-05-12,51134.7593939394,,
2021-05-13,51765.97333333333,,
2021-05-14,52542.36424242425,,
2021-05-17,52409.50727272727,,
2021-05-18,51969.56484848484,,
2021-05-19,51823.9096969697,,
2021-05-20,52375.63636363636,,
2021-05-21,52336.64424242424,,
2021-05-24,52860.5993939394,,
2021-05-25,52749.02787878788,,
2021-05-26,52848.72,,
2021-05-27,52914.95575757575,,
2021-05-28,52962.25515151515,,
2021-06-01,52937.84181818181,,
2021-06-02,53019.980606060606,,
2021-06-03,52836.19757575757,,
2021-06-04,53303.49333333333,,
2021-06-07,53262.29515151516,,
2021-06-08,53272.70060606061,,
2021-06-09,53177.65454545455,,
2021-06-10,53427.64787878788,,
2021-06-11,53532.991515151516,,
2021-06-14,53643.432727272724,,
2021-06-15,53537.42606060606,,
2021-06-16,53249.56181818181,,
2021-06-17,53227.78181818182,,
2021-06-18,52531.89636363636,,
2021-06-21,53269.82969696969,,
2021-06-22,53542.77696969697,,
2021-06-23,53484.93454545454,,
2021-06-24,53800.393333333326,,
2021-06-25,53980.552121212124,,
2021-06-28,54105.4606060606,,
2021-06-29,54125.2490909091,,
2021-06-30,54198.64787878788,,
2021-07-01,54485.3303030303,,
2021-07-02,54900.96424242424,,
2021-07-06,54792.486666666664,,
2021-07-07,54976.62545454546,,
2021-07-08,54516.73818181819,,
2021-07-09,55132.36121212121,,
2021-07-12,55322.56484848485,,
2021-07-13,55128.16787878787,,
2021-07-14,55199.07575757576,,
2021-07-15,55020.16848484848,,
2021-07-16,54605.39272727274,,
2021-07-19,53739.79454545455,,
2021-07-20,54556.189696969705,,
2021-07-21,55005.90666666667,,
2021-07-22,55120.93575757576,,
2021-07-23,55682.63878787879,,
2021-07-26,55815.95393939394,,
2021-07-27,55553.131515151515,,
2021-07-28,55543.14969696969,,
2021-07-29,55783.32181818182,,
2021-07-30,55486.13151515151,,
2021-08-02,55383.99878787879,,
2021-08-03,55838.47515151516,,
2021-08-04,55580.37151515151,,
2021-08-05,55918.11151515152,,
2021-08-06,56018.34666666667,,
2021-08-09,55969.9903030303,,
2021-08-10,56025.5503030303,,
2021-08-11,56166.08181818182,,
2021-08-12,56346.66060606061,,
2021-08-13,56439.463636363645,,
2021-08-16,56588.97272727273,,
2021-08-17,56192.90363636364,,
2021-08-18,55599.57454545455,,
2021-08-19,55673.15454545454,,
2021-08-20,56129.128484848494,,
2021-08-23,56612.67151515151,,
2021-08-24,56697.63333333334,,
2021-08-25,56824.24424242424,,
2021-08-26,56495.3703030303,,
2021-08-27,56994.829090909094,,
2021-08-30,57243.900606060604,,
2021-08-31,57173.223636363626,,
2021-09-01,57194.87696969696,,
2021-09-02,57366.46484848485,,
2021-09-03,57348.71878787878,,
2021-09-07,57155.65454545455,,
2021-09-08,57082.25757575758,,
2021-09-09,56824.18424242425,,
2021-09-10,56388.08181818182,,
2021-09-13,56516.88484848485,,
2021-09-14,56205.99878787879,,
2021-09-15,56683.82181818181,,
2021-09-16,56597.644848484844,,
2021-09-17,56082.21575757576,,
2021-09-20,55130.450909090905,,
2021-09-21,55088.20242424243,,
2021-09-22,55612.59636363636,,
2021-09-23,56289.69575757576,,
2021-09-24,56372.678787878795,,
2021-09-27,56217.40727272727,,
2021-09-28,55075.54606060605,,
2021-09-29,55167.367878787874,,
2021-09-30,54514.1096969697,,
2021-10-01,55140.91818181819,,
2021-10-04,54428.101212121204,,
2021-10-05,55007.18424242424,,
2021-10-06,55233.05878787879,,
2021-10-07,55704.17696969697,,
2021-10-08,55598.42,,
2021-10-11,55216.72363636365,,
2021-10-12,55083.220606060604,,
2021-10-13,55250.840000000004,,
2021-10-14,56199.80363636364,,
2021-10-15,56619.08909090909,,
2021-10-18,56810.193333333336,,
2021-10-19,57231.056969696976,,
2021-10-20,57441.33818181817,,
2021-10-21,57617.649090909086,,
2021-10-22,57556.71757575757,,
2021-10-25,57830.24424242424,,
2021-10-26,57935.70606060606,,
2021-10-27,57644.04484848485,,
2021-10-28,58213.501212121206,,
2021-10-29,58333.46606060606,,
2021-11-01,58439.060000000005,,
2021-11-02,58654.214545454546,,
2021-11-03,59033.14909090909,,
2021-11-04,59287.76242424242,,
2021-11-05,59515.04666666667,,
2021-11-08,59568.54484848485,,
2021-11-09,59364.38909090909,,
2021-11-10,58889.23454545455,,
2021-11-11,58921.69757575757,,
2021-11-12,59352.82424242424,,
2021-11-15,59354.69696969697,,
2021-11-16,59587.33151515151,,
2021-11-17,59444.059393939395,,
2021-11-18,59650.58303030303,,
2021-11-19,59568.47939393939,,
2021-11-22,59383.60363636364,,
2021-11-23,59482.717575757575,,
2021-11-24,59621.792121212115,,
2021-11-26,58268.17696969697,,
2021-11-29,59041.09696969698,,
2021-11-30,57929.27575757576,,
2021-12-01,57249.7296969697,,
2021-12-02,58071.45272727272,,
2021-12-03,57583.53393939394,,
2021-12-06,58260.73212121212,,
2021-12-07,59467.861818181824,,
2021-12-08,59652.62666666666,,
2021-12-09,59231.46303030303,,
2021-12-10,59797.70848484849,,
2021-12-13,59252.65757575758,,
2021-12-14,58818.5206060606,,
2021-12-15,59781.3593939394,,
2021-12-16,59261.17575757576,,
2021-12-17,58654.75696969697,,
2021-12-20,57987.306666666664,,
2021-12-21,59022.58,,
2021-12-22,59629.67212121212,,
2021-12-23,60001.81515151514,,
2021-12-27,60834.35333333333,,
2021-12-28,60772.92666666667,,
2021-12-29,60858.24848484849,,
2021-12-30,60681.899999999994,,
2021-12-31,60525.44181818181,,
2022-01-03,60911.56545454545,,
2022-01-04,60877.25212121212,,
2022-01-05,59701.23212121212,,
2022-01-06,59648.02545454545,,
2022-01-07,59417.24242424242,,
2022-01-10,59331.652121212115,,
2022-01-11,59875.09272727273,,
2022-01-12,60044.70181818182,,
2022-01-13,59196.08727272728,,
2022-01-14,59245.63575757576,,
2022-01-18,58157.12666666667,,
2022-01-19,57594.7593939394,,
2022-01-20,56963.419393939395,,
2022-01-21,55886.555757575756,,
2022-01-24,56041.43696969697,,
2022-01-25,55359.59757575757,,
2022-01-26,55277.29575757576,,
2022-01-27,54983.28727272727,,
2022-01-28,56328.567878787886,,
2022-01-31,57393.4296969697,,
2022-02-01,57787.60424242424,,
2022-02-02,58332.6806060606,,
2022-02-03,56912.57575757576,,
2022-02-04,57215.65393939394,,
2022-02-07,57005.10727272726,,
2022-02-08,57484.556363636366,,
2022-02-09,58326.30969696969,,
2022-02-10,57277.077575757576,,
2022-02-11,56192.7406060606,,
2022-02-14,55980.958181818176,,
2022-02-15,56870.1096969697,,
2022-02-16,56927.83696969697,,
2022-02-17,55729.41636363636,,
2022-02-18,55338.250303030305,,
2022-02-22,54777.676969696964,,
2022-02-23,53769.410909090904,,
2022-02-24,54577.990303030296,,
2022-02-25,55805.171515151516,,
2022-02-28,55674.986666666664,,
2022-03-01,54814.975757575754,,
2022-03-02,55838.75636363636,,
2022-03-03,55552.307272727274,,
2022-03-04,55115.419393939395,,
2022-03-07,53489.230909090904,,
2022-03-08,53103.7096969697,,
2022-03-09,54476.667878787885,,
2022-03-10,54247.889696969694,,
2022-03-11,53547.867878787874,,
2022-03-14,53162.12606060605,,
2022-03-15,54301.45939393939,,
2022-03-16,55518.25393939394,,
2022-03-17,56207.08727272728,,
2022-03-18,56863.21878787878,,
2022-03-21,56841.47939393939,,
2022-03-22,57483.97515151515,,
2022-03-23,56781.693333333336,,
2022-03-24,57601.12303030303,,
2022-03-25,57893.31757575758,,
2022-03-28,58307.03818181818,,
2022-03-29,59021.7896969697,,
2022-03-30,58656.36181818182,,
2022-03-31,57742.17272727274,,
2022-04-01,57939.11454545455,,
2022-04-04,58408.286060606064,,
2022-04-05,57684.47575757576,,
2022-04-06,57124.18,,
2022-04-07,57374.31151515151,,
2022-04-08,57223.25151515151,,
2022-04-11,56257.440606060605,,
2022-04-12,56067.0703030303,,
2022-04-13,56704.31818181818,,
2022-04-14,56015.64060606061,,
2022-04-18,56004.198181818174,,
2022-04-19,56904.3206060606,,
2022-04-20,56869.95636363636,,
2022-04-21,56035.52181818181,,
2022-04-22,54481.90484848485,,
2022-04-25,54793.087272727265,,
2022-04-26,53251.35696969697,,
2022-04-27,53363.62181818182,,
2022-04-28,54687.36666666666,,
2022-04-29,52706.94969696969,,
2022-05-02,53006.38424242425,,
2022-05-03,53262.79818181817,,
2022-05-04,54853.96424242424,,
2022-05-05,52904.310303030295,,
2022-05-06,52611.91878787879,,
2022-05-09,50930.28060606061,,
2022-05-10,51055.732727272734,,
2022-05-11,50217.08303030303,,
2022-05-12,50169.910909090904,,
2022-05-13,51373.14363636364,,
2022-05-16,51173.01636363636,,
2022-05-17,52207.95090909091,,
2022-05-18,50111.04242424243,,
2022-05-19,49824.03999999999,,
2022-05-20,49832.19212121212,,
2022-05-23,50762.82303030303,,
2022-05-24,50351.35151515152,,
2022-05-25,50827.975757575754,,
2022-05-26,51840.48848484848,,
2022-05-27,53132.31393939394,,
2022-05-31,52803.64666666666,,
2022-06-01,52413.84363636364,,
2022-06-02,53388.96484848485,,
2022-06-03,52520.00727272728,,
2022-06-06,52685.19393939395,,
2022-06-07,53188.41757575758,,
2022-06-08,52616.265454545464,,
2022-06-09,51369.16181818182,,
2022-06-10,49875.30909090909,,
2022-06-13,47941.98787878788,,
2022-06-14,47777.82363636364,,
2022-06-15,48476.47818181819,,
2022-06-16,46905.38484848484,,
2022-06-17,47009.66666666667,,
2022-06-21,48162.94727272727,,
2022-06-22,48101.04666666667,,
2022-06-23,48561.66848484849,,
2022-06-24,50046.80545454546,,
2022-06-27,49899.52303030303,,
2022-06-28,48894.29151515151,,
2022-06-29,48864.94666666667,,
2022-06-30,48445.03515151515,,
2022-07-01,48956.92060606061,,
2022-07-05,49043.33939393939,,
2022-07-06,49219.484242424245,,
2022-07-07,49961.76181818182,,
2022-07-08,49924.25575757577,,
2022-07-11,49349.59818181818,,
2022-07-12,48894.28727272727,,
2022-07-13,48677.34060606061,,
2022-07-14,48537.65696969697,,
2022-07-15,49469.710303030304,,
2022-07-18,49055.965454545454,,
2022-07-19,50413.30363636364,,
2022-07-20,50711.35151515151,,
2022-07-21,51216.02545454546,,
2022-07-22,50738.62848484849,,
2022-07-25,50805.35696969698,,
2022-07-26,50219.32666666666,,
2022-07-27,51533.43636363636,,
2022-07-28,52165.116363636356,,
2022-07-29,52911.88303030303,,
2022-08-01,52762.87212121212,,
2022-08-02,52411.56787878788,,
2022-08-03,53232.02121212121,,
2022-08-04,53195.31515151516,,
2022-08-05,53115.64666666667,,
2022-08-08,53050.865454545456,,
2022-08-09,52828.79151515151,,
2022-08-10,53955.89636363637,,
2022-08-11,53932.344848484856,,
2022-08-12,54873.56121212122,,
2022-08-15,55093.098181818175,,
2022-08-16,55199.193333333336,,
2022-08-17,54809.63151515152,,
2022-08-18,54942.36484848485,,
2022-08-19,54235.25757575757,,
2022-08-22,53080.26121212121,,
2022-08-23,52962.20060606061,,
2022-08-24,53117.69393939394,,
2022-08-25,53867.443636363634,,
2022-08-26,52054.21818181818,,
2022-08-29,51709.709696969694,,
2022-08-30,51143.55696969697,,
2022-08-31,50754.03696969697,,
2022-09-01,50914.90787878788,,
2022-09-02,50372.25393939394,,
2022-09-06,50168.56727272727,,
2022-09-07,51090.09151515152,,
2022-09-08,51434.12606060607,,
2022-09-09,52224.106666666674,,
2022-09-12,52776.80484848485,,
2022-09-13,50496.3696969697,,
2022-09-14,50681.2109090909,,
2022-09-15,50112.747272727276,,
2022-09-16,49753.609696969696,,
2022-09-19,50095.315151515155,,
2022-09-20,49531.1703030303,,
2022-09-21,48686.63090909091,,
2022-09-22,48278.54787878788,,
2022-09-23,47447.67393939394,,
2022-09-26,46957.156969696975,,
2022-09-27,46860.57272727273,,
2022-09-28,47785.130909090905,,
2022-09-29,46782.3696969697,,
2022-09-30,46079.66,,
2022-10-03,47272.71818181818,,
2022-10-04,48722.717575757575,,
2022-10-05,48629.12666666667,,
2022-10-06,48143.22727272727,,
2022-10-07,46796.60666666667,,
2022-10-10,46445.95212121212,,
2022-10-11,46143.9606060606,,
2022-10-12,45993.33818181818,,
2022-10-13,47193.67515151515,,
2022-10-14,46078.716969696965,,
2022-10-17,47298.94545454545,,
2022-10-18,47840.46909090909,,
2022-10-19,47521.17636363636,,
2022-10-20,47148.63818181818,,
2022-10-21,48268.1690909091,,
2022-10-24,48841.688484848484,,
2022-10-25,49636.47575757576,,
2022-10-26,49270.44181818182,,
2022-10-27,48971.635151515155,,
2022-10-28,50182.46242424242,,
2022-10-31,49810.33151515152,,
2022-11-01,49606.50545454546,,
2022-11-02,48366.47212121212,,
2022-11-03,47860.653333333335,,
2022-11-04,48522.69393939394,,
2022-11-07,48990.19151515151,,
2022-11-08,49264.83696969697,,
2022-11-09,48251.63696969696,,
2022-11-10,50930.19151515151,,
2022-11-11,51400.79454545455,,
2022-11-14,50953.03333333333,,
2022-11-15,51400.8296969697,,
2022-11-16,50988.45090909091,,
2022-11-17,50841.448484848486,,
2022-11-18,51084.90848484848,,
2022-11-21,50892.30909090909,,
2022-11-22,51584.72787878788,,
2022-11-23,51892.57515151516,,
2022-11-25,51879.335757575755,,
2022-11-28,51078.47818181818,,
2022-11-29,51001.61272727273,,
2022-11-30,52593.933333333334,,
2022-12-01,52556.99515151516,,
2022-12-02,52498.35878787878,,
2022-12-05,51559.63151515152,,
2022-12-06,50819.1703030303,,
2022-12-07,50725.7006060606,,
2022-12-08,51114.515757575755,,
2022-12-09,50740.965454545454,,
2022-12-12,51465.79272727272,,
2022-12-13,51843.05515151516,,
2022-12-14,51539.200000000004,,
2022-12-15,50258.44606060606,,
2022-12-16,49702.41636363636,,
2022-12-19,49257.97515151515,,
2022-12-20,49310.90606060606,,
2022-12-21,50051.07575757576,,
2022-12-22,49327.71090909091,,
2022-12-23,49618.5703030303,,
2022-12-27,49421.623636363634,,
2022-12-28,48827.9903030303,,
2022-12-29,49687.00303030303,,
2022-12-30,49563.760606060605,,
2023-01-03,49367.29696969697,,
2023-01-04,49741.96303030303,,
2023-01-05,49170.5903030303,,
2023-01-06,50294.627272727266,,
2023-01-09,50265.463030303035,,
2023-01-10,50616.2593939394,,
2023-01-11,51267.74484848485,,
2023-01-12,51448.994545454545,,
2023-01-13,51656.48727272728,,
2023-01-17,51551.707878787885,,
2023-01-18,50749.45636363636,,
2023-01-19,50368.154545454556,,
2023-01-20,51322.13515151515,,
2023-01-23,51931.958787878786,,
2023-01-24,51896.20666666667,,
2023-01-25,51887.29757575758,,
2023-01-26,52462.209696969694,,
2023-01-27,52594.008484848484,,
2023-01-30,51916.82424242424,,
2023-01-31,52678.04606060606,,
2023-02-01,53228.920000000006,,
2023-02-02,54014.25878787878,,
2023-02-03,53457.36909090908,,
2023-02-06,53132.729696969705,,
2023-02-07,53817.61333333333,,
2023-02-08,53222.99575757576,,
2023-02-09,52761.06303030303,,
2023-02-10,52887.6896969697,,
2023-02-13,53501.31030303031,,
2023-02-14,53492.8606060606,,
2023-02-15,53654.674545454545,,
2023-02-16,52919.69757575757,,
2023-02-17,52783.09696969696,,
2023-02-21,51725.60666666667,,
2023-02-22,51645.155757575754,,
2023-02-23,51924.66363636363,,
2023-02-24,51379.753939393944,,
2023-02-27,51544.02606060606,,
2023-02-28,51392.75696969696,,
2023-03-01,51153.003030303036,,
2023-03-02,51548.786060606064,,
2023-03-03,52385.54363636364,,
2023-03-06,52423.51151515152,,
2023-03-07,51621.46,,
2023-03-08,51698.997575757574,,
2023-03-09,50753.00787878788,,
2023-03-10,50022.144848484844,,
2023-03-13,49947.80545454545,,
2023-03-14,50782.78121212122,,
2023-03-15,50430.08242424242,,
2023-03-16,51323.210303030304,,
2023-03-17,50758.86666666667,,
2023-03-20,51211.97151515151,,
2023-03-21,51880.64363636364,,
2023-03-22,51030.43818181819,,
2023-03-23,51187.09636363636,,
2023-03-24,51476.03636363636,,
2023-03-27,51560.83696969697,,
2023-03-28,51480.93212121213,,
2023-03-29,52213.90060606061,,
2023-03-30,52519.37515151516,,
2023-03-31,53279.60242424243,,
2023-04-03,53476.699393939394,,
2023-04-04,53171.56181818181,,
2023-04-05,53045.71575757576,,
2023-04-06,53246.6793939394,,
2023-04-10,53300.936969696966,,
2023-04-11,53298.71454545454,,
2023-04-12,53079.46545454546,,
2023-04-13,53791.83818181818,,
2023-04-14,53680.681818181816,,
2023-04-17,53859.144242424234,,
2023-04-18,53905.17212121213,,
2023-04-19,53900.616363636356,,
2023-04-20,53585.55393939395,,
2023-04-21,53634.907878787875,,
2023-04-24,53680.624242424245,,
2023-04-25,52834.1303030303,,
2023-04-26,52631.458787878786,,
2023-04-27,53662.54666666666,,
2023-04-28,54111.21454545454,,
2023-05-01,54090.41757575758,,
2023-05-02,53464.20060606061,,
2023-05-03,53090.62848484848,,
2023-05-04,52713.184848484845,,
2023-05-05,53690.05454545455,,
2023-05-08,53715.208484848496,,
2023-05-09,53473.01818181819,,
2023-05-10,53714.256969696966,,
2023-05-11,53634.49818181818,,
2023-05-12,53561.720606060604,,
2023-05-15,53727.44909090909,,
2023-05-16,53387.5612121212,,
2023-05-17,54032.91696969698,,
2023-05-18,54553.03818181818,,
2023-05-19,54475.50666666666,,
2023-05-22,54490.23818181819,,
2023-05-23,53879.730909090904,,
2023-05-24,53486.436969696966,,
2023-05-25,53956.60727272728,,
2023-05-26,54664.4903030303,,
2023-05-30,54669.04303030302,,
2023-05-31,54346.41757575757,,
2023-06-01,54891.96666666667,,
2023-06-02,55692.98,,
2023-06-05,55582.369696969705,,
2023-06-06,55714.635151515155,,
2023-06-07,55503.8496969697,,
2023-06-08,55853.72545454545,,
2023-06-09,55919.39333333333,,
2023-06-12,56440.715151515156,,
2023-06-13,56834.23333333333,,
2023-06-14,56894.155757575754,,
2023-06-15,57597.16606060606,,
2023-06-16,57386.717575757575,,
2023-06-20,57115.30121212121,,
2023-06-21,56819.4393939394,,
2023-06-22,57035.356969696964,,
2023-06-23,56599.002424242426,,
2023-06-26,56346.19878787878,,
2023-06-27,56991.60666666667,,
2023-06-28,56971.53999999999,,
2023-06-29,57233.11878787879,,
2023-06-30,57937.37212121212,,
2023-07-03,58008.16727272727,,
2023-07-05,57901.16363636363,,
2023-07-06,57446.8206060606,,
2023-07-07,57291.52484848485,,
2023-07-10,57429.69030303031,,
2023-07-11,57817.8606060606,,
2023-07-12,58247.72606060606,,
2023-07-13,58747.2593939394,,
2023-07-14,58689.00303030302,,
2023-07-17,58915.30606060605,,
2023-07-18,59334.54303030303,,
2023-07-19,59475.48787878788,,
2023-07-20,59079.4,,
2023-07-21,59098.563636363644,,
2023-07-24,59337.94303030303,,
2023-07-25,59506.024242424246,,
2023-07-26,59497.610303030306,,
2023-07-27,59119.490303030296,,
2023-07-28,59709.17878787879,,
2023-07-31,59798.607272727284,,
2023-08-01,59640.67696969697,,
2023-08-02,58815.912121212124,,
2023-08-03,58668.83575757577,,
2023-08-04,58362.24121212122,,
2023-08-07,58890.389090909084,,
2023-08-08,58642.411515151514,,
2023-08-09,58234.71696969698,,
2023-08-10,58256.74121212122,,
2023-08-11,58202.71151515151,,
2023-08-14,58540.99636363636,,
2023-08-15,57873.74,,
2023-08-16,57445.686060606065,,
2023-08-17,57013.741212121204,,
2023-08-18,57009.069696969695,,
2023-08-21,57402.33393939394,,
2023-08-22,57243.7696969697,,
2023-08-23,57877.12969696969,,
2023-08-24,57099.83090909092,,
2023-08-25,57490.25212121213,,
2023-08-28,57851.13818181818,,
2023-08-29,58692.26121212121,,
2023-08-30,58927.00424242424,,
2023-08-31,58846.52181818183,,
2023-09-01,58955.41818181818,,
2023-09-05,58710.6503030303,,
2023-09-06,58302.9309090909,,
2023-09-07,58123.609696969696,,
2023-09-08,58210.74424242425,,
2023-09-11,58602.18424242424,,
2023-09-12,58270.67393939394,,
2023-09-13,58343.48484848484,,
2023-09-14,58851.76121212121,,
2023-09-15,58138.55393939393,,
2023-09-18,58181.38909090909,,
2023-09-19,58056.152727272725,,
2023-09-20,57514.63757575757,,
2023-09-21,56573.24363636364,,
2023-09-22,56444.24242424242,,
2023-09-25,56672.12848484849,,
2023-09-26,55840.736969696976,,
2023-09-27,55854.67636363636,,
2023-09-28,56191.23757575758,,
2023-09-29,56040.84303030304,,
2023-10-02,56045.54424242425,,
2023-10-03,55279.62,,
2023-10-04,55728.10666666667,,
2023-10-05,55665.501212121206,,
2023-10-06,56332.25878787879,,
2023-10-09,56687.30484848485,,
2023-10-10,56983.71393939394,,
2023-10-11,57231.088484848486,,
2023-10-12,56879.73272727272,,
2023-10-13,56594.481212121216,,
2023-10-16,57195.79878787879,,
2023-10-17,57190.06,,
2023-10-18,56423.784848484844,,
2023-10-19,55949.87272727273,,
2023-10-20,55247.52666666666,,
2023-10-23,55154.45575757575,,
2023-10-24,55556.347272727275,,
2023-10-25,54759.98242424242,,
2023-10-26,54112.91090909091,,
2023-10-27,53854.18666666667,,
2023-10-30,54505.833939393946,,
2023-10-31,54862.498181818184,,
2023-11-01,55439.07272727273,,
2023-11-02,56488.26909090909,,
2023-11-03,57021.56181818181,,
2023-11-06,57123.29575757576,,
2023-11-07,57286.56606060606,,
2023-11-08,57346.98484848485,,
2023-11-09,56894.46848484848,,
2023-11-10,57791.71212121212,,
2023-11-13,57746.98303030303,,
2023-11-14,58860.67212121212,,
2023-11-15,58965.50424242424,,
2023-11-16,59049.7903030303,,
2023-11-17,59126.77696969697,,
2023-11-20,59569.82363636363,,
2023-11-21,59450.87757575758,,
2023-11-22,59695.376363636366,,
2023-11-24,59732.350909090914,,
2023-11-27,59616.67939393939,,
2023-11-28,59675.33636363637,,
2023-11-29,59629.207272727275,,
2023-11-30,59872.83757575758,,
2023-12-01,60229.62848484848,,
2023-12-04,59904.055757575756,,
2023-12-05,59872.55818181819,,
2023-12-06,59640.27272727273,,
2023-12-07,60125.06424242424,,
2023-12-08,60372.742424242424,,
2023-12-11,60609.936969696966,,
2023-12-12,60891.17636363636,,
2023-12-13,61723.51818181818,,
2023-12-14,61901.17575757575,,
2023-12-15,61899.90666666666,,
2023-12-18,62180.88909090909,,
2023-12-19,62550.693333333336,,
2023-12-20,61639.429696969695,,
2023-12-21,62274.540606060604,,
2023-12-22,62377.99818181818,,
2023-12-26,62642.279393939396,,
2023-12-27,62736.962424242425,,
2023-12-28,62767.23030303031,,
2023-12-29,62592.89757575758,,
2024-01-02,62240.54363636365,,
2024-01-03,61744.20848484849,,
2024-01-04,61540.577575757576,,
2024-01-05,61653.04787878788,,
2024-01-08,62524.3412121212,,
2024-01-09,62440.77696969697,,
2024-01-10,62795.5903030303,,
2024-01-11,62755.667272727274,,
2024-01-12,62808.17090909091,,
2024-01-16,62574.70242424242,,
2024-01-17,62224.52060606061,,
2024-01-18,62777.51393939394,,
2024-01-19,63554.19090909092,,
2024-01-22,63693.57212121211,,
2024-01-23,63881.08121212121,,
2024-01-24,63933.59393939394,,
2024-01-25,64273.503030303036,,
2024-01-26,64231.67454545455,,
2024-01-29,64718.2006060606,,
2024-01-30,64684.53272727272,,
2024-01-31,63644.72545454545,,
2024-02-01,64443.27515151515,,
2024-02-02,65134.83878787879,,
2024-02-05,64927.952121212125,,
2024-02-06,65079.79454545455,,
2024-02-07,65617.05333333333,,
2024-02-08,65662.7896969697,,
2024-02-09,66046.12606060605,,
2024-02-12,65984.30787878788,,
2024-02-13,65089.76484848485,,
2024-02-14,65725.5496969697,,
2024-02-15,66123.09333333334,,
2024-02-16,65815.91696969696,,
2024-02-20,65423.02545454545,,
2024-02-21,65508.66181818183,,
2024-02-22,66895.9006060606,,
2024-02-23,66920.58121212121,,
2024-02-26,66669.69030303031,,
2024-02-27,66784.45575757575,,
2024-02-28,66680.02121212121,,
2024-02-29,67043.07393939394,,
2024-03-01,67583.90727272726,,
2024-03-04,67505.62424242424,,
2024-03-05,66819.13272727272,,
2024-03-06,67167.58242424241,,
2024-03-07,67869.04787878788,,
2024-03-08,67430.69696969698,,
2024-03-11,67355.20424242425,,
2024-03-12,68111.89818181818,,
2024-03-13,67983.65575757576,,
2024-03-14,67805.12363636364,,
2024-03-15,67367.78969696969,,
2024-03-18,67794.16606060605,,
2024-03-19,68177.17090909091,,
2024-03-20,68793.26727272727,,
2024-03-21,69017.51818181819,,
2024-03-22,68924.17575757575,,
2024-03-25,68713.57272727272,,
2024-03-26,68521.28666666668,,
2024-03-27,69120.87878787878,,
2024-03-28,69200.15757575758,,
2024-04-01,69061.08,,
2024-04-02,68563.04606060605,,
2024-04-03,68641.09575757576,,
2024-04-04,67802.97212121212,,
2024-04-05,68555.77818181818,,
2024-04-08,68531.26,,
2024-04-09,68640.18606060607,,
2024-04-10,67992.31393939393,,
2024-04-11,68500.15696969697,,
2024-04-12,67511.41454545455,,
2024-04-15,66700.65636363636,,
2024-04-16,66563.59272727273,,
2024-04-17,66178.73999999999,,
2024-04-18,66036.79272727272,,
2024-04-19,65461.58,,
2024-04-22,66033.13575757576,,
2024-04-23,66824.59818181818,,
2024-04-24,66839.14545454546,,
2024-04-25,66534.53393939394,,
2024-04-26,67214.93151515152,,
2024-04-29,67432.00606060607,,
2024-04-30,66373.70787878787,,
2024-05-01,66146.1109090909,,
2024-05-02,66750.9909090909,,
2024-05-03,67592.46666666666,,
2024-05-06,68292.30424242424,,
2024-05-07,68387.60666666666,,
2024-05-08,68387.36,,
2024-05-09,68748.7709090909,,
2024-05-10,68872.9509090909,,
2024-05-13,68857.35393939394,,
2024-05-14,69200.75393939394,,
2024-05-15,70024.50181818182,,
2024-05-16,69893.0696969697,,
2024-05-17,69977.43212121211,,
2024-05-20,70047.53575757575,,
2024-05-21,70224.56242424242,,
2024-05-22,70035.40666666666,,
2024-05-23,69521.07878787878,,
2024-05-24,70009.46424242425,,
2024-05-28,70026.97575757574,,
2024-05-29,69511.87878787878,,
2024-05-30,69103.64969696969,,
2024-05-31,69664.82666666668,,
2024-06-03,69750.82909090909,,
2024-06-04,69859.42424242424,,
2024-06-05,70688.17878787879,,
2024-06-06,70674.95999999999,,
2024-06-07,70609.03393939394,,
2024-06-10,70797.23090909091,,
2024-06-11,70989.67393939395,,
2024-06-12,71595.0,,
2024-06-13,71763.77333333333,,
2024-06-14,71753.13333333333,,
2024-06-17,72311.97454545455,,
2024-06-18,72496.55212121212,,
2024-06-20,72313.95757575757,,
2024-06-21,72204.73878787878,,
2024-06-24,71988.11636363636,,
2024-06-25,72271.22303030304,,
2024-06-26,72385.02303030304,,
2024-06-27,72451.54363636364,,
2024-06-28,72164.54666666668,,
2024-07-01,72359.88,,
2024-07-02,72808.49151515152,,
2024-07-03,73180.7696969697,,
2024-07-05,73591.12363636364,,
2024-07-08,73668.32787878788,,
2024-07-09,73724.64848484848,,
2024-07-10,74486.13636363637,,
2024-07-11,73836.20545454546,,
2024-07-12,74243.56909090909,,
2024-07-15,74460.91696969696,,
2024-07-16,74936.69757575757,,
2024-07-17,73893.89212121212,,
2024-07-18,73316.64121212122,,
2024-07-19,72797.61757575758,,
2024-07-22,73586.34242424242,,
2024-07-23,73471.69636363637,,
2024-07-24,71771.85636363635,,
2024-07-25,71403.45212121213,,
2024-07-26,72200.25090909092,,
2024-07-29,72259.9096969697,,
2024-07-30,71901.82666666668,,
2024-07-31,73042.9606060606,,
2024-08-01,72045.71575757576,,
2024-08-02,70722.33030303029,,
2024-08-05,68605.82666666666,,
2024-08-06,69317.08242424243,,
2024-08-07,68783.29393939395,,
2024-08-08,70368.7096969697,,
2024-08-09,70706.0296969697,,
2024-08-12,70718.69939393939,,
2024-08-13,71910.85454545454,,
2024-08-14,72188.02181818182,,
2024-08-15,73373.83212121212,,
2024-08-16,73530.16424242425,,
2024-08-19,74252.98606060607,,
2024-08-20,74107.87454545454,,
2024-08-21,74425.33636363636,,
2024-08-22,73761.88727272728,,
2024-08-23,74609.87090909091,,
2024-08-26,74376.26424242425,,
2024-08-27,74500.82424242425,,
2024-08-28,74055.94484848485,,
2024-08-29,74056.86727272726,,
2024-08-30,74814.7418181818,,
2024-09-03,73239.78969696969,,
2024-09-04,73125.39818181818,,
2024-09-05,72907.38606060605,,
2024-09-06,71658.00242424243,,
2024-09-09,72495.42303030303,,
2024-09-10,72821.66242424243,,
2024-09-11,73599.08424242424,,
2024-09-12,74151.88242424243,,
2024-09-13,74565.2303030303,,
2024-09-16,74674.00303030302,,
2024-09-17,74695.42727272728,,
2024-09-18,74480.38606060605,,
2024-09-19,75749.04848484849,,
2024-09-20,75602.68242424242,,
2024-09-23,75815.84303030305,,
2024-09-24,76006.59818181819,,
2024-09-25,75865.56727272728,,
2024-09-26,76176.53454545453,,
2024-09-27,76083.49757575757,,
2024-09-30,76412.56787878789,,
2024-10-01,75702.25272727273,,
2024-10-02,75717.29575757576,,
2024-10-03,75590.22242424241,,
2024-10-04,76284.30666666666,,
2024-10-07,75554.00060606061,,
2024-10-08,76286.39272727273,,
2024-10-09,76831.26,,
2024-10-10,76683.86242424243,,
2024-10-11,77148.62666666666,,
2024-10-14,77743.21454545454,,
2024-10-15,77158.1696969697,,
2024-10-16,77520.25757575758,,
2024-10-17,77507.77393939394,,
2024-10-18,77820.0012121212,,
2024-10-21,77681.14121212122,,
2024-10-22,77644.5993939394,,
2024-10-23,76932.21575757576,,
2024-10-24,77097.2509090909,,
2024-10-25,77074.7896969697,,
2024-10-28,77280.13333333333,,
2024-10-29,77404.86545454545,,
2024-10-30,77149.86181818182,,
2024-10-31,75719.61454545455,,
2024-11-01,76032.7387878788,,
2024-11-04,75822.63333333335,,
2024-11-05,76753.47878787879,,
2024-11-06,78695.34181818181,,
2024-11-07,79282.00606060607,,
2024-11-08,79596.79212121211,,
2024-11-11,79673.92121212122,,
2024-11-12,79448.19151515151,,
2024-11-13,79470.14606060606,,
2024-11-14,78998.71393939394,,
2024-11-15,77966.16545454544,,
2024-11-18,78283.63454545454,,
2024-11-19,78594.89030303029,,
2024-11-20,78599.08121212121,,
2024-11-21,79030.80424242424,,
2024-11-22,79308.2187878788,,
2024-11-25,79548.26363636364,,
2024-11-26,80008.90363636364,,
2024-11-27,79709.56424242424,,
2024-11-29,80164.44242424241,,
2024-12-02,80370.15212121212,,
2024-12-03,80408.05696969698,,
2024-12-04,80896.22787878787,,
2024-12-05,80749.94848484849,,
2024-12-06,80960.57757575758,,
2024-12-09,80474.50727272728,,
2024-12-10,80237.60909090909,,
2024-12-11,80893.97515151516,,
2024-12-12,80455.98363636364,,
2024-12-13,80463.97272727273,,
2024-12-16,80780.45878787879,,
2024-12-17,80469.99818181817,,
2024-12-18,78098.23393939393,,
2024-12-19,78030.83212121212,,
2024-12-20,78882.81515151515,,
2024-12-23,79462.41575757577,,
2024-12-24,80339.79696969698,,
2024-12-26,80313.72181818182,,
2024-12-27,79432.6503030303,,
2024-12-30,78583.14303030304,,
2024-12-31,78253.46545454545,,
2025-01-02,78082.29333333333,,
2025-01-03,79072.0296969697,,
2025-01-06,79515.97636363636,,
2025-01-07,78633.8690909091,,
2025-01-08,78758.38424242425,,
2025-01-10,77559.95090909091,,
2025-01-13,77682.18484848485,,
2025-01-14,77771.42606060606,,
2025-01-15,79203.42181818181,,
2025-01-16,79037.5393939394,,
2025-01-17,79828.79393939395,,
2025-01-21,80530.78121212122,,
2025-01-22,81026.42909090909,,
2025-01-23,81458.23575757575,,
2025-01-24,81233.3684848485,,
2025-01-27,80049.65454545454,,
2025-01-28,80787.57090909091,,
2025-01-29,80410.02787878788,,
2025-01-30,80835.45818181818,,
2025-01-31,80432.6212121212,,
2025-02-03,79825.5193939394,,
2025-02-04,80402.74545454545,,
2025-02-05,80717.74848484849,,
2025-02-06,81011.87515151515,,
2025-02-07,80250.52545454545,,
2025-02-10,80800.90848484849,,
2025-02-11,80830.32363636362,,
2025-02-12,80618.80000000002,,
2025-02-13,81460.19818181818,,
2025-02-14,81473.31818181818,,
2025-02-18,81684.97757575758,,
2025-02-19,81880.54,,
2025-02-20,81536.59757575757,,
2025-02-21,80148.15696969697,,
2025-02-24,79752.7696969697,,
2025-02-25,79380.89818181818,,
2025-02-26,79393.4090909091,,
2025-02-27,78134.54000000001,,
2025-02-28,79383.12666666666,,
2025-03-03,77993.6587878788,,
2025-03-04,77041.59515151515,,
2025-03-05,77902.99333333332,,
2025-03-06,76517.04181818182,,
2025-03-07,76950.91212121211,,
2025-03-10,74889.01575757575,,
2025-03-11,74323.07333333333,,
2025-03-12,74687.8593939394,,
2025-03-13,73656.54969696971,,
2025-03-14,75238.08303030302,,
2025-03-17,75726.15878787878,,
2025-03-18,74922.15272727273,,
2025-03-19,75731.78181818181,,
2025-03-20,75575.55393939394,,
2025-03-21,75639.96242424242,,
2025-03-24,76975.2109090909,,
2025-03-25,77099.46424242425,,
2025-03-26,76239.29575757576,,
2025-03-27,75987.42545454545,,
2025-03-28,74490.04848484849,,
2025-03-31,74910.34242424242,,
2025-04-01,75195.48606060605,,
2025-04-02,75703.60909090909,,
2025-04-03,72043.34909090909,,
2025-04-04,67748.33393939394,,
2025-04-07,67591.25696969696,,
2025-04-08,66530.30606060606,,
2025-04-09,72861.90424242425,,
2025-04-10,70352.81999999999,,
2025-04-11,71627.43454545455,,
2025-04-14,72196.64484848485,,
2025-04-15,72078.75090909092,,
2025-04-16,70465.39515151514,,
2025-04-17,70559.98303030302,,
2025-04-21,68902.93636363637,,
2025-04-22,70635.32060606062,,
2025-04-23,71813.6387878788,,
2025-04-24,73268.51636363637,,
2025-04-25,73809.04242424242,,
2025-04-28,73857.67636363638,,
2025-04-29,74286.49515151515,,
2025-04-30,74402.38,,
2025-05-01,74871.96424242425,,
2025-05-02,75976.96666666667,,
2025-05-05,75495.9703030303,,
2025-05-06,74916.10545454545,,
2025-05-07,75242.33090909092,,
2025-05-08,75678.77333333333,,
2025-05-09,75638.26181818183,,
2025-05-12,78109.8703030303,,
2025-05-13,78678.11939393939,,
2025-05-14,78762.32666666668,,
2025-05-15,79107.38909090908,,
2025-05-16,79672.0096969697,,
2025-05-19,79753.3890909091,,
2025-05-20,79445.5612121212,,
2025-05-21,78166.2109090909,,
2025-05-22,78133.04000000001,,
2025-05-23,77613.55212121212,,
2025-05-27,79208.02727272728,,
2025-05-28,78767.66909090908,,
2025-05-29,79084.89757575757,,
2025-05-30,79085.61636363636,,
2025-06-02,79419.66181818182,,
2025-06-03,79881.48787878788,,
2025-06-04,79890.75393939394,,
2025-06-05,79475.60545454545,,
2025-06-06,80301.89636363636,,
2025-06-09,80382.61818181818,,
2025-06-10,80825.99454545455,,
2025-06-11,80605.28242424244,,
2025-06-12,80914.23030303032,,
2025-06-13,80013.6793939394,,
2025-06-16,80778.35636363637,,
2025-06-17,80106.16121212122,,
2025-06-18,80084.1006060606,,
2025-06-20,79914.20727272726,,
2025-06-23,80683.3496969697,,
2025-06-24,81582.44060606061,,
2025-06-25,81582.82424242423,,
2025-06-26,82238.10484848486,,
2025-06-27,82673.33151515151,,
2025-06-30,83107.32909090909,,
2025-07-01,83016.24848484849,,
2025-07-02,83412.33575757575,,
2025-07-03,84121.06787878787,,
2025-07-07,83461.27454545455,,
2025-07-08,83402.00484848484,,
2025-07-09,83908.58787878788,,
2025-07-10,84150.83939393939,,
2025-07-11,83873.40909090909,,
2025-07-14,83991.62121212122,,
2025-07-15,83667.1806060606,,
2025-07-16,83934.37333333332,,
2025-07-17,84386.35333333333,,
2025-07-18,84383.93454545455,,
2025-07-21,84504.00969696969,,
2025-07-22,84559.72,,
2025-07-23,85221.35393939394,,
2025-07-24,85281.49878787878,,
2025-07-25,85624.99454545455,,
2025-07-28,85640.03212121212,,
2025-07-29,85387.0509090909,,
2025-07-30,85280.86606060606,,
2025-07-31,84972.50545454546,,
2025-08-01,83617.14727272726,,
2025-08-04,84852.66060606061,,
2025-08-05,84441.69878787879,,
2025-08-06,85056.68303030303,,
2025-08-07,84990.00848484848,,
2025-08-08,85660.74,,
2025-08-11,85454.73272727273,,
2025-08-12,86426.82303030303,,
2025-08-13,86708.86727272728,,
2025-08-14,86738.22727272726,,
2025-08-15,86506.4696969697,,
2025-08-18,86504.38363636364,,
2025-08-19,86004.8496969697,,
2025-08-20,85797.88424242425,,
2025-08-21,85465.36424242423,,
2025-08-22,86766.98848484848,,
2025-08-25,86398.5206060606,,
2025-08-26,86761.22545454546,,
2025-08-27,86968.84545454546,,
2025-08-28,87245.50363636363,,
2025-08-29,86695.02606060606,,
2025-09-02,86112.10181818182,,
2025-09-03,86552.9,,
2025-09-04,87283.10484848484,,
2025-09-05,87018.8484848485,,
2025-09-08,87206.8193939394,,
2025-09-09,87443.96121212121,,
2025-09-10,87707.31696969697,,
2025-09-11,88452.37575757576,,
2025-09-12,88413.21212121213,,
2025-09-15,88849.28363636363,,
2025-09-16,88738.01575757576,,
2025-09-17,88653.33151515151,,
2025-09-18,89079.29636363637,,
2025-09-19,89514.74666666667,,
2025-09-22,89916.76121212122,,
2025-09-23,89421.97939393939,,
2025-09-24,89167.99454545454,,
2025-09-25,88722.29515151515,,
2025-09-26,89248.39333333333,,
2025-09-29,89484.37454545454,,
2025-09-30,89859.40303030303,,
2025-10-01,90169.44363636363,,
2025-10-02,90226.20969696969,,
2025-10-03,90241.47151515153,,
2025-10-06,90577.12969696969,,
2025-10-07,90232.56303030302,,
2025-10-08,90758.39151515151,,
2025-10-09,90511.3806060606,,
2025-10-10,88069.16242424243,,
2025-10-13,89442.86181818183,,
2025-10-14,89304.30424242423,,
2025-10-15,89670.66242424243,,
2025-10-16,89106.51515151515,,
2025-10-17,89577.91878787879,,
2025-10-20,90535.07878787878,,
2025-10-21,90538.35393939394,,
2025-10-22,90056.55696969696,,
2025-10-23,90582.61757575758,,
2025-10-24,91302.51272727273,,
2025-10-27,92425.11818181818,,
2025-10-28,92636.99939393939,,
2025-10-29,92633.54545454546,,
2025-10-30,91716.56484848485,,
2025-10-31,91963.33575757575,,
2025-11-03,92127.27333333332,,
2025-11-04,91046.98606060605,,
2025-11-05,91380.06909090909,,
2025-11-06,90359.25636363636,,
2025-11-07,90482.58545454545,,
