Date,Total Return Index
1983-03-31,100.0
1983-04-04,100.512120177535
1983-04-05,101.433936497098
1983-04-06,102.08262205530897
1983-04-07,103.00443837487198
1983-04-08,103.72140662342095
1983-04-11,103.31171048139298
1983-04-12,105.25776715602595
1983-04-13,105.22362581085696
1983-04-14,104.77978832365994
1983-04-15,104.06282007511096
1983-04-18,104.98463639467394
1983-04-19,104.98463639467394
1983-04-20,104.81392966882895
1983-04-21,104.74564697849095
1983-04-22,104.98463639467394
1983-04-25,105.29190850119494
1983-04-26,104.84807101399795
1983-04-27,105.08706043018094
1983-04-28,104.95049504950495
1983-04-29,104.57494025264596
1983-05-02,104.50665756230795
1983-05-03,104.13110276544897
1983-05-04,103.85797200409696
1983-05-05,103.10686241037897
1983-05-06,103.96039603960396
1983-05-09,102.76544895868898
1983-05-10,103.48241720723796
1983-05-11,102.32161147149196
1983-05-12,101.468077842267
1983-05-13,101.74120860361899
1983-05-16,102.83373164902699
1983-05-17,102.11676340047798
1983-05-18,101.57050187777399
1983-05-19,102.25332878115398
1983-05-20,103.44827586206897
1983-05-23,103.34585182656197
1983-05-24,102.59474223284397
1983-05-25,103.27756913622397
1983-05-26,103.48241720723796
1983-05-27,103.07272106520998
1983-05-31,103.27756913622397
1983-06-01,103.55069989757597
1983-06-02,103.78968931375896
1983-06-03,103.65312393308297
1983-06-06,103.61898258791398
1983-06-07,104.43837487196997
1983-06-08,104.47251621713896
1983-06-09,104.09696142027995
1983-06-10,105.05291908501195
1983-06-13,105.83817002389895
1983-06-14,105.83817002389895
1983-06-15,106.86241037896893
1983-06-16,107.88665073403894
1983-06-17,107.20382383065892
1983-06-20,107.27210652099694
1983-06-21,106.45271423694093
1983-06-22,105.66746329805395
1983-06-23,106.17958347558896
1983-06-24,106.52099692727894
1983-06-27,106.52099692727894
1983-06-28,106.65756230795493
1983-06-29,106.52099692727894
1983-06-30,107.13554114032094
1983-07-01,107.03311710481394
1983-07-05,106.75998634346193
1983-07-06,106.52099692727894
1983-07-07,107.20382383065892
1983-07-08,107.20382383065892
1983-07-11,108.02321611471493
1983-07-12,108.2963468760669
1983-07-13,108.80846705360192
1983-07-14,108.74018436326392
1983-07-15,108.22806418572893
1983-07-18,108.22806418572893
1983-07-19,107.95493342437692
1983-07-20,108.05735745988392
1983-07-21,107.57937862751794
1983-07-22,107.40867190167293
1983-07-25,107.20382383065892
1983-07-26,107.64766131785592
1983-07-27,108.33048822123592
1983-07-28,108.63776032775692
1983-07-29,109.2523045407989
1983-08-01,109.6620006828269
1983-08-02,109.93513144417892
1983-08-03,109.93513144417892
1983-08-04,109.73028337316491
1983-08-05,109.7644247183339
1983-08-08,109.42301126664391
1983-08-09,109.0474564697849
1983-08-10,109.73028337316491
1983-08-11,109.0815978149539
1983-08-12,109.21816319562991
1983-08-15,109.2523045407989
1983-08-16,109.18402185046092
1983-08-17,108.80846705360192
1983-08-18,108.2963468760669
1983-08-22,107.64766131785592
1983-08-23,108.05735745988392
1983-08-24,107.78422669853191
1983-08-25,108.33048822123592
1983-08-26,108.56947763741891
1983-08-29,108.09149880505294
1983-08-30,108.15978149539092
1983-08-31,107.85250938886992
1983-09-01,107.88665073403894
1983-09-02,107.78422669853191
1983-09-06,107.06725844998293
1983-09-07,107.13554114032094
1983-09-08,106.99897575964495
1983-09-09,106.55513827244793
1983-09-12,106.35029020143394
1983-09-13,106.62342096278594
1983-09-14,107.20382383065892
1983-09-15,107.47695459201093
1983-09-16,107.71594400819393
1983-09-19,107.37453055650393
1983-09-20,106.96483441447593
1983-09-21,107.16968248548993
1983-09-22,106.86241037896893
1983-09-23,106.86241037896893
1983-09-26,106.58927961761692
1983-09-27,106.21372482075795
1983-09-28,105.01877773984296
1983-09-29,104.47251621713896
1983-09-30,103.65312393308297
1983-10-03,102.15090474564698
1983-10-04,103.03857972004099
1983-10-05,103.10686241037897
1983-10-06,103.31171048139298
1983-10-07,104.02867872994194
1983-10-10,105.32604984636396
1983-10-11,104.37009218163196
1983-10-12,104.19938545578695
1983-10-13,104.67736428815296
1983-10-14,104.30180949129397
1983-10-17,104.50665756230795
1983-10-18,104.74564697849095
1983-10-19,103.51655855240698
1983-10-20,103.44827586206897
1983-10-21,103.55069989757597
1983-10-24,103.92625469443497
1983-10-25,103.89211334926595
1983-10-26,103.20928644588597
1983-10-27,103.48241720723796
1983-10-28,103.31171048139298
1983-10-31,103.68726527825196
1983-11-01,103.72140662342095
1983-11-02,103.61898258791398
1983-11-03,103.85797200409696
1983-11-04,103.99453738477295
1983-11-07,103.75554796858997
1983-11-08,103.72140662342095
1983-11-09,103.72140662342095
1983-11-10,103.31171048139298
1983-11-11,102.90201433936497
1983-11-14,102.93615568453396
1983-11-15,103.00443837487198
1983-11-16,102.25332878115398
1983-11-21,99.487879822465
1983-11-22,99.14646637077502
1983-11-23,99.65858654831001
1983-11-28,101.36565380676
1983-11-29,100.34141345169002
1983-11-30,99.795151928986
1983-12-01,99.96585865483101
1983-12-02,100.307272106521
1983-12-05,100.03414134516902
1983-12-06,100.0
1983-12-07,99.21474906111301
1983-12-08,99.931717309662
1983-12-09,100.06828269033801
1983-12-12,99.931717309662
1983-12-13,99.726869238648
1983-12-14,99.96585865483101
1983-12-15,99.385455786958
1983-12-16,97.54182314783203
1983-12-19,96.89313758962102
1983-12-20,98.19050870604302
1983-12-21,98.60020484807102
1983-12-22,99.283031751451
1983-12-23,100.512120177535
1983-12-27,101.911915329464
1983-12-28,102.35575281666098
1983-12-29,101.263229771253
1983-12-30,101.058381700239
1984-01-03,100.375554796859
1984-01-04,100.716968248549
1984-01-05,100.03414134516902
1984-01-06,99.62444520314101
1984-01-09,100.614544213042
1984-01-10,100.546261522704
1984-01-11,100.580402867873
1984-01-12,100.751109593718
1984-01-13,100.99009900990099
1984-01-16,101.468077842267
1984-01-17,100.955957664732
1984-01-18,101.70706725844998
1984-01-23,100.78525093888699
1984-01-24,101.39979515192898
1984-01-25,101.67292591328099
1984-01-26,102.25332878115398
1984-01-27,102.90201433936497
1984-01-30,102.04848071013998
1984-01-31,102.35575281666098
1984-02-01,103.44827586206897
1984-02-02,103.07272106520998
1984-02-03,102.79959030385797
1984-02-06,102.97029702970298
1984-02-07,102.56060088767498
1984-02-08,102.56060088767498
1984-02-09,101.84363263912597
1984-02-10,101.84363263912597
1984-02-13,101.160805735746
1984-02-14,101.53636053260497
1984-02-15,101.84363263912597
1984-02-16,102.11676340047798
1984-02-21,101.70706725844998
1984-02-22,101.70706725844998
1984-02-23,102.15090474564698
1984-02-24,102.76544895868898
1984-02-27,105.12120177534996
1984-02-28,103.96039603960396
1984-02-29,104.30180949129397
1984-03-01,104.91635370433596
1984-03-02,104.81392966882895
1984-03-05,105.08706043018094
1984-03-06,104.91635370433596
1984-03-07,104.98463639467394
1984-03-08,105.15534312051895
1984-03-09,105.80402867872994
1984-03-12,105.53089791737796
1984-03-13,105.36019119153295
1984-03-14,105.53089791737796
1984-03-15,105.32604984636396
1984-03-16,104.60908159781496
1984-03-19,104.09696142027995
1984-03-20,104.19938545578695
1984-03-21,103.85797200409696
1984-03-22,104.30180949129397
1984-03-23,104.50665756230795
1984-03-26,104.43837487196997
1984-03-27,104.88221235916694
1984-03-28,104.64322294298395
1984-03-29,105.36019119153295
1984-03-30,105.32604984636396
1984-04-02,105.15534312051895
1984-04-03,105.32604984636396
1984-04-04,105.18948446568794
1984-04-05,105.08706043018094
1984-04-06,104.98463639467394
1984-04-09,104.88221235916694
1984-04-10,105.08706043018094
1984-04-11,105.15534312051895
1984-04-12,104.81392966882895
1984-04-13,104.74564697849095
1984-04-16,104.77978832365994
1984-04-17,104.67736428815296
1984-04-23,104.37009218163196
1984-04-24,104.57494025264596
1984-04-25,104.30180949129397
1984-04-26,104.06282007511096
1984-04-27,103.89211334926595
1984-04-30,103.31171048139298
1984-05-01,103.41413451689996
1984-05-02,103.00443837487198
1984-05-03,102.97029702970298
1984-05-04,103.27756913622397
1984-05-07,102.97029702970298
1984-05-08,103.17514510071697
1984-05-09,103.58484124274496
1984-05-10,103.58484124274496
1984-05-11,103.65312393308297
1984-05-14,104.43837487196997
1984-05-15,104.47251621713896
1984-05-16,105.76988733356094
1984-05-17,104.91635370433596
1984-05-18,104.98463639467394
1984-05-21,105.59918060771594
1984-05-22,104.71150563332196
1984-05-23,104.47251621713896
1984-05-24,104.98463639467394
1984-05-25,105.42847388187096
1984-05-29,104.84807101399795
1984-05-30,105.18948446568794
1984-05-31,105.25776715602595
1984-06-01,104.81392966882895
1984-06-04,104.98463639467394
1984-06-05,104.91635370433596
1984-06-06,104.30180949129397
1984-06-07,103.78968931375896
1984-06-08,103.68726527825196
1984-06-11,102.93615568453396
1984-06-12,103.00443837487198
1984-06-13,102.76544895868898
1984-06-14,103.03857972004099
1984-06-15,102.52645954250599
1984-06-18,101.70706725844998
1984-06-19,101.98019801980197
1984-06-20,101.53636053260497
1984-06-21,100.17070672584501
1984-06-22,99.89757596449302
1984-06-25,100.88767497439399
1984-06-26,100.23898941618299
1984-06-27,99.86343461932401
1984-06-28,100.92181631956298
1984-06-29,101.57050187777399
1984-07-02,101.02424035506998
1984-07-03,100.716968248549
1984-07-05,100.955957664732
1984-07-06,101.22908842608398
1984-07-09,100.614544213042
1984-07-10,100.375554796859
1984-07-11,100.204848071014
1984-07-12,99.283031751451
1984-07-13,98.83919426425402
1984-07-16,98.60020484807102
1984-07-17,98.97575964493001
1984-07-18,98.39535677705702
1984-07-23,96.79071355411403
1984-07-24,96.10788665073405
1984-07-25,95.59576647319905
1984-07-26,94.81051553431206
1984-07-27,94.57152611812906
1984-07-30,94.36667804711506
1984-07-31,94.23011266643907
1984-08-01,96.03960396039604
1984-08-02,99.24889040628202
1984-08-03,98.25879139638103
1984-08-06,99.41959713212701
1984-08-07,100.06828269033801
1984-08-08,100.307272106521
1984-08-09,100.204848071014
1984-08-10,99.283031751451
1984-08-13,99.522021167634
1984-08-14,99.86343461932401
1984-08-15,99.65858654831001
1984-08-16,98.97575964493001
1984-08-17,99.11232502560601
1984-08-20,100.512120177535
1984-08-21,101.33151246159098
1984-08-22,102.01433936497098
1984-08-23,101.638784568112
1984-08-24,102.11676340047798
1984-08-27,101.94605667463298
1984-08-28,101.98019801980197
1984-08-29,101.57050187777399
1984-08-30,99.96585865483101
1984-08-31,99.795151928986
1984-09-04,99.14646637077502
1984-09-05,98.60020484807102
1984-09-06,99.96585865483101
1984-09-07,99.761010583817
1984-09-10,100.23898941618299
1984-09-11,100.81939228405601
1984-09-12,100.06828269033801
1984-09-13,100.204848071014
1984-09-14,99.96585865483101
1984-09-17,99.692727893479
1984-09-18,100.614544213042
1984-09-19,101.126664390577
1984-09-20,100.99009900990099
1984-09-21,100.614544213042
1984-09-24,100.648685558211
1984-09-25,100.88767497439399
1984-09-26,100.853533629225
1984-09-27,100.99009900990099
1984-09-28,101.263229771253
1984-10-01,101.36565380676
1984-10-02,101.126664390577
1984-10-03,100.853533629225
1984-10-04,100.614544213042
1984-10-05,100.375554796859
1984-10-08,100.27313076135201
1984-10-09,100.546261522704
1984-10-10,100.13656538067599
1984-10-11,99.96585865483101
1984-10-12,99.21474906111301
1984-10-15,98.29293274155002
1984-10-16,97.88323659952202
1984-10-17,95.08364629566405
1984-10-18,94.02526459542506
1984-10-19,94.57152611812906
1984-10-22,97.13212700580402
1984-10-23,96.82485489928303
1984-10-24,97.33697507681804
1984-10-25,97.81495390918403
1984-10-26,97.57596449300102
1984-10-29,96.99556162512803
1984-10-30,96.34687606691703
1984-10-31,97.16626835097304
1984-11-01,98.12222601570501
1984-11-02,97.81495390918403
1984-11-05,97.47354045749404
1984-11-06,97.98566063502902
1984-11-07,98.08808467053602
1984-11-08,97.91737794469103
1984-11-09,97.40525776715603
1984-11-12,97.02970297029704
1984-11-13,97.16626835097304
1984-11-14,97.09798566063503
1984-11-19,95.01536360532604
1984-11-20,95.08364629566405
1984-11-21,94.70809149880505
1984-11-26,92.72789347900307
1984-11-27,93.24001365653807
1984-11-28,93.27415500170707
1984-11-29,93.82041652441106
1984-11-30,93.24001365653807
1984-12-03,93.20587231136908
1984-12-04,93.95698190508706
1984-12-05,94.57152611812906
1984-12-06,94.50324342779106
1984-12-07,93.75213383407306
1984-12-10,93.71799248890407
1984-12-11,93.03516558552407
1984-12-12,91.22567429156709
1984-12-13,90.71355411403209
1984-12-14,90.3038579720041
1984-12-26,91.46466370775008
1984-12-27,89.9283031751451
1984-12-28,90.16729259132809
1985-01-02,88.49436667804711
1985-01-03,88.22123591669512
1985-01-04,85.96790713554114
1985-01-07,87.26527825196312
1985-01-08,86.99214749061113
1985-01-09,86.82144076476614
1985-01-10,87.94810515534313
1985-01-11,87.98224650051212
1985-01-14,89.17719358142712
1985-01-15,88.46022533287811
1985-01-16,87.47012632297712
1985-01-17,87.70911573916013
1985-01-18,87.67497439399112
1985-01-21,88.66507340389211
1985-01-22,87.23113690679413
1985-01-23,86.65073403892113
1985-01-24,86.30932058723114
1985-01-25,86.20689655172414
1985-01-28,86.13861386138613
1985-01-29,86.65073403892113
1985-01-30,87.64083304882213
1985-01-31,90.16729259132809
1985-02-01,91.29395698190508
1985-02-04,90.5428473881871
1985-02-05,91.43052236258109
1985-02-06,92.42062137248209
1985-02-07,92.89860020484808
1985-02-08,94.19597132127005
1985-02-11,95.73233185387504
1985-02-12,93.41072038238306
1985-02-13,94.98122226015705
1985-02-14,94.91293956981906
1985-02-15,94.91293956981906
1985-02-19,93.17173096620007
1985-02-20,92.79617616934107
1985-02-21,92.65961078866508
1985-02-22,91.36223967224309
1985-02-25,90.2697166268351
1985-02-26,91.46466370775008
1985-02-27,91.12325025606009
1985-02-28,91.25981563673609
1985-03-01,92.86445885967906
1985-03-04,94.70809149880505
1985-03-05,94.05940594059406
1985-03-06,94.81051553431206
1985-03-07,95.86889723455104
1985-03-08,94.70809149880505
1985-03-11,94.12768863093206
1985-03-12,95.32263571184706
1985-03-13,95.80061454421303
1985-03-14,96.24445203141005
1985-03-15,96.68828951860704
1985-03-18,98.49778081256402
1985-03-19,98.32707408671902
1985-03-20,98.94161829976102
1985-03-25,95.90303857972005
1985-03-26,97.13212700580402
1985-03-27,96.14202799590305
1985-03-28,96.44930010242405
1985-03-29,96.58586548310004
1985-04-01,98.05394332536702
1985-04-02,98.49778081256402
1985-04-03,98.39535677705702
1985-04-04,98.66848753840901
1985-04-08,99.31717309662001
1985-04-09,99.180607715944
1985-04-10,99.82929327415499
1985-04-11,98.80505291908503
1985-04-12,97.91737794469103
1985-04-15,99.487879822465
1985-04-16,99.14646637077502
1985-04-17,98.83919426425402
1985-04-18,99.07818368043702
1985-04-19,100.06828269033801
1985-04-22,97.26869238648003
1985-04-23,96.68828951860704
1985-04-24,95.35677705701605
1985-04-25,95.15192898600205
1985-04-26,95.39091840218505
1985-04-29,94.43496073745305
1985-04-30,94.33253670194605
1985-05-01,93.30829634687606
1985-05-02,93.41072038238306
1985-05-03,93.17173096620007
1985-05-06,92.83031751451007
1985-05-07,93.24001365653807
1985-05-08,92.76203482417208
1985-05-09,94.16182997610105
1985-05-10,93.47900307272107
1985-05-13,94.19597132127005
1985-05-14,94.43496073745305
1985-05-15,94.87879822465005
1985-05-16,95.35677705701605
1985-05-17,94.91293956981906
1985-05-20,92.14749061113008
1985-05-21,92.65961078866508
1985-05-22,92.52304540798907
1985-05-23,94.23011266643907
1985-05-24,94.57152611812906
1985-05-28,94.12768863093206
1985-05-29,94.36667804711506
1985-05-30,95.32263571184706
1985-05-31,95.04950495049506
1985-06-03,93.82041652441106
1985-06-04,93.78627517924207
1985-06-05,92.24991464663708
1985-06-06,92.45476271765108
1985-06-07,91.90850119494709
1985-06-10,91.53294639808807
1985-06-11,92.01092523045408
1985-06-12,92.21577330146809
1985-06-13,93.58142710822807
1985-06-14,93.17173096620007
1985-06-17,92.96688289518607
1985-06-18,92.93274155001707
1985-06-19,93.20587231136908
1985-06-20,92.86445885967906
1985-06-24,91.8060771594401
1985-06-25,91.32809832707409
1985-06-26,91.97678388528509
1985-06-27,92.48890406282008
1985-06-28,91.73779446910208
1985-07-01,91.0891089108911
1985-07-02,91.97678388528509
1985-07-03,91.87435984977809
1985-07-08,92.14749061113008
1985-07-09,93.71799248890407
1985-07-10,94.05940594059406
1985-07-11,93.44486172755208
1985-07-12,92.55718675315808
1985-07-15,93.24001365653807
1985-07-16,93.44486172755208
1985-07-17,93.82041652441106
1985-07-18,93.85455786958006
1985-07-19,93.54728576305907
1985-07-22,94.57152611812906
1985-07-23,92.72789347900307
1985-07-24,93.34243769204507
1985-07-25,93.24001365653807
1985-07-26,93.20587231136908
1985-07-29,93.41072038238306
1985-07-30,93.34243769204507
1985-07-31,92.59132809832707
1985-08-01,92.83031751451007
1985-08-02,93.24001365653807
1985-08-05,93.30829634687606
1985-08-06,93.06930693069307
1985-08-07,93.10344827586206
1985-08-08,93.24001365653807
1985-08-09,93.44486172755208
1985-08-12,94.16182997610105
1985-08-13,94.26425401160806
1985-08-14,94.67395015363606
1985-08-15,95.80061454421303
1985-08-16,95.69819050870605
1985-08-19,93.92284055991806
1985-08-20,94.67395015363606
1985-08-21,95.18607033117105
1985-08-22,95.49334243769204
1985-08-23,95.42505974735404
1985-08-26,95.93717992488905
1985-08-27,95.86889723455104
1985-08-28,95.93717992488905
1985-08-29,95.39091840218505
1985-08-30,95.86889723455104
1985-09-03,96.55172413793103
1985-09-04,96.51758279276204
1985-09-05,95.49334243769204
1985-09-06,94.74223284397405
1985-09-09,94.36667804711506
1985-09-10,95.22021167634006
1985-09-11,95.18607033117105
1985-09-12,95.73233185387504
1985-09-13,95.62990781836805
1985-09-16,95.32263571184706
1985-09-17,95.86889723455104
1985-09-18,95.93717992488905
1985-09-19,96.27859337657904
1985-09-20,98.05394332536702
1985-09-23,95.76647319904404
1985-09-24,96.38101741208604
1985-09-25,97.02970297029704
1985-09-26,98.66848753840901
1985-09-27,98.77091157391601
1985-09-30,99.283031751451
1985-10-01,99.11232502560601
1985-10-02,99.89757596449302
1985-10-03,100.06828269033801
1985-10-04,99.00990099009901
1985-10-07,99.556162512803
1985-10-08,99.931717309662
1985-10-09,98.94161829976102
1985-10-10,97.84909525435303
1985-10-11,98.08808467053602
1985-10-14,99.21474906111301
1985-10-15,100.204848071014
1985-10-16,100.23898941618299
1985-10-17,100.88767497439399
1985-10-18,100.78525093888699
1985-10-21,99.180607715944
1985-10-22,98.25879139638103
1985-10-23,100.13656538067599
1985-10-24,101.02424035506998
1985-10-25,101.22908842608398
1985-10-28,103.00443837487198
1985-10-29,103.17514510071697
1985-10-30,102.83373164902699
1985-10-31,103.72140662342095
1985-11-01,103.75554796858997
1985-11-04,103.07272106520998
1985-11-05,102.28747012632297
1985-11-06,103.58484124274496
1985-11-07,103.75554796858997
1985-11-08,103.96039603960396
1985-11-11,104.77978832365994
1985-11-12,105.22362581085696
1985-11-13,105.97473540457494
1985-11-14,107.03311710481394
1985-11-15,105.73574598839195
1985-11-18,105.59918060771594
1985-11-19,106.89655172413792
1985-11-20,108.2963468760669
1985-11-21,105.22362581085696
1985-11-22,105.53089791737796
1985-11-25,105.87231136906794
1985-11-26,104.95049504950495
1985-11-27,101.57050187777399
1985-12-02,101.57050187777399
1985-12-03,99.21474906111301
1985-12-04,97.78081256401504
1985-12-05,98.60020484807102
1985-12-06,98.12222601570501
1985-12-09,93.92284055991806
1985-12-10,86.13861386138613
1985-12-11,91.43052236258109
1985-12-12,93.03516558552407
1985-12-13,93.44486172755208
1985-12-16,93.10344827586206
1985-12-17,90.20143393649711
1985-12-18,90.5769887333561
1985-12-23,87.29941959713213
1985-12-26,89.5186070331171
1985-12-27,91.8060771594401
1985-12-30,91.02082622055309
1985-12-31,89.7917377944691
1986-01-02,87.26527825196312
1986-01-03,88.66507340389211
1986-01-06,90.71355411403209
1986-01-07,89.45032434277911
1986-01-08,88.52850802321612
1986-01-09,88.42608398770912
1986-01-10,88.05052919085013
1986-01-13,85.62649368385115
1986-01-14,85.21679754182315
1986-01-15,85.86548310003414
1986-01-16,82.31478320245817
1986-01-17,80.3345851826562
1986-01-20,72.61864117446227
1986-01-21,70.2970297029703
1986-01-22,69.6142027995903
1986-01-23,67.66814612495733
1986-01-24,66.57562307954935
1986-01-27,71.11642198702629
1986-01-28,68.86309320587232
1986-01-29,67.12188460225333
1986-01-30,67.12188460225333
1986-01-31,64.28815295322636
1986-02-03,59.2693752133834
1986-02-04,52.71423694093548
1986-02-05,55.172413793103445
1986-02-06,56.16251280300444
1986-02-07,60.3618982587914
1986-02-10,57.28917719358143
1986-02-11,56.503926254694434
1986-02-12,53.704335950836466
1986-02-13,56.230795493342434
1986-02-14,54.660293615568456
1986-02-18,50.4267668146125
1986-02-19,51.621713895527485
1986-02-20,48.378286104472515
1986-02-21,46.19324001365654
1986-02-24,51.58757255035849
1986-02-25,49.67565722089451
1986-02-26,49.8463639467395
1986-02-27,47.62717651075452
1986-02-28,45.27142369409355
1986-03-03,41.89143052236258
1986-03-04,40.90133151246159
1986-03-05,41.27688630932059
1986-03-06,44.930010242403554
1986-03-07,41.92557186753158
1986-03-10,43.87162854216456
1986-03-11,44.725162171389556
1986-03-12,47.83202458176852
1986-03-13,43.18880163878457
1986-03-14,43.42779105496757
1986-03-17,45.066575623079544
1986-03-18,46.87606691703653
1986-03-19,45.339706384431544
1986-03-20,43.63263912598156
1986-03-21,47.593035165585526
1986-03-24,41.41345168999659
1986-03-25,41.82314783202458
1986-03-26,41.037896893137585
1986-03-27,39.05769887333561
1986-03-31,35.575281666097645
1986-04-01,38.47729600546261
1986-04-02,39.33082963468761
1986-04-03,40.1160805735746
1986-04-04,43.496073745305566
1986-04-07,48.924547627176516
1986-04-08,42.57425742574258
1986-04-09,44.383748719699554
1986-04-10,46.02253328781154
1986-04-11,46.466370775008535
1986-04-14,44.28132468419256
1986-04-15,43.35950836462957
1986-04-16,39.023557528166606
1986-04-17,40.3892113349266
1986-04-18,40.6964834414476
1986-04-21,42.91567087743257
1986-04-22,45.066575623079544
1986-04-23,45.100716968248555
1986-04-24,44.31546602936156
1986-04-25,45.71526118129054
1986-04-28,45.612837145783544
1986-04-29,46.12495732331854
1986-04-30,45.54455445544555
1986-05-01,47.14919767838853
1986-05-02,50.2902014339365
1986-05-05,48.924547627176516
1986-05-06,48.89040628200752
1986-05-07,51.92898600204848
1986-05-08,53.73847729600546
1986-05-09,54.14817343803345
1986-05-12,53.840901331512455
1986-05-13,54.250597473540466
1986-05-14,52.95322635711847
1986-05-15,53.533629224991465
1986-05-16,55.172413793103445
1986-05-19,58.586548310003415
1986-05-20,54.762717651075455
1986-05-21,50.59747354045749
1986-05-22,51.75827927620349
1986-05-23,53.22635711847047
1986-05-27,51.55343120518948
1986-05-28,50.6316148856265
1986-05-29,49.6415158757255
1986-05-30,48.822123591669516
1986-06-02,47.14919767838853
1986-06-03,47.35404574940252
1986-06-04,44.725162171389556
1986-06-05,45.16899965858655
1986-06-06,43.56435643564357
1986-06-09,43.12051894844657
1986-06-10,42.88152953226357
1986-06-11,46.056674632980545
1986-06-12,46.637077500853536
1986-06-13,47.14919767838853
1986-06-16,46.637077500853536
1986-06-17,46.91020826220553
1986-06-18,46.60293615568454
1986-06-19,46.97849095254353
1986-06-20,50.1536360532605
1986-06-23,44.383748719699554
1986-06-24,43.974052577671564
1986-06-25,45.27142369409355
1986-06-26,44.86172755206555
1986-06-27,45.74940252645954
1986-06-30,43.63263912598156
1986-07-01,42.26698531922158
1986-07-02,40.93547285763059
1986-07-07,38.20416524411062
1986-07-08,38.30658927961762
1986-07-09,36.77022874701264
1986-07-10,38.40901331512462
1986-07-11,37.99931717309663
1986-07-14,37.692045066575616
1986-07-15,41.34516899965859
1986-07-16,43.052236258108564
1986-07-17,42.33526800955958
1986-07-18,43.90576988733356
1986-07-21,44.69102082622056
1986-07-22,37.79446910208262
1986-07-23,37.79446910208262
1986-07-24,37.79446910208262
1986-07-25,37.21406623420963
1986-07-28,37.79446910208262
1986-07-29,38.95527483782861
1986-07-30,40.047797883236605
1986-07-31,38.06759986343462
1986-08-01,39.43325367019461
1986-08-04,45.37384772960055
1986-08-05,51.28030044383749
1986-08-06,51.109593717992496
1986-08-07,52.30454079890748
1986-08-08,50.6316148856265
1986-08-11,50.90474564697849
1986-08-12,52.406964834414474
1986-08-13,52.167975418231485
1986-08-14,52.64595425059747
1986-08-15,54.01160805735746
1986-08-18,53.29463980880846
1986-08-19,50.76818026630249
1986-08-20,52.099692727893476
1986-08-21,52.099692727893476
1986-08-22,52.099692727893476
1986-08-25,52.95322635711847
1986-08-26,54.04574940252647
1986-08-27,53.909184021850464
1986-08-28,53.97746671218846
1986-08-29,54.28473881870946
1986-09-02,56.196654148173444
1986-09-03,55.069989757596446
1986-09-04,55.34312051894845
1986-09-05,55.889382041652446
1986-09-08,53.32878115397747
1986-09-09,52.13383407306248
1986-09-10,50.8023216114715
1986-09-11,51.17787640833049
1986-09-12,51.41686582451349
1986-09-15,48.95868897234551
1986-09-16,47.695459201092525
1986-09-17,47.797883236599525
1986-09-18,49.709798566063505
1986-09-19,49.43666780471151
1986-09-22,47.695459201092525
1986-09-23,47.695459201092525
1986-09-24,47.695459201092525
1986-09-25,47.695459201092525
1986-09-26,49.26596107886651
1986-09-29,50.836462956640496
1986-09-30,50.4267668146125
1986-10-01,51.75827927620349
1986-10-02,52.44110617958347
1986-10-03,50.76818026630249
1986-10-06,50.59747354045749
1986-10-07,52.577671560259475
1986-10-08,52.61181290542848
1986-10-09,51.55343120518948
1986-10-10,50.97302833731649
1986-10-13,49.061113007852505
1986-10-14,49.8463639467395
1986-10-15,50.69989757596449
1986-10-16,49.607374530556505
1986-10-17,50.5291908501195
1986-10-20,51.65585524069649
1986-10-21,51.86070331171047
1986-10-22,51.86070331171047
1986-10-23,51.86070331171047
1986-10-24,51.28030044383749
1986-10-27,49.19767838852851
1986-10-28,48.24172072379652
1986-10-29,46.87606691703653
1986-10-30,51.348583134175485
1986-10-31,52.13383407306248
1986-11-03,50.2219187435985
1986-11-04,51.07545237282349
1986-11-05,51.07545237282349
1986-11-06,51.48514851485149
1986-11-07,51.79242062137248
1986-11-10,52.37282348924548
1986-11-11,52.61181290542848
1986-11-12,52.406964834414474
1986-11-13,52.95322635711847
1986-11-14,53.397063844315475
1986-11-17,53.32878115397747
1986-11-18,53.22635711847047
1986-11-19,52.85080232161148
1986-11-20,51.48514851485149
1986-11-21,51.48514851485149
1986-11-24,51.48514851485149
1986-11-25,51.04131102765449
1986-11-26,51.212017753499495
1986-12-01,52.27039945373848
1986-12-02,51.86070331171047
1986-12-03,51.621713895527485
1986-12-04,51.89484465687948
1986-12-05,51.65585524069649
1986-12-08,51.31444178900648
1986-12-09,51.212017753499495
1986-12-10,51.65585524069649
1986-12-11,52.91908501194948
1986-12-12,54.96756572208946
1986-12-15,55.85524069648344
1986-12-16,54.96756572208946
1986-12-17,54.14817343803345
1986-12-18,54.83100034141345
1986-12-19,55.34312051894845
1986-12-22,55.34312051894845
1986-12-23,55.34312051894845
1986-12-24,55.34312051894845
1986-12-29,60.25947422328439
1986-12-30,60.25947422328439
1986-12-31,61.249573233185394
1987-01-02,61.89825879139638
1987-01-05,61.283714578354385
1987-01-06,62.20553089791737
1987-01-07,62.307954933424384
1987-01-08,63.40047797883237
1987-01-09,64.08330488221236
1987-01-12,64.90269716626835
1987-01-13,64.49300102424036
1987-01-14,65.31239330829635
1987-01-15,65.34653465346535
1987-01-16,65.20996927278937
1987-01-19,63.84431546602936
1987-01-20,63.91259815636736
1987-01-21,63.91259815636736
1987-01-22,63.91259815636736
1987-01-23,64.04916353704337
1987-01-26,63.63946739501537
1987-01-27,63.059064527142375
1987-01-28,63.43461932400136
1987-01-29,63.70775008535337
1987-01-30,64.01502219187437
1987-02-02,63.298053943325364
1987-02-03,62.68350973028337
1987-02-04,62.34209627859338
1987-02-05,63.43461932400136
1987-02-06,62.956640491635376
1987-02-09,62.615227039945374
1987-02-10,62.990781836804366
1987-02-11,61.65926937521338
1987-02-12,61.386138613861384
1987-02-13,60.9423011266644
1987-02-17,60.73745305565039
1987-02-18,59.4059405940594
1987-02-19,59.54250597473541
1987-02-20,60.6691703653124
1987-02-23,60.6691703653124
1987-02-24,60.6691703653124
1987-02-25,60.6691703653124
1987-02-26,57.28917719358143
1987-02-27,56.67463298053944
1987-03-02,55.95766473199044
1987-03-03,59.23523386821441
1987-03-04,59.7814953909184
1987-03-05,60.60088767497439
1987-03-06,61.89825879139638
1987-03-09,61.59098668487538
1987-03-10,61.86411744622738
1987-03-11,62.64936838511438
1987-03-12,62.78593376579038
1987-03-13,62.68350973028337
1987-03-16,63.63946739501537
1987-03-17,64.42471833390236
1987-03-18,63.81017412086037
1987-03-19,63.50290201433937
1987-03-20,63.741891430522365
1987-03-23,62.37623762376238
1987-03-24,63.87845681119837
1987-03-25,63.059064527142375
1987-03-26,63.60532604984637
1987-03-27,63.57118470467738
1987-03-30,63.81017412086037
1987-03-31,64.28815295322636
1987-04-01,64.11744622738136
1987-04-02,64.56128371457835
1987-04-03,63.84431546602936
1987-04-06,63.741891430522365
1987-04-07,64.32229429839535
1987-04-08,63.67360874018436
1987-04-09,63.468760669170365
1987-04-10,61.82997610105838
1987-04-13,61.4885626493684
1987-04-14,61.386138613861384
1987-04-15,63.059064527142375
1987-04-16,63.63946739501537
1987-04-20,63.67360874018436
1987-04-21,64.97097985660636
1987-04-22,64.97097985660636
1987-04-23,64.97097985660636
1987-04-24,64.97097985660636
1987-04-27,64.28815295322636
1987-04-28,64.32229429839535
1987-04-29,63.50290201433937
1987-04-30,63.94673950153636
1987-05-01,64.28815295322636
1987-05-04,64.59542505974736
1987-05-05,65.03926254694436
1987-05-06,65.65380675998634
1987-05-07,65.31239330829635
1987-05-08,65.75623079549335
1987-05-11,66.26835097302835
1987-05-12,65.79037214066234
1987-05-13,66.26835097302835
1987-05-14,66.78047115056333
1987-05-15,67.59986343461934
1987-05-18,67.90713554114033
1987-05-19,67.83885285080233
1987-05-20,67.83885285080233
1987-05-21,67.83885285080233
1987-05-22,66.06350290201435
1987-05-26,66.30249231819735
1987-05-27,66.13178559235234
1987-05-28,65.75623079549335
1987-05-29,66.16592693752133
1987-06-01,66.78047115056333
1987-06-02,67.22430863776033
1987-06-03,67.80471150563332
1987-06-04,67.63400477978833
1987-06-05,67.56572208945032
1987-06-08,67.94127688630932
1987-06-09,67.66814612495733
1987-06-10,67.66814612495733
1987-06-11,67.77057016046433
1987-06-12,67.97541823147833
1987-06-15,68.48753840901331
1987-06-16,69.2045066575623
1987-06-17,69.6142027995903
1987-06-18,70.0580402867873
1987-06-19,70.5360191191533
1987-06-22,69.9214749061113
1987-06-23,69.9214749061113
1987-06-24,69.9214749061113
1987-06-25,67.05360191191532
1987-06-26,69.1020826220553
1987-06-29,69.47763741891431
1987-06-30,69.27278934790031
1987-07-01,69.9214749061113
1987-07-02,70.3653123933083
1987-07-06,71.45783543871629
1987-07-07,70.80914988050529
1987-07-08,71.28712871287128
1987-07-09,72.48207579378628
1987-07-10,72.82348924547627
1987-07-13,73.06247866165927
1987-07-14,73.67702287470127
1987-07-15,75.62307954933424
1987-07-16,76.27176510754524
1987-07-17,76.44247183339023
1987-07-20,75.79378627517924
1987-07-21,74.08671901672926
1987-07-22,74.08671901672926
1987-07-23,74.08671901672926
1987-07-24,70.2287470126323
1987-07-27,69.95561625128029
1987-07-28,72.78934790030728
1987-07-29,73.19904404233527
1987-07-30,72.92591328098327
1987-07-31,72.96005462615227
1987-08-03,75.65722089450324
1987-08-04,75.00853533629225
1987-08-05,72.68692386480026
1987-08-06,72.17480368726528
1987-08-07,71.66268350973029
1987-08-10,70.7750085353363
1987-08-11,71.66268350973029
1987-08-12,71.66268350973029
1987-08-13,70.91157391601229
1987-08-14,70.2287470126323
1987-08-17,67.70228747012632
1987-08-18,67.94127688630932
1987-08-19,67.01946056674632
1987-08-20,66.30249231819735
1987-08-21,66.30249231819735
1987-08-24,63.50290201433937
1987-08-25,63.63946739501537
1987-08-26,66.43905769887334
1987-08-27,67.05360191191532
1987-08-28,66.20006828269034
1987-08-31,67.36087401843633
1987-09-01,67.01946056674632
1987-09-02,67.05360191191532
1987-09-03,66.57562307954935
1987-09-04,65.96107886650734
1987-09-08,64.66370775008536
1987-09-09,66.16592693752133
1987-09-10,67.15602594742234
1987-09-11,66.23420962785933
1987-09-14,66.95117787640832
1987-09-15,67.25844998292932
1987-09-16,67.36087401843633
1987-09-17,66.78047115056333
1987-09-18,66.74632980539434
1987-09-21,67.36087401843633
1987-09-22,65.72208945032435
1987-09-23,65.72208945032435
1987-09-24,65.72208945032435
1987-09-25,66.43905769887334
1987-09-28,66.40491635370434
1987-09-29,66.71218846022533
1987-09-30,66.88289518607033
1987-10-01,66.98531922157733
1987-10-02,67.80471150563332
1987-10-05,67.66814612495733
1987-10-06,66.37077500853535
1987-10-07,67.12188460225333
1987-10-08,66.88289518607033
1987-10-09,67.25844998292932
1987-10-12,67.08774325708433
1987-10-13,67.25844998292932
1987-10-14,67.49743939911232
1987-10-15,67.42915670877433
1987-10-16,69.03379993171731
1987-10-19,67.59986343461934
1987-10-20,67.83885285080233
1987-10-21,67.83885285080233
1987-10-22,67.83885285080233
1987-10-23,68.82895186070331
1987-10-26,68.24854899283032
1987-10-27,68.69238648002732
1987-10-28,68.5558210993513
1987-10-29,68.18026630249233
1987-10-30,68.14612495732332
1987-11-02,66.98531922157733
1987-11-03,66.54148173438034
1987-11-04,65.10754523728235
1987-11-05,64.80027313076135
1987-11-06,64.18572891771936
1987-11-09,63.60532604984637
1987-11-10,64.66370775008536
1987-11-11,64.52714236940935
1987-11-12,64.56128371457835
1987-11-13,64.62956640491635
1987-11-16,63.67360874018436
1987-11-17,62.82007511095937
1987-11-18,63.63946739501537
1987-11-19,63.40047797883237
1987-11-20,64.62956640491635
1987-11-23,64.62956640491635
1987-11-24,64.62956640491635
1987-11-25,63.57118470467738
1987-11-30,63.19562990781837
1987-12-01,63.02492318197337
1987-12-02,63.366336633663366
1987-12-03,64.42471833390236
1987-12-04,63.980880846705354
1987-12-07,62.307954933424384
1987-12-08,61.727552065551386
1987-12-09,63.332195288494376
1987-12-10,63.19562990781837
1987-12-11,62.512803004438375
1987-12-14,59.54250597473541
1987-12-15,56.77705701604643
1987-12-16,54.48958688972346
1987-12-17,54.07989074769546
1987-12-18,53.19221577330146
1987-12-21,52.577671560259475
1987-12-22,56.70877432570843
1987-12-23,56.81119836121543
1987-12-24,56.401502219187435
1987-12-28,56.060088767497454
1987-12-29,57.80129737111642
1987-12-30,57.66473199044043
1987-12-31,57.01604643222943
1988-01-04,60.3960396039604
1988-01-05,60.9423011266644
1988-01-06,60.83987709115739
1988-01-07,59.37179924889041
1988-01-08,59.09866848753841
1988-01-11,57.18675315807443
1988-01-12,56.77705701604643
1988-01-13,56.64049163537044
1988-01-14,58.757255035848424
1988-01-15,57.869580061454414
1988-01-18,59.166951177876406
1988-01-19,58.99624445203142
1988-01-20,59.47422328439741
1988-01-21,58.65483100034141
1988-01-22,58.07442813246843
1988-01-25,58.34755889382042
1988-01-26,58.17685216797541
1988-01-27,57.050187777398435
1988-01-28,57.90372140662342
1988-01-29,57.835438716285424
1988-02-01,57.425742574257434
1988-02-02,57.835438716285424
1988-02-03,58.51826561966542
1988-02-04,58.51826561966542
1988-02-05,58.99624445203142
1988-02-08,60.2936155684534
1988-02-09,59.47422328439741
1988-02-10,58.484124274496416
1988-02-11,58.415841584158414
1988-02-12,57.18675315807443
1988-02-16,56.91362239672244
1988-02-17,56.70877432570843
1988-02-18,56.16251280300444
1988-02-19,56.87948105155344
1988-02-22,56.26493683851144
1988-02-23,56.67463298053944
1988-02-24,56.196654148173444
1988-02-25,54.35302150904746
1988-02-26,53.87504267668146
1988-02-29,54.660293615568456
1988-03-01,53.67019460566746
1988-03-02,53.499487879822475
1988-03-03,52.91908501194948
1988-03-04,53.22635711847047
1988-03-07,52.475247524752476
1988-03-08,52.74837828610447
1988-03-09,52.88494366678047
1988-03-10,54.62615227039945
1988-03-11,55.616251280300446
1988-03-14,53.22635711847047
1988-03-15,53.533629224991465
1988-03-16,54.62615227039945
1988-03-17,55.58210993513145
1988-03-18,56.60635029020143
1988-03-21,56.29907818368043
1988-03-22,54.93342437692045
1988-03-23,57.562307954933424
1988-03-24,57.90372140662342
1988-03-25,58.14271082280642
1988-03-28,58.38170023898942
1988-03-29,57.97200409696143
1988-03-30,58.313417548651415
1988-03-31,58.313417548651415
1988-04-04,58.07442813246843
1988-04-05,57.32331853875042
1988-04-06,57.391601229088415
1988-04-07,58.24513485831342
1988-04-08,57.63059064527142
1988-04-11,61.07886650734039
1988-04-12,61.76169341072038
1988-04-13,61.86411744622738
1988-04-14,62.47866165926938
1988-04-15,62.71765107545237
1988-04-18,63.22977125298736
1988-04-21,62.68350973028337
1988-04-22,62.47866165926938
1988-04-25,62.82007511095937
1988-04-26,63.50290201433937
1988-04-27,62.37623762376238
1988-04-28,61.386138613861384
1988-04-29,61.420279959030374
1988-05-02,58.51826561966542
1988-05-03,59.30351655855242
1988-05-04,58.723113690679405
1988-05-05,59.37179924889041
1988-05-06,60.56674632980539
1988-05-09,59.8839194264254
1988-05-10,59.610788665073414
1988-05-11,59.7132127005804
1988-05-12,59.67907135541141
1988-05-13,59.7132127005804
1988-05-16,60.2936155684534
1988-05-17,60.635029020143406
1988-05-18,59.5083646295664
1988-05-19,59.57664731990441
1988-05-20,58.62068965517242
1988-05-23,59.23523386821441
1988-05-24,59.4059405940594
1988-05-25,59.30351655855242
1988-05-26,59.8839194264254
1988-05-27,59.5083646295664
1988-05-31,59.7814953909184
1988-06-01,60.02048480710139
1988-06-02,60.25947422328439
1988-06-03,59.747354045749404
1988-06-06,58.92796176169342
1988-06-07,59.30351655855242
1988-06-08,59.166951177876406
1988-06-09,58.279276203482425
1988-06-10,57.11847046773644
1988-06-13,56.094230112666445
1988-06-14,57.459883919426424
1988-06-15,56.43564356435644
1988-06-16,56.87948105155344
1988-06-17,56.16251280300444
1988-06-20,54.62615227039945
1988-06-21,54.250597473540466
1988-06-22,56.12837145783545
1988-06-23,55.889382041652446
1988-06-24,54.660293615568456
1988-06-27,54.14817343803345
1988-06-28,53.87504267668146
1988-06-29,52.680095595766474
1988-06-30,51.75827927620349
1988-07-01,51.00716968248549
1988-07-05,51.51928986002049
1988-07-06,52.44110617958347
1988-07-07,54.04574940252647
1988-07-08,52.78251963127347
1988-07-11,50.46090815978149
1988-07-12,50.2560600887675
1988-07-13,49.30010242403551
1988-07-14,50.392625469443495
1988-07-15,50.7340389211335
1988-07-18,53.60191191532946
1988-07-19,51.99726869238648
1988-07-20,53.46534653465347
1988-07-21,55.95766473199044
1988-07-22,55.92352338682144
1988-07-25,54.79685899624446
1988-07-26,54.48958688972346
1988-07-27,55.172413793103445
1988-07-28,55.13827244793445
1988-07-29,55.68453397063844
1988-08-01,54.899283031751445
1988-08-02,53.29463980880846
1988-08-03,52.099692727893476
1988-08-04,51.31444178900648
1988-08-05,52.099692727893476
1988-08-08,54.18231478320246
1988-08-09,53.533629224991465
1988-08-10,53.63605326049847
1988-08-11,53.806759986343465
1988-08-12,52.98736770228747
1988-08-15,53.29463980880846
1988-08-16,52.88494366678047
1988-08-17,52.81666097644248
1988-08-18,53.15807442813247
1988-08-19,53.704335950836466
1988-08-22,53.806759986343465
1988-08-23,53.60191191532946
1988-08-24,53.533629224991465
1988-08-25,52.27039945373848
1988-08-26,52.37282348924548
1988-08-29,51.96312734721749
1988-08-30,52.13383407306248
1988-08-31,51.82656196654148
1988-09-01,51.48514851485149
1988-09-02,50.495049504950494
1988-09-06,48.61727552065552
1988-09-07,48.34414475930352
1988-09-08,49.43666780471151
1988-09-09,48.41242744964151
1988-09-12,49.47080914988051
1988-09-13,49.709798566063505
1988-09-14,52.577671560259475
1988-09-15,50.87060430180949
1988-09-16,49.7439399112325
1988-09-19,50.2902014339365
1988-09-20,51.348583134175485
1988-09-21,49.709798566063505
1988-09-22,50.01707067258451
1988-09-23,48.41242744964151
1988-09-26,48.480710139979514
1988-09-27,48.275862068965516
1988-09-28,48.17343803345852
1988-09-29,47.52475247524753
1988-09-30,45.64697849095254
1988-10-03,44.58859679071356
1988-10-04,44.62273813588256
1988-10-05,43.01809491293957
1988-10-06,43.22294298395357
1988-10-07,44.17890064868556
1988-10-10,46.43222942983953
1988-10-11,46.26152270399454
1988-10-12,48.17343803345852
1988-10-13,48.51485148514852
1988-10-14,50.938886992147495
1988-10-17,51.92898600204848
1988-10-18,49.8805052919085
1988-10-19,52.577671560259475
1988-10-20,49.8463639467395
1988-10-21,49.061113007852505
1988-10-24,44.96415158757255
1988-10-25,45.27142369409355
1988-10-26,45.783543871628545
1988-10-27,46.70536019119153
1988-10-28,47.28576305906453
1988-10-31,46.363946739501536
1988-11-01,45.88596790713554
1988-11-02,46.944349607374534
1988-11-03,47.45646978490953
1988-11-04,47.93444861727552
1988-11-07,48.00273130761352
1988-11-08,47.115056333219535
1988-11-09,47.319904404233526
1988-11-10,47.72960054626152
1988-11-11,47.62717651075452
1988-11-14,48.71969955616251
1988-11-15,47.45646978490953
1988-11-16,46.67121884602253
1988-11-17,45.37384772960055
1988-11-18,46.43222942983953
1988-11-21,46.43222942983953
1988-11-22,47.319904404233526
1988-11-23,47.695459201092525
1988-11-28,51.31444178900648
1988-11-29,50.938886992147495
1988-11-30,52.30454079890748
1988-12-01,53.29463980880846
1988-12-02,53.397063844315475
1988-12-05,52.37282348924548
1988-12-06,52.78251963127347
1988-12-07,53.73847729600546
1988-12-08,52.71423694093548
1988-12-09,54.07989074769546
1988-12-12,54.83100034141345
1988-12-13,54.62615227039945
1988-12-14,55.889382041652446
1988-12-15,55.82109935131445
1988-12-16,57.084329122567425
1988-12-19,55.68453397063844
1988-12-20,60.53260498463639
1988-12-21,55.65039262546945
1988-12-22,56.29907818368043
1988-12-23,56.70877432570843
1988-12-27,57.869580061454414
1988-12-28,57.93786275179242
1988-12-29,57.255035848412426
1988-12-30,58.85967907135541
1989-01-03,59.2693752133834
1989-01-04,58.313417548651415
1989-01-05,59.47422328439741
1989-01-06,59.918060771594405
1989-01-09,60.498463639467396
1989-01-10,60.3960396039604
1989-01-11,61.93240013656538
1989-01-12,62.03482417207239
1989-01-13,63.09320587231137
1989-01-16,64.45885967907135
1989-01-17,64.69784909525436
1989-01-18,65.75623079549335
1989-01-19,65.82451348583135
1989-01-20,64.39057698873336
1989-01-23,59.37179924889041
1989-01-24,59.8839194264254
1989-01-25,61.86411744622738
1989-01-26,60.498463639467396
1989-01-27,60.56674632980539
1989-01-30,59.03038579720041
1989-01-31,58.14271082280642
1989-02-01,59.7814953909184
1989-02-02,60.53260498463639
1989-02-03,59.84977808125641
1989-02-06,59.33765790372141
1989-02-07,60.430180949129394
1989-02-08,59.7132127005804
1989-02-09,59.37179924889041
1989-02-10,58.415841584158414
1989-02-13,60.054626152270394
1989-02-14,59.47422328439741
1989-02-15,62.307954933424384
1989-02-16,62.58108569477637
1989-02-17,63.366336633663366
1989-02-21,63.468760669170365
1989-02-22,60.9081597814954
1989-02-23,60.87401843632638
1989-02-24,61.69341072038239
1989-02-27,61.93240013656538
1989-02-28,61.966541481734374
1989-03-01,62.41037896893138
1989-03-02,63.91259815636736
1989-03-03,63.366336633663366
1989-03-06,63.741891430522365
1989-03-07,62.47866165926938
1989-03-08,63.298053943325364
1989-03-09,63.22977125298736
1989-03-10,63.16148856264937
1989-03-13,64.97097985660636
1989-03-14,65.85865483100034
1989-03-15,67.49743939911232
1989-03-16,67.73642881529533
1989-03-17,69.4093547285763
1989-03-20,66.60976442471835
1989-03-21,68.45339706384432
1989-03-22,68.41925571867532
1989-03-23,68.79481051553431
1989-03-27,70.09218163195631
1989-03-28,67.97541823147833
1989-03-29,68.96551724137932
1989-03-30,71.04813929668829
1989-03-31,68.93137589621031
1989-04-03,68.11198361215432
1989-04-04,69.7166268350973
1989-04-05,68.24854899283032
1989-04-06,67.59986343461934
1989-04-07,68.35097302833731
1989-04-10,70.2970297029703
1989-04-11,70.4335950836463
1989-04-12,70.4677364288153
1989-04-13,69.27278934790031
1989-04-14,70.63844315466031
1989-04-17,72.44793444861727
1989-04-18,73.43803345851828
1989-04-19,77.19358142710823
1989-04-20,79.54933424376921
1989-04-21,72.78934790030728
1989-04-24,70.3653123933083
1989-04-25,73.09662000682827
1989-04-26,72.34551041311028
1989-04-27,71.4236940935473
1989-04-28,69.7166268350973
1989-05-01,70.5360191191533
1989-05-02,67.59986343461934
1989-05-03,68.62410378968931
1989-05-04,70.26288835780129
1989-05-05,68.35097302833731
1989-05-08,66.37077500853535
1989-05-09,67.46329805394333
1989-05-10,66.64390576988734
1989-05-11,68.48753840901331
1989-05-12,68.58996244452031
1989-05-15,70.02389894161831
1989-05-16,70.6725844998293
1989-05-17,68.72652782519631
1989-05-18,68.96551724137932
1989-05-19,70.33117104813931
1989-05-22,71.45783543871629
1989-05-23,65.00512120177535
1989-05-24,67.12188460225333
1989-05-25,66.50734038921134
1989-05-26,66.64390576988734
1989-05-30,68.11198361215432
1989-05-31,67.94127688630932
1989-06-01,67.63400477978833
1989-06-02,68.76066917036532
1989-06-05,70.0580402867873
1989-06-06,69.8531922157733
1989-06-07,67.15602594742234
1989-06-08,68.28269033799931
1989-06-09,67.87299419597132
1989-06-12,65.75623079549335
1989-06-13,66.02936155684534
1989-06-14,69.06794127688632
1989-06-15,70.2287470126323
1989-06-16,68.11198361215432
1989-06-19,71.21884602253328
1989-06-20,66.67804711505634
1989-06-21,65.92693752133833
1989-06-22,65.89279617616934
1989-06-23,67.29259132809833
1989-06-26,69.13622396722431
1989-06-27,69.9214749061113
1989-06-28,68.38511437350631
1989-06-29,69.17036531239332
1989-06-30,69.2045066575623
1989-07-03,69.2045066575623
1989-07-05,70.9798566063503
1989-07-06,69.30693069306932
1989-07-07,70.84329122567429
1989-07-10,69.5117787640833
1989-07-11,70.09218163195631
1989-07-12,68.79481051553431
1989-07-13,69.47763741891431
1989-07-14,69.37521338340731
1989-07-17,69.8190508706043
1989-07-18,69.44349607374531
1989-07-19,67.77057016046433
1989-07-20,67.94127688630932
1989-07-21,66.60976442471835
1989-07-24,63.980880846705354
1989-07-25,63.298053943325364
1989-07-26,62.47866165926938
1989-07-27,61.86411744622738
1989-07-28,61.21543188801639
1989-07-31,62.512803004438375
1989-08-01,61.55684533970639
1989-08-02,62.41037896893138
1989-08-03,62.17138955274838
1989-08-04,61.55684533970639
1989-08-07,61.14714919767839
1989-08-08,61.86411744622738
1989-08-09,62.17138955274838
1989-08-10,63.468760669170365
1989-08-11,63.09320587231137
1989-08-14,63.43461932400136
1989-08-15,63.77603277569136
1989-08-16,64.76613178559235
1989-08-17,63.77603277569136
1989-08-18,64.18572891771936
1989-08-21,65.14168658245134
1989-08-22,65.14168658245134
1989-08-23,64.18572891771936
1989-08-24,63.53704335950836
1989-08-25,63.19562990781837
1989-08-28,63.63946739501537
1989-08-29,63.63946739501537
1989-08-30,64.28815295322636
1989-08-31,64.28815295322636
1989-09-01,64.35643564356435
1989-09-05,65.03926254694436
1989-09-06,65.82451348583135
1989-09-07,66.26835097302835
1989-09-08,67.42915670877433
1989-09-11,67.46329805394333
1989-09-12,67.25844998292932
1989-09-13,67.80471150563332
1989-09-14,67.32673267326732
1989-09-15,68.14612495732332
1989-09-18,67.87299419597132
1989-09-19,66.78047115056333
1989-09-20,67.05360191191532
1989-09-21,66.98531922157733
1989-09-22,65.82451348583135
1989-09-25,66.43905769887334
1989-09-26,66.67804711505634
1989-09-27,66.88289518607033
1989-09-28,67.80471150563332
1989-09-29,68.72652782519631
1989-10-02,68.72652782519631
1989-10-03,68.72652782519631
1989-10-04,68.79481051553431
1989-10-05,68.14612495732332
1989-10-06,67.83885285080233
1989-10-09,68.35097302833731
1989-10-10,68.86309320587232
1989-10-11,69.13622396722431
1989-10-12,69.8873335609423
1989-10-13,71.32127005804028
1989-10-16,70.2970297029703
1989-10-17,70.84329122567429
1989-10-18,70.19460566746329
1989-10-19,69.7166268350973
1989-10-20,68.21440764766132
1989-10-23,67.46329805394333
1989-10-24,67.32673267326732
1989-10-25,66.98531922157733
1989-10-26,66.16592693752133
1989-10-27,67.49743939911232
1989-10-30,67.32673267326732
1989-10-31,68.07784226698533
1989-11-01,68.52167975418232
1989-11-02,68.31683168316832
1989-11-03,68.99965858654832
1989-11-06,68.62410378968931
1989-11-07,68.35097302833731
1989-11-08,67.83885285080233
1989-11-09,68.00955957664733
1989-11-10,67.73642881529533
1989-11-13,66.88289518607033
1989-11-14,66.57562307954935
1989-11-15,67.15602594742234
1989-11-16,67.80471150563332
1989-11-17,67.97541823147833
1989-11-20,68.52167975418232
1989-11-21,68.14612495732332
1989-11-22,67.66814612495733
1989-11-24,67.66814612495733
1989-11-27,67.01946056674632
1989-11-28,65.72208945032435
1989-11-29,66.23420962785933
1989-11-30,67.90713554114033
1989-12-01,69.30693069306932
1989-12-04,69.13622396722431
1989-12-05,69.44349607374531
1989-12-06,69.8873335609423
1989-12-07,70.02389894161831
1989-12-08,69.9214749061113
1989-12-11,70.6725844998293
1989-12-12,70.50187777398429
1989-12-13,70.91157391601229
1989-12-14,70.50187777398429
1989-12-15,72.03823830658929
1989-12-18,75.86206896551724
1989-12-19,76.23762376237624
1989-12-20,72.41379310344827
1989-12-21,73.47217480368727
1989-12-22,72.68692386480026
1989-12-26,74.80368726527826
1989-12-27,74.35984977808127
1989-12-28,73.40389211334927
1989-12-29,74.49641515875726
1990-01-02,78.14953909184023
1990-01-03,80.8467053601912
1990-01-04,79.9248890406282
1990-01-05,78.79822465005121
1990-01-08,73.81358825537727
1990-01-09,75.34994878798224
1990-01-10,78.18368043700922
1990-01-11,79.00307272106521
1990-01-12,78.96893137589622
1990-01-15,76.34004779788324
1990-01-16,77.77398429498122
1990-01-17,75.45237282348926
1990-01-18,77.70570160464322
1990-01-19,80.8125640150222
1990-01-22,76.98873335609423
1990-01-23,73.74530556503926
1990-01-24,73.71116421987026
1990-01-25,75.93035165585523
1990-01-26,77.02287470126323
1990-01-29,77.84226698531923
1990-01-30,76.68146124957323
1990-01-31,77.43257084329123
1990-02-01,77.50085353362923
1990-02-02,78.59337657903721
1990-02-05,76.44247183339023
1990-02-06,76.85216797541824
1990-02-07,76.20348241720724
1990-02-08,75.41823147832025
1990-02-09,74.22328439740525
1990-02-12,75.21338340730625
1990-02-13,74.76954592010925
1990-02-14,75.34994878798224
1990-02-15,77.97883236599522
1990-02-16,76.54489586889724
1990-02-20,75.75964493001025
1990-02-21,74.22328439740525
1990-02-22,74.25742574257426
1990-02-23,73.13076135199728
1990-02-26,74.39399112325026
1990-02-27,73.67702287470127
1990-02-28,73.54045749402528
1990-03-01,72.27722772277228
1990-03-02,72.89177193581428
1990-03-05,73.67702287470127
1990-03-06,65.99522021167633
1990-03-07,71.45783543871629
1990-03-08,70.94571526118129
1990-03-09,69.75076818026629
1990-03-12,69.1020826220553
1990-03-13,69.03379993171731
1990-03-14,68.45339706384432
1990-03-15,69.5800614544213
1990-03-16,68.52167975418232
1990-03-19,66.91703653123933
1990-03-20,65.82451348583135
1990-03-21,68.14612495732332
1990-03-22,68.28269033799931
1990-03-23,69.6142027995903
1990-03-26,69.8531922157733
1990-03-27,69.9214749061113
1990-03-28,68.5558210993513
1990-03-29,68.45339706384432
1990-03-30,69.23864800273132
1990-04-02,69.9214749061113
1990-04-03,69.30693069306932
1990-04-04,67.53158074428133
1990-04-05,66.33663366336634
1990-04-06,65.38067599863435
1990-04-09,62.956640491635376
1990-04-10,60.3618982587914
1990-04-11,61.65926937521338
1990-04-12,60.7033117104814
1990-04-16,60.9423011266644
1990-04-17,59.54250597473541
1990-04-18,57.90372140662342
1990-04-19,61.65926937521338
1990-04-20,61.283714578354385
1990-04-23,65.10754523728235
1990-04-24,64.86855582109935
1990-04-25,63.70775008535337
1990-04-26,63.059064527142375
1990-04-27,63.298053943325364
1990-04-30,63.298053943325364
1990-05-01,64.45885967907135
1990-05-02,63.77603277569136
1990-05-03,61.420279959030374
1990-05-04,61.386138613861384
1990-05-07,62.37623762376238
1990-05-08,62.41037896893138
1990-05-09,64.83441447593034
1990-05-10,64.93683851143736
1990-05-11,64.69784909525436
1990-05-14,67.29259132809833
1990-05-15,66.88289518607033
1990-05-16,64.97097985660636
1990-05-17,64.42471833390236
1990-05-18,64.04916353704337
1990-05-21,62.34209627859338
1990-05-22,60.3618982587914
1990-05-23,61.93240013656538
1990-05-24,60.87401843632638
1990-05-25,60.771594400819396
1990-05-29,61.386138613861384
1990-05-30,61.727552065551386
1990-05-31,59.4059405940594
1990-06-01,59.747354045749404
1990-06-04,58.51826561966542
1990-06-05,56.947763741891436
1990-06-06,57.76715602594743
1990-06-07,56.91362239672244
1990-06-08,57.28917719358143
1990-06-11,57.425742574257434
1990-06-12,59.7814953909184
1990-06-13,60.02048480710139
1990-06-14,58.484124274496416
1990-06-15,56.74291567087744
1990-06-18,54.42130419938545
1990-06-19,53.431205189484466
1990-06-20,52.23625810856948
1990-06-21,57.835438716285424
1990-06-22,59.610788665073414
1990-06-25,59.33765790372141
1990-06-26,58.51826561966542
1990-06-27,56.947763741891436
1990-06-28,58.55240696483441
1990-06-29,58.279276203482425
1990-07-02,57.084329122567425
1990-07-03,57.357459883919425
1990-07-05,56.33321952884944
1990-07-06,56.230795493342434
1990-07-09,56.60635029020143
1990-07-10,57.835438716285424
1990-07-11,59.644930010242405
1990-07-12,63.02492318197337
1990-07-13,62.68350973028337
1990-07-16,63.741891430522365
1990-07-17,63.67360874018436
1990-07-18,63.332195288494376
1990-07-19,64.83441447593034
1990-07-20,66.95117787640832
1990-07-23,69.9897575964493
1990-07-24,70.19460566746329
1990-07-25,69.5800614544213
1990-07-26,69.30693069306932
1990-07-27,68.41925571867532
1990-07-30,68.99965858654832
1990-07-31,70.63844315466031
1990-08-01,73.54045749402528
1990-08-02,78.90064868555822
1990-08-03,83.61215431888016
1990-08-06,95.76647319904404
1990-08-07,96.65414817343803
1990-08-08,88.63093205872312
1990-08-09,87.64083304882213
1990-08-10,89.55274837828611
1990-08-13,91.39638101741208
1990-08-14,90.20143393649711
1990-08-15,90.3379993171731
1990-08-16,93.41072038238306
1990-08-17,97.74667121884603
1990-08-20,97.50768180266303
1990-08-21,96.99556162512803
1990-08-22,106.58927961761692
1990-08-23,109.01331512461591
1990-08-24,105.53089791737796
1990-08-27,91.87435984977809
1990-08-28,95.18607033117105
1990-08-29,88.49436667804711
1990-08-30,91.39638101741208
1990-08-31,93.27415500170707
1990-09-04,99.41959713212701
1990-09-05,101.638784568112
1990-09-06,107.30624786616593
1990-09-07,102.56060088767498
1990-09-10,106.86241037896893
1990-09-11,105.01877773984296
1990-09-12,105.73574598839195
1990-09-13,106.07715944008194
1990-09-14,108.43291225674292
1990-09-17,114.81734380334588
1990-09-18,114.06623420962785
1990-09-19,113.28098327074088
1990-09-20,118.5046090815978
1990-09-21,120.96278593376579
1990-09-24,130.5906452714237
1990-09-25,128.13246841925573
1990-09-26,132.0245817685217
1990-09-27,134.99487879822465
1990-09-28,134.89245476271765
1990-10-01,126.63024923181976
1990-10-02,115.90986684875386
1990-10-03,127.41550017070674
1990-10-04,126.08398770911575
1990-10-05,129.7029702970297
1990-10-08,132.98053943325368
1990-10-09,137.93103448275863
1990-10-10,132.09286445885968
1990-10-11,137.99931717309664
1990-10-12,135.50699897575964
1990-10-15,129.56640491635372
1990-10-16,132.77569136223968
1990-10-17,125.36701946056674
1990-10-18,125.64015022191874
1990-10-19,115.36360532604985
1990-10-22,96.89313758962102
1990-10-23,100.27313076135201
1990-10-24,106.11130078525093
1990-10-25,116.93410720382384
1990-10-26,112.70058040286787
1990-10-29,118.4021850460908
1990-10-30,117.92420621372482
1990-10-31,120.2799590303858
1990-11-01,120.0751109593718
1990-11-02,116.08057357459884
1990-11-05,109.11573916012291
1990-11-06,111.40320928644589
1990-11-07,120.5530897917378
1990-11-08,121.3041993854558
1990-11-09,115.70501877773984
1990-11-12,108.80846705360192
1990-11-13,113.07613519972686
1990-11-14,106.38443154660293
1990-11-15,106.24786616592694
1990-11-16,101.67292591328099
1990-11-19,107.54523728234892
1990-11-20,98.70262888357802
1990-11-21,101.160805735746
1990-11-23,108.91089108910892
1990-11-26,112.49573233185389
1990-11-27,112.18846022533289
1990-11-28,113.62239672243086
1990-11-29,112.35916695117787
1990-11-30,98.49778081256402
1990-12-03,99.522021167634
1990-12-04,104.67736428815296
1990-12-05,93.17173096620007
1990-12-06,90.13315124615909
1990-12-07,90.7476954592011
1990-12-10,91.84021850460908
1990-12-11,90.16729259132809
1990-12-12,86.54831000341414
1990-12-13,90.20143393649711
1990-12-14,90.6452714236941
1990-12-17,92.35233868214408
1990-12-18,95.11778764083306
1990-12-19,95.11778764083306
1990-12-20,90.0990099009901
1990-12-21,88.49436667804711
1990-12-24,88.49436667804711
1990-12-26,92.93274155001707
1990-12-27,92.21577330146809
1990-12-28,94.12768863093206
1990-12-31,97.09798566063503
1991-01-02,90.44042335268009
1991-01-03,86.99214749061113
1991-01-04,85.01194947080914
1991-01-07,94.40081939228405
1991-01-08,92.76203482417208
1991-01-09,93.06930693069307
1991-01-10,94.60566746329806
1991-01-11,93.17173096620007
1991-01-14,105.08706043018094
1991-01-15,102.66302492318198
1991-01-16,109.2523045407989
1991-01-17,73.19904404233527
1991-01-18,65.72208945032435
1991-01-21,72.72106520996928
1991-01-22,82.55377261864118
1991-01-23,75.24752475247524
1991-01-24,74.12086036189827
1991-01-25,72.89177193581428
1991-01-28,71.56025947422329
1991-01-29,74.59883919426427
1991-01-30,71.59440081939228
1991-01-31,73.54045749402528
1991-02-01,72.85763059064527
1991-02-04,72.17480368726528
1991-02-05,70.5360191191533
1991-02-06,73.36975076818027
1991-02-07,72.44793444861727
1991-02-08,74.83782861044726
1991-02-11,76.71560259474222
1991-02-12,78.28610447251621
1991-02-13,77.02287470126323
1991-02-14,76.20348241720724
1991-02-15,71.28712871287128
1991-02-19,68.52167975418232
1991-02-20,69.9214749061113
1991-02-21,63.16148856264937
1991-02-22,61.14714919767839
1991-02-25,61.249573233185394
1991-02-26,62.71765107545237
1991-02-27,64.39057698873336
1991-02-28,65.41481734380335
1991-03-01,66.16592693752133
1991-03-04,69.13622396722431
1991-03-05,69.75076818026629
1991-03-06,67.36087401843633
1991-03-07,66.30249231819735
1991-03-08,65.92693752133833
1991-03-11,64.83441447593034
1991-03-12,67.19016729259133
1991-03-13,69.8190508706043
1991-03-14,69.2045066575623
1991-03-15,68.31683168316832
1991-03-18,67.46329805394333
1991-03-19,70.3653123933083
1991-03-20,69.5800614544213
1991-03-21,69.95561625128029
1991-03-22,68.62410378968931
1991-03-25,66.98531922157733
1991-03-26,67.46329805394333
1991-03-27,66.26835097302835
1991-03-28,67.01946056674632
1991-04-01,65.85865483100034
1991-04-02,67.25844998292932
1991-04-03,66.47319904404233
1991-04-04,68.21440764766132
1991-04-05,68.14612495732332
1991-04-08,69.34107203823831
1991-04-09,69.17036531239332
1991-04-10,71.86753158074428
1991-04-11,71.32127005804028
1991-04-12,73.33560942301128
1991-04-15,74.80368726527826
1991-04-16,73.88187094571526
1991-04-17,74.12086036189827
1991-04-18,71.96995561625128
1991-04-19,72.14066234209628
1991-04-22,73.81358825537727
1991-04-23,71.28712871287128
1991-04-24,71.49197678388529
1991-04-25,72.20894503243429
1991-04-26,72.65278251963127
1991-04-29,72.58449982929328
1991-04-30,71.56025947422329
1991-05-01,72.55035848412427
1991-05-02,72.27722772277228
1991-05-03,72.96005462615227
1991-05-06,74.01843632639125
1991-05-07,73.84772960054626
1991-05-08,74.35984977808127
1991-05-09,74.87196995561625
1991-05-10,72.61864117446227
1991-05-13,71.38955274837829
1991-05-14,70.80914988050529
1991-05-15,71.4236940935473
1991-05-16,71.32127005804028
1991-05-17,72.31136906794127
1991-05-20,72.96005462615227
1991-05-21,73.06247866165927
1991-05-22,71.11642198702629
1991-05-23,71.76510754523729
1991-05-24,72.34551041311028
1991-05-28,72.82348924547627
1991-05-29,72.07237965175828
1991-05-30,72.78934790030728
1991-05-31,72.14066234209628
1991-06-03,72.14066234209628
1991-06-04,71.76510754523729
1991-06-05,69.8873335609423
1991-06-06,69.4093547285763
1991-06-07,69.23864800273132
1991-06-10,67.73642881529533
1991-06-11,68.14612495732332
1991-06-12,68.45339706384432
1991-06-13,67.29259132809833
1991-06-14,67.15602594742234
1991-06-17,68.07784226698533
1991-06-18,68.72652782519631
1991-06-19,68.24854899283032
1991-06-20,68.79481051553431
1991-06-21,69.06794127688632
1991-06-24,68.21440764766132
1991-06-25,68.45339706384432
1991-06-26,68.5558210993513
1991-06-27,69.9214749061113
1991-06-28,70.19460566746329
1991-07-01,70.8774325708433
1991-07-02,71.08228064185728
1991-07-03,70.57016046432231
1991-07-05,71.32127005804028
1991-07-08,72.51621713895527
1991-07-09,72.68692386480026
1991-07-10,73.16490269716627
1991-07-11,72.68692386480026
1991-07-12,74.15500170706726
1991-07-15,73.30146807784227
1991-07-16,73.91601229088425
1991-07-17,75.58893820416525
1991-07-18,74.90611130078526
1991-07-19,75.65722089450324
1991-07-22,74.15500170706726
1991-07-23,72.78934790030728
1991-07-24,73.47217480368727
1991-07-25,73.26732673267328
1991-07-26,73.33560942301128
1991-07-29,72.89177193581428
1991-07-30,73.13076135199728
1991-07-31,74.01843632639125
1991-08-01,72.61864117446227
1991-08-02,72.78934790030728
1991-08-05,73.30146807784227
1991-08-06,72.96005462615227
1991-08-07,72.92591328098327
1991-08-08,73.67702287470127
1991-08-09,73.81358825537727
1991-08-12,74.05257767156027
1991-08-13,73.67702287470127
1991-08-14,72.61864117446227
1991-08-15,73.19904404233527
1991-08-16,72.72106520996928
1991-08-19,76.71560259474222
1991-08-20,76.03277569136225
1991-08-21,73.57459883919427
1991-08-22,74.15500170706726
1991-08-23,74.46227381358825
1991-08-26,75.00853533629225
1991-08-27,75.04267668146124
1991-08-28,74.22328439740525
1991-08-29,75.00853533629225
1991-08-30,75.99863434619326
1991-09-03,75.93035165585523
1991-09-04,74.46227381358825
1991-09-05,74.05257767156027
1991-09-06,73.64288152953226
1991-09-09,72.82348924547627
1991-09-10,73.09662000682827
1991-09-11,73.88187094571526
1991-09-12,73.50631614885627
1991-09-13,74.01843632639125
1991-09-16,74.49641515875726
1991-09-17,73.81358825537727
1991-09-18,74.56469784909525
1991-09-19,74.29156708774326
1991-09-20,75.00853533629225
1991-09-23,75.34994878798224
1991-09-24,75.75964493001025
1991-09-25,75.82792762034825
1991-09-26,75.82792762034825
1991-09-27,76.20348241720724
1991-09-30,75.89621031068624
1991-10-01,75.86206896551724
1991-10-02,76.23762376237624
1991-10-03,77.39842949812224
1991-10-04,77.19358142710823
1991-10-07,78.45681119836122
1991-10-08,78.49095254353021
1991-10-09,79.0713554114032
1991-10-10,78.45681119836122
1991-10-11,78.83236599522021
1991-10-14,80.09559576647321
1991-10-15,81.46124957323319
1991-10-16,80.8125640150222
1991-10-17,81.70023898941619
1991-10-18,82.41720723796519
1991-10-21,82.07579378627517
1991-10-22,80.1638784568112
1991-10-23,79.4127688630932
1991-10-24,80.1980198019802
1991-10-25,78.93479003072721
1991-10-28,79.24206213724821
1991-10-29,78.90064868555822
1991-10-30,78.90064868555822
1991-10-31,79.78832365995221
1991-11-01,81.3246841925572
1991-11-04,81.25640150221919
1991-11-05,81.1881188118812
1991-11-06,79.8907476954592
1991-11-07,79.20792079207921
1991-11-08,78.55923523386822
1991-11-11,77.09115739160123
1991-11-12,76.81802663024924
1991-11-13,76.30590645271424
1991-11-14,76.88630932058723
1991-11-15,77.80812564015022
1991-11-18,76.47661317855923
1991-11-19,75.11095937179924
1991-11-20,75.86206896551724
1991-11-21,74.35984977808127
1991-11-22,72.41379310344827
1991-11-25,73.13076135199728
1991-11-26,71.76510754523729
1991-11-27,72.89177193581428
1991-11-29,73.33560942301128
1991-12-02,71.96995561625128
1991-12-03,70.02389894161831
1991-12-04,70.8774325708433
1991-12-05,69.6142027995903
1991-12-06,68.41925571867532
1991-12-09,66.30249231819735
1991-12-10,66.26835097302835
1991-12-11,66.60976442471835
1991-12-12,68.14612495732332
1991-12-13,68.45339706384432
1991-12-16,67.46329805394333
1991-12-17,66.40491635370434
1991-12-18,66.20006828269034
1991-12-19,65.31239330829635
1991-12-20,63.22977125298736
1991-12-23,64.11744622738136
1991-12-24,64.76613178559235
1991-12-26,63.16148856264937
1991-12-27,64.04916353704337
1991-12-30,63.67360874018436
1991-12-31,65.27825196312736
1992-01-02,66.54148173438034
1992-01-03,65.65380675998634
1992-01-06,65.58552406964834
1992-01-07,63.81017412086037
1992-01-08,61.0105838170024
1992-01-09,60.976442471833394
1992-01-10,62.23967224308639
1992-01-13,64.15158757255035
1992-01-14,63.059064527142375
1992-01-15,64.35643564356435
1992-01-16,64.56128371457835
1992-01-17,65.41481734380335
1992-01-20,64.49300102424036
1992-01-21,63.059064527142375
1992-01-22,64.66370775008536
1992-01-23,63.91259815636736
1992-01-24,64.86855582109935
1992-01-27,66.09764424718334
1992-01-28,65.44895868897235
1992-01-29,64.49300102424036
1992-01-30,64.66370775008536
1992-01-31,64.52714236940935
1992-02-03,64.73199044042336
1992-02-04,65.79037214066234
1992-02-05,66.57562307954935
1992-02-06,66.57562307954935
1992-02-07,67.83885285080233
1992-02-10,67.53158074428133
1992-02-11,65.82451348583135
1992-02-12,65.79037214066234
1992-02-13,67.19016729259133
1992-02-14,66.43905769887334
1992-02-18,61.86411744622738
1992-02-19,62.85421645612838
1992-02-20,63.298053943325364
1992-02-21,63.70775008535337
1992-02-24,62.92249914646637
1992-02-25,63.09320587231137
1992-02-26,63.02492318197337
1992-02-27,64.01502219187437
1992-02-28,63.77603277569136
1992-03-02,62.615227039945374
1992-03-03,63.63946739501537
1992-03-04,63.60532604984637
1992-03-05,63.332195288494376
1992-03-06,63.19562990781837
1992-03-09,63.741891430522365
1992-03-10,63.81017412086037
1992-03-11,63.16148856264937
1992-03-12,64.28815295322636
1992-03-13,65.48310003414134
1992-03-16,65.38067599863435
1992-03-17,65.68794810515534
1992-03-18,65.10754523728235
1992-03-19,65.85865483100034
1992-03-20,64.52714236940935
1992-03-23,65.31239330829635
1992-03-24,65.61966541481735
1992-03-25,65.51724137931035
1992-03-26,65.82451348583135
1992-03-27,65.41481734380335
1992-03-30,65.72208945032435
1992-03-31,66.37077500853535
1992-04-01,67.73642881529533
1992-04-02,67.59986343461934
1992-04-03,69.27278934790031
1992-04-06,69.8190508706043
1992-04-07,69.06794127688632
1992-04-08,70.3994537384773
1992-04-09,69.34107203823831
1992-04-10,69.78490952543531
1992-04-13,69.03379993171731
1992-04-14,67.80471150563332
1992-04-15,67.83885285080233
1992-04-16,68.99965858654832
1992-04-20,69.1020826220553
1992-04-21,69.13622396722431
1992-04-22,68.6582451348583
1992-04-23,68.6582451348583
1992-04-24,69.03379993171731
1992-04-27,69.27278934790031
1992-04-28,69.6824854899283
1992-04-29,70.91157391601229
1992-04-30,71.1847046773643
1992-05-01,71.1847046773643
1992-05-04,72.10652099692729
1992-05-05,71.01399795151929
1992-05-06,70.91157391601229
1992-05-07,70.7067258449983
1992-05-08,71.21884602253328
1992-05-11,71.69682485489929
1992-05-12,71.56025947422329
1992-05-13,70.8774325708433
1992-05-14,70.1604643222943
1992-05-15,70.63844315466031
1992-05-18,70.0580402867873
1992-05-19,68.69238648002732
1992-05-20,69.6483441447593
1992-05-21,71.35541140320927
1992-05-22,71.49197678388529
1992-05-26,75.11095937179924
1992-05-27,74.83782861044726
1992-05-28,74.94025264595425
1992-05-29,75.48651416865825
1992-06-01,75.21338340730625
1992-06-02,75.48651416865825
1992-06-03,76.57903721406623
1992-06-04,76.74974393991124
1992-06-05,77.22772277227723
1992-06-08,76.61317855923524
1992-06-09,76.20348241720724
1992-06-10,76.85216797541824
1992-06-11,76.30590645271424
1992-06-12,76.13519972686925
1992-06-15,76.34004779788324
1992-06-16,76.13519972686925
1992-06-17,76.10105838170024
1992-06-18,75.99863434619326
1992-06-19,75.99863434619326
1992-06-22,76.74974393991124
1992-06-23,77.12529873677023
1992-06-24,78.14953909184023
1992-06-25,77.09115739160123
1992-06-26,76.61317855923524
1992-06-29,75.93035165585523
1992-06-30,73.74530556503926
1992-07-01,74.63298053943326
1992-07-02,75.45237282348926
1992-07-06,74.73540457494026
1992-07-07,73.06247866165927
1992-07-08,73.09662000682827
1992-07-09,73.06247866165927
1992-07-10,72.65278251963127
1992-07-13,72.92591328098327
1992-07-14,73.26732673267328
1992-07-15,74.12086036189827
1992-07-16,74.39399112325026
1992-07-17,73.67702287470127
1992-07-20,74.39399112325026
1992-07-21,74.35984977808127
1992-07-22,74.56469784909525
1992-07-23,74.97439399112325
1992-07-24,75.04267668146124
1992-07-27,75.24752475247524
1992-07-28,75.28166609764425
1992-07-29,75.11095937179924
1992-07-30,74.53055650392625
1992-07-31,74.66712188460227
1992-08-03,73.67702287470127
1992-08-04,72.89177193581428
1992-08-05,72.31136906794127
1992-08-06,73.13076135199728
1992-08-07,72.44793444861727
1992-08-10,71.79924889040629
1992-08-11,71.38955274837829
1992-08-12,71.96995561625128
1992-08-13,72.85763059064527
1992-08-14,72.65278251963127
1992-08-17,73.23318538750426
1992-08-18,73.30146807784227
1992-08-19,72.96005462615227
1992-08-20,73.19904404233527
1992-08-21,71.96995561625128
1992-08-24,73.54045749402528
1992-08-25,72.20894503243429
1992-08-26,72.41379310344827
1992-08-27,72.14066234209628
1992-08-28,72.75520655513827
1992-08-31,73.33560942301128
1992-09-01,73.88187094571526
1992-09-02,74.05257767156027
1992-09-03,73.98429498122226
1992-09-04,74.32570843291225
1992-09-08,74.97439399112325
1992-09-09,75.07681802663025
1992-09-10,74.87196995561625
1992-09-11,75.14510071696826
1992-09-14,76.16934107203824
1992-09-15,75.72550358484125
1992-09-16,76.44247183339023
1992-09-17,76.13519972686925
1992-09-18,75.04267668146124
1992-09-21,74.83782861044726
1992-09-22,74.70126322977126
1992-09-23,75.11095937179924
1992-09-24,74.39399112325026
1992-09-25,74.01843632639125
1992-09-28,74.29156708774326
1992-09-29,73.98429498122226
1992-09-30,74.12086036189827
1992-10-01,74.53055650392625
1992-10-02,74.83782861044726
1992-10-05,74.32570843291225
1992-10-06,74.46227381358825
1992-10-07,74.73540457494026
1992-10-08,75.07681802663025
1992-10-09,76.37418914305223
1992-10-12,76.13519972686925
1992-10-13,75.41823147832025
1992-10-14,75.38409013315123
1992-10-15,76.23762376237624
1992-10-16,76.06691703653125
1992-10-19,75.58893820416525
1992-10-20,74.63298053943326
1992-10-21,73.77944691020826
1992-10-22,72.89177193581428
1992-10-23,72.34551041311028
1992-10-26,72.61864117446227
1992-10-27,71.76510754523729
1992-10-28,72.10652099692729
1992-10-29,70.7067258449983
1992-10-30,70.3994537384773
1992-11-02,70.91157391601229
1992-11-03,70.6725844998293
1992-11-04,69.4093547285763
1992-11-05,70.4677364288153
1992-11-06,69.30693069306932
1992-11-09,70.3994537384773
1992-11-10,69.8873335609423
1992-11-11,69.8873335609423
1992-11-12,68.99965858654832
1992-11-13,68.5558210993513
1992-11-16,69.54592010925231
1992-11-17,69.17036531239332
1992-11-18,68.93137589621031
1992-11-19,70.1263229771253
1992-11-20,69.6483441447593
1992-11-23,68.96551724137932
1992-11-24,69.03379993171731
1992-11-25,69.2045066575623
1992-11-30,67.90713554114033
1992-12-01,66.60976442471835
1992-12-02,66.40491635370434
1992-12-03,65.14168658245134
1992-12-04,64.66370775008536
1992-12-07,65.48310003414134
1992-12-08,64.32229429839535
1992-12-09,64.32229429839535
1992-12-10,65.82451348583135
1992-12-11,65.17582792762035
1992-12-14,65.17582792762035
1992-12-15,64.69784909525436
1992-12-16,66.26835097302835
1992-12-17,67.25844998292932
1992-12-18,67.70228747012632
1992-12-21,68.21440764766132
1992-12-22,67.73642881529533
1992-12-23,68.11198361215432
1992-12-28,67.66814612495733
1992-12-29,67.05360191191532
1992-12-30,66.88289518607033
1992-12-31,66.57562307954935
1993-01-04,65.00512120177535
1993-01-05,65.75623079549335
1993-01-06,65.00512120177535
1993-01-07,64.69784909525436
1993-01-08,64.45885967907135
1993-01-11,64.11744622738136
1993-01-12,62.75179242062136
1993-01-13,63.16148856264937
1993-01-14,63.84431546602936
1993-01-15,64.42471833390236
1993-01-18,64.42471833390236
1993-01-19,63.43461932400136
1993-01-20,62.58108569477637
1993-01-21,62.58108569477637
1993-01-22,64.28815295322636
1993-01-25,67.12188460225333
1993-01-26,67.05360191191532
1993-01-27,67.12188460225333
1993-01-28,69.6824854899283
1993-01-29,69.17036531239332
1993-02-01,69.34107203823831
1993-02-02,68.28269033799931
1993-02-03,68.04370092181632
1993-02-04,69.30693069306932
1993-02-05,68.99965858654832
1993-02-08,68.5558210993513
1993-02-09,68.45339706384432
1993-02-10,68.89723455104131
1993-02-11,69.17036531239332
1993-02-12,68.21440764766132
1993-02-16,66.67804711505634
1993-02-17,65.99522021167633
1993-02-18,66.30249231819735
1993-02-19,66.98531922157733
1993-02-22,68.35097302833731
1993-02-23,69.9214749061113
1993-02-24,70.09218163195631
1993-02-25,70.3653123933083
1993-02-26,70.33117104813931
1993-03-01,70.33117104813931
1993-03-02,69.8873335609423
1993-03-03,69.9214749061113
1993-03-04,71.9358142710823
1993-03-05,71.45783543871629
1993-03-08,70.7067258449983
1993-03-09,70.6043018094913
1993-03-10,69.6142027995903
1993-03-11,68.72652782519631
1993-03-12,69.27278934790031
1993-03-15,68.82895186070331
1993-03-16,68.72652782519631
1993-03-17,68.86309320587232
1993-03-18,69.27278934790031
1993-03-19,68.5558210993513
1993-03-22,66.64390576988734
1993-03-23,68.38511437350631
1993-03-24,69.1020826220553
1993-03-25,69.6824854899283
1993-03-26,69.6824854899283
1993-03-29,69.27278934790031
1993-03-30,69.23864800273132
1993-03-31,69.78490952543531
1993-04-01,70.0580402867873
1993-04-02,70.50187777398429
1993-04-05,70.3994537384773
1993-04-06,69.30693069306932
1993-04-07,69.54592010925231
1993-04-08,69.03379993171731
1993-04-12,69.8531922157733
1993-04-13,69.8531922157733
1993-04-14,69.6483441447593
1993-04-15,69.03379993171731
1993-04-16,68.76066917036532
1993-04-19,68.24854899283032
1993-04-20,67.73642881529533
1993-04-21,69.54592010925231
1993-04-22,68.79481051553431
1993-04-23,69.44349607374531
1993-04-26,69.30693069306932
1993-04-27,68.89723455104131
1993-04-28,68.93137589621031
1993-04-29,70.26288835780129
1993-04-30,70.09218163195631
1993-05-03,70.2287470126323
1993-05-04,69.6142027995903
1993-05-05,69.8531922157733
1993-05-06,69.8873335609423
1993-05-07,69.78490952543531
1993-05-10,69.78490952543531
1993-05-11,69.44349607374531
1993-05-12,68.96551724137932
1993-05-13,67.53158074428133
1993-05-14,66.50734038921134
1993-05-17,66.60976442471835
1993-05-18,66.02936155684534
1993-05-19,65.38067599863435
1993-05-20,66.71218846022533
1993-05-21,67.87299419597132
1993-05-24,67.32673267326732
1993-05-25,67.94127688630932
1993-05-26,67.90713554114033
1993-05-27,68.48753840901331
1993-05-28,68.35097302833731
1993-06-01,69.1020826220553
1993-06-02,68.38511437350631
1993-06-03,67.39501536360532
1993-06-04,67.49743939911232
1993-06-07,66.71218846022533
1993-06-08,67.08774325708433
1993-06-09,67.05360191191532
1993-06-10,65.82451348583135
1993-06-11,64.80027313076135
1993-06-14,64.49300102424036
1993-06-15,63.43461932400136
1993-06-16,64.32229429839535
1993-06-17,63.84431546602936
1993-06-18,63.741891430522365
1993-06-21,63.57118470467738
1993-06-22,62.88835780129738
1993-06-23,62.88835780129738
1993-06-24,64.49300102424036
1993-06-25,64.32229429839535
1993-06-28,64.52714236940935
1993-06-29,64.90269716626835
1993-06-30,64.35643564356435
1993-07-01,62.990781836804366
1993-07-02,61.283714578354385
1993-07-06,62.44452031410037
1993-07-07,61.52270399453739
1993-07-08,60.73745305565039
1993-07-09,61.07886650734039
1993-07-12,61.79583475588939
1993-07-13,61.89825879139638
1993-07-14,59.7132127005804
1993-07-15,60.3277569136224
1993-07-16,58.757255035848424
1993-07-19,60.430180949129394
1993-07-20,58.34755889382042
1993-07-21,61.21543188801639
1993-07-22,60.1911915329464
1993-07-23,60.60088767497439
1993-07-26,61.69341072038239
1993-07-27,62.88835780129738
1993-07-28,62.23967224308639
1993-07-29,61.86411744622738
1993-07-30,61.04472516217139
1993-08-02,61.35199726869238
1993-08-03,60.9423011266644
1993-08-04,60.771594400819396
1993-08-05,59.9863434619324
1993-08-06,58.96210310686241
1993-08-09,59.918060771594405
1993-08-10,59.815636736087406
1993-08-11,61.04472516217139
1993-08-12,62.06896551724138
1993-08-13,61.93240013656538
1993-08-16,60.976442471833394
1993-08-17,61.1812905428474
1993-08-18,60.2936155684534
1993-08-19,60.25947422328439
1993-08-20,61.76169341072038
1993-08-23,63.26391259815637
1993-08-24,62.64936838511438
1993-08-25,62.54694434960738
1993-08-26,62.68350973028337
1993-08-27,64.18572891771936
1993-08-30,63.94673950153636
1993-08-31,62.44452031410037
1993-09-01,61.35199726869238
1993-09-02,61.35199726869238
1993-09-03,60.53260498463639
1993-09-07,58.279276203482425
1993-09-08,58.14271082280642
1993-09-09,57.93786275179242
1993-09-10,57.220894503243436
1993-09-13,57.869580061454414
1993-09-14,57.90372140662342
1993-09-15,57.562307954933424
1993-09-16,57.459883919426424
1993-09-17,58.279276203482425
1993-09-20,60.430180949129394
1993-09-21,61.86411744622738
1993-09-22,60.054626152270394
1993-09-23,60.1911915329464
1993-09-24,59.9863434619324
1993-09-27,60.53260498463639
1993-09-28,61.31785592352339
1993-09-29,63.741891430522365
1993-09-30,64.15158757255035
1993-10-01,63.60532604984637
1993-10-04,62.88835780129738
1993-10-05,62.78593376579038
1993-10-06,62.88835780129738
1993-10-07,63.12734721748037
1993-10-08,63.332195288494376
1993-10-11,64.08330488221236
1993-10-12,63.87845681119837
1993-10-13,63.63946739501537
1993-10-14,63.16148856264937
1993-10-15,62.37623762376238
1993-10-18,61.89825879139638
1993-10-19,61.65926937521338
1993-10-20,62.27381358825538
1993-10-21,62.27381358825538
1993-10-22,61.69341072038239
1993-10-25,59.7814953909184
1993-10-26,59.8839194264254
1993-10-27,60.25947422328439
1993-10-28,59.30351655855242
1993-10-29,57.76715602594743
1993-11-01,58.791396381017414
1993-11-02,58.44998292932742
1993-11-03,59.7132127005804
1993-11-04,59.4059405940594
1993-11-05,58.34755889382042
1993-11-08,57.050187777398435
1993-11-09,56.87948105155344
1993-11-10,56.503926254694434
1993-11-11,57.69887333560943
1993-11-12,57.084329122567425
1993-11-15,57.220894503243436
1993-11-16,57.255035848412426
1993-11-17,58.17685216797541
1993-11-18,56.98190508706043
1993-11-19,56.53806759986343
1993-11-22,58.38170023898942
1993-11-23,56.77705701604643
1993-11-24,55.92352338682144
1993-11-29,52.27039945373848
1993-11-30,52.680095595766474
1993-12-01,52.85080232161148
1993-12-02,51.04131102765449
1993-12-03,51.109593717992496
1993-12-06,49.7439399112325
1993-12-07,50.1877773984295
1993-12-08,49.812222601570504
1993-12-09,49.94878798224651
1993-12-10,51.451007169682484
1993-12-13,49.57323318538751
1993-12-14,49.57323318538751
1993-12-15,49.19767838852851
1993-12-16,48.58313417548652
1993-12-17,47.49061113007853
1993-12-20,48.41242744964151
1993-12-21,49.02697166268351
1993-12-22,50.4267668146125
1993-12-23,49.43666780471151
1993-12-27,48.24172072379652
1993-12-28,48.17343803345852
1993-12-29,49.30010242403551
1993-12-30,48.378286104472515
1994-01-03,49.709798566063505
1994-01-04,50.085353362922504
1994-01-05,52.37282348924548
1994-01-06,52.64595425059747
1994-01-07,52.30454079890748
1994-01-10,50.085353362922504
1994-01-11,50.69989757596449
1994-01-12,48.924547627176516
1994-01-13,49.53909184021851
1994-01-14,50.46090815978149
1994-01-17,51.55343120518948
1994-01-18,50.76818026630249
1994-01-19,51.96312734721749
1994-01-20,51.55343120518948
1994-01-21,51.55343120518948
1994-01-24,51.79242062137248
1994-01-25,51.79242062137248
1994-01-26,52.81666097644248
1994-01-27,52.64595425059747
1994-01-28,52.37282348924548
1994-01-31,51.86070331171047
1994-02-01,54.35302150904746
1994-02-02,54.762717651075455
1994-02-03,54.250597473540466
1994-02-04,53.36292249914647
1994-02-07,52.065551382724486
1994-02-08,51.92898600204848
1994-02-09,49.8463639467395
1994-02-10,49.709798566063505
1994-02-11,50.2560600887675
1994-02-14,48.24172072379652
1994-02-15,48.00273130761352
1994-02-16,47.55889382041653
1994-02-17,48.58313417548652
1994-02-18,48.51485148514852
1994-02-22,48.61727552065552
1994-02-23,48.61727552065552
1994-02-24,50.4267668146125
1994-02-25,49.7439399112325
1994-02-28,49.43666780471151
1994-03-01,50.085353362922504
1994-03-02,50.392625469443495
1994-03-03,50.3584841242745
1994-03-04,49.7439399112325
1994-03-07,48.13929668828952
1994-03-08,48.13929668828952
1994-03-09,48.41242744964151
1994-03-10,48.275862068965516
1994-03-11,49.30010242403551
1994-03-14,49.47080914988051
1994-03-15,50.6316148856265
1994-03-16,51.41686582451349
1994-03-17,50.59747354045749
1994-03-18,50.8023216114715
1994-03-21,52.475247524752476
1994-03-22,51.89484465687948
1994-03-23,51.89484465687948
1994-03-24,51.48514851485149
1994-03-25,51.65585524069649
1994-03-28,48.071013997951525
1994-03-29,48.89040628200752
1994-03-30,49.09525435302151
1994-03-31,50.495049504950494
1994-04-04,53.909184021850464
1994-04-05,53.73847729600546
1994-04-06,53.840901331512455
1994-04-07,53.19221577330146
1994-04-08,53.15807442813247
1994-04-11,54.18231478320246
1994-04-12,53.77261864117446
1994-04-13,54.52372823489245
1994-04-14,55.41140320928645
1994-04-15,56.60635029020143
1994-04-18,56.84533970638442
1994-04-19,56.29907818368043
1994-04-20,57.425742574257434
1994-04-21,57.425742574257434
1994-04-22,58.51826561966542
1994-04-25,58.85967907135541
1994-04-26,57.733014680778425
1994-04-28,56.57220894503243
1994-04-29,57.69887333560943
1994-05-02,58.586548310003415
1994-05-03,57.66473199044043
1994-05-04,57.562307954933424
1994-05-05,59.03038579720041
1994-05-06,60.430180949129394
1994-05-09,60.53260498463639
1994-05-10,60.1229088426084
1994-05-11,60.9423011266644
1994-05-12,62.41037896893138
1994-05-13,62.17138955274838
1994-05-16,61.65926937521338
1994-05-17,60.054626152270394
1994-05-18,61.420279959030374
1994-05-19,62.990781836804366
1994-05-20,64.59542505974736
1994-05-23,64.59542505974736
1994-05-24,61.1812905428474
1994-05-25,60.430180949129394
1994-05-26,60.56674632980539
1994-05-27,61.55684533970639
1994-05-31,62.512803004438375
1994-06-01,62.17138955274838
1994-06-02,62.23967224308639
1994-06-03,61.86411744622738
1994-06-06,61.82997610105838
1994-06-07,60.60088767497439
1994-06-08,62.615227039945374
1994-06-09,63.741891430522365
1994-06-10,63.09320587231137
1994-06-13,64.15158757255035
1994-06-14,64.69784909525436
1994-06-15,67.80471150563332
1994-06-16,67.97541823147833
1994-06-17,70.7067258449983
1994-06-20,70.84329122567429
1994-06-21,68.41925571867532
1994-06-22,68.41925571867532
1994-06-23,66.30249231819735
1994-06-24,65.96107886650734
1994-06-27,64.90269716626835
1994-06-28,65.79037214066234
1994-06-29,64.28815295322636
1994-06-30,66.13178559235234
1994-07-01,66.67804711505634
1994-07-05,66.98531922157733
1994-07-06,65.68794810515534
1994-07-07,65.27825196312736
1994-07-08,66.50734038921134
1994-07-11,68.89723455104131
1994-07-12,69.75076818026629
1994-07-13,68.79481051553431
1994-07-14,68.89723455104131
1994-07-15,67.90713554114033
1994-07-18,66.60976442471835
1994-07-19,66.43905769887334
1994-07-20,65.55138272447934
1994-07-21,65.55138272447934
1994-07-22,66.95117787640832
1994-07-25,66.26835097302835
1994-07-26,65.58552406964834
1994-07-27,66.43905769887334
1994-07-28,67.49743939911232
1994-07-29,69.30693069306932
1994-08-01,70.1604643222943
1994-08-02,68.76066917036532
1994-08-03,68.62410378968931
1994-08-04,68.76066917036532
1994-08-05,65.92693752133833
1994-08-08,66.30249231819735
1994-08-09,65.89279617616934
1994-08-10,64.73199044042336
1994-08-11,63.70775008535337
1994-08-12,61.62512803004439
1994-08-15,62.137248207579376
1994-08-16,60.53260498463639
1994-08-17,61.82997610105838
1994-08-18,60.498463639467396
1994-08-19,60.02048480710139
1994-08-22,57.59644930010243
1994-08-23,57.59644930010243
1994-08-24,59.7132127005804
1994-08-25,59.815636736087406
1994-08-26,58.51826561966542
1994-08-29,60.1911915329464
1994-08-30,59.57664731990441
1994-08-31,59.952202116763395
1994-09-01,59.644930010242405
1994-09-02,59.815636736087406
1994-09-06,60.15705018777741
1994-09-07,60.805735745988386
1994-09-08,60.3277569136224
1994-09-09,59.84977808125641
1994-09-12,59.37179924889041
1994-09-13,58.44998292932742
1994-09-14,57.050187777398435
1994-09-15,57.01604643222943
1994-09-16,57.459883919426424
1994-09-19,58.757255035848424
1994-09-20,58.85967907135541
1994-09-21,58.791396381017414
1994-09-22,60.3277569136224
1994-09-23,60.87401843632638
1994-09-26,60.3277569136224
1994-09-27,59.918060771594405
1994-09-28,60.3618982587914
1994-09-29,61.386138613861384
1994-09-30,62.78593376579038
1994-10-03,62.103106862410385
1994-10-04,61.727552065551386
1994-10-05,61.4885626493684
1994-10-06,62.307954933424384
1994-10-07,62.34209627859338
1994-10-10,61.420279959030374
1994-10-11,60.430180949129394
1994-10-12,58.688972345510415
1994-10-13,58.484124274496416
1994-10-14,57.93786275179242
1994-10-17,58.24513485831342
1994-10-18,58.791396381017414
1994-10-19,59.47422328439741
1994-10-20,59.8839194264254
1994-10-21,59.8839194264254
1994-10-24,59.57664731990441
1994-10-25,60.02048480710139
1994-10-26,61.283714578354385
1994-10-27,61.966541481734374
1994-10-28,62.23967224308639
1994-10-31,62.103106862410385
1994-11-01,63.77603277569136
1994-11-02,64.62956640491635
1994-11-03,64.52714236940935
1994-11-04,64.04916353704337
1994-11-07,62.78593376579038
1994-11-08,63.43461932400136
1994-11-09,62.000682826903386
1994-11-10,62.103106862410385
1994-11-11,61.59098668487538
1994-11-14,59.644930010242405
1994-11-15,60.02048480710139
1994-11-16,59.30351655855242
1994-11-17,60.25947422328439
1994-11-18,59.644930010242405
1994-11-21,59.644930010242405
1994-11-22,60.83987709115739
1994-11-23,61.966541481734374
1994-11-28,61.86411744622738
1994-11-29,61.62512803004439
1994-11-30,61.62512803004439
1994-12-01,60.83987709115739
1994-12-02,58.00614544213042
1994-12-05,57.52816660976443
1994-12-06,57.835438716285424
1994-12-07,57.59644930010243
1994-12-08,58.44998292932742
1994-12-09,58.484124274496416
1994-12-12,57.733014680778425
1994-12-13,57.733014680778425
1994-12-14,58.00614544213042
1994-12-15,57.11847046773644
1994-12-16,57.220894503243436
1994-12-19,57.733014680778425
1994-12-20,57.97200409696143
1994-12-21,58.10856947763742
1994-12-22,58.34755889382042
1994-12-23,59.23523386821441
1994-12-27,60.2253328781154
1994-12-28,60.73745305565039
1994-12-29,60.498463639467396
1994-12-30,60.635029020143406
1995-01-03,59.54250597473541
1995-01-04,59.67907135541141
1995-01-05,60.498463639467396
1995-01-06,60.3277569136224
1995-01-09,59.4059405940594
1995-01-10,59.30351655855242
1995-01-11,60.498463639467396
1995-01-12,60.498463639467396
1995-01-13,59.815636736087406
1995-01-16,61.04472516217139
1995-01-17,62.54694434960738
1995-01-18,63.94673950153636
1995-01-19,63.81017412086037
1995-01-20,63.67360874018436
1995-01-23,61.79583475588939
1995-01-24,62.78593376579038
1995-01-25,62.78593376579038
1995-01-26,62.27381358825538
1995-01-27,61.283714578354385
1995-01-30,61.76169341072038
1995-01-31,62.78593376579038
1995-02-01,63.22977125298736
1995-02-02,63.298053943325364
1995-02-03,64.11744622738136
1995-02-06,63.468760669170365
1995-02-07,63.02492318197337
1995-02-08,62.47866165926938
1995-02-09,62.27381358825538
1995-02-10,63.02492318197337
1995-02-13,62.37623762376238
1995-02-14,62.54694434960738
1995-02-15,62.88835780129738
1995-02-16,63.468760669170365
1995-02-17,64.56128371457835
1995-02-21,64.39057698873336
1995-02-22,63.60532604984637
1995-02-23,62.92249914646637
1995-02-24,63.81017412086037
1995-02-27,63.70775008535337
1995-02-28,63.12734721748037
1995-03-01,62.54694434960738
1995-03-02,62.64936838511438
1995-03-03,63.60532604984637
1995-03-06,63.468760669170365
1995-03-07,63.60532604984637
1995-03-08,62.58108569477637
1995-03-09,61.52270399453739
1995-03-10,61.14714919767839
1995-03-13,62.103106862410385
1995-03-14,61.249573233185394
1995-03-15,61.82997610105838
1995-03-16,62.000682826903386
1995-03-17,62.34209627859338
1995-03-20,63.366336633663366
1995-03-21,62.92249914646637
1995-03-22,64.73199044042336
1995-03-23,64.59542505974736
1995-03-24,64.11744622738136
1995-03-27,65.10754523728235
1995-03-28,65.03926254694436
1995-03-29,65.61966541481735
1995-03-30,65.38067599863435
1995-03-31,65.44895868897235
1995-04-03,64.97097985660636
1995-04-04,65.48310003414134
1995-04-05,66.78047115056333
1995-04-06,67.49743939911232
1995-04-07,67.15602594742234
1995-04-10,66.88289518607033
1995-04-11,67.87299419597132
1995-04-12,66.74632980539434
1995-04-13,65.38067599863435
1995-04-17,67.36087401843633
1995-04-18,68.45339706384432
1995-04-19,69.6824854899283
1995-04-20,70.0580402867873
1995-04-21,69.6824854899283
1995-04-24,68.69238648002732
1995-04-25,69.27278934790031
1995-04-26,68.79481051553431
1995-04-27,69.75076818026629
1995-04-28,69.5800614544213
1995-05-01,69.9897575964493
1995-05-02,68.58996244452031
1995-05-03,67.90713554114033
1995-05-04,69.27278934790031
1995-05-05,69.4093547285763
1995-05-08,69.27278934790031
1995-05-09,66.95117787640832
1995-05-10,67.42915670877433
1995-05-11,66.26835097302835
1995-05-12,66.64390576988734
1995-05-15,67.94127688630932
1995-05-16,68.5558210993513
1995-05-17,68.14612495732332
1995-05-18,68.28269033799931
1995-05-19,68.48753840901331
1995-05-22,67.63400477978833
1995-05-23,67.49743939911232
1995-05-24,66.26835097302835
1995-05-25,65.75623079549335
1995-05-26,63.81017412086037
1995-05-30,64.11744622738136
1995-05-31,64.49300102424036
1995-06-01,64.52714236940935
1995-06-02,65.34653465346535
1995-06-05,65.72208945032435
1995-06-06,65.07340389211335
1995-06-07,65.31239330829635
1995-06-08,64.56128371457835
1995-06-09,64.18572891771936
1995-06-12,64.39057698873336
1995-06-13,64.56128371457835
1995-06-14,65.03926254694436
1995-06-15,64.66370775008536
1995-06-16,64.32229429839535
1995-06-19,62.20553089791737
1995-06-20,61.4885626493684
1995-06-21,59.610788665073414
1995-06-22,59.747354045749404
1995-06-23,59.7132127005804
1995-06-26,60.2253328781154
1995-06-27,60.6691703653124
1995-06-28,61.35199726869238
1995-06-29,59.952202116763395
1995-06-30,59.4059405940594
1995-07-05,58.65483100034141
1995-07-06,59.30351655855242
1995-07-07,58.51826561966542
1995-07-10,59.2010925230454
1995-07-11,59.13280983270741
1995-07-12,59.7132127005804
1995-07-13,58.89382041652441
1995-07-14,59.13280983270741
1995-07-17,58.723113690679405
1995-07-18,59.23523386821441
1995-07-19,59.166951177876406
1995-07-20,58.07442813246843
1995-07-21,57.32331853875042
1995-07-24,57.63059064527142
1995-07-25,57.80129737111642
1995-07-26,59.747354045749404
1995-07-27,59.7132127005804
1995-07-28,59.5083646295664
1995-07-31,59.952202116763395
1995-08-01,60.430180949129394
1995-08-02,60.7033117104814
1995-08-03,60.498463639467396
1995-08-04,60.4643222942984
1995-08-07,60.25947422328439
1995-08-08,60.73745305565039
1995-08-09,60.7033117104814
1995-08-10,61.07886650734039
1995-08-11,60.976442471833394
1995-08-14,59.67907135541141
1995-08-15,59.644930010242405
1995-08-16,59.918060771594405
1995-08-17,60.2936155684534
1995-08-18,61.0105838170024
1995-08-21,62.307954933424384
1995-08-22,63.298053943325364
1995-08-23,61.45442130419939
1995-08-24,60.976442471833394
1995-08-25,60.976442471833394
1995-08-28,60.83987709115739
1995-08-29,60.83987709115739
1995-08-30,60.73745305565039
1995-08-31,60.9081597814954
1995-09-01,61.59098668487538
1995-09-05,63.43461932400136
1995-09-06,62.68350973028337
1995-09-07,62.37623762376238
1995-09-08,62.956640491635376
1995-09-11,63.059064527142375
1995-09-12,63.63946739501537
1995-09-13,63.298053943325364
1995-09-14,64.35643564356435
1995-09-15,64.59542505974736
1995-09-18,64.62956640491635
1995-09-19,64.69784909525436
1995-09-20,63.81017412086037
1995-09-21,59.952202116763395
1995-09-22,58.89382041652441
1995-09-25,59.644930010242405
1995-09-26,59.166951177876406
1995-09-27,59.9863434619324
1995-09-28,60.635029020143406
1995-09-29,59.8839194264254
1995-10-02,60.2253328781154
1995-10-03,59.952202116763395
1995-10-04,59.064527142369414
1995-10-05,57.59644930010243
1995-10-06,58.14271082280642
1995-10-09,59.09866848753841
1995-10-10,59.47422328439741
1995-10-11,59.03038579720041
1995-10-12,58.44998292932742
1995-10-13,59.440081939228406
1995-10-16,60.054626152270394
1995-10-17,60.3618982587914
1995-10-18,60.1229088426084
1995-10-19,59.13280983270741
1995-10-20,59.30351655855242
1995-10-23,58.757255035848424
1995-10-24,59.13280983270741
1995-10-25,59.13280983270741
1995-10-26,60.02048480710139
1995-10-27,59.8839194264254
1995-10-30,60.15705018777741
1995-10-31,60.2253328781154
1995-11-01,60.56674632980539
1995-11-02,61.386138613861384
1995-11-03,61.249573233185394
1995-11-06,60.4643222942984
1995-11-07,60.25947422328439
1995-11-08,60.83987709115739
1995-11-09,60.9081597814954
1995-11-10,60.87401843632638
1995-11-13,60.771594400819396
1995-11-14,60.83987709115739
1995-11-15,61.21543188801639
1995-11-16,62.103106862410385
1995-11-17,63.40047797883237
1995-11-20,63.40047797883237
1995-11-21,61.35199726869238
1995-11-22,61.31785592352339
1995-11-27,62.75179242062136
1995-11-28,62.58108569477637
1995-11-29,62.34209627859338
1995-11-30,62.06896551724138
1995-12-01,62.92249914646637
1995-12-04,63.60532604984637
1995-12-05,63.741891430522365
1995-12-06,64.08330488221236
1995-12-07,63.94673950153636
1995-12-08,64.76613178559235
1995-12-11,63.70775008535337
1995-12-12,63.94673950153636
1995-12-13,64.86855582109935
1995-12-14,65.24411061795836
1995-12-15,66.60976442471835
1995-12-18,67.15602594742234
1995-12-19,65.27825196312736
1995-12-20,64.76613178559235
1995-12-21,64.73199044042336
1995-12-22,65.34653465346535
1995-12-26,65.79037214066234
1995-12-27,66.57562307954935
1995-12-28,66.09764424718334
1995-12-29,66.74632980539434
1996-01-02,67.63400477978833
1996-01-03,67.90713554114033
1996-01-04,67.97541823147833
1996-01-05,69.17036531239332
1996-01-08,69.17036531239332
1996-01-09,68.11198361215432
1996-01-10,67.15602594742234
1996-01-11,64.15158757255035
1996-01-12,62.307954933424384
1996-01-15,62.75179242062136
1996-01-16,61.62512803004439
1996-01-17,63.22977125298736
1996-01-18,65.48310003414134
1996-01-19,64.66370775008536
1996-01-22,63.57118470467738
1996-01-23,61.65926937521338
1996-01-24,62.41037896893138
1996-01-25,60.3277569136224
1996-01-26,60.53260498463639
1996-01-29,59.57664731990441
1996-01-30,59.952202116763395
1996-01-31,60.56674632980539
1996-02-01,60.4643222942984
1996-02-02,60.771594400819396
1996-02-05,59.8839194264254
1996-02-06,60.3960396039604
1996-02-07,60.56674632980539
1996-02-08,60.635029020143406
1996-02-09,60.7033117104814
1996-02-12,61.35199726869238
1996-02-13,64.56128371457835
1996-02-14,64.73199044042336
1996-02-15,65.00512120177535
1996-02-16,65.41481734380335
1996-02-20,71.86753158074428
1996-02-21,67.29259132809833
1996-02-22,67.77057016046433
1996-02-23,65.07340389211335
1996-02-26,66.20006828269034
1996-02-27,67.25844998292932
1996-02-28,65.85865483100034
1996-02-29,66.71218846022533
1996-03-01,66.37077500853535
1996-03-04,65.55138272447934
1996-03-05,66.71218846022533
1996-03-06,68.93137589621031
1996-03-07,67.63400477978833
1996-03-08,66.95117787640832
1996-03-11,67.97541823147833
1996-03-12,69.8531922157733
1996-03-13,70.26288835780129
1996-03-14,72.24308637760328
1996-03-15,75.07681802663025
1996-03-18,79.44691020826221
1996-03-19,83.10003414134516
1996-03-20,78.72994195971322
1996-03-21,71.86753158074428
1996-03-22,74.94025264595425
1996-03-25,76.47661317855923
1996-03-26,75.75964493001025
1996-03-27,74.39399112325026
1996-03-28,73.09662000682827
1996-03-29,73.30146807784227
1996-04-01,75.99863434619326
1996-04-02,77.50085353362923
1996-04-03,76.03277569136225
1996-04-04,77.67156025947422
1996-04-08,78.62751792420623
1996-04-09,78.72994195971322
1996-04-10,82.65619665414819
1996-04-11,86.51416865824514
1996-04-12,82.92932741550017
1996-04-15,85.55821099351314
1996-04-16,83.54387162854216
1996-04-17,84.22669853192217
1996-04-18,81.3246841925572
1996-04-19,81.76852167975419
1996-04-22,82.17821782178218
1996-04-23,77.50085353362923
1996-04-24,76.47661317855923
1996-04-25,75.79378627517924
1996-04-26,76.20348241720724
1996-04-29,76.57903721406623
1996-04-30,72.37965175827927
1996-05-01,71.04813929668829
1996-05-02,71.21884602253328
1996-05-03,72.31136906794127
1996-05-06,71.83339023557528
1996-05-07,72.07237965175828
1996-05-08,71.69682485489929
1996-05-09,70.6043018094913
1996-05-10,71.7309662000683
1996-05-13,72.92591328098327
1996-05-14,73.13076135199728
1996-05-15,73.33560942301128
1996-05-16,70.94571526118129
1996-05-17,70.4677364288153
1996-05-20,76.74974393991124
1996-05-21,77.33014680778423
1996-05-22,73.06247866165927
1996-05-23,72.48207579378628
1996-05-24,72.78934790030728
1996-05-28,72.07237965175828
1996-05-29,70.8774325708433
1996-05-30,68.07784226698533
1996-05-31,67.46329805394333
1996-06-03,67.77057016046433
1996-06-04,69.78490952543531
1996-06-05,67.32673267326732
1996-06-06,68.45339706384432
1996-06-07,69.23864800273132
1996-06-10,69.13622396722431
1996-06-11,68.62410378968931
1996-06-12,68.58996244452031
1996-06-13,68.31683168316832
1996-06-14,69.44349607374531
1996-06-17,75.58893820416525
1996-06-18,73.26732673267328
1996-06-19,70.8774325708433
1996-06-20,70.50187777398429
1996-06-21,68.00955957664733
1996-06-24,68.21440764766132
1996-06-25,68.14612495732332
1996-06-26,70.50187777398429
1996-06-27,71.76510754523729
1996-06-28,71.4236940935473
1996-07-01,73.50631614885627
1996-07-02,72.14066234209628
1996-07-03,72.41379310344827
1996-07-08,72.61864117446227
1996-07-09,73.09662000682827
1996-07-10,73.57459883919427
1996-07-11,74.94025264595425
1996-07-12,74.76954592010925
1996-07-15,76.74974393991124
1996-07-16,76.40833048822124
1996-07-17,74.42813246841926
1996-07-18,74.01843632639125
1996-07-19,71.69682485489929
1996-07-22,73.06247866165927
1996-07-23,71.7309662000683
1996-07-24,70.6043018094913
1996-07-25,70.80914988050529
1996-07-26,68.6582451348583
1996-07-29,69.23864800273132
1996-07-30,69.4093547285763
1996-07-31,69.7166268350973
1996-08-01,71.83339023557528
1996-08-02,72.85763059064527
1996-08-05,72.48207579378628
1996-08-06,72.14066234209628
1996-08-07,73.13076135199728
1996-08-08,73.57459883919427
1996-08-09,73.64288152953226
1996-08-12,75.86206896551724
1996-08-13,76.37418914305223
1996-08-14,75.52065551382725
1996-08-15,74.76954592010925
1996-08-16,77.36428815295324
1996-08-19,79.4127688630932
1996-08-20,78.04711505633321
1996-08-21,74.15500170706726
1996-08-22,76.13519972686925
1996-08-23,74.97439399112325
1996-08-26,73.81358825537727
1996-08-27,73.60874018436327
1996-08-28,74.12086036189827
1996-08-29,75.62307954933424
1996-08-30,75.96449300102425
1996-09-03,79.8907476954592
1996-09-04,79.3444861727552
1996-09-05,80.02731307613521
1996-09-06,81.4271082280642
1996-09-09,81.01741208603619
1996-09-10,82.34892454762718
1996-09-11,84.49982929327416
1996-09-12,85.35336292249916
1996-09-13,83.68043700921817
1996-09-16,79.17377944691022
1996-09-17,79.5834755889382
1996-09-18,81.56367360874019
1996-09-19,80.3687265278252
1996-09-20,80.67599863434619
1996-09-23,79.78832365995221
1996-09-24,82.17821782178218
1996-09-25,83.50973028337317
1996-09-26,82.48548992830318
1996-09-27,83.98770911573916
1996-09-30,83.23659952202117
1996-10-01,82.41720723796519
1996-10-02,82.10993513144417
1996-10-03,84.70467736428814
1996-10-04,84.43154660293615
1996-10-07,86.17275520655514
1996-10-08,87.19699556162513
1996-10-09,85.59235233868215
1996-10-10,82.82690337999318
1996-10-11,84.19255718675316
1996-10-14,87.47012632297712
1996-10-15,86.78729941959715
1996-10-16,85.93376579037215
1996-10-17,86.78729941959715
1996-10-18,88.05052919085013
1996-10-21,88.49436667804711
1996-10-22,87.91396381017412
1996-10-23,84.87538409013315
1996-10-24,83.68043700921817
1996-10-25,84.87538409013315
1996-10-28,84.84124274496416
1996-10-29,83.10003414134516
1996-10-30,82.89518607033118
1996-10-31,79.72004096961422
1996-11-01,78.62751792420623
1996-11-04,77.80812564015022
1996-11-05,77.29600546261524
1996-11-06,77.46671218846024
1996-11-07,77.63741891430523
1996-11-08,80.5394332536702
1996-11-11,79.78832365995221
1996-11-12,79.72004096961422
1996-11-13,82.34892454762718
1996-11-14,83.33902355752817
1996-11-15,82.51963127347219
1996-11-18,81.52953226357118
1996-11-19,83.61215431888016
1996-11-20,81.1198361215432
1996-11-21,81.3929668828952
1996-11-22,81.0856947763742
1996-11-25,80.1980198019802
1996-11-26,80.6418572891772
1996-11-27,81.0856947763742
1996-12-02,84.67053601911915
1996-12-03,85.11437350631616
1996-12-04,84.67053601911915
1996-12-05,87.33356094230112
1996-12-06,87.47012632297712
1996-12-09,86.37760327756914
1996-12-10,83.37316490269717
1996-12-11,79.8224650051212
1996-12-12,80.98327074086718
1996-12-13,83.54387162854216
1996-12-16,87.87982246500512
1996-12-17,87.77739842949813
1996-12-18,89.31375896210311
1996-12-19,90.71355411403209
1996-12-20,85.62649368385115
1996-12-23,84.63639467395015
1996-12-24,85.69477637418915
1996-12-26,85.08023216114717
1996-12-27,86.10447251621713
1996-12-30,86.61659269375214
1996-12-31,88.49436667804711
1997-01-02,87.70911573916013
1997-01-03,87.36770228747012
1997-01-06,90.0307272106521
1997-01-07,89.55274837828611
1997-01-08,90.8842608398771
1997-01-09,90.0307272106521
1997-01-10,89.0747695459201
1997-01-13,86.00204848071014
1997-01-14,85.72891771935815
1997-01-15,88.59679071355411
1997-01-16,87.12871287128714
1997-01-17,86.75315807442814
1997-01-20,86.13861386138613
1997-01-21,84.67053601911915
1997-01-22,82.75862068965517
1997-01-23,82.55377261864118
1997-01-24,82.10993513144417
1997-01-27,81.73438033458518
1997-01-28,81.5978149539092
1997-01-29,83.54387162854216
1997-01-30,84.90952543530216
1997-01-31,82.45134858313418
1997-02-03,82.45134858313418
1997-02-04,82.00751109593718
1997-02-05,81.63195629907818
1997-02-06,78.86650734038922
1997-02-07,75.89621031068624
1997-02-10,76.68146124957323
1997-02-11,76.54489586889724
1997-02-12,74.63298053943326
1997-02-13,75.17924206213725
1997-02-14,76.51075452372824
1997-02-18,76.88630932058723
1997-02-19,77.80812564015022
1997-02-20,75.04267668146124
1997-02-21,73.02833731649028
1997-02-24,70.7067258449983
1997-02-25,71.69682485489929
1997-02-26,72.07237965175828
1997-02-27,71.32127005804028
1997-02-28,69.30693069306932
1997-03-03,69.13622396722431
1997-03-04,70.5360191191533
1997-03-05,69.95561625128029
1997-03-06,71.49197678388529
1997-03-07,72.65278251963127
1997-03-10,69.95561625128029
1997-03-11,68.6582451348583
1997-03-12,70.3994537384773
1997-03-13,70.6725844998293
1997-03-14,72.68692386480026
1997-03-17,71.4236940935473
1997-03-18,75.31580744281324
1997-03-19,75.24752475247524
1997-03-20,76.20348241720724
1997-03-21,73.43803345851828
1997-03-24,71.90167292591327
1997-03-25,71.66268350973029
1997-03-26,70.4677364288153
1997-03-27,70.6725844998293
1997-03-31,69.6824854899283
1997-04-01,69.23864800273132
1997-04-02,66.47319904404233
1997-04-03,66.47319904404233
1997-04-04,65.27825196312736
1997-04-07,65.65380675998634
1997-04-08,66.06350290201435
1997-04-09,65.79037214066234
1997-04-10,66.81461249573233
1997-04-11,66.67804711505634
1997-04-14,67.94127688630932
1997-04-15,67.70228747012632
1997-04-16,66.06350290201435
1997-04-17,66.30249231819735
1997-04-18,67.97541823147833
1997-04-21,69.5800614544213
1997-04-22,66.91703653123933
1997-04-23,67.36087401843633
1997-04-24,68.38511437350631
1997-04-25,68.24854899283032
1997-04-28,67.97541823147833
1997-04-29,69.78490952543531
1997-04-30,68.99965858654832
1997-05-01,67.97541823147833
1997-05-02,66.91703653123933
1997-05-05,67.01946056674632
1997-05-06,67.12188460225333
1997-05-07,66.98531922157733
1997-05-08,69.44349607374531
1997-05-09,69.75076818026629
1997-05-12,72.99419597132128
1997-05-13,72.96005462615227
1997-05-14,73.02833731649028
1997-05-15,72.72106520996928
1997-05-16,75.52065551382725
1997-05-19,73.71116421987026
1997-05-20,72.34551041311028
1997-05-21,74.63298053943326
1997-05-22,74.63298053943326
1997-05-23,73.84772960054626
1997-05-27,70.9798566063503
1997-05-28,70.9798566063503
1997-05-29,71.59440081939228
1997-05-30,71.28712871287128
1997-06-02,71.62854216456128
1997-06-03,69.4093547285763
1997-06-04,68.69238648002732
1997-06-05,67.12188460225333
1997-06-06,64.15158757255035
1997-06-09,63.77603277569136
1997-06-10,63.741891430522365
1997-06-11,63.26391259815637
1997-06-12,63.81017412086037
1997-06-13,64.28815295322636
1997-06-16,64.90269716626835
1997-06-17,65.65380675998634
1997-06-18,64.15158757255035
1997-06-19,63.741891430522365
1997-06-20,63.332195288494376
1997-06-23,65.34653465346535
1997-06-24,64.97097985660636
1997-06-25,66.64390576988734
1997-06-26,65.17582792762035
1997-06-27,66.43905769887334
1997-06-30,67.59986343461934
1997-07-01,68.69238648002732
1997-07-02,69.44349607374531
1997-07-03,66.78047115056333
1997-07-07,66.64390576988734
1997-07-08,67.36087401843633
1997-07-09,66.43905769887334
1997-07-10,65.61966541481735
1997-07-11,65.99522021167633
1997-07-14,64.83441447593034
1997-07-15,67.15602594742234
1997-07-16,67.08774325708433
1997-07-17,68.24854899283032
1997-07-18,65.79037214066234
1997-07-21,65.48310003414134
1997-07-22,65.14168658245134
1997-07-23,67.01946056674632
1997-07-24,67.49743939911232
1997-07-25,67.90713554114033
1997-07-28,67.63400477978833
1997-07-29,67.77057016046433
1997-07-30,69.30693069306932
1997-07-31,68.76066917036532
1997-08-01,69.23864800273132
1997-08-04,70.84329122567429
1997-08-05,71.04813929668829
1997-08-06,69.8531922157733
1997-08-07,68.58996244452031
1997-08-08,66.71218846022533
1997-08-11,67.22430863776033
1997-08-12,68.24854899283032
1997-08-13,68.93137589621031
1997-08-14,68.5558210993513
1997-08-15,68.52167975418232
1997-08-18,67.97541823147833
1997-08-19,68.69238648002732
1997-08-20,68.48753840901331
1997-08-21,67.12188460225333
1997-08-22,67.25844998292932
1997-08-25,65.75623079549335
1997-08-26,65.82451348583135
1997-08-27,67.36087401843633
1997-08-28,66.84875384090134
1997-08-29,66.95117787640832
1997-09-02,67.08774325708433
1997-09-03,66.95117787640832
1997-09-04,66.23420962785933
1997-09-05,67.01946056674632
1997-09-08,66.40491635370434
1997-09-09,66.30249231819735
1997-09-10,66.30249231819735
1997-09-11,66.13178559235234
1997-09-12,65.96107886650734
1997-09-15,65.79037214066234
1997-09-16,66.95117787640832
1997-09-17,66.30249231819735
1997-09-18,66.16592693752133
1997-09-19,66.06350290201435
1997-09-22,66.91703653123933
1997-09-23,67.56572208945032
1997-09-24,68.07784226698533
1997-09-25,69.6142027995903
1997-09-26,71.25298736770229
1997-09-29,72.58449982929328
1997-09-30,72.31136906794127
1997-10-01,71.86753158074428
1997-10-02,74.32570843291225
1997-10-03,77.70570160464322
1997-10-06,74.87196995561625
1997-10-07,74.97439399112325
1997-10-08,75.72550358484125
1997-10-09,75.52065551382725
1997-10-10,75.45237282348926
1997-10-13,72.78934790030728
1997-10-14,70.6725844998293
1997-10-15,70.2287470126323
1997-10-16,71.59440081939228
1997-10-17,70.2970297029703
1997-10-20,70.6725844998293
1997-10-21,70.57016046432231
1997-10-22,73.13076135199728
1997-10-23,72.00409696142029
1997-10-24,71.59440081939228
1997-10-27,71.9358142710823
1997-10-28,69.8531922157733
1997-10-29,70.7067258449983
1997-10-30,72.44793444861727
1997-10-31,71.96995561625128
1997-11-03,71.56025947422329
1997-11-04,70.6725844998293
1997-11-05,69.34107203823831
1997-11-06,69.6142027995903
1997-11-07,70.91157391601229
1997-11-10,69.6483441447593
1997-11-11,70.02389894161831
1997-11-12,69.95561625128029
1997-11-13,70.6725844998293
1997-11-14,71.69682485489929
1997-11-17,69.17036531239332
1997-11-18,68.41925571867532
1997-11-19,67.59986343461934
1997-11-20,65.41481734380335
1997-11-21,67.46329805394333
1997-11-24,67.70228747012632
1997-11-25,67.36087401843633
1997-11-26,65.38067599863435
1997-12-01,63.70775008535337
1997-12-02,64.04916353704337
1997-12-03,64.18572891771936
1997-12-04,63.50290201433937
1997-12-05,63.87845681119837
1997-12-08,64.32229429839535
1997-12-09,63.741891430522365
1997-12-10,61.93240013656538
1997-12-11,61.966541481734374
1997-12-12,62.17138955274838
1997-12-15,62.03482417207239
1997-12-16,62.03482417207239
1997-12-17,62.103106862410385
1997-12-18,63.22977125298736
1997-12-19,62.78593376579038
1997-12-22,62.78593376579038
1997-12-23,62.58108569477637
1997-12-24,62.64936838511438
1997-12-26,62.137248207579376
1997-12-29,60.15705018777741
1997-12-30,60.08876749743941
1997-12-31,60.2253328781154
1998-01-02,59.5083646295664
1998-01-05,57.66473199044043
1998-01-06,57.733014680778425
1998-01-07,57.425742574257434
1998-01-08,57.93786275179242
1998-01-09,56.77705701604643
1998-01-12,56.230795493342434
1998-01-13,56.094230112666445
1998-01-14,56.16251280300444
1998-01-15,55.78695800614545
1998-01-16,56.367360874018445
1998-01-20,56.060088767497454
1998-01-21,56.060088767497454
1998-01-22,56.060088767497454
1998-01-23,53.73847729600546
1998-01-26,57.425742574257434
1998-01-27,57.97200409696143
1998-01-28,59.09866848753841
1998-01-29,60.83987709115739
1998-01-30,58.757255035848424
1998-02-02,58.21099351314443
1998-02-03,56.33321952884944
1998-02-04,55.889382041652446
1998-02-05,56.60635029020143
1998-02-06,57.01604643222943
1998-02-09,56.77705701604643
1998-02-10,56.094230112666445
1998-02-11,55.13827244793445
1998-02-12,54.48958688972346
1998-02-13,54.694434960737446
1998-02-17,53.46534653465347
1998-02-18,55.47968589962444
1998-02-19,55.172413793103445
1998-02-20,55.13827244793445
1998-02-23,52.475247524752476
1998-02-24,52.27039945373848
1998-02-25,52.74837828610447
1998-02-26,52.406964834414474
1998-02-27,52.71423694093548
1998-03-02,52.37282348924548
1998-03-03,52.13383407306248
1998-03-04,52.30454079890748
1998-03-05,52.33868214407648
1998-03-06,50.90474564697849
1998-03-09,48.924547627176516
1998-03-10,48.68555821099351
1998-03-11,48.41242744964151
1998-03-12,48.480710139979514
1998-03-13,48.00273130761352
1998-03-16,45.339706384431544
1998-03-17,45.100716968248555
1998-03-18,48.95868897234551
1998-03-19,48.856264936838514
1998-03-20,48.89040628200752
1998-03-23,48.89040628200752
1998-03-24,54.35302150904746
1998-03-25,56.26493683851144
1998-03-26,57.459883919426424
1998-03-27,57.220894503243436
1998-03-30,55.34312051894845
1998-03-31,53.29463980880846
1998-04-01,53.055650392625466
1998-04-02,53.73847729600546
1998-04-03,54.59201092523046
1998-04-06,52.74837828610447
1998-04-07,51.96312734721749
1998-04-08,53.08979173779448
1998-04-09,53.12393308296347
1998-04-13,52.30454079890748
1998-04-14,51.621713895527485
1998-04-15,52.78251963127347
1998-04-16,54.28473881870946
1998-04-17,52.78251963127347
1998-04-20,52.61181290542848
1998-04-21,52.74837828610447
1998-04-22,52.74837828610447
1998-04-23,51.86070331171047
1998-04-24,51.51928986002049
1998-04-27,52.30454079890748
1998-04-28,53.73847729600546
1998-04-29,52.30454079890748
1998-04-30,52.54353021509047
1998-05-01,55.069989757596446
1998-05-04,54.45544554455446
1998-05-05,52.81666097644248
1998-05-06,52.475247524752476
1998-05-07,52.03141003755548
1998-05-08,51.65585524069649
1998-05-11,51.79242062137248
1998-05-12,52.03141003755548
1998-05-13,51.04131102765449
1998-05-14,51.48514851485149
1998-05-15,49.402526459542514
1998-05-18,48.03687265278252
1998-05-19,44.24718333902356
1998-05-20,44.24718333902356
1998-05-21,44.24718333902356
1998-05-22,44.24718333902356
1998-05-26,50.59747354045749
1998-05-27,51.17787640833049
1998-05-28,50.69989757596449
1998-05-29,51.89484465687948
1998-06-01,51.07545237282349
1998-06-02,50.66575623079549
1998-06-03,50.5633321952885
1998-06-04,51.621713895527485
1998-06-05,51.451007169682484
1998-06-08,49.67565722089451
1998-06-09,47.28576305906453
1998-06-10,46.02253328781154
1998-06-11,43.53021509047457
1998-06-12,42.98395356777057
1998-06-15,39.46739501536361
1998-06-16,40.90133151246159
1998-06-17,43.01809491293957
1998-06-18,40.1843632639126
1998-06-19,40.4233526800956
1998-06-22,45.85182656196654
1998-06-23,45.85182656196654
1998-06-24,49.8463639467395
1998-06-25,47.90030727210652
1998-06-26,48.24172072379652
1998-06-29,48.03687265278252
1998-06-30,48.41242744964151
1998-07-01,49.061113007852505
1998-07-02,49.504950495049506
1998-07-06,47.52475247524753
1998-07-07,46.50051212017753
1998-07-08,47.28576305906453
1998-07-09,47.388187094571535
1998-07-10,47.35404574940252
1998-07-13,47.49061113007853
1998-07-14,49.67565722089451
1998-07-15,50.76818026630249
1998-07-16,49.57323318538751
1998-07-17,47.72960054626152
1998-07-20,45.54455445544555
1998-07-21,47.08091498805052
1998-07-22,47.08091498805052
1998-07-23,47.388187094571535
1998-07-24,47.35404574940252
1998-07-27,48.548992830317516
1998-07-28,48.71969955616251
1998-07-29,48.10515534312052
1998-07-30,48.51485148514852
1998-07-31,48.51485148514852
1998-08-03,46.77364288152953
1998-08-04,46.944349607374534
1998-08-05,46.70536019119153
1998-08-06,46.97849095254353
1998-08-07,47.115056333219535
1998-08-10,44.55445544554456
1998-08-11,43.56435643564357
1998-08-12,43.393649709798574
1998-08-13,45.100716968248555
1998-08-14,45.57869580061455
1998-08-17,45.066575623079544
1998-08-18,44.11061795834756
1998-08-19,44.930010242403554
1998-08-20,46.22738135882554
1998-08-21,46.22738135882554
1998-08-24,46.56879481051554
1998-08-25,47.01263229771253
1998-08-26,46.363946739501536
1998-08-27,45.16899965858655
1998-08-28,46.09081597814954
1998-08-31,45.54455445544555
1998-09-01,46.87606691703653
1998-09-02,46.67121884602253
1998-09-03,50.085353362922504
1998-09-04,49.812222601570504
1998-09-08,48.78798224650051
1998-09-09,48.20757937862752
1998-09-10,50.085353362922504
1998-09-11,48.95868897234551
1998-09-14,49.231819733697506
1998-09-15,49.7439399112325
1998-09-16,49.607374530556505
1998-09-17,50.7340389211335
1998-09-18,52.88494366678047
1998-09-21,52.88494366678047
1998-09-22,53.499487879822475
1998-09-23,53.499487879822475
1998-09-24,54.55786958006146
1998-09-25,53.77261864117446
1998-09-28,53.397063844315475
1998-09-29,54.55786958006146
1998-09-30,55.10413110276545
1998-10-01,52.680095595766474
1998-10-02,53.397063844315475
1998-10-05,52.54353021509047
1998-10-06,52.91908501194948
1998-10-07,51.41686582451349
1998-10-08,49.231819733697506
1998-10-09,49.7780812564015
1998-10-12,49.30010242403551
1998-10-13,48.58313417548652
1998-10-14,47.968589962444526
1998-10-15,47.968589962444526
1998-10-16,48.31000341413451
1998-10-19,45.57869580061455
1998-10-20,45.85182656196654
1998-10-21,45.85182656196654
1998-10-22,47.695459201092525
1998-10-23,47.968589962444526
1998-10-26,48.58313417548652
1998-10-27,48.24172072379652
1998-10-28,48.78798224650051
1998-10-29,48.61727552065552
1998-10-30,49.231819733697506
1998-11-02,49.02697166268351
1998-11-03,48.480710139979514
1998-11-04,48.275862068965516
1998-11-05,47.695459201092525
1998-11-06,47.35404574940252
1998-11-09,45.681119836121546
1998-11-10,46.15909866848754
1998-11-11,46.26152270399454
1998-11-12,47.25162171389553
1998-11-13,46.32980539433254
1998-11-16,43.769204506657566
1998-11-17,42.50597473540457
1998-11-18,41.44759303516559
1998-11-19,41.481734380334586
1998-11-20,41.44759303516559
1998-11-23,41.44759303516559
1998-11-24,41.37931034482759
1998-11-25,40.49163537043359
1998-11-30,38.30658927961762
1998-12-01,37.99931717309663
1998-12-02,38.37487196995562
1998-12-03,38.20416524411062
1998-12-04,38.13588255377262
1998-12-07,39.16012290884261
1998-12-08,38.57972004096962
1998-12-09,38.10174120860362
1998-12-10,36.59952202116764
1998-12-11,36.83851143735063
1998-12-14,38.545578695800614
1998-12-15,39.43325367019461
1998-12-16,42.26698531922158
1998-12-17,37.65790372140662
1998-12-18,37.384772960054626
1998-12-21,36.906794127688634
1998-12-22,36.906794127688634
1998-12-23,38.68214407647662
1998-12-24,38.340730624786616
1998-12-28,39.12598156367361
1998-12-29,40.01365653806761
1998-12-30,40.1160805735746
1998-12-31,41.14032092864459
1999-01-04,42.13041993854558
1999-01-05,40.93547285763059
1999-01-06,43.700921816319564
1999-01-07,44.69102082622056
1999-01-08,44.62273813588256
1999-01-11,45.88596790713554
1999-01-12,44.00819392284056
1999-01-13,42.02799590303859
1999-01-14,41.481734380334586
1999-01-15,41.34516899965859
1999-01-19,41.24274496415159
1999-01-20,40.3209286445886
1999-01-21,42.54011608057358
1999-01-22,43.325367019460565
1999-01-25,42.471833390235574
1999-01-26,41.17446227381359
1999-01-27,42.062137248207584
1999-01-28,42.50597473540457
1999-01-29,43.53021509047457
1999-02-01,42.23284397405258
1999-02-02,41.99385455786958
1999-02-03,42.26698531922158
1999-02-04,41.037896893137585
1999-02-05,40.2867872994196
1999-02-08,39.8429498122226
1999-02-09,39.877091157391604
1999-02-10,40.1160805735746
1999-02-11,40.457494025264594
1999-02-12,40.5599180607716
1999-02-16,38.818709457152615
1999-02-17,39.36497097985661
1999-02-18,41.10617958347559
1999-02-19,40.1502219187436
1999-02-22,40.833048822123594
1999-02-23,40.833048822123594
1999-02-24,43.052236258108564
1999-02-25,43.29122567429157
1999-02-26,41.89143052236258
1999-03-01,41.789006486855584
1999-03-02,42.71082280641858
1999-03-03,44.14475930351656
1999-03-04,45.57869580061455
1999-03-05,45.40798907476955
1999-03-08,46.53465346534654
1999-03-09,47.28576305906453
1999-03-10,50.1536360532605
1999-03-11,48.856264936838514
1999-03-12,49.47080914988051
1999-03-15,49.334243769204505
1999-03-16,49.36838511437351
1999-03-17,51.38272447934449
1999-03-18,51.212017753499495
1999-03-19,52.03141003755548
1999-03-22,52.91908501194948
1999-03-23,52.91908501194948
1999-03-24,52.37282348924548
1999-03-25,53.499487879822475
1999-03-26,55.20655513827245
1999-03-29,56.12837145783545
1999-03-30,57.357459883919425
1999-03-31,57.220894503243436
1999-04-01,56.81119836121543
1999-04-05,57.869580061454414
1999-04-06,57.391601229088415
1999-04-07,54.728576305906465
1999-04-08,54.04574940252647
1999-04-09,56.57220894503243
1999-04-12,55.99180607715943
1999-04-13,57.084329122567425
1999-04-14,56.230795493342434
1999-04-15,57.59644930010243
1999-04-16,59.166951177876406
1999-04-19,60.771594400819396
1999-04-20,60.7033117104814
1999-04-21,61.1812905428474
1999-04-22,62.06896551724138
1999-04-23,61.249573233185394
1999-04-26,60.2936155684534
1999-04-27,60.805735745988386
1999-04-28,62.990781836804366
1999-04-29,63.26391259815637
1999-04-30,63.70775008535337
1999-05-03,64.35643564356435
1999-05-04,64.59542505974736
1999-05-05,64.80027313076135
1999-05-06,62.54694434960738
1999-05-07,62.20553089791737
1999-05-10,63.16148856264937
1999-05-11,61.65926937521338
1999-05-12,59.9863434619324
1999-05-13,61.55684533970639
1999-05-14,61.59098668487538
1999-05-17,61.249573233185394
1999-05-18,58.415841584158414
1999-05-19,57.63059064527142
1999-05-20,58.14271082280642
1999-05-21,59.440081939228406
1999-05-24,58.24513485831342
1999-05-25,58.51826561966542
1999-05-26,59.23523386821441
1999-05-27,58.62068965517242
1999-05-28,57.49402526459543
1999-06-01,55.78695800614545
1999-06-02,56.84533970638442
1999-06-03,57.15261181290543
1999-06-04,59.13280983270741
1999-06-07,60.976442471833394
1999-06-08,60.2936155684534
1999-06-09,61.420279959030374
1999-06-10,60.9423011266644
1999-06-11,62.92249914646637
1999-06-14,62.58108569477637
1999-06-15,63.332195288494376
1999-06-16,61.249573233185394
1999-06-17,62.103106862410385
1999-06-18,61.420279959030374
1999-06-21,60.430180949129394
1999-06-22,60.1229088426084
1999-06-23,62.990781836804366
1999-06-24,62.44452031410037
1999-06-25,62.78593376579038
1999-06-28,62.23967224308639
1999-06-29,62.956640491635376
1999-06-30,65.85865483100034
1999-07-01,66.20006828269034
1999-07-02,67.22430863776033
1999-07-06,67.53158074428133
1999-07-07,67.49743939911232
1999-07-08,67.29259132809833
1999-07-09,68.07784226698533
1999-07-12,67.97541823147833
1999-07-13,68.79481051553431
1999-07-14,68.00955957664733
1999-07-15,68.82895186070331
1999-07-16,70.3994537384773
1999-07-19,69.78490952543531
1999-07-20,66.13178559235234
1999-07-21,67.08774325708433
1999-07-22,68.07784226698533
1999-07-23,70.4335950836463
1999-07-26,70.0580402867873
1999-07-27,69.5800614544213
1999-07-28,70.1263229771253
1999-07-29,71.59440081939228
1999-07-30,70.09218163195631
1999-08-02,69.8190508706043
1999-08-03,69.30693069306932
1999-08-04,69.78490952543531
1999-08-05,70.19460566746329
1999-08-06,71.28712871287128
1999-08-09,72.61864117446227
1999-08-10,72.72106520996928
1999-08-11,73.47217480368727
1999-08-12,73.33560942301128
1999-08-13,73.98429498122226
1999-08-16,72.92591328098327
1999-08-17,74.22328439740525
1999-08-18,73.47217480368727
1999-08-19,74.32570843291225
1999-08-20,73.91601229088425
1999-08-23,74.56469784909525
1999-08-24,73.30146807784227
1999-08-25,70.26288835780129
1999-08-26,71.52611812905428
1999-08-27,72.61864117446227
1999-08-30,75.14510071696826
1999-08-31,75.48651416865825
1999-09-01,75.07681802663025
1999-09-02,73.36975076818027
1999-09-03,75.11095937179924
1999-09-07,77.19358142710823
1999-09-08,77.36428815295324
1999-09-09,79.20792079207921
1999-09-10,80.4028678729942
1999-09-13,82.65619665414819
1999-09-14,81.46124957323319
1999-09-15,82.38306589279617
1999-09-16,83.68043700921817
1999-09-17,84.39740525776716
1999-09-20,82.92932741550017
1999-09-21,83.50973028337317
1999-09-22,82.34892454762718
1999-09-23,84.90952543530216
1999-09-24,84.53397063844317
1999-09-27,84.02185046090817
1999-09-28,83.06589279617617
1999-09-29,84.29498122226016
1999-09-30,83.68043700921817
1999-10-01,83.78286104472517
1999-10-04,81.1198361215432
1999-10-05,80.0614544213042
1999-10-06,79.44691020826221
1999-10-07,76.64731990440423
1999-10-08,71.35541140320927
1999-10-11,72.61864117446227
1999-10-12,76.13519972686925
1999-10-13,78.72994195971322
1999-10-14,76.64731990440423
1999-10-15,77.91054967565722
1999-10-18,76.92045066575623
1999-10-19,75.86206896551724
1999-10-20,75.79378627517924
1999-10-21,77.19358142710823
1999-10-22,80.0614544213042
1999-10-25,79.72004096961422
1999-10-26,79.17377944691022
1999-10-27,78.25196312734722
1999-10-28,74.01843632639125
1999-10-29,74.25742574257426
1999-11-01,76.85216797541824
1999-11-02,76.44247183339023
1999-11-03,77.02287470126323
1999-11-04,79.00307272106521
1999-11-05,78.52509388869922
1999-11-08,79.44691020826221
1999-11-09,82.04165244110618
1999-11-10,83.54387162854216
1999-11-11,83.06589279617617
1999-11-12,85.04609081597815
1999-11-15,85.79720040969615
1999-11-16,87.74325708432912
1999-11-17,90.8159781495391
1999-11-18,88.08467053601913
1999-11-19,90.67941276886309
1999-11-22,92.42062137248209
1999-11-23,90.2697166268351
1999-11-24,91.73779446910208
1999-11-29,88.63093205872312
1999-11-30,83.95356777057016
1999-12-01,85.35336292249916
1999-12-02,88.15295322635713
1999-12-03,88.11881188118812
1999-12-06,91.02082622055309
1999-12-07,89.5186070331171
1999-12-08,90.6111300785251
1999-12-09,89.2796176169341
1999-12-10,86.13861386138613
1999-12-13,86.65073403892113
1999-12-14,87.84568111983613
1999-12-15,89.9965858654831
1999-12-16,91.60122908842608
1999-12-17,91.29395698190508
1999-12-20,90.6111300785251
1999-12-21,89.65517241379311
1999-12-22,87.06043018094914
1999-12-23,88.32365995220212
1999-12-27,89.8941618299761
1999-12-28,91.56708774325709
1999-12-29,90.37214066234209
1999-12-30,87.40184363263913
2000-01-04,87.23113690679413
2000-01-05,85.04609081597815
2000-01-06,84.60225332878116
2000-01-07,82.69033799931718
2000-01-10,84.22669853192217
2000-01-11,87.98224650051212
2000-01-12,89.7234551041311
2000-01-13,91.12325025606009
2000-01-14,95.66404916353704
2000-01-18,98.49778081256402
2000-01-19,100.853533629225
2000-01-20,101.263229771253
2000-01-21,96.27859337657904
2000-01-24,95.01536360532604
2000-01-25,96.55172413793103
2000-01-26,95.04950495049506
2000-01-27,93.27415500170707
2000-01-28,92.93274155001707
2000-01-31,94.36667804711506
2000-02-01,96.34687606691703
2000-02-02,94.05940594059406
2000-02-03,95.69819050870605
2000-02-04,98.39535677705702
2000-02-07,97.13212700580402
2000-02-08,95.66404916353704
2000-02-09,98.22465005121201
2000-02-10,100.477978832366
2000-02-11,100.512120177535
2000-02-14,103.27756913622397
2000-02-15,102.62888357801296
2000-02-16,102.59474223284397
2000-02-17,100.580402867873
2000-02-18,100.751109593718
2000-02-22,101.126664390577
2000-02-23,100.34141345169002
2000-02-24,102.32161147149196
2000-02-25,103.61898258791398
2000-02-28,102.86787299419598
2000-02-29,103.89211334926595
2000-03-01,108.46705360191191
2000-03-02,108.19392284055994
2000-03-03,107.57937862751794
2000-03-06,109.8668487538409
2000-03-07,116.52441106179585
2000-03-08,106.72584499829294
2000-03-09,108.19392284055994
2000-03-10,108.43291225674292
2000-03-13,109.32058723113691
2000-03-14,108.19392284055994
2000-03-15,104.88221235916694
2000-03-16,106.14544213041994
2000-03-17,105.53089791737796
2000-03-20,100.477978832366
2000-03-21,95.59576647319905
2000-03-22,93.75213383407306
2000-03-23,93.24001365653807
2000-03-24,95.66404916353704
2000-03-27,94.87879822465005
2000-03-28,92.48890406282008
2000-03-29,90.3038579720041
2000-03-30,91.1573916012291
2000-03-31,91.84021850460908
2000-04-03,90.2355752816661
2000-04-04,86.88972345510413
2000-04-05,88.18709457152612
2000-04-06,87.70911573916013
2000-04-07,85.48992830317515
2000-04-10,81.4271082280642
2000-04-11,82.41720723796519
2000-04-12,86.75315807442814
2000-04-13,86.65073403892113
2000-04-14,87.29941959713213
2000-04-17,88.39194264254012
2000-04-18,89.14305223625811
2000-04-19,93.37657903721407
2000-04-20,88.35780129737113
2000-04-24,88.90406282007511
2000-04-25,86.48002731307614
2000-04-26,84.15841584158416
2000-04-27,86.78729941959715
2000-04-28,87.87982246500512
2000-05-01,88.32365995220212
2000-05-02,91.8060771594401
2000-05-03,91.32809832707409
2000-05-04,92.11334926596109
2000-05-05,93.17173096620007
2000-05-08,95.90303857972005
2000-05-09,97.81495390918403
2000-05-10,95.93717992488905
2000-05-11,99.385455786958
2000-05-12,101.126664390577
2000-05-15,102.15090474564698
2000-05-16,101.50221918743598
2000-05-17,100.102424035507
2000-05-18,103.55069989757597
2000-05-19,102.04848071013998
2000-05-22,97.67838852850802
2000-05-23,98.25879139638103
2000-05-24,102.18504609081597
2000-05-25,104.16524411061796
2000-05-26,102.42403550699899
2000-05-30,103.61898258791398
2000-05-31,99.04404233526802
2000-06-01,102.90201433936497
2000-06-02,103.61898258791398
2000-06-05,101.39979515192898
2000-06-06,101.57050187777399
2000-06-07,102.25332878115398
2000-06-08,101.67292591328099
2000-06-09,103.10686241037897
2000-06-12,108.36462956640491
2000-06-13,111.1642198702629
2000-06-14,112.1543188801639
2000-06-15,112.49573233185389
2000-06-16,110.37896893137588
2000-06-19,108.19392284055994
2000-06-20,112.83714578354387
2000-06-21,107.10139979515193
2000-06-22,109.90099009900989
2000-06-23,110.1058381700239
2000-06-26,107.98907476954591
2000-06-27,109.45715261181293
2000-06-28,108.91089108910892
2000-06-29,111.71048139296688
2000-06-30,110.95937179924888
2000-07-05,104.71150563332196
2000-07-06,102.38989416182997
2000-07-07,103.37999317173097
2000-07-10,101.36565380676
2000-07-11,101.39979515192898
2000-07-12,103.51655855240698
2000-07-13,107.44281324684192
2000-07-14,107.20382383065892
2000-07-17,105.25776715602595
2000-07-18,109.0474564697849
2000-07-19,107.27210652099694
2000-07-20,105.59918060771594
2000-07-21,97.50768180266303
2000-07-24,95.66404916353704
2000-07-25,95.42505974735404
2000-07-26,94.94708091498805
2000-07-27,95.66404916353704
2000-07-28,96.21031068624104
2000-07-31,93.64970979856606
2000-08-01,94.87879822465005
2000-08-02,96.48344144759304
2000-08-03,97.84909525435303
2000-08-04,102.28747012632297
2000-08-07,98.70262888357802
2000-08-08,99.41959713212701
2000-08-09,103.61898258791398
2000-08-10,106.99897575964495
2000-08-11,105.90645271423693
2000-08-14,109.0474564697849
2000-08-15,108.12564015022193
2000-08-16,108.56947763741891
2000-08-17,109.0474564697849
2000-08-18,109.21816319562991
2000-08-21,110.85694776374189
2000-08-22,106.58927961761692
2000-08-23,109.32058723113691
2000-08-24,107.98907476954591
2000-08-25,109.3547285763059
2000-08-28,112.22260157050188
2000-08-29,111.77876408330489
2000-08-30,113.75896210310688
2000-08-31,113.07613519972686
2000-09-01,113.96381017412087
2000-09-05,115.50017070672584
2000-09-06,119.15329463980882
2000-09-07,120.8262205530898
2000-09-08,114.81734380334588
2000-09-11,119.9726869238648
2000-09-12,117.03653123933084
2000-09-13,115.46602936155685
2000-09-14,116.31956299078183
2000-09-15,122.63571184704678
2000-09-18,125.91328098327075
2000-09-19,124.65005121201776
2000-09-20,127.00580402867874
2000-09-21,116.08057357459884
2000-09-22,111.5739160122909
2000-09-25,107.78422669853191
2000-09-26,107.54523728234892
2000-09-27,107.40867190167293
2000-09-28,103.58484124274496
2000-09-29,105.29190850119494
2000-10-02,109.8668487538409
2000-10-03,109.49129395698192
2000-10-04,107.30624786616593
2000-10-05,104.23352680095597
2000-10-06,105.36019119153295
2000-10-09,108.77432570843291
2000-10-10,113.28098327074088
2000-10-11,113.51997268692386
2000-10-12,123.11369067941278
2000-10-13,119.46056674632982
2000-10-16,112.39330829634689
2000-10-17,112.63229771252989
2000-10-18,114.30522362581085
2000-10-19,112.35916695117787
2000-10-20,115.22703994537385
2000-10-23,115.26118129054284
2000-10-24,113.92966882895186
2000-10-25,112.52987367702288
2000-10-26,115.09047456469786
2000-10-27,111.77876408330489
2000-10-30,112.01775349948788
2000-10-31,111.6421987026289
2000-11-01,113.51997268692386
2000-11-02,111.0959371799249
2000-11-03,111.6763400477979
2000-11-06,112.18846022533289
2000-11-07,114.03209286445886
2000-11-08,113.48583134175487
2000-11-09,115.80744281324684
2000-11-10,116.14885626493685
2000-11-13,117.68521679754183
2000-11-14,119.05087060430179
2000-11-15,121.47490611130078
2000-11-16,119.90440423352679
2000-11-17,121.0310686241038
2000-11-20,120.2458176852168
2000-11-21,120.04096961420278
2000-11-22,120.86036189825879
2000-11-27,120.7920792079208
2000-11-28,116.83168316831683
2000-11-29,118.23147832024583
2000-11-30,115.46602936155685
2000-12-01,109.32058723113691
2000-12-04,106.58927961761692
2000-12-05,100.81939228405601
2000-12-06,101.911915329464
2000-12-07,100.204848071014
2000-12-08,97.09798566063503
2000-12-11,100.716968248549
2000-12-12,101.33151246159098
2000-12-13,98.12222601570501
2000-12-14,95.56162512803003
2000-12-15,98.56606350290203
2000-12-18,101.604643222943
2000-12-19,100.13656538067599
2000-12-20,87.98224650051212
2000-12-21,88.69921474906111
2000-12-22,89.38204165244112
2000-12-26,90.9525435302151
2000-12-27,90.37214066234209
2000-12-28,88.25537726186413
2000-12-29,91.49880505291908
2001-01-02,92.89860020484808
2001-01-03,95.59576647319905
2001-01-04,96.07374530556504
2001-01-05,95.42505974735404
2001-01-08,93.27415500170707
2001-01-09,94.36667804711506
2001-01-10,100.648685558211
2001-01-11,100.409696142028
2001-01-12,102.59474223284397
2001-01-16,103.41413451689996
2001-01-17,101.058381700239
2001-01-18,103.96039603960396
2001-01-19,109.90099009900989
2001-01-22,109.90099009900989
2001-01-23,100.955957664732
2001-01-24,99.180607715944
2001-01-25,100.23898941618299
2001-01-26,101.638784568112
2001-01-29,99.21474906111301
2001-01-30,99.21474906111301
2001-01-31,97.84909525435303
2001-02-01,101.80949129395698
2001-02-02,106.48685558210995
2001-02-05,104.30180949129397
2001-02-06,103.61898258791398
2001-02-07,106.75998634346193
2001-02-08,107.85250938886992
2001-02-09,105.94059405940595
2001-02-12,104.16524411061796
2001-02-13,103.65312393308297
2001-02-14,101.433936497098
2001-02-15,98.32707408671902
2001-02-16,99.556162512803
2001-02-20,97.57596449300102
2001-02-21,97.40525776715603
2001-02-22,98.39535677705702
2001-02-23,99.14646637077502
2001-02-26,97.02970297029704
2001-02-27,96.03960396039604
2001-02-28,93.51314441789008
2001-03-01,94.29839535677706
2001-03-02,95.04950495049506
2001-03-05,97.64424718333903
2001-03-06,96.68828951860704
2001-03-07,99.00990099009901
2001-03-08,96.92727893479004
2001-03-09,95.62990781836805
2001-03-12,95.59576647319905
2001-03-13,94.19597132127005
2001-03-14,90.16729259132809
2001-03-15,90.6452714236941
2001-03-16,91.29395698190508
2001-03-19,89.2796176169341
2001-03-20,88.63093205872312
2001-03-21,91.49880505291908
2001-03-22,90.6111300785251
2001-03-23,93.20587231136908
2001-03-26,93.82041652441106
2001-03-27,94.74223284397405
2001-03-28,89.8258791396381
2001-03-29,89.86002048480711
2001-03-30,89.75759644930011
2001-04-02,87.36770228747012
2001-04-03,89.41618299761012
2001-04-04,92.59132809832707
2001-04-05,93.06930693069307
2001-04-06,92.38648002731308
2001-04-09,93.13758962103108
2001-04-10,97.23455104131104
2001-04-11,96.21031068624104
2001-04-12,96.44930010242405
2001-04-16,98.29293274155002
2001-04-17,96.41515875725504
2001-04-18,95.42505974735404
2001-04-19,94.98122226015705
2001-04-20,93.13758962103108
2001-04-23,94.26425401160806
2001-04-24,91.70365312393308
2001-04-25,93.17173096620007
2001-04-26,97.09798566063503
2001-04-27,96.51758279276204
2001-04-30,97.16626835097304
2001-05-01,98.80505291908503
2001-05-02,94.91293956981906
2001-05-03,97.13212700580402
2001-05-04,96.82485489928303
2001-05-07,94.81051553431206
2001-05-08,93.51314441789008
2001-05-09,96.38101741208604
2001-05-10,97.37111642198703
2001-05-11,97.47354045749404
2001-05-14,98.01980198019803
2001-05-15,98.94161829976102
2001-05-16,98.53192215773302
2001-05-17,98.70262888357802
2001-05-18,102.11676340047798
2001-05-21,102.35575281666098
2001-05-22,101.53636053260497
2001-05-23,100.99009900990099
2001-05-24,96.99556162512803
2001-05-25,96.89313758962102
2001-05-29,97.84909525435303
2001-05-30,97.47354045749404
2001-05-31,96.85899624445203
2001-06-01,95.35677705701605
2001-06-04,96.03960396039604
2001-06-05,96.41515875725504
2001-06-06,94.63980880846705
2001-06-07,94.74223284397405
2001-06-08,96.72243086377603
2001-06-11,99.14646637077502
2001-06-12,99.62444520314101
2001-06-13,98.46363946739501
2001-06-14,99.14646637077502
2001-06-15,97.33697507681804
2001-06-18,94.05940594059406
2001-06-19,93.82041652441106
2001-06-20,90.4745646978491
2001-06-21,90.67941276886309
2001-06-22,91.60122908842608
2001-06-25,93.03516558552407
2001-06-26,92.11334926596109
2001-06-27,87.43598497780812
2001-06-28,87.26527825196312
2001-06-29,89.6210310686241
2001-07-02,88.59679071355411
2001-07-03,89.5868897234551
2001-07-05,92.24991464663708
2001-07-06,96.31273472174804
2001-07-09,94.19597132127005
2001-07-10,93.85455786958006
2001-07-11,92.55718675315808
2001-07-12,91.49880505291908
2001-07-13,90.7818368043701
2001-07-16,88.9723455104131
2001-07-17,87.29941959713213
2001-07-18,84.97780812564015
2001-07-19,84.32912256742917
2001-07-20,87.36770228747012
2001-07-23,89.17719358142712
2001-07-24,89.8258791396381
2001-07-25,91.63537043359509
2001-07-26,91.25981563673609
2001-07-27,92.24991464663708
2001-07-30,90.91840218504609
2001-07-31,89.96244452031411
2001-08-01,91.39638101741208
2001-08-02,94.60566746329806
2001-08-03,94.29839535677706
2001-08-06,94.70809149880505
2001-08-07,95.39091840218505
2001-08-08,94.02526459542506
2001-08-09,94.36667804711506
2001-08-10,95.76647319904404
2001-08-13,94.98122226015705
2001-08-14,95.62990781836805
2001-08-15,94.09354728576305
2001-08-16,93.54728576305907
2001-08-17,91.0891089108911
2001-08-20,92.79617616934107
2001-08-21,95.28849436667805
2001-08-22,90.0307272106521
2001-08-23,90.91840218504609
2001-08-24,91.84021850460908
2001-08-27,91.0549675657221
2001-08-28,92.76203482417208
2001-08-29,92.35233868214408
2001-08-30,90.6452714236941
2001-08-31,92.86445885967906
2001-09-04,91.94264254011608
2001-09-05,92.01092523045408
2001-09-06,94.16182997610105
2001-09-07,95.69819050870605
2001-09-10,94.33253670194605
2001-09-11,94.81051553431206
2001-09-14,100.81939228405601
2001-09-17,98.36121543188801
2001-09-18,94.57152611812906
2001-09-19,91.22567429156709
2001-09-20,90.7818368043701
2001-09-21,88.66507340389211
2001-09-24,75.14510071696826
2001-09-25,74.46227381358825
2001-09-26,76.40833048822124
2001-09-27,77.63741891430523
2001-09-28,79.99317173096621
2001-10-01,79.48105155343121
2001-10-02,77.80812564015022
2001-10-03,75.38409013315123
2001-10-04,77.26186411744622
2001-10-05,76.44247183339023
2001-10-08,76.64731990440423
2001-10-09,76.74974393991124
2001-10-10,76.92045066575623
2001-10-11,79.6858996244452
2001-10-12,76.81802663024924
2001-10-15,76.10105838170024
2001-10-16,75.11095937179924
2001-10-17,74.46227381358825
2001-10-18,72.75520655513827
2001-10-19,74.53055650392625
2001-10-22,74.29156708774326
2001-10-23,74.59883919426427
2001-10-24,76.23762376237624
2001-10-25,75.14510071696826
2001-10-26,75.21338340730625
2001-10-29,75.62307954933424
2001-10-30,74.66712188460227
2001-10-31,72.31136906794127
2001-11-01,69.6142027995903
2001-11-02,68.89723455104131
2001-11-05,68.35097302833731
2001-11-06,68.00955957664733
2001-11-07,68.58996244452031
2001-11-08,72.27722772277228
2001-11-09,75.86206896551724
2001-11-12,72.48207579378628
2001-11-13,73.98429498122226
2001-11-14,67.39501536360532
2001-11-15,59.57664731990441
2001-11-16,61.55684533970639
2001-11-19,60.498463639467396
2001-11-20,65.38067599863435
2001-11-21,64.73199044042336
2001-11-26,63.81017412086037
2001-11-27,66.50734038921134
2001-11-28,65.61966541481735
2001-11-29,63.57118470467738
2001-11-30,66.37077500853535
2001-12-03,68.58996244452031
2001-12-04,67.08774325708433
2001-12-05,66.54148173438034
2001-12-06,63.298053943325364
2001-12-07,65.00512120177535
2001-12-10,62.71765107545237
2001-12-11,61.727552065551386
2001-12-12,62.68350973028337
2001-12-13,61.86411744622738
2001-12-14,65.65380675998634
2001-12-17,65.61966541481735
2001-12-18,66.09764424718334
2001-12-19,67.59986343461934
2001-12-20,65.82451348583135
2001-12-21,66.98531922157733
2001-12-26,72.61864117446227
2001-12-27,71.35541140320927
2001-12-28,69.6824854899283
2001-12-31,67.73642881529533
2002-01-02,71.7309662000683
2002-01-03,69.54592010925231
2002-01-04,73.81358825537727
2002-01-07,73.33560942301128
2002-01-08,72.55035848412427
2002-01-09,68.89723455104131
2002-01-10,69.5800614544213
2002-01-11,67.19016729259133
2002-01-14,64.49300102424036
2002-01-15,64.52714236940935
2002-01-16,64.39057698873336
2002-01-17,61.35199726869238
2002-01-18,61.45442130419939
2002-01-22,62.615227039945374
2002-01-23,66.57562307954935
2002-01-24,67.25844998292932
2002-01-25,68.24854899283032
2002-01-28,68.45339706384432
2002-01-29,66.84875384090134
2002-01-30,65.14168658245134
2002-01-31,66.50734038921134
2002-02-01,69.5800614544213
2002-02-04,68.52167975418232
2002-02-05,68.52167975418232
2002-02-06,67.53158074428133
2002-02-07,67.05360191191532
2002-02-08,69.17036531239332
2002-02-11,73.09662000682827
2002-02-12,70.7750085353363
2002-02-13,72.31136906794127
2002-02-14,72.48207579378628
2002-02-15,73.40389211334927
2002-02-19,71.28712871287128
2002-02-20,69.27278934790031
2002-02-21,71.52611812905428
2002-02-22,71.9358142710823
2002-02-25,69.9214749061113
2002-02-26,73.09662000682827
2002-02-27,72.68692386480026
2002-02-28,74.22328439740525
2002-03-01,76.47661317855923
2002-03-04,76.64731990440423
2002-03-05,79.10549675657221
2002-03-06,79.03721406623421
2002-03-07,80.9491293956982
2002-03-08,81.3929668828952
2002-03-11,82.99761010583818
2002-03-12,82.62205530897917
2002-03-13,82.48548992830318
2002-03-14,83.85114373506316
2002-03-15,83.68043700921817
2002-03-18,85.72891771935815
2002-03-19,84.94366678047115
2002-03-20,85.01194947080914
2002-03-21,87.43598497780812
2002-03-22,86.54831000341414
2002-03-25,85.31922157733014
2002-03-26,86.58245134858313
2002-03-27,88.32365995220212
2002-03-28,89.8258791396381
2002-04-01,91.77193581427107
2002-04-02,94.60566746329806
2002-04-03,94.09354728576305
2002-04-04,90.7476954592011
2002-04-05,89.48446568794812
2002-04-08,90.6111300785251
2002-04-09,88.15295322635713
2002-04-10,89.21133492659611
2002-04-11,85.31922157733014
2002-04-12,80.1297371116422
2002-04-15,83.88528508023217
2002-04-16,84.49982929327416
2002-04-17,88.56264936838512
2002-04-18,89.38204165244112
2002-04-19,90.06486855582109
2002-04-22,89.68931375896211
2002-04-23,90.8842608398771
2002-04-24,90.06486855582109
2002-04-25,91.25981563673609
2002-04-26,92.55718675315808
2002-04-29,94.12768863093206
2002-04-30,93.17173096620007
2002-05-01,91.32809832707409
2002-05-02,89.5868897234551
2002-05-03,90.8842608398771
2002-05-06,89.17719358142712
2002-05-07,90.91840218504609
2002-05-08,95.08364629566405
2002-05-09,94.50324342779106
2002-05-10,95.56162512803003
2002-05-13,96.89313758962102
2002-05-14,100.23898941618299
2002-05-15,96.10788665073405
2002-05-16,95.42505974735404
2002-05-17,96.21031068624104
2002-05-20,96.72243086377603
2002-05-21,93.30829634687606
2002-05-22,90.0307272106521
2002-05-23,89.2796176169341
2002-05-24,88.35780129737113
2002-05-28,86.27517924206214
2002-05-29,87.94810515534313
2002-05-30,84.22669853192217
2002-05-31,86.41174462273813
2002-06-03,85.62649368385115
2002-06-04,86.48002731307614
2002-06-05,84.97780812564015
2002-06-06,84.63639467395015
2002-06-07,84.49982929327416
2002-06-10,82.92932741550017
2002-06-11,82.34892454762718
2002-06-12,84.12427449641517
2002-06-13,87.53840901331513
2002-06-14,88.56264936838512
2002-06-17,89.0747695459201
2002-06-18,86.82144076476614
2002-06-19,86.41174462273813
2002-06-20,87.16285421645613
2002-06-21,88.15295322635713
2002-06-24,90.37214066234209
2002-06-25,89.86002048480711
2002-06-26,91.36223967224309
2002-06-27,91.70365312393308
2002-06-28,91.70365312393308
2002-07-01,91.53294639808807
2002-07-02,91.39638101741208
2002-07-03,91.49880505291908
2002-07-08,89.00648685558211
2002-07-09,89.0747695459201
2002-07-10,91.39638101741208
2002-07-11,91.60122908842608
2002-07-12,93.82041652441106
2002-07-15,92.42062137248209
2002-07-16,94.74223284397405
2002-07-17,95.18607033117105
2002-07-18,94.12768863093206
2002-07-19,95.01536360532604
2002-07-22,90.8159781495391
2002-07-23,89.8258791396381
2002-07-24,91.73779446910208
2002-07-25,91.39638101741208
2002-07-26,90.6111300785251
2002-07-29,90.6452714236941
2002-07-30,93.41072038238306
2002-07-31,92.24991464663708
2002-08-01,90.37214066234209
2002-08-02,91.63537043359509
2002-08-05,90.7476954592011
2002-08-06,92.76203482417208
2002-08-07,90.4745646978491
2002-08-08,91.0549675657221
2002-08-09,91.70365312393308
2002-08-12,95.11778764083306
2002-08-13,95.25435302150905
2002-08-14,96.10788665073405
2002-08-15,99.21474906111301
2002-08-16,100.13656538067599
2002-08-19,101.87777398429499
2002-08-20,102.79959030385797
2002-08-21,99.82929327415499
2002-08-22,98.46363946739501
2002-08-23,97.74667121884603
2002-08-26,99.96585865483101
2002-08-27,98.42949812222601
2002-08-28,96.75657220894503
2002-08-29,98.73677022874702
2002-08-30,98.94161829976102
2002-09-03,94.87879822465005
2002-09-04,96.51758279276204
2002-09-05,98.94161829976102
2002-09-06,101.09252304540799
2002-09-09,101.50221918743598
2002-09-10,101.50221918743598
2002-09-11,101.638784568112
2002-09-12,98.49778081256402
2002-09-13,101.77534994878799
2002-09-16,101.29737111642198
2002-09-17,99.283031751451
2002-09-18,100.648685558211
2002-09-19,100.716968248549
2002-09-20,101.09252304540799
2002-09-23,104.84807101399795
2002-09-24,105.05291908501195
2002-09-25,104.60908159781496
2002-09-26,103.82383065892797
2002-09-27,104.26766814612496
2002-09-30,103.96039603960396
2002-10-01,105.25776715602595
2002-10-02,104.09696142027995
2002-10-03,101.604643222943
2002-10-04,101.126664390577
2002-10-07,101.19494708091499
2002-10-08,100.648685558211
2002-10-09,100.204848071014
2002-10-10,98.90747695459201
2002-10-11,100.27313076135201
2002-10-14,102.52645954250599
2002-10-15,101.468077842267
2002-10-16,100.614544213042
2002-10-17,101.126664390577
2002-10-18,101.058381700239
2002-10-21,96.85899624445203
2002-10-22,95.32263571184706
2002-10-23,96.21031068624104
2002-10-24,96.27859337657904
2002-10-25,92.35233868214408
2002-10-28,93.17173096620007
2002-10-29,91.70365312393308
2002-10-30,91.53294639808807
2002-10-31,92.93274155001707
2002-11-01,92.62546944349607
2002-11-04,92.01092523045408
2002-11-05,89.24547627176511
2002-11-06,87.98224650051212
2002-11-07,86.65073403892113
2002-11-08,88.01638784568112
2002-11-11,88.56264936838512
2002-11-12,88.42608398770912
2002-11-13,86.00204848071014
2002-11-14,86.34346193240013
2002-11-15,87.09457152611813
2002-11-18,91.19153294639808
2002-11-19,90.20143393649711
2002-11-20,92.11334926596109
2002-11-21,89.96244452031411
2002-11-22,91.36223967224309
2002-11-25,89.14305223625811
2002-11-26,90.13315124615909
2002-11-27,91.8060771594401
2002-12-02,93.00102424035506
2002-12-03,93.20587231136908
2002-12-04,91.19153294639808
2002-12-05,93.17173096620007
2002-12-06,91.94264254011608
2002-12-09,92.86445885967906
2002-12-10,94.70809149880505
2002-12-11,93.54728576305907
2002-12-12,95.62990781836805
2002-12-13,97.09798566063503
2002-12-16,102.76544895868898
2002-12-17,102.76544895868898
2002-12-18,103.92625469443497
2002-12-19,104.33595083646297
2002-12-20,103.44827586206897
2002-12-23,108.39877091157393
2002-12-24,109.1498805052919
2002-12-26,110.9252304540799
2002-12-27,111.71048139296688
2002-12-30,107.10139979515193
2002-12-31,106.52099692727894
2003-01-02,108.74018436326392
2003-01-03,112.93956981905086
2003-01-06,109.59371799248892
2003-01-07,106.11130078525093
2003-01-08,104.33595083646297
2003-01-09,109.21816319562991
2003-01-10,108.15978149539092
2003-01-13,110.13997951519289
2003-01-14,110.5155343120519
2003-01-15,113.38340730624788
2003-01-16,114.91976783885285
2003-01-17,115.77330146807783
2003-01-21,118.16319562990782
2003-01-22,112.1543188801639
2003-01-23,110.1058381700239
2003-01-24,113.62239672243086
2003-01-27,110.24240355069989
2003-01-28,111.53977466712189
2003-01-29,114.81734380334588
2003-01-30,115.56845339706385
2003-01-31,114.40764766131785
2003-02-03,111.84704677364287
2003-02-04,114.64663707750084
2003-02-05,115.84158415841583
2003-02-06,116.62683509730283
2003-02-07,119.90440423352679
2003-02-10,117.71935814271082
2003-02-11,120.99692727893479
2003-02-12,122.12359166951178
2003-02-13,124.13793103448276
2003-02-14,125.64015022191874
2003-02-18,126.18641174462275
2003-02-19,126.86923864800272
2003-02-20,125.60600887674975
2003-02-21,121.47490611130078
2003-02-24,124.54762717651076
2003-02-25,123.11369067941278
2003-02-26,128.7128712871287
2003-02-27,127.00580402867874
2003-02-28,124.95732331853876
2003-03-03,122.49914646637079
2003-03-04,125.94742232843974
2003-03-05,125.26459542505974
2003-03-06,126.32297712529873
2003-03-07,128.9860020484807
2003-03-10,127.24479344486174
2003-03-11,125.36701946056674
2003-03-12,129.1567087743257
2003-03-13,122.94298395356778
2003-03-14,120.7920792079208
2003-03-17,119.25571867531582
2003-03-18,108.12564015022193
2003-03-19,102.01433936497098
2003-03-20,97.67838852850802
2003-03-21,91.87435984977809
2003-03-24,97.84909525435303
2003-03-25,95.49334243769204
2003-03-26,97.74667121884603
2003-03-27,103.68726527825196
2003-03-28,102.97029702970298
2003-03-31,105.97473540457494
2003-04-01,101.67292591328099
2003-04-02,97.50768180266303
2003-04-03,98.90747695459201
2003-04-04,97.71252987367703
2003-04-07,95.45920109252305
2003-04-08,95.59576647319905
2003-04-09,98.49778081256402
2003-04-10,93.75213383407306
2003-04-11,96.07374530556504
2003-04-14,97.74667121884603
2003-04-15,100.0
2003-04-16,99.62444520314101
2003-04-17,104.30180949129397
2003-04-21,105.39433253670197
2003-04-22,102.11676340047798
2003-04-23,90.98668487538409
2003-04-24,90.9525435302151
2003-04-25,89.65517241379311
2003-04-28,87.02628883578014
2003-04-29,86.17275520655514
2003-04-30,88.08467053601913
2003-05-01,88.86992147490612
2003-05-02,87.64083304882213
2003-05-05,90.44042335268009
2003-05-06,87.81153977466712
2003-05-07,89.55274837828611
2003-05-08,92.11334926596109
2003-05-09,94.63980880846705
2003-05-12,93.37657903721407
2003-05-13,97.30283373164903
2003-05-14,99.59030385797202
2003-05-15,98.12222601570501
2003-05-16,99.487879822465
2003-05-19,98.42949812222601
2003-05-20,99.96585865483101
2003-05-21,99.11232502560601
2003-05-22,98.49778081256402
2003-05-23,99.556162512803
2003-05-27,100.204848071014
2003-05-28,97.57596449300102
2003-05-29,99.35131444178901
2003-05-30,100.92181631956298
2003-06-02,104.84807101399795
2003-06-03,104.71150563332196
2003-06-04,102.59474223284397
2003-06-05,104.95049504950495
2003-06-06,106.79412768863095
2003-06-09,107.37453055650393
2003-06-10,108.33048822123592
2003-06-11,110.48139296688291
2003-06-12,107.57937862751794
2003-06-13,104.64322294298395
2003-06-16,106.45271423694093
2003-06-17,106.07715944008194
2003-06-18,103.65312393308297
2003-06-19,102.28747012632297
2003-06-20,105.22362581085696
2003-06-23,99.59030385797202
2003-06-24,98.25879139638103
2003-06-25,102.25332878115398
2003-06-26,99.04404233526802
2003-06-27,99.931717309662
2003-06-30,103.07272106520998
2003-07-01,103.78968931375896
2003-07-02,102.93615568453396
2003-07-03,103.85797200409696
2003-07-07,102.86787299419598
2003-07-08,103.17514510071697
2003-07-09,105.42847388187096
2003-07-10,106.04301809491294
2003-07-11,106.79412768863095
2003-07-14,106.75998634346193
2003-07-15,107.95493342437692
2003-07-16,106.00887674974395
2003-07-17,107.23796517582794
2003-07-18,109.11573916012291
2003-07-21,108.50119494708093
2003-07-22,103.07272106520998
2003-07-23,101.29737111642198
2003-07-24,103.17514510071697
2003-07-25,103.00443837487198
2003-07-28,102.79959030385797
2003-07-29,103.24342779105497
2003-07-30,104.74564697849095
2003-07-31,104.26766814612496
2003-08-01,110.3106862410379
2003-08-04,108.70604301809492
2003-08-05,110.0034141345169
2003-08-06,108.22806418572893
2003-08-07,110.5838170023899
2003-08-08,109.8668487538409
2003-08-11,109.2864458859679
2003-08-12,108.97917377944692
2003-08-13,105.08706043018094
2003-08-14,106.14544213041994
2003-08-15,106.00887674974395
2003-08-18,105.46261522703995
2003-08-19,104.81392966882895
2003-08-20,105.66746329805395
2003-08-21,108.8426083987709
2003-08-22,108.70604301809492
2003-08-25,107.75008535336292
2003-08-26,109.0815978149539
2003-08-27,106.55513827244793
2003-08-28,107.54523728234892
2003-08-29,107.78422669853191
2003-09-02,100.409696142028
2003-09-03,100.68282690337999
2003-09-04,98.94161829976102
2003-09-05,98.60020484807102
2003-09-08,98.49778081256402
2003-09-09,99.62444520314101
2003-09-10,100.204848071014
2003-09-11,98.39535677705702
2003-09-12,96.51758279276204
2003-09-15,96.07374530556504
2003-09-16,94.09354728576305
2003-09-17,92.28405599180608
2003-09-18,92.76203482417208
2003-09-19,92.28405599180608
2003-09-22,92.04506657562308
2003-09-23,92.62546944349607
2003-09-24,96.41515875725504
2003-09-25,96.58586548310004
2003-09-26,96.14202799590305
2003-09-29,96.96142027995903
2003-09-30,99.692727893479
2003-10-01,100.34141345169002
2003-10-02,101.87777398429499
2003-10-03,103.78968931375896
2003-10-06,104.02867872994194
2003-10-07,103.82383065892797
2003-10-08,101.77534994878799
2003-10-09,105.87231136906794
2003-10-10,109.1498805052919
2003-10-13,109.0815978149539
2003-10-14,108.63776032775692
2003-10-15,108.46705360191191
2003-10-16,107.68180266302491
2003-10-17,104.74564697849095
2003-10-20,103.61898258791398
2003-10-21,103.03857972004099
2003-10-22,102.15090474564698
2003-10-23,103.44827586206897
2003-10-24,102.97029702970298
2003-10-27,102.15090474564698
2003-10-28,100.92181631956298
2003-10-29,98.70262888357802
2003-10-30,97.20040969614203
2003-10-31,99.385455786958
2003-11-03,98.66848753840901
2003-11-04,98.15636736087401
2003-11-05,103.44827586206897
2003-11-06,103.31171048139298
2003-11-07,105.32604984636396
2003-11-10,105.42847388187096
2003-11-11,106.35029020143394
2003-11-12,106.96483441447593
2003-11-13,108.91089108910892
2003-11-14,110.5155343120519
2003-11-17,108.33048822123592
2003-11-18,113.62239672243086
2003-11-19,112.39330829634689
2003-11-20,112.18846022533289
2003-11-21,107.92079207920793
2003-11-24,101.53636053260497
2003-11-25,101.638784568112
2003-11-26,103.82383065892797
2003-12-01,102.25332878115398
2003-12-02,105.08706043018094
2003-12-03,106.17958347558896
2003-12-04,106.72584499829294
2003-12-05,104.91635370433596
2003-12-08,109.59371799248892
2003-12-09,108.43291225674292
2003-12-10,108.8426083987709
2003-12-11,108.74018436326392
2003-12-12,112.80300443837487
2003-12-15,113.28098327074088
2003-12-16,112.29088426083989
2003-12-17,113.86138613861388
2003-12-18,115.09047456469786
2003-12-19,112.73472174803689
2003-12-22,108.80846705360192
2003-12-23,109.0815978149539
2003-12-24,112.18846022533289
2003-12-29,110.6179583475589
2003-12-30,111.94947080914987
2003-12-31,111.02765448958691
2004-01-05,115.32946398088086
2004-01-06,115.05633321952887
2004-01-07,114.78320245817683
2004-01-08,116.01229088426084
2004-01-09,117.13895527483784
2004-01-12,118.5387504267668
2004-01-13,117.54865141686584
2004-01-14,117.78764083304883
2004-01-15,114.16865824513485
2004-01-16,119.73369750768181
2004-01-20,123.59166951177878
2004-01-21,118.06077159440082
2004-01-22,119.25571867531582
2004-01-23,119.28986002048481
2004-01-26,117.68521679754183
2004-01-27,116.49026971662684
2004-01-28,114.78320245817683
2004-01-29,112.01775349948788
2004-01-30,112.83714578354387
2004-02-02,119.4264254011608
2004-02-03,116.42198702628886
2004-02-04,113.00785250938887
2004-02-05,112.93956981905086
2004-02-06,110.89108910891088
2004-02-09,112.08603618982586
2004-02-10,115.63673608740184
2004-02-11,116.08057357459884
2004-02-12,116.01229088426084
2004-02-13,117.99248890406284
2004-02-17,120.14339364970978
2004-02-18,121.0310686241038
2004-02-19,122.90884260839879
2004-02-20,121.54318880163879
2004-02-23,117.27552065551383
2004-02-24,118.06077159440082
2004-02-25,121.8163195629908
2004-02-26,121.23591669511778
2004-02-27,123.45510413110277
2004-03-01,125.84499829293274
2004-03-02,125.16217138955274
2004-03-03,122.22601570501877
2004-03-04,125.09388869921476
2004-03-05,127.21065209969274
2004-03-08,124.85489928303176
2004-03-09,123.86480027313075
2004-03-10,123.25025606008877
2004-03-11,125.57186753158076
2004-03-12,123.55752816660977
2004-03-15,127.82519631273472
2004-03-16,127.96176169341071
2004-03-17,130.3516558552407
2004-03-18,129.4981222260157
2004-03-19,130.0102424035507
2004-03-22,126.69853192215774
2004-03-23,127.85933765790374
2004-03-24,126.35711847046774
2004-03-25,121.23591669511778
2004-03-26,121.98702628883578
2004-03-29,121.0310686241038
2004-03-30,123.76237623762376
2004-03-31,122.08945032434278
2004-04-01,117.00238989416185
2004-04-02,117.41208603618982
2004-04-05,117.37794469102083
2004-04-06,119.39228405599181
2004-04-07,123.42096278593377
2004-04-08,126.80095595766474
2004-04-12,129.1908501194947
2004-04-13,127.03994537384773
2004-04-14,125.36701946056674
2004-04-15,128.26903379993172
2004-04-16,128.84943666780472
2004-04-19,127.75691362239674
2004-04-20,128.37145783543872
2004-04-21,121.98702628883578
2004-04-22,125.33287811539775
2004-04-23,124.47934448617278
2004-04-26,126.22055308979174
2004-04-27,128.13246841925573
2004-04-28,127.89347900307273
2004-04-29,127.38135882553775
2004-04-30,127.62034824172073
2004-05-03,130.45407989074772
2004-05-04,133.08296346876068
2004-05-05,135.09730283373165
2004-05-06,134.41447593035164
2004-05-07,136.32639125981564
2004-05-10,132.91225674291567
2004-05-11,136.77022874701262
2004-05-12,139.1942642540116
2004-05-13,140.2526459542506
2004-05-14,141.27688630932062
2004-05-17,141.8572891771936
2004-05-18,138.4090133151246
2004-05-19,141.68658245134858
2004-05-20,139.7063844315466
2004-05-21,136.32639125981564
2004-05-24,142.43769204506657
2004-05-25,140.4574940252646
2004-05-26,138.95527483782863
2004-05-27,134.65346534653463
2004-05-28,136.15568453397066
2004-06-01,144.52031410037557
2004-06-02,136.42881529532264
2004-06-03,134.10720382383064
2004-06-04,131.41003755547968
2004-06-07,131.99044042335265
2004-06-08,127.27893479003075
2004-06-09,128.16660976442472
2004-06-10,131.2734721748037
2004-06-14,128.33731649026973
2004-06-15,126.97166268350972
2004-06-16,127.41550017070674
2004-06-17,131.30761351997268
2004-06-18,132.29771252987368
2004-06-21,128.47388187094572
2004-06-22,130.1126664390577
2004-06-23,128.26903379993172
2004-06-24,129.4981222260157
2004-06-25,128.2007511095937
2004-06-28,123.72823489245476
2004-06-29,121.74803687265276
2004-06-30,126.49368385114373
2004-07-01,132.2635711847047
2004-07-02,131.0686241037897
2004-07-06,135.37043359508365
2004-07-07,133.42437692045067
2004-07-08,137.69204506657562
2004-07-09,136.42881529532264
2004-07-12,134.85831341754866
2004-07-13,134.65346534653463
2004-07-14,139.8770911573916
2004-07-15,139.1942642540116
2004-07-16,140.8330488221236
2004-07-19,142.16456128371456
2004-07-20,139.50153636053258
2004-07-21,138.54557869580063
2004-07-22,141.2086036189826
2004-07-23,142.40355069989758
2004-07-26,141.4817343803346
2004-07-27,142.8473881870946
2004-07-28,146.46637077500853
2004-07-29,145.95425059747353
2004-07-30,149.5390918402185
2004-08-02,149.6073745305565
2004-08-03,150.73403892113348
2004-08-04,146.22738135882554
2004-08-05,151.62171389552748
2004-08-06,150.0512120177535
2004-08-09,153.08979173779449
2004-08-10,151.9972686923865
2004-08-11,152.95322635711847
2004-08-12,155.34312051894844
2004-08-13,159.0303857972004
2004-08-16,157.22089450324341
2004-08-17,159.61078866507341
2004-08-18,161.3861386138614
2004-08-19,166.26835097302833
2004-08-20,163.40047797883238
2004-08-23,157.22089450324341
2004-08-24,154.35302150904747
2004-08-25,148.4124274496415
2004-08-26,147.14919767838853
2004-08-27,147.4223284397405
2004-08-30,144.34960737453056
2004-08-31,143.80334585182655
2004-09-01,150.22191874359848
2004-09-02,150.4267668146125
2004-09-03,150.1877773984295
2004-09-07,147.86616592693753
2004-09-08,146.02253328781157
2004-09-09,152.30454079890748
2004-09-10,146.15909866848756
2004-09-13,149.77808125640152
2004-09-14,151.5534312051895
2004-09-15,148.78798224650052
2004-09-16,149.8122226015705
2004-09-17,155.65039262546946
2004-09-20,158.2451348583134
2004-09-21,160.8057357459884
2004-09-22,165.07340389211336
2004-09-23,165.44895868897237
2004-09-24,166.88289518607033
2004-09-27,169.4776374189143
2004-09-28,170.3653123933083
2004-09-29,169.0337999317173
2004-09-30,169.4776374189143
2004-10-01,171.11642198702629
2004-10-04,170.3994537384773
2004-10-05,174.42813246841928
2004-10-06,177.60327756913622
2004-10-07,179.82246500512122
2004-10-08,182.0075110959372
2004-10-11,183.13417548651418
2004-10-12,179.2762034824172
2004-10-13,183.13417548651418
2004-10-14,186.95800614544214
2004-10-15,187.53840901331515
2004-10-18,183.23659952202118
2004-10-19,181.93922840559918
2004-10-20,187.50426766814613
2004-10-21,185.96790713554114
2004-10-22,188.3578012973711
2004-10-25,186.20689655172413
2004-10-26,188.3578012973711
2004-10-27,179.10549675657222
2004-10-28,173.84772960054627
2004-10-29,176.71560259474225
2004-11-01,171.1505633321953
2004-11-02,169.4093547285763
2004-11-03,173.71116421987028
2004-11-04,166.67804711505633
2004-11-05,169.3752133834073
2004-11-08,167.59986343461935
2004-11-09,161.72755206555138
2004-11-10,166.81461249573232
2004-11-11,161.8982587913964
2004-11-12,161.5568453397064
2004-11-15,160.0204848071014
2004-11-16,157.42574257425744
2004-11-17,159.91806077159444
2004-11-18,157.80129737111645
2004-11-19,165.38067599863436
2004-11-22,166.06350290201433
2004-11-23,167.08774325708433
2004-11-24,168.79481051553432
2004-11-29,169.8873335609423
2004-11-30,167.73642881529534
2004-12-01,155.30897917377945
2004-12-02,147.66131785592353
2004-12-03,145.23728234892454
2004-12-06,146.73950153636054
2004-12-07,141.5500170706726
2004-12-08,143.18880163878455
2004-12-09,145.20314100375555
2004-12-10,138.98941618299762
2004-12-13,140.01365653806758
2004-12-14,142.77910549675659
2004-12-15,150.8706043018095
2004-12-16,150.8364629566405
2004-12-17,158.00614544213042
2004-12-20,155.82109935131444
2004-12-21,156.23079549334244
2004-12-22,151.0413110276545
2004-12-23,150.8364629566405
2004-12-27,141.0720382383066
2004-12-28,142.60839877091158
2004-12-29,148.99283031751452
2004-12-30,148.34414475930353
2005-01-03,143.80334585182655
2005-01-04,149.9146466370775
2005-01-05,148.13929668828953
2005-01-06,155.54796858996244
2005-01-07,155.10413110276545
2005-01-10,154.76271765107546
2005-01-11,155.95766473199043
2005-01-12,158.31341754865142
2005-01-13,164.01502219187435
2005-01-14,165.17582792762036
2005-01-18,165.17582792762036
2005-01-19,162.34209627859337
2005-01-20,160.1570501877774
2005-01-21,165.68794810515536
2005-01-24,166.64390576988734
2005-01-25,169.4776374189143
2005-01-26,166.54148173438034
2005-01-27,166.74632980539434
2005-01-28,161.0788665073404
2005-01-31,164.56128371457837
2005-02-01,160.8740184363264
2005-02-02,159.4059405940594
2005-02-03,158.58654831000342
2005-02-04,158.6889723455104
2005-02-07,154.59201092523048
2005-02-08,155.00170706725845
2005-02-09,155.20655513827245
2005-02-10,160.8057357459884
2005-02-11,161.01058381700238
2005-02-14,161.96654148173437
2005-02-15,161.35199726869237
2005-02-16,165.00512120177535
2005-02-17,162.30795493342438
2005-02-18,165.07340389211336
2005-02-22,174.63298053943325
2005-02-23,174.70126322977126
2005-02-24,175.45237282348924
2005-02-25,175.79378627517926
2005-02-28,176.68146124957326
2005-03-01,176.44247183339024
2005-03-02,181.1198361215432
2005-03-03,182.89518607033116
2005-03-04,183.6121543188802
2005-03-07,183.98770911573916
2005-03-08,186.37760327756916
2005-03-09,186.99214749061116
2005-03-10,182.79276203482416
2005-03-11,185.83134175486515
2005-03-14,187.60669170365313
2005-03-15,187.94810515534311
2005-03-16,192.76203482417208
2005-03-17,192.55718675315808
2005-03-18,193.64970979856605
2005-03-21,193.30829634687606
2005-03-22,191.2939569819051
2005-03-23,183.71457835438719
2005-03-24,187.23113690679415
2005-03-28,184.53397063844315
2005-03-29,185.14851485148515
2005-03-30,184.32912256742918
2005-03-31,189.14305223625811
2005-04-01,195.52748378286105
2005-04-04,194.63980880846705
2005-04-05,191.3280983270741
2005-04-06,190.6794127688631
2005-04-07,184.73881870945718
2005-04-08,182.04165244110618
2005-04-11,183.37316490269717
2005-04-12,177.05701604643224
2005-04-13,171.4578354387163
2005-04-14,174.56469784909527
2005-04-15,172.3796517582793
2005-04-18,171.96995561625127
2005-04-19,178.52509388869922
2005-04-20,179.0372140662342
2005-04-21,185.04609081597815
2005-04-22,189.10891089108912
2005-04-25,186.30932058723116
2005-04-26,185.04609081597815
2005-04-27,176.20348241720725
2005-04-28,176.74974393991124
2005-04-29,169.7507681802663
2005-05-02,173.84772960054627
2005-05-03,168.99965858654832
2005-05-04,171.1505633321953
2005-05-05,173.54045749402528
2005-05-06,173.98429498122226
2005-05-09,177.63741891430521
2005-05-10,177.77398429498123
2005-05-11,172.24308637760328
2005-05-12,165.72208945032435
2005-05-13,166.16592693752133
2005-05-16,165.96107886650736
2005-05-17,167.19016729259133
2005-05-18,161.31785592352338
2005-05-19,160.19119153294642
2005-05-20,159.7814953909184
2005-05-23,167.8388528508023
2005-05-24,169.5800614544213
2005-05-25,174.05257767156027
2005-05-26,174.15500170706727
2005-05-27,177.02287470126322
2005-05-31,177.43257084329122
2005-06-01,186.41174462273815
2005-06-02,183.1000341413452
2005-06-03,187.87982246500513
2005-06-06,186.03618982587915
2005-06-07,183.54387162854215
2005-06-08,179.37862751792423
2005-06-09,185.31922157733015
2005-06-10,182.79276203482416
2005-06-13,189.8941618299761
2005-06-14,187.77739842949813
2005-06-15,189.72345510413112
2005-06-16,193.17173096620007
2005-06-17,199.624445203141
2005-06-20,202.697166268351
2005-06-21,201.092523045408
2005-06-22,198.32707408671902
2005-06-23,202.867872994196
2005-06-24,204.30180949129397
2005-06-27,206.69170365312394
2005-06-28,198.70262888357803
2005-06-29,195.49334243769206
2005-06-30,192.8986002048481
2005-07-01,200.580402867873
2005-07-05,203.44827586206898
2005-07-06,209.21816319562993
2005-07-07,207.34038921133492
2005-07-08,203.58484124274497
2005-07-11,201.160805735746
2005-07-12,206.96483441447592
2005-07-13,204.88221235916697
2005-07-14,197.33697507681802
2005-07-15,198.32707408671902
2005-07-18,195.69819050870606
2005-07-19,196.17616934107204
2005-07-20,193.64970979856605
2005-07-21,195.04950495049508
2005-07-22,200.238989416183
2005-07-25,201.433936497098
2005-07-26,202.116763400478
2005-07-27,201.80949129395697
2005-07-28,204.64322294298393
2005-07-29,206.79412768863094
2005-08-01,210.20826220553093
2005-08-02,211.3007852509389
2005-08-03,207.7842266985319
2005-08-04,209.5595766473199
2005-08-05,212.73472174803686
2005-08-08,218.2997610105838
2005-08-09,215.32946398088083
2005-08-10,221.5773301468078
2005-08-11,224.65005121201776
2005-08-12,228.26903379993172
2005-08-15,226.25469443496073
2005-08-16,225.60600887674974
2005-08-17,215.94400819392283
2005-08-18,216.01229088426086
2005-08-19,223.11369067941277
2005-08-22,223.45510413110276
2005-08-23,224.34277910549673
2005-08-24,229.8395356777057
2005-08-25,230.4199385455787
2005-08-26,225.77671560259472
2005-08-29,229.4298395356777
2005-08-30,238.34073062478663
2005-08-31,235.37043359508365
2005-09-01,237.17992488904062
2005-09-02,230.69306930693068
2005-09-06,225.19631273472172
2005-09-07,219.76783885285082
2005-09-08,220.17753499487878
2005-09-09,218.77773984294979
2005-09-12,216.25128030044385
2005-09-13,215.46602936155685
2005-09-14,222.2260157050188
2005-09-15,221.0652099692728
2005-09-16,215.09047456469784
2005-09-19,230.0785250938887
2005-09-20,226.11812905428476
2005-09-21,228.06418572891772
2005-09-22,227.03994537384773
2005-09-23,219.1532946398088
2005-09-26,224.71833390235574
2005-09-27,222.15773301468076
2005-09-28,226.5278251963127
2005-09-29,228.03004438374876
2005-09-30,226.15227039945373
2005-10-03,223.52338682144074
2005-10-04,218.1631956299078
2005-10-05,214.37350631614885
2005-10-06,209.4912939569819
2005-10-07,211.1300785250939
2005-10-10,210.99351314441788
2005-10-11,216.89996585865484
2005-10-12,218.91430522362586
2005-10-13,215.36360532604982
2005-10-14,213.8272447934449
2005-10-17,219.7336975076818
2005-10-18,215.77330146807788
2005-10-19,213.07613519972688
2005-10-20,208.36462956640491
2005-10-21,206.99897575964496
2005-10-24,205.94059405940595
2005-10-25,213.17855923523385
2005-10-26,207.10139979515193
2005-10-27,208.56947763741894
2005-10-28,209.0133151246159
2005-10-31,204.02867872994196
2005-11-01,204.33595083646296
2005-11-02,203.99453738477297
2005-11-03,210.9252304540799
2005-11-04,206.82826903379993
2005-11-07,203.03857972004096
2005-11-08,203.85797200409698
2005-11-09,201.194947080915
2005-11-10,197.33697507681802
2005-11-11,196.41515875725503
2005-11-14,196.96142027995901
2005-11-15,194.53738477296005
2005-11-16,197.61010583817006
2005-11-17,192.3523386821441
2005-11-18,191.6695117787641
2005-11-21,196.99556162512803
2005-11-22,200.887674974394
2005-11-23,200.443837487197
2005-11-28,195.83475588938205
2005-11-29,192.8986002048481
2005-11-30,195.69819050870606
2005-12-01,199.624445203141
2005-12-02,202.526459542506
2005-12-05,204.54079890747695
2005-12-06,204.64322294298393
2005-12-07,202.15090474564698
2005-12-08,207.10139979515193
2005-12-09,202.76544895868898
2005-12-12,209.2864458859679
2005-12-13,209.5254353021509
2005-12-14,207.75008535336292
2005-12-15,204.813929668829
2005-12-16,198.22465005121202
2005-12-19,195.76647319904404
2005-12-20,197.95151928986002
2005-12-21,199.93171730966202
2005-12-22,198.97575964493
2005-12-23,199.487879822465
2005-12-27,198.566063502902
2005-12-28,204.23352680095596
2005-12-29,205.94059405940595
2005-12-30,208.3987709115739
2006-01-03,215.56845339706382
2006-01-04,216.52441106179583
2006-01-05,214.37350631614885
2006-01-06,219.22157733014677
2006-01-09,216.79754182314787
2006-01-10,216.35370433595082
2006-01-11,218.2997610105838
2006-01-12,218.2997610105838
2006-01-13,218.23147832024583
2006-01-17,226.39125981563674
2006-01-18,224.41106179583477
2006-01-19,228.16660976442472
2006-01-20,233.35609423011263
2006-01-23,232.50256060088765
2006-01-24,228.95186070331172
2006-01-25,224.82075793786277
2006-01-26,226.22055308979174
2006-01-27,231.3417548651417
2006-01-30,233.35609423011263
2006-01-31,231.8880163878457
2006-02-01,227.24479344486173
2006-02-02,220.8262205530898
2006-02-03,223.18197336975078
2006-02-06,222.29429839535678
2006-02-07,215.39774667121887
2006-02-08,213.55411403209285
2006-02-09,213.79310344827584
2006-02-10,211.1300785250939
2006-02-13,209.0815978149539
2006-02-14,203.37999317173097
2006-02-15,196.82485489928303
2006-02-16,199.590303857972
2006-02-17,204.43837487196998
2006-02-21,208.60361898258793
2006-02-22,208.29634687606693
2006-02-23,206.69170365312394
2006-02-24,214.78320245817685
2006-02-27,208.26220553089794
2006-02-28,209.66200068282689
2006-03-01,211.57391601229088
2006-03-02,216.31956299078183
2006-03-03,217.37794469102084
2006-03-06,213.07613519972688
2006-03-07,210.24240355069992
2006-03-08,204.91635370433596
2006-03-09,206.45271423694095
2006-03-10,204.71150563332196
2006-03-13,210.8910891089109
2006-03-14,215.43188801638786
2006-03-15,212.25674291567088
2006-03-16,217.07067258449985
2006-03-17,214.30522362581087
2006-03-20,206.28200751109597
2006-03-21,206.79412768863094
2006-03-22,210.8910891089109
2006-03-23,218.19733697507678
2006-03-24,219.39228405599184
2006-03-27,219.05087060430182
2006-03-28,225.57186753158072
2006-03-29,226.86923864800278
2006-03-30,229.25913280983275
2006-03-31,227.48378286104472
2006-04-03,227.85933765790372
2006-04-04,226.11812905428476
2006-04-05,228.98600204848069
2006-04-06,231.9562990781837
2006-04-07,230.0785250938887
2006-04-10,234.68760669170362
2006-04-11,235.50699897575967
2006-04-12,234.27791054967568
2006-04-13,236.66780471150562
2006-04-17,240.35506998975765
2006-04-18,243.59849778081255
2006-04-19,246.39808808467058
2006-04-20,245.64697849095256
2006-04-21,256.64049163537044
2006-04-24,250.35848412427447
2006-04-25,248.82212359166948
2006-04-26,245.57869580061458
2006-04-27,242.30112666439058
2006-04-28,245.40798907476952
2006-05-01,251.6217138955275
2006-05-02,254.72857630590644
2006-05-03,246.77364288152955
2006-05-04,238.78456811198362
2006-05-05,239.63810174120857
2006-05-08,238.2041652441106
2006-05-09,241.3451689996586
2006-05-10,246.26152270399456
2006-05-11,250.32434277910548
2006-05-12,245.9542505974736
2006-05-15,236.97507681802662
2006-05-16,237.38477296005462
2006-05-17,234.51689996585867
2006-05-18,237.11164219870264
2006-05-19,233.97063844315466
2006-05-22,236.36053260498466
2006-05-23,244.99829293274158
2006-05-24,238.51143735063164
2006-05-25,243.49607374530552
2006-05-26,243.6667804711506
2006-05-30,245.92010925230454
2006-05-31,243.3936497097986
2006-06-01,240.1502219187436
2006-06-02,246.94434960737453
2006-06-05,247.8661659269375
2006-06-06,247.5247524752475
2006-06-07,241.78900648685558
2006-06-08,240.1843632639126
2006-06-09,244.55445544554456
2006-06-12,240.21850460908158
2006-06-13,234.07306247866168
2006-06-14,236.05326049846366
2006-06-15,237.28234892454765
2006-06-16,238.57972004096962
2006-06-19,235.50699897575967
2006-06-20,235.37043359508365
2006-06-21,240.1160805735746
2006-06-22,241.8572891771936
2006-06-23,241.95971321270062
2006-06-26,245.13485831341754
2006-06-27,245.54455445544554
2006-06-28,246.46637077500856
2006-06-29,251.00716968248545
2006-06-30,252.40696483441448
2006-07-03,252.40696483441448
2006-07-05,256.7087743257084
2006-07-06,256.53806759986344
2006-07-07,252.9532263571185
2006-07-10,251.31444178900648
2006-07-11,253.19221577330146
2006-07-12,255.88938204165248
2006-07-13,261.8641174462274
2006-07-14,262.9907818368044
2006-07-17,257.0843291225674
2006-07-18,251.07545237282355
2006-07-19,248.07101399795152
2006-07-20,249.5049504950495
2006-07-21,254.1140320928645
2006-07-24,256.23079549334244
2006-07-25,251.79242062137251
2006-07-26,252.44110617958347
2006-07-27,254.48958688972348
2006-07-28,250.0512120177535
2006-07-31,254.01160805735748
2006-08-01,255.75281666097644
2006-08-02,258.82553772618644
2006-08-03,257.6305906452714
2006-08-04,255.24069648344147
2006-08-07,262.82007511095935
2006-08-08,260.5326049846364
2006-08-09,260.66917036531237
2006-08-10,252.64595425059747
2006-08-11,253.84090133151247
2006-08-14,251.0413110276545
2006-08-15,249.40252645954249
2006-08-16,245.44213041993856
2006-08-17,239.1942642540116
2006-08-18,242.88152953226358
2006-08-21,247.35404574940256
2006-08-22,247.9685899624445
2006-08-23,244.99829293274158
2006-08-24,247.04677364288153
2006-08-25,247.55889382041656
2006-08-28,241.07203823830662
2006-08-29,237.9993171730966
2006-08-30,239.09184021850461
2006-08-31,239.87709115739162
2006-09-01,236.22396722430864
2006-09-05,234.20962785933764
2006-09-06,230.4540798907477
2006-09-07,229.8395356777057
2006-09-08,226.18641174462275
2006-09-11,224.00136565380677
2006-09-12,217.6852167975418
2006-09-13,218.40218504609084
2006-09-14,215.84158415841586
2006-09-15,216.21713895527486
2006-09-18,217.82178217821783
2006-09-19,210.5155343120519
2006-09-20,206.41857289177193
2006-09-21,210.2765448958689
2006-09-22,206.72584499829293
2006-09-25,209.79856606350293
2006-09-26,208.29634687606693
2006-09-27,214.95390918402185
2006-09-28,214.27108228064188
2006-09-29,214.78320245817685
2006-10-02,208.36462956640491
2006-10-03,200.34141345169002
2006-10-04,202.83373164902696
2006-10-05,204.95049504950495
2006-10-06,204.02867872994196
2006-10-09,204.71150563332196
2006-10-10,199.79515192898603
2006-10-11,196.62000682826906
2006-10-12,197.54182314783202
2006-10-13,199.965858654831
2006-10-16,204.64322294298393
2006-10-17,201.194947080915
2006-10-18,196.82485489928303
2006-10-19,199.72686923864802
2006-10-20,193.99112325025607
2006-10-23,200.785250938887
2006-10-24,202.62888357801296
2006-10-25,209.6278593376579
2006-10-26,206.07715944008197
2006-10-27,207.4086719016729
2006-10-30,199.24889040628202
2006-10-31,200.51212017753497
2006-11-01,200.443837487197
2006-11-02,197.61010583817006
2006-11-03,201.911915329464
2006-11-06,204.91635370433596
2006-11-07,201.194947080915
2006-11-08,204.26766814612495
2006-11-09,208.8084670536019
2006-11-10,203.44827586206898
2006-11-13,200.0
2006-11-14,198.97575964493
2006-11-15,200.614544213042
2006-11-16,192.07920792079207
2006-11-17,190.54284738818708
2006-11-20,200.751109593718
2006-11-21,205.42847388187099
2006-11-22,202.253328781154
2006-11-24,202.253328781154
2006-11-27,205.94059405940595
2006-11-28,208.22806418572895
2006-11-29,213.24684192557189
2006-11-30,215.53431205189483
2006-12-01,216.55855240696482
2006-12-04,213.17855923523385
2006-12-05,213.14441789006486
2006-12-06,212.32502560600886
2006-12-07,213.34926596107886
2006-12-08,211.77876408330488
2006-12-11,209.0133151246159
2006-12-12,208.33048822123592
2006-12-13,209.5254353021509
2006-12-14,213.41754865141684
2006-12-15,216.55855240696482
2006-12-18,212.3933082963469
2006-12-19,215.60259474223287
2006-12-20,217.54865141686582
2006-12-21,213.92966882895186
2006-12-22,213.07613519972688
2006-12-26,208.60361898258793
2006-12-27,206.00887674974396
2006-12-28,206.65756230795495
2006-12-29,208.4329122567429
2007-01-02,208.4329122567429
2007-01-03,199.112325025606
2007-01-04,189.79173779446913
2007-01-05,192.2499146466371
2007-01-08,191.4988050529191
2007-01-09,189.9624445203141
2007-01-10,184.43154660293618
2007-01-11,177.12529873677025
2007-01-12,180.91498805052922
2007-01-16,174.83782861044725
2007-01-17,178.35438716285424
2007-01-18,172.34551041311028
2007-01-19,177.50085353362923
2007-01-22,174.56469784909527
2007-01-23,187.91396381017412
2007-01-24,189.04062820075112
2007-01-25,185.14851485148515
2007-01-26,189.21133492659612
2007-01-29,184.39740525776716
2007-01-30,194.50324342779106
2007-01-31,198.49778081256403
2007-02-01,195.62990781836805
2007-02-02,201.502219187436
2007-02-05,200.54626152270401
2007-02-06,201.02424035507
2007-02-07,197.02970297029705
2007-02-08,203.85797200409698
2007-02-09,204.47251621713897
2007-02-12,197.37111642198704
2007-02-13,201.63878456811202
2007-02-14,198.01980198019803
2007-02-15,197.98566063502903
2007-02-16,202.76544895868898
2007-02-20,198.25879139638104
2007-02-21,205.08706043018097
2007-02-22,208.09149880505294
2007-02-23,208.74018436326392
2007-02-26,209.5937179924889
2007-02-27,209.83270740867192
2007-02-28,210.95937179924888
2007-03-01,211.6763400477979
2007-03-02,210.44725162171392
2007-03-05,205.08706043018097
2007-03-06,207.2038238306589
2007-03-07,211.0617958347559
2007-03-08,210.44725162171392
2007-03-09,205.01877773984293
2007-03-12,201.126664390577
2007-03-13,197.78081256401504
2007-03-14,198.566063502902
2007-03-15,196.483441447593
2007-03-16,194.98122226015707
2007-03-19,193.20587231136906
2007-03-20,193.68385114373504
2007-03-21,203.516558552407
2007-03-22,210.61795834755887
2007-03-23,212.6322977125299
2007-03-26,214.78320245817685
2007-03-27,214.85148514851485
2007-03-28,218.77773984294979
2007-03-29,225.43530215090476
2007-03-30,224.88904062820077
2007-04-02,225.12803004438373
2007-04-03,220.68965517241378
2007-04-04,219.80198019801978
2007-04-05,219.46056674632982
2007-04-09,210.00341413451687
2007-04-10,211.3007852509389
2007-04-11,211.7104813929669
2007-04-12,217.99248890406284
2007-04-13,217.24137931034483
2007-04-16,217.17309662000682
2007-04-17,215.43188801638786
2007-04-18,215.53431205189483
2007-04-19,211.0959371799249
2007-04-20,216.38784568111987
2007-04-23,224.95732331853878
2007-04-24,220.48480710139978
2007-04-25,224.78661659269378
2007-04-26,222.12359166951182
2007-04-27,226.9033799931717
2007-04-30,224.34277910549673
2007-05-01,219.87026288835784
2007-05-02,217.41208603618983
2007-05-03,215.73916012290883
2007-05-04,211.43735063161492
2007-05-07,209.8668487538409
2007-05-08,212.56401502219185
2007-05-09,210.1399795151929
2007-05-10,211.02765448958692
2007-05-11,212.93956981905086
2007-05-14,213.24684192557189
2007-05-15,215.67087743257085
2007-05-16,213.55411403209285
2007-05-17,221.4407647661318
2007-05-18,221.71389552748377
2007-05-21,226.25469443496073
2007-05-22,221.8163195629908
2007-05-23,224.54762717651073
2007-05-24,219.11915329463986
2007-05-25,222.6015705018778
2007-05-29,215.60259474223287
2007-05-30,216.76340047797885
2007-05-31,218.53875042676685
2007-06-01,222.1918743598498
2007-06-04,226.04984636394673
2007-06-05,224.00136565380677
2007-06-06,225.19631273472172
2007-06-07,228.50802321611474
2007-06-08,221.09935131444183
2007-06-11,225.23045407989076
2007-06-12,223.11369067941277
2007-06-13,226.22055308979174
2007-06-14,230.9662000682827
2007-06-15,232.1611471491977
2007-06-18,235.88255377261868
2007-06-19,235.9166951177876
2007-06-20,232.80983270740867
2007-06-21,234.3803345851827
2007-06-22,236.05326049846366
2007-06-25,236.18982587913968
2007-06-26,231.37589621031069
2007-06-27,235.47285763059062
2007-06-28,237.52133834073058
2007-06-29,241.3110276544896
2007-07-02,242.71082280641858
2007-07-03,243.80334585182655
2007-07-05,245.16899965858659
2007-07-06,248.58313417548655
2007-07-09,246.46637077500856
2007-07-10,248.58313417548655
2007-07-11,247.7296005462615
2007-07-12,247.5247524752475
2007-07-13,252.40696483441448
2007-07-16,253.1580744281325
2007-07-17,252.71423694093548
2007-07-18,256.23079549334244
2007-07-19,259.2010925230454
2007-07-20,258.0061454421304
2007-07-23,255.68453397063843
2007-07-24,251.14373506316153
2007-07-25,259.0645271423694
2007-07-26,255.88938204165248
2007-07-27,262.95664049163537
2007-07-30,262.30795493342436
2007-07-31,267.0194605667463
2007-08-01,261.2837145783544
2007-08-02,262.41037896893135
2007-08-03,257.69887333560945
2007-08-06,246.02253328781157
2007-08-07,247.25162171389553
2007-08-08,246.32980539433257
2007-08-09,244.41789006486857
2007-08-10,244.00819392284055
2007-08-13,244.52031410037557
2007-08-14,247.11505633321954
2007-08-15,250.35848412427447
2007-08-16,242.40355069989755
2007-08-17,245.7494025264596
2007-08-20,242.8132468419256
2007-08-21,237.17992488904062
2007-08-22,236.46295664049165
2007-08-23,238.4090133151246
2007-08-24,242.71082280641858
2007-08-27,245.71526118129054
2007-08-28,244.89586889723455
2007-08-29,250.97302833731652
2007-08-30,250.4609081597815
2007-08-31,252.7825196312735
2007-09-04,256.33321952884944
2007-09-05,258.55240696483446
2007-09-06,260.4984636394674
2007-09-07,261.8641174462274
2007-09-10,264.5612837145784
2007-09-11,267.08774325708436
2007-09-12,272.82348924547625
2007-09-13,273.4380334585183
2007-09-14,270.0580402867873
2007-09-17,275.07681802663024
2007-09-18,278.28610447251623
2007-09-19,279.7200409696143
2007-09-20,284.46568794810514
2007-09-21,278.6616592693752
2007-09-24,276.37418914305226
2007-09-25,271.5261181290543
2007-09-26,274.15500170706724
2007-09-27,282.9634687606692
2007-09-28,278.7982246500512
2007-10-01,273.95015363605324
2007-10-02,273.3014680778423
2007-10-03,272.92591328098325
2007-10-04,278.0471150563332
2007-10-05,277.29600546261526
2007-10-08,269.7849095254353
2007-10-09,274.0184363263913
2007-10-10,277.56913622396723
2007-10-11,283.64629566404915
2007-10-12,285.72891771935815
2007-10-15,294.05940594059405
2007-10-16,299.112325025606
2007-10-17,298.3953567770571
2007-10-18,305.46261522704
2007-10-19,302.49231819733694
2007-10-22,298.94161829976105
2007-10-23,291.1232502560601
2007-10-24,297.37111642198704
2007-10-25,308.8426083987709
2007-10-26,313.6223967224309
2007-10-29,319.32400136565377
2007-10-30,308.5694776374189
2007-10-31,322.7381358825538
2007-11-01,319.1874359849778
2007-11-02,327.51792420621376
2007-11-05,320.8603618982588
2007-11-06,330.1468077842267
2007-11-07,329.02014339364973
2007-11-08,325.91328098327074
2007-11-09,328.8494366678047
2007-11-12,323.04540798907476
2007-11-13,311.2666439057699
2007-11-14,321.2359166951178
2007-11-15,318.9825879139638
2007-11-16,324.68419255718675
2007-11-19,323.1136906794128
2007-11-20,334.68760669170365
2007-11-21,332.1611471491977
2007-11-23,335.1997268692387
2007-11-26,333.56094230112666
2007-11-27,322.3625810856948
2007-11-28,309.38886992147496
2007-11-29,310.72038238306595
2007-11-30,302.867872994196
2007-12-03,304.91635370433596
2007-12-04,301.53636053260493
2007-12-05,298.702628883578
2007-12-06,308.0573574598839
2007-12-07,301.39979515192897
2007-12-10,299.965858654831
2007-12-11,307.3403892113349
2007-12-12,322.2601570501878
2007-12-13,314.9539091840218
2007-12-14,311.60805735745987
2007-12-17,309.42301126664387
2007-12-18,308.9450324342779
2007-12-19,311.50563332195287
2007-12-20,310.8910891089109
2007-12-21,318.5728917719358
2007-12-24,321.37248207579376
2007-12-26,327.6544895868897
2007-12-27,329.87367702287474
2007-12-28,327.7569136223967
2007-12-31,327.68863093205874
2008-01-02,340.1160805735746
2008-01-03,338.61386138613864
2008-01-04,334.27791054967565
2008-01-07,324.65005121201773
2008-01-08,328.8835780129737
2008-01-09,326.63024923181973
2008-01-10,319.93854557869577
2008-01-11,316.45612837145785
2008-01-14,321.6114714919768
2008-01-15,313.7589621031069
2008-01-16,310.1399795151929
2008-01-17,307.71594400819396
2008-01-18,309.21816319562987
2008-01-22,306.75998634346195
2008-01-23,296.99556162512806
2008-01-24,305.2577671560259
2008-01-25,309.69614202799585
2008-01-28,310.65209969272786
2008-01-29,312.8712871287129
2008-01-30,315.22703994537386
2008-01-31,313.24684192557186
2008-02-01,303.72140662342093
2008-02-04,307.3403892113349
2008-02-05,301.843632639126
2008-02-06,297.50768180266306
2008-02-07,300.819392284056
2008-02-08,313.3151246159099
2008-02-11,319.5288494366678
2008-02-12,316.76340047797885
2008-02-13,318.43632639125985
2008-02-14,325.91328098327074
2008-02-15,326.04984636394676
2008-02-19,341.4475930351656
2008-02-20,343.93991123250254
2008-02-21,335.3704335950836
2008-02-22,337.35063161488563
2008-02-25,338.7845681119837
2008-02-26,344.4178900648685
2008-02-27,340.1843632639126
2008-02-28,350.2560600887675
2008-02-29,347.69545920109255
2008-03-03,349.77808125640155
2008-03-04,339.7746671218846
2008-03-05,356.84533970638444
2008-03-06,360.0887674974394
2008-03-07,358.9962444520314
2008-03-10,368.3851143735064
2008-03-11,371.2871287128713
2008-03-12,375.28166609764423
2008-03-13,376.68146124957326
2008-03-14,376.2717651075452
2008-03-17,360.80573574598844
2008-03-18,373.57459883919427
2008-03-19,356.7087743257085
2008-03-20,347.69545920109255
2008-03-24,344.34960737453054
2008-03-25,345.5786958006145
2008-03-26,361.5568453397064
2008-03-27,367.29259132809835
2008-03-28,360.6008876749744
2008-03-31,346.8077842266986
2008-04-01,344.7593035165586
2008-04-02,357.9037214066234
2008-04-03,354.48958688972345
2008-04-04,362.6835097302834
2008-04-07,372.4479344486173
2008-04-08,370.4335950836463
2008-04-09,378.52509388869925
2008-04-10,375.93035165585525
2008-04-11,376.03277569136225
2008-04-14,381.5636736087402
2008-04-15,388.49436667804713
2008-04-16,392.3864800273131
2008-04-17,392.1474906111301
2008-04-18,398.39535677705703
2008-04-21,401.09252304540803
2008-04-22,407.545237282349
2008-04-23,403.89211334926597
2008-04-24,396.2444520314101
2008-04-25,404.643222942984
2008-04-28,405.42847388187096
2008-04-29,394.77637418914304
2008-04-30,387.3677022874701
2008-05-01,384.15841584158414
2008-05-02,397.132127005804
2008-05-05,409.59371799248896
2008-05-06,415.9781495390918
2008-05-07,421.7480368726528
2008-05-08,422.2942983953568
2008-05-09,430.04438374871967
2008-05-12,424.13793103448273
2008-05-13,429.4981222260157
2008-05-14,424.10378968931377
2008-05-15,423.7623762376238
2008-05-16,431.1710481392967
2008-05-19,433.7657903721406
2008-05-20,440.6623420962786
2008-05-21,454.66029361556843
2008-05-22,446.6029361556846
2008-05-23,451.31444178900654
2008-05-27,439.9112325025606
2008-05-28,447.3540457494026
2008-05-29,432.29771252987376
2008-05-30,434.79003072721065
2008-06-02,436.1898258791396
2008-06-03,424.41106179583477
2008-06-04,417.5486514168658
2008-06-05,436.2922499146467
2008-06-06,472.99419597132123
2008-06-09,458.6889723455104
2008-06-10,448.31000341413454
2008-06-11,465.61966541481735
2008-06-12,466.8487538409014
2008-06-13,460.43018094912946
2008-06-16,459.57664731990445
2008-06-17,457.5281666097644
2008-06-18,466.6439057698874
2008-06-19,450.42676681461256
2008-06-20,459.6107886650734
2008-06-23,466.8487538409014
2008-06-24,467.73642881529537
2008-06-25,459.3717992488904
2008-06-26,476.74974393991124
2008-06-27,478.6958006145443
2008-06-30,477.97883236599523
2008-07-01,481.29054284738817
2008-07-02,490.1672925913281
2008-07-03,496.03960396039605
2008-07-07,482.65619665414823
2008-07-08,464.45885967907134
2008-07-09,464.49300102424036
2008-07-10,483.6121543188802
2008-07-11,495.32263571184706
2008-07-14,495.6640491635371
2008-07-15,473.6770228747013
2008-07-16,459.54250597473543
2008-07-17,441.4134516899965
2008-07-18,440.0136565380676
2008-07-21,447.3881870945715
2008-07-22,436.83851143735063
2008-07-23,424.8548992830318
2008-07-24,428.4397405257767
2008-07-25,420.82622055308985
2008-07-28,425.8449982929328
2008-07-29,417.17309662000685
2008-07-30,432.80983270740865
2008-07-31,423.62581085694774
2008-08-01,427.1082280641857
2008-08-04,414.51007169682487
2008-08-05,406.86241037896895
2008-08-06,404.8480710139979
2008-08-07,409.76442471833394
2008-08-08,393.3082963468761
2008-08-11,390.7476954592011
2008-08-12,385.83134175486515
2008-08-13,396.03960396039605
2008-08-14,392.65961078866513
2008-08-15,388.42608398770915
2008-08-18,385.3533629224992
2008-08-19,391.0208262205531
2008-08-20,392.5571867531581
2008-08-21,413.7248207579379
2008-08-22,391.2256742915671
2008-08-25,393.0010242403551
2008-08-26,396.96142027995904
2008-08-27,403.379993171731
2008-08-28,394.6398088084671
2008-08-29,394.19597132127006
2008-09-02,374.56469784909524
2008-09-03,373.33560942301125
2008-09-04,368.3509730283373
2008-09-05,362.6835097302834
2008-09-08,363.0590645271424
2008-09-09,352.5435302150905
2008-09-10,350.2219187435985
2008-09-11,344.3837487196996
2008-09-12,345.44213041993856
2008-09-15,326.7668146124957
2008-09-16,311.19836121543193
2008-09-17,331.7173096620007
2008-09-18,334.17548651416865
2008-09-19,356.94776374189144
2008-09-22,412.83714578354386
2008-09-23,363.98088084670536
2008-09-24,360.9764424718334
2008-09-25,368.7948105155343
2008-09-26,364.9368385114374
2008-09-29,329.02014339364973
2008-09-30,343.5984977808126
2008-10-01,336.3946739501536
2008-10-02,320.8262205530898
2008-10-03,320.5189484465688
2008-10-06,299.795151928986
2008-10-07,307.47695459201094
2008-10-08,303.68726527825197
2008-10-09,295.62990781836805
2008-10-10,265.2782519631274
2008-10-13,277.1935814271082
2008-10-14,268.4533970638443
2008-10-15,254.48958688972348
2008-10-16,238.4772960054626
2008-10-17,245.30556503926255
2008-10-20,253.49948787982245
2008-10-21,242.0279959030386
2008-10-22,227.8934790030727
2008-10-23,231.61488562649367
2008-10-24,219.01672925913283
2008-10-27,215.84158415841586
2008-10-28,214.16865824513485
2008-10-29,230.4540798907477
2008-10-30,225.19631273472172
2008-10-31,231.5124615909867
2008-11-03,218.19733697507678
2008-11-04,240.79890747695458
2008-11-05,222.94298395356776
2008-11-06,207.47695459201094
2008-11-07,208.3987709115739
2008-11-10,213.07613519972688
2008-11-11,202.56060088767498
2008-11-12,191.73779446910208
2008-11-13,198.83919426425402
2008-11-14,194.74223284397405
2008-11-17,187.60669170365313
2008-11-18,185.69477637418913
2008-11-19,183.06589279617614
2008-11-20,169.4093547285763
2008-11-21,170.4677364288153
2008-11-24,186.07033117104814
2008-11-25,173.33560942301128
2008-11-26,185.86548310003414
2008-11-28,185.83134175486515
2008-12-01,168.24854899283034
2008-12-02,160.3277569136224
2008-12-03,159.7473540457494
2008-12-04,149.09525435302152
2008-12-05,139.3308296346876
2008-12-08,149.23181973369753
2008-12-09,143.63263912598157
2008-12-10,148.58313417548652
2008-12-11,163.81017412086035
2008-12-12,158.00614544213042
2008-12-15,151.9631273472175
2008-12-16,148.85626493683853
2008-12-17,136.77022874701262
2008-12-18,123.65995220211676
2008-12-19,115.63673608740184
2008-12-22,136.25810856947763
2008-12-23,133.08296346876068
2008-12-24,120.68965517241381
2008-12-26,128.7470126322977
2008-12-29,136.63366336633663
2008-12-30,133.2536701946057
2008-12-31,152.2703994537385
2009-01-02,158.21099351314442
2009-01-05,166.64390576988734
2009-01-06,165.85865483100034
2009-01-07,145.54455445544556
2009-01-08,142.3694093547286
2009-01-09,139.3991123250256
2009-01-12,128.33731649026973
2009-01-13,128.9860020484807
2009-01-14,127.27893479003075
2009-01-15,120.86036189825879
2009-01-16,124.65005121201776
2009-01-20,132.2635711847047
2009-01-21,148.68555821099352
2009-01-22,149.09525435302152
2009-01-23,158.6548310003414
2009-01-26,156.1283714578354
2009-01-27,141.9597132127006
2009-01-28,143.93991123250257
2009-01-29,141.4817343803346
2009-01-30,142.30112666439058
2009-02-02,136.83851143735063
2009-02-03,139.2284055991806
2009-02-04,137.65790372140663
2009-02-05,140.5599180607716
2009-02-06,137.14578354387163
2009-02-09,135.06316148856266
2009-02-10,128.2007511095937
2009-02-11,122.70399453738476
2009-02-12,116.01229088426084
2009-02-13,128.06418572891772
2009-02-17,119.25571867531582
2009-02-18,118.19733697507682
2009-02-19,134.79003072721065
2009-02-20,132.94639808808466
2009-02-23,131.2393308296347
2009-02-24,136.42881529532264
2009-02-25,145.10071696824855
2009-02-26,154.38716285421646
2009-02-27,152.81666097644248
2009-03-02,137.07750085353362
2009-03-03,142.19870262888355
2009-03-04,154.93342437692047
2009-03-05,148.89040628200752
2009-03-06,155.41140320928645
2009-03-09,160.7033117104814
2009-03-10,156.06008876749743
2009-03-11,144.52031410037557
2009-03-12,160.5667463298054
2009-03-13,157.90372140662342
2009-03-16,161.6592693752134
2009-03-17,167.8388528508023
2009-03-18,164.35643564356437
2009-03-19,176.20348241720725
2009-03-20,174.32570843291225
2009-03-23,183.68043700921817
2009-03-24,184.29498122226016
2009-03-25,180.1638784568112
2009-03-26,185.52406964834415
2009-03-27,178.83236599522024
2009-03-30,165.27825196312733
2009-03-31,169.54592010925228
2009-04-01,165.20996927278935
2009-04-02,179.72004096961422
2009-04-03,179.2762034824172
2009-04-06,174.29156708774326
2009-04-07,167.80471150563332
2009-04-08,168.58996244452032
2009-04-09,178.35438716285424
2009-04-13,170.8774325708433
2009-04-14,168.69238648002732
2009-04-15,168.14612495732334
2009-04-16,170.63844315466028
2009-04-17,171.83339023557528
2009-04-20,156.64049163537044
2009-04-21,158.7913963810174
2009-04-22,166.78047115056333
2009-04-23,169.4093547285763
2009-04-24,175.99863434619323
2009-04-27,171.1847046773643
2009-04-28,170.4335950836463
2009-04-29,174.01843632639128
2009-04-30,174.53055650392625
2009-05-01,181.6319562990782
2009-05-04,185.96790713554114
2009-05-05,183.81700238989418
2009-05-06,192.3523386821441
2009-05-07,193.61556845339706
2009-05-08,200.170706725845
2009-05-11,199.72686923864802
2009-05-12,200.921816319563
2009-05-13,198.08808467053603
2009-05-14,200.13656538067602
2009-05-15,192.3523386821441
2009-05-18,201.536360532605
2009-05-19,203.65312393308295
2009-05-20,211.81290542847387
2009-05-21,208.4329122567429
2009-05-22,210.5496756572209
2009-05-26,213.2127005804029
2009-05-27,216.62683509730286
2009-05-28,222.1918743598498
2009-05-29,226.39125981563674
2009-06-01,234.14134516899966
2009-06-02,234.03892113349264
2009-06-03,225.74257425742576
2009-06-04,234.92659610788667
2009-06-05,233.66336633663366
2009-06-08,232.46841925571871
2009-06-09,239.02355752816663
2009-06-10,243.53021509047457
2009-06-11,248.13929668828956
2009-06-12,245.9542505974736
2009-06-15,241.1061795834756
2009-06-16,240.59405940594058
2009-06-17,242.50597473540458
2009-06-18,243.6667804711506
2009-06-19,237.4530556503926
2009-06-22,228.50802321611474
2009-06-23,236.39467395015365
2009-06-24,234.4486172755207
2009-06-25,239.77466712188465
2009-06-26,236.12154318880164
2009-06-29,244.07647661317853
2009-06-30,238.6138613861386
2009-07-01,236.63366336633666
2009-07-02,227.82519631273473
2009-07-06,218.67531580744281
2009-07-07,214.85148514851485
2009-07-08,205.32604984636396
2009-07-09,206.24786616592692
2009-07-10,204.47251621713897
2009-07-13,203.78968931375897
2009-07-14,203.209286445886
2009-07-15,210.1058381700239
2009-07-16,211.7446227381359
2009-07-17,217.00238989416187
2009-07-20,218.43632639125983
2009-07-21,220.96278593376582
2009-07-22,223.2843974052578
2009-07-23,229.29327415500168
2009-07-24,232.3318538750427
2009-07-27,233.45851826561966
2009-07-28,229.53226357118473
2009-07-29,216.28542164561284
2009-07-30,228.54216456128373
2009-07-31,237.11164219870264
2009-08-03,244.38374871969955
2009-08-04,243.8374871969956
2009-08-05,245.71526118129054
2009-08-06,245.61283714578352
2009-08-07,242.16456128371462
2009-08-10,241.03789689313757
2009-08-11,237.11164219870264
2009-08-12,239.5356777057016
2009-08-13,240.7647661317856
2009-08-14,230.4882212359167
2009-08-17,227.8934790030727
2009-08-18,236.22396722430864
2009-08-19,247.25162171389553
2009-08-20,247.66131785592353
2009-08-21,252.2703994537385
2009-08-24,253.9091840218505
2009-08-25,245.98839194264252
2009-08-26,243.8716285421646
2009-08-27,247.49061113007852
2009-08-28,248.3441447593035
2009-08-31,238.8528508023216
2009-09-01,232.3318538750427
2009-09-02,232.3318538750427
2009-09-03,232.02458176852167
2009-09-04,232.22942983953567
2009-09-08,242.74496415158757
2009-09-09,243.4619324001366
2009-09-10,245.61283714578352
2009-09-11,236.56538067599868
2009-09-14,235.09730283373167
2009-09-15,242.16456128371462
2009-09-16,247.55889382041656
2009-09-17,247.42232843974054
2009-09-18,245.9542505974736
2009-09-21,237.9993171730966
2009-09-22,244.28132468419255
2009-09-23,235.47285763059062
2009-09-24,224.95732331853878
2009-09-25,225.40116080573574
2009-09-28,228.20075110959374
2009-09-29,227.7569136223967
2009-09-30,241.07203823830662
2009-10-01,241.78900648685558
2009-10-02,238.81870945715264
2009-10-05,240.38921133492659
2009-10-06,241.99385455786958
2009-10-07,237.52133834073058
2009-10-08,244.75930351655853
2009-10-09,245.03243427791054
2009-10-12,250.1536360532605
2009-10-13,253.1580744281325
2009-10-14,256.67463298053946
2009-10-15,264.86855582109933
2009-10-16,268.11198361215435
2009-10-19,271.79924889040626
2009-10-20,270.0238989416183
2009-10-21,277.80812564015025
2009-10-22,277.1935814271082
2009-10-23,274.8378286104473
2009-10-26,268.62410378968934
2009-10-27,271.59440081939226
2009-10-28,264.45885967907134
2009-10-29,272.6869238648003
2009-10-30,262.8883578012974
2009-11-02,266.74632980539434
2009-11-03,271.7651075452373
2009-11-04,274.49641515875726
2009-11-05,271.83339023557534
2009-11-06,264.3564356435644
2009-11-09,271.1847046773643
2009-11-10,269.8873335609423
2009-11-11,270.6725844998293
2009-11-12,262.68350973028333
2009-11-13,260.66917036531237
2009-11-16,269.37521338340736
2009-11-17,270.1946056674633
2009-11-18,271.6968248548993
2009-11-19,264.45885967907134
2009-11-20,261.9324001365654
2009-11-23,264.80027313076135
2009-11-24,259.5425059747354
2009-11-25,266.16592693752136
2009-11-27,259.6449300102424
2009-11-30,263.84431546602934
2009-12-01,267.56572208945033
2009-12-02,261.5227039945374
2009-12-03,261.0447251621714
2009-12-04,257.66473199044043
2009-12-07,252.40696483441448
2009-12-08,247.93444861727556
2009-12-09,241.27688630932062
2009-12-10,240.83304882212363
2009-12-11,238.54557869580063
2009-12-14,237.31649026971664
2009-12-15,241.3451689996586
2009-12-16,248.07101399795152
2009-12-17,248.03687265278253
2009-12-18,250.4609081597815
2009-12-21,247.42232843974054
2009-12-22,254.01160805735748
2009-12-23,261.7616934107204
2009-12-24,266.4731990440423
2009-12-28,268.93137589621034
2009-12-29,269.27278934790036
2009-12-30,270.6725844998293
2009-12-31,270.9457152611813
2010-01-04,278.28610447251623
2010-01-05,279.1737794469102
2010-01-06,283.98770911573916
2010-01-07,282.21235916695116
2010-01-08,282.51963127347216
2010-01-11,281.7343803345852
2010-01-12,275.82792762034825
2010-01-13,271.9358142710823
2010-01-14,271.0481392966883
2010-01-15,266.3024923181974
2010-01-19,269.7849095254353
2010-01-20,265.00512120177535
2010-01-21,259.74735404574943
2010-01-22,254.48958688972348
2010-01-25,256.94776374189144
2010-01-26,255.06998975759646
2010-01-27,251.51928986002048
2010-01-28,251.4168658245135
2010-01-29,248.85626493683853
2010-02-01,254.1140320928645
2010-02-02,263.6736087401844
2010-02-03,262.82007511095935
2010-02-04,249.7097985660635
2010-02-05,243.0522362581086
2010-02-08,245.44213041993856
2010-02-09,251.79242062137251
2010-02-10,254.42130419938547
2010-02-11,257.0160464322294
2010-02-12,253.08979173779446
2010-02-16,262.9224991464664
2010-02-17,264.0150221918744
2010-02-18,269.9214749061113
2010-02-19,272.4820757937863
2010-02-22,273.67702287470127
2010-02-23,269.2386480027313
2010-02-24,273.13076135199725
2010-02-25,266.88289518607036
2010-02-26,271.9699556162513
2010-03-01,268.6923864800273
2010-03-02,272.03823830658934
2010-03-03,276.1010583817002
2010-03-04,273.84772960054624
2010-03-05,278.2519631273472
2010-03-08,279.5151928986002
2010-03-09,278.2178217821782
2010-03-10,280.26630249231823
2010-03-11,280.3345851826562
2010-03-12,277.36428815295324
2010-03-15,272.4479344486173
2010-03-16,278.9347900307272
2010-03-17,283.1341754865142
2010-03-18,280.6418572891772
2010-03-19,275.45237282348927
2010-03-22,277.3984294981222
2010-03-23,279.65175827927624
2010-03-24,275.21338340730625
2010-03-25,274.9402526459543
2010-03-26,273.13076135199725
2010-03-29,280.5394332536702
2010-03-30,281.2222601570502
2010-03-31,285.96790713554117
2010-04-01,289.75759644930014
2010-04-05,295.73233185387505
2010-04-06,296.48344144759307
2010-04-07,293.2058723113691
2010-04-08,291.5329463980881
2010-04-09,289.9283031751451
2010-04-12,287.94810515534317
2010-04-13,286.95800614544214
2010-04-14,293.06930693069313
2010-04-15,291.9426425401161
2010-04-16,284.19255718675316
2010-04-19,278.08125640150223
2010-04-20,284.9095254353022
2010-04-21,285.6947763741892
2010-04-22,285.76305906452717
2010-04-23,290.6111300785251
2010-04-26,287.47012632297714
2010-04-27,281.4612495732332
2010-04-28,284.1242744964151
2010-04-29,290.78183680437013
2010-04-30,294.1276886309321
2010-05-03,294.26425401160805
2010-05-04,282.4854899283032
2010-05-05,273.02833731649025
2010-05-06,263.26391259815637
2010-05-07,256.43564356435644
2010-05-10,262.20553089791736
2010-05-11,260.7374530556504
2010-05-12,258.2792762034825
2010-05-13,254.01160805735748
2010-05-14,244.48617275520655
2010-05-17,239.26254694434962
2010-05-18,236.97507681802662
2010-05-19,238.54557869580063
2010-05-20,232.19528849436668
2010-05-21,239.1259815636736
2010-05-24,239.70638443154658
2010-05-25,234.72174803687267
2010-05-26,244.1447593035166
2010-05-27,254.52372823489245
2010-05-28,252.54353021509047
2010-06-01,247.7978832365995
2010-06-02,248.7538409013315
2010-06-03,254.72857630590644
2010-06-04,244.1447593035166
2010-06-07,243.90576988733358
2010-06-08,245.78354387162852
2010-06-09,253.94332536701944
2010-06-10,257.69887333560945
2010-06-11,251.89484465687949
2010-06-14,256.46978490952546
2010-06-15,262.68350973028333
2010-06-16,265.17582792762033
2010-06-17,262.1713895527484
2010-06-18,263.5029020143394
2010-06-21,265.68794810515533
2010-06-22,263.6053260498464
2010-06-23,260.66917036531237
2010-06-24,261.2154318880164
2010-06-25,269.2386480027313
2010-06-28,267.15602594742234
2010-06-29,259.2693752133834
2010-06-30,258.21099351314444
2010-07-01,249.06111300785253
2010-07-02,246.29566404916355
2010-07-06,245.7494025264596
2010-07-07,252.88494366678046
2010-07-08,257.56230795493343
2010-07-09,259.7814953909184
2010-07-12,255.88938204165248
2010-07-13,263.40047797883244
2010-07-14,263.0249231819734
2010-07-15,261.5909866848754
2010-07-16,259.5083646295664
2010-07-19,261.31785592352344
2010-07-20,264.39057698873336
2010-07-21,261.3861386138614
2010-07-22,270.7408671901673
2010-07-23,269.64834414475933
2010-07-26,269.64834414475933
2010-07-27,264.59542505974736
2010-07-28,262.85421645612837
2010-07-29,267.5315807442813
2010-07-30,269.54592010925234
2010-08-02,277.70570160464325
2010-08-03,281.8368043700922
2010-08-04,281.56367360874015
2010-08-05,279.99317173096625
2010-08-06,275.52065551382725
2010-08-09,278.18368043700923
2010-08-10,273.98429498122226
2010-08-11,266.37077500853536
2010-08-12,258.58654831000337
2010-08-13,257.39160122908845
2010-08-16,256.8794810515534
2010-08-17,258.6889723455104
2010-08-18,257.4940252645954
2010-08-19,254.1140320928645
2010-08-20,250.80232161147146
2010-08-23,249.5732331853875
2010-08-24,244.55445544554456
2010-08-25,247.59303516558552
2010-08-26,250.4609081597815
2010-08-27,256.64049163537044
2010-08-30,255.03584841242747
2010-08-31,245.54455445544554
2010-09-01,252.33868214407647
2010-09-02,256.12837145783544
2010-09-03,254.69443496073745
2010-09-07,252.9532263571185
2010-09-08,254.93342437692047
2010-09-09,253.49948787982245
2010-09-10,261.0105838170024
2010-09-13,263.5370433595084
2010-09-14,262.20553089791736
2010-09-15,259.5425059747354
2010-09-16,254.59201092523043
2010-09-17,251.4851485148515
2010-09-20,255.58210993513146
2010-09-21,251.00716968248545
2010-09-22,255.06998975759646
2010-09-23,256.67463298053946
2010-09-24,261.14714919767835
2010-09-27,261.2495732331854
2010-09-28,260.08876749743945
2010-09-29,265.82451348583135
2010-09-30,273.02833731649025
2010-10-01,278.5250938886992
2010-10-04,278.1495390918402
2010-10-05,282.7586206896552
2010-10-06,284.1584158415842
2010-10-07,278.83236599522024
2010-10-08,282.21235916695116
2010-10-11,280.67599863434623
2010-10-12,278.83236599522024
2010-10-13,283.4073062478662
2010-10-14,282.31478320245816
2010-10-15,277.3984294981222
2010-10-18,283.64629566404915
2010-10-19,271.38955274837826
2010-10-20,279.1737794469102
2010-10-21,275.0426766814613
2010-10-22,278.9006486855582
2010-10-25,281.7343803345852
2010-10-26,281.8368043700922
2010-10-27,279.7541823147832
2010-10-28,280.57357459883923
2010-10-29,278.01297371116425
2010-11-01,283.2024581768522
2010-11-02,286.44588596790715
2010-11-03,289.1430522362581
2010-11-04,295.28849436667804
2010-11-05,296.517582792762
2010-11-08,297.234551041311
2010-11-09,296.073745305565
2010-11-10,299.795151928986
2010-11-11,299.795151928986
2010-11-12,289.7917377944691
2010-11-15,289.72345510413106
2010-11-16,281.1198361215432
2010-11-17,274.6329805394332
2010-11-18,279.4469102082622
2010-11-19,278.28610447251623
2010-11-22,279.0713554114032
2010-11-23,277.3984294981222
2010-11-24,286.3093205872311
2010-11-26,285.96790713554117
2010-11-29,292.6937521338341
2010-11-30,287.16285421645614
2010-12-01,296.17616934107207
2010-12-02,300.44383748719696
2010-12-03,304.50665756230796
2010-12-06,305.155343120519
2010-12-07,302.79959030385794
2010-12-08,301.39979515192897
2010-12-09,301.70706725845
2010-12-10,299.726869238648
2010-12-13,302.52645954250596
2010-12-14,301.39979515192897
2010-12-15,302.560600887675
2010-12-16,299.419597132127
2010-12-17,300.512120177535
2010-12-20,303.209286445886
2010-12-21,306.6575623079549
2010-12-22,308.91089108910893
2010-12-23,312.4274496415159
2010-12-27,310.6862410378969
2010-12-28,312.3591669511779
2010-12-29,311.0959371799249
2010-12-30,306.7258449982929
2010-12-31,311.98361215431885
2011-01-03,312.5640150221919
2011-01-04,305.155343120519
2011-01-05,308.29634687606693
2011-01-06,301.741208603619
2011-01-07,300.546261522704
2011-01-10,304.71150563332196
2011-01-11,311.0617958347559
2011-01-12,313.6223967224309
2011-01-13,312.0518948446569
2011-01-14,312.5298736770229
2011-01-18,311.98361215431885
2011-01-19,310.2082622055309
2011-01-20,303.379993171731
2011-01-21,304.23352680095593
2011-01-24,300.00000000000006
2011-01-25,294.26425401160805
2011-01-26,298.156367360874
2011-01-27,292.3864800273131
2011-01-28,305.01877773984296
2011-01-31,314.7490611130078
2011-02-01,309.9009900990099
2011-02-02,310.2082622055309
2011-02-03,309.115739160123
2011-02-04,303.96039603960395
2011-02-07,298.66848753840907
2011-02-08,296.824854899283
2011-02-09,296.03960396039605
2011-02-10,296.1078866507341
2011-02-11,292.1816319562991
2011-02-14,289.55274837828614
2011-02-15,287.87982246500513
2011-02-16,290.1672925913281
2011-02-17,294.844656879481
2011-02-18,294.29839535677706
2011-02-22,319.4605667463298
2011-02-23,334.9265961078866
2011-02-24,332.12700580402867
2011-02-25,334.17548651416865
2011-02-28,331.06862410378966
2011-03-01,340.1502219187436
2011-03-02,349.02697166268354
2011-03-03,347.9344486172755
2011-03-04,356.5039262546945
2011-03-07,359.9863434619324
2011-03-08,358.5524069648344
2011-03-09,356.3673608740184
2011-03-10,350.6316148856265
2011-03-11,345.3738477296005
2011-03-14,345.4762717651076
2011-03-15,331.7855923523387
2011-03-16,334.51689996585867
2011-03-17,346.26152270399456
2011-03-18,345.06657562307953
2011-03-21,349.3683851143735
2011-03-22,355.06998975759643
2011-03-23,361.0447251621714
2011-03-24,360.53260498463635
2011-03-25,359.84977808125643
2011-03-28,355.00170706725845
2011-03-29,357.76715602594743
2011-03-30,355.9918060771595
2011-03-31,364.3564356435644
2011-04-01,368.52167975418234
2011-04-04,370.3311710481393
2011-04-05,369.8873335609423
2011-04-06,371.5602594742233
2011-04-07,376.5790372140662
2011-04-08,385.0802321611472
2011-04-11,375.28166609764423
2011-04-12,362.75179242062137
2011-04-13,365.6879481051554
2011-04-14,369.1020826220553
2011-04-15,374.39399112325026
2011-04-18,365.72208945032435
2011-04-19,369.23864800273134
2011-04-20,380.5052919085012
2011-04-21,383.37316490269717
2011-04-25,383.3390235575282
2011-04-26,383.1000341413452
2011-04-27,384.9778081256402
2011-04-28,385.31922157733015
2011-04-29,388.9723455104131
2011-05-02,387.5725503584841
2011-05-03,379.1396381017412
2011-05-04,372.96005462615227
2011-05-05,340.7306247866166
2011-05-06,331.7855923523387
2011-05-09,350.1194947080915
2011-05-10,354.66029361556843
2011-05-11,335.30215090474564
2011-05-12,337.89689313758964
2011-05-13,340.2185046090816
2011-05-16,332.4342779105497
2011-05-17,330.86377603277566
2011-05-18,341.7548651416866
2011-05-19,336.0874018436327
2011-05-20,339.6722430863776
2011-05-23,333.56094230112666
2011-05-24,340.0136565380676
2011-05-25,345.92010925230454
2011-05-26,342.1987026288836
2011-05-27,343.4277910549676
2011-05-31,350.6316148856265
2011-06-01,342.4035506998976
2011-06-02,342.7791054967566
2011-06-03,342.1645612837146
2011-06-06,338.03345851826566
2011-06-07,338.30658927961764
2011-06-08,343.93991123250254
2011-06-09,348.00273130761354
2011-06-10,338.9894161829977
2011-06-13,332.1952884943667
2011-06-14,339.26254694434965
2011-06-15,323.6940935472858
2011-06-16,324.17207237965175
2011-06-17,317.5486514168659
2011-06-20,318.40218504609084
2011-06-21,318.88016387845687
2011-06-22,325.7425742574257
2011-06-23,310.7545237282349
2011-06-24,311.2325025606009
2011-06-27,309.3547285763059
2011-06-28,317.1389552748378
2011-06-29,323.55752816660976
2011-06-30,325.7767156025948
2011-07-01,324.13793103448273
2011-07-05,330.7954933424377
2011-07-06,329.9761010583817
2011-07-07,336.87265278251965
2011-07-08,328.4397405257767
2011-07-11,324.8548992830318
2011-07-12,332.6391259815637
2011-07-13,334.7558893820417
2011-07-14,326.6985319221577
2011-07-15,331.9904404233527
2011-07-18,327.51792420621376
2011-07-19,332.8781153977467
2011-07-20,335.0631614885627
2011-07-21,338.4431546602936
2011-07-22,340.9696142027996
2011-07-25,338.6821440764766
2011-07-26,340.0136565380676
2011-07-27,332.53670194605667
2011-07-28,332.6732673267327
2011-07-29,326.73267326732673
2011-08-01,323.96722430863775
2011-08-02,320.2116763400478
2011-08-03,313.86138613861385
2011-08-04,295.76647319904407
2011-08-05,296.620006828269
2011-08-08,277.60327756913625
2011-08-09,270.7408671901673
2011-08-10,282.9976101058382
2011-08-11,292.6596107886651
2011-08-12,291.49880505291907
2011-08-15,300.034141345169
2011-08-16,295.8347558893821
2011-08-17,299.009900990099
2011-08-18,281.2564015022192
2011-08-19,280.8467053601912
2011-08-22,287.19699556162516
2011-08-23,291.70365312393307
2011-08-24,290.74769545920105
2011-08-25,291.2256742915671
2011-08-26,291.4646637077501
2011-08-29,297.95151928986
2011-08-30,303.516558552407
2011-08-31,303.209286445886
2011-09-01,303.618982587914
2011-09-02,295.1519289860021
2011-09-06,293.68385114373507
2011-09-07,305.01877773984296
2011-09-08,304.02867872994193
2011-09-09,297.849095254353
2011-09-12,301.09252304540803
2011-09-13,307.98907476954594
2011-09-14,303.55069989757595
2011-09-15,305.22362581085696
2011-09-16,300.307272106521
2011-09-19,292.5913280983271
2011-09-20,296.65414817343805
2011-09-21,293.3424376920451
2011-09-22,274.8719699556163
2011-09-23,272.61864117446225
2011-09-26,273.95015363605324
2011-09-27,288.32365995220215
2011-09-28,277.2618641174462
2011-09-29,280.4370092181632
2011-09-30,270.39945373847735
2011-10-03,264.97097985660633
2011-10-04,258.34755889382046
2011-10-05,272.03823830658934
2011-10-06,281.9733697507682
2011-10-07,283.3048822123592
2011-10-10,291.60122908842607
2011-10-11,292.9668828951861
2011-10-12,292.1474906111301
2011-10-13,287.57255035848414
2011-10-14,296.34687606691705
2011-10-17,294.91293956981906
2011-10-18,301.604643222943
2011-10-19,293.99112325025607
2011-10-20,291.2256742915671
2011-10-21,298.3953567770571
2011-10-24,311.60805735745987
2011-10-25,318.09491293956984
2011-10-26,307.9549334243769
2011-10-27,320.7920792079208
2011-10-28,318.6070331171048
2011-10-31,318.1631956299078
2011-11-01,314.7490611130078
2011-11-02,315.84158415841586
2011-11-03,321.16763400477976
2011-11-04,321.81631956299077
2011-11-07,326.11812905428474
2011-11-08,330.4882212359167
2011-11-09,326.86923864800275
2011-11-10,333.83407306247864
2011-11-11,337.9651758279276
2011-11-14,335.0631614885627
2011-11-15,339.26254694434965
2011-11-16,350.2560600887675
2011-11-17,337.38477296005465
2011-11-18,332.5708432912257
2011-11-21,330.89791737794474
2011-11-22,334.61932400136567
2011-11-23,328.33731649026976
2011-11-25,330.3857972004097
2011-11-28,335.30215090474564
2011-11-29,340.6964834414476
2011-11-30,342.64254011608057
2011-12-01,342.0962785933766
2011-12-02,344.69102082622055
2011-12-05,344.79344486172755
2011-12-06,345.7835438716286
2011-12-07,343.0863776032776
2011-12-08,335.74598839194266
2011-12-09,339.3991123250256
2011-12-12,333.7999317173097
2011-12-13,341.8914305223626
2011-12-14,324.17207237965175
2011-12-15,320.48480710139984
2011-12-16,319.32400136565377
2011-12-19,320.5189484465688
2011-12-20,331.9221577330147
2011-12-21,336.87265278251965
2011-12-22,339.8088084670536
2011-12-23,340.32092864458866
2011-12-27,345.9883919426426
2011-12-28,339.2284055991806
2011-12-29,340.2185046090816
2011-12-30,337.4189143052236
2012-01-03,351.5192898600205
2012-01-04,352.4069648344145
2012-01-05,347.59303516558555
2012-01-06,346.7395015363606
2012-01-09,345.8859679071355
2012-01-10,349.0611130078525
2012-01-11,344.3837487196996
2012-01-12,338.3407306247866
2012-01-13,336.97507681802665
2012-01-17,343.83748719699554
2012-01-18,343.4277910549676
2012-01-19,342.74496415158757
2012-01-20,336.15568453397066
2012-01-23,339.9795151928986
2012-01-24,337.82861044725166
2012-01-25,339.36497097985665
2012-01-26,340.38921133492664
2012-01-27,339.9112325025606
2012-01-30,337.24820757937863
2012-01-31,336.2239672243087
2012-02-01,333.25367019460566
2012-02-02,328.9860020484807
2012-02-03,334.0389211334927
2012-02-06,330.86377603277566
2012-02-07,335.9849778081256
2012-02-08,337.0092181631956
2012-02-09,340.8671901672926
2012-02-10,336.87265278251965
2012-02-13,344.5203141003756
2012-02-14,343.93991123250254
2012-02-15,347.55889382041653
2012-02-16,349.3001024240355
2012-02-17,352.4752475247525
2012-02-21,361.3519972686924
2012-02-22,362.85421645612837
2012-02-23,368.1461249573233
2012-02-24,374.76954592010924
2012-02-27,370.6384431546603
2012-02-28,363.77603277569136
2012-02-29,365.5513827244793
2012-03-01,371.5944008193923
2012-03-02,364.28815295322636
2012-03-05,364.3564356435644
2012-03-06,357.45988391942643
2012-03-07,362.4445203141004
2012-03-08,363.87845681119836
2012-03-09,366.67804711505636
2012-03-12,363.0590645271424
2012-03-13,364.3222942983953
2012-03-14,359.95220211676343
2012-03-15,358.8596790713554
2012-03-16,365.51724137931035
2012-03-19,369.03379993171734
2012-03-20,360.5667463298054
2012-03-21,366.23420962785934
2012-03-22,359.6790713554114
2012-03-23,364.8685558210994
2012-03-26,365.41481734380335
2012-03-27,366.43905769887334
2012-03-28,359.8839194264254
2012-03-29,350.9047456469785
2012-03-30,351.7241379310345
2012-04-02,359.26937521338346
2012-04-03,355.1041311027655
2012-04-04,346.43222942983954
2012-04-05,352.7142369409355
2012-04-09,349.81222260157045
2012-04-10,344.89586889723455
2012-04-11,350.6316148856265
2012-04-12,353.84090133151244
2012-04-13,351.0754523728235
2012-04-16,351.4168658245135
2012-04-17,355.75281666097646
2012-04-18,350.5291908501195
2012-04-19,349.1635370433595
2012-04-20,351.8265619665415
2012-04-23,352.0314100375555
2012-04-24,353.53362922499144
2012-04-25,355.4796858996245
2012-04-26,356.94776374189144
2012-04-27,358.24513485831346
2012-04-30,358.04028678729946
2012-05-01,362.4445203141004
2012-05-02,359.23523386821444
2012-05-03,350.08535336292255
2012-05-04,336.2581085694776
2012-05-07,334.38033458518265
2012-05-08,331.20518948446573
2012-05-09,330.5223625810857
2012-05-10,331.4441789006487
2012-05-11,328.20075110959374
2012-05-14,323.5916695117788
2012-05-15,320.8603618982588
2012-05-16,316.86582451348585
2012-05-17,316.01229088426084
2012-05-18,312.3250256060089
2012-05-21,316.0464322294298
2012-05-22,312.93956981905086
2012-05-23,306.9306930693069
2012-05-24,309.5254353021509
2012-05-25,310.2082622055309
2012-05-29,309.86684875384094
2012-05-30,299.829293274155
2012-05-31,295.42505974735406
2012-06-01,284.1584158415842
2012-06-04,286.7190167292592
2012-06-05,287.77739842949813
2012-06-06,290.2697166268351
2012-06-07,289.5868897234551
2012-06-08,287.1287128712871
2012-06-11,282.34892454762723
2012-06-12,284.46568794810514
2012-06-13,282.0757937862752
2012-06-14,286.4800273130761
2012-06-15,286.8897234551041
2012-06-18,284.29498122226016
2012-06-19,286.8897234551041
2012-06-20,279.2762034824172
2012-06-21,266.98531922157736
2012-06-22,272.3113690679413
2012-06-25,270.4335950836463
2012-06-26,270.9457152611813
2012-06-27,273.84772960054624
2012-06-28,265.2441106179583
2012-06-29,290.0648685558211
2012-07-02,285.93376579037215
2012-07-03,299.283031751451
2012-07-05,297.78081256401504
2012-07-06,288.32365995220215
2012-07-09,293.58142710822807
2012-07-10,286.4800273130761
2012-07-11,292.9668828951861
2012-07-12,293.88869921474907
2012-07-13,297.37111642198704
2012-07-16,301.911915329464
2012-07-17,304.60908159781496
2012-07-18,306.8282690338
2012-07-19,316.35370433595085
2012-07-20,312.18846022533285
2012-07-23,300.921816319563
2012-07-24,302.150904745647
2012-07-25,303.75554796858995
2012-07-26,305.18948446568794
2012-07-27,307.71594400819396
2012-07-30,306.52099692727893
2012-07-31,300.648685558211
2012-08-01,303.55069989757595
2012-08-02,297.47354045749404
2012-08-03,312.0518948446569
2012-08-06,314.7832024581769
2012-08-07,319.8019801980198
2012-08-08,318.70945715261183
2012-08-09,318.7435984977808
2012-08-10,317.07067258449985
2012-08-13,316.59269375213387
2012-08-14,318.9825879139638
2012-08-15,322.0553089791738
2012-08-16,326.3912598156368
2012-08-17,327.79105496756574
2012-08-20,327.6544895868897
2012-08-21,330.07852509388874
2012-08-22,332.0587231136907
2012-08-23,328.6787299419597
2012-08-24,328.2690337999318
2012-08-27,325.94742232843976
2012-08-28,328.8835780129737
2012-08-29,326.01570501877774
2012-08-30,323.04540798907476
2012-08-31,329.3615568453397
2012-09-04,325.3670194605668
2012-09-05,325.5718675315808
2012-09-06,326.15227039945376
2012-09-07,329.1908501194947
2012-09-10,329.60054626152277
2012-09-11,331.7514510071697
2012-09-12,331.20518948446573
2012-09-13,335.64356435643566
2012-09-14,337.99931717309664
2012-09-17,329.87367702287474
2012-09-18,325.33287811539776
2012-09-19,314.0320928644589
2012-09-20,313.65653806759985
2012-09-21,317.1389552748378
2012-09-24,313.86138613861385
2012-09-25,311.94947080914994
2012-09-26,307.20382383065896
2012-09-27,313.5882553772619
2012-09-28,314.7490611130078
2012-10-01,315.73916012290886
2012-10-02,313.72482075793783
2012-10-03,300.921816319563
2012-10-04,313.1102765448959
2012-10-05,306.8624103789689
2012-10-08,304.98463639467394
2012-10-09,315.43188801638786
2012-10-10,311.5397746671219
2012-10-11,314.33936497097983
2012-10-12,313.6223967224309
2012-10-15,313.5882553772619
2012-10-16,314.40764766131787
2012-10-17,314.5100716968249
2012-10-18,314.44178900648683
2012-10-19,307.4428132468419
2012-10-22,302.93615568453396
2012-10-23,295.9030385797201
2012-10-24,292.6937521338341
2012-10-25,293.78627517924207
2012-10-26,294.57152611812904
2012-10-29,292.04506657562314
2012-10-30,292.5230454079891
2012-10-31,294.4349607374531
2012-11-01,297.336975076818
2012-11-02,289.72345510413106
2012-11-05,292.4206213724821
2012-11-06,302.867872994196
2012-11-07,288.28951860703313
2012-11-08,290.50870604301815
2012-11-09,293.85455786958005
2012-11-12,292.1474906111301
2012-11-13,291.49880505291907
2012-11-14,294.70809149880506
2012-11-15,291.7377944691021
2012-11-16,295.9030385797201
2012-11-19,304.81392966882896
2012-11-20,296.17616934107207
2012-11-21,298.327074086719
2012-11-23,301.39979515192897
2012-11-26,299.55616251280304
2012-11-27,297.6442471833391
2012-11-28,295.28849436667804
2012-11-29,300.68282690338
2012-11-30,303.55069989757595
2012-12-03,304.16524411061795
2012-12-04,302.150904745647
2012-12-05,300.034141345169
2012-12-06,294.50324342779106
2012-12-07,293.37657903721407
2012-12-10,292.1133492659611
2012-12-11,292.8986002048481
2012-12-12,296.24445203141005
2012-12-13,293.24001365653805
2012-12-14,296.1078866507341
2012-12-17,297.71252987367706
2012-12-18,300.20484807101406
2012-12-19,305.599180607716
2012-12-20,307.71594400819396
2012-12-21,302.697166268351
2012-12-24,302.52645954250596
2012-12-26,310.6179583475589
2012-12-27,310.2424035506999
2012-12-28,310.0034141345169
2012-12-31,313.4858313417549
2013-01-02,317.92420621372486
2013-01-03,317.2413793103448
2013-01-04,317.82178217821786
2013-01-07,318.1631956299078
2013-01-08,318.02663024923186
2013-01-09,317.8559235233868
2013-01-10,320.3141003755548
2013-01-11,319.4264254011608
2013-01-14,321.4066234209628
2013-01-15,318.4704677364288
2013-01-16,321.7480368726528
2013-01-17,326.01570501877774
2013-01-18,326.25469443496075
2013-01-22,328.5763059064527
2013-01-23,325.12803004438376
2013-01-24,327.58620689655174
2013-01-25,327.3472174803687
2013-01-28,329.2591328098327
2013-01-29,333.11710481392964
2013-01-30,334.38033458518265
2013-01-31,332.84397405257766
2013-02-01,333.7999317173097
2013-02-04,328.33731649026976
2013-02-05,329.9419597132127
2013-02-06,329.87367702287474
2013-02-07,327.17651075452375
2013-02-08,326.80095595766477
2013-02-11,331.2734721748037
2013-02-12,332.9122567429157
2013-02-13,331.20518948446573
2013-02-14,332.2294298395357
2013-02-15,327.2789347900307
2013-02-19,330.0102424035507
2013-02-20,322.49914646637075
2013-02-21,316.96824854899285
2013-02-22,317.9583475588938
2013-02-25,317.89006486855584
2013-02-26,316.25128030044385
2013-02-27,316.69511778764087
2013-02-28,314.27108228064185
2013-03-01,309.59371799248896
2013-03-04,307.68180266302494
2013-03-05,310.0716968248549
2013-03-06,308.74018436326395
2013-03-07,312.5981563673609
2013-03-08,313.92966882895183
2013-03-11,314.30522362581087
2013-03-12,315.94400819392285
2013-03-13,315.8757255035849
2013-03-14,317.61693410720386
2013-03-15,319.0508706043018
2013-03-18,320.0409696142028
2013-03-19,314.6466370775009
2013-03-20,317.3779446910208
2013-03-21,315.63673608740186
2013-03-22,319.93854557869577
2013-03-25,323.6940935472858
2013-03-26,328.91771935814273
2013-03-27,329.7371116421987
2013-03-28,331.9562990781837
2013-04-01,331.4100375554797
2013-04-02,331.8197336975077
2013-04-03,322.4650051212018
2013-04-04,318.40218504609084
2013-04-05,316.4902697166268
2013-04-08,318.7435984977808
2013-04-09,321.6114714919768
2013-04-10,323.1136906794128
2013-04-11,319.2557186753158
2013-04-12,311.6763400477979
2013-04-15,302.867872994196
2013-04-16,302.902014339365
2013-04-17,295.93717992488905
2013-04-18,299.522021167634
2013-04-19,300.47797883236603
2013-04-22,303.038579720041
2013-04-23,304.472516217139
2013-04-24,312.15431888016394
2013-04-25,319.6995561625128
2013-04-26,317.5145100716968
2013-04-29,322.63571184704676
2013-04-30,319.0850119494708
2013-05-01,310.78866507340393
2013-05-02,320.8945032434278
2013-05-03,326.42540116080573
2013-05-06,328.3031751451007
2013-05-07,326.45954250597475
2013-05-08,329.87367702287474
2013-05-09,329.0884260839877
2013-05-10,327.89347900307274
2013-05-13,324.92318197336976
2013-05-14,321.6456128371458
2013-05-15,321.9528849436668
2013-05-16,324.88904062820075
2013-05-17,327.8251963127347
2013-05-20,330.1809491293957
2013-05-21,328.3031751451007
2013-05-22,321.88460225332875
2013-05-23,321.7821782178218
2013-05-24,321.4407647661318
2013-05-28,324.37692045066575
2013-05-29,317.9583475588938
2013-05-30,319.5971321270058
2013-05-31,313.99795151928987
2013-06-03,319.0508706043018
2013-06-04,318.5728917719358
2013-06-05,320.0409696142028
2013-06-06,323.5233868214408
2013-06-07,327.8593376579037
2013-06-10,326.97166268350975
2013-06-11,325.64015022191876
2013-06-12,327.3472174803687
2013-06-13,330.1126664390577
2013-06-14,334.07306247866165
2013-06-17,333.7999317173097
2013-06-18,336.0874018436327
2013-06-19,335.40457494025264
2013-06-20,325.7084329122568
2013-06-21,319.8702628883578
2013-06-24,324.9573233185388
2013-06-25,325.43530215090476
2013-06-26,326.04984636394676
2013-06-27,331.3417548651417
2013-06-28,329.66882895186075
2013-07-01,334.5510413110277
2013-07-02,340.04779788323657
2013-07-03,345.6469784909525
2013-07-05,352.4069648344145
2013-07-08,352.13383407306253
2013-07-09,353.46534653465346
2013-07-10,363.67360874018436
2013-07-11,358.1768521679754
2013-07-12,361.7275520655514
2013-07-15,362.9907818368044
2013-07-16,361.8982587913964
2013-07-17,363.5370433595084
2013-07-18,368.86309320587236
2013-07-19,368.8972345510413
2013-07-22,365.00512120177535
2013-07-23,366.0976442471834
2013-07-24,359.8156367360874
2013-07-25,360.1570501877774
2013-07-26,357.45988391942643
2013-07-29,356.94776374189144
2013-07-30,351.9289860020485
2013-07-31,358.5865483100034
2013-08-01,368.3509730283373
2013-08-02,365.10754523728235
2013-08-05,363.8101741208604
2013-08-06,359.5083646295664
2013-08-07,356.33321952884944
2013-08-08,353.0215090474565
2013-08-09,361.7958347558894
2013-08-12,362.2738135882554
2013-08-13,364.7319904404234
2013-08-14,364.80027313076135
2013-08-15,366.43905769887334
2013-08-16,366.8828951860703
2013-08-19,365.6538067599863
2013-08-20,358.3475588938204
2013-08-21,354.55786958006144
2013-08-22,358.5865483100034
2013-08-23,363.3321952884944
2013-08-26,361.6251280300444
2013-08-27,372.1748036872653
2013-08-28,375.89621031068623
2013-08-29,371.45783543871624
2013-08-30,367.5315807442813
2013-09-03,370.5701604643223
2013-09-04,366.0976442471834
2013-09-05,369.98975759644935
2013-09-06,377.36428815295324
2013-09-09,373.9160122908843
2013-09-10,366.6439057698874
2013-09-11,367.2243086377604
2013-09-12,370.77500853533627
2013-09-13,369.4434960737453
2013-09-16,363.9125981563674
2013-09-17,359.9180607715944
2013-09-18,368.9655172413793
2013-09-19,363.22977125298735
2013-09-20,357.35745988391943
2013-09-23,353.67019460566746
2013-09-24,352.09969272789345
2013-09-25,350.4950495049505
2013-09-26,351.7582792762035
2013-09-27,351.2120177534995
2013-09-30,349.3683851143735
2013-10-01,348.3782861044725
2013-10-02,355.41140320928645
2013-10-03,352.7142369409355
2013-10-04,354.5237282348925
2013-10-07,351.7582792762035
2013-10-08,353.32878115397745
2013-10-09,346.9102082622055
2013-10-10,351.6899965858655
2013-10-11,348.31000341413454
2013-10-14,349.64151587572553
2013-10-15,345.54455445544556
2013-10-16,349.23181973369753
2013-10-17,343.7009218163196
2013-10-18,344.1789006486856
2013-10-21,338.7504267668146
2013-10-22,333.9023557528167
2013-10-23,330.69306930693074
2013-10-24,331.5466029361557
2013-10-25,334.07306247866165
2013-10-28,336.90679412768867
2013-10-29,335.2680095595767
2013-10-30,330.3857972004097
2013-10-31,329.0542847388187
2013-11-01,323.0112666439058
2013-11-04,323.04540798907476
2013-11-05,318.7777398429498
2013-11-06,323.65995220211676
2013-11-07,321.6114714919768
2013-11-08,322.9771252987367
2013-11-11,324.82075793786277
2013-11-12,317.6510754523728
2013-11-13,320.5189484465688
2013-11-14,320.10925230454086
2013-11-15,320.38238306589284
2013-11-18,317.61693410720386
2013-11-19,318.6753158074428
2013-11-20,318.64117446227385
2013-11-21,325.84499829293276
2013-11-22,323.7965175827928
2013-11-25,321.2359166951178
2013-11-26,319.8361215431889
2013-11-27,315.12461590986686
2013-11-29,316.55855240696485
2013-12-02,320.3141003755548
2013-12-03,327.89347900307274
2013-12-04,331.8538750426767
2013-12-05,332.4684192557187
2013-12-06,333.39023557528174
2013-12-09,332.33185387504267
2013-12-10,336.32639125981564
2013-12-11,332.6732673267327
2013-12-12,332.8781153977467
2013-12-13,329.8053943325367
2013-12-16,332.8098327074087
2013-12-17,331.9221577330147
2013-12-18,333.9023557528167
2013-12-19,337.2140662342096
2013-12-20,339.09184021850456
2013-12-23,337.69204506657564
2013-12-24,338.7504267668146
2013-12-26,339.87709115739165
2013-12-27,342.5059747354046
2013-12-30,338.9894161829977
2013-12-31,336.0191191532947
2014-01-02,325.84499829293276
2014-01-03,320.7920792079208
2014-01-06,318.9825879139638
2014-01-07,319.8019801980198
2014-01-08,315.22703994537386
2014-01-09,312.93956981905086
2014-01-10,316.55855240696485
2014-01-13,313.41754865141684
2014-01-14,316.1147149197679
2014-01-15,321.50904745646983
2014-01-16,320.7920792079208
2014-01-17,322.1918743598498
2014-01-21,324.30863776032777
2014-01-22,330.2492318197337
2014-01-23,332.2635711847047
2014-01-24,329.9419597132127
2014-01-27,326.80095595766477
2014-01-28,332.5708432912257
2014-01-29,332.40013656538065
2014-01-30,335.3704335950836
2014-01-31,332.84397405257766
2014-02-03,329.22499146466373
2014-02-04,331.8197336975077
2014-02-05,332.4684192557187
2014-02-06,334.0389211334927
2014-02-07,341.0037555479686
2014-02-10,341.61829976101063
2014-02-11,341.2086036189826
2014-02-12,342.6766814612496
2014-02-13,342.60839877091155
2014-02-14,342.43769204506657
2014-02-18,349.70979856606357
2014-02-19,352.7142369409355
2014-02-20,351.3827244793445
2014-02-21,348.92454762717654
2014-02-24,351.04131102765444
2014-02-25,347.6613178559235
2014-02-26,350.2560600887675
2014-02-27,349.6073745305565
2014-02-28,350.2560600887675
2014-03-03,358.21099351314444
2014-03-04,352.7825196312735
2014-03-05,346.36394673950156
2014-03-06,346.7395015363606
2014-03-07,350.2219187435985
2014-03-10,345.23728234892457
2014-03-11,341.5158757255036
2014-03-12,334.5510413110277
2014-03-13,335.2680095595767
2014-03-14,337.62376237623766
2014-03-17,334.85831341754863
2014-03-18,340.38921133492664
2014-03-19,342.6766814612496
2014-03-20,339.46739501536365
2014-03-21,339.5698190508706
2014-03-24,340.04779788323657
2014-03-25,338.6480027313076
2014-03-26,342.3011266643906
2014-03-27,345.7835438716286
2014-03-28,347.1150563332195
2014-03-31,346.8077842266986
2014-04-01,340.5257767156026
2014-04-02,340.1160805735746
2014-04-03,342.4035506998976
2014-04-04,345.30556503926255
2014-04-07,342.9156708774326
2014-04-08,350.1536360532605
2014-04-09,353.7043359508365
2014-04-10,353.0215090474565
2014-04-11,354.18231478320246
2014-04-14,355.24069648344147
2014-04-15,354.2164561283715
2014-04-16,354.2505974735405
2014-04-17,356.0942301126664
2014-04-21,356.33321952884944
2014-04-22,348.6855582109935
2014-04-23,346.32980539433254
2014-04-24,348.03687265278256
2014-04-25,343.46193240013656
2014-04-28,344.28132468419255
2014-04-29,345.7835438716286
2014-04-30,340.5257767156026
2014-05-01,339.43325367019463
2014-05-02,340.59405940594064
2014-05-05,339.63810174120863
2014-05-06,339.7063844315466
2014-05-07,344.04233526800954
2014-05-08,342.3011266643906
2014-05-09,341.37931034482756
2014-05-12,343.4277910549676
2014-05-13,347.21748036872657
2014-05-14,349.50495049504957
2014-05-15,346.53465346534654
2014-05-16,348.31000341413454
2014-05-19,350.3243427791055
2014-05-20,349.7439399112325
2014-05-21,355.30897917377945
2014-05-22,354.18231478320246
2014-05-23,356.26493683851146
2014-05-27,355.44554455445547
2014-05-28,350.6998975759645
2014-05-29,353.6360532604985
2014-05-30,350.6657562307955
2014-06-02,349.84636394673953
2014-06-03,350.4950495049505
2014-06-04,350.4267668146125
2014-06-05,349.8805052919085
2014-06-06,350.4950495049505
2014-06-09,356.46978490952546
2014-06-10,356.26493683851146
2014-06-11,356.4356435643565
2014-06-12,363.7077500853534
2014-06-13,365.00512120177535
2014-06-16,364.97097985660633
2014-06-17,363.1273472174804
2014-06-18,361.7958347558894
2014-06-19,363.36633663366337
2014-06-20,366.2000682826904
2014-06-23,362.4786616592694
2014-06-24,362.00068282690336
2014-06-25,363.6053260498464
2014-06-26,361.3519972686924
2014-06-27,361.0105838170024
2014-06-30,359.74735404574943
2014-07-01,359.64493001024243
2014-07-02,356.7087743257085
2014-07-03,355.27483782861043
2014-07-07,353.46534653465346
2014-07-08,353.0215090474565
2014-07-09,349.23181973369753
2014-07-10,351.4168658245135
2014-07-11,344.2471833390236
2014-07-14,344.5203141003756
2014-07-15,341.27688630932056
2014-07-16,345.51041311027655
2014-07-17,352.30454079890745
2014-07-18,352.09969272789345
2014-07-21,357.08432912256745
2014-07-22,356.5039262546945
2014-07-23,352.0655513827245
2014-07-24,348.4807101399795
2014-07-25,348.54899283031756
2014-07-28,347.1150563332195
2014-07-29,344.72516217138957
2014-07-30,342.33526800955957
2014-07-31,335.1655855240696
2014-08-01,334.17548651416865
2014-08-04,335.5752816660977
2014-08-05,332.4684192557187
2014-08-06,330.89791737794474
2014-08-07,332.33185387504267
2014-08-08,333.39023557528174
2014-08-11,334.85831341754863
2014-08-12,332.4342779105497
2014-08-13,333.1853875042677
2014-08-14,326.32297712529873
2014-08-15,332.3659952202117
2014-08-18,329.15670877432575
2014-08-19,322.5674291567088
2014-08-20,327.99590303857974
2014-08-21,320.7920792079208
2014-08-22,319.7336975076818
2014-08-25,318.70945715261183
2014-08-26,320.4506657562308
2014-08-27,320.5189484465688
2014-08-28,322.8064185728918
2014-08-29,327.6203482417207
2014-09-02,317.1048139296688
2014-09-03,326.1864117446228
2014-09-04,322.4650051212018
2014-09-05,318.50460908159783
2014-09-08,316.35370433595085
2014-09-09,316.66097644247185
2014-09-10,312.9737111642199
2014-09-11,316.9341072038238
2014-09-12,315.0221918743598
2014-09-15,317.2413793103448
2014-09-16,323.93308296346873
2014-09-17,322.3625810856948
2014-09-18,317.7534994878798
2014-09-19,315.50017070672584
2014-09-22,312.4615909866849
2014-09-23,312.5981563673609
2014-09-24,316.83168316831683
2014-09-25,315.90986684875384
2014-09-26,319.35814271082285
2014-09-29,322.8747012632298
2014-09-30,311.2325025606009
2014-10-01,309.76442471833394
2014-10-02,310.72038238306595
2014-10-03,306.3844315466029
2014-10-06,308.43291225674295
2014-10-07,303.34585182656195
2014-10-08,298.08808467053603
2014-10-09,292.83031751451006
2014-10-10,293.00102424035504
2014-10-13,292.72789347900306
2014-10-14,279.4127688630932
2014-10-15,279.2079207920792
2014-10-16,282.34892454762723
2014-10-17,282.51963127347216
2014-10-20,282.38306589279614
2014-10-21,282.72447934448616
2014-10-22,274.90611130078526
2014-10-23,280.26630249231823
2014-10-24,276.57903721406626
2014-10-27,276.54489586889724
2014-10-28,277.97883236599523
2014-10-29,280.6418572891772
2014-10-30,276.9545920109253
2014-10-31,274.9743939911233
2014-11-03,268.9655172413793
2014-11-04,263.5370433595084
2014-11-05,268.62410378968934
2014-11-06,265.9952202116763
2014-11-07,268.52167975418234
2014-11-10,264.2540116080574
2014-11-11,266.0976442471833
2014-11-12,263.5029020143394
2014-11-13,253.36292249914644
2014-11-14,258.8596790713554
2014-11-17,258.2451348583134
2014-11-18,254.72857630590644
2014-11-19,254.62615227039947
2014-11-20,258.0402867872994
2014-11-21,261.2154318880164
2014-11-24,258.72311369067944
2014-11-25,252.9532263571185
2014-11-26,251.58757255035846
2014-11-28,225.8449982929328
2014-12-01,235.57528166609765
2014-12-02,228.3373164902697
2014-12-03,230.0443837487197
2014-12-04,228.09832707408674
2014-12-05,224.78661659269378
2014-12-08,215.26118129054285
2014-12-09,217.8900648685558
2014-12-10,208.0573574598839
2014-12-11,204.67736428815297
2014-12-12,197.37111642198704
2014-12-15,190.88426083987707
2014-12-16,190.95254353021508
2014-12-17,192.7961761693411
2014-12-18,184.73881870945718
2014-12-19,192.96688289518607
2014-12-22,188.6650734038921
2014-12-23,195.01536360532606
2014-12-24,190.6452714236941
2014-12-26,186.85558210993514
2014-12-29,183.03175145100715
2014-12-30,184.77296005462617
2014-12-31,181.8709457152612
2015-01-02,179.8907476954592
2015-01-05,170.8432912256743
2015-01-06,163.63946739501534
2015-01-07,166.09764424718335
2015-01-08,166.57562307954933
2015-01-09,165.10754523728235
2015-01-12,157.28917719358145
2015-01-13,156.67463298053943
2015-01-14,165.51724137931035
2015-01-15,157.90372140662342
2015-01-16,166.23420962785934
2015-01-20,158.38170023898942
2015-01-21,163.12734721748038
2015-01-22,158.10856947763742
2015-01-23,155.65039262546946
2015-01-26,154.14817343803347
2015-01-27,157.83543871628544
2015-01-28,151.7582792762035
2015-01-29,152.0314100375555
2015-01-30,164.69784909525436
2015-02-02,169.2386480027313
2015-02-03,181.1198361215432
2015-02-04,165.41481734380338
2015-02-05,172.34551041311028
2015-02-06,176.47661317855923
2015-02-09,180.4711505633322
2015-02-10,170.77500853533633
2015-02-11,166.74632980539434
2015-02-12,174.83782861044725
2015-02-13,180.1980198019802
2015-02-17,182.75862068965517
2015-02-18,178.01297371116422
2015-02-19,174.66712188460224
2015-02-20,171.8675315807443
2015-02-23,168.8289518607033
2015-02-24,168.24854899283034
2015-02-25,174.08671901672926
2015-02-26,164.45885967907137
2015-02-27,169.8873335609423
2015-03-02,169.30693069306932
2015-03-03,172.4820757937863
2015-03-04,175.93035165585525
2015-03-05,173.30146807784226
2015-03-06,169.3752133834073
2015-03-09,170.70672584499832
2015-03-10,164.86855582109936
2015-03-11,164.45885967907137
2015-03-12,160.6350290201434
2015-03-13,153.08979173779449
2015-03-16,149.8122226015705
2015-03-17,148.37828610447252
2015-03-18,152.4752475247525
2015-03-19,150.0853533629225
2015-03-20,156.09423011266642
2015-03-23,162.0006828269034
2015-03-24,162.20553089791738
2015-03-25,168.00955957664735
2015-03-26,175.58893820416526
2015-03-27,166.8487538409013
2015-03-30,166.20006828269032
2015-03-31,162.51280300443838
2015-04-01,171.01399795151931
2015-04-02,167.77057016046433
2015-04-06,178.01297371116422
2015-04-07,184.29498122226016
2015-04-08,172.14066234209628
2015-04-09,173.4038921133493
2015-04-10,176.30590645271425
2015-04-13,177.22772277227722
2015-04-14,181.93922840559918
2015-04-15,192.5230454079891
2015-04-16,193.61556845339706
2015-04-17,190.3038579720041
2015-04-20,192.4889040628201
2015-04-21,188.6650734038921
2015-04-22,191.73779446910208
2015-04-23,197.13212700580405
2015-04-24,195.11778764083306
2015-04-27,194.57152611812907
2015-04-28,194.81051553431206
2015-04-29,200.0
2015-04-30,203.58484124274497
2015-05-01,201.94605667463298
2015-05-04,201.194947080915
2015-05-05,206.21372482075793
2015-05-06,208.0232161147149
2015-05-07,201.229088426084
2015-05-08,202.76544895868898
2015-05-11,202.287470126323
2015-05-12,207.4086719016729
2015-05-13,206.55513827244795
2015-05-14,204.43837487196998
2015-05-15,203.78968931375897
2015-05-18,202.902014339365
2015-05-19,195.49334243769206
2015-05-20,201.36565380675998
2015-05-21,207.30624786616593
2015-05-22,203.89211334926597
2015-05-26,198.12222601570505
2015-05-27,196.34687606691702
2015-05-28,196.92727893479002
2015-05-29,205.87231136906792
2015-06-01,205.53089791737796
2015-06-02,209.14988050529192
2015-06-03,203.61898258791396
2015-06-04,198.01980198019803
2015-06-05,201.877773984295
2015-06-08,198.49778081256403
2015-06-09,205.32604984636396
2015-06-10,209.7302833731649
2015-06-11,207.47695459201094
2015-06-12,204.71150563332196
2015-06-15,203.209286445886
2015-06-16,204.74564697849095
2015-06-17,204.57494025264594
2015-06-18,206.38443154660294
2015-06-19,203.516558552407
2015-06-22,203.75554796858998
2015-06-23,208.29634687606693
2015-06-24,205.76988733356094
2015-06-25,203.823830658928
2015-06-26,203.58484124274497
2015-06-29,199.146466370775
2015-06-30,203.03857972004096
2015-07-01,194.46910208262207
2015-07-02,194.36667804711507
2015-07-06,179.3444861727552
2015-07-07,178.6616592693752
2015-07-08,176.34004779788324
2015-07-09,180.1980198019802
2015-07-10,180.0614544213042
2015-07-13,178.21782178217825
2015-07-14,181.0856947763742
2015-07-15,175.52065551382722
2015-07-16,173.81358825537725
2015-07-17,173.74530556503927
2015-07-20,171.21884602253328
2015-07-21,171.93581427108228
2015-07-22,167.9412768863093
2015-07-23,165.41481734380338
2015-07-24,164.35643564356437
2015-07-27,161.7958347558894
2015-07-28,163.81017412086035
2015-07-29,166.57562307954933
2015-07-30,165.65380675998637
2015-07-31,160.8740184363264
2015-08-03,154.21645612837148
2015-08-04,156.16251280300446
2015-08-05,154.14817343803347
2015-08-06,152.4752475247525
2015-08-07,149.77808125640152
2015-08-10,153.49948787982248
2015-08-11,147.08091498805055
2015-08-12,147.8320245817685
2015-08-13,144.17890064868556
2015-08-14,145.10071696824855
2015-08-17,142.94981222260157
2015-08-18,145.51041311027655
2015-08-19,139.2966882895186
2015-08-20,140.4574940252646
2015-08-21,138.10174120860364
2015-08-24,130.55650392625472
2015-08-25,134.20962785933767
2015-08-26,131.78559235233868
2015-08-27,145.30556503926255
2015-08-28,154.38716285421646
2015-08-31,167.97541823147833
2015-09-01,155.03584841242744
2015-09-02,157.90372140662342
2015-09-03,159.61078866507341
2015-09-04,157.22089450324341
2015-09-08,156.84533970638444
2015-09-09,150.73403892113348
2015-09-10,156.77705701604646
2015-09-11,152.3728234892455
2015-09-14,150.22191874359848
2015-09-15,152.2362581085695
2015-09-16,160.9764424718334
2015-09-17,160.1229088426084
2015-09-18,152.54353021509047
2015-09-21,159.3717992488904
2015-09-22,156.46978490952543
2015-09-23,151.86070331171047
2015-09-24,153.32878115397745
2015-09-25,156.02594742232844
2015-09-28,151.6899965858655
2015-09-29,154.42130419938545
2015-09-30,153.94332536701947
2015-10-01,152.74837828610447
2015-10-02,155.47968589962443
2015-10-05,157.93786275179244
2015-10-06,165.68794810515536
2015-10-07,163.22977125298738
2015-10-08,168.7606691703653
2015-10-09,169.4434960737453
2015-10-12,160.8057357459884
2015-10-13,159.3035165585524
2015-10-14,159.2352338682144
2015-10-15,158.34755889382043
2015-10-16,161.35199726869237
2015-10-19,156.67463298053943
2015-10-20,155.51382724479345
2015-10-21,154.31888016387848
2015-10-22,154.93342437692047
2015-10-23,152.2703994537385
2015-10-26,150.1536360532605
2015-10-27,147.49061113007852
2015-10-28,156.84533970638444
2015-10-29,157.25503584841246
2015-10-30,159.06452714236943
2015-11-02,157.52816660976444
2015-11-03,163.53704335950837
2015-11-04,158.1427108228064
2015-11-05,154.31888016387848
2015-11-06,151.21201775349948
2015-11-09,149.77808125640152
2015-11-10,150.9388869921475
2015-11-11,146.56879481051556
2015-11-12,142.54011608057357
2015-11-13,139.09184021850461
2015-11-16,142.50597473540458
2015-11-17,138.85285080232163
2015-11-18,139.1259815636736
2015-11-19,138.4090133151246
2015-11-20,137.89689313758964
2015-11-23,142.54011608057357
2015-11-24,146.36394673950153
2015-11-25,146.94434960737453
2015-11-27,142.40355069989758
2015-11-30,142.19870262888355
2015-12-01,142.88152953226358
2015-12-02,136.36053260498466
2015-12-03,140.2526459542506
2015-12-04,136.46295664049163
2015-12-07,128.5421645612837
2015-12-08,128.06418572891772
2015-12-09,126.86923864800272
2015-12-10,125.50358484124273
2015-12-11,121.61147149197677
2015-12-14,123.96722430863778
2015-12-15,127.51792420621373
2015-12-16,121.27005804028681
2015-12-17,119.32400136565381
2015-12-18,118.57289177193582
2015-12-21,118.60703311710483
2015-12-22,123.38682144076478
2015-12-23,128.03004438374873
2015-12-24,130.07852509388871
2015-12-28,125.67429156708776
2015-12-29,129.29327415500168
2015-12-30,124.95732331853876
2015-12-31,126.45954250597472
2016-01-04,125.50358484124273
2016-01-05,122.80641857289176
2016-01-06,115.97814953909185
2016-01-07,113.58825537726187
2016-01-08,113.21270058040287
2016-01-11,107.23796517582794
2016-01-12,103.92625469443497
2016-01-13,104.06282007511096
2016-01-14,106.52099692727894
2016-01-15,100.443837487197
2016-01-19,97.16626835097304
2016-01-20,90.6452714236941
2016-01-21,100.81939228405601
2016-01-22,109.90099009900989
2016-01-25,103.58484124274496
2016-01-26,107.37453055650393
2016-01-27,110.2765448958689
2016-01-28,113.41754865141687
2016-01-29,114.78320245817683
2016-02-01,107.95493342437692
2016-02-02,102.01433936497098
2016-02-03,110.2082622055309
2016-02-04,108.2963468760669
2016-02-05,105.46261522703995
2016-02-08,101.36565380676
2016-02-09,95.39091840218505
2016-02-10,93.71799248890407
2016-02-11,89.48446568794812
2016-02-12,100.512120177535
2016-02-16,99.14646637077502
2016-02-17,104.67736428815296
2016-02-18,105.05291908501195
2016-02-19,101.19494708091499
2016-02-22,107.47695459201093
2016-02-23,108.80846705360192
2016-02-24,109.7644247183339
2016-02-25,112.90542847388187
2016-02-26,111.91532946398088
2016-02-29,115.22703994537385
2016-03-01,117.44622738135881
2016-03-02,118.33390235575281
2016-03-03,118.02663024923183
2016-03-04,122.63571184704678
2016-03-07,129.3956981905087
2016-03-08,124.61590986684877
2016-03-09,130.7272106520997
2016-03-10,129.1908501194947
2016-03-11,131.4441789006487
2016-03-14,126.93752133834073
2016-03-15,124.06964834414478
2016-03-16,131.30761351997268
2016-03-17,137.24820757937863
2016-03-18,134.65346534653463
2016-03-21,136.25810856947763
2016-03-22,141.5158757255036
2016-03-23,135.84841242744966
2016-03-24,134.72174803687267
2016-03-28,134.48275862068965
2016-03-29,130.6930693069307
2016-03-30,130.8296346876067
2016-03-31,130.8979173779447
2016-04-01,125.60600887674975
2016-04-04,121.8846022533288
2016-04-05,122.53328781153978
2016-04-06,128.88357801297371
2016-04-07,127.21065209969274
2016-04-08,135.60942301126664
2016-04-11,137.79446910208262
2016-04-12,143.97405257767159
2016-04-13,142.57425742574256
2016-04-14,141.68658245134858
2016-04-15,137.79446910208262
2016-04-18,135.81427108228067
2016-04-19,140.2526459542506
2016-04-20,145.54455445544556
2016-04-21,147.4223284397405
2016-04-22,149.30010242403552
2016-04-25,145.57869580061455
2016-04-26,150.3584841242745
2016-04-27,154.76271765107546
2016-04-28,157.15261181290543
2016-04-29,156.77705701604646
2016-05-02,152.88494366678046
2016-05-03,149.0269716626835
2016-05-04,149.47080914988052
2016-05-05,151.31444178900648
2016-05-06,152.4752475247525
2016-05-09,148.3100034141345
2016-05-10,152.4752475247525
2016-05-11,157.83543871628544
2016-05-12,159.44008193922843
2016-05-13,157.76715602594743
2016-05-16,162.92249914646638
2016-05-17,164.93683851143737
2016-05-18,164.52714236940935
2016-05-19,164.42471833390235
2016-05-20,163.02492318197338
2016-05-23,164.15158757255034
2016-05-24,165.99522021167635
2016-05-25,169.20450665756232
2016-05-26,168.9313758962103
2016-05-27,168.41925571867532
2016-05-31,167.63400477978834
2016-06-01,167.32673267326732
2016-06-02,167.87299419597133
2016-06-03,165.99522021167635
2016-06-06,169.6483441447593
2016-06-07,171.93581427108228
2016-06-08,174.90611130078523
2016-06-09,172.61864117446228
2016-06-10,167.53158074428134
2016-06-13,166.88289518607033
2016-06-14,165.55138272447937
2016-06-15,163.91259815636735
2016-06-16,157.76715602594743
2016-06-17,163.81017412086035
2016-06-20,168.5558210993513
2016-06-21,166.78047115056333
2016-06-22,167.73642881529534
2016-06-23,171.0822806418573
2016-06-24,162.6493683851144
2016-06-27,158.17685216797543
2016-06-28,163.36633663366337
2016-06-29,170.29702970297032
2016-06-30,165.00512120177535
2016-07-01,167.25844998292933
2016-07-05,159.09866848753842
2016-07-06,161.93240013656538
2016-07-07,154.11403209286448
2016-07-08,155.03584841242744
2016-07-11,152.81666097644248
2016-07-12,159.7814953909184
2016-07-13,152.78251963127346
2016-07-14,155.95766473199043
2016-07-15,156.87948105155346
2016-07-18,154.45544554455446
2016-07-19,152.44110617958347
2016-07-20,153.43120518948444
2016-07-21,152.78251963127346
2016-07-22,150.8706043018095
2016-07-25,147.25162171389553
2016-07-26,146.53465346534657
2016-07-27,143.12051894844657
2016-07-28,140.4574940252646
2016-07-29,142.02799590303857
2016-08-01,136.77022874701262
2016-08-02,134.89245476271765
2016-08-03,139.3991123250256
2016-08-04,143.15466029361556
2016-08-05,142.71082280641855
2016-08-08,146.87606691703655
2016-08-09,146.02253328781157
2016-08-10,142.40355069989758
2016-08-11,148.48071013997952
2016-08-12,151.8948446568795
2016-08-15,156.16251280300446
2016-08-16,159.0303857972004
2016-08-17,159.7473540457494
2016-08-18,164.62956640491635
2016-08-19,165.65380675998637
2016-08-22,160.6350290201434
2016-08-23,164.21987026288835
2016-08-24,159.67907135541142
2016-08-25,161.5909866848754
2016-08-26,162.6493683851144
2016-08-29,160.3960396039604
2016-08-30,158.2451348583134
2016-08-31,152.61181290542848
2016-09-01,147.35404574940253
2016-09-02,151.72413793103448
2016-09-06,153.05565039262547
2016-09-07,155.34312051894844
2016-09-08,162.58108569477636
2016-09-09,156.64049163537044
2016-09-12,158.0402867872994
2016-09-13,153.29463980880845
2016-09-14,148.78798224650052
2016-09-15,149.9146466370775
2016-09-16,146.91020826220554
2016-09-19,147.8320245817685
2016-09-20,148.3100034141345
2016-09-21,154.79685899624448
2016-09-22,158.1427108228064
2016-09-23,151.86070331171047
2016-09-26,156.81119836121545
2016-09-27,152.50938886992148
2016-09-28,160.6350290201434
2016-09-29,163.29805394332539
2016-09-30,164.69784909525436
2016-10-03,166.64390576988734
2016-10-04,166.23420962785934
2016-10-05,170.12632297712528
2016-10-06,172.20894503243426
2016-10-07,170.0580402867873
2016-10-10,175.31580744281325
2016-10-11,173.4038921133493
2016-10-12,171.32127005804028
2016-10-13,172.20894503243426
2016-10-14,171.9016729259133
2016-10-17,170.5018777739843
2016-10-18,171.6968248548993
2016-10-19,176.16934107203826
2016-10-20,172.17480368726527
2016-10-21,173.60874018436328
2016-10-24,172.4820757937863
2016-10-25,170.5701604643223
2016-10-26,167.90713554114032
2016-10-27,169.7507681802663
2016-10-28,166.26835097302833
2016-10-31,159.98634346193242
2016-11-01,159.3376579037214
2016-11-02,154.79685899624448
2016-11-03,152.4752475247525
2016-11-04,150.4609081597815
2016-11-07,153.26049846363946
2016-11-08,153.56777057016046
2016-11-09,154.5578695800615
2016-11-10,152.4752475247525
2016-11-11,148.2075793786275
2016-11-14,147.90030727210652
2016-11-15,156.40150221918745
2016-11-16,155.58210993513143
2016-11-17,155.06998975759646
2016-11-18,155.99180607715942
2016-11-21,162.1372482075794
2016-11-22,163.98088084670536
2016-11-23,163.74189143052237
2016-11-25,157.25503584841246
2016-11-28,160.7374530556504
2016-11-29,154.42130419938545
2016-11-30,168.79481051553432
2016-12-01,174.32570843291225
2016-12-02,176.44247183339024
2016-12-05,176.81802663024925
2016-12-06,173.88187094571526
2016-12-07,169.9214749061113
2016-12-08,173.5745988391943
2016-12-09,175.82792762034825
2016-12-12,180.36872652782517
2016-12-13,180.88084670536017
2016-12-14,174.25742574257427
2016-12-15,173.77944691020826
2016-12-16,177.19358142710823
2016-12-19,177.9446910208262
2016-12-20,178.32024581768522
2016-12-21,179.20792079207922
2016-12-22,180.7784226698532
2016-12-23,181.01741208603622
2016-12-27,184.02185046090815
2016-12-28,184.56811198361217
2016-12-29,183.5780129737112
2016-12-30,183.40730624786616
2017-01-03,178.6616592693752
2017-01-04,181.83680437009218
2017-01-05,183.54387162854215
2017-01-06,184.32912256742918
2017-01-09,177.39842949812223
2017-01-10,173.50631614885629
2017-01-11,178.38852850802323
2017-01-12,180.9832707408672
2017-01-13,178.79822465005122
2017-01-17,179.1737794469102
2017-01-18,174.39399112325026
2017-01-19,175.38409013315123
2017-01-20,178.96893137589623
2017-01-23,180.0955957664732
2017-01-24,181.5636736087402
2017-01-25,180.0955957664732
2017-01-26,183.6121543188802
2017-01-27,181.5295322635712
2017-01-30,179.6858996244452
2017-01-31,180.3004438374872
2017-02-01,183.95356777057017
2017-02-02,182.79276203482416
2017-02-03,183.78286104472517
2017-02-06,180.9832707408672
2017-02-07,178.11539774667122
2017-02-08,178.69580061454423
2017-02-09,180.9491293956982
2017-02-10,183.88528508023217
2017-02-13,180.7101399795152
2017-02-14,181.6319562990782
2017-02-15,181.32468419255719
2017-02-16,182.1782178217822
2017-02-17,182.3147832024582
2017-02-21,184.56811198361217
2017-02-22,182.96346876066917
2017-02-23,185.89962444520316
2017-02-24,184.32912256742918
2017-02-27,184.53397063844315
2017-02-28,184.39740525776716
2017-03-01,183.78286104472517
2017-03-02,179.61761693410722
2017-03-03,182.0757937862752
2017-03-06,181.6319562990782
2017-03-07,181.42710822806418
2017-03-08,171.66268350973027
2017-03-09,168.24854899283034
2017-03-10,165.55138272447937
2017-03-13,165.24411061795834
2017-03-14,162.92249914646638
2017-03-15,166.81461249573232
2017-03-16,166.43905769887334
2017-03-17,166.54148173438034
2017-03-20,164.62956640491635
2017-03-21,161.6251280300444
2017-03-22,164.01502219187435
2017-03-23,162.8542164561284
2017-03-24,163.77603277569136
2017-03-27,162.95664049163537
2017-03-28,165.14168658245134
2017-03-29,169.0337999317173
2017-03-30,171.9016729259133
2017-03-31,172.75520655513827
2017-04-03,171.52611812905428
2017-04-04,174.22328439740525
2017-04-05,174.63298053943325
2017-04-06,176.51075452372825
2017-04-07,178.35438716285424
2017-04-10,181.2222601570502
2017-04-11,182.3147832024582
2017-04-12,181.32468419255719
2017-04-13,181.5636736087402
2017-04-17,179.7541823147832
2017-04-18,178.9347900307272
2017-04-19,172.20894503243426
2017-04-20,171.62854216456128
2017-04-21,169.4093547285763
2017-04-24,168.07784226698533
2017-04-25,169.20450665756232
2017-04-26,169.4093547285763
2017-04-27,167.19016729259133
2017-04-28,168.41925571867532
2017-05-01,166.74632980539434
2017-05-02,162.71765107545238
2017-05-03,163.26391259815637
2017-05-04,155.41140320928645
2017-05-05,157.80129737111645
2017-05-08,158.5182656196654
2017-05-09,156.64049163537044
2017-05-10,161.5909866848754
2017-05-11,163.29805394332539
2017-05-12,163.33219528849438
2017-05-15,166.78047115056333
2017-05-16,166.13178559235234
2017-05-17,167.53158074428134
2017-05-18,168.48753840901333
2017-05-19,171.83339023557528
2017-05-22,173.19904404233526
2017-05-23,175.72550358484125
2017-05-24,175.34994878798224
2017-05-25,166.95117787640834
2017-05-26,170.02389894161828
2017-05-30,169.54592010925228
2017-05-31,164.97097985660636
2017-06-01,165.10754523728235
2017-06-02,162.71765107545238
2017-06-05,161.82997610105838
2017-06-06,164.52714236940935
2017-06-07,156.09423011266642
2017-06-08,155.82109935131444
2017-06-09,156.46978490952543
2017-06-12,157.32331853875044
2017-06-13,158.6206896551724
2017-06-14,152.71423694093548
2017-06-15,151.7924206213725
2017-06-16,152.74837828610447
2017-06-19,150.9047456469785
2017-06-20,147.59303516558552
2017-06-21,145.20314100375555
2017-06-22,145.92010925230454
2017-06-23,146.84192557186753
2017-06-26,148.10515534312054
2017-06-27,151.0413110276545
2017-06-28,152.74837828610447
2017-06-29,153.39706384431545
2017-06-30,157.18675315807442
2017-07-03,160.7033117104814
2017-07-05,154.0798907476955
2017-07-06,155.41140320928645
2017-07-07,151.00716968248548
2017-07-10,151.5875725503585
2017-07-11,153.77261864117446
2017-07-12,155.30897917377945
2017-07-13,157.32331853875044
2017-07-14,158.89382041652442
2017-07-17,157.11847046773644
2017-07-18,158.41584158415841
2017-07-19,160.8740184363264
2017-07-20,159.7473540457494
2017-07-21,156.26493683851146
2017-07-24,158.21099351314442
2017-07-25,163.50290201433936
2017-07-26,166.43905769887334
2017-07-27,167.42915670877431
2017-07-28,169.71662683509732
2017-07-31,171.2871287128713
2017-08-01,167.8388528508023
2017-08-02,169.30693069306932
2017-08-03,167.39501536360532
2017-08-04,169.2727893479003
2017-08-07,168.62410378968931
2017-08-08,167.87299419597133
2017-08-09,169.20450665756232
2017-08-10,165.89279617616936
2017-08-11,166.67804711505633
2017-08-14,162.4786616592694
2017-08-15,162.34209627859337
2017-08-16,159.7132127005804
2017-08-17,160.7715944008194
2017-08-18,165.61966541481735
2017-08-21,161.72755206555138
2017-08-22,162.6493683851144
2017-08-23,165.27825196312733
2017-08-24,161.93240013656538
2017-08-25,163.43461932400137
2017-08-28,158.99624445203142
2017-08-29,158.5524069648344
2017-08-30,156.91362239672245
2017-08-31,161.24957323318537
2017-09-01,161.45442130419937
2017-09-05,166.13178559235234
2017-09-06,167.8388528508023
2017-09-07,167.59986343461935
2017-09-08,162.10310686241036
2017-09-11,164.11744622738135
2017-09-12,164.66370775008534
2017-09-13,168.31683168316832
2017-09-14,170.3311710481393
2017-09-15,170.3311710481393
2017-09-18,170.3994537384773
2017-09-19,168.9313758962103
2017-09-20,172.10652099692726
2017-09-21,172.58449982929326
2017-09-22,172.96005462615227
2017-09-25,178.28610447251623
2017-09-26,177.12529873677025
2017-09-27,178.01297371116422
2017-09-28,176.03277569136225
2017-09-29,176.40833048822125
2017-10-02,172.68692386480026
2017-10-03,172.14066234209628
2017-10-04,170.63844315466028
2017-10-05,173.4038921133493
2017-10-06,168.28269033799933
2017-10-09,169.2727893479003
2017-10-10,173.84772960054627
2017-10-11,175.14510071696824
2017-10-12,172.75520655513827
2017-10-13,175.65722089450327
2017-10-16,177.09115739160123
2017-10-17,177.12529873677025
2017-10-18,177.6715602594742
2017-10-19,175.11095937179925
2017-10-20,175.72550358484125
2017-10-23,177.19358142710823
2017-10-24,179.1396381017412
2017-10-25,178.1495390918402
2017-10-26,179.72004096961422
2017-10-27,184.02185046090815
2017-10-30,184.87538409013317
2017-10-31,185.66063502902014
2017-11-01,185.38750426766813
2017-11-02,186.20689655172413
2017-11-03,189.9624445203141
2017-11-06,195.80061454421303
2017-11-07,195.28849436667807
2017-11-08,193.95698190508708
2017-11-09,195.18607033117107
2017-11-10,193.71799248890406
2017-11-13,193.78627517924204
2017-11-14,190.1672925913281
2017-11-15,188.9040628200751
2017-11-16,188.2553772618641
2017-11-17,193.06930693069307
2017-11-20,191.4988050529191
2017-11-21,194.02526459542506
2017-11-22,198.08808467053603
2017-11-24,201.263229771253
2017-11-27,198.39535677705703
2017-11-28,197.98566063502903
2017-11-29,195.62990781836805
2017-11-30,195.97132127005804
2017-12-01,199.24889040628202
2017-12-04,196.21031068624103
2017-12-05,196.72243086377603
2017-12-06,191.05496756572208
2017-12-07,193.54728576305905
2017-12-08,195.83475588938205
2017-12-11,197.98566063502903
2017-12-12,195.08364629566407
2017-12-13,193.24001365653805
2017-12-14,194.74223284397405
2017-12-15,195.62990781836805
2017-12-18,195.15192898600205
2017-12-19,196.17616934107204
2017-12-20,198.32707408671902
2017-12-21,199.24889040628202
2017-12-22,199.624445203141
2017-12-26,204.74564697849095
2017-12-27,203.61898258791396
2017-12-28,204.30180949129397
2017-12-29,206.28200751109597
2018-01-02,206.11130078525096
2018-01-03,210.41311027654493
2018-01-04,211.7104813929669
2018-01-05,209.76442471833388
2018-01-08,210.7545237282349
2018-01-09,214.95390918402185
2018-01-10,217.03653123933086
2018-01-11,217.82178217821783
2018-01-12,219.5288494366678
2018-01-16,217.5827927620348
2018-01-17,218.40218504609084
2018-01-18,218.33390235575285
2018-01-19,216.35370433595082
2018-01-22,216.76340047797885
2018-01-23,220.1092523045408
2018-01-24,224.00136565380677
2018-01-25,223.6599522021168
2018-01-26,225.81085694776374
2018-01-29,223.83065892796176
2018-01-30,220.2116763400478
2018-01-31,220.9969272789348
2018-02-01,224.65005121201776
2018-02-02,223.45510413110276
2018-02-05,219.01672925913283
2018-02-06,216.42198702628886
2018-02-07,210.95937179924888
2018-02-08,208.7743257084329
2018-02-09,202.116763400478
2018-02-12,202.42403550699896
2018-02-13,202.08262205530895
2018-02-14,206.89655172413794
2018-02-15,209.42301126664393
2018-02-16,210.58381700238988
2018-02-20,211.3349265961079
2018-02-21,210.58381700238988
2018-02-22,214.30522362581087
2018-02-23,216.96824854899282
2018-02-26,218.19733697507678
2018-02-27,215.12461590986683
2018-02-28,210.44725162171392
2018-03-01,208.22806418572895
2018-03-02,209.11573916012293
2018-03-05,213.6223967224309
2018-03-06,213.72482075793786
2018-03-07,208.7743257084329
2018-03-08,205.25776715602592
2018-03-09,211.81290542847387
2018-03-12,209.4912939569819
2018-03-13,207.27210652099694
2018-03-14,208.12564015022193
2018-03-15,208.91089108910893
2018-03-16,212.8371457835439
2018-03-19,211.8811881188119
2018-03-20,216.45612837145785
2018-03-21,222.49914646637077
2018-03-22,219.5288494366678
2018-03-23,224.92318197336974
2018-03-26,223.79651758279277
2018-03-27,222.77227722772278
2018-03-28,219.80198019801978
2018-03-29,221.71389552748377
2018-04-02,215.12461590986683
2018-04-03,216.83168316831686
2018-04-04,216.35370433595082
2018-04-05,216.93410720382383
2018-04-06,211.8811881188119
2018-04-09,216.52441106179583
2018-04-10,223.6599522021168
2018-04-11,228.1324684192557
2018-04-12,228.98600204848069
2018-04-13,230.0785250938887
2018-04-16,226.08398770911572
2018-04-17,227.1082280641857
2018-04-18,233.76579037214066
2018-04-19,233.1512461590987
2018-04-20,233.45851826561966
2018-04-23,234.34619324001366
2018-04-24,231.1369067941277
2018-04-25,232.3318538750427
2018-04-26,232.80983270740867
2018-04-27,232.50256060088765
2018-04-30,234.10720382383064
2018-05-01,229.6005462615227
2018-05-02,231.9221577330147
2018-05-03,233.6292249914647
2018-05-04,238.0334585182656
2018-05-07,241.48173438033461
2018-05-08,235.78012973711165
2018-05-09,242.88152953226358
2018-05-10,243.6326391259816
2018-05-11,241.37931034482762
2018-05-14,242.26698531922156
2018-05-15,243.4619324001366
2018-05-16,244.07647661317853
2018-05-17,244.07647661317853
2018-05-18,243.35950836462956
2018-05-21,246.6370775008535
2018-05-22,246.26152270399456
2018-05-23,245.27142369409356
2018-05-24,241.41345168999658
2018-05-25,231.7514510071697
2018-05-29,227.82519631273473
2018-05-30,232.87811539774665
2018-05-31,228.88357801297374
2018-06-01,224.68419255718675
2018-06-04,221.0652099692728
2018-06-05,223.69409354728575
2018-06-06,220.9969272789348
2018-06-07,225.16217138955278
2018-06-08,224.44520314100376
2018-06-11,225.67429156708775
2018-06-12,226.56196654148175
2018-06-13,227.51792420621376
2018-06-14,228.37145783543872
2018-06-15,222.12359166951182
2018-06-18,224.82075793786277
2018-06-19,222.15773301468076
2018-06-20,226.08398770911572
2018-06-21,223.76237623762378
2018-06-22,234.14134516899966
2018-06-25,232.43427791054967
2018-06-26,240.79890747695458
2018-06-27,248.41242744964154
2018-06-28,250.76818026630252
2018-06-29,253.1580744281325
2018-07-02,252.44110617958347
2018-07-03,253.12393308296345
2018-07-05,249.02697166268354
2018-07-06,251.96312734721747
2018-07-09,252.13383407306247
2018-07-10,253.02150904745648
2018-07-11,240.28678729941956
2018-07-12,240.1160805735746
2018-07-13,242.4376920450666
2018-07-16,232.3659952202117
2018-07-17,232.43427791054967
2018-07-18,234.75588938204166
2018-07-19,237.14578354387163
2018-07-20,240.5599180607716
2018-07-23,231.78559235233868
2018-07-24,233.93649709798567
2018-07-25,236.59952202116762
2018-07-26,237.65790372140665
2018-07-27,234.51689996585867
2018-07-30,239.4332536701946
2018-07-31,234.75588938204166
2018-08-01,231.00034141345168
2018-08-02,235.43871628542163
2018-08-03,233.83407306247867
2018-08-06,235.60942301126667
2018-08-07,236.15568453397066
2018-08-08,228.54216456128373
2018-08-09,228.09832707408674
2018-08-10,230.89791737794468
2018-08-13,229.4298395356777
2018-08-14,228.88357801297374
2018-08-15,221.95288494366682
2018-08-16,223.48924547627175
2018-08-17,225.02560600887676
2018-08-20,226.80095595766474
2018-08-21,229.94195971321267
2018-08-22,231.68316831683165
2018-08-23,231.58074428132468
2018-08-24,234.61932400136564
2018-08-27,235.13144417890067
2018-08-28,233.97063844315466
2018-08-29,237.31649026971664
2018-08-30,239.84294981222263
2018-08-31,238.30658927961764
2018-09-04,238.54557869580063
2018-09-05,234.61932400136564
2018-09-06,231.37589621031069
2018-09-07,231.3076135199727
2018-09-10,230.59064527142374
2018-09-11,236.42881529532264
2018-09-12,240.25264595425062
2018-09-13,234.17548651416865
2018-09-14,235.54114032092866
2018-09-17,235.26800955957663
2018-09-18,238.4772960054626
2018-09-19,242.8132468419256
2018-09-20,241.72072379651758
2018-09-21,241.6524411061796
2018-09-24,246.09081597814955
2018-09-25,246.77364288152955
2018-09-26,244.34960737453056
2018-09-27,246.22738135882557
2018-09-28,250.0853533629225
2018-10-01,257.0843291225674
2018-10-02,256.84533970638444
2018-10-03,260.87401843632637
2018-10-04,253.7726186411745
2018-10-05,253.80675998634348
2018-10-08,253.63605326049847
2018-10-09,255.92352338682142
2018-10-10,249.8122226015705
2018-10-11,242.30112666439058
2018-10-12,243.56435643564362
2018-10-15,245.06657562307956
2018-10-16,245.54455445544554
2018-10-17,238.13588255377263
2018-10-18,234.3803345851827
2018-10-19,235.98497780812568
2018-10-22,236.15568453397066
2018-10-23,226.80095595766474
2018-10-24,228.1324684192557
2018-10-25,229.8736770228747
2018-10-26,230.76135199726872
2018-10-29,228.88357801297374
2018-10-30,225.94742232843976
2018-10-31,222.97712529873678
2018-11-01,217.44622738135882
2018-11-02,215.56845339706382
2018-11-05,215.43188801638786
2018-11-06,212.3933082963469
2018-11-07,210.5496756572209
2018-11-08,207.13554114032092
2018-11-09,205.49675657220897
2018-11-12,204.60908159781494
2018-11-13,190.13315124615912
2018-11-14,192.04506657562308
2018-11-15,192.76203482417208
2018-11-16,192.76203482417208
2018-11-19,193.78627517924204
2018-11-20,182.4172072379652
2018-11-21,186.51416865824515
2018-11-23,172.14066234209628
2018-11-26,176.27176510754526
2018-11-27,176.03277569136225
2018-11-28,171.6968248548993
2018-11-29,175.65722089450327
2018-11-30,173.88187094571526
2018-12-03,180.7784226698532
2018-12-04,181.8026630249232
2018-12-05,180.5735745988392
2018-12-06,175.79378627517926
2018-12-07,179.61761693410722
2018-12-10,174.12086036189828
2018-12-11,176.34004779788324
2018-12-12,174.63298053943325
2018-12-13,179.51519289860022
2018-12-14,174.80368726527826
2018-12-17,170.29702970297032
2018-12-18,157.86958006145443
2018-12-19,161.1471491976784
2018-12-20,156.64049163537044
2018-12-21,155.65039262546946
2018-12-24,145.20314100375555
2018-12-26,157.80129737111645
2018-12-27,152.30454079890748
2018-12-28,154.76271765107546
2018-12-31,155.03584841242744
2019-01-02,158.89382041652442
2019-01-03,160.7715944008194
2019-01-04,163.74189143052237
2019-01-07,165.65380675998637
2019-01-08,169.9556162512803
2019-01-09,178.76408330488223
2019-01-10,179.5493342437692
2019-01-11,176.13519972686927
2019-01-14,172.44793444861727
2019-01-15,177.91054967565722
2019-01-16,178.59337657903723
2019-01-17,177.77398429498123
2019-01-18,183.68043700921817
2019-01-22,179.4810515534312
2019-01-23,179.6517582792762
2019-01-24,181.3929668828952
2019-01-25,183.30488221235916
2019-01-28,177.50085353362923
2019-01-29,182.0075110959372
2019-01-30,185.14851485148515
2019-01-31,183.64629566404918
2019-02-01,188.6650734038921
2019-02-04,186.27517924206217
2019-02-05,183.20245817685216
2019-02-06,184.39740525776716
2019-02-07,179.72004096961422
2019-02-08,179.9931717309662
2019-02-11,178.9347900307272
2019-02-12,181.2905428473882
2019-02-13,184.02185046090815
2019-02-14,185.7630590645271
2019-02-15,189.79173779446913
2019-02-19,191.4988050529191
2019-02-20,194.33253670194608
2019-02-21,194.46910208262207
2019-02-22,195.49334243769206
2019-02-25,189.4161829976101
2019-02-26,189.4844656879481
2019-02-27,194.40081939228406
2019-02-28,195.35677705701605
2019-03-01,190.5087060430181
2019-03-04,193.20587231136906
2019-03-05,193.10344827586206
2019-03-06,191.94264254011608
2019-03-07,193.44486172755205
2019-03-08,191.4305223625811
2019-03-11,193.88869921474907
2019-03-12,194.16182997610105
2019-03-13,198.907476954592
2019-03-14,200.10242403550703
2019-03-15,199.79515192898603
2019-03-18,201.741208603619
2019-03-19,201.536360532605
2019-03-20,204.26766814612495
2019-03-21,204.77978832365994
2019-03-22,201.57050187777398
2019-03-25,200.819392284056
2019-03-26,204.64322294298393
2019-03-27,202.83373164902696
2019-03-28,202.45817685216795
2019-03-29,205.32604984636396
2019-04-01,210.2765448958689
2019-04-02,213.65653806759988
2019-04-03,213.24684192557189
2019-04-04,212.0177534994879
2019-04-05,215.36360532604982
2019-04-08,219.87026288835784
2019-04-09,218.43632639125983
2019-04-10,220.5872311369068
2019-04-11,217.07067258449985
2019-04-12,218.1290542847388
2019-04-15,216.45612837145785
2019-04-16,218.67531580744281
2019-04-17,217.6852167975418
2019-04-18,218.5046090815978
2019-04-22,224.3086377603278
2019-04-23,226.35711847046775
2019-04-24,224.95732331853878
2019-04-25,222.6357118470468
2019-04-26,216.11471491976783
2019-04-29,216.79754182314787
2019-04-30,218.19733697507678
2019-05-01,217.13895527483783
2019-05-02,211.02765448958692
2019-05-03,211.4714919767839
2019-05-06,212.52987367702286
2019-05-07,209.6278593376579
2019-05-08,212.08603618982588
2019-05-09,210.65209969272792
2019-05-10,210.5155343120519
2019-05-13,208.3987709115739
2019-05-14,210.9252304540799
2019-05-15,211.7446227381359
2019-05-16,214.64663707750086
2019-05-17,214.27108228064188
2019-05-20,215.43188801638786
2019-05-21,215.05633321952885
2019-05-22,209.6961420279959
2019-05-23,197.71252987367703
2019-05-24,200.170706725845
2019-05-28,201.911915329464
2019-05-29,200.785250938887
2019-05-30,193.20587231136906
2019-05-31,182.65619665414818
2019-06-03,181.8026630249232
2019-06-04,182.58791396381017
2019-06-05,176.44247183339024
2019-06-06,179.5493342437692
2019-06-07,184.32912256742918
2019-06-10,181.83680437009218
2019-06-11,181.8709457152612
2019-06-12,174.59883919426426
2019-06-13,178.49095254353023
2019-06-14,179.2762034824172
2019-06-17,177.29600546261523
2019-06-18,184.02185046090815
2019-06-19,183.54387162854215
2019-06-20,193.41072038238306
2019-06-21,196.07374530556504
2019-06-24,197.67838852850804
2019-06-25,197.43939911232502
2019-06-26,202.73130761352
2019-06-27,202.902014339365
2019-06-28,199.624445203141
2019-07-01,201.741208603619
2019-07-02,192.04506657562308
2019-07-03,195.76647319904404
2019-07-05,196.34687606691702
2019-07-08,196.85899624445202
2019-07-09,197.43939911232502
2019-07-10,206.31614885626496
2019-07-11,205.53089791737796
2019-07-12,205.56503926254695
2019-07-15,203.41413451689996
2019-07-16,196.72243086377603
2019-07-17,193.85455786958008
2019-07-18,188.8016387845681
2019-07-19,189.92830317514512
2019-07-22,191.94264254011608
2019-07-23,193.8204165244111
2019-07-24,190.7818368043701
2019-07-25,191.2598156367361
2019-07-26,191.8743598497781
2019-07-29,194.16182997610105
2019-07-30,198.19050870604303
2019-07-31,200.0
2019-08-01,184.1925571867532
2019-08-02,190.0307272106521
2019-08-05,186.71901672925912
2019-08-06,183.1000341413452
2019-08-07,174.42813246841928
2019-08-08,179.37862751792423
2019-08-09,186.07033117104814
2019-08-12,187.53840901331515
2019-08-13,194.94708091498808
2019-08-14,188.5626493683851
2019-08-15,185.96790713554114
2019-08-16,187.33356094230112
2019-08-19,191.9085011949471
2019-08-20,192.3523386821441
2019-08-21,190.09900990099013
2019-08-22,188.97234551041313
2019-08-23,184.94366678047115
2019-08-26,183.13417548651418
2019-08-27,187.53840901331515
2019-08-28,190.4404233526801
2019-08-29,193.61556845339706
2019-08-30,188.11881188118812
2019-09-03,184.15841584158417
2019-09-04,192.07920792079207
2019-09-05,192.2157733014681
2019-09-06,192.96688289518607
2019-09-09,197.50768180266303
2019-09-10,195.97132127005804
2019-09-11,190.33799931717311
2019-09-12,188.08467053601913
2019-09-13,187.26527825196314
2019-09-16,214.74906111300785
2019-09-17,202.59474223284397
2019-09-18,198.39535677705703
2019-09-19,198.463639467395
2019-09-20,198.32707408671902
2019-09-23,200.204848071014
2019-09-24,195.59576647319906
2019-09-25,192.86445885967908
2019-09-26,192.59132809832707
2019-09-27,190.88426083987707
2019-09-30,184.60225332878116
2019-10-01,183.06589279617614
2019-10-02,179.72004096961422
2019-10-03,179.07135541140323
2019-10-04,180.3004438374872
2019-10-07,180.0955957664732
2019-10-08,179.6858996244452
2019-10-09,179.5493342437692
2019-10-10,182.82690337999315
2019-10-11,186.75315807442814
2019-10-14,182.96346876066917
2019-10-15,180.3004438374872
2019-10-16,182.1782178217822
2019-10-17,184.12427449641515
2019-10-18,183.6121543188802
2019-10-21,182.0075110959372
2019-10-22,184.90952543530216
2019-10-23,191.08910891089107
2019-10-24,191.97678388528507
2019-10-25,193.44486172755205
2019-10-28,190.54284738818708
2019-10-29,189.62103106862412
2019-10-30,187.98224650051213
2019-10-31,184.97780812564017
2019-11-01,191.8743598497781
2019-11-04,193.03516558552408
2019-11-05,195.39091840218504
2019-11-06,192.3864800273131
2019-11-07,195.11778764083306
2019-11-08,195.42505974735406
2019-11-11,194.12768863093206
2019-11-12,193.92284055991806
2019-11-13,195.01536360532606
2019-11-14,193.8204165244111
2019-11-15,197.06384431546604
2019-11-18,194.77637418914304
2019-11-19,188.49436667804713
2019-11-20,194.98122226015707
2019-11-21,200.0
2019-11-22,197.23455104131105
2019-11-25,198.05394332536702
2019-11-26,199.419597132127
2019-11-27,198.39535677705703
2019-11-29,188.3578012973711
2019-12-02,191.05496756572208
2019-12-03,191.5329463980881
2019-12-04,199.487879822465
2019-12-05,199.487879822465
2019-12-06,202.116763400478
2019-12-09,201.502219187436
2019-12-10,202.253328781154
2019-12-11,200.614544213042
2019-12-12,202.04848071013996
2019-12-13,205.08706043018097
2019-12-16,205.56503926254695
2019-12-17,208.0573574598839
2019-12-18,208.0232161147149
2019-12-19,209.0133151246159
2019-12-20,206.35029020143395
2019-12-23,206.62342096278596
2019-12-24,208.63776032775695
2019-12-26,210.58381700238988
2019-12-27,210.7203823830659
2019-12-30,210.58381700238988
2019-12-31,208.46705360191194
2020-01-02,208.87674974393994
2020-01-03,215.26118129054285
2020-01-06,216.01229088426086
2020-01-07,214.06623420962788
2020-01-08,203.516558552407
2020-01-09,203.34585182656198
2020-01-10,201.57050187777398
2020-01-13,198.29293274155003
2020-01-14,198.805052919085
2020-01-15,197.37111642198704
2020-01-16,199.79515192898603
2020-01-17,199.863434619324
2020-01-21,199.18060771594403
2020-01-22,193.71799248890406
2020-01-23,189.79173779446913
2020-01-24,185.01194947080916
2020-01-27,181.42710822806418
2020-01-28,182.58791396381017
2020-01-29,182.0757937862752
2020-01-30,178.01297371116422
2020-01-31,176.03277569136225
2020-02-03,171.0822806418573
2020-02-04,169.3752133834073
2020-02-05,173.26732673267327
2020-02-06,173.95015363605327
2020-02-07,171.7992488904063
2020-02-10,169.2386480027313
2020-02-11,170.5018777739843
2020-02-12,174.70126322977126
2020-02-13,175.55479685899627
2020-02-14,177.70570160464322
2020-02-18,177.70570160464322
2020-02-19,181.93922840559918
2020-02-20,183.6121543188802
2020-02-21,182.24650051212018
2020-02-24,175.58893820416526
2020-02-25,170.3653123933083
2020-02-26,166.37077500853533
2020-02-27,160.7715944008194
2020-02-28,152.81666097644248
2020-03-02,159.61078866507341
2020-03-03,161.0788665073404
2020-03-04,159.7132127005804
2020-03-05,156.70877432570842
2020-03-06,140.9354728576306
2020-03-09,106.28200751109593
2020-03-10,117.30966200068282
2020-03-11,112.59815636736086
2020-03-12,107.54523728234892
2020-03-13,108.33048822123592
2020-03-16,97.98566063502902
2020-03-17,92.01092523045408
2020-03-18,69.54592010925231
2020-03-19,86.10447251621713
2020-03-20,76.57903721406623
2020-03-23,79.75418231478321
2020-03-24,81.97336975076819
2020-03-25,83.61215431888016
2020-03-26,77.15944008193924
2020-03-27,73.43803345851828
2020-03-30,68.58996244452031
2020-03-31,69.9214749061113
2020-04-01,69.34107203823831
2020-04-02,86.44588596790715
2020-04-03,96.75657220894503
2020-04-06,89.0406282007511
2020-04-07,80.67599863434619
2020-04-08,85.66063502902014
2020-04-09,77.70570160464322
2020-04-13,76.51075452372824
2020-04-14,68.6582451348583
2020-04-15,67.83885285080233
2020-04-16,67.83885285080233
2020-04-17,62.37623762376238
2020-04-21,34.175486514168654
2020-04-22,47.046773642881526
2020-04-23,56.33321952884944
2020-04-24,57.835438716285424
2020-04-27,43.63263912598156
2020-04-28,42.13041993854558
2020-04-29,51.41686582451349
2020-04-30,64.32229429839535
2020-05-01,67.53158074428133
2020-05-04,69.6142027995903
2020-05-05,83.85114373506316
2020-05-06,81.90508706043018
2020-05-07,80.4028678729942
2020-05-08,84.46568794810516
2020-05-11,82.41720723796519
2020-05-12,88.01638784568112
2020-05-13,86.34346193240013
2020-05-14,94.09354728576305
2020-05-15,100.477978832366
2020-05-18,108.63776032775692
2020-05-19,110.95937179924888
2020-05-20,114.33936497097987
2020-05-21,115.80744281324684
2020-05-22,113.51997268692386
2020-05-26,117.27552065551383
2020-05-27,112.01775349948788
2020-05-28,115.09047456469786
2020-05-29,121.16763400477979
2020-06-01,120.99692727893479
2020-06-02,125.67429156708776
2020-06-03,127.31307613519974
2020-06-04,127.72277227722772
2020-06-05,135.02902014339364
2020-06-08,130.3857972004097
2020-06-09,132.94639808808466
2020-06-10,135.19972686923867
2020-06-11,124.06964834414478
2020-06-12,123.79651758279276
2020-06-15,126.73267326732673
2020-06-16,131.0344827586207
2020-06-17,129.6005462615227
2020-06-18,132.6049846363947
2020-06-19,135.71184704677364
2020-06-22,138.13588255377263
2020-06-23,137.8286104472516
2020-06-24,129.7712529873677
2020-06-25,132.19528849436668
2020-06-26,131.41003755547968
2020-06-29,135.54114032092866
2020-06-30,134.07306247866165
2020-07-01,135.95083646295666
2020-07-02,138.78456811198362
2020-07-06,138.71628542164564
2020-07-07,138.68214407647662
2020-07-08,139.6381017412086
2020-07-09,135.26800955957665
2020-07-10,138.4431546602936
2020-07-13,136.90679412768864
2020-07-14,137.55547968589963
2020-07-15,140.66234209627862
2020-07-16,139.1259815636736
2020-07-17,138.57972004096965
2020-07-20,139.3308296346876
2020-07-21,143.25708432912256
2020-07-22,143.05223625810856
2020-07-23,140.2185046090816
2020-07-24,140.9696142027996
2020-07-27,142.02799590303857
2020-07-28,140.1160805735746
2020-07-29,140.9013315124616
2020-07-30,136.29224991464665
2020-07-31,137.48719699556165
2020-08-03,140.01365653806758
2020-08-04,142.3694093547286
2020-08-05,144.04233526800957
2020-08-06,143.22294298395357
2020-08-07,140.7306247866166
2020-08-10,143.18880163878455
2020-08-11,142.06213724820756
2020-08-12,145.68111983612155
2020-08-13,144.21304199385457
2020-08-14,143.42779105496757
2020-08-17,146.43222942983954
2020-08-18,146.43222942983954
2020-08-19,146.56879481051556
2020-08-20,145.37384772960053
2020-08-21,144.55445544554456
2020-08-24,145.51041311027655
2020-08-25,148.00273130761352
2020-08-26,148.13929668828953
2020-08-27,146.94434960737453
2020-08-28,146.70536019119155
2020-08-31,145.47627176510755
2020-09-01,145.98839194264255
2020-09-02,141.72072379651758
2020-09-03,141.2427449641516
2020-09-04,135.78012973711168
2020-09-08,125.50358484124273
2020-09-09,129.9078183680437
2020-09-10,127.34721748036873
2020-09-11,127.44964151587573
2020-09-14,127.21065209969274
2020-09-15,130.6930693069307
2020-09-16,137.1116421987026
2020-09-17,139.8770911573916
2020-09-18,140.3550699897576
2020-09-21,134.20962785933767
2020-09-22,135.19972686923867
2020-09-23,136.32639125981564
2020-09-24,137.62376237623764
2020-09-25,137.41891430522364
2020-09-28,138.61386138613864
2020-09-29,134.14134516899966
2020-09-30,137.3164902697166
2020-10-01,132.19528849436668
2020-10-02,126.49368385114373
2020-10-05,133.90235575281665
2020-10-06,138.85285080232163
2020-10-07,136.39467395015365
2020-10-08,140.6282007511096
2020-10-09,138.61386138613864
2020-10-12,134.61932400136564
2020-10-13,137.24820757937863
2020-10-14,140.1160805735746
2020-10-15,139.8429498122226
2020-10-16,139.56981905087062
2020-10-19,139.3991123250256
2020-10-20,141.5500170706726
2020-10-21,136.66780471150562
2020-10-22,138.75042676681463
2020-10-23,136.05326049846366
2020-10-26,131.6490269716627
2020-10-27,135.09730283373165
2020-10-28,127.65448958688972
2020-10-29,123.48924547627178
2020-10-30,122.19187435984978
2020-11-02,125.67429156708776
2020-11-03,128.57630590645272
2020-11-04,133.66336633663366
2020-11-05,132.43427791054967
2020-11-06,126.80095595766474
2020-11-09,137.55547968589963
2020-11-10,141.2086036189826
2020-11-11,141.5158757255036
2020-11-12,140.38921133492659
2020-11-13,137.00921816319564
2020-11-16,141.14032092864463
2020-11-17,141.4475930351656
2020-11-18,142.77910549675659
2020-11-19,142.50597473540458
2020-11-20,143.90576988733358
2020-11-23,147.01263229771254
2020-11-24,153.32878115397745
2020-11-25,156.06008876749743
2020-11-27,155.44554455445544
2020-11-30,154.79685899624448
2020-12-01,152.09969272789348
2020-12-02,154.59201092523048
2020-12-03,155.82109935131444
2020-12-04,157.93786275179244
2020-12-07,156.23079549334244
2020-12-08,155.68453397063846
2020-12-09,155.41140320928645
2020-12-10,159.7132127005804
2020-12-11,158.99624445203142
2020-12-14,160.4301809491294
2020-12-15,162.58108569477636
2020-12-16,163.26391259815637
2020-12-17,165.10754523728235
2020-12-18,167.63400477978834
2020-12-21,162.9907818368044
2020-12-22,160.5326049846364
2020-12-23,164.28815295322636
2020-12-24,164.66370775008534
2020-12-28,162.58108569477636
2020-12-29,163.87845681119836
2020-12-30,165.24411061795834
2020-12-31,165.65380675998637
2021-01-04,162.58108569477636
2021-01-05,170.4677364288153
2021-01-06,172.8576305906453
2021-01-07,173.54045749402528
2021-01-08,178.35438716285424
2021-01-11,178.38852850802323
2021-01-12,181.6660976442472
2021-01-13,180.64185728917718
2021-01-14,182.89518607033116
2021-01-15,178.76408330488223
2021-01-19,180.88084670536017
2021-01-20,181.7685216797542
2021-01-21,181.3929668828952
2021-01-22,178.45681119836124
2021-01-25,180.1638784568112
2021-01-26,179.61761693410722
2021-01-27,180.4370092181632
2021-01-28,178.69580061454423
2021-01-29,178.21782178217825
2021-02-01,182.82690337999315
2021-02-02,186.95800614544214
2021-02-03,190.13315124615912
2021-02-04,191.97678388528507
2021-02-05,194.09354728576307
2021-02-08,197.91737794469103
2021-02-09,199.24889040628202
2021-02-10,200.34141345169002
2021-02-11,198.83919426425402
2021-02-12,203.03857972004096
2021-02-16,205.01877773984293
2021-02-17,208.74018436326392
2021-02-18,206.62342096278596
2021-02-19,202.253328781154
2021-02-22,209.9351314441789
2021-02-23,210.5496756572209
2021-02-24,215.84158415841586
2021-02-25,216.89996585865484
2021-02-26,209.96927278934788
2021-03-01,207.03311710481395
2021-03-02,203.99453738477297
2021-03-03,209.21816319562993
2021-03-04,217.9242062137248
2021-03-05,225.64015022191876
2021-03-08,222.08945032434278
2021-03-09,218.53875042676685
2021-03-10,220.0068282690338
2021-03-11,225.40116080573574
2021-03-12,224.00136565380677
2021-03-15,223.25025606008876
2021-03-16,221.2359166951178
2021-03-17,220.5530897917378
2021-03-18,204.84807101399798
2021-03-19,209.6961420279959
2021-03-22,210.1399795151929
2021-03-23,197.20040969614203
2021-03-24,208.87674974393994
2021-03-25,199.93171730966202
2021-03-26,208.15978149539092
2021-03-29,210.17412086036188
2021-03-30,206.72584499829293
2021-03-31,201.98019801980197
2021-04-01,209.79856606350293
2021-04-02,209.79856606350293
2021-04-05,200.238989416183
2021-04-06,202.56060088767498
2021-04-07,204.06282007511098
2021-04-08,203.48241720723797
2021-04-09,202.526459542506
2021-04-12,203.823830658928
2021-04-13,205.46261522703998
2021-04-14,215.60259474223287
2021-04-15,216.66097644247185
2021-04-16,215.53431205189483
2021-04-19,216.38784568111987
2021-04-20,213.17855923523385
2021-04-21,209.45715261181292
2021-04-22,209.7302833731649
2021-04-23,212.15431888016388
2021-04-26,211.36906794127688
2021-04-27,214.88562649368384
2021-04-28,218.02663024923183
2021-04-29,221.95288494366682
2021-04-30,217.07067258449985
2021-05-03,220.17753499487878
2021-05-04,224.27449641515875
2021-05-05,224.06964834414475
2021-05-06,220.92864458859677
2021-05-07,221.5773301468078
2021-05-10,221.6456128371458
2021-05-11,222.87470126322978
2021-05-12,225.60600887674974
2021-05-13,217.8900648685558
2021-05-14,223.18197336975078
2021-05-17,226.25469443496073
2021-05-18,223.59166951177875
2021-05-19,216.31956299078183
2021-05-20,211.8470467736429
2021-05-21,217.07067258449985
2021-05-24,225.50358484124274
2021-05-25,225.57186753158072
2021-05-26,226.04984636394673
2021-05-27,228.23489245476273
2021-05-28,226.42540116080573
2021-06-01,231.20518948446568
2021-06-02,234.99487879822465
2021-06-03,234.92659610788667
2021-06-04,237.69204506657564
2021-06-07,236.36053260498466
2021-06-08,239.1601229088426
2021-06-09,238.8528508023216
2021-06-10,239.97951519289865
2021-06-11,242.09627859337658
2021-06-14,241.99385455786958
2021-06-15,246.22738135882557
2021-06-16,246.32980539433257
2021-06-17,242.54011608057363
2021-06-18,244.58859679071355
2021-06-21,251.4851485148515
2021-06-22,249.43666780471153
2021-06-23,249.5049504950495
2021-06-24,250.2560600887675
2021-06-25,252.81666097644248
2021-06-28,248.9245476271765
2021-06-29,249.16353704335955
2021-06-30,250.8364629566405
2021-07-01,256.84533970638444
2021-07-02,256.6063502902014
2021-07-06,250.49504950495054
2021-07-07,246.50051212017755
2021-07-08,249.02697166268354
2021-07-09,254.5578695800615
2021-07-12,252.98736770228746
2021-07-13,256.9136223967224
2021-07-14,249.67565722089452
2021-07-15,244.62273813588257
2021-07-16,245.16899965858659
2021-07-19,226.76681461249575
2021-07-20,230.1809491293957
2021-07-21,240.01365653806758
2021-07-22,245.51041311027655
2021-07-23,246.0566746329805
2021-07-26,245.51041311027655
2021-07-27,244.62273813588257
2021-07-28,247.14919767838853
2021-07-29,251.34858313417553
2021-07-30,252.4752475247525
2021-08-02,243.29122567429158
2021-08-03,240.9013315124616
2021-08-04,232.6732673267327
2021-08-05,235.88255377261868
2021-08-06,233.1171048139297
2021-08-09,226.97166268350975
2021-08-10,233.1512461590987
2021-08-11,236.42881529532264
2021-08-12,235.88255377261868
2021-08-13,233.66336633663366
2021-08-16,229.73711164219873
2021-08-17,227.34721748036876
2021-08-18,223.48924547627175
2021-08-19,217.44622738135882
2021-08-20,212.76886309320585
2021-08-23,224.10378968931374
2021-08-24,230.59064527142374
2021-08-25,233.39023557528168
2021-08-26,230.1809491293957
2021-08-27,234.68760669170362
2021-08-30,236.29224991464662
2021-08-31,233.86821440764768
2021-09-01,234.17548651416865
2021-09-02,238.95527483782863
2021-09-03,236.56538067599868
2021-09-07,233.35609423011263
2021-09-08,236.59952202116762
2021-09-09,232.63912598156367
2021-09-10,238.0334585182656
2021-09-13,240.5257767156026
2021-09-14,240.5599180607716
2021-09-15,247.90030727210652
2021-09-16,247.90030727210652
2021-09-17,245.71526118129054
2021-09-20,239.97951519289865
2021-09-21,240.9013315124616
2021-09-22,246.60293615568457
2021-09-23,250.2560600887675
2021-09-24,252.5776715602595
2021-09-27,257.59644930010245
2021-09-28,257.0501877773985
2021-09-29,255.47968589962443
2021-09-30,256.16251280300446
2021-10-01,259.0645271423694
2021-10-04,265.00512120177535
2021-10-05,269.47763741891436
2021-10-06,264.3564356435644
2021-10-07,267.3267326732673
2021-10-08,270.9115739160123
2021-10-11,274.90611130078526
2021-10-12,275.31580744281325
2021-10-13,274.6329805394332
2021-10-14,277.60327756913625
2021-10-15,280.9149880505292
2021-10-18,281.4612495732332
2021-10-19,283.23659952202115
2021-10-20,286.34346193240015
2021-10-21,281.6660976442472
2021-10-22,285.96790713554117
2021-10-25,285.96790713554117
2021-10-26,289.0064868555821
2021-10-27,282.21235916695116
2021-10-28,282.72447934448616
2021-10-29,285.31922157733015
2021-11-01,286.95800614544214
2021-11-02,286.4800273130761
2021-11-03,276.06691703653127
2021-11-04,269.06794127688636
2021-11-05,277.46671218846024
2021-11-08,279.7200409696143
2021-11-09,287.29941959713216
2021-11-10,277.70570160464325
2021-11-11,278.55923523386826
2021-11-12,275.82792762034825
2021-11-15,276.13519972686925
2021-11-16,275.72550358484125
2021-11-17,267.5315807442813
2021-11-18,269.75076818026633
2021-11-19,259.8156367360874
2021-11-22,262.0348241720724
2021-11-23,268.0095595766473
2021-11-24,267.6340047797883
2021-11-26,232.6732673267327
2021-11-29,238.81870945715264
2021-11-30,225.94742232843976
2021-12-01,223.86480027313075
2021-12-02,227.03994537384773
2021-12-03,226.22055308979174
2021-12-06,237.2482075793786
2021-12-07,245.98839194264252
2021-12-08,247.04677364288153
2021-12-09,242.19870262888355
2021-12-10,244.69102082622055
2021-12-13,243.3936497097986
2021-12-14,241.48173438033461
2021-12-15,241.95971321270062
2021-12-16,247.11505633321954
2021-12-17,241.92557186753157
2021-12-20,232.9463980880847
2021-12-21,242.8132468419256
2021-12-22,248.41242744964154
2021-12-23,251.9289860020485
2021-12-27,258.0061454421304
2021-12-28,259.4059405940594
2021-12-29,261.3861386138614
2021-12-30,262.85421645612837
2021-12-31,256.7770570160464
2022-01-03,259.74735404574943
2022-01-04,262.85421645612837
2022-01-05,265.7903721406623
2022-01-06,271.28712871287127
2022-01-07,269.37521338340736
2022-01-10,267.08774325708436
2022-01-11,277.29600546261526
2022-01-12,282.1440764766132
2022-01-13,280.36872652782523
2022-01-14,286.1727552065551
2022-01-18,291.6695117787641
2022-01-19,296.893137589621
2022-01-20,296.68828951860706
2022-01-21,290.6794127688631
2022-01-24,284.4315466029362
2022-01-25,292.2499146466371
2022-01-26,298.224650051212
2022-01-27,295.6981905087061
2022-01-28,296.415158757255
2022-01-31,300.955957664732
2022-02-01,301.126664390577
2022-02-02,301.331512461591
2022-02-03,308.19392284055994
2022-02-04,315.1587572550359
2022-02-07,311.77876408330485
2022-02-08,305.08706043018094
2022-02-09,306.11130078525093
2022-02-10,306.8624103789689
2022-02-11,317.8559235233868
2022-02-14,325.91328098327074
2022-02-15,314.33936497097983
2022-02-16,319.7678388528508
2022-02-17,313.2809832707409
2022-02-18,310.9252304540799
2022-02-22,315.29532263571184
2022-02-23,314.44178900648683
2022-02-24,316.86582451348585
2022-02-25,312.7005804028679
2022-02-28,326.80095595766477
2022-03-01,353.05565039262547
2022-03-02,377.6032775691362
2022-03-03,367.59986343461935
2022-03-04,394.9470809149881
2022-03-07,407.647661317856
2022-03-08,422.32843974052577
2022-03-09,371.1164219870263
2022-03-10,361.9665414817344
2022-03-11,373.26732673267327
2022-03-14,351.6899965858655
2022-03-15,329.2591328098327
2022-03-16,324.4793444861728
2022-03-17,351.5875725503585
2022-03-18,357.45988391942643
2022-03-21,382.7927620348242
2022-03-22,381.5636736087402
2022-03-23,392.3864800273131
2022-03-24,383.5438716285422
2022-03-25,388.86992147490616
2022-03-28,361.76169341072034
2022-03-29,355.8893820416524
2022-03-30,368.1119836121543
2022-03-31,342.3694093547286
2022-04-01,338.92113349265964
2022-04-04,352.6118129054285
2022-04-05,348.10515534312054
2022-04-06,328.54216456128376
2022-04-07,327.8593376579037
2022-04-08,335.4728576305907
2022-04-11,321.9187435984978
2022-04-12,343.46193240013656
2022-04-13,355.92352338682144
2022-04-14,365.14168658245137
2022-04-18,369.4434960737453
2022-04-19,350.1536360532605
2022-04-20,350.8023216114715
2022-04-21,354.3530215090475
2022-04-22,348.4807101399795
2022-04-25,336.4288152953227
2022-04-26,347.21748036872657
2022-04-27,348.31000341413454
2022-04-28,359.7132127005804
2022-04-29,357.4257425742574
2022-05-02,359.0645271423694
2022-05-03,349.64151587572553
2022-05-04,368.07784226698533
2022-05-05,369.6142027995903
2022-05-06,374.76954592010924
2022-05-09,351.9631273472175
2022-05-10,340.59405940594064
2022-05-11,360.9081597814954
2022-05-12,362.3420962785934
2022-05-13,377.2277227722772
2022-05-16,389.89416182997616
2022-05-17,383.7487196995562
2022-05-18,374.1550017070673
2022-05-19,383.1000341413452
2022-05-20,386.58245134858316
2022-05-23,376.5448958688973
2022-05-24,374.76954592010924
2022-05-25,376.68146124957326
2022-05-26,389.5186070331171
2022-05-27,392.8644588596791
2022-05-31,391.4988050529191
2022-06-01,393.5131444178901
2022-06-02,399.009900990099
2022-06-03,405.8381700238989
2022-06-06,404.574940252646
2022-06-07,407.68180266302494
2022-06-08,416.8999658586548
2022-06-09,414.8514851485149
2022-06-10,411.9836121543189
2022-06-13,412.8712871287129
2022-06-14,406.04301809491295
2022-06-15,393.68385114373507
2022-06-16,401.46807784226695
2022-06-17,374.0525776715603
2022-06-21,377.77398429498123
2022-06-22,362.5469443496074
2022-06-23,355.9918060771595
2022-06-24,367.42915670877437
2022-06-27,374.0867190167292
2022-06-28,381.5636736087402
2022-06-29,374.8036872652783
2022-06-30,361.0788665073404
2022-07-01,370.19460566746335
2022-07-05,339.7063844315466
2022-07-06,336.3946739501536
2022-07-07,350.7340389211335
2022-07-08,357.76715602594743
2022-07-11,355.3772618641175
2022-07-12,327.2106520996927
2022-07-13,328.7811539774667
2022-07-14,327.0058040286787
2022-07-15,333.1853875042677
2022-07-18,350.2902014339365
2022-07-19,355.82109935131444
2022-07-20,349.12939569819054
2022-07-21,328.9518607033117
2022-07-22,323.3185387504268
2022-07-25,330.1468077842267
2022-07-26,324.2744964151588
2022-07-27,332.0587231136907
2022-07-28,329.1908501194947
2022-07-29,336.7019460566747
2022-08-01,320.5530897917378
2022-08-02,322.3625810856948
2022-08-03,309.5254353021509
2022-08-04,302.287470126323
2022-08-05,303.89211334926597
2022-08-08,309.86684875384094
2022-08-09,308.9791737794469
2022-08-10,313.86138613861385
2022-08-11,322.0894503243428
2022-08-12,314.40764766131787
2022-08-15,305.2577671560259
2022-08-16,295.42505974735406
2022-08-17,300.819392284056
2022-08-18,308.9791737794469
2022-08-19,309.9009900990099
2022-08-22,308.0573574598839
2022-08-23,320.0409696142028
2022-08-24,323.96722430863775
2022-08-25,315.8757255035849
2022-08-26,317.71935814271086
2022-08-29,331.20518948446573
2022-08-30,312.8712871287129
2022-08-31,305.73574598839195
2022-09-01,295.6981905087061
2022-09-02,296.58586548310006
2022-09-06,296.620006828269
2022-09-07,279.7541823147832
2022-09-08,285.21679754182315
2022-09-09,296.3127347217481
2022-09-12,299.692727893479
2022-09-13,298.08808467053603
2022-09-14,302.082622055309
2022-09-15,290.54284738818706
2022-09-16,290.57698873335613
2022-09-19,292.6937521338341
2022-09-20,288.32365995220215
2022-09-21,283.16831683168317
2022-09-22,285.0460908159782
2022-09-23,268.8289518607033
2022-09-26,261.89825879139636
2022-09-27,268.0095595766473
2022-09-28,280.47115056333223
2022-09-29,277.3301468077842
2022-09-30,271.38955274837826
2022-10-03,285.52406964834415
2022-10-04,295.39091840218504
2022-10-05,299.624445203141
2022-10-06,301.980198019802
2022-10-07,316.2854216456128
2022-10-10,311.1300785250939
2022-10-11,305.0529190850119
2022-10-12,297.95151928986
2022-10-13,304.23352680095593
2022-10-14,292.28405599180604
2022-10-17,291.77193581427105
2022-10-18,282.7586206896552
2022-10-19,292.0792079207921
2022-10-20,293.5472857630591
2022-10-21,290.37214066234213
2022-10-24,288.7674974393991
2022-10-25,291.29395698190507
2022-10-26,300.136565380676
2022-10-27,304.131102765449
2022-10-28,300.102424035507
2022-10-31,295.42505974735406
2022-11-01,301.70706725845
2022-11-02,307.27210652099694
2022-11-03,301.02424035507
2022-11-04,316.1829976101059
2022-11-07,313.3834073062479
2022-11-08,303.55069989757595
2022-11-09,293.03516558552406
2022-11-10,295.22021167634006
2022-11-11,303.72140662342093
2022-11-14,293.1717309662001
2022-11-15,296.75657220894504
2022-11-16,292.21577330146806
2022-11-17,278.7299419597132
2022-11-18,273.40389211334923
2022-11-21,272.2089450324343
2022-11-22,276.37418914305226
2022-11-23,266.0976442471833
2022-11-25,260.4301809491294
2022-11-28,263.7077500853533
2022-11-29,266.98531922157736
2022-11-30,275.00853533629225
2022-12-01,277.29600546261526
2022-12-02,273.06247866165927
2022-12-05,262.6493683851144
2022-12-06,253.49948787982245
2022-12-07,245.85182656196656
2022-12-08,243.97405257767156
2022-12-09,242.47183339023556
2022-12-12,249.8122226015705
2022-12-13,257.39160122908845
2022-12-14,263.84431546602934
2022-12-15,259.8497780812564
2022-12-16,253.63605326049847
2022-12-19,256.7087743257084
2022-12-20,259.7814953909184
2022-12-21,267.29259132809835
2022-12-22,264.5612837145784
2022-12-23,271.62854216456134
2022-12-27,271.5261181290543
2022-12-28,269.5800614544213
2022-12-29,267.66814612495733
2022-12-30,274.0184363263913
2023-01-03,262.6493683851144
2023-01-04,248.68555821099352
2023-01-05,251.51928986002048
2023-01-06,251.8607033117105
2023-01-09,254.79685899624442
2023-01-10,256.46978490952546
2023-01-11,264.28815295322636
2023-01-12,267.6340047797883
2023-01-13,272.6527825196313
2023-01-17,273.7453055650393
2023-01-18,271.3554114032093
2023-01-19,274.2574257425743
2023-01-20,277.60327756913625
2023-01-23,278.6616592693752
2023-01-24,273.57459883919427
2023-01-25,273.6428815295323
2023-01-26,276.57903721406626
2023-01-27,272.03823830658934
2023-01-30,265.96107886650736
2023-01-31,269.27278934790036
2023-02-01,260.87401843632637
2023-02-02,259.0645271423694
2023-02-03,250.56333219528852
2023-02-06,253.02150904745648
2023-02-07,263.36633663366337
2023-02-08,267.90713554114035
2023-02-09,266.5073403892114
2023-02-10,272.1748036872653
2023-02-13,273.6087401843632
2023-02-14,269.9214749061113
2023-02-15,268.31683168316835
2023-02-16,267.97541823147833
2023-02-17,260.6350290201434
2023-02-21,260.0204848071014
2023-02-22,252.4752475247525
2023-02-23,257.39160122908845
2023-02-24,260.56674632980537
2023-02-27,258.3817002389894
2023-02-28,263.05906452714237
2023-03-01,265.2441106179583
2023-03-02,266.84875384090134
2023-03-03,272.03823830658934
2023-03-06,274.7012632297712
2023-03-07,264.86855582109933
2023-03-08,261.7275520655514
2023-03-09,258.5182656196654
2023-03-10,261.7958347558894
2023-03-13,255.37726186411743
2023-03-14,243.53021509047457
2023-03-15,230.8296346876067
2023-03-16,233.35609423011263
2023-03-17,227.85933765790372
2023-03-20,230.9320587231137
2023-03-21,236.70194605667464
2023-03-22,242.0621372482076
2023-03-23,238.8528508023216
2023-03-24,236.46295664049165
2023-03-27,248.58313417548655
2023-03-28,249.9146466370775
2023-03-29,249.1293956981905
2023-03-30,253.9091840218505
2023-03-31,258.34755889382046
2023-04-03,274.56469784909524
2023-04-04,275.55479685899627
2023-04-05,275.21338340730625
2023-04-06,275.52065551382725
2023-04-07,275.52065551382725
2023-04-10,272.2430863776033
2023-04-11,278.3543871628542
2023-04-12,284.26083987709114
2023-04-13,280.5052919085012
2023-04-14,281.7343803345852
2023-04-17,275.9644930010242
2023-04-18,276.06691703653127
2023-04-19,270.2628883578013
2023-04-20,263.8784568111984
2023-04-21,265.85865483100036
2023-04-24,268.8972345510413
2023-04-25,263.12734721748035
2023-04-26,253.67019460566746
2023-04-27,255.24069648344147
2023-04-28,262.1372482075794
2023-05-01,258.3134175486514
2023-05-02,244.65687948105156
2023-05-03,234.20962785933764
2023-05-04,234.07306247866168
2023-05-05,243.56435643564362
2023-05-08,249.7780812564015
2023-05-09,251.6558552406965
2023-05-10,247.7296005462615
2023-05-11,241.95971321270062
2023-05-12,239.1259815636736
2023-05-15,242.77910549675656
2023-05-16,241.92557186753157
2023-05-17,248.65141686582453
2023-05-18,245.33970638443154
2023-05-19,244.28132468419255
2023-05-22,245.78354387162852
2023-05-23,248.9245476271765
2023-05-24,253.80675998634348
2023-05-25,245.23728234892457
2023-05-26,248.10515534312051
2023-05-30,237.14578354387163
2023-05-31,232.46841925571871
2023-06-01,239.3308296346876
2023-06-02,244.93001024240354
2023-06-05,246.32980539433257
2023-06-06,244.93001024240354
2023-06-07,247.62717651075454
2023-06-08,243.3936497097986
2023-06-09,239.5698190508706
2023-06-12,229.15670877432572
2023-06-13,237.0092181631956
2023-06-14,233.08296346876065
2023-06-15,241.1061795834756
2023-06-16,245.06657562307956
2023-06-20,240.6964834414476
2023-06-21,247.62717651075454
2023-06-22,237.31649026971664
2023-06-23,236.12154318880164
2023-06-26,236.83851143735066
2023-06-27,231.1369067941277
2023-06-28,237.48719699556165
2023-06-29,238.51143735063164
2023-06-30,241.1744622738136
2023-07-03,238.27244793444865
2023-07-05,245.10071696824855
2023-07-06,245.13485831341754
2023-07-07,252.1679754182315
2023-07-10,249.1976783885285
2023-07-11,255.47968589962443
2023-07-12,258.62068965517244
2023-07-13,262.5128030044384
2023-07-14,257.4940252645954
2023-07-17,253.1580744281325
2023-07-18,258.62068965517244
2023-07-19,257.25503584841243
2023-07-20,258.21099351314444
2023-07-21,263.12734721748035
2023-07-24,268.8289518607033
2023-07-25,271.86753158074424
2023-07-26,268.9655172413793
2023-07-27,273.4380334585183
2023-07-28,275.11095937179925
2023-07-31,279.2762034824172
2023-08-01,277.80812564015025
2023-08-02,271.38955274837826
2023-08-03,278.4226698531922
2023-08-04,282.7586206896552
2023-08-07,279.7541823147832
2023-08-08,283.1000341413452
2023-08-09,288.15295322635717
2023-08-10,282.7586206896552
2023-08-11,284.0218504609082
2023-08-14,281.7002389894162
2023-08-15,276.5107545237282
2023-08-16,271.0139979515193
2023-08-17,274.4622738135883
2023-08-18,277.3984294981222
2023-08-21,275.58893820416523
2023-08-22,274.3257084329123
2023-08-23,269.34107203823834
2023-08-24,269.8873335609423
2023-08-25,272.5503584841243
2023-08-28,273.47217480368727
2023-08-29,277.09115739160126
2023-08-30,278.6958006145442
2023-08-31,285.52406964834415
2023-09-01,292.0792079207921
2023-09-05,295.97132127005807
2023-09-06,298.87333560942307
2023-09-07,296.58586548310006
2023-09-08,298.770911573916
2023-09-11,298.01980198019805
2023-09-12,303.311710481393
2023-09-13,302.21918743598496
2023-09-14,307.8183680437009
2023-09-15,309.9009900990099
2023-09-18,312.3250256060089
2023-09-19,311.3690679412769
2023-09-20,308.22806418572895
2023-09-21,306.00887674974393
2023-09-22,307.37453055650394
2023-09-25,306.17958347558897
2023-09-26,308.60361898258793
2023-09-27,319.8361215431889
2023-09-28,313.1102765448959
2023-09-29,309.96927278934794
2023-10-02,303.24342779105496
2023-10-03,304.643222942984
2023-10-04,287.5384090133151
2023-10-05,281.0174120860362
2023-10-06,282.6561966541482
2023-10-09,294.91293956981906
2023-10-10,293.51314441789003
2023-10-11,285.0460908159782
2023-10-12,283.0658927961762
2023-10-13,299.385455786958
2023-10-16,295.868897234551
2023-10-17,295.868897234551
2023-10-18,301.53636053260493
2023-10-19,305.12120177534996
2023-10-20,303.00443837487194
2023-10-23,291.8743598497781
2023-10-24,285.89962444520313
2023-10-25,291.5329463980881
2023-10-26,284.09013315124616
2023-10-27,292.04506657562314
2023-10-30,281.0174120860362
2023-10-31,276.6131785592352
2023-11-01,274.6329805394332
2023-11-02,281.5295322635712
2023-11-03,274.8719699556163
2023-11-06,275.93035165585525
2023-11-07,264.1515875725504
2023-11-08,257.18675315807445
2023-11-09,258.58654831000337
2023-11-10,263.4687606691704
2023-11-13,267.19016729259135
2023-11-14,267.19016729259135
2023-11-15,261.7275520655514
2023-11-16,248.89040628200755
2023-11-17,259.0986684875384
2023-11-20,264.9368385114373
2023-11-21,265.51724137931035
2023-11-22,263.22977125298735
2023-11-24,257.90372140662345
2023-11-27,255.58210993513146
2023-11-28,260.87401843632637
2023-11-29,265.82451348583135
2023-11-30,259.3376579037214
2023-12-01,252.88494366678046
2023-12-04,249.36838511437352
2023-12-05,246.91020826220554
2023-12-06,236.87265278251962
2023-12-07,236.73608740184363
2023-12-08,243.1888016387846
2023-12-11,243.49607374530552
2023-12-12,234.24376920450663
2023-12-13,237.17992488904062
2023-12-14,244.38374871969955
2023-12-15,243.8716285421646
2023-12-18,247.42232843974054
2023-12-19,250.73403892113348
2023-12-20,253.39706384431548
2023-12-21,252.2703994537385
2023-12-22,251.14373506316153
2023-12-26,258.0061454421304
2023-12-27,253.02150904745648
2023-12-28,245.03243427791054
2023-12-29,244.62273813588257
2024-01-02,240.28678729941956
2024-01-03,248.20757937862754
2024-01-04,246.46637077500856
2024-01-05,251.9972686923865
2024-01-08,241.61829976101058
2024-01-09,246.6370775008535
2024-01-10,243.6667804711506
2024-01-11,245.88596790713555
2024-01-12,248.13929668828956
2024-01-16,247.18333902355755
2024-01-17,247.7296005462615
2024-01-18,252.91908501194945
2024-01-19,250.6316148856265
2024-01-22,256.7087743257084
2024-01-23,253.9091840218505
2024-01-24,256.36736087401846
2024-01-25,264.1174462273814
2024-01-26,266.33663366336634
2024-01-29,262.1372482075794
2024-01-30,265.68794810515533
2024-01-31,258.9621031068624
2024-02-01,252.03141003755545
2024-02-02,246.77364288152955
2024-02-05,248.48071013997952
2024-02-06,250.2902014339365
2024-02-07,252.1679754182315
2024-02-08,260.2253328781154
2024-02-09,262.3420962785934
2024-02-12,262.61522703994535
2024-02-13,265.85865483100036
2024-02-14,261.6592693752134
2024-02-15,266.4049163537043
2024-02-16,270.3653123933083
2024-02-20,266.9170365312394
2024-02-21,265.9952202116763
2024-02-22,268.3851143735063
2024-02-23,261.14714919767835
2024-02-26,264.86855582109933
2024-02-27,269.27278934790036
2024-02-28,268.1461249573233
2024-02-29,267.19016729259135
2024-03-01,273.02833731649025
2024-03-04,268.8289518607033
2024-03-05,266.8146124957324
2024-03-06,270.1604643222943
2024-03-07,269.47763741891436
2024-03-08,266.33663366336634
2024-03-11,266.06350290201436
2024-03-12,264.80027313076135
2024-03-13,272.1748036872653
2024-03-14,277.4325708432913
2024-03-15,276.68146124957326
2024-03-18,282.4172072379652
2024-03-19,284.9778081256402
2024-03-20,278.8665073403892
2024-03-21,276.7838852850802
2024-03-22,275.28166609764423
2024-03-25,279.78832365995225
2024-03-26,278.6616592693752
2024-03-27,277.7398429498122
2024-03-28,283.9535677705702
2024-04-01,285.79720040969613
2024-04-02,290.71355411403215
2024-04-03,291.6695117787641
2024-04-04,295.62990781836805
2024-04-05,296.722430863776
2024-04-08,295.0836462956641
2024-04-09,290.9866848753841
2024-04-10,294.332536701946
2024-04-11,290.2697166268351
2024-04-12,292.4547627176511
2024-04-15,291.60122908842607
2024-04-16,291.4305223625811
2024-04-17,282.31478320245816
2024-04-18,282.4513485831342
2024-04-19,283.85114373506315
2024-04-22,282.8610447251622
2024-04-23,284.60225332878116
2024-04-24,282.72447934448616
2024-04-25,285.31922157733015
2024-04-26,286.27517924206217
2024-04-29,282.10993513144416
2024-04-30,279.7200409696143
2024-05-01,269.7166268350973
2024-05-02,269.54592010925234
2024-05-03,266.67804711505636
2024-05-06,267.9412768863093
2024-05-07,267.59986343461935
2024-05-08,269.6824854899283
2024-05-09,270.60430180949135
2024-05-10,267.19016729259135
2024-05-13,270.1263229771253
2024-05-14,266.37077500853536
2024-05-15,268.4533970638443
2024-05-16,270.5018777739843
2024-05-17,273.33560942301125
2024-05-20,272.4479344486173
2024-05-21,270.60430180949135
2024-05-22,264.8344144759304
2024-05-23,262.44452031410043
2024-05-24,265.34653465346537
2024-05-28,272.5503584841243
2024-05-29,270.5018777739843
2024-05-30,265.9952202116763
2024-05-31,262.85421645612837
2024-06-03,253.39706384431548
2024-06-04,250.0853533629225
2024-06-05,252.88494366678046
2024-06-06,257.9378627517924
2024-06-07,257.8695800614544
2024-06-10,265.41481734380335
2024-06-11,265.96107886650736
2024-06-12,268.0095595766473
2024-06-13,268.41925571867534
2024-06-14,267.83885285080237
2024-06-17,274.2574257425743
2024-06-18,278.49095254353017
2024-06-20,280.5394332536702
2024-06-21,275.62307954933425
2024-06-24,278.6958006145442
2024-06-25,275.9644930010242
2024-06-26,276.2034824172073
2024-06-27,279.0713554114032
2024-06-28,278.3885285080232
2024-07-01,284.67053601911914
2024-07-02,282.72447934448616
2024-07-03,286.3776032775691
2024-07-05,283.9194264254012
2024-07-08,281.08569477637417
2024-07-09,277.9446910208262
2024-07-10,280.3004438374872
2024-07-11,282.0757937862752
2024-07-12,280.67599863434623
2024-07-15,279.65175827927624
2024-07-16,275.72550358484125
2024-07-17,282.8610447251622
2024-07-18,282.7586206896552
2024-07-19,273.57459883919427
2024-07-22,272.3796517582793
2024-07-23,262.75179242062137
2024-07-24,264.90269716626835
2024-07-25,267.25844998292933
2024-07-26,263.43461932400135
2024-07-29,258.82553772618644
2024-07-30,255.13827244793447
2024-07-31,265.9952202116763
2024-08-01,260.5326049846364
2024-08-02,251.00716968248545
2024-08-05,249.02697166268354
2024-08-06,249.9146466370775
2024-08-07,256.84533970638444
2024-08-08,260.12290884260835
2024-08-09,262.3420962785934
2024-08-12,273.33560942301125
2024-08-13,267.4974393991123
2024-08-14,262.82007511095935
2024-08-15,266.84875384090134
2024-08-16,261.6934107203824
2024-08-19,253.9091840218505
2024-08-20,252.7825196312735
2024-08-21,245.57869580061458
2024-08-22,249.26596107886652
2024-08-23,255.47968589962443
2024-08-26,264.3222942983954
2024-08-27,257.8695800614544
2024-08-28,254.42130419938547
2024-08-29,259.1669511778764
2024-08-30,251.10959371799248
2024-09-03,240.1502219187436
2024-09-04,236.25810856947766
2024-09-05,236.08740184363265
2024-09-06,231.0344827586207
2024-09-09,234.58518265619665
2024-09-10,224.47934448617275
2024-09-11,229.8053943325367
2024-09-12,235.47285763059062
2024-09-13,234.3803345851827
2024-09-16,239.2966882895186
2024-09-17,243.0522362581086
2024-09-18,242.09627859337658
2024-09-19,245.64697849095256
2024-09-20,245.54455445544554
2024-09-23,240.25264595425062
2024-09-24,244.31546602936157
2024-09-25,237.93103448275863
2024-09-26,231.0344827586207
2024-09-27,232.7756913622397
2024-09-30,232.7415500170707
2024-10-01,238.4090133151246
2024-10-02,239.3308296346876
2024-10-03,251.6558552406965
2024-10-04,253.94332536701944
2024-10-07,263.36633663366337
2024-10-08,251.17787640833046
2024-10-09,250.0512120177535
2024-10-10,258.9621031068624
2024-10-11,257.9720040969614
2024-10-14,252.0655513827245
2024-10-15,240.9696142027996
2024-10-16,240.3209286445886
2024-10-17,241.27688630932062
2024-10-18,236.32639125981564
2024-10-21,240.9013315124616
2024-10-22,246.12495732331854
2024-10-23,241.61829976101058
2024-10-24,239.63810174120857
2024-10-25,245.06657562307956
2024-10-28,230.0443837487197
2024-10-29,229.4639808808467
2024-10-30,234.24376920450663
2024-10-31,236.46295664049165
2024-11-01,237.2482075793786
2024-11-04,244.00819392284055
2024-11-05,245.78354387162852
2024-11-06,244.75930351655853
2024-11-07,247.04677364288153
2024-11-08,240.28678729941956
2024-11-11,232.2977125298737
2024-11-12,232.57084329122569
2024-11-13,233.6292249914647
2024-11-14,234.55104131102766
2024-11-15,228.8152953226357
2024-11-18,236.12154318880164
2024-11-19,236.90679412768864
2024-11-20,235.13144417890067
2024-11-21,239.3308296346876
2024-11-22,243.22294298395354
2024-11-25,235.37043359508365
2024-11-26,234.79003072721065
2024-11-27,234.61932400136564
2024-11-29,232.1611471491977
2024-12-02,232.50256060088765
2024-12-03,238.78456811198362
2024-12-04,234.0047797883237
2024-12-05,233.18538750426768
2024-12-06,229.4298395356777
2024-12-09,233.4243769204507
2024-12-10,234.17548651416865
2024-12-11,239.97951519289865
2024-12-12,239.0576988733356
2024-12-13,243.3936497097986
2024-12-16,241.41345168999658
2024-12-17,239.26254694434962
2024-12-18,240.9696142027996
2024-12-19,238.6821440764766
2024-12-20,237.14578354387163
2024-12-23,236.39467395015365
2024-12-24,239.3308296346876
2024-12-26,237.69204506657564
2024-12-27,241.03789689313757
2024-12-30,242.36940935472856
2024-12-31,244.86172755206556
2025-01-02,249.67565722089452
2025-01-03,252.50938886992148
2025-01-06,251.14373506316153
2025-01-07,253.49948787982245
2025-01-08,250.32434277910548
2025-01-09,252.3728234892455
2025-01-10,261.4202799590304
2025-01-13,269.10208262205526
2025-01-14,264.59542505974736
2025-01-15,273.26732673267327
2025-01-16,268.62410378968934
2025-01-17,265.8927961761693
2025-01-21,259.0986684875384
2025-01-22,257.56230795493343
2025-01-23,254.7627176510755
2025-01-24,254.89928303175145
2025-01-27,249.8122226015705
2025-01-28,251.8607033117105
2025-01-29,247.93444861727556
2025-01-30,248.3100034141345
2025-01-31,247.62717651075454
2025-02-03,249.7780812564015
2025-02-04,248.20757937862754
2025-02-05,242.50597473540458
2025-02-06,241.07203823830662
2025-02-07,242.40355069989755
2025-02-10,246.91020826220554
2025-02-11,250.32434277910548
2025-02-12,243.6667804711506
2025-02-13,243.3936497097986
2025-02-14,241.5158757255036
2025-02-18,245.30556503926255
2025-02-19,246.67121884602255
2025-02-20,247.7637418914305
2025-02-21,240.35506998975765
2025-02-24,241.37931034482762
2025-02-25,235.33629224991466
2025-02-26,234.27791054967568
2025-02-27,240.1843632639126
2025-02-28,238.17002389894165
2025-03-03,233.4243769204507
2025-03-04,233.0488221235917
2025-03-05,226.39125981563674
2025-03-06,226.56196654148175
2025-03-07,228.88357801297374
2025-03-10,225.43530215090476
2025-03-11,226.18641174462275
2025-03-12,231.06862410378972
2025-03-13,227.21065209969274
2025-03-14,229.36155684533972
2025-03-17,230.7272106520997
2025-03-18,228.4055991806077
2025-03-19,229.29327415500168
2025-03-20,233.0488221235917
2025-03-21,233.1171048139297
2025-03-24,235.95083646295666
2025-03-25,235.57528166609765
2025-03-26,237.79446910208267
2025-03-27,238.71628542164564
2025-03-28,236.8043700921816
2025-03-31,244.0423352680096
2025-04-01,243.08637760327758
2025-04-02,244.82758620689654
2025-04-03,228.57630590645272
2025-04-04,211.6421987026289
2025-04-07,207.23796517582795
2025-04-08,203.41413451689996
2025-04-09,212.87128712871288
2025-04-10,205.08706043018097
2025-04-11,209.96927278934788
2025-04-14,210.0716968248549
2025-04-15,209.3888699214749
2025-04-16,213.28098327074088
2025-04-17,220.8262205530898
2025-04-21,215.36360532604982
2025-04-22,219.56299078183685
2025-04-23,212.5981563673609
2025-04-24,214.37350631614885
2025-04-25,215.15875725503588
2025-04-28,211.8470467736429
2025-04-29,206.28200751109597
2025-04-30,198.73677022874702
2025-05-01,202.253328781154
2025-05-02,199.009900990099
2025-05-05,195.04950495049508
2025-05-06,201.741208603619
2025-05-07,198.25879139638104
2025-05-08,204.54079890747695
2025-05-09,208.33048822123592
2025-05-12,211.5056333219529
2025-05-13,217.37794469102084
2025-05-14,215.60259474223287
2025-05-15,210.37896893137588
2025-05-16,213.34926596107886
2025-05-19,214.0320928644589
2025-05-20,213.5882553772619
2025-05-21,210.20826220553093
2025-05-22,208.94503243427792
2025-05-23,210.0716968248549
2025-05-27,207.88665073403894
2025-05-28,211.1300785250939
2025-05-29,208.0573574598839
2025-05-30,207.54523728234892
2025-06-02,213.45168999658588
2025-06-03,216.49026971662684
2025-06-04,214.57835438716288
2025-06-05,216.35370433595082
2025-06-06,220.48480710139978
2025-06-09,222.9088426083988
2025-06-10,221.8504609081598
2025-06-11,232.6732673267327
2025-06-12,232.2977125298737
2025-06-13,249.16353704335955
2025-06-16,245.03243427791054
2025-06-17,255.51382724479348
2025-06-18,256.53806759986344
2025-06-20,255.82109935131444
2025-06-23,233.90235575281667
2025-06-24,219.76783885285082
2025-06-25,221.6456128371458
2025-06-26,222.73813588255376
2025-06-27,223.69409354728575
2025-06-30,222.29429839535678
2025-07-01,223.45510413110276
2025-07-02,230.28337316490274
2025-07-03,228.74701263229773
2025-07-07,231.9221577330147
2025-07-08,233.28781153977465
2025-07-09,233.45851826561966
2025-07-10,227.27893479003072
2025-07-11,233.69750768180268
2025-07-14,228.67872994195974
2025-07-15,227.1082280641857
2025-07-16,226.63024923181973
2025-07-17,230.59064527142374
2025-07-18,229.90781836804373
2025-07-21,229.4298395356777
2025-07-22,226.04984636394673
2025-07-23,222.77227722772278
2025-07-24,225.43530215090476
2025-07-25,222.46500512120178
2025-07-28,227.7569136223967
2025-07-29,236.29224991464662
2025-07-30,238.98941618299762
2025-07-31,236.46295664049165
2025-08-01,229.8736770228747
2025-08-04,226.32297712529876
2025-08-05,222.46500512120178
2025-08-06,219.6995561625128
2025-08-07,218.0949129395698
2025-08-08,218.0949129395698
2025-08-11,218.36804370092185
2025-08-12,215.67087743257085
2025-08-13,213.89552748378287
2025-08-14,218.36804370092185
2025-08-15,214.40764766131784
2025-08-18,216.52441106179583
2025-08-19,212.87128712871288
2025-08-20,215.80744281324687
2025-08-21,216.86582451348585
2025-08-22,217.34380334585182
2025-08-25,221.2359166951178
2025-08-26,215.94400819392283
2025-08-27,219.01672925913283
2025-08-28,220.5530897917378
2025-08-29,218.53875042676685
2025-09-02,223.9330829634688
2025-09-03,218.40218504609084
2025-09-04,216.72925913280983
2025-09-05,211.23250256060086
2025-09-08,212.56401502219185
2025-09-09,213.8272447934449
2025-09-10,217.37794469102084
2025-09-11,212.93956981905086
2025-09-12,214.0320928644589
2025-09-15,216.11471491976783
2025-09-16,220.27995903038578
2025-09-17,218.67531580744281
2025-09-18,217.03653123933086
2025-09-19,213.9979515192899
2025-09-22,213.86138613861388
2025-09-23,216.49026971662684
2025-09-24,221.88460225332878
2025-09-25,221.8504609081598
2025-09-26,224.37692045066578
2025-09-29,216.62683509730286
2025-09-30,212.93956981905086
2025-10-01,210.9252304540799
2025-10-02,206.48685558210994
2025-10-03,207.85250938886995
2025-10-06,210.61795834755887
2025-10-07,210.7545237282349
2025-10-08,213.55411403209285
2025-10-09,210.00341413451687
2025-10-10,201.092523045408
2025-10-13,203.106862410379
2025-10-14,200.409696142028
2025-10-15,198.94161829976102
2025-10-16,196.17616934107204
2025-10-17,196.44930010242402
2025-10-20,196.38101741208604
2025-10-21,197.40525776715603
2025-10-22,199.72686923864802
2025-10-23,210.95937179924888
2025-10-24,209.96927278934788
2025-10-27,209.32058723113693
2025-10-28,205.36019119153295
2025-10-29,206.48685558210994
2025-10-30,206.79412768863094
2025-10-31,208.1939228405599
2025-11-03,208.4329122567429
2025-11-04,206.75998634346195
2025-11-05,203.48241720723797
2025-11-06,202.902014339365
2025-11-07,203.99453738477297
2025-11-10,205.29190850119497
2025-11-11,208.3987709115739
2025-11-12,199.692727893479
2025-11-13,200.375554796859
2025-11-14,205.15534312051895
2025-11-17,204.54079890747695
2025-11-18,207.3745305565039
2025-11-19,202.936155684534
2025-11-20,201.911915329464
2025-11-21,198.22465005121202
2025-11-24,200.887674974394
2025-11-25,197.84909525435305
2025-11-26,200.238989416183
2025-11-28,199.897575964493
