Date,US_INFLATION_DAILY_INTERP
1945-01-31,0.0
1945-02-01,0.0
1945-02-02,0.0
1945-02-05,0.0
1945-02-06,0.0
1945-02-07,0.0
1945-02-08,0.0
1945-02-09,0.0
1945-02-12,0.0
1945-02-13,0.0
1945-02-14,0.0
1945-02-15,0.0
1945-02-16,0.0
1945-02-19,0.0
1945-02-20,0.0
1945-02-21,0.0
1945-02-22,0.0
1945-02-23,0.0
1945-02-26,0.0
1945-02-27,0.0
1945-02-28,0.0
1945-03-01,0.0
1945-03-02,0.0
1945-03-05,0.0
1945-03-06,0.0
1945-03-07,0.0
1945-03-08,0.0
1945-03-09,0.0
1945-03-12,0.0
1945-03-13,0.0
1945-03-14,0.0
1945-03-15,0.0
1945-03-16,0.0
1945-03-19,0.0
1945-03-20,0.0
1945-03-21,0.0
1945-03-22,0.0
1945-03-23,0.0
1945-03-26,0.0
1945-03-27,0.0
1945-03-28,0.0
1945-03-29,0.0
1945-03-30,0.0
1945-04-02,0.0
1945-04-03,0.0
1945-04-04,0.0
1945-04-05,0.0
1945-04-06,0.0
1945-04-09,0.0
1945-04-10,0.0
1945-04-11,0.0
1945-04-12,0.0
1945-04-13,0.0
1945-04-16,0.0
1945-04-17,0.0
1945-04-18,0.0
1945-04-19,0.0
1945-04-20,0.0
1945-04-23,0.0
1945-04-24,0.0
1945-04-25,0.0
1945-04-26,0.0
1945-04-27,0.0
1945-04-30,0.0
1945-05-01,0.018122508155138384
1945-05-02,0.018119224497192832
1945-05-03,0.018115942028962273
1945-05-04,0.01811266074986939
1945-05-07,0.05432814197754432
1945-05-08,0.018099547511285508
1945-05-09,0.018096272167933414
1945-05-10,0.018092998009766603
1945-05-11,0.018089725036185555
1945-05-14,0.054259359739550206
1945-05-15,0.01807664497470718
1945-05-16,0.01807337791432939
1945-05-17,0.018070112034695995
1945-05-18,0.018066847335140857
1945-05-21,0.05419075144508234
1945-05-22,0.01805380032497972
1945-05-23,0.018050541516245744
1945-05-24,0.018047283883748655
1945-05-25,0.01804402742693334
1945-05-28,0.05412231643515675
1945-05-29,0.018031013342922897
1945-05-30,0.018027762754635468
1945-05-31,0.018024513338144033
1945-06-01,0.038528221922562444
1945-06-04,0.11554015020218689
1945-06-05,0.03846893633392412
1945-06-06,0.038454143433974686
1945-06-07,0.0384393619065726
1945-06-08,0.03842459173872825
1945-06-11,0.11522949875166777
1945-06-12,0.038365624400538145
1945-06-13,0.03835091083415065
1945-06-14,0.03833620854896136
1945-06-15,0.03832151753211388
1945-06-18,0.11492051331163378
1945-06-19,0.038262865888638586
1945-06-20,0.038248231019322176
1945-06-21,0.03823360734083181
1945-06-22,0.03821899484044433
1945-06-25,0.11461318051575464
1945-06-26,0.038160656363261936
1945-06-27,0.03814609956136472
1945-06-28,0.038131553860809575
1945-06-29,0.03811701924907318
1945-07-02,0.0
1945-07-03,0.0
1945-07-04,0.0
1945-07-05,0.0
1945-07-06,0.0
1945-07-09,0.0
1945-07-10,0.0
1945-07-11,0.0
1945-07-12,0.0
1945-07-13,0.0
1945-07-16,0.0
1945-07-17,0.0
1945-07-18,0.0
1945-07-19,0.0
1945-07-20,0.0
1945-07-23,0.0
1945-07-24,0.0
1945-07-25,0.0
1945-07-26,0.0
1945-07-27,0.0
1945-07-30,0.0
1945-07-31,0.0
1945-08-01,0.0
1945-08-02,0.0
1945-08-03,0.0
1945-08-06,0.0
1945-08-07,0.0
1945-08-08,0.0
1945-08-09,0.0
1945-08-10,0.0
1945-08-13,0.0
1945-08-14,0.0
1945-08-15,0.0
1945-08-16,0.0
1945-08-17,0.0
1945-08-20,0.0
1945-08-21,0.0
1945-08-22,0.0
1945-08-23,0.0
1945-08-24,0.0
1945-08-27,0.0
1945-08-28,0.0
1945-08-29,0.0
1945-08-30,0.0
1945-08-31,0.0
1945-09-03,0.0
1945-09-04,0.0
1945-09-05,0.0
1945-09-06,0.0
1945-09-07,0.0
1945-09-10,0.0
1945-09-11,0.0
1945-09-12,0.0
1945-09-13,0.0
1945-09-14,0.0
1945-09-17,0.0
1945-09-18,0.0
1945-09-19,0.0
1945-09-20,0.0
1945-09-21,0.0
1945-09-24,0.0
1945-09-25,0.0
1945-09-26,0.0
1945-09-27,0.0
1945-09-28,0.0
1945-10-01,0.0
1945-10-02,0.0
1945-10-03,0.0
1945-10-04,0.0
1945-10-05,0.0
1945-10-08,0.0
1945-10-09,0.0
1945-10-10,0.0
1945-10-11,0.0
1945-10-12,0.0
1945-10-15,0.0
1945-10-16,0.0
1945-10-17,0.0
1945-10-18,0.0
1945-10-19,0.0
1945-10-22,0.0
1945-10-23,0.0
1945-10-24,0.0
1945-10-25,0.0
1945-10-26,0.0
1945-10-29,0.0
1945-10-30,0.0
1945-10-31,0.0
1945-11-01,0.0
1945-11-02,0.0
1945-11-05,0.0
1945-11-06,0.0
1945-11-07,0.0
1945-11-08,0.0
1945-11-09,0.0
1945-11-12,0.0
1945-11-13,0.0
1945-11-14,0.0
1945-11-15,0.0
1945-11-16,0.0
1945-11-19,0.0
1945-11-20,0.0
1945-11-21,0.0
1945-11-22,0.0
1945-11-23,0.0
1945-11-26,0.0
1945-11-27,0.0
1945-11-28,0.0
1945-11-29,0.0
1945-11-30,0.0
1945-12-03,0.05346640527534863
1945-12-04,0.017812611328826833
1945-12-05,0.017809439002669514
1945-12-06,0.017806267806275144
1945-12-07,0.017803097738999796
1945-12-10,0.053399786400842864
1945-12-11,0.017790428749342446
1945-12-12,0.01778726431875821
1945-12-13,0.01778410101367367
1945-12-14,0.01778093883357812
1945-12-17,0.053333333333349664
1945-12-18,0.017768301350384874
1945-12-19,0.01776514478593061
1945-12-20,0.0177619893428016
1945-12-21,0.017758835020420527
1945-12-24,0.05326704545454142
1945-12-25,0.017746228926363017
1945-12-26,0.017743080198728833
1945-12-27,0.01773993258826767
1945-12-28,0.0177367860943356
1945-12-31,0.053200922149332364
1946-01-01,0.0
1946-01-02,0.0
1946-01-03,0.0
1946-01-04,0.0
1946-01-07,0.0
1946-01-08,0.0
1946-01-09,0.0
1946-01-10,0.0
1946-01-11,0.0
1946-01-14,0.0
1946-01-15,0.0
1946-01-16,0.0
1946-01-17,0.0
1946-01-18,0.0
1946-01-21,0.0
1946-01-22,0.0
1946-01-23,0.0
1946-01-24,0.0
1946-01-25,0.0
1946-01-28,0.0
1946-01-29,0.0
1946-01-30,0.0
1946-01-31,0.0
1946-02-01,-0.019623233908960813
1946-02-04,-0.0588812561334473
1946-02-05,-0.019638648860964558
1946-02-06,-0.019642506383821257
1946-02-07,-0.019646365422387735
1946-02-08,-0.019650225977607683
1946-02-11,-0.0589622641509413
1946-02-12,-0.019665683382485977
1946-02-13,-0.019669551534229335
1946-02-14,-0.019673421207955233
1946-02-15,-0.01967729240455185
1946-02-18,-0.059043495374910826
1946-02-19,-0.019692792437997486
1946-02-20,-0.019696671262547927
1946-02-21,-0.019700551615453588
1946-02-22,-0.019704433497502727
1946-02-25,-0.059124950729227965
1946-02-26,-0.019719976336041167
1946-02-27,-0.01972386587769659
1946-02-28,-0.019727756954046605
1946-03-01,0.03810249571347679
1946-03-04,0.11426394972384735
1946-03-05,0.03804451207913839
1946-03-06,0.038030043734549324
1946-03-07,0.03801558639042746
1946-03-08,0.03800114003418287
1946-03-11,0.11396011396014316
1946-03-12,0.03794346423826589
1946-03-13,0.03792907263415746
1946-03-14,0.037914691943141676
1946-03-15,0.037900322152717436
1946-03-18,0.11365788975186142
1946-03-19,0.03784295175022212
1946-03-20,0.037828636277681404
1946-03-21,0.03781433163170256
1946-03-22,0.03780003780002872
1946-03-25,0.1133572643113645
1946-03-26,0.03774297037175689
1946-03-27,0.037728730428221446
1946-03-28,0.03771450122571629
1946-03-29,0.03770028275213999
1946-04-01,0.05122950819671512
1946-04-02,0.01706775900325308
1946-04-03,0.0170648464163925
1946-04-04,0.01706193482340357
1946-04-05,0.017059024223797792
1946-04-08,0.051168343851282216
1946-04-09,0.017047391749058782
1946-04-10,0.01704448610873044
1946-04-11,0.017041581458765442
1946-04-12,0.01703867779860868
1946-04-15,0.05110732538329277
1946-04-16,0.017027073046138597
1946-04-17,0.01702417432754011
1946-04-18,0.017021276595752255
1946-04-19,0.017018379850242127
1946-04-22,0.05104645227156368
1946-04-23,0.01700680272109789
1946-04-24,0.017003910899515695
1946-04-25,0.01700102006119142
1946-04-26,0.016998130205680972
1946-04-29,0.050985723997287735
1946-04-30,0.01698658060131919
1946-05-01,0.01753155680224161
1946-05-02,0.01752848378615557
1946-05-03,0.0175254118471857
1946-05-06,0.052567022954264075
1946-05-07,0.017513134851143697
1946-05-08,0.017510068289272596
1946-05-09,0.017507002801120386
1946-05-10,0.017503938386131956
1946-05-13,0.052502625131256586
1946-05-14,0.017491691446558377
1946-05-15,0.01748863238892895
1946-05-16,0.01748557440113263
1946-05-17,0.01748251748250329
1946-05-20,0.05243838489776831
1946-05-21,0.017470300489175195
1946-05-22,0.017467248908253907
1946-05-23,0.01746419839332436
1946-05-24,0.017461148943609395
1946-05-27,0.05237430167599477
1946-05-28,0.01744896178674793
1946-05-29,0.017445917655267706
1946-05-30,0.017442874585715806
1946-05-31,0.017439832577625936
1946-06-03,0.11583011583011782
1946-06-04,0.038565368299270375
1946-06-05,0.03855050115650904
1946-06-06,0.03853564547207089
1946-06-07,0.038520801232655444
1946-06-10,0.11551790527533079
1946-06-11,0.038461538461542766
1946-06-12,0.038446751249510136
1946-06-13,0.03843197540354115
1946-06-14,0.03841721091051298
1946-06-17,0.11520737327186392
1946-06-18,0.03835826620637306
1946-06-19,0.038343558282227796
1946-06-20,0.038328861632774824
1946-06-21,0.03831417624520217
1946-06-24,0.11489850631942744
1946-06-25,0.038255547054322214
1946-06-26,0.03824091778203975
1946-06-27,0.03822629969418845
1946-06-28,0.038211692777978534
1946-07-01,0.5347593582887722
1946-07-02,0.17730496453900457
1946-07-03,0.17699115044249591
1946-07-04,0.17667844522966103
1946-07-05,0.17636684303352634
1946-07-08,0.5281690140844786
1946-07-09,0.17513134851137035
1946-07-10,0.17482517482521054
1946-07-11,0.17452006980802626
1946-07-12,0.17421602787457413
1946-07-15,0.5217391304347618
1946-07-16,0.17301038062285112
1946-07-17,0.17271157167528806
1946-07-18,0.17241379310346527
1946-07-19,0.17211703958690538
1946-07-22,0.5154639175257714
1946-07-23,0.17094017094017033
1946-07-24,0.17064846416379176
1946-07-25,0.17035775127771657
1946-07-26,0.1700680272108679
1946-07-29,0.5093378607810006
1946-07-30,0.16891891891890332
1946-07-31,0.1686340640809636
1946-08-01,0.06734006734006037
1946-08-02,0.06729475100943905
1946-08-05,0.20174848688634395
1946-08-06,0.06711409395971923
1946-08-07,0.06706908115359234
1946-08-08,0.06702412868631047
1946-08-09,0.0669792364367261
1946-08-12,0.20080321285140812
1946-08-13,0.06680026720105037
1946-08-14,0.06675567423231055
1946-08-15,0.06671114076048923
1946-08-16,0.06666666666665932
1946-08-19,0.19986675549634736
1946-08-20,0.06648936170210451
1946-08-21,0.06644518272427291
1946-08-22,0.06640106241702082
1946-08-23,0.06635700066355277
1946-08-26,0.19893899204244114
1946-08-27,0.06618133686302485
1946-08-28,0.0661375661375585
1946-08-29,0.06609385327165374
1946-08-30,0.06605019815058011
1946-09-02,0.09581603321622278
1946-09-03,0.03190810465858451
1946-09-04,0.031897926634760765
1946-09-05,0.031887755102033566
1946-09-06,0.03187759005420787
1946-09-09,0.09560229445504387
1946-09-10,0.03183699458770839
1946-09-11,0.03182686187142014
1946-09-12,0.03181673560290754
1946-09-13,0.031806615776086566
1946-09-16,0.0953895071542421
1946-09-17,0.03176620076237313
1946-09-18,0.031756113051750745
1946-09-19,0.03174603174602719
1946-09-20,0.03173595683909625
1946-09-23,0.09517766497459945
1946-09-24,0.0316957210776625
1946-09-25,0.03168567807352307
1946-09-26,0.03167564143173873
1946-09-27,0.03166561114629207
1946-09-30,0.09496676163343043
1946-10-01,0.06325110689435753
1946-10-02,0.06321112515803584
1946-10-03,0.0631711939355517
1946-10-04,0.06313131313131493
1946-10-07,0.18927444794953896
1946-10-08,0.0629722921914544
1946-10-09,0.06293266205157355
1946-10-10,0.06289308176099517
1946-10-11,0.06285355122566116
1946-10-14,0.18844221105527303
1946-10-15,0.06269592476488839
1946-10-16,0.06265664160400863
1946-10-17,0.06261740763930934
1946-10-18,0.06257822277848657
1946-10-21,0.18761726078799779
1946-10-22,0.062421972534321135
1946-10-23,0.06238303181533844
1946-10-24,0.062344139650893915
1946-10-25,0.06230529595014911
1946-10-28,0.18679950186801797
1946-10-29,0.06215040397761218
1946-10-30,0.062111801242248355
1946-10-31,0.062073246430793816
1946-11-01,0.08289124668432457
1946-11-04,0.24846778201095265
1946-11-05,0.08261731658953941
1946-11-06,0.08254911672445076
1946-11-07,0.08248102936325719
1946-11-08,0.08241305422778122
1946-11-11,0.24703557312251156
1946-11-12,0.08214227041236644
1946-11-13,0.08207485226525701
1946-11-14,0.0820075446941182
1946-11-15,0.08194034742705636
1946-11-18,0.2456197805796645
1946-11-19,0.08167265599476892
1946-11-20,0.08160600620206182
1946-11-21,0.08153946510112142
1946-11-22,0.08147303242627135
1946-11-25,0.24422012373819246
1946-11-26,0.08120838070488912
1946-11-27,0.08114248620578746
1946-11-28,0.08107669855683675
1946-11-29,0.08101101749837802
1946-12-02,0.08802816901409827
1946-12-03,0.02931691586043339
1946-12-04,0.029308323563892458
1946-12-05,0.029299736302368373
1946-12-06,0.029291154071486858
1946-12-09,0.08784773060028783
1946-12-10,0.029256875365701873
1946-12-11,0.02924831822170848
1946-12-12,0.029239766081867735
1946-12-13,0.029231218941827564
1946-12-16,0.08766803039159665
1946-12-17,0.0291970802919872
1946-12-18,0.029188558085224692
1946-12-19,0.029180040852061495
1946-12-20,0.02917152858807892
1946-12-23,0.08748906386701893
1946-12-24,0.02913752913753509
1946-12-25,0.029129041654529786
1946-12-26,0.02912055911474809
1946-12-27,0.02911208151383793
1946-12-30,0.0873108265424749
1946-12-31,0.029078220412914746
1947-01-01,0.0
1947-01-02,0.0
1947-01-03,0.0
1947-01-06,0.0
1947-01-07,0.0
1947-01-08,0.0
1947-01-09,0.0
1947-01-10,0.0
1947-01-13,0.0
1947-01-14,0.0
1947-01-15,0.0
1947-01-16,0.0
1947-01-17,0.0
1947-01-20,0.0
1947-01-21,0.0
1947-01-22,0.0
1947-01-23,0.0
1947-01-24,0.0
1947-01-27,0.0
1947-01-28,0.0
1947-01-29,0.0
1947-01-30,0.0
1947-01-31,0.0
1947-02-03,0.0
1947-02-04,0.0
1947-02-05,0.0
1947-02-06,0.0
1947-02-07,0.0
1947-02-10,0.0
1947-02-11,0.0
1947-02-12,0.0
1947-02-13,0.0
1947-02-14,0.0
1947-02-17,0.0
1947-02-18,0.0
1947-02-19,0.0
1947-02-20,0.0
1947-02-21,0.0
1947-02-24,0.0
1947-02-25,0.0
1947-02-26,0.0
1947-02-27,0.0
1947-02-28,0.0
1947-03-03,0.18004501125281624
1947-03-04,0.059907143926918316
1947-03-05,0.05987127675495252
1947-03-06,0.05983545250562994
1947-03-07,0.05979967110181228
1947-03-10,0.17929179740026058
1947-03-11,0.05965697240863932
1947-03-12,0.0596214040840648
1947-03-13,0.05958587814689498
1947-03-14,0.05955039452136823
1947-03-17,0.1785448593959238
1947-03-18,0.05940888162780933
1947-03-19,0.05937360843106809
1947-03-20,0.05933837709537482
1947-03-21,0.059303187546322356
1947-03-24,0.17780411912877714
1947-03-25,0.05916284573286301
1947-03-26,0.05912786400592562
1947-03-27,0.05909292362238361
1947-03-28,0.05905802450907327
1947-03-31,0.17706949977867037
1947-04-01,0.0
1947-04-02,0.0
1947-04-03,0.0
1947-04-04,0.0
1947-04-07,0.0
1947-04-08,0.0
1947-04-09,0.0
1947-04-10,0.0
1947-04-11,0.0
1947-04-14,0.0
1947-04-15,0.0
1947-04-16,0.0
1947-04-17,0.0
1947-04-18,0.0
1947-04-21,0.0
1947-04-22,0.0
1947-04-23,0.0
1947-04-24,0.0
1947-04-25,0.0
1947-04-28,0.0
1947-04-29,0.0
1947-04-30,0.0
1947-05-01,0.0
1947-05-02,0.0
1947-05-05,0.0
1947-05-06,0.0
1947-05-07,0.0
1947-05-08,0.0
1947-05-09,0.0
1947-05-12,0.0
1947-05-13,0.0
1947-05-14,0.0
1947-05-15,0.0
1947-05-16,0.0
1947-05-19,0.0
1947-05-20,0.0
1947-05-21,0.0
1947-05-22,0.0
1947-05-23,0.0
1947-05-26,0.0
1947-05-27,0.0
1947-05-28,0.0
1947-05-29,0.0
1947-05-30,0.0
1947-06-02,0.0441891294741481
1947-06-03,0.014723203769118065
1947-06-04,0.01472103636095401
1947-06-05,0.014718869590812922
1947-06-06,0.014716703458428348
1947-06-09,0.04414361389051269
1947-06-10,0.01470804530079306
1947-06-11,0.014705882352950006
1947-06-12,0.014703720041175927
1947-06-13,0.014701558365182166
1947-06-16,0.044098191974106804
1947-06-17,0.01469291801352579
1947-06-18,0.014690759512259177
1947-06-19,0.01468860164512975
1947-06-20,0.014686444411804445
1947-06-23,0.04405286343611703
1947-06-24,0.014677821811237557
1947-06-25,0.01467566774289164
1947-06-26,0.01467351430668451
1947-06-27,0.014671361502327507
1947-06-30,0.044007627988862374
1947-07-01,0.02932551319647647
1947-07-02,0.02931691586043339
1947-07-03,0.029308323563914662
1947-07-04,0.029299736302368373
1947-07-07,0.08787346221443837
1947-07-08,0.029265437518288806
1947-07-09,0.029256875365701873
1947-07-10,0.029248318221686276
1947-07-11,0.029239766081867735
1947-07-14,0.08769365682548269
1947-07-15,0.029205607476634476
1947-07-16,0.029197080291964994
1947-07-17,0.029188558085246896
1947-07-18,0.029180040852061495
1947-07-21,0.08751458576430338
1947-07-22,0.029146021568049463
1947-07-23,0.02913752913753509
1947-07-24,0.029129041654529786
1947-07-25,0.02912055911474809
1947-07-28,0.08733624454149158
1947-07-29,0.02908667830134881
1947-07-30,0.02907822041289254
1947-07-31,0.029069767441858296
1947-08-01,0.04659832246038942
1947-08-04,0.1397298556124804
1947-08-05,0.0465116279069866
1947-08-06,0.04649000464900244
1947-08-07,0.04646840148698761
1947-08-08,0.04644681839294229
1947-08-11,0.139275766016711
1947-08-12,0.04636068613812494
1947-08-13,0.046339202965728354
1947-08-14,0.046317739694323734
1947-08-15,0.04629629629628873
1947-08-18,0.13882461823229164
1947-08-19,0.04621072088726308
1947-08-20,0.04618937644340626
1947-08-21,0.046168051708228575
1947-08-22,0.04614674665437413
1947-08-25,0.13837638376386074
1947-08-26,0.046061722708401476
1947-08-27,0.04604051565377798
1947-08-28,0.046019328117807845
1947-08-29,0.04599816007360147
1947-09-01,0.2083333333333437
1947-09-02,0.06930006930006005
1947-09-03,0.06925207756232066
1947-09-04,0.06920415224913601
1947-09-05,0.06915629322268302
1947-09-08,0.20732550103663705
1947-09-09,0.06896551724138167
1947-09-10,0.0689179875947632
1947-09-11,0.06887052341597588
1947-09-12,0.06882312456986117
1947-09-15,0.20632737276478075
1947-09-16,0.06863417982154729
1947-09-17,0.0685871056241405
1947-09-18,0.06854009595613775
1947-09-19,0.068493150684934
1947-09-22,0.2053388090349051
1947-09-23,0.0683060109289535
1947-09-24,0.06825938566552558
1947-09-25,0.06821282401090478
1947-09-26,0.06816632583503957
1947-09-29,0.2043596730245234
1947-09-30,0.06798096532971698
1947-10-01,0.0
1947-10-02,0.0
1947-10-03,0.0
1947-10-06,0.0
1947-10-07,0.0
1947-10-08,0.0
1947-10-09,0.0
1947-10-10,0.0
1947-10-13,0.0
1947-10-14,0.0
1947-10-15,0.0
1947-10-16,0.0
1947-10-17,0.0
1947-10-20,0.0
1947-10-21,0.0
1947-10-22,0.0
1947-10-23,0.0
1947-10-24,0.0
1947-10-27,0.0
1947-10-28,0.0
1947-10-29,0.0
1947-10-30,0.0
1947-10-31,0.0
1947-11-03,0.04658385093170292
1947-11-04,0.015520720161399382
1947-11-05,0.015518311607687352
1947-11-06,0.015515903801399666
1947-11-07,0.01551349674215885
1947-11-10,0.046533271288984324
1947-11-11,0.015503875969002934
1947-11-12,0.01550147263991164
1947-11-13,0.015499070055779995
1947-11-14,0.015496668216341547
1947-11-17,0.046482801363501025
1947-11-18,0.015487068297970197
1947-11-19,0.015484670176513227
1947-11-20,0.015482272797662233
1947-11-21,0.015479876160973127
1947-11-24,0.04643244079864939
1947-11-25,0.015470297029707147
1947-11-26,0.015467904099009111
1947-11-27,0.015465511908430152
1947-11-28,0.015463120457703816
1947-12-01,0.11806375442739991
1947-12-02,0.039308176100627534
1947-12-03,0.039292730844797674
1947-12-04,0.03927729772190691
1947-12-05,0.039261876717699984
1947-12-08,0.11773940345369827
1947-12-09,0.03920031360249432
1947-12-10,0.03918495297807745
1947-12-11,0.039169604386990464
1947-12-12,0.039154267815177946
1947-12-15,0.11741682974562018
1947-12-16,0.03909304143858705
1947-12-17,0.03907776475187141
1947-12-18,0.03906249999998668
1947-12-19,0.03904724716907726
1947-12-22,0.11709601873537423
1947-12-23,0.03898635477583845
1947-12-24,0.038971161340595195
1947-12-25,0.038955979742882896
1947-12-26,0.03894080996884597
1947-12-29,0.11677695601401972
1947-12-30,0.03888024883360597
1947-12-31,0.03886513797124458
1948-01-01,0.04273504273504258
1948-01-02,0.04271678769756093
1948-01-05,0.1280956447480719
1948-01-06,0.04264392324093702
1948-01-07,0.04262574595055302
1948-01-08,0.04260758414997845
1948-01-09,0.04258943781940694
1948-01-12,0.12771392081738497
1948-01-13,0.042517006802733626
1948-01-14,0.04249893752654721
1948-01-15,0.042480883602369346
1948-01-16,0.0424628450106157
1948-01-19,0.12733446519526126
1948-01-20,0.042390843577799764
1948-01-21,0.04237288135593431
1948-01-22,0.042354934349853046
1948-01-23,0.042337002540215884
1948-01-26,0.12695725772324806
1948-01-27,0.04226542688081647
1948-01-28,0.042247570764675224
1948-01-29,0.04222972972973693
1948-01-30,0.042211903756861346
1948-02-02,-0.0904159132007254
1948-02-03,-0.030165912518853588
1948-02-04,-0.030175015087507973
1948-02-05,-0.030184123151233422
1948-02-06,-0.03019323671497043
1948-02-09,-0.09060706735126711
1948-02-10,-0.03022974607010953
1948-02-11,-0.030238887208966503
1948-02-12,-0.030248033877777747
1948-02-13,-0.030257186081694698
1948-02-16,-0.09079903147699575
1948-02-17,-0.030293850348395157
1948-02-18,-0.030303030303024947
1948-02-19,-0.030312215822969613
1948-02-20,-0.03032140691328067
1948-02-23,-0.09099181073703999
1948-02-24,-0.030358227079529954
1948-02-25,-0.030367446097789852
1948-02-26,-0.03037667071688066
1948-02-27,-0.030385900941953814
1948-03-01,-0.03868471953577535
1948-03-02,-0.012899896800833144
1948-03-03,-0.012901561088896063
1948-03-04,-0.012903225806459862
1948-03-05,-0.01290489095367997
1948-03-08,-0.038719669592146566
1948-03-09,-0.012911555842487488
1948-03-10,-0.012913223140487151
1948-03-11,-0.012914890869175633
1948-03-12,-0.012916559028675056
1948-03-15,-0.03875468285751138
1948-03-16,-0.012923235978290482
1948-03-17,-0.012924906294431437
1948-03-18,-0.012926577042404741
1948-03-19,-0.012928248222388028
1948-03-22,-0.03878975950345476
1948-03-23,-0.01293493726556294
1948-03-24,-0.012936610608038634
1948-03-25,-0.012938284383490206
1948-03-26,-0.0129399585921397
1948-03-29,-0.03882489970232772
1948-03-30,-0.01294665976178111
1948-03-31,-0.012948336138807193
1948-04-01,0.056980056980049376
1948-04-02,0.05694760820045275
1948-04-05,0.17074558907228532
1948-04-06,0.056818181818196756
1948-04-07,0.05678591709254999
1948-04-08,0.05675368898978572
1948-04-09,0.05672149744753163
1948-04-12,0.1700680272108901
1948-04-13,0.056593095642365476
1948-04-14,0.05656108597280607
1948-04-15,0.05652911249296455
1948-04-16,0.05649717514124575
1948-04-19,0.16939582156973998
1948-04-20,0.05636978579481866
1948-04-21,0.05633802816900069
1948-04-22,0.05630630630630851
1948-04-23,0.05627462014630158
1948-04-26,0.16872890888637304
1948-04-27,0.056148231330732656
1948-04-28,0.056116722783383644
1948-04-29,0.056085249579362895
1948-04-30,0.05605381165918466
1948-05-03,0.04066142586067745
1948-05-04,0.013548299688381782
1948-05-05,0.013546464372793388
1948-05-06,0.013544629554385068
1948-05-07,0.013542795232934779
1948-05-10,0.04062288422477245
1948-05-11,0.013535462912828145
1948-05-12,0.013533631073214814
1948-05-13,0.013531799729360472
1948-05-14,0.01352996888106528
1948-05-17,0.0405844155844326
1948-05-18,0.0135226504394792
1948-05-19,0.013520822065959948
1948-05-20,0.013518994186845212
1948-05-21,0.013517166801846336
1948-05-24,0.04054601973237926
1948-05-25,0.013509862199412304
1948-05-26,0.013508037282194962
1948-05-27,0.013506212857916644
1948-05-28,0.013504388926399713
1948-05-31,0.04050769646231078
1948-06-01,0.02789400278939702
1948-06-02,0.02788622420524245
1948-06-03,0.027878449958196327
1948-06-04,0.027870680044572715
1948-06-07,0.08358874338256772
1948-06-08,0.027839643652560753
1948-06-09,0.027831895352070646
1948-06-10,0.027824151363375904
1948-06-11,0.02781641168290161
1948-06-14,0.08342602892101869
1948-06-15,0.02778549597111102
1948-06-16,0.02777777777778212
1948-06-17,0.027770063871135342
1948-06-18,0.027762354247640175
1948-06-21,0.08326394671107629
1948-06-22,0.02773155851358844
1948-06-23,0.02772387025229417
1948-06-24,0.027716186252768615
1948-06-25,0.027708506511481268
1948-06-28,0.08310249307481588
1948-06-29,0.027677830058125963
1948-06-30,0.027670171555049805
1948-07-01,0.04149377593360981
1948-07-02,0.04147656574033931
1948-07-05,0.12437810945271632
1948-07-06,0.041407867494824835
1948-07-07,0.041390728476820016
1948-07-08,0.041373603640870726
1948-07-09,0.04135649296941324
1948-07-12,0.12401818933442943
1948-07-13,0.041288191577204536
1948-07-14,0.04127115146512761
1948-07-15,0.04125412541253759
1948-07-16,0.04123711340207059
1948-07-19,0.12366034624895494
1948-07-20,0.04116920543433267
1948-07-21,0.041152263374466536
1948-07-22,0.041135335252984184
1948-07-23,0.04111842105263275
1948-07-26,0.12330456226881115
1948-07-27,0.04105090311985471
1948-07-28,0.04103405826836326
1948-07-29,0.04101722723544032
1948-07-30,0.041000410004099486
1948-08-02,0.03842213114753079
1948-08-03,0.012802458071958789
1948-08-04,0.012800819252412055
1948-08-05,0.012799180852418601
1948-08-06,0.012797542871778589
1948-08-09,0.038387715930898736
1948-08-10,0.012790995139422279
1948-08-11,0.01278935925310698
1948-08-12,0.012787723785168126
1948-08-13,0.012786088735450285
1948-08-16,0.038353362311416284
1948-08-17,0.012779552715658227
1948-08-18,0.012777919754669576
1948-08-19,0.012776287210924941
1948-08-20,0.012774655084313302
1948-08-23,0.03831907012390445
1948-08-24,0.01276813074564398
1948-08-25,0.012766500702166006
1948-08-26,0.012764871074799622
1948-08-27,0.012763241863433805
1948-08-30,0.03828483920367276
1948-08-31,0.012756729174645542
1948-09-01,0.0
1948-09-02,0.0
1948-09-03,0.0
1948-09-06,0.0
1948-09-07,0.0
1948-09-08,0.0
1948-09-09,0.0
1948-09-10,0.0
1948-09-13,0.0
1948-09-14,0.0
1948-09-15,0.0
1948-09-16,0.0
1948-09-17,0.0
1948-09-20,0.0
1948-09-21,0.0
1948-09-22,0.0
1948-09-23,0.0
1948-09-24,0.0
1948-09-27,0.0
1948-09-28,0.0
1948-09-29,0.0
1948-09-30,0.0
1948-10-01,-0.014074595355384467
1948-10-04,-0.04222972972972583
1948-10-05,-0.014082523588232476
1948-10-06,-0.014084507042255723
1948-10-07,-0.014086491055076422
1948-10-08,-0.014088475626927721
1948-10-11,-0.042271382274206015
1948-10-12,-0.014096419509446179
1948-10-13,-0.014098406880014291
1948-10-14,-0.014100394811067396
1948-10-15,-0.014102383302772026
1948-10-18,-0.04231311706628382
1948-10-19,-0.014110342881334947
1948-10-20,-0.014112334180071961
1948-10-21,-0.014114326040937097
1948-10-22,-0.014116318464130195
1948-10-25,-0.04235493434987525
1948-10-26,-0.014124293785300335
1948-10-27,-0.014126289023874694
1948-10-28,-0.014128284826209203
1948-10-29,-0.014130281192603622
1948-11-01,-0.07684426229507269
1948-11-02,-0.025634452704437205
1948-11-03,-0.02564102564103221
1948-11-04,-0.025647601949219112
1948-11-05,-0.02565418163159583
1948-11-08,-0.07698229407236967
1948-11-09,-0.02568053415511473
1948-11-10,-0.025687130747487075
1948-11-11,-0.025693730729692277
1948-11-12,-0.025700334104350464
1948-11-15,-0.07712082262211206
1948-11-16,-0.02572678157961583
1948-11-17,-0.02573340195574092
1948-11-18,-0.02574002574002865
1948-11-19,-0.025746652935110248
1948-11-22,-0.07725985063096186
1948-11-23,-0.02577319587629967
1948-11-24,-0.02577984016498558
1948-11-25,-0.02578648788035265
1948-11-26,-0.025793139025009904
1948-11-29,-0.07739938080495445
1948-11-30,-0.025819777949920297
1948-12-01,-0.013329778725679198
1948-12-02,-0.013331555792561733
1948-12-03,-0.013333333333331865
1948-12-06,-0.04000533404453499
1948-12-07,-0.013340448239063107
1948-12-08,-0.013342228152102287
1948-12-09,-0.013344008540150387
1948-12-10,-0.013345789403440556
1948-12-13,-0.04004271222638467
1948-12-14,-0.013352917612485804
1948-12-15,-0.013354700854706358
1948-12-16,-0.013356484573268101
1948-12-17,-0.013358268768370873
1948-12-20,-0.04008016032063244
1948-12-21,-0.013365410318100235
1948-12-22,-0.013367196898816935
1948-12-23,-0.013368983957218195
1948-12-24,-0.013370771493503852
1948-12-27,-0.04011767852367676
1948-12-28,-0.013377926421409558
1948-12-29,-0.01337971635000379
1948-12-30,-0.013381506757659256
1948-12-31,-0.013383297644542491
1949-01-03,-0.0401552670325378
1949-01-04,-0.013390465988205591
1949-01-05,-0.013392259274147555
1949-01-06,-0.013394053040449716
1949-01-07,-0.01339584728734522
1949-01-10,-0.0401929260450129
1949-01-11,-0.01340302908457991
1949-01-12,-0.013404825737273196
1949-01-13,-0.013406622871703355
1949-01-14,-0.013408420488070227
1949-01-17,-0.040230655759665446
1949-01-18,-0.013415615776779521
1949-01-19,-0.013417415805716537
1949-01-20,-0.013419216317767102
1949-01-21,-0.013421017313119954
1949-01-24,-0.04026845637583598
1949-01-25,-0.013428226131317889
1949-01-26,-0.013430029546079858
1949-01-27,-0.01343183344526544
1949-01-28,-0.01343363782910778
1949-01-31,-0.04030632809352008
1949-02-01,-0.029761904761904656
1949-02-02,-0.029770765108672048
1949-02-03,-0.029779630732573725
1949-02-04,-0.029788501638361442
1949-02-07,-0.08939213349226094
1949-02-08,-0.029824038174763867
1949-02-09,-0.02983293556085842
1949-02-10,-0.02984183825724962
1949-02-11,-0.029850746268655914
1949-02-14,-0.0895789787996426
1949-02-15,-0.02988643156006665
1949-02-16,-0.029895366218213315
1949-02-17,-0.029904306220107646
1949-02-18,-0.02991325157045699
1949-02-21,-0.08976660682225024
1949-02-22,-0.029949086552871762
1949-02-23,-0.02995805871779389
1949-02-24,-0.029967036260114543
1949-02-25,-0.029976019184652092
1949-02-28,-0.08995502248876353
1949-03-01,0.0
1949-03-02,0.0
1949-03-03,0.0
1949-03-04,0.0
1949-03-07,0.0
1949-03-08,0.0
1949-03-09,0.0
1949-03-10,0.0
1949-03-11,0.0
1949-03-14,0.0
1949-03-15,0.0
1949-03-16,0.0
1949-03-17,0.0
1949-03-18,0.0
1949-03-21,0.0
1949-03-22,0.0
1949-03-23,0.0
1949-03-24,0.0
1949-03-25,0.0
1949-03-28,0.0
1949-03-29,0.0
1949-03-30,0.0
1949-03-31,0.0
1949-04-01,0.014488554042313417
1949-04-04,0.04345936549325913
1949-04-05,0.014480162177799016
1949-04-06,0.014478065730427758
1949-04-07,0.014475969889948814
1949-04-08,0.014473874656273367
1949-04-11,0.04341534008682757
1949-04-12,0.014465499783011815
1949-04-13,0.014463407578824139
1949-04-14,0.01446131597975242
1949-04-15,0.014459224985530206
1949-04-18,0.04337140378776194
1949-04-19,0.01445086705202936
1949-04-20,0.014448779078146679
1949-04-21,0.014446691707625803
1949-04-22,0.014444604940067052
1949-04-25,0.043327556325811756
1949-04-26,0.01443626389490138
1949-04-27,0.01443418013855613
1949-04-28,0.014432096983685305
1949-04-29,0.014430014430022453
1949-05-02,-0.039225941422593724
1949-05-03,-0.013080444735125152
1949-05-04,-0.013082155939303508
1949-05-05,-0.013083867591245912
1949-05-06,-0.013085579691185512
1949-05-09,-0.039261876717711086
1949-05-10,-0.013092432573957868
1949-05-11,-0.013094146916325933
1949-05-12,-0.013095861707701495
1949-05-13,-0.01309757694826219
1949-05-16,-0.03929787791459027
1949-05-17,-0.013104442405975636
1949-05-18,-0.013106159895148739
1949-05-19,-0.013107877834583892
1949-05-20,-0.013109596224425424
1949-05-23,-0.03933394519470834
1949-05-24,-0.013116474291718916
1949-05-25,-0.0131181949363679
1949-05-26,-0.013119916032544587
1949-05-27,-0.013121637580371104
1949-05-30,-0.03937007874015297
1949-05-31,-0.013128528291983521
1949-06-01,0.014005602240896309
1949-06-02,0.01400364094665818
1949-06-03,0.014001680201602973
1949-06-06,0.041999160016814585
1949-06-07,0.013993842709214555
1949-06-08,0.013991884706854307
1949-06-09,0.013989927252366918
1949-06-10,0.013987970345508138
1949-06-13,0.041958041958056747
1949-06-14,0.013980148189562946
1949-06-15,0.013978194017338907
1949-06-16,0.013976240391322392
1949-06-17,0.013974287311357969
1949-06-20,0.04191700433142653
1949-06-21,0.013966480446914176
1949-06-22,0.013964530093568683
1949-06-23,0.013962580284831994
1949-06-24,0.01396063102052647
1949-06-27,0.04187604690115698
1949-06-28,0.013952839402819883
1949-06-29,0.013950892857139685
1949-06-30,0.013948946854513977
1949-07-01,-0.02885586495455783
1949-07-04,-0.08659258190214514
1949-07-05,-0.0288892098801119
1949-07-06,-0.028897558156326664
1949-07-07,-0.028905911258858552
1949-07-08,-0.028914269191837594
1949-07-11,-0.08676789587854783
1949-07-12,-0.02894774931248012
1949-07-13,-0.028956131460833312
1949-07-14,-0.02896451846489123
1949-07-15,-0.02897291032883942
1949-07-18,-0.0869439211708456
1949-07-19,-0.029006526468444704
1949-07-20,-0.029014942695493318
1949-07-21,-0.02902336380786741
1949-07-22,-0.029031789809830233
1949-07-25,-0.08712066211703506
1949-07-26,-0.029065542799000532
1949-07-27,-0.0290739933129891
1949-07-28,-0.029082448742179245
1949-07-29,-0.029090909090911943
1949-08-01,0.03835826620637306
1949-08-02,0.01278118609406853
1949-08-03,0.012779552715658227
1949-08-04,0.012777919754669576
1949-08-05,0.012776287210947146
1949-08-08,0.03832396525293991
1949-08-09,0.012769761205477792
1949-08-10,0.01276813074564398
1949-08-11,0.012766500702166006
1949-08-12,0.012764871074799622
1949-08-15,0.038289725590301416
1949-08-16,0.012758356723674424
1949-08-17,0.012756729174645542
1949-08-18,0.012755102040795663
1949-08-19,0.012753475322035968
1949-08-22,0.038255547054322214
1949-08-23,0.01274697259401325
1949-08-24,0.012745347947995533
1949-08-25,0.0127437237160688
1949-08-26,0.012742099898077619
1949-08-29,0.03822142948146645
1949-08-30,0.012735608762093342
1949-08-31,0.012733987011337433
1949-09-01,0.014005602240896309
1949-09-02,0.01400364094665818
1949-09-05,0.04200504060485333
1949-09-06,0.0139958012596475
1949-09-07,0.013993842709214555
1949-09-08,0.013991884706854307
1949-09-09,0.013989927252366918
1949-09-12,0.041963911036524415
1949-09-13,0.013982102908305372
1949-09-14,0.013980148189562946
1949-09-15,0.013978194017338907
1949-09-16,0.013976240391322392
1949-09-19,0.0419228619340517
1949-09-20,0.013968431345157128
1949-09-21,0.013966480446914176
1949-09-22,0.013964530093568683
1949-09-23,0.013962580284831994
1949-09-26,0.04188189306157941
1949-09-27,0.013954786491754412
1949-09-28,0.013952839402819883
1949-09-29,0.013950892857139685
1949-09-30,0.013948946854513977
1949-10-03,-0.0809825887434168
1949-10-04,-0.027016074564356618
1949-10-05,-0.027023375219570323
1949-10-06,-0.027030679821604675
1949-10-07,-0.02703798837366822
1949-10-10,-0.0811359026368974
1949-10-11,-0.02706726214644073
1949-10-12,-0.027074590496822815
1949-10-13,-0.027081922816507564
1949-10-14,-0.027089259108759034
1949-10-17,-0.0812897981303462
1949-10-18,-0.027118644067802844
1949-10-19,-0.02712600027124923
1949-10-20,-0.02713336046670234
1949-10-21,-0.027140724657348514
1949-10-24,-0.08144427853942204
1949-10-25,-0.027170221437322617
1949-10-26,-0.02717760565292826
1949-10-27,-0.027184993883366815
1949-10-28,-0.027192386131891233
1949-10-31,-0.081599347205219
1949-11-01,0.014064697609006416
1949-11-02,0.014062719729990292
1949-11-03,0.014060742407195903
1949-11-04,0.014058765640356796
1949-11-07,0.042170368287886006
1949-11-08,0.014050864128156704
1949-11-09,0.014048890137674519
1949-11-10,0.014046916701793144
1949-11-11,0.01404494382022392
1949-11-14,0.04212891447827882
1949-11-15,0.014037057832694266
1949-11-16,0.014035087719310724
1949-11-17,0.014033118158840452
1949-11-18,0.01403114915112802
1949-11-21,0.042087542087543284
1949-11-22,0.014023278642549819
1949-11-23,0.014021312394851826
1949-11-24,0.014019346698446178
1949-11-25,0.014017381553133035
1949-11-28,0.042046250875960034
1949-11-29,0.014009526478009349
1949-11-30,0.014007564084606017
1949-12-01,-0.028011204481792618
1949-12-02,-0.028019052955996493
1949-12-05,-0.08408071748878809
1949-12-06,-0.028050490883591017
1949-12-07,-0.02805836139168072
1949-12-08,-0.028066236317747517
1949-12-09,-0.028074115665344124
1949-12-12,-0.08424599831508006
1949-12-13,-0.028105677346812463
1949-12-14,-0.02811357885859067
1949-12-15,-0.028121484814391806
1949-12-16,-0.02812939521800173
1949-12-19,-0.08441193021947457
1949-12-20,-0.028161081385524867
1949-12-21,-0.028169014084511446
1949-12-22,-0.028176951253866545
1949-12-23,-0.02818489289740933
1949-12-26,-0.08457851705666597
1949-12-27,-0.028216704288941408
1949-12-28,-0.028224668360155025
1949-12-29,-0.028232636928282595
1949-12-30,-0.02824060999717659
1950-01-02,-0.039724576271182865
1950-01-03,-0.013246787654008774
1950-01-04,-0.013248542660293516
1950-01-05,-0.013250298131706195
1950-01-06,-0.013252054068380037
1950-01-09,-0.03976143141152244
1950-01-10,-0.013259082471495098
1950-01-11,-0.013260840737305823
1950-01-12,-0.013262599469499037
1950-01-13,-0.013264358668263476
1950-01-16,-0.03979835500131923
1950-01-17,-0.013271400132719435
1950-01-18,-0.013273161667115563
1950-01-19,-0.013274923669182037
1950-01-20,-0.013276686139140903
1950-01-23,-0.03983534723145388
1950-01-24,-0.013283740701364177
1950-01-25,-0.013285505513482843
1950-01-26,-0.013287270794581918
1950-01-27,-0.013289036544850141
1950-01-30,-0.039872408293450956
1950-01-31,-0.013296104241455886
1950-02-01,0.0
1950-02-02,0.0
1950-02-03,0.0
1950-02-06,0.0
1950-02-07,0.0
1950-02-08,0.0
1950-02-09,0.0
1950-02-10,0.0
1950-02-13,0.0
1950-02-14,0.0
1950-02-15,0.0
1950-02-16,0.0
1950-02-17,0.0
1950-02-20,0.0
1950-02-21,0.0
1950-02-22,0.0
1950-02-23,0.0
1950-02-24,0.0
1950-02-27,0.0
1950-02-28,0.0
1950-03-01,0.013726835964322781
1950-03-02,0.013724951962656995
1950-03-03,0.01372306847811089
1950-03-06,0.04116355653129844
1950-03-07,0.013715539706482538
1950-03-08,0.01371365880418196
1950-03-09,0.013711778417668796
1950-03-10,0.013709898546721
1950-03-13,0.04112405757368265
1950-03-14,0.013702384214875352
1950-03-15,0.01370050691873459
1950-03-16,0.01369863013698236
1950-03-17,0.013696753869330003
1950-03-20,0.041084634346755244
1950-03-21,0.013689253935655898
1950-03-22,0.01368738023541649
1950-03-23,0.013685507048033507
1950-03-24,0.013683634373284903
1950-03-27,0.04104528663293472
1950-03-28,0.013676148796482046
1950-03-29,0.013674278681796714
1950-03-30,0.013672409078480108
1950-03-31,0.013670539986332386
1950-04-03,0.0
1950-04-04,0.0
1950-04-05,0.0
1950-04-06,0.0
1950-04-07,0.0
1950-04-10,0.0
1950-04-11,0.0
1950-04-12,0.0
1950-04-13,0.0
1950-04-14,0.0
1950-04-17,0.0
1950-04-18,0.0
1950-04-19,0.0
1950-04-20,0.0
1950-04-21,0.0
1950-04-24,0.0
1950-04-25,0.0
1950-04-26,0.0
1950-04-27,0.0
1950-04-28,0.0
1950-05-01,0.038520801232655444
1950-05-02,0.012835322808379956
1950-05-03,0.012833675564682956
1950-05-04,0.012832028743736679
1950-05-05,0.012830382345385694
1950-05-08,0.03848620910842371
1950-05-09,0.012823800974604005
1950-05-10,0.012822156686764785
1950-05-11,0.012820512820521657
1950-05-12,0.012818869375719188
1950-05-15,0.038451679056650256
1950-05-16,0.012812299807829497
1950-05-17,0.012810658467832248
1950-05-18,0.012809017548365276
1950-05-19,0.012807377049184332
1950-05-22,0.03841721091049077
1950-05-23,0.012800819252434259
1950-05-24,0.012799180852418601
1950-05-25,0.012797542871756384
1950-05-26,0.012795905310314382
1950-05-29,0.038382804503567236
1950-05-30,0.01278935925310698
1950-05-31,0.012787723785168126
1950-06-01,0.014064697609006416
1950-06-02,0.014062719729990292
1950-06-05,0.04218222722158771
1950-06-06,0.014054813773722863
1950-06-07,0.014052838673417334
1950-06-08,0.014050864128156704
1950-06-09,0.014048890137674519
1950-06-12,0.04214075010533502
1950-06-13,0.01404099971917816
1950-06-14,0.014039028499213124
1950-06-15,0.014037057832694266
1950-06-16,0.014035087719310724
1950-06-19,0.04209935447654356
1950-06-20,0.014027212792822041
1950-06-21,0.01402524544180661
1950-06-22,0.014023278642549819
1950-06-23,0.014021312394851826
1950-06-26,0.042058040095338534
1950-06-27,0.014013452914785063
1950-06-28,0.01401148942132835
1950-06-29,0.014009526478009349
1950-06-30,0.014007564084606017
1950-07-03,0.12198427758198793
1950-07-04,0.040611885745245324
1950-07-05,0.040595399188081416
1950-07-06,0.040578926011103356
1950-07-07,0.040562466197946456
1950-07-10,0.12163805919720438
1950-07-11,0.04049676025916771
1950-07-12,0.04048036702197777
1950-07-13,0.04046398705153109
1950-07-14,0.04044762033168503
1950-07-17,0.12129380053906846
1950-07-18,0.040382285637385884
1950-07-19,0.04036598493002419
1950-07-20,0.04034969737727323
1950-07-21,0.040333422963168
1950-07-24,0.1209514850154525
1950-07-25,0.04026845637583598
1950-07-26,0.04025224741714961
1950-07-27,0.04023605150214049
1950-07-28,0.040219868615110066
1950-07-31,0.1206110962208351
1950-08-01,0.026770178021684465
1950-08-02,0.026763013515318512
1950-08-03,0.026755852842819117
1950-08-04,0.02674869600105545
1950-08-07,0.08022462896111193
1950-08-08,0.02672010688042903
1950-08-09,0.026712969146514
1950-08-10,0.026705835224993812
1950-08-11,0.026698705112804255
1950-08-14,0.08007473642064333
1950-08-15,0.026670222696378865
1950-08-16,0.026663111585123467
1950-08-17,0.026656004264968836
1950-08-18,0.026648900732850755
1950-08-21,0.07992540295724826
1950-08-22,0.02662052442432561
1950-08-23,0.026613439787093185
1950-08-24,0.026606358919778472
1950-08-25,0.026599281819406073
1950-08-28,0.07977662544873532
1950-08-29,0.026571011026965685
1950-08-30,0.026563952716163186
1950-08-31,0.026556898154295183
1950-09-01,0.014190435646388444
1950-09-04,0.04256526674233374
1950-09-05,0.014182385477234938
1950-09-06,0.01418037436189401
1950-09-07,0.014178363816785833
1950-09-08,0.014176353841799383
1950-09-11,0.04252303330969376
1950-09-12,0.0141683196372977
1950-09-13,0.014166312508856471
1950-09-14,0.014164305949004863
1950-09-15,0.014162299957498625
1950-09-18,0.042480883602369346
1950-09-19,0.014154281670197832
1950-09-20,0.014152278516821326
1950-09-21,0.01415027593039131
1950-09-22,0.01414827391059692
1950-09-25,0.042438817371626136
1950-09-26,0.014140271493223722
1950-09-27,0.014138272303121369
1950-09-28,0.014136273678255762
1950-09-29,0.014134275618382652
1950-10-02,0.07684426229508379
1950-10-03,0.025595085743534973
1950-10-04,0.025588536335718892
1950-10-05,0.025581990278844557
1950-10-06,0.02557544757033625
1950-10-09,0.07670672462285477
1950-10-10,0.025549310168626604
1950-10-11,0.025542784163490317
1950-10-12,0.025536261491310164
1950-10-13,0.025529742149599244
1950-10-16,0.07656967840734552
1950-10-17,0.025503698036200007
1950-10-18,0.02549719530853256
1950-10-19,0.025490695895991067
1950-10-20,0.025484199796133034
1950-10-23,0.07643312101910382
1950-10-24,0.025458248472487455
1950-10-25,0.02545176889794387
1950-10-26,0.025445292620873694
1950-10-27,0.025438819638767818
1950-10-30,0.07629704984739583
1950-10-31,0.02541296060991627
1950-11-01,0.013550135501350091
1950-11-02,0.013548299688381782
1950-11-03,0.013546464372793388
1950-11-06,0.040633888663155204
1950-11-07,0.01353912808015334
1950-11-08,0.01353729524842251
1950-11-09,0.013535462912828145
1950-11-10,0.013533631073214814
1950-11-13,0.04059539918810362
1950-11-14,0.013526308670375187
1950-11-15,0.013524479307536197
1950-11-16,0.0135226504394792
1950-11-17,0.013520822065959948
1950-11-20,0.04055698256051343
1950-11-21,0.013513513513507824
1950-11-22,0.013511687609768508
1950-11-23,0.0135098621993901
1950-11-24,0.013508037282194962
1950-11-27,0.04051863857374993
1950-11-28,0.013500742540828448
1950-11-29,0.013498920086396637
1950-11-30,0.01349709812390465
1950-12-01,0.04188189306155721
1950-12-04,0.12559307842590073
1950-12-05,0.04181184668989868
1950-12-06,0.04179437169127276
1950-12-07,0.04177691129367833
1950-12-08,0.04175946547884113
1950-12-11,0.12522610268539403
1950-12-12,0.04168982768202323
1950-12-13,0.04167245450759083
1950-12-14,0.04165509580673632
1950-12-15,0.04163775156140748
1950-12-18,0.12486126526081165
1950-12-19,0.041568518775125796
1950-12-20,0.04155124653737463
1950-12-21,0.041533988647390885
1950-12-22,0.041516745087188944
1950-12-25,0.12449854751694911
1950-12-26,0.04144791378832835
1950-12-27,0.04143074161027105
1950-12-28,0.04141358365543635
1950-12-29,0.0413964399061717
1951-01-01,0.1454545454545375
1951-01-02,0.04841442749938807
1951-01-03,0.04839099927413937
1951-01-04,0.048367593712206336
1951-01-05,0.048344210780792984
1951-01-08,0.1449625513408881
1951-01-09,0.04825090470446103
1951-01-10,0.04822763443452782
1951-01-11,0.048204386599182136
1951-01-12,0.048181161165983255
1951-01-15,0.14447387430773784
1951-01-16,0.048088482808372746
1951-01-17,0.048065368901695216
1951-01-18,0.04804227720391907
1951-01-19,0.04801920768309209
1951-01-22,0.14398848092149752
1951-01-23,0.047927150730897594
1951-01-24,0.04790419161675441
1951-01-25,0.047881254488868485
1951-01-26,0.04785833931564287
1951-01-29,0.1435063381965973
1951-01-30,0.04776689754000252
1951-01-31,0.047744091668655564
1951-02-01,0.042182227221609914
1951-02-02,0.042164441321146384
1951-02-05,0.12644001123909288
1951-02-06,0.04209344745333965
1951-02-07,0.04207573632539763
1951-02-08,0.04205804009531633
1951-02-09,0.0420403587443996
1951-02-12,0.12606807676145415
1951-02-13,0.041969781757145164
1951-02-14,0.04195217452105382
1951-02-15,0.04193458205199452
1951-02-16,0.04191700433142653
1951-02-19,0.1256983240223608
1951-02-20,0.04184684056351973
1951-02-21,0.041829336307874776
1951-02-22,0.041811846689920884
1951-02-23,0.04179437169127276
1951-02-26,0.1253307338810572
1951-02-27,0.04172461752434131
1951-02-28,0.04170721534826338
1951-03-01,0.012970168612191912
1951-03-02,0.012968486577613625
1951-03-05,0.038900414937748096
1951-03-06,0.012961762799745813
1951-03-07,0.012960082944535323
1951-03-08,0.01295840352468769
1951-03-09,0.012956724540047482
1951-03-12,0.038865137971222374
1951-03-13,0.012950012950008194
1951-03-14,0.012948336138784988
1951-03-15,0.012946659761792212
1951-03-16,0.012944983818785616
1951-03-19,0.0388299249287849
1951-03-20,0.012938284383490206
1951-03-21,0.01293661060801643
1951-03-22,0.012934937265551838
1951-03-23,0.012933264355918794
1951-03-26,0.0387947756368856
1951-03-27,0.012926577042393639
1951-03-28,0.012924906294431437
1951-03-29,0.012923235978301584
1951-03-30,0.012921566093804238
1951-04-02,0.0
1951-04-03,0.0
1951-04-04,0.0
1951-04-05,0.0
1951-04-06,0.0
1951-04-09,0.0
1951-04-10,0.0
1951-04-11,0.0
1951-04-12,0.0
1951-04-13,0.0
1951-04-16,0.0
1951-04-17,0.0
1951-04-18,0.0
1951-04-19,0.0
1951-04-20,0.0
1951-04-23,0.0
1951-04-24,0.0
1951-04-25,0.0
1951-04-26,0.0
1951-04-27,0.0
1951-04-30,0.0
1951-05-01,0.012503125781448965
1951-05-02,0.01250156269534397
1951-05-03,0.012499999999993072
1951-05-04,0.012498437695285247
1951-05-07,0.03749062734317299
1951-05-08,0.012492192379776057
1951-05-09,0.012490632025974335
1951-05-10,0.012489072061949713
1951-05-11,0.012487512487524555
1951-05-14,0.03745785990760808
1951-05-15,0.01248127808288757
1951-05-16,0.01247972045426149
1951-05-17,0.012478163214368898
1951-05-18,0.01247660636307657
1951-05-21,0.037425149700598404
1951-05-22,0.012470382840756855
1951-05-23,0.012468827930178783
1951-05-24,0.012467273407290591
1951-05-25,0.012465719272003462
1951-05-28,0.03739249657235266
1951-05-29,0.012459506603534898
1951-05-30,0.012457954403899407
1951-05-31,0.012456402590932392
1951-06-01,0.0
1951-06-04,0.0
1951-06-05,0.0
1951-06-06,0.0
1951-06-07,0.0
1951-06-08,0.0
1951-06-11,0.0
1951-06-12,0.0
1951-06-13,0.0
1951-06-14,0.0
1951-06-15,0.0
1951-06-18,0.0
1951-06-19,0.0
1951-06-20,0.0
1951-06-21,0.0
1951-06-22,0.0
1951-06-25,0.0
1951-06-26,0.0
1951-06-27,0.0
1951-06-28,0.0
1951-06-29,0.0
1951-07-02,0.0
1951-07-03,0.0
1951-07-04,0.0
1951-07-05,0.0
1951-07-06,0.0
1951-07-09,0.0
1951-07-10,0.0
1951-07-11,0.0
1951-07-12,0.0
1951-07-13,0.0
1951-07-16,0.0
1951-07-17,0.0
1951-07-18,0.0
1951-07-19,0.0
1951-07-20,0.0
1951-07-23,0.0
1951-07-24,0.0
1951-07-25,0.0
1951-07-26,0.0
1951-07-27,0.0
1951-07-30,0.0
1951-07-31,0.0
1951-08-01,0.0
1951-08-02,0.0
1951-08-03,0.0
1951-08-06,0.0
1951-08-07,0.0
1951-08-08,0.0
1951-08-09,0.0
1951-08-10,0.0
1951-08-13,0.0
1951-08-14,0.0
1951-08-15,0.0
1951-08-16,0.0
1951-08-17,0.0
1951-08-20,0.0
1951-08-21,0.0
1951-08-22,0.0
1951-08-23,0.0
1951-08-24,0.0
1951-08-27,0.0
1951-08-28,0.0
1951-08-29,0.0
1951-08-30,0.0
1951-08-31,0.0
1951-09-03,0.0827357970215159
1951-09-04,0.027555800496004146
1951-09-05,0.027548209366390353
1951-09-06,0.02754062241807631
1951-09-07,0.02753303964757592
1951-09-10,0.08257638315443128
1951-09-11,0.02750275027503246
1951-09-12,0.027495188342041565
1951-09-13,0.02748763056625858
1951-09-14,0.02748007694421961
1951-09-17,0.08241758241758212
1951-09-18,0.027449903925336194
1951-09-19,0.027442371020858225
1951-09-20,0.027434842249673963
1951-09-21,0.027427317608341717
1951-09-24,0.08225939128050364
1951-09-25,0.02739726027396472
1951-09-26,0.02738975623115536
1951-09-27,0.027382256297925345
1951-09-28,0.02737476047083298
1951-10-01,0.034831069313834284
1951-10-02,0.011606313834722215
1951-10-03,0.011604966925848892
1951-10-04,0.011603620329547759
1951-10-05,0.011602274045707794
1951-10-08,0.034802784222742744
1951-10-09,0.011596892032916806
1951-10-10,0.011595547309828369
1951-10-11,0.011594202898557171
1951-10-12,0.01159285879899219
1951-10-15,0.0347745450330228
1951-10-16,0.011587485515640594
1951-10-17,0.011586142972985769
1951-10-18,0.01158480074143764
1951-10-19,0.011583458820796366
1951-10-22,0.03474635163307482
1951-10-23,0.01157809424570111
1951-10-24,0.011576753878217438
1951-10-25,0.011575413821041103
1951-10-26,0.011574074074083285
1951-10-29,0.034718203911587864
1951-10-30,0.011568718186039106
1951-10-31,0.011567379988441928
1951-11-01,0.025445292620873694
1951-11-02,0.025438819638767818
1951-11-05,0.07629704984739583
1951-11-06,0.02541296060991627
1951-11-07,0.025406504065039748
1951-11-08,0.025400050800139518
1951-11-09,0.02539360081259545
1951-11-12,0.07616146230007281
1951-11-13,0.02536783358699779
1951-11-14,0.025361399949286323
1951-11-15,0.025354969574031827
1951-11-16,0.025348542458814016
1951-11-19,0.07602635580334915
1951-11-20,0.02532286654850502
1951-11-21,0.02531645569621155
1951-11-22,0.025310048089077775
1951-11-23,0.025303643724705616
1951-11-26,0.07589172780166908
1951-11-27,0.025278058645095136
1951-11-28,0.025271670457427398
1951-11-29,0.0252652854977109
1951-11-30,0.025258903763569762
1951-12-03,0.03665689149561224
1951-12-04,0.01221448638084599
1951-12-05,0.01221299462628167
1951-12-06,0.012211503236048138
1951-12-07,0.012210012210012167
1951-12-10,0.03662556464412159
1951-12-11,0.012204051745179356
1951-12-12,0.012202562538132788
1951-12-13,0.012201073694484421
1951-12-14,0.012199585214101027
1951-12-17,0.03659429129054814
1951-12-18,0.012193634922597063
1951-12-19,0.012192148256517932
1951-12-20,0.012190661952948822
1951-12-21,0.0121891760117121
1951-12-24,0.0365630712979792
1951-12-25,0.012183235867424536
1951-12-26,0.012181751735917956
1951-12-27,0.012180267965899993
1951-12-28,0.01217878455728183
1951-12-31,0.03653190452996835
1952-01-01,0.0
1952-01-02,0.0
1952-01-03,0.0
1952-01-04,0.0
1952-01-07,0.0
1952-01-08,0.0
1952-01-09,0.0
1952-01-10,0.0
1952-01-11,0.0
1952-01-14,0.0
1952-01-15,0.0
1952-01-16,0.0
1952-01-17,0.0
1952-01-18,0.0
1952-01-21,0.0
1952-01-22,0.0
1952-01-23,0.0
1952-01-24,0.0
1952-01-25,0.0
1952-01-28,0.0
1952-01-29,0.0
1952-01-30,0.0
1952-01-31,0.0
1952-02-01,-0.02602472348731677
1952-02-04,-0.07809449433814342
1952-02-05,-0.026051843167906874
1952-02-06,-0.026058631921799247
1952-02-07,-0.02606542421481617
1952-02-08,-0.026072220049533357
1952-02-11,-0.07823705828660099
1952-02-12,-0.026099438862070556
1952-02-13,-0.026106252447455347
1952-02-14,-0.02611306959133808
1952-02-15,-0.0261198902964499
1952-02-18,-0.07838014369693225
1952-02-19,-0.02614720878545418
1952-02-20,-0.02615404733884441
1952-02-21,-0.0261608894702392
1952-02-22,-0.02616773518251403
1952-02-25,-0.07852375343542217
1952-02-26,-0.02619515389652438
1952-02-27,-0.026202017555354562
1952-02-28,-0.02620888481194017
1952-02-29,-0.026215755669167784
1952-03-03,0.0
1952-03-04,0.0
1952-03-05,0.0
1952-03-06,0.0
1952-03-07,0.0
1952-03-10,0.0
1952-03-11,0.0
1952-03-12,0.0
1952-03-13,0.0
1952-03-14,0.0
1952-03-17,0.0
1952-03-18,0.0
1952-03-19,0.0
1952-03-20,0.0
1952-03-21,0.0
1952-03-24,0.0
1952-03-25,0.0
1952-03-26,0.0
1952-03-27,0.0
1952-03-28,0.0
1952-03-31,0.0
1952-04-01,0.012674271229395906
1952-04-02,0.012672665061463917
1952-04-03,0.012671059300539689
1952-04-04,0.012669453946534404
1952-04-07,0.038003546997744664
1952-04-08,0.012663036596172184
1952-04-09,0.012661433274230305
1952-04-10,0.012659830358274782
1952-04-11,0.01265822784808357
1952-04-14,0.03796987723074796
1952-04-15,0.012651821862341706
1952-04-16,0.012650221378862625
1952-04-17,0.012648621300281881
1952-04-18,0.012647021626399635
1952-04-21,0.03793626707131459
1952-04-22,0.012640626975102265
1952-04-23,0.01263902932255867
1952-04-24,0.01263743207380319
1952-04-25,0.012635835228702597
1952-04-28,0.03790271636132658
1952-04-29,0.012629451881784881
1952-04-30,0.01262785705264946
1952-05-01,0.0
1952-05-02,0.0
1952-05-05,0.0
1952-05-06,0.0
1952-05-07,0.0
1952-05-08,0.0
1952-05-09,0.0
1952-05-12,0.0
1952-05-13,0.0
1952-05-14,0.0
1952-05-15,0.0
1952-05-16,0.0
1952-05-19,0.0
1952-05-20,0.0
1952-05-21,0.0
1952-05-22,0.0
1952-05-23,0.0
1952-05-26,0.0
1952-05-27,0.0
1952-05-28,0.0
1952-05-29,0.0
1952-05-30,0.0
1952-06-02,0.03665689149561224
1952-06-03,0.01221448638084599
1952-06-04,0.01221299462628167
1952-06-05,0.012211503236048138
1952-06-06,0.012210012210012167
1952-06-09,0.03662556464412159
1952-06-10,0.012204051745179356
1952-06-11,0.012202562538132788
1952-06-12,0.012201073694484421
1952-06-13,0.012199585214101027
1952-06-16,0.03659429129054814
1952-06-17,0.012193634922597063
1952-06-18,0.012192148256517932
1952-06-19,0.012190661952948822
1952-06-20,0.0121891760117121
1952-06-23,0.0365630712979792
1952-06-24,0.012183235867424536
1952-06-25,0.012181751735917956
1952-06-26,0.012180267965899993
1952-06-27,0.01217878455728183
1952-06-30,0.03653190452996835
1952-07-01,0.024345709068773758
1952-07-02,0.02433978337592624
1952-07-03,0.024333860566994048
1952-07-04,0.024327940639823353
1952-07-07,0.07296607077709183
1952-07-08,0.024304289707122173
1952-07-09,0.02429838415745067
1952-07-10,0.024292481476972938
1952-07-11,0.024286581663646167
1952-07-14,0.07284205414592737
1952-07-15,0.024263011039682425
1952-07-16,0.024257125530624535
1952-07-17,0.02425124287619429
1952-07-18,0.024245363074326676
1952-07-21,0.0727184583686924
1952-07-22,0.024221872350715934
1952-07-23,0.02421600678048641
1952-07-24,0.02421014405034061
1952-07-25,0.024204284158302336
1952-07-28,0.07259528130671988
1952-07-29,0.024180872929524533
1952-07-30,0.02417502719689324
1952-07-31,0.024169184290023793
1952-08-01,0.0
1952-08-04,0.0
1952-08-05,0.0
1952-08-06,0.0
1952-08-07,0.0
1952-08-08,0.0
1952-08-11,0.0
1952-08-12,0.0
1952-08-13,0.0
1952-08-14,0.0
1952-08-15,0.0
1952-08-18,0.0
1952-08-19,0.0
1952-08-20,0.0
1952-08-21,0.0
1952-08-22,0.0
1952-08-25,0.0
1952-08-26,0.0
1952-08-27,0.0
1952-08-28,0.0
1952-08-29,0.0
1952-09-01,0.0
1952-09-02,0.0
1952-09-03,0.0
1952-09-04,0.0
1952-09-05,0.0
1952-09-08,0.0
1952-09-09,0.0
1952-09-10,0.0
1952-09-11,0.0
1952-09-12,0.0
1952-09-15,0.0
1952-09-16,0.0
1952-09-17,0.0
1952-09-18,0.0
1952-09-19,0.0
1952-09-22,0.0
1952-09-23,0.0
1952-09-24,0.0
1952-09-25,0.0
1952-09-26,0.0
1952-09-29,0.0
1952-09-30,0.0
1952-10-01,0.0
1952-10-02,0.0
1952-10-03,0.0
1952-10-06,0.0
1952-10-07,0.0
1952-10-08,0.0
1952-10-09,0.0
1952-10-10,0.0
1952-10-13,0.0
1952-10-14,0.0
1952-10-15,0.0
1952-10-16,0.0
1952-10-17,0.0
1952-10-20,0.0
1952-10-21,0.0
1952-10-22,0.0
1952-10-23,0.0
1952-10-24,0.0
1952-10-27,0.0
1952-10-28,0.0
1952-10-29,0.0
1952-10-30,0.0
1952-10-31,0.0
1952-11-03,0.0
1952-11-04,0.0
1952-11-05,0.0
1952-11-06,0.0
1952-11-07,0.0
1952-11-10,0.0
1952-11-11,0.0
1952-11-12,0.0
1952-11-13,0.0
1952-11-14,0.0
1952-11-17,0.0
1952-11-18,0.0
1952-11-19,0.0
1952-11-20,0.0
1952-11-21,0.0
1952-11-24,0.0
1952-11-25,0.0
1952-11-26,0.0
1952-11-27,0.0
1952-11-28,0.0
1952-12-01,0.0
1952-12-02,0.0
1952-12-03,0.0
1952-12-04,0.0
1952-12-05,0.0
1952-12-08,0.0
1952-12-09,0.0
1952-12-10,0.0
1952-12-11,0.0
1952-12-12,0.0
1952-12-15,0.0
1952-12-16,0.0
1952-12-17,0.0
1952-12-18,0.0
1952-12-19,0.0
1952-12-22,0.0
1952-12-23,0.0
1952-12-24,0.0
1952-12-25,0.0
1952-12-26,0.0
1952-12-29,0.0
1952-12-30,0.0
1952-12-31,0.0
1953-01-01,-0.012484394506873109
1953-01-02,-0.012485953302532327
1953-01-05,-0.03746253746251815
1953-01-06,-0.012492192379776057
1953-01-07,-0.012493753123454798
1953-01-08,-0.012495314257143786
1953-01-09,-0.01249687578104286
1953-01-12,-0.037495313085866844
1953-01-13,-0.012503125781460067
1953-01-14,-0.012504689258463486
1953-01-15,-0.01250625312656517
1953-01-16,-0.012507817385853937
1953-01-19,-0.03752814610958888
1953-01-20,-0.012514078338132784
1953-01-21,-0.012515644555688432
1953-01-22,-0.012517211165352649
1953-01-23,-0.012518778167247557
1953-01-26,-0.037561036684619076
1953-01-27,-0.01252505010018723
1953-01-28,-0.012526619065511557
1953-01-29,-0.012528188423954756
1953-01-30,-0.012529758175672256
1953-02-02,-0.04027926960258332
1953-02-03,-0.01343183344526544
1953-02-04,-0.013433637829118883
1953-02-05,-0.013435442697840028
1953-02-06,-0.013437248051595407
1953-02-09,-0.0403171616718212
1953-02-10,-0.013444474321056
1953-02-11,-0.01344628210300236
1953-02-12,-0.013448090371159793
1953-02-13,-0.013449899125761444
1953-02-16,-0.040355125100888234
1953-02-17,-0.013457139012251762
1953-02-18,-0.013458950201872266
1953-02-19,-0.013460761879124927
1953-02-20,-0.013462574044165176
1953-02-23,-0.040393160091545255
1953-02-24,-0.013469827586198857
1953-02-25,-0.013471642193196853
1953-02-26,-0.01347345728913707
1953-02-27,-0.01347527287428596
1953-03-02,0.03537735849055146
1953-03-03,0.011788282447255938
1953-03-04,0.011786892975007568
1953-03-05,0.011785503830297195
1953-03-06,0.011784115012969387
1953-03-09,0.03534817956873937
1953-03-10,0.011778563015307775
1953-03-11,0.01177717583322746
1953-03-12,0.011775788977841373
1953-03-13,0.011774402449082899
1953-03-16,0.03531904874030101
1953-03-17,0.011768859597505177
1953-03-18,0.01176747469993078
1953-03-19,0.01176609012825125
1953-03-20,0.011764705882355564
1953-03-23,0.035289965886375896
1953-03-24,0.011759172154279796
1953-03-25,0.011757789535571384
1953-03-26,0.011756407241958478
1953-03-27,0.011755025273285646
1953-03-30,0.03526093088859206
1953-03-31,0.011749500646218713
1953-04-01,0.0
1953-04-02,0.0
1953-04-03,0.0
1953-04-06,0.0
1953-04-07,0.0
1953-04-08,0.0
1953-04-09,0.0
1953-04-10,0.0
1953-04-13,0.0
1953-04-14,0.0
1953-04-15,0.0
1953-04-16,0.0
1953-04-17,0.0
1953-04-20,0.0
1953-04-21,0.0
1953-04-22,0.0
1953-04-23,0.0
1953-04-24,0.0
1953-04-27,0.0
1953-04-28,0.0
1953-04-29,0.0
1953-04-30,0.0
1953-05-01,0.012963443090496796
1953-05-04,0.038885288399215234
1953-05-05,0.012956724540047482
1953-05-06,0.01295504599041486
1953-05-07,0.012953367875634392
1953-05-08,0.012951690195572851
1953-05-11,0.038850038850046786
1953-05-12,0.012944983818763411
1953-05-13,0.012943308309609769
1953-05-14,0.01294163323410924
1953-05-15,0.012939958592128598
1953-05-18,0.03881485315047062
1953-05-19,0.012933264355918794
1953-05-20,0.012931591878961868
1953-05-21,0.012929919834503423
1953-05-22,0.012928248222388028
1953-05-25,0.038779731127180916
1953-05-26,0.012921566093804238
1953-05-27,0.012919896640806172
1953-05-28,0.01291822761917416
1953-05-29,0.012916559028686159
1953-06-01,0.0351123595505598
1953-06-02,0.011700011700011004
1953-06-03,0.011698642957425065
1953-06-04,0.011697274535027447
1953-06-05,0.011695906432751535
1953-06-08,0.0350836159513479
1953-06-09,0.011690437222355854
1953-06-10,0.011689070718889916
1953-06-11,0.011687704534835142
1953-06-12,0.01168633867008051
1953-06-15,0.03505491937370042
1953-06-16,0.011680878402064998
1953-06-17,0.011679514132212354
1953-06-18,0.011678150181015923
1953-06-19,0.011676786548342477
1953-06-22,0.03502626970226519
1953-06-23,0.011671335200746924
1953-06-24,0.011669973159067482
1953-06-25,0.011668611435244891
1953-06-26,0.01166725002916813
1953-06-29,0.034997666822200735
1953-06-30,0.011661807580187755
1953-07-01,0.0
1953-07-02,0.0
1953-07-03,0.0
1953-07-06,0.0
1953-07-07,0.0
1953-07-08,0.0
1953-07-09,0.0
1953-07-10,0.0
1953-07-13,0.0
1953-07-14,0.0
1953-07-15,0.0
1953-07-16,0.0
1953-07-17,0.0
1953-07-20,0.0
1953-07-21,0.0
1953-07-22,0.0
1953-07-23,0.0
1953-07-24,0.0
1953-07-27,0.0
1953-07-28,0.0
1953-07-29,0.0
1953-07-30,0.0
1953-07-31,0.0
1953-08-03,0.03610977371208968
1953-08-04,0.012032246420390358
1953-08-05,0.012030798845041879
1953-08-06,0.012029351617948159
1953-08-07,0.012027904738998174
1953-08-10,0.0360793746241761
1953-08-11,0.012022120702104289
1953-08-12,0.012020675561963401
1953-08-13,0.012019230769233502
1953-08-14,0.012017786323759161
1953-08-17,0.036049026676288065
1953-08-18,0.01201201201201929
1953-08-19,0.012010569300979768
1953-08-20,0.012009126936463055
1953-08-21,0.01200768491835813
1953-08-24,0.036018729739462074
1953-08-25,0.012001920307258551
1953-08-26,0.012000480019214166
1953-08-27,0.011999040076804413
1953-08-28,0.011997600479896064
1953-08-31,0.035988483685223116
1953-09-01,0.0
1953-09-02,0.0
1953-09-03,0.0
1953-09-04,0.0
1953-09-07,0.0
1953-09-08,0.0
1953-09-09,0.0
1953-09-10,0.0
1953-09-11,0.0
1953-09-14,0.0
1953-09-15,0.0
1953-09-16,0.0
1953-09-17,0.0
1953-09-18,0.0
1953-09-21,0.0
1953-09-22,0.0
1953-09-23,0.0
1953-09-24,0.0
1953-09-25,0.0
1953-09-28,0.0
1953-09-29,0.0
1953-09-30,0.0
1953-10-01,0.012391573729875205
1953-10-02,0.012390038409115789
1953-10-05,0.037165510406356184
1953-10-06,0.012383900928814029
1953-10-07,0.012382367508645409
1953-10-08,0.012380834468239676
1953-10-09,0.012379301807396992
1953-10-12,0.03713330857779695
1953-10-13,0.012373174956681332
1953-10-14,0.012371644191522257
1953-10-15,0.012370113805038052
1953-10-16,0.012368583797162103
1953-10-19,0.03710116250308371
1953-10-20,0.012362467548521217
1953-10-21,0.012360939431399487
1953-10-22,0.012359411691997835
1953-10-23,0.012357884330205238
1953-10-26,0.03706907203757659
1953-10-27,0.012351778656105594
1953-10-28,0.012350253180182236
1953-10-29,0.012348728081001958
1953-10-30,0.01234720335845374
1953-11-02,-0.035842293906818146
1953-11-03,-0.011951715071101265
1953-11-04,-0.011953143676790567
1953-11-05,-0.011954572624039983
1953-11-06,-0.011956001912949432
1953-11-09,-0.035872294631111856
1953-11-10,-0.011961722488040838
1953-11-11,-0.011963153487259959
1953-11-12,-0.011964584828905167
1953-11-13,-0.011966016513120792
1953-11-16,-0.035902345619898135
1953-11-17,-0.011971746677841288
1953-11-18,-0.011973180076629841
1953-11-19,-0.011974613818710456
1953-11-20,-0.011976047904194154
1953-11-23,-0.035932446999631384
1953-11-24,-0.011981787682724399
1953-11-25,-0.011983223487121997
1953-11-26,-0.011984659635666528
1953-11-27,-0.011986096128480117
1953-11-30,-0.035962598897154585
1953-12-01,0.0
1953-12-02,0.0
1953-12-03,0.0
1953-12-04,0.0
1953-12-07,0.0
1953-12-08,0.0
1953-12-09,0.0
1953-12-10,0.0
1953-12-11,0.0
1953-12-14,0.0
1953-12-15,0.0
1953-12-16,0.0
1953-12-17,0.0
1953-12-18,0.0
1953-12-21,0.0
1953-12-22,0.0
1953-12-23,0.0
1953-12-24,0.0
1953-12-25,0.0
1953-12-28,0.0
1953-12-29,0.0
1953-12-30,0.0
1953-12-31,0.0
1954-01-01,0.0
1954-01-04,0.0
1954-01-05,0.0
1954-01-06,0.0
1954-01-07,0.0
1954-01-08,0.0
1954-01-11,0.0
1954-01-12,0.0
1954-01-13,0.0
1954-01-14,0.0
1954-01-15,0.0
1954-01-18,0.0
1954-01-19,0.0
1954-01-20,0.0
1954-01-21,0.0
1954-01-22,0.0
1954-01-25,0.0
1954-01-26,0.0
1954-01-27,0.0
1954-01-28,0.0
1954-01-29,0.0
1954-02-01,0.0
1954-02-02,0.0
1954-02-03,0.0
1954-02-04,0.0
1954-02-05,0.0
1954-02-08,0.0
1954-02-09,0.0
1954-02-10,0.0
1954-02-11,0.0
1954-02-12,0.0
1954-02-15,0.0
1954-02-16,0.0
1954-02-17,0.0
1954-02-18,0.0
1954-02-19,0.0
1954-02-22,0.0
1954-02-23,0.0
1954-02-24,0.0
1954-02-25,0.0
1954-02-26,0.0
1954-03-01,0.0
1954-03-02,0.0
1954-03-03,0.0
1954-03-04,0.0
1954-03-05,0.0
1954-03-08,0.0
1954-03-09,0.0
1954-03-10,0.0
1954-03-11,0.0
1954-03-12,0.0
1954-03-15,0.0
1954-03-16,0.0
1954-03-17,0.0
1954-03-18,0.0
1954-03-19,0.0
1954-03-22,0.0
1954-03-23,0.0
1954-03-24,0.0
1954-03-25,0.0
1954-03-26,0.0
1954-03-29,0.0
1954-03-30,0.0
1954-03-31,0.0
1954-04-01,-0.012391573729864103
1954-04-02,-0.012393109431163563
1954-04-05,-0.03718393653940888
1954-04-06,-0.012399256044637319
1954-04-07,-0.012400793650790831
1954-04-08,-0.012402331638350361
1954-04-09,-0.012403870007426931
1954-04-12,-0.037216226274661146
1954-04-13,-0.012410027302056648
1954-04-14,-0.012411567580983274
1954-04-15,-0.012413108242292914
1954-04-16,-0.012414649286163204
1954-04-19,-0.03724857213808219
1954-04-20,-0.012420817289771069
1954-04-21,-0.012422360248454112
1954-04-22,-0.012423903590497165
1954-04-23,-0.012425447316088967
1954-04-26,-0.03728097427614374
1954-04-27,-0.012431626056685907
1954-04-28,-0.012433171702086465
1954-04-29,-0.012434717731912848
1954-04-30,-0.012436264146253873
1954-05-03,0.03610977371208968
1954-05-04,0.012032246420390358
1954-05-05,0.012030798845041879
1954-05-06,0.012029351617948159
1954-05-07,0.012027904738998174
1954-05-10,0.0360793746241761
1954-05-11,0.012022120702104289
1954-05-12,0.012020675561963401
1954-05-13,0.012019230769233502
1954-05-14,0.012017786323759161
1954-05-17,0.036049026676288065
1954-05-18,0.01201201201201929
1954-05-19,0.012010569300979768
1954-05-20,0.012009126936463055
1954-05-21,0.01200768491835813
1954-05-24,0.036018729739462074
1954-05-25,0.012001920307258551
1954-05-26,0.012000480019214166
1954-05-27,0.011999040076804413
1954-05-28,0.011997600479896064
1954-05-31,0.035988483685223116
1954-06-01,0.0
1954-06-02,0.0
1954-06-03,0.0
1954-06-04,0.0
1954-06-07,0.0
1954-06-08,0.0
1954-06-09,0.0
1954-06-10,0.0
1954-06-11,0.0
1954-06-14,0.0
1954-06-15,0.0
1954-06-16,0.0
1954-06-17,0.0
1954-06-18,0.0
1954-06-21,0.0
1954-06-22,0.0
1954-06-23,0.0
1954-06-24,0.0
1954-06-25,0.0
1954-06-28,0.0
1954-06-29,0.0
1954-06-30,0.0
1954-07-01,0.0
1954-07-02,0.0
1954-07-05,0.0
1954-07-06,0.0
1954-07-07,0.0
1954-07-08,0.0
1954-07-09,0.0
1954-07-12,0.0
1954-07-13,0.0
1954-07-14,0.0
1954-07-15,0.0
1954-07-16,0.0
1954-07-19,0.0
1954-07-20,0.0
1954-07-21,0.0
1954-07-22,0.0
1954-07-23,0.0
1954-07-26,0.0
1954-07-27,0.0
1954-07-28,0.0
1954-07-29,0.0
1954-07-30,0.0
1954-08-02,0.0
1954-08-03,0.0
1954-08-04,0.0
1954-08-05,0.0
1954-08-06,0.0
1954-08-09,0.0
1954-08-10,0.0
1954-08-11,0.0
1954-08-12,0.0
1954-08-13,0.0
1954-08-16,0.0
1954-08-17,0.0
1954-08-18,0.0
1954-08-19,0.0
1954-08-20,0.0
1954-08-23,0.0
1954-08-24,0.0
1954-08-25,0.0
1954-08-26,0.0
1954-08-27,0.0
1954-08-30,0.0
1954-08-31,0.0
1954-09-01,-0.012391573729864103
1954-09-02,-0.012393109431163563
1954-09-03,-0.012394645513125191
1954-09-06,-0.037188545927857586
1954-09-07,-0.012400793650790831
1954-09-08,-0.012402331638350361
1954-09-09,-0.012403870007426931
1954-09-10,-0.012405408758220382
1954-09-13,-0.03722084367245859
1954-09-14,-0.012411567580983274
1954-09-15,-0.012413108242292914
1954-09-16,-0.012414649286163204
1954-09-17,-0.012416190712682962
1954-09-20,-0.03725319756614498
1954-09-21,-0.012422360248454112
1954-09-22,-0.012423903590497165
1954-09-23,-0.012425447316088967
1954-09-24,-0.01242699142539605
1954-09-27,-0.03728560775541068
1954-09-28,-0.012433171702086465
1954-09-29,-0.012434717731912848
1954-09-30,-0.012436264146253873
1954-10-01,0.0
1954-10-04,0.0
1954-10-05,0.0
1954-10-06,0.0
1954-10-07,0.0
1954-10-08,0.0
1954-10-11,0.0
1954-10-12,0.0
1954-10-13,0.0
1954-10-14,0.0
1954-10-15,0.0
1954-10-18,0.0
1954-10-19,0.0
1954-10-20,0.0
1954-10-21,0.0
1954-10-22,0.0
1954-10-25,0.0
1954-10-26,0.0
1954-10-27,0.0
1954-10-28,0.0
1954-10-29,0.0
1954-11-01,0.0
1954-11-02,0.0
1954-11-03,0.0
1954-11-04,0.0
1954-11-05,0.0
1954-11-08,0.0
1954-11-09,0.0
1954-11-10,0.0
1954-11-11,0.0
1954-11-12,0.0
1954-11-15,0.0
1954-11-16,0.0
1954-11-17,0.0
1954-11-18,0.0
1954-11-19,0.0
1954-11-22,0.0
1954-11-23,0.0
1954-11-24,0.0
1954-11-25,0.0
1954-11-26,0.0
1954-11-29,0.0
1954-11-30,0.0
1954-12-01,-0.012036591237363226
1954-12-02,-0.012038040207040801
1954-12-03,-0.012039489525661473
1954-12-06,-0.03612281757976454
1954-12-07,-0.012045290291495814
1954-12-08,-0.012046741356463997
1954-12-09,-0.01204819277108582
1954-12-10,-0.012049644535472304
1954-12-13,-0.03615328994939215
1954-12-14,-0.012055455093429313
1954-12-15,-0.012056908608637507
1954-12-16,-0.012058362474365314
1954-12-17,-0.01205981669079037
1954-12-20,-0.036183813773982276
1954-12-21,-0.012065637065639123
1954-12-22,-0.01206709303727127
1954-12-23,-0.01206854936036672
1954-12-24,-0.012070006035003189
1954-12-27,-0.036214389183975015
1954-12-28,-0.012075836251645988
1954-12-29,-0.012077294686008155
1954-12-30,-0.012078753472632986
1954-12-31,-0.012080212611742525
1955-01-03,0.0
1955-01-04,0.0
1955-01-05,0.0
1955-01-06,0.0
1955-01-07,0.0
1955-01-10,0.0
1955-01-11,0.0
1955-01-12,0.0
1955-01-13,0.0
1955-01-14,0.0
1955-01-17,0.0
1955-01-18,0.0
1955-01-19,0.0
1955-01-20,0.0
1955-01-21,0.0
1955-01-24,0.0
1955-01-25,0.0
1955-01-26,0.0
1955-01-27,0.0
1955-01-28,0.0
1955-01-31,0.0
1955-02-01,0.0
1955-02-02,0.0
1955-02-03,0.0
1955-02-04,0.0
1955-02-07,0.0
1955-02-08,0.0
1955-02-09,0.0
1955-02-10,0.0
1955-02-11,0.0
1955-02-14,0.0
1955-02-15,0.0
1955-02-16,0.0
1955-02-17,0.0
1955-02-18,0.0
1955-02-21,0.0
1955-02-22,0.0
1955-02-23,0.0
1955-02-24,0.0
1955-02-25,0.0
1955-02-28,0.0
1955-03-01,0.0
1955-03-02,0.0
1955-03-03,0.0
1955-03-04,0.0
1955-03-07,0.0
1955-03-08,0.0
1955-03-09,0.0
1955-03-10,0.0
1955-03-11,0.0
1955-03-14,0.0
1955-03-15,0.0
1955-03-16,0.0
1955-03-17,0.0
1955-03-18,0.0
1955-03-21,0.0
1955-03-22,0.0
1955-03-23,0.0
1955-03-24,0.0
1955-03-25,0.0
1955-03-28,0.0
1955-03-29,0.0
1955-03-30,0.0
1955-03-31,0.0
1955-04-01,0.0
1955-04-04,0.0
1955-04-05,0.0
1955-04-06,0.0
1955-04-07,0.0
1955-04-08,0.0
1955-04-11,0.0
1955-04-12,0.0
1955-04-13,0.0
1955-04-14,0.0
1955-04-15,0.0
1955-04-18,0.0
1955-04-19,0.0
1955-04-20,0.0
1955-04-21,0.0
1955-04-22,0.0
1955-04-25,0.0
1955-04-26,0.0
1955-04-27,0.0
1955-04-28,0.0
1955-04-29,0.0
1955-05-02,0.0
1955-05-03,0.0
1955-05-04,0.0
1955-05-05,0.0
1955-05-06,0.0
1955-05-09,0.0
1955-05-10,0.0
1955-05-11,0.0
1955-05-12,0.0
1955-05-13,0.0
1955-05-16,0.0
1955-05-17,0.0
1955-05-18,0.0
1955-05-19,0.0
1955-05-20,0.0
1955-05-23,0.0
1955-05-24,0.0
1955-05-25,0.0
1955-05-26,0.0
1955-05-27,0.0
1955-05-30,0.0
1955-05-31,0.0
1955-06-01,0.0
1955-06-02,0.0
1955-06-03,0.0
1955-06-06,0.0
1955-06-07,0.0
1955-06-08,0.0
1955-06-09,0.0
1955-06-10,0.0
1955-06-13,0.0
1955-06-14,0.0
1955-06-15,0.0
1955-06-16,0.0
1955-06-17,0.0
1955-06-20,0.0
1955-06-21,0.0
1955-06-22,0.0
1955-06-23,0.0
1955-06-24,0.0
1955-06-27,0.0
1955-06-28,0.0
1955-06-29,0.0
1955-06-30,0.0
1955-07-01,0.01291489086916453
1955-07-04,0.038739669421472556
1955-07-05,0.012908222537766356
1955-07-06,0.012906556530722924
1955-07-07,0.012904890953668868
1955-07-08,0.01290322580644876
1955-07-11,0.03870468326667709
1955-07-12,0.012896569512510503
1955-07-13,0.012894906511906612
1955-07-14,0.012893243940181875
1955-07-15,0.012891581797092044
1955-07-18,0.03866976024748947
1955-07-19,0.012884937508061967
1955-07-20,0.01288327750579299
1955-07-21,0.012881617931204126
1955-07-22,0.01287995878411774
1955-07-25,0.03863490019317961
1955-07-26,0.012873326467555124
1955-07-27,0.012871669455516432
1955-07-28,0.012870012870025427
1955-07-29,0.012868356710860063
1955-08-01,0.0
1955-08-02,0.0
1955-08-03,0.0
1955-08-04,0.0
1955-08-05,0.0
1955-08-08,0.0
1955-08-09,0.0
1955-08-10,0.0
1955-08-11,0.0
1955-08-12,0.0
1955-08-15,0.0
1955-08-16,0.0
1955-08-17,0.0
1955-08-18,0.0
1955-08-19,0.0
1955-08-22,0.0
1955-08-23,0.0
1955-08-24,0.0
1955-08-25,0.0
1955-08-26,0.0
1955-08-29,0.0
1955-08-30,0.0
1955-08-31,0.0
1955-09-01,0.012437810945264971
1955-09-02,0.01243626414624277
1955-09-05,0.037304153195694134
1955-09-06,0.01243008079554464
1955-09-07,0.012428535918473926
1955-09-08,0.012426991425362743
1955-09-09,0.012425447316100069
1955-09-12,0.0372717107715248
1955-09-13,0.012419274714381423
1955-09-14,0.012417732522029823
1955-09-15,0.012416190712682962
1955-09-16,0.012414649286141
1955-09-19,0.03723932472692315
1955-09-20,0.012408487405379809
1955-09-21,0.012406947890797326
1955-09-22,0.012405408758220382
1955-09-23,0.012403870007449136
1955-09-26,0.037206994915051084
1955-09-27,0.012397718819734393
1955-09-28,0.012396181975948828
1955-09-29,0.012394645513147395
1955-09-30,0.01239310943115246
1955-10-03,0.0
1955-10-04,0.0
1955-10-05,0.0
1955-10-06,0.0
1955-10-07,0.0
1955-10-10,0.0
1955-10-11,0.0
1955-10-12,0.0
1955-10-13,0.0
1955-10-14,0.0
1955-10-17,0.0
1955-10-18,0.0
1955-10-19,0.0
1955-10-20,0.0
1955-10-21,0.0
1955-10-24,0.0
1955-10-25,0.0
1955-10-26,0.0
1955-10-27,0.0
1955-10-28,0.0
1955-10-31,0.0
1955-11-01,0.0
1955-11-02,0.0
1955-11-03,0.0
1955-11-04,0.0
1955-11-07,0.0
1955-11-08,0.0
1955-11-09,0.0
1955-11-10,0.0
1955-11-11,0.0
1955-11-14,0.0
1955-11-15,0.0
1955-11-16,0.0
1955-11-17,0.0
1955-11-18,0.0
1955-11-21,0.0
1955-11-22,0.0
1955-11-23,0.0
1955-11-24,0.0
1955-11-25,0.0
1955-11-28,0.0
1955-11-29,0.0
1955-11-30,0.0
1955-12-01,-0.012391573729864103
1955-12-02,-0.012393109431163563
1955-12-05,-0.03718393653940888
1955-12-06,-0.012399256044637319
1955-12-07,-0.012400793650790831
1955-12-08,-0.012402331638350361
1955-12-09,-0.012403870007426931
1955-12-12,-0.037216226274661146
1955-12-13,-0.012410027302056648
1955-12-14,-0.012411567580983274
1955-12-15,-0.012413108242292914
1955-12-16,-0.012414649286163204
1955-12-19,-0.03724857213808219
1955-12-20,-0.012420817289771069
1955-12-21,-0.012422360248454112
1955-12-22,-0.012423903590497165
1955-12-23,-0.012425447316088967
1955-12-26,-0.03728097427614374
1955-12-27,-0.012431626056685907
1955-12-28,-0.012433171702086465
1955-12-29,-0.012434717731912848
1955-12-30,-0.012436264146253873
1956-01-02,0.0
1956-01-03,0.0
1956-01-04,0.0
1956-01-05,0.0
1956-01-06,0.0
1956-01-09,0.0
1956-01-10,0.0
1956-01-11,0.0
1956-01-12,0.0
1956-01-13,0.0
1956-01-16,0.0
1956-01-17,0.0
1956-01-18,0.0
1956-01-19,0.0
1956-01-20,0.0
1956-01-23,0.0
1956-01-24,0.0
1956-01-25,0.0
1956-01-26,0.0
1956-01-27,0.0
1956-01-30,0.0
1956-01-31,0.0
1956-02-01,0.0
1956-02-02,0.0
1956-02-03,0.0
1956-02-06,0.0
1956-02-07,0.0
1956-02-08,0.0
1956-02-09,0.0
1956-02-10,0.0
1956-02-13,0.0
1956-02-14,0.0
1956-02-15,0.0
1956-02-16,0.0
1956-02-17,0.0
1956-02-20,0.0
1956-02-21,0.0
1956-02-22,0.0
1956-02-23,0.0
1956-02-24,0.0
1956-02-27,0.0
1956-02-28,0.0
1956-02-29,0.0
1956-03-01,0.0
1956-03-02,0.0
1956-03-05,0.0
1956-03-06,0.0
1956-03-07,0.0
1956-03-08,0.0
1956-03-09,0.0
1956-03-12,0.0
1956-03-13,0.0
1956-03-14,0.0
1956-03-15,0.0
1956-03-16,0.0
1956-03-19,0.0
1956-03-20,0.0
1956-03-21,0.0
1956-03-22,0.0
1956-03-23,0.0
1956-03-26,0.0
1956-03-27,0.0
1956-03-28,0.0
1956-03-29,0.0
1956-03-30,0.0
1956-04-02,0.03610977371208968
1956-04-03,0.012032246420390358
1956-04-04,0.012030798845041879
1956-04-05,0.012029351617948159
1956-04-06,0.012027904738998174
1956-04-09,0.0360793746241761
1956-04-10,0.012022120702104289
1956-04-11,0.012020675561963401
1956-04-12,0.012019230769233502
1956-04-13,0.012017786323759161
1956-04-16,0.036049026676288065
1956-04-17,0.01201201201201929
1956-04-18,0.012010569300979768
1956-04-19,0.012009126936463055
1956-04-20,0.01200768491835813
1956-04-23,0.036018729739462074
1956-04-24,0.012001920307258551
1956-04-25,0.012000480019214166
1956-04-26,0.011999040076804413
1956-04-27,0.011997600479896064
1956-04-30,0.035988483685223116
1956-05-01,0.011991845545034074
1956-05-02,0.011990407673856396
1956-05-03,0.01198897014746958
1956-05-04,0.01198753296569599
1956-05-07,0.03595828838547366
1956-05-08,0.0119817876827355
1956-05-09,0.011980352222362711
1956-05-10,0.011978917105892606
1956-05-11,0.011977482333214162
1956-05-14,0.03592814371258246
1956-05-15,0.011971746677819084
1956-05-16,0.01197031362221157
1956-05-17,0.011968880909618562
1956-05-18,0.011967448539995651
1956-05-21,0.03589804953931797
1956-05-22,0.011961722488007531
1956-05-23,0.01196029183112568
1956-05-24,0.01195886151639236
1956-05-25,0.01195743154369655
1956-05-28,0.035868005738892705
1956-05-29,0.011951715071112368
1956-05-30,0.011950286806872157
1956-05-31,0.011948858883981117
1956-06-01,0.025542784163490317
1956-06-04,0.0766087844739527
1956-06-05,0.02551671344730444
1956-06-06,0.02551020408161353
1956-06-07,0.025503698036244415
1956-06-08,0.025497195308510356
1956-06-11,0.0764720876879954
1956-06-12,0.02547121752420889
1956-06-13,0.02546473134708016
1956-06-14,0.02545824847250966
1956-06-15,0.025451768897921667
1956-06-18,0.07633587786259888
1956-06-19,0.025425883549456962
1956-06-20,0.025419420437233775
1956-06-21,0.025412960609894064
1956-06-22,0.025406504065039748
1956-06-25,0.07620015240030753
1956-06-26,0.025380710659894667
1956-06-27,0.02537427048971974
1956-06-28,0.02536783358699779
1956-06-29,0.025361399949286323
1956-07-02,0.06893382352941568
1956-07-03,0.022962112514357536
1956-07-04,0.022956841138643824
1956-07-05,0.022951572182705604
1956-07-06,0.022946305644788723
1956-07-09,0.06882312456986117
1956-07-10,0.022925263640538596
1956-07-11,0.02292000916799264
1956-07-12,0.022914757103587036
1956-07-13,0.02290950744558984
1956-07-16,0.06871278057718477
1956-07-17,0.02288853284504455
1956-07-18,0.022883295194509046
1956-07-19,0.02287805994050096
1956-07-20,0.022872827081421576
1956-07-23,0.06860278984679447
1956-07-24,0.022851919561239775
1956-07-25,0.022846698652045916
1956-07-26,0.022841480127921976
1956-07-27,0.022836263987224825
1956-07-30,0.0684931506849118
1956-07-31,0.022815423226107967
1956-08-01,-0.011773016246763301
1956-08-02,-0.011774402449082899
1956-08-03,-0.011775788977852475
1956-08-06,-0.03533152749971569
1956-08-07,-0.011781338360039584
1956-08-08,-0.01178272652290202
1956-08-09,-0.011784115012969387
1956-08-10,-0.011785503830286093
1956-08-13,-0.035360678925033806
1956-08-14,-0.011791062374721939
1956-08-15,-0.011792452830194922
1956-08-16,-0.011793843613638888
1956-08-17,-0.011795234725175963
1956-08-20,-0.0353898784947404
1956-08-21,-0.011800802454564607
1956-08-22,-0.011802195208310273
1956-08-23,-0.011803588290826283
1956-08-24,-0.011804981702279171
1956-08-27,-0.035419126328228856
1956-08-28,-0.011810558639413493
1956-08-29,-0.011811953697138389
1956-08-30,-0.011813349084466296
1956-08-31,-0.011814744801519339
1956-09-03,0.03924646781789942
1956-09-04,0.01307702366939445
1956-09-05,0.013075313807542344
1956-09-06,0.01307360439273264
1956-09-07,0.013071895424832114
1956-09-10,0.03921056071101159
1956-09-11,0.013065064018813466
1956-09-12,0.01306335728281649
1956-09-13,0.013061650992685081
1956-09-14,0.013059945148241603
1956-09-17,0.03917471924783644
1956-09-18,0.013053126223727674
1956-09-19,0.01305142260508152
1956-09-20,0.013049719431013074
1956-09-21,0.013048016701455722
1956-09-24,0.03913894324854006
1956-09-25,0.013041210224296051
1956-09-26,0.013039509714429798
1956-09-27,0.013037809647964416
1956-09-28,0.013036110024766678
1956-10-01,0.033178500331776384
1956-10-02,0.01105583195135651
1956-10-03,0.011054609772265245
1956-10-04,0.01105338786338006
1956-10-05,0.011052166224589932
1956-10-08,0.033152834567373723
1956-10-09,0.01104728236855923
1956-10-10,0.011046062078823304
1956-10-11,0.011044842058782756
1956-10-12,0.011043622308126722
1956-10-15,0.033127208480565606
1956-10-16,0.011038745998459554
1956-10-17,0.01103752759381571
1956-10-18,0.011036309458112292
1956-10-19,0.011035091591260482
1956-10-22,0.033101621979469975
1956-10-23,0.011030222810504142
1956-10-24,0.011029006286533694
1956-10-25,0.011027790030881945
1956-10-26,0.011026574043437876
1956-10-29,0.03307607497242682
1956-10-30,0.011021712774161863
1956-10-31,0.011020498126512734
1956-11-01,0.0
1956-11-02,0.0
1956-11-05,0.0
1956-11-06,0.0
1956-11-07,0.0
1956-11-08,0.0
1956-11-09,0.0
1956-11-12,0.0
1956-11-13,0.0
1956-11-14,0.0
1956-11-15,0.0
1956-11-16,0.0
1956-11-19,0.0
1956-11-20,0.0
1956-11-21,0.0
1956-11-22,0.0
1956-11-23,0.0
1956-11-26,0.0
1956-11-27,0.0
1956-11-28,0.0
1956-11-29,0.0
1956-11-30,0.0
1956-12-03,0.03519061583578953
1956-12-04,0.011726078799245698
1956-12-05,0.011724703951232485
1956-12-06,0.011723329425561424
1956-12-07,0.011721955222121494
1956-12-10,0.035161744022493835
1956-12-11,0.011716461628585861
1956-12-12,0.011715089034680659
1956-12-13,0.011713716762340454
1956-12-14,0.011712344811454223
1956-12-17,0.035132919545599606
1956-12-18,0.011706860220095372
1956-12-19,0.011705489874747066
1956-12-20,0.0117041198501866
1956-12-21,0.01170275014628075
1956-12-24,0.03510414228877767
1956-12-25,0.011697274535027447
1956-12-26,0.011695906432751535
1956-12-27,0.011694538650441899
1956-12-28,0.011693171188009721
1956-12-31,0.03507541213609855
1957-01-01,0.0
1957-01-02,0.0
1957-01-03,0.0
1957-01-04,0.0
1957-01-07,0.0
1957-01-08,0.0
1957-01-09,0.0
1957-01-10,0.0
1957-01-11,0.0
1957-01-14,0.0
1957-01-15,0.0
1957-01-16,0.0
1957-01-17,0.0
1957-01-18,0.0
1957-01-21,0.0
1957-01-22,0.0
1957-01-23,0.0
1957-01-24,0.0
1957-01-25,0.0
1957-01-28,0.0
1957-01-29,0.0
1957-01-30,0.0
1957-01-31,0.0
1957-02-01,0.012939958592128598
1957-02-04,0.038814853150448414
1957-02-05,0.012933264355940999
1957-02-06,0.012931591878984072
1957-02-07,0.012929919834481218
1957-02-08,0.012928248222365823
1957-02-11,0.03877973112720312
1957-02-12,0.012921566093804238
1957-02-13,0.012919896640828377
1957-02-14,0.012918227619151956
1957-02-15,0.012916559028686159
1957-02-18,0.038744672607515795
1957-02-19,0.012909888974954598
1957-02-20,0.012908222537744152
1957-02-21,0.012906556530722924
1957-02-22,0.012904890953668868
1957-02-25,0.03870967741934628
1957-02-26,0.012898232942082366
1957-02-27,0.012896569512510503
1957-02-28,0.012894906511928816
1957-03-01,0.01244864932155032
1957-03-04,0.03734129947721154
1957-03-05,0.012442453651861918
1957-03-06,0.012440905697941318
1957-03-07,0.012439358129112676
1957-03-08,0.012437810945264971
1957-03-11,0.037308792438750515
1957-03-12,0.012431626056685907
1957-03-13,0.012430080795522436
1957-03-14,0.012428535918473926
1957-03-15,0.012426991425384948
1957-03-18,0.03727634194830021
1957-03-19,0.012420817289782171
1957-03-20,0.012419274714359219
1957-03-21,0.012417732522052027
1957-03-22,0.012416190712682962
1957-03-25,0.03724394785848961
1957-03-26,0.012410027302056648
1957-03-27,0.012408487405379809
1957-03-28,0.01240694789081953
1957-03-29,0.012405408758220382
1957-04-01,0.033723021582732216
1957-04-02,0.011237217664916699
1957-04-03,0.011235955056188018
1957-04-04,0.01123469273116573
1957-04-05,0.011233430689716606
1957-04-08,0.03369650679547753
1957-04-09,0.011228385358186266
1957-04-10,0.011227124733337313
1957-04-11,0.011225864391550822
1957-04-12,0.011224604332693566
1957-04-15,0.033670033670030186
1957-04-16,0.01121956692471393
1957-04-17,0.011218308279103972
1957-04-18,0.011217049915868138
1957-04-19,0.011215791834895406
1957-04-22,0.03364360210833528
1957-04-23,0.011210762331836932
1957-04-24,0.011209505660803032
1957-04-25,0.011208249271454918
1957-04-26,0.011206993163725976
1957-04-29,0.03361721201255996
1957-04-30,0.011201971546981326
1957-05-01,0.011562030292511238
1957-05-02,0.011560693641610165
1957-05-03,0.011559357299728568
1957-05-06,0.034674063800266275
1957-05-07,0.011554015020220909
1957-05-08,0.01155268022181577
1957-05-09,0.011551345731786178
1957-05-10,0.011550011549998906
1957-05-13,0.03464603302922864
1957-05-14,0.01154467790349667
1957-05-15,0.011543345261455507
1957-05-16,0.011542012927057144
1957-05-17,0.011540680900168354
1957-05-20,0.03461804754214537
1957-05-21,0.011535355865732733
1957-05-22,0.011534025374837498
1957-05-23,0.01153269519087452
1957-05-24,0.011531365313666164
1957-05-27,0.03459010722934863
1957-05-28,0.01152604887044717
1957-05-29,0.011524720525524224
1957-05-30,0.011523392486734174
1957-05-31,0.011522064754010408
1957-06-03,0.0382653061224536
1957-06-04,0.012750223128898952
1957-06-05,0.012748597654255178
1957-06-06,0.01274697259401325
1957-06-07,0.012745347947995533
1957-06-10,0.0382311711482064
1957-06-11,0.012738853503191372
1957-06-12,0.012737230926007648
1957-06-13,0.012735608762093342
1957-06-14,0.012733987011337433
1957-06-17,0.03819709702062024
1957-06-18,0.012727504136433865
1957-06-19,0.012725884448960834
1957-06-20,0.012724265173691407
1957-06-21,0.012722646310425745
1957-06-24,0.038163083577158474
1957-06-25,0.012716174974580774
1957-06-26,0.012714558169113488
1957-06-27,0.012712941774717379
1957-06-28,0.012711325791281425
1957-07-01,0.06470397929472238
1957-07-02,0.021554046772265245
1957-07-03,0.021549402004095164
1957-07-04,0.021544759237301925
1957-07-05,0.021540118470664282
1957-07-08,0.06460643910841668
1957-07-09,0.021521575379312985
1957-07-10,0.021516944593868992
1957-07-11,0.02151231580078683
1957-07-12,0.02150768899882305
1957-07-15,0.06450919255993615
1957-07-16,0.02148920167617252
1957-07-17,0.021484584810393947
1957-07-18,0.021479969928051013
1957-07-19,0.021475357027811448
1957-07-22,0.06441223832527321
1957-07-23,0.02145692522264042
1957-07-24,0.021452322213888486
1957-07-25,0.02144772117962379
1957-07-26,0.021443122118580682
1957-07-29,0.0643155750884361
1957-07-30,0.021424745581133386
1957-07-31,0.02142015636714678
1957-08-01,0.0
1957-08-02,0.0
1957-08-05,0.0
1957-08-06,0.0
1957-08-07,0.0
1957-08-08,0.0
1957-08-09,0.0
1957-08-12,0.0
1957-08-13,0.0
1957-08-14,0.0
1957-08-15,0.0
1957-08-16,0.0
1957-08-19,0.0
1957-08-20,0.0
1957-08-21,0.0
1957-08-22,0.0
1957-08-23,0.0
1957-08-26,0.0
1957-08-27,0.0
1957-08-28,0.0
1957-08-29,0.0
1957-08-30,0.0
1957-09-02,0.0
1957-09-03,0.0
1957-09-04,0.0
1957-09-05,0.0
1957-09-06,0.0
1957-09-09,0.0
1957-09-10,0.0
1957-09-11,0.0
1957-09-12,0.0
1957-09-13,0.0
1957-09-16,0.0
1957-09-17,0.0
1957-09-18,0.0
1957-09-19,0.0
1957-09-20,0.0
1957-09-23,0.0
1957-09-24,0.0
1957-09-25,0.0
1957-09-26,0.0
1957-09-27,0.0
1957-09-30,0.0
1957-10-01,0.0
1957-10-02,0.0
1957-10-03,0.0
1957-10-04,0.0
1957-10-07,0.0
1957-10-08,0.0
1957-10-09,0.0
1957-10-10,0.0
1957-10-11,0.0
1957-10-14,0.0
1957-10-15,0.0
1957-10-16,0.0
1957-10-17,0.0
1957-10-18,0.0
1957-10-21,0.0
1957-10-22,0.0
1957-10-23,0.0
1957-10-24,0.0
1957-10-25,0.0
1957-10-28,0.0
1957-10-29,0.0
1957-10-30,0.0
1957-10-31,0.0
1957-11-01,0.012184720360663981
1957-11-04,0.03654970760234022
1957-11-05,0.01217878455728183
1957-11-06,0.012177301509996852
1957-11-07,0.01217581882380081
1957-11-08,0.0121743364986715
1957-11-11,0.036518563603160636
1957-11-12,0.012168410805557528
1957-11-13,0.012166930283497024
1957-11-14,0.012165450121659482
1957-11-15,0.012163970319911677
1957-11-18,0.036487472634383344
1957-11-19,0.012158054711242094
1957-11-20,0.012156576707988975
1957-11-21,0.01215509906407064
1957-11-22,0.01215362177928725
1957-11-25,0.03645643456069436
1957-11-26,0.012147716229349292
1957-11-27,0.012146240738486469
1957-11-28,0.012144765606025842
1957-11-29,0.012143290831811981
1957-12-02,0.0
1957-12-03,0.0
1957-12-04,0.0
1957-12-05,0.0
1957-12-06,0.0
1957-12-09,0.0
1957-12-10,0.0
1957-12-11,0.0
1957-12-12,0.0
1957-12-13,0.0
1957-12-16,0.0
1957-12-17,0.0
1957-12-18,0.0
1957-12-19,0.0
1957-12-20,0.0
1957-12-23,0.0
1957-12-24,0.0
1957-12-25,0.0
1957-12-26,0.0
1957-12-27,0.0
1957-12-30,0.0
1957-12-31,0.0
1958-01-01,0.022716946842349373
1958-01-02,0.02271178741766189
1958-01-03,0.02270663033605569
1958-01-06,0.06810442678775175
1958-01-07,0.02268602540835829
1958-01-08,0.022680880018133287
1958-01-09,0.022675736961463855
1958-01-10,0.02267059623668466
1958-01-13,0.06799637352674637
1958-01-14,0.022650056625139747
1958-01-15,0.022644927536230597
1958-01-16,0.022639800769774787
1958-01-17,0.022634676324129188
1958-01-20,0.06788866259335169
1958-01-21,0.022614201718651472
1958-01-22,0.02260908885372004
1958-01-23,0.022603978300184124
1958-01-24,0.022598870056489417
1958-01-27,0.06778129236331143
1958-01-28,0.022578460149014212
1958-01-29,0.02257336343116645
1958-01-30,0.022568269013767406
1958-01-31,0.02256317689530718
1958-02-03,0.0
1958-02-04,0.0
1958-02-05,0.0
1958-02-06,0.0
1958-02-07,0.0
1958-02-10,0.0
1958-02-11,0.0
1958-02-12,0.0
1958-02-13,0.0
1958-02-14,0.0
1958-02-17,0.0
1958-02-18,0.0
1958-02-19,0.0
1958-02-20,0.0
1958-02-21,0.0
1958-02-24,0.0
1958-02-25,0.0
1958-02-26,0.0
1958-02-27,0.0
1958-02-28,0.0
1958-03-03,0.06767426122264997
1958-03-04,0.02254283137961277
1958-03-05,0.022537750732487538
1958-03-06,0.022532672374953044
1958-03-07,0.022527596305477182
1958-03-10,0.06756756756756133
1958-03-11,0.022507314877340256
1958-03-12,0.022502250225020504
1958-03-13,0.022497187851500122
1958-03-14,0.02249212775526921
1958-03-17,0.06746120980436476
1958-03-18,0.022471910112353832
1958-03-19,0.022466861379455416
1958-03-20,0.02246181491465382
1958-03-21,0.02245677071637253
1958-03-24,0.06735518634932713
1958-03-25,0.02243661655823015
1958-03-26,0.02243158366979081
1958-03-27,0.022426553038790153
1958-03-28,0.022421524663673864
1958-03-31,0.06724949562877391
1958-04-01,0.011574074074083285
1958-04-02,0.011572734637188553
1958-04-03,0.011571395510290294
1958-04-04,0.011570056693277486
1958-04-07,0.034706154558095115
1958-04-08,0.0115647045217937
1958-04-09,0.011563367252542811
1958-04-10,0.011562030292511238
1958-04-11,0.011560693641610165
1958-04-14,0.03467807189923011
1958-04-15,0.011555350127112618
1958-04-16,0.011554015020198705
1958-04-17,0.01155268022181577
1958-04-18,0.011551345731786178
1958-04-21,0.034650034650018924
1958-04-22,0.011546010853247246
1958-04-23,0.01154467790349667
1958-04-24,0.011543345261455507
1958-04-25,0.011542012927057144
1958-04-28,0.03462204270050506
1958-04-29,0.01153668666358243
1958-04-30,0.011535355865732733
1958-05-01,0.0
1958-05-02,0.0
1958-05-05,0.0
1958-05-06,0.0
1958-05-07,0.0
1958-05-08,0.0
1958-05-09,0.0
1958-05-12,0.0
1958-05-13,0.0
1958-05-14,0.0
1958-05-15,0.0
1958-05-16,0.0
1958-05-19,0.0
1958-05-20,0.0
1958-05-21,0.0
1958-05-22,0.0
1958-05-23,0.0
1958-05-26,0.0
1958-05-27,0.0
1958-05-28,0.0
1958-05-29,0.0
1958-05-30,0.0
1958-06-02,0.0
1958-06-03,0.0
1958-06-04,0.0
1958-06-05,0.0
1958-06-06,0.0
1958-06-09,0.0
1958-06-10,0.0
1958-06-11,0.0
1958-06-12,0.0
1958-06-13,0.0
1958-06-16,0.0
1958-06-17,0.0
1958-06-18,0.0
1958-06-19,0.0
1958-06-20,0.0
1958-06-23,0.0
1958-06-24,0.0
1958-06-25,0.0
1958-06-26,0.0
1958-06-27,0.0
1958-06-30,0.0
1958-07-01,0.01116196004018466
1958-07-02,0.011160714285707307
1958-07-03,0.011159468809296413
1958-07-04,0.011158223610796547
1958-07-07,0.0334709360705121
1958-07-08,0.011153245594464067
1958-07-09,0.011152001784320298
1958-07-10,0.011150758251554649
1958-07-11,0.011149514996100507
1958-07-14,0.033444816053518345
1958-07-15,0.011144544745333995
1958-07-16,0.011143302874971894
1958-07-17,0.01114206128132178
1958-07-18,0.011140819964361448
1958-07-21,0.03341873677176199
1958-07-22,0.011135857460997656
1958-07-23,0.011134617525909718
1958-07-24,0.011133377866845429
1958-07-25,0.011132138483782583
1958-07-28,0.033392698130008114
1958-07-29,0.011127183709813693
1958-07-30,0.01112594570538139
1958-07-31,0.01112470797643983
1958-08-01,-0.011890606420927874
1958-08-04,-0.03567606136282153
1958-08-05,-0.01189626457293036
1958-08-06,-0.011897679952410645
1958-08-07,-0.011899095668732595
1958-08-08,-0.011900511721996132
1958-08-11,-0.03570578433707006
1958-08-12,-0.011906179307064058
1958-08-13,-0.0119075970469118
1958-08-14,-0.011909015124467182
1958-08-15,-0.011910433539774612
1958-08-18,-0.03573555687909069
1958-08-19,-0.011916110581511319
1958-08-20,-0.011917530687644007
1958-08-21,-0.0119189511323059
1958-08-22,-0.011920371915596917
1958-08-25,-0.035765379113039675
1958-08-26,-0.01192605843767236
1958-08-27,-0.011927480916029687
1958-08-28,-0.011928903733737783
1958-08-29,-0.011930326890963183
1958-09-01,0.0
1958-09-02,0.0
1958-09-03,0.0
1958-09-04,0.0
1958-09-05,0.0
1958-09-08,0.0
1958-09-09,0.0
1958-09-10,0.0
1958-09-11,0.0
1958-09-12,0.0
1958-09-15,0.0
1958-09-16,0.0
1958-09-17,0.0
1958-09-18,0.0
1958-09-19,0.0
1958-09-22,0.0
1958-09-23,0.0
1958-09-24,0.0
1958-09-25,0.0
1958-09-26,0.0
1958-09-29,0.0
1958-09-30,0.0
1958-10-01,0.0
1958-10-02,0.0
1958-10-03,0.0
1958-10-06,0.0
1958-10-07,0.0
1958-10-08,0.0
1958-10-09,0.0
1958-10-10,0.0
1958-10-13,0.0
1958-10-14,0.0
1958-10-15,0.0
1958-10-16,0.0
1958-10-17,0.0
1958-10-20,0.0
1958-10-21,0.0
1958-10-22,0.0
1958-10-23,0.0
1958-10-24,0.0
1958-10-27,0.0
1958-10-28,0.0
1958-10-29,0.0
1958-10-30,0.0
1958-10-31,0.0
1958-11-03,0.03707365299061571
1958-11-04,0.01235330450894967
1958-11-05,0.012351778656127799
1958-11-06,0.01235025318020444
1958-11-07,0.012348728081001958
1958-11-10,0.03704161007531681
1958-11-11,0.012342631449024921
1958-11-12,0.01234110823151724
1958-11-13,0.012339585389931074
1958-11-14,0.012338062924133197
1958-11-17,0.03700962250186013
1958-11-18,0.012331976815893597
1958-11-19,0.012330456226883335
1958-11-20,0.012328936012817593
1958-11-21,0.012327416173585348
1958-11-24,0.03697769012693808
1958-11-25,0.012321340561838312
1958-11-26,0.012319822594575314
1958-11-27,0.012318305001213226
1958-11-28,0.012316787781752048
1958-12-01,-0.031347962382444194
1958-12-02,-0.010452597470478331
1958-12-03,-0.010453690152623096
1958-12-04,-0.01045478306325176
1958-12-05,-0.010455876202430936
1958-12-08,-0.031370908710648404
1958-12-09,-0.010460251046029434
1958-12-10,-0.010461345329004779
1958-12-11,-0.010462439840974724
1958-12-12,-0.01046353458198368
1958-12-15,-0.031393888656339186
1958-12-16,-0.010467915837963915
1958-12-17,-0.010469011725300348
1958-12-18,-0.010470107842108778
1958-12-19,-0.010471204188500227
1958-12-22,-0.03141690229340188
1958-12-23,-0.010475591870939827
1958-12-24,-0.01047668936617896
1958-12-25,-0.010477787091367485
1958-12-26,-0.01047888504663863
1958-12-29,-0.031439949696066005
1958-12-30,-0.010483279169726245
1958-12-31,-0.010484378276376383
1959-01-01,0.011534025374859702
1959-01-02,0.011532695190852316
1959-01-05,0.034594095940954084
1959-01-06,0.01152737752163624
1959-01-07,0.01152604887044717
1959-01-08,0.011524720525524224
1959-01-09,0.011523392486756379
1959-01-12,0.03456619426200902
1959-01-13,0.011518083390904543
1959-01-14,0.011516756881269075
1959-01-15,0.011515430677100369
1959-01-16,0.011514104778354017
1959-01-19,0.034538337554668175
1959-01-20,0.011508804235238479
1959-01-21,0.011507479861916359
1959-01-22,0.011506155793350459
1959-01-23,0.011504832029451961
1959-01-26,0.034510525710351736
1959-01-27,0.011499540018378163
1959-01-28,0.01149821777624016
1959-01-29,0.011496895838103427
1959-01-30,0.011495574203945758
1959-02-02,-0.036945812807898104
1959-02-03,-0.012319822594542007
1959-02-04,-0.012321340561849414
1959-02-05,-0.012322858903268674
1959-02-06,-0.012324377618921911
1959-02-09,-0.03697769012696028
1959-02-10,-0.012330456226883335
1959-02-11,-0.012331976815893597
1959-02-12,-0.012333497779959401
1959-02-13,-0.012335019119280588
1959-02-16,-0.03700962250184903
1959-02-17,-0.012341108231528342
1959-02-18,-0.012342631449013819
1959-02-19,-0.012344155042587346
1959-02-20,-0.01234567901233774
1959-02-23,-0.03704161007531681
1959-02-24,-0.012351778656127799
1959-02-25,-0.012353304508960772
1959-02-26,-0.012354830738814382
1959-02-27,-0.012356357345855162
1959-03-02,0.0
1959-03-03,0.0
1959-03-04,0.0
1959-03-05,0.0
1959-03-06,0.0
1959-03-09,0.0
1959-03-10,0.0
1959-03-11,0.0
1959-03-12,0.0
1959-03-13,0.0
1959-03-16,0.0
1959-03-17,0.0
1959-03-18,0.0
1959-03-19,0.0
1959-03-20,0.0
1959-03-23,0.0
1959-03-24,0.0
1959-03-25,0.0
1959-03-26,0.0
1959-03-27,0.0
1959-03-30,0.0
1959-03-31,0.0
1959-04-01,0.011534025374859702
1959-04-02,0.011532695190852316
1959-04-03,0.011531365313666164
1959-04-06,0.03459010722934863
1959-04-07,0.01152604887044717
1959-04-08,0.011524720525524224
1959-04-09,0.011523392486756379
1959-04-10,0.011522064754010408
1959-04-13,0.034562211981548074
1959-04-14,0.011516756881269075
1959-04-15,0.011515430677100369
1959-04-16,0.011514104778354017
1959-04-17,0.011512779184896793
1959-04-20,0.034534361689875226
1959-04-21,0.011507479861916359
1959-04-22,0.011506155793350459
1959-04-23,0.011504832029451961
1959-04-24,0.011503508570109844
1959-04-27,0.03450655624568366
1959-04-28,0.01149821777624016
1959-04-29,0.011496895838103427
1959-04-30,0.011495574203945758
1959-05-01,0.0
1959-05-04,0.0
1959-05-05,0.0
1959-05-06,0.0
1959-05-07,0.0
1959-05-08,0.0
1959-05-11,0.0
1959-05-12,0.0
1959-05-13,0.0
1959-05-14,0.0
1959-05-15,0.0
1959-05-18,0.0
1959-05-19,0.0
1959-05-20,0.0
1959-05-21,0.0
1959-05-22,0.0
1959-05-25,0.0
1959-05-26,0.0
1959-05-27,0.0
1959-05-28,0.0
1959-05-29,0.0
1959-06-01,0.0323275862068817
1959-06-02,0.010772379618662065
1959-06-03,0.010771219302019297
1959-06-04,0.010770059235332141
1959-06-05,0.010768899418489575
1959-06-08,0.03230321955420834
1959-06-09,0.010764262648010892
1959-06-10,0.010763104079214436
1959-06-11,0.010761945759774072
1959-06-12,0.010760787689667595
1959-06-15,0.032278889606196515
1959-06-16,0.010756157900382313
1959-06-17,0.01075500107550198
1959-06-18,0.010753844499400422
1959-06-19,0.010752688172055436
1959-06-22,0.032254596279979175
1959-06-23,0.010748065348220592
1959-06-24,0.010746910263303988
1959-06-25,0.010745755426611048
1959-06-26,0.010744600838075158
1959-06-29,0.03223033949291132
1959-06-30,0.010739984964014404
1959-07-01,0.011085245538189348
1959-07-02,0.011084016847706657
1959-07-03,0.011082788429561674
1959-07-06,0.03324468085106336
1959-07-07,0.011077877478671283
1959-07-08,0.011076650420904777
1959-07-09,0.011075423634965276
1959-07-10,0.011074197120719553
1959-07-13,0.03321891263425858
1959-07-14,0.011069293779053524
1959-07-15,0.011068068622033245
1959-07-16,0.011066843736173837
1959-07-17,0.011065619121386483
1959-07-20,0.03319318433281371
1959-07-21,0.011060723371314474
1959-07-22,0.01105950011059953
1959-07-23,0.011058277120423732
1959-07-24,0.011057054400720467
1959-07-27,0.03316749585406953
1959-07-28,0.011052166224567728
1959-07-29,0.01105094485578384
1959-07-30,0.011049723756917373
1959-07-31,0.011048502927857307
1959-08-03,0.0
1959-08-04,0.0
1959-08-05,0.0
1959-08-06,0.0
1959-08-07,0.0
1959-08-10,0.0
1959-08-11,0.0
1959-08-12,0.0
1959-08-13,0.0
1959-08-14,0.0
1959-08-17,0.0
1959-08-18,0.0
1959-08-19,0.0
1959-08-20,0.0
1959-08-21,0.0
1959-08-24,0.0
1959-08-25,0.0
1959-08-26,0.0
1959-08-27,0.0
1959-08-28,0.0
1959-08-31,0.0
1959-09-01,0.011415525114166769
1959-09-02,0.011414222120764705
1959-09-03,0.01141291942479139
1959-09-04,0.011411617026113596
1959-09-07,0.03423094477408295
1959-09-08,0.011406410402647893
1959-09-09,0.011405109489048826
1959-09-10,0.011403808872167964
1959-09-11,0.011402508551894286
1959-09-14,0.03420362558428369
1959-09-15,0.01139731023480639
1959-09-16,0.011396011396014316
1959-09-17,0.011394712853229905
1959-09-18,0.011393414606364338
1959-09-21,0.03417634996580876
1959-09-22,0.011388224575781258
1959-09-23,0.011386927806888991
1959-09-24,0.011385631333249435
1959-09-25,0.011384335154818181
1959-09-28,0.03414911781445262
1959-09-29,0.011379153391000152
1959-09-30,0.011377858686989484
1959-10-01,0.011376564277587597
1959-10-02,0.011375270162661266
1959-10-05,0.03412192902636502
1959-10-06,0.011370096645846317
1959-10-07,0.011368804001832267
1959-10-08,0.011367511651694251
1959-10-09,0.011366219595343452
1959-10-12,0.03409478349813977
1959-10-13,0.011361054305858431
1959-10-14,0.011359763716911608
1959-10-15,0.011358473421174686
1959-10-16,0.011357183418492234
1959-10-19,0.034067681126503935
1959-10-20,0.011352026336708398
1959-10-21,0.011350737797943822
1959-10-22,0.011349449551700808
1959-10-23,0.011348161597823925
1959-10-26,0.03404062180869527
1959-10-27,0.01134301270415694
1959-10-28,0.011341726210734038
1959-10-29,0.011340440009077746
1959-10-30,0.011339154099099247
1959-11-02,0.0
1959-11-03,0.0
1959-11-04,0.0
1959-11-05,0.0
1959-11-06,0.0
1959-11-09,0.0
1959-11-10,0.0
1959-11-11,0.0
1959-11-12,0.0
1959-11-13,0.0
1959-11-16,0.0
1959-11-17,0.0
1959-11-18,0.0
1959-11-19,0.0
1959-11-20,0.0
1959-11-23,0.0
1959-11-24,0.0
1959-11-25,0.0
1959-11-26,0.0
1959-11-27,0.0
1959-11-30,0.0
1959-12-01,0.0
1959-12-02,0.0
1959-12-03,0.0
1959-12-04,0.0
1959-12-07,0.0
1959-12-08,0.0
1959-12-09,0.0
1959-12-10,0.0
1959-12-11,0.0
1959-12-14,0.0
1959-12-15,0.0
1959-12-16,0.0
1959-12-17,0.0
1959-12-18,0.0
1959-12-21,0.0
1959-12-22,0.0
1959-12-23,0.0
1959-12-24,0.0
1959-12-25,0.0
1959-12-28,0.0
1959-12-29,0.0
1959-12-30,0.0
1959-12-31,0.0
1960-01-01,-0.01172882946282039
1960-01-04,-0.03519061583577843
1960-01-05,-0.011734334663227042
1960-01-06,-0.011735711770921586
1960-01-07,-0.011737089201868667
1960-01-08,-0.011738466956223714
1960-01-11,-0.035219535102148924
1960-01-12,-0.011743981209622056
1960-01-13,-0.011745360582571251
1960-01-14,-0.011746740279572343
1960-01-15,-0.011748120300747456
1960-01-18,-0.035248501938678345
1960-01-19,-0.011753643629519583
1960-01-20,-0.01175502527330785
1960-01-21,-0.011756407241947375
1960-01-22,-0.011757789535582486
1960-01-25,-0.035277516462828284
1960-01-26,-0.011763321962121598
1960-01-27,-0.011764705882344462
1960-01-28,-0.01176609012825125
1960-01-29,-0.01176747469993078
1960-02-01,0.033028734999462905
1960-02-02,0.011005943209330127
1960-02-03,0.011004732034769482
1960-02-04,0.011003521126773386
1960-02-05,0.01100231048520861
1960-02-08,0.03300330033002563
1960-02-09,0.010997470581775026
1960-02-10,0.010996261271167818
1960-02-11,0.010995052226503432
1960-02-12,0.010993843447648644
1960-02-15,0.03297790480378815
1960-02-16,0.01098901098901539
1960-02-17,0.010987803538053953
1960-02-18,0.010986596352458022
1960-02-19,0.010985389432049963
1960-02-22,0.03295254833040051
1960-02-23,0.010980564401008586
1960-02-24,0.010979358805451866
1960-02-25,0.01097815347459452
1960-02-26,0.010976948408347731
1960-02-29,0.03292723081989024
1960-03-01,0.0
1960-03-02,0.0
1960-03-03,0.0
1960-03-04,0.0
1960-03-07,0.0
1960-03-08,0.0
1960-03-09,0.0
1960-03-10,0.0
1960-03-11,0.0
1960-03-14,0.0
1960-03-15,0.0
1960-03-16,0.0
1960-03-17,0.0
1960-03-18,0.0
1960-03-21,0.0
1960-03-22,0.0
1960-03-23,0.0
1960-03-24,0.0
1960-03-25,0.0
1960-03-28,0.0
1960-03-29,0.0
1960-03-30,0.0
1960-03-31,0.0
1960-04-01,0.011728829462831492
1960-04-04,0.035182361909202875
1960-04-05,0.011723329425561424
1960-04-06,0.011721955222143698
1960-04-07,0.011720581340823877
1960-04-08,0.011719207781535346
1960-04-11,0.03515350363254566
1960-04-12,0.011713716762340454
1960-04-13,0.011712344811432018
1960-04-14,0.011710973181866535
1960-04-15,0.011709601873532982
1960-04-18,0.035124692658938805
1960-04-19,0.0117041198501866
1960-04-20,0.01170275014628075
1960-04-21,0.011701380762940694
1960-04-22,0.011700011700011004
1960-04-25,0.03509592887225299
1960-04-26,0.011694538650441899
1960-04-27,0.011693171188031926
1960-04-28,0.011691804045366183
1960-04-29,0.011690437222355854
1960-05-02,0.0
1960-05-03,0.0
1960-05-04,0.0
1960-05-05,0.0
1960-05-06,0.0
1960-05-09,0.0
1960-05-10,0.0
1960-05-11,0.0
1960-05-12,0.0
1960-05-13,0.0
1960-05-16,0.0
1960-05-17,0.0
1960-05-18,0.0
1960-05-19,0.0
1960-05-20,0.0
1960-05-23,0.0
1960-05-24,0.0
1960-05-25,0.0
1960-05-26,0.0
1960-05-27,0.0
1960-05-30,0.0
1960-05-31,0.0
1960-06-01,0.011299435028266913
1960-06-02,0.011298158400174785
1960-06-03,0.011296882060563007
1960-06-06,0.03388681802778404
1960-06-07,0.011291779584454709
1960-06-08,0.011290504685557146
1960-06-09,0.011289230074518208
1960-06-10,0.01128795575120467
1960-06-13,0.03386004514671637
1960-06-14,0.011282861333627991
1960-06-15,0.01128158844765359
1960-06-16,0.011280315848849476
1960-06-17,0.011279043537104627
1960-06-20,0.033833314537035086
1960-06-21,0.011273957158985937
1960-06-22,0.011272686281160738
1960-06-23,0.011271415689795283
1960-06-24,0.01127014538486737
1960-06-27,0.03380662609873131
1960-06-28,0.01126506702715524
1960-06-29,0.011263798152727489
1960-06-30,0.011262529564137758
1960-07-01,0.0
1960-07-04,0.0
1960-07-05,0.0
1960-07-06,0.0
1960-07-07,0.0
1960-07-08,0.0
1960-07-11,0.0
1960-07-12,0.0
1960-07-13,0.0
1960-07-14,0.0
1960-07-15,0.0
1960-07-18,0.0
1960-07-19,0.0
1960-07-20,0.0
1960-07-21,0.0
1960-07-22,0.0
1960-07-25,0.0
1960-07-26,0.0
1960-07-27,0.0
1960-07-28,0.0
1960-07-29,0.0
1960-08-01,0.0
1960-08-02,0.0
1960-08-03,0.0
1960-08-04,0.0
1960-08-05,0.0
1960-08-08,0.0
1960-08-09,0.0
1960-08-10,0.0
1960-08-11,0.0
1960-08-12,0.0
1960-08-15,0.0
1960-08-16,0.0
1960-08-17,0.0
1960-08-18,0.0
1960-08-19,0.0
1960-08-22,0.0
1960-08-23,0.0
1960-08-24,0.0
1960-08-25,0.0
1960-08-26,0.0
1960-08-29,0.0
1960-08-30,0.0
1960-08-31,0.0
1960-09-01,0.0
1960-09-02,0.0
1960-09-05,0.0
1960-09-06,0.0
1960-09-07,0.0
1960-09-08,0.0
1960-09-09,0.0
1960-09-12,0.0
1960-09-13,0.0
1960-09-14,0.0
1960-09-15,0.0
1960-09-16,0.0
1960-09-19,0.0
1960-09-20,0.0
1960-09-21,0.0
1960-09-22,0.0
1960-09-23,0.0
1960-09-26,0.0
1960-09-27,0.0
1960-09-28,0.0
1960-09-29,0.0
1960-09-30,0.0
1960-10-03,0.0653879686137726
1960-10-04,0.021781746896087917
1960-10-05,0.021777003484335644
1960-10-06,0.021772262138042286
1960-10-07,0.02176752285589778
1960-10-10,0.06528835690966517
1960-10-11,0.02174858634189647
1960-10-12,0.021743857360290164
1960-10-13,0.02173913043477249
1960-10-14,0.02173440556398898
1960-10-17,0.0651890482399109
1960-10-18,0.02171552660152898
1960-10-19,0.02171081198436564
1960-10-20,0.02170609941394286
1960-10-21,0.021701388888883955
1960-10-24,0.065090041223681
1960-10-25,0.021682567215974835
1960-10-26,0.021677866897884535
1960-10-27,0.021673168617253324
1960-10-28,0.021668472372704528
1960-10-31,0.06499133448873984
1960-11-01,0.0
1960-11-02,0.0
1960-11-03,0.0
1960-11-04,0.0
1960-11-07,0.0
1960-11-08,0.0
1960-11-09,0.0
1960-11-10,0.0
1960-11-11,0.0
1960-11-14,0.0
1960-11-15,0.0
1960-11-16,0.0
1960-11-17,0.0
1960-11-18,0.0
1960-11-21,0.0
1960-11-22,0.0
1960-11-23,0.0
1960-11-24,0.0
1960-11-25,0.0
1960-11-28,0.0
1960-11-29,0.0
1960-11-30,0.0
1960-12-01,0.0
1960-12-02,0.0
1960-12-05,0.0
1960-12-06,0.0
1960-12-07,0.0
1960-12-08,0.0
1960-12-09,0.0
1960-12-12,0.0
1960-12-13,0.0
1960-12-14,0.0
1960-12-15,0.0
1960-12-16,0.0
1960-12-19,0.0
1960-12-20,0.0
1960-12-21,0.0
1960-12-22,0.0
1960-12-23,0.0
1960-12-26,0.0
1960-12-27,0.0
1960-12-28,0.0
1960-12-29,0.0
1960-12-30,0.0
1961-01-02,0.0
1961-01-03,0.0
1961-01-04,0.0
1961-01-05,0.0
1961-01-06,0.0
1961-01-09,0.0
1961-01-10,0.0
1961-01-11,0.0
1961-01-12,0.0
1961-01-13,0.0
1961-01-16,0.0
1961-01-17,0.0
1961-01-18,0.0
1961-01-19,0.0
1961-01-20,0.0
1961-01-23,0.0
1961-01-24,0.0
1961-01-25,0.0
1961-01-26,0.0
1961-01-27,0.0
1961-01-30,0.0
1961-01-31,0.0
1961-02-01,0.0
1961-02-02,0.0
1961-02-03,0.0
1961-02-06,0.0
1961-02-07,0.0
1961-02-08,0.0
1961-02-09,0.0
1961-02-10,0.0
1961-02-13,0.0
1961-02-14,0.0
1961-02-15,0.0
1961-02-16,0.0
1961-02-17,0.0
1961-02-20,0.0
1961-02-21,0.0
1961-02-22,0.0
1961-02-23,0.0
1961-02-24,0.0
1961-02-27,0.0
1961-02-28,0.0
1961-03-01,0.0
1961-03-02,0.0
1961-03-03,0.0
1961-03-06,0.0
1961-03-07,0.0
1961-03-08,0.0
1961-03-09,0.0
1961-03-10,0.0
1961-03-13,0.0
1961-03-14,0.0
1961-03-15,0.0
1961-03-16,0.0
1961-03-17,0.0
1961-03-20,0.0
1961-03-21,0.0
1961-03-22,0.0
1961-03-23,0.0
1961-03-24,0.0
1961-03-27,0.0
1961-03-28,0.0
1961-03-29,0.0
1961-03-30,0.0
1961-03-31,0.0
1961-04-03,0.0
1961-04-04,0.0
1961-04-05,0.0
1961-04-06,0.0
1961-04-07,0.0
1961-04-10,0.0
1961-04-11,0.0
1961-04-12,0.0
1961-04-13,0.0
1961-04-14,0.0
1961-04-17,0.0
1961-04-18,0.0
1961-04-19,0.0
1961-04-20,0.0
1961-04-21,0.0
1961-04-24,0.0
1961-04-25,0.0
1961-04-26,0.0
1961-04-27,0.0
1961-04-28,0.0
1961-05-01,0.0
1961-05-02,0.0
1961-05-03,0.0
1961-05-04,0.0
1961-05-05,0.0
1961-05-08,0.0
1961-05-09,0.0
1961-05-10,0.0
1961-05-11,0.0
1961-05-12,0.0
1961-05-15,0.0
1961-05-16,0.0
1961-05-17,0.0
1961-05-18,0.0
1961-05-19,0.0
1961-05-22,0.0
1961-05-23,0.0
1961-05-24,0.0
1961-05-25,0.0
1961-05-26,0.0
1961-05-29,0.0
1961-05-30,0.0
1961-05-31,0.0
1961-06-01,0.0
1961-06-02,0.0
1961-06-05,0.0
1961-06-06,0.0
1961-06-07,0.0
1961-06-08,0.0
1961-06-09,0.0
1961-06-12,0.0
1961-06-13,0.0
1961-06-14,0.0
1961-06-15,0.0
1961-06-16,0.0
1961-06-19,0.0
1961-06-20,0.0
1961-06-21,0.0
1961-06-22,0.0
1961-06-23,0.0
1961-06-26,0.0
1961-06-27,0.0
1961-06-28,0.0
1961-06-29,0.0
1961-06-30,0.0
1961-07-03,0.06494912318684154
1961-07-04,0.02163565556037028
1961-07-05,0.021630975556985454
1961-07-06,0.021626297577848064
1961-07-07,0.02162162162162584
1961-07-10,0.06485084306093736
1961-07-11,0.021602937999576355
1961-07-12,0.02159827213823462
1961-07-13,0.021593608291947675
1961-07-14,0.02158894645942766
1961-07-17,0.06475285991798252
1961-07-18,0.021570319240726832
1961-07-19,0.02156566745741273
1961-07-20,0.021561017680049588
1961-07-21,0.02155636990730514
1961-07-24,0.0646551724137634
1961-07-25,0.02153779883697915
1961-07-26,0.021533161068054696
1961-07-27,0.02152852529599958
1961-07-28,0.02152389151957035
1961-07-31,0.06455777921241523
1961-08-01,-0.010752688172055436
1961-08-02,-0.010753844499400422
1961-08-03,-0.01075500107550198
1961-08-04,-0.010756157900393415
1961-08-07,-0.03227194492255725
1961-08-08,-0.010760787689656492
1961-08-09,-0.010761945759807379
1961-08-10,-0.010763104079192232
1961-08-11,-0.010764262648010892
1961-08-14,-0.03229626439876787
1961-08-15,-0.01076889941846737
1961-08-16,-0.010770059235332141
1961-08-17,-0.010771219302019297
1961-08-18,-0.010772379618662065
1961-08-21,-0.03232062055592566
1961-08-22,-0.010777023386132623
1961-08-23,-0.01077818495365257
1961-08-24,-0.01077934677158332
1961-08-25,-0.010780508840024794
1961-08-28,-0.032345013477086404
1961-08-29,-0.010785159620363416
1961-08-30,-0.010786322942513138
1961-08-31,-0.010787486515639877
1961-09-01,0.01153269519087452
1961-09-04,0.034594095940954084
1961-09-05,0.01152737752163624
1961-09-06,0.011526048870469374
1961-09-07,0.011524720525524224
1961-09-08,0.011523392486734174
1961-09-11,0.03456619426200902
1961-09-12,0.011518083390926748
1961-09-13,0.01151675688124687
1961-09-14,0.011515430677100369
1961-09-15,0.011514104778354017
1961-09-18,0.03453833755469038
1961-09-19,0.011508804235238479
1961-09-20,0.011507479861916359
1961-09-21,0.011506155793350459
1961-09-22,0.011504832029451961
1961-09-25,0.034510525710351736
1961-09-26,0.011499540018400367
1961-09-27,0.01149821777624016
1961-09-28,0.011496895838125631
1961-09-29,0.011495574203923553
1961-10-02,0.0
1961-10-03,0.0
1961-10-04,0.0
1961-10-05,0.0
1961-10-06,0.0
1961-10-09,0.0
1961-10-10,0.0
1961-10-11,0.0
1961-10-12,0.0
1961-10-13,0.0
1961-10-16,0.0
1961-10-17,0.0
1961-10-18,0.0
1961-10-19,0.0
1961-10-20,0.0
1961-10-23,0.0
1961-10-24,0.0
1961-10-25,0.0
1961-10-26,0.0
1961-10-27,0.0
1961-10-30,0.0
1961-10-31,0.0
1961-11-01,0.0
1961-11-02,0.0
1961-11-03,0.0
1961-11-06,0.0
1961-11-07,0.0
1961-11-08,0.0
1961-11-09,0.0
1961-11-10,0.0
1961-11-13,0.0
1961-11-14,0.0
1961-11-15,0.0
1961-11-16,0.0
1961-11-17,0.0
1961-11-20,0.0
1961-11-21,0.0
1961-11-22,0.0
1961-11-23,0.0
1961-11-24,0.0
1961-11-27,0.0
1961-11-28,0.0
1961-11-29,0.0
1961-11-30,0.0
1961-12-01,0.0
1961-12-04,0.0
1961-12-05,0.0
1961-12-06,0.0
1961-12-07,0.0
1961-12-08,0.0
1961-12-11,0.0
1961-12-12,0.0
1961-12-13,0.0
1961-12-14,0.0
1961-12-15,0.0
1961-12-18,0.0
1961-12-19,0.0
1961-12-20,0.0
1961-12-21,0.0
1961-12-22,0.0
1961-12-25,0.0
1961-12-26,0.0
1961-12-27,0.0
1961-12-28,0.0
1961-12-29,0.0
1962-01-01,0.0
1962-01-02,0.0
1962-01-03,0.0
1962-01-04,0.0
1962-01-05,0.0
1962-01-08,0.0
1962-01-09,0.0
1962-01-10,0.0
1962-01-11,0.0
1962-01-12,0.0
1962-01-15,0.0
1962-01-16,0.0
1962-01-17,0.0
1962-01-18,0.0
1962-01-19,0.0
1962-01-22,0.0
1962-01-23,0.0
1962-01-24,0.0
1962-01-25,0.0
1962-01-26,0.0
1962-01-29,0.0
1962-01-30,0.0
1962-01-31,0.0
1962-02-01,0.011904761904757422
1962-02-02,0.011903344839891972
1962-02-05,0.03570578433707006
1962-02-06,0.011897679952421747
1962-02-07,0.011896264572919257
1962-02-08,0.011894849530147411
1962-02-09,0.011893434823972981
1962-02-12,0.035676061362832634
1962-02-13,0.011887779362806938
1962-02-14,0.01188636633782103
1962-02-15,0.011884953648677588
1962-02-16,0.011883541295287792
1962-02-19,0.03564638783271068
1962-02-20,0.01187789523697802
1962-02-21,0.011876484560557898
1962-02-22,0.01187507421922529
1962-02-23,0.011873664212780355
1962-02-26,0.035616763623402825
1962-02-27,0.011868027533812331
1962-02-28,0.011866619200184836
1962-03-01,0.0
1962-03-02,0.0
1962-03-05,0.0
1962-03-06,0.0
1962-03-07,0.0
1962-03-08,0.0
1962-03-09,0.0
1962-03-12,0.0
1962-03-13,0.0
1962-03-14,0.0
1962-03-15,0.0
1962-03-16,0.0
1962-03-19,0.0
1962-03-20,0.0
1962-03-21,0.0
1962-03-22,0.0
1962-03-23,0.0
1962-03-26,0.0
1962-03-27,0.0
1962-03-28,0.0
1962-03-29,0.0
1962-03-30,0.0
1962-04-02,0.03215089486656719
1962-04-03,0.010713520462823922
1962-04-04,0.010712372790577795
1962-04-05,0.010711225364179455
1962-04-06,0.010710078183562288
1962-04-09,0.03212679374597904
1962-04-10,0.01070549191735104
1962-04-11,0.010704345964462902
1962-04-12,0.01070320025686744
1962-04-13,0.010702054794520244
1962-04-16,0.03210272873195308
1962-04-17,0.010697475395793354
1962-04-18,0.010696331158421835
1962-04-19,0.010695187165787878
1962-04-20,0.010694043417824872
1962-04-23,0.0320786997433542
1962-04-24,0.01068947087119465
1962-04-25,0.010688328345453968
1962-04-26,0.010687186063917942
1962-04-27,0.010686044026497754
1962-04-30,0.03205470669944699
1962-05-01,0.0
1962-05-02,0.0
1962-05-03,0.0
1962-05-04,0.0
1962-05-07,0.0
1962-05-08,0.0
1962-05-09,0.0
1962-05-10,0.0
1962-05-11,0.0
1962-05-14,0.0
1962-05-15,0.0
1962-05-16,0.0
1962-05-17,0.0
1962-05-18,0.0
1962-05-21,0.0
1962-05-22,0.0
1962-05-23,0.0
1962-05-24,0.0
1962-05-25,0.0
1962-05-28,0.0
1962-05-29,0.0
1962-05-30,0.0
1962-05-31,0.0
1962-06-01,0.0
1962-06-04,0.0
1962-06-05,0.0
1962-06-06,0.0
1962-06-07,0.0
1962-06-08,0.0
1962-06-11,0.0
1962-06-12,0.0
1962-06-13,0.0
1962-06-14,0.0
1962-06-15,0.0
1962-06-18,0.0
1962-06-19,0.0
1962-06-20,0.0
1962-06-21,0.0
1962-06-22,0.0
1962-06-25,0.0
1962-06-26,0.0
1962-06-27,0.0
1962-06-28,0.0
1962-06-29,0.0
1962-07-02,0.031043046357615012
1962-07-03,0.010344470880307988
1962-07-04,0.010343400910217682
1962-07-05,0.010342331161439233
1962-07-06,0.010341261633928234
1962-07-09,0.031020576982720982
1962-07-10,0.010336985734960003
1962-07-11,0.01033591731265382
1962-07-12,0.010334849111215405
1962-07-13,0.010333781130511532
1962-07-16,0.0309981401116044
1962-07-17,0.010329511414108872
1962-07-18,0.010328444536233938
1962-07-19,0.01032737787876048
1962-07-20,0.01032631144155527
1962-07-23,0.030975735673721694
1962-07-24,0.010322047894306685
1962-07-25,0.010320982557532332
1962-07-26,0.010319917440670956
1962-07-27,0.01031885254358933
1962-07-30,0.030953363598840156
1962-07-31,0.010314595152149941
1962-08-01,0.0
1962-08-02,0.0
1962-08-03,0.0
1962-08-06,0.0
1962-08-07,0.0
1962-08-08,0.0
1962-08-09,0.0
1962-08-10,0.0
1962-08-13,0.0
1962-08-14,0.0
1962-08-15,0.0
1962-08-16,0.0
1962-08-17,0.0
1962-08-20,0.0
1962-08-21,0.0
1962-08-22,0.0
1962-08-23,0.0
1962-08-24,0.0
1962-08-27,0.0
1962-08-28,0.0
1962-08-29,0.0
1962-08-30,0.0
1962-08-31,0.0
1962-09-03,0.03536067892504491
1962-09-04,0.011782726522913123
1962-09-05,0.011781338360039584
1962-09-06,0.011779950524215543
1962-09-07,0.011778563015307775
1962-09-10,0.035331527499704585
1962-09-11,0.011773016246774404
1962-09-12,0.011771630370804864
1962-09-13,0.011770244821107667
1962-09-14,0.011768859597505177
1962-09-17,0.035302424099770136
1962-09-18,0.011763321962110496
1962-09-19,0.011761938367449432
1962-09-20,0.011760555098194736
1962-09-21,0.011759172154279796
1962-09-24,0.03527336860671415
1962-09-25,0.011753643629508481
1962-09-26,0.011752262310493755
1962-09-27,0.011750881316086037
1962-09-28,0.011749500646218713
1962-10-01,0.0
1962-10-02,0.0
1962-10-03,0.0
1962-10-04,0.0
1962-10-05,0.0
1962-10-08,0.0
1962-10-09,0.0
1962-10-10,0.0
1962-10-11,0.0
1962-10-12,0.0
1962-10-15,0.0
1962-10-16,0.0
1962-10-17,0.0
1962-10-18,0.0
1962-10-19,0.0
1962-10-22,0.0
1962-10-23,0.0
1962-10-24,0.0
1962-10-25,0.0
1962-10-26,0.0
1962-10-29,0.0
1962-10-30,0.0
1962-10-31,0.0
1962-11-01,0.0
1962-11-02,0.0
1962-11-05,0.0
1962-11-06,0.0
1962-11-07,0.0
1962-11-08,0.0
1962-11-09,0.0
1962-11-12,0.0
1962-11-13,0.0
1962-11-14,0.0
1962-11-15,0.0
1962-11-16,0.0
1962-11-19,0.0
1962-11-20,0.0
1962-11-21,0.0
1962-11-22,0.0
1962-11-23,0.0
1962-11-26,0.0
1962-11-27,0.0
1962-11-28,0.0
1962-11-29,0.0
1962-11-30,0.0
1962-12-03,0.0
1962-12-04,0.0
1962-12-05,0.0
1962-12-06,0.0
1962-12-07,0.0
1962-12-10,0.0
1962-12-11,0.0
1962-12-12,0.0
1962-12-13,0.0
1962-12-14,0.0
1962-12-17,0.0
1962-12-18,0.0
1962-12-19,0.0
1962-12-20,0.0
1962-12-21,0.0
1962-12-24,0.0
1962-12-25,0.0
1962-12-26,0.0
1962-12-27,0.0
1962-12-28,0.0
1962-12-31,0.0
1963-01-01,0.0
1963-01-02,0.0
1963-01-03,0.0
1963-01-04,0.0
1963-01-07,0.0
1963-01-08,0.0
1963-01-09,0.0
1963-01-10,0.0
1963-01-11,0.0
1963-01-14,0.0
1963-01-15,0.0
1963-01-16,0.0
1963-01-17,0.0
1963-01-18,0.0
1963-01-21,0.0
1963-01-22,0.0
1963-01-23,0.0
1963-01-24,0.0
1963-01-25,0.0
1963-01-28,0.0
1963-01-29,0.0
1963-01-30,0.0
1963-01-31,0.0
1963-02-01,0.0
1963-02-04,0.0
1963-02-05,0.0
1963-02-06,0.0
1963-02-07,0.0
1963-02-08,0.0
1963-02-11,0.0
1963-02-12,0.0
1963-02-13,0.0
1963-02-14,0.0
1963-02-15,0.0
1963-02-18,0.0
1963-02-19,0.0
1963-02-20,0.0
1963-02-21,0.0
1963-02-22,0.0
1963-02-25,0.0
1963-02-26,0.0
1963-02-27,0.0
1963-02-28,0.0
1963-03-01,0.011343012704179145
1963-03-04,0.03402517863217991
1963-03-05,0.011337868480731927
1963-03-06,0.011336583153842561
1963-03-07,0.01133529811834233
1963-03-08,0.011334013374120211
1963-03-11,0.033998186763373184
1963-03-12,0.011328877308258711
1963-03-13,0.011327594019028275
1963-03-14,0.011326311020498636
1963-03-15,0.011325028312558771
1963-03-18,0.0339712376854262
1963-03-19,0.011319900384876291
1963-03-20,0.011318619128464213
1963-03-21,0.011317338162064594
1963-03-22,0.011316057485566411
1963-03-25,0.03394433129668695
1963-03-26,0.011310937676722865
1963-03-27,0.011309658448310778
1963-03-28,0.01130837950922281
1963-03-29,0.01130710085934794
1963-04-01,0.0
1963-04-02,0.0
1963-04-03,0.0
1963-04-04,0.0
1963-04-05,0.0
1963-04-08,0.0
1963-04-09,0.0
1963-04-10,0.0
1963-04-11,0.0
1963-04-12,0.0
1963-04-15,0.0
1963-04-16,0.0
1963-04-17,0.0
1963-04-18,0.0
1963-04-19,0.0
1963-04-22,0.0
1963-04-23,0.0
1963-04-24,0.0
1963-04-25,0.0
1963-04-26,0.0
1963-04-29,0.0
1963-04-30,0.0
1963-05-01,0.0
1963-05-02,0.0
1963-05-03,0.0
1963-05-06,0.0
1963-05-07,0.0
1963-05-08,0.0
1963-05-09,0.0
1963-05-10,0.0
1963-05-13,0.0
1963-05-14,0.0
1963-05-15,0.0
1963-05-16,0.0
1963-05-17,0.0
1963-05-20,0.0
1963-05-21,0.0
1963-05-22,0.0
1963-05-23,0.0
1963-05-24,0.0
1963-05-27,0.0
1963-05-28,0.0
1963-05-29,0.0
1963-05-30,0.0
1963-05-31,0.0
1963-06-03,0.03512880562062115
1963-06-04,0.011705489874747066
1963-06-05,0.0117041198501866
1963-06-06,0.01170275014628075
1963-06-07,0.01170138076291849
1963-06-10,0.03510003510003301
1963-06-11,0.011695906432751535
1963-06-12,0.011694538650464104
1963-06-13,0.011693171188009721
1963-06-14,0.011691804045366183
1963-06-17,0.03507131166706756
1963-06-18,0.011686338670102714
1963-06-19,0.011684973124559406
1963-06-20,0.0116836078981164
1963-06-21,0.011682242990640468
1963-06-24,0.03504263520617279
1963-06-25,0.011676786548342477
1963-06-26,0.0116754232341032
1963-06-27,0.011674060238142658
1963-06-28,0.011672697560416445
1963-07-01,0.029708853238252786
1963-07-02,0.009900009900021267
1963-07-03,0.009899029895077405
1963-07-04,0.009898050084133914
1963-07-05,0.00989707046712418
1963-07-08,0.02968827313212241
1963-07-09,0.009893153937468036
1963-07-10,0.009892175289349936
1963-07-11,0.009891196834810323
1963-07-12,0.009890218573826992
1963-07-15,0.029667721518977785
1963-07-16,0.009886307464168631
1963-07-17,0.009885330170011919
1963-07-18,0.009884353069100626
1963-07-19,0.009883376161301527
1963-07-22,0.029647198339755043
1963-07-23,0.009879470460383288
1963-07-24,0.00987849451743461
1963-07-25,0.009877518767287263
1963-07-26,0.009876543209874633
1963-07-29,0.029626703535456933
1963-07-30,0.009872642906505469
1963-07-31,0.009871668311944859
1963-08-01,0.0
1963-08-02,0.0
1963-08-05,0.0
1963-08-06,0.0
1963-08-07,0.0
1963-08-08,0.0
1963-08-09,0.0
1963-08-12,0.0
1963-08-13,0.0
1963-08-14,0.0
1963-08-15,0.0
1963-08-16,0.0
1963-08-19,0.0
1963-08-20,0.0
1963-08-21,0.0
1963-08-22,0.0
1963-08-23,0.0
1963-08-26,0.0
1963-08-27,0.0
1963-08-28,0.0
1963-08-29,0.0
1963-08-30,0.0
1963-09-02,0.0
1963-09-03,0.0
1963-09-04,0.0
1963-09-05,0.0
1963-09-06,0.0
1963-09-09,0.0
1963-09-10,0.0
1963-09-11,0.0
1963-09-12,0.0
1963-09-13,0.0
1963-09-16,0.0
1963-09-17,0.0
1963-09-18,0.0
1963-09-19,0.0
1963-09-20,0.0
1963-09-23,0.0
1963-09-24,0.0
1963-09-25,0.0
1963-09-26,0.0
1963-09-27,0.0
1963-09-30,0.0
1963-10-01,0.010507512871704705
1963-10-02,0.010506408909427556
1963-10-03,0.010505305179120406
1963-10-04,0.010504201680672232
1963-10-07,0.03150929524209367
1963-10-08,0.010499790004203646
1963-10-09,0.010498687664051154
1963-10-10,0.010497585555313549
1963-10-11,0.010496483677968627
1963-10-14,0.031486146095716094
1963-10-15,0.010492078480739409
1963-10-16,0.01049097775911445
1963-10-17,0.010489877268438086
1963-10-18,0.010488777008599293
1963-10-21,0.031463030938660985
1963-10-22,0.010484378276354178
1963-10-23,0.010483279169726245
1963-10-24,0.010482180293513998
1963-10-25,0.01048108164762862
1963-10-28,0.03143994969607711
1963-10-29,0.01047668936617896
1963-10-30,0.010475591870928724
1963-10-31,0.010474494605627882
1963-11-01,0.0
1963-11-04,0.0
1963-11-05,0.0
1963-11-06,0.0
1963-11-07,0.0
1963-11-08,0.0
1963-11-11,0.0
1963-11-12,0.0
1963-11-13,0.0
1963-11-14,0.0
1963-11-15,0.0
1963-11-18,0.0
1963-11-19,0.0
1963-11-20,0.0
1963-11-21,0.0
1963-11-22,0.0
1963-11-25,0.0
1963-11-26,0.0
1963-11-27,0.0
1963-11-28,0.0
1963-11-29,0.0
1963-12-02,0.030438311688296693
1963-12-03,0.010143016533126215
1963-12-04,0.010141987829626053
1963-12-05,0.010140959334759003
1963-12-06,0.01013993104845845
1963-12-09,0.03041670891210657
1963-12-10,0.010135819987833194
1963-12-11,0.01013479274347695
1963-12-12,0.010133765707331932
1963-12-13,0.010132738879331527
1963-12-16,0.03039513677811634
1963-12-17,0.010128633647332741
1963-12-18,0.010127607859033994
1963-12-19,0.010126582278480178
1963-12-20,0.010125556905626887
1963-12-23,0.030373595221222516
1963-12-24,0.010121457489886687
1963-12-25,0.010120433154536812
1963-12-26,0.010119409026509985
1963-12-27,0.010118385105739591
1963-12-30,0.030352084176454852
1963-12-31,0.010114291493867889
1964-01-01,0.0
1964-01-02,0.0
1964-01-03,0.0
1964-01-06,0.0
1964-01-07,0.0
1964-01-08,0.0
1964-01-09,0.0
1964-01-10,0.0
1964-01-13,0.0
1964-01-14,0.0
1964-01-15,0.0
1964-01-16,0.0
1964-01-17,0.0
1964-01-20,0.0
1964-01-21,0.0
1964-01-22,0.0
1964-01-23,0.0
1964-01-24,0.0
1964-01-27,0.0
1964-01-28,0.0
1964-01-29,0.0
1964-01-30,0.0
1964-01-31,0.0
1964-02-03,0.0
1964-02-04,0.0
1964-02-05,0.0
1964-02-06,0.0
1964-02-07,0.0
1964-02-10,0.0
1964-02-11,0.0
1964-02-12,0.0
1964-02-13,0.0
1964-02-14,0.0
1964-02-17,0.0
1964-02-18,0.0
1964-02-19,0.0
1964-02-20,0.0
1964-02-21,0.0
1964-02-24,0.0
1964-02-25,0.0
1964-02-26,0.0
1964-02-27,0.0
1964-02-28,0.0
1964-03-02,0.0
1964-03-03,0.0
1964-03-04,0.0
1964-03-05,0.0
1964-03-06,0.0
1964-03-09,0.0
1964-03-10,0.0
1964-03-11,0.0
1964-03-12,0.0
1964-03-13,0.0
1964-03-16,0.0
1964-03-17,0.0
1964-03-18,0.0
1964-03-19,0.0
1964-03-20,0.0
1964-03-23,0.0
1964-03-24,0.0
1964-03-25,0.0
1964-03-26,0.0
1964-03-27,0.0
1964-03-30,0.0
1964-03-31,0.0
1964-04-01,0.0
1964-04-02,0.0
1964-04-03,0.0
1964-04-06,0.0
1964-04-07,0.0
1964-04-08,0.0
1964-04-09,0.0
1964-04-10,0.0
1964-04-13,0.0
1964-04-14,0.0
1964-04-15,0.0
1964-04-16,0.0
1964-04-17,0.0
1964-04-20,0.0
1964-04-21,0.0
1964-04-22,0.0
1964-04-23,0.0
1964-04-24,0.0
1964-04-27,0.0
1964-04-28,0.0
1964-04-29,0.0
1964-04-30,0.0
1964-05-01,0.0
1964-05-04,0.0
1964-05-05,0.0
1964-05-06,0.0
1964-05-07,0.0
1964-05-08,0.0
1964-05-11,0.0
1964-05-12,0.0
1964-05-13,0.0
1964-05-14,0.0
1964-05-15,0.0
1964-05-18,0.0
1964-05-19,0.0
1964-05-20,0.0
1964-05-21,0.0
1964-05-22,0.0
1964-05-25,0.0
1964-05-26,0.0
1964-05-27,0.0
1964-05-28,0.0
1964-05-29,0.0
1964-06-01,0.030339805825230215
1964-06-02,0.010110201193014312
1964-06-03,0.010109179134643043
1964-06-04,0.010108157282928687
1964-06-05,0.010107135637760223
1964-06-08,0.03031834259725752
1964-06-09,0.010103051121435058
1964-06-10,0.010102030508130078
1964-06-11,0.010101010101015717
1964-06-12,0.010099989900003159
1964-06-15,0.030296909715210596
1964-06-16,0.010095911155993953
1964-06-17,0.010094891984668841
1964-06-18,0.010093873019068056
1964-06-19,0.010092854259191597
1964-06-22,0.03027550711474092
1964-06-23,0.010088781275219283
1964-06-24,0.010087763542832029
1964-06-25,0.010086746015747217
1964-06-26,0.010085728693898233
1964-06-29,0.03025413473174421
1964-06-30,0.01008166145781697
1964-07-01,0.010405827263282319
1964-07-02,0.01040474456350804
1964-07-03,0.010403662089064625
1964-07-06,0.031207739519412137
1964-07-07,0.010399334442579011
1964-07-08,0.010398253093479859
1964-07-09,0.010397171969245278
1964-07-10,0.010396091069742042
1964-07-13,0.031185031185043677
1964-07-14,0.010391769718398614
1964-07-15,0.010390689941797149
1964-07-16,0.010389610389616166
1964-07-17,0.010388531061700235
1964-07-20,0.031162355874103653
1964-07-21,0.010384215991687817
1964-07-22,0.010383137784231167
1964-07-23,0.010382059800662091
1964-07-24,0.010380982040913977
1964-07-27,0.031139713514649614
1964-07-28,0.010376673238554623
1964-07-29,0.010375596596801095
1964-07-30,0.010374520178446645
1964-07-31,0.010373443983402453
1964-08-03,-0.03111710403486123
1964-08-04,-0.010375596596789993
1964-08-05,-0.010376673238565726
1964-08-06,-0.010377750103784944
1964-08-07,-0.010378827192525364
1964-08-10,-0.03113971351462741
1964-08-11,-0.010383137784242269
1964-08-12,-0.01038421599169892
1964-08-13,-0.010385294423098657
1964-08-14,-0.010386373078519195
1964-08-17,-0.03116235587409255
1964-08-18,-0.010390689941830455
1964-08-19,-0.010391769718387511
1964-08-20,-0.010392849719398356
1964-08-21,-0.0103939299449185
1964-08-24,-0.031185031185021472
1964-08-25,-0.010398253093468757
1964-08-26,-0.010399334442612318
1964-08-27,-0.010400416016642655
1964-08-28,-0.01040149781567079
1964-08-31,-0.031207739519412137
1964-09-01,0.010752688172055436
1964-09-02,0.010751532093311589
1964-09-03,0.010750376263168882
1964-09-04,0.010749220681494087
1964-09-07,0.032244196044706186
1964-09-08,0.010744600838075158
1964-09-09,0.010743446497629705
1964-09-10,0.010742292405208076
1964-09-11,0.010741138560699248
1964-09-14,0.03221995489206542
1964-09-15,0.010736525660304252
1964-09-16,0.0107353730542048
1964-09-17,0.01073422069557406
1964-09-18,0.010733068584301009
1964-09-21,0.03219575016097931
1964-09-22,0.01072846261132021
1964-09-23,0.010727311735658773
1964-09-24,0.01072616110693314
1964-09-25,0.010725010725032291
1964-09-28,0.03217158176944679
1964-09-29,0.010720411663789342
1964-09-30,0.010719262514746752
1964-10-01,0.0
1964-10-02,0.0
1964-10-05,0.0
1964-10-06,0.0
1964-10-07,0.0
1964-10-08,0.0
1964-10-09,0.0
1964-10-12,0.0
1964-10-13,0.0
1964-10-14,0.0
1964-10-15,0.0
1964-10-16,0.0
1964-10-19,0.0
1964-10-20,0.0
1964-10-21,0.0
1964-10-22,0.0
1964-10-23,0.0
1964-10-26,0.0
1964-10-27,0.0
1964-10-28,0.0
1964-10-29,0.0
1964-10-30,0.0
1964-11-02,0.03111710403485013
1964-11-03,0.010369141435084828
1964-11-04,0.01036806635563714
1964-11-05,0.010366991499077827
1964-11-06,0.010365916865340274
1964-11-09,0.031094527363184632
1964-11-10,0.010361620557453044
1964-11-11,0.01036054703689171
1964-11-12,0.010359473738730252
1964-11-13,0.010358400662946465
1964-11-16,0.031071983428287986
1964-11-17,0.0103541105819005
1964-11-18,0.010353038616828236
1964-11-19,0.01035196687371176
1964-11-20,0.010350895352440048
1964-11-23,0.03104947215897269
1964-11-24,0.010346611484735035
1964-11-25,0.01034554107179897
1964-11-26,0.010344470880307988
1964-11-27,0.010343400910217682
1964-11-30,0.031026993484339904
1964-12-01,0.0
1964-12-02,0.0
1964-12-03,0.0
1964-12-04,0.0
1964-12-07,0.0
1964-12-08,0.0
1964-12-09,0.0
1964-12-10,0.0
1964-12-11,0.0
1964-12-14,0.0
1964-12-15,0.0
1964-12-16,0.0
1964-12-17,0.0
1964-12-18,0.0
1964-12-21,0.0
1964-12-22,0.0
1964-12-23,0.0
1964-12-24,0.0
1964-12-25,0.0
1964-12-28,0.0
1964-12-29,0.0
1964-12-30,0.0
1964-12-31,0.0
1965-01-01,0.0
1965-01-04,0.0
1965-01-05,0.0
1965-01-06,0.0
1965-01-07,0.0
1965-01-08,0.0
1965-01-11,0.0
1965-01-12,0.0
1965-01-13,0.0
1965-01-14,0.0
1965-01-15,0.0
1965-01-18,0.0
1965-01-19,0.0
1965-01-20,0.0
1965-01-21,0.0
1965-01-22,0.0
1965-01-25,0.0
1965-01-26,0.0
1965-01-27,0.0
1965-01-28,0.0
1965-01-29,0.0
1965-02-01,0.0
1965-02-02,0.0
1965-02-03,0.0
1965-02-04,0.0
1965-02-05,0.0
1965-02-08,0.0
1965-02-09,0.0
1965-02-10,0.0
1965-02-11,0.0
1965-02-12,0.0
1965-02-15,0.0
1965-02-16,0.0
1965-02-17,0.0
1965-02-18,0.0
1965-02-19,0.0
1965-02-22,0.0
1965-02-23,0.0
1965-02-24,0.0
1965-02-25,0.0
1965-02-26,0.0
1965-03-01,0.02913752913753509
1965-03-02,0.00970968055151733
1965-03-03,0.00970873786407811
1965-03-04,0.009707795359670257
1965-03-05,0.009706853038249363
1965-03-08,0.029117732699202037
1965-03-09,0.009703085581214133
1965-03-10,0.00970214417386206
1965-03-11,0.009701202949163878
1965-03-12,0.009700261907052976
1965-03-15,0.029097963142588057
1965-03-16,0.009696499563660588
1965-03-17,0.009695559433775536
1965-03-18,0.0096946194861669
1965-03-19,0.00969367972083468
1965-03-22,0.029078220412914746
1965-03-23,0.009689922480626834
1965-03-24,0.00968898362561088
1965-03-25,0.009688044952538277
1965-03-26,0.009687106461298
1965-03-29,0.029058504455625744
1965-03-30,0.009683354313927417
1965-03-31,0.00968241673122705
1965-04-01,0.010649627263048522
1965-04-02,0.010648493238218926
1965-04-05,0.0319420783645441
1965-04-06,0.010643959552969484
1965-04-07,0.010642826734796884
1965-04-08,0.010641694157698112
1965-04-09,0.010640561821650962
1965-04-12,0.031918289179699855
1965-04-13,0.01063603488620224
1965-04-14,0.010634903754103142
1965-04-15,0.010633772862611579
1965-04-16,0.010632642211572119
1965-04-19,0.03189453540293208
1965-04-20,0.010628122010847285
1965-04-21,0.010626992561091342
1965-04-22,0.010625863351410025
1965-04-23,0.010624734381647905
1965-04-26,0.03187081695528171
1965-04-27,0.010620220900592336
1965-04-28,0.010619093129449197
1965-04-29,0.01061796559780337
1965-04-30,0.01061683830554383
1965-05-03,0.0
1965-05-04,0.0
1965-05-05,0.0
1965-05-06,0.0
1965-05-07,0.0
1965-05-10,0.0
1965-05-11,0.0
1965-05-12,0.0
1965-05-13,0.0
1965-05-14,0.0
1965-05-17,0.0
1965-05-18,0.0
1965-05-19,0.0
1965-05-20,0.0
1965-05-21,0.0
1965-05-24,0.0
1965-05-25,0.0
1965-05-26,0.0
1965-05-27,0.0
1965-05-28,0.0
1965-05-31,0.0
1965-06-01,0.02123142250529675
1965-06-02,0.02122691572914448
1965-06-03,0.021222410865884278
1965-06-04,0.02121790791425049
1965-06-07,0.06364022061944308
1965-06-08,0.02119991520033171
1965-06-09,0.02119542178888878
1965-06-10,0.02119093028183361
1965-06-11,0.021186440677967155
1965-06-14,0.06354585892818232
1965-06-15,0.021168501270119044
1965-06-16,0.02116402116403293
1965-06-17,0.021159542953874677
1965-06-18,0.021155066638467446
1965-06-21,0.06345177664974777
1965-06-22,0.021137180300145886
1965-06-23,0.021132713440419337
1965-06-24,0.021128248468182953
1965-06-25,0.02112378538232651
1965-06-28,0.06335797254490849
1965-06-29,0.021105951878430673
1965-06-30,0.021101498206355096
1965-07-01,0.0
1965-07-02,0.0
1965-07-05,0.0
1965-07-06,0.0
1965-07-07,0.0
1965-07-08,0.0
1965-07-09,0.0
1965-07-12,0.0
1965-07-13,0.0
1965-07-14,0.0
1965-07-15,0.0
1965-07-16,0.0
1965-07-19,0.0
1965-07-20,0.0
1965-07-21,0.0
1965-07-22,0.0
1965-07-23,0.0
1965-07-26,0.0
1965-07-27,0.0
1965-07-28,0.0
1965-07-29,0.0
1965-07-30,0.0
1965-08-02,0.0
1965-08-03,0.0
1965-08-04,0.0
1965-08-05,0.0
1965-08-06,0.0
1965-08-09,0.0
1965-08-10,0.0
1965-08-11,0.0
1965-08-12,0.0
1965-08-13,0.0
1965-08-16,0.0
1965-08-17,0.0
1965-08-18,0.0
1965-08-19,0.0
1965-08-20,0.0
1965-08-23,0.0
1965-08-24,0.0
1965-08-25,0.0
1965-08-26,0.0
1965-08-27,0.0
1965-08-30,0.0
1965-08-31,0.0
1965-09-01,0.0
1965-09-02,0.0
1965-09-03,0.0
1965-09-06,0.0
1965-09-07,0.0
1965-09-08,0.0
1965-09-09,0.0
1965-09-10,0.0
1965-09-13,0.0
1965-09-14,0.0
1965-09-15,0.0
1965-09-16,0.0
1965-09-17,0.0
1965-09-20,0.0
1965-09-21,0.0
1965-09-22,0.0
1965-09-23,0.0
1965-09-24,0.0
1965-09-27,0.0
1965-09-28,0.0
1965-09-29,0.0
1965-09-30,0.0
1965-10-01,0.010912265386298081
1965-10-04,0.03273322422259195
1965-10-05,0.010907504363011356
1965-10-06,0.010906314756242708
1965-10-07,0.01090512540893318
1965-10-08,0.010903936321016161
1965-10-11,0.032708242477119676
1965-10-12,0.01089918256129696
1965-10-13,0.010897994768965802
1965-10-14,0.010896807235472039
1965-10-15,0.010895619960771263
1965-10-18,0.032683298834301766
1965-10-19,0.010890873448032856
1965-10-20,0.010889687465964748
1965-10-21,0.01088850174215672
1965-10-22,0.010887316276542158
1965-10-25,0.03265839320703012
1965-10-26,0.010882576994242221
1965-10-27,0.010881392818262725
1965-10-28,0.010880208900010402
1965-10-29,0.010879025239352025
1965-11-01,0.0
1965-11-02,0.0
1965-11-03,0.0
1965-11-04,0.0
1965-11-05,0.0
1965-11-08,0.0
1965-11-09,0.0
1965-11-10,0.0
1965-11-11,0.0
1965-11-12,0.0
1965-11-15,0.0
1965-11-16,0.0
1965-11-17,0.0
1965-11-18,0.0
1965-11-19,0.0
1965-11-22,0.0
1965-11-23,0.0
1965-11-24,0.0
1965-11-25,0.0
1965-11-26,0.0
1965-11-29,0.0
1965-11-30,0.0
1965-12-01,0.010176045588683458
1965-12-02,0.010175010174995336
1965-12-03,0.010173974972027544
1965-12-06,0.03051881993896277
1965-12-07,0.01016983626562773
1965-12-08,0.010168802115106956
1965-12-09,0.010167768174884628
1965-12-10,0.010166734444894132
1965-12-13,0.030497102775250973
1965-12-14,0.010162601626029222
1965-12-15,0.010161568946243094
1965-12-16,0.010160536476311322
1965-12-17,0.010159504216189497
1965-12-20,0.030475416497366403
1965-12-21,0.010155377272269561
1965-12-22,0.010154346060109454
1965-12-23,0.010153315057359613
1965-12-24,0.010152284263953426
1965-12-27,0.030453761039495042
1965-12-28,0.01014816318245515
1965-12-29,0.010147133434812439
1965-12-30,0.010146103896091496
1965-12-31,0.010145074566292323
1966-01-03,0.0
1966-01-04,0.0
1966-01-05,0.0
1966-01-06,0.0
1966-01-07,0.0
1966-01-10,0.0
1966-01-11,0.0
1966-01-12,0.0
1966-01-13,0.0
1966-01-14,0.0
1966-01-17,0.0
1966-01-18,0.0
1966-01-19,0.0
1966-01-20,0.0
1966-01-21,0.0
1966-01-24,0.0
1966-01-25,0.0
1966-01-26,0.0
1966-01-27,0.0
1966-01-28,0.0
1966-01-31,0.0
1966-02-01,0.022461814914631617
1966-02-02,0.02245677071637253
1966-02-03,0.022451728783123848
1966-02-04,0.022446689113353457
1966-02-07,0.06732495511669878
1966-02-08,0.022426553038790153
1966-02-09,0.022421524663673864
1966-02-10,0.022416498542954244
1966-02-11,0.022411474675010368
1966-02-14,0.06721935917544108
1966-02-15,0.022391401701749025
1966-02-16,0.022386389075434998
1966-02-17,0.022381378692926113
1966-02-18,0.022376370552712466
1966-02-21,0.06711409395971923
1966-02-22,0.02235636038454558
1966-02-23,0.022351363433159577
1966-02-24,0.022346368715076004
1966-02-25,0.022341376228762755
1966-02-28,0.0670091579182408
1966-03-01,0.010080645161281154
1966-03-02,0.010079629069670304
1966-03-03,0.010078613182806784
1966-03-04,0.010077597500779412
1966-03-07,0.030229746070120633
1966-03-08,0.010073536818766549
1966-03-09,0.010072522159565445
1966-03-10,0.010071507704689786
1966-03-11,0.010070493454183982
1966-03-14,0.030208438223744416
1966-03-15,0.010066438494060748
1966-03-16,0.010065425264227379
1966-03-17,0.010064412238319775
1966-03-18,0.010063399416337937
1966-03-21,0.03018716039444591
1966-03-22,0.010059350165980696
1966-03-23,0.01005833836251746
1966-03-24,0.0100573267625359
1966-03-25,0.010056315366036017
1966-03-28,0.030165912518875793
1966-03-29,0.010052271813409952
1966-03-30,0.010051261433319247
1966-03-31,0.01005025125626613
1966-04-01,0.021484584810393947
1966-04-04,0.06443990978410863
1966-04-05,0.021466137168624222
1966-04-06,0.021461530207100843
1966-04-07,0.021456925222596013
1966-04-08,0.021452322213888486
1966-04-11,0.06434316353887137
1966-04-12,0.021433929911052196
1966-04-13,0.02142933676203551
1966-04-14,0.02142474558115559
1966-04-15,0.021420156367124576
1966-04-18,0.06424670735625249
1966-04-19,0.021401819154620583
1966-04-20,0.02139723975607133
1966-04-21,0.021392662316821465
1966-04-22,0.02138808683562754
1966-04-25,0.0641505399336939
1966-04-26,0.021369804466297992
1966-04-27,0.02136523875653218
1966-04-28,0.0213606749973394
1966-04-29,0.021356113187409598
1966-05-02,0.0
1966-05-03,0.0
1966-05-04,0.0
1966-05-05,0.0
1966-05-06,0.0
1966-05-09,0.0
1966-05-10,0.0
1966-05-11,0.0
1966-05-12,0.0
1966-05-13,0.0
1966-05-16,0.0
1966-05-17,0.0
1966-05-18,0.0
1966-05-19,0.0
1966-05-20,0.0
1966-05-23,0.0
1966-05-24,0.0
1966-05-25,0.0
1966-05-26,0.0
1966-05-27,0.0
1966-05-30,0.0
1966-05-31,0.0
1966-06-01,0.010319917440648751
1966-06-02,0.010318852543611534
1966-06-03,0.010317787866265249
1966-06-06,0.030950170225962914
1966-06-07,0.010313531353123295
1966-06-08,0.010312467773521128
1966-06-09,0.01031140441329903
1966-06-10,0.010310341272279366
1966-06-13,0.030927835051564045
1966-06-14,0.010306090899714349
1966-06-15,0.01030502885408513
1966-06-16,0.010303967027303074
1966-06-17,0.010302905419323771
1966-06-20,0.030905532090264032
1966-06-21,0.010298661174035217
1966-06-22,0.010297600659048278
1966-06-23,0.010296540362420004
1966-06-24,0.010295480284150393
1966-06-27,0.03088326127240748
1966-06-28,0.01029124215292665
1966-06-29,0.010290183165273525
1966-06-30,0.010289124395512772
1966-07-01,0.01064282673477468
1966-07-04,0.031925082473138744
1966-07-05,0.010638297872311853
1966-07-06,0.01063716625890887
1966-07-07,0.01063603488620224
1966-07-08,0.010634903754125347
1966-07-11,0.03190131858783474
1966-07-12,0.010630381630694075
1966-07-13,0.010629251700677855
1966-07-14,0.010628122010847285
1966-07-15,0.010626992561091342
1966-07-18,0.03187759005420787
1966-07-19,0.01062247716168141
1966-07-20,0.010621348911321604
1966-07-21,0.010620220900592336
1966-07-22,0.010619093129449197
1966-07-25,0.0318538967933657
1966-07-26,0.010614584439028185
1966-07-27,0.01061345786457224
1966-07-28,0.01061233152923613
1966-07-29,0.010611205432931037
1966-08-01,0.055944055944046056
1966-08-02,0.018637592023118543
1966-08-03,0.01863411907203627
1966-08-04,0.01863064741500775
1966-08-05,0.01862717705132244
1966-08-08,0.05587112394076499
1966-08-09,0.01861330851560261
1966-08-10,0.018609844607775372
1966-08-11,0.018606381989028087
1966-08-12,0.01860292065853919
1966-08-15,0.05579838184692765
1966-08-16,0.018589088205223092
1966-08-17,0.018585633305456817
1966-08-18,0.018582179689685674
1966-08-19,0.018578727357176916
1966-08-22,0.05572582892170441
1966-08-23,0.0185649308456437
1966-08-24,0.018561484918766524
1966-08-25,0.01855804027095509
1966-08-26,0.018554596901387832
1966-08-29,0.055653464428151445
1966-08-30,0.018540836191727195
1966-08-31,0.018537399202900318
1966-09-01,0.0
1966-09-02,0.0
1966-09-05,0.0
1966-09-06,0.0
1966-09-07,0.0
1966-09-08,0.0
1966-09-09,0.0
1966-09-12,0.0
1966-09-13,0.0
1966-09-14,0.0
1966-09-15,0.0
1966-09-16,0.0
1966-09-19,0.0
1966-09-20,0.0
1966-09-21,0.0
1966-09-22,0.0
1966-09-23,0.0
1966-09-26,0.0
1966-09-27,0.0
1966-09-28,0.0
1966-09-29,0.0
1966-09-30,0.0
1966-10-03,0.05918910920390541
1966-10-04,0.019718032140403352
1966-10-05,0.019714144898963504
1966-10-06,0.019710259189920087
1966-10-07,0.01970637501231831
1966-10-10,0.059107477095832195
1966-10-11,0.019690853598497426
1966-10-12,0.019686977064670153
1966-10-13,0.01968310205686663
1966-10-14,0.01967922857424309
1966-10-17,0.059026069847534224
1966-10-18,0.019663749877096848
1966-10-19,0.019659884006673067
1966-10-20,0.019656019656033585
1966-10-21,0.01965215682422361
1966-10-24,0.05894488653108709
1966-10-25,0.019636720667648433
1966-10-26,0.019632865416707723
1966-10-27,0.01962901167926745
1966-10-28,0.01962515945441723
1966-10-31,0.058863926223873264
1966-11-01,0.0
1966-11-02,0.0
1966-11-03,0.0
1966-11-04,0.0
1966-11-07,0.0
1966-11-08,0.0
1966-11-09,0.0
1966-11-10,0.0
1966-11-11,0.0
1966-11-14,0.0
1966-11-15,0.0
1966-11-16,0.0
1966-11-17,0.0
1966-11-18,0.0
1966-11-21,0.0
1966-11-22,0.0
1966-11-23,0.0
1966-11-24,0.0
1966-11-25,0.0
1966-11-28,0.0
1966-11-29,0.0
1966-11-30,0.0
1966-12-01,0.0
1966-12-02,0.0
1966-12-05,0.0
1966-12-06,0.0
1966-12-07,0.0
1966-12-08,0.0
1966-12-09,0.0
1966-12-12,0.0
1966-12-13,0.0
1966-12-14,0.0
1966-12-15,0.0
1966-12-16,0.0
1966-12-19,0.0
1966-12-20,0.0
1966-12-21,0.0
1966-12-22,0.0
1966-12-23,0.0
1966-12-26,0.0
1966-12-27,0.0
1966-12-28,0.0
1966-12-29,0.0
1966-12-30,0.0
1967-01-02,0.0
1967-01-03,0.0
1967-01-04,0.0
1967-01-05,0.0
1967-01-06,0.0
1967-01-09,0.0
1967-01-10,0.0
1967-01-11,0.0
1967-01-12,0.0
1967-01-13,0.0
1967-01-16,0.0
1967-01-17,0.0
1967-01-18,0.0
1967-01-19,0.0
1967-01-20,0.0
1967-01-23,0.0
1967-01-24,0.0
1967-01-25,0.0
1967-01-26,0.0
1967-01-27,0.0
1967-01-30,0.0
1967-01-31,0.0
1967-02-01,0.0
1967-02-02,0.0
1967-02-03,0.0
1967-02-06,0.0
1967-02-07,0.0
1967-02-08,0.0
1967-02-09,0.0
1967-02-10,0.0
1967-02-13,0.0
1967-02-14,0.0
1967-02-15,0.0
1967-02-16,0.0
1967-02-17,0.0
1967-02-20,0.0
1967-02-21,0.0
1967-02-22,0.0
1967-02-23,0.0
1967-02-24,0.0
1967-02-27,0.0
1967-02-28,0.0
1967-03-01,0.009804882831643269
1967-03-02,0.009803921568640739
1967-03-03,0.00980296049406526
1967-03-06,0.029405998823772705
1967-03-07,0.00979911807936773
1967-03-08,0.009798157946305786
1967-03-09,0.009797198001382235
1967-03-10,0.00979623824450826
1967-03-13,0.029385836027029377
1967-03-14,0.009792401096753167
1967-03-15,0.009791442279438733
1967-03-16,0.009790483649907422
1967-03-17,0.009789525208026006
1967-03-20,0.02936570086138346
1967-03-21,0.009785693316377575
1967-03-22,0.009784735812123913
1967-03-23,0.009783778495275897
1967-03-24,0.009782821365678096
1967-03-27,0.02934559327008035
1967-03-28,0.009778994719344958
1967-03-29,0.009778038525465327
1967-03-30,0.009777082518591662
1967-03-31,0.009776126698590737
1967-04-03,0.032467532467528315
1967-04-04,0.010818998160755378
1967-04-05,0.010817827780207345
1967-04-06,0.010816657652767958
1967-04-07,0.010815487778481625
1967-04-10,0.03244295447171197
1967-04-11,0.010810810810824023
1967-04-12,0.010809642200837466
1967-04-13,0.01080847384349326
1967-04-14,0.010807305738680384
1967-04-17,0.03241841365895226
1967-04-18,0.010802635843165653
1967-04-19,0.010801468999788177
1967-04-20,0.010800302408453533
1967-04-21,0.010799136069139514
1967-04-24,0.03239390994493885
1967-04-25,0.010794473229691626
1967-04-26,0.010793308148948633
1967-04-27,0.010792143319671155
1967-04-28,0.010790978741770374
1967-05-01,0.027464982147762385
1967-05-02,0.009152480322183187
1967-05-03,0.009151642719862352
1967-05-04,0.009150805270863316
1967-05-05,0.009149967975119466
1967-05-08,0.027447392497714773
1967-05-09,0.009146620323785548
1967-05-10,0.0091457837936737
1967-05-11,0.009144947416550586
1967-05-12,0.009144111192416204
1967-05-15,0.02742982536343419
1967-05-16,0.009140767824478147
1967-05-17,0.009139932364488068
1967-05-18,0.009139097057220269
1967-05-19,0.009138261902585931
1967-05-22,0.027412280701755165
1967-05-23,0.009134922809916901
1967-05-24,0.009134088417961372
1967-05-25,0.009133254178483874
1967-05-26,0.00913242009130677
1967-05-29,0.02739475846953443
1967-05-30,0.009129085265668913
1967-05-31,0.009128251939749532
1967-06-01,0.010040160642565965
1967-06-02,0.010039152695529019
1967-06-05,0.030114434852435146
1967-06-06,0.010035122930251994
1967-06-07,0.010034115994383974
1967-06-08,0.01003310926055434
1967-06-09,0.010032102728740888
1967-06-12,0.030093289196497786
1967-06-13,0.010028078620116787
1967-06-14,0.010027073097385042
1967-06-15,0.010026067776203185
1967-06-16,0.010025062656637829
1967-06-19,0.030072173215733855
1967-06-20,0.010021044192787265
1967-06-21,0.010020040080149784
1967-06-22,0.010019036168729123
1967-06-23,0.010018032458414261
1967-06-26,0.030051086847637798
1967-06-27,0.010014019627480053
1967-06-28,0.010013016921983642
1967-06-29,0.010012014417304371
1967-06-30,0.010011012113309015
1967-07-03,0.029061319383894002
1967-07-04,0.00968429207826027
1967-07-05,0.009683354313927417
1967-07-06,0.00968241673122705
1967-07-07,0.009681479330025944
1967-07-10,0.02904162633106111
1967-07-11,0.009677731539747825
1967-07-12,0.009676795045465703
1967-07-13,0.009675858732460796
1967-07-14,0.009674922600622082
1967-07-17,0.029021959949693255
1967-07-18,0.009671179883952163
1967-07-19,0.009670244657189464
1967-07-20,0.009669309611282095
1967-07-21,0.009668374746207853
1967-07-24,0.029002320185611552
1967-07-25,0.009664637092865469
1967-07-26,0.009663703131046475
1967-07-27,0.009662769349683131
1967-07-28,0.009661835748797643
1967-07-31,0.02898270698483696
1967-08-01,0.009658103148524333
1967-08-02,0.009657170449073327
1967-08-03,0.009656237929700495
1967-08-04,0.009655305590428043
1967-08-07,0.02896312029347925
1967-08-08,0.009651578033009756
1967-08-09,0.009650646593328815
1967-08-10,0.009649715333392983
1967-08-11,0.009648784253202258
1967-08-14,0.028943560057892448
1967-08-15,0.009645061728380533
1967-08-16,0.009644131545960555
1967-08-17,0.009643201542908209
1967-08-18,0.009642271719223494
1967-08-21,0.02892402622445278
1967-08-22,0.009638554216850892
1967-08-23,0.009637625289138363
1967-08-24,0.00963669654041599
1967-08-25,0.009635767970705977
1967-08-28,0.028904518739780727
1967-08-29,0.00963205548063506
1967-08-30,0.009631127805076467
1967-08-31,0.009630200308152759
1967-09-01,0.010293360782287486
1967-09-04,0.0308769040757495
1967-09-05,0.010289124395490568
1967-09-06,0.010288065843622185
1967-09-07,0.010287007509512947
1967-09-08,0.010285949393140648
1967-09-11,0.030854674483182798
1967-09-12,0.010281719103444331
1967-09-13,0.010280662074646507
1967-09-14,0.010279605263163738
1967-09-15,0.010278548668907206
1967-09-18,0.030832476875652937
1967-09-19,0.010274324463166451
1967-09-20,0.01027326895417513
1967-09-21,0.010272213662054774
1967-09-22,0.010271158586694362
1967-09-25,0.03081031118412625
1967-09-26,0.010266940451741924
1967-09-27,0.01026588645929305
1967-09-28,0.010264832683226643
1967-09-29,0.010263779123476091
1967-10-02,0.02790178571427937
1967-10-03,0.00929800092981381
1967-10-04,0.009297136481944968
1967-10-05,0.009296272194836419
1967-10-06,0.009295408068421551
1967-10-09,0.027883632307834638
1967-10-10,0.009291953168544254
1967-10-11,0.009291089844842837
1967-10-12,0.009290226681524238
1967-10-13,0.009289363678610663
1967-10-16,0.027865502507884443
1967-10-17,0.009285913269563295
1967-10-18,0.009285051067786654
1967-10-19,0.009284189026081968
1967-10-20,0.009283327144471443
1967-10-23,0.027847396268443347
1967-10-24,0.009279881217505448
1967-10-25,0.009279020135477545
1967-10-26,0.009278159213210735
1967-10-27,0.009277298450682814
1967-10-30,0.02782931354361473
1967-10-31,0.009273856997116248
1967-11-01,0.009891196834810323
1967-11-02,0.009890218573849197
1967-11-03,0.009889240506311126
1967-11-06,0.029664787896765965
1967-11-07,0.009885330170034123
1967-11-08,0.009884353069078422
1967-11-09,0.009883376161301527
1967-11-10,0.009882399446570211
1967-11-13,0.029644268774697835
1967-11-14,0.009878494517456815
1967-11-15,0.009877518767287263
1967-11-16,0.009876543209874633
1967-11-17,0.009875567845152311
1967-11-20,0.02962377801916105
1967-11-21,0.009871668311944859
1967-11-22,0.0098706939097859
1967-11-23,0.009869719699961976
1967-11-24,0.009868745682428681
1967-11-27,0.029603315571335997
1967-11-28,0.009864851533980534
1967-11-29,0.009863878477034405
1967-11-30,0.009862905611979222
1967-12-01,0.01020199959191892
1967-12-04,0.030602876670404733
1967-12-05,0.010197838058312314
1967-12-06,0.010196798205375224
1967-12-07,0.010195758564446322
1967-12-08,0.0101947191354812
1967-12-11,0.03058103975535076
1967-12-12,0.010190563538170494
1967-12-13,0.010189525168136093
1967-12-14,0.010188487009687996
1967-12-15,0.010187449062737386
1967-12-18,0.03055923398187499
1967-12-19,0.010183299388999423
1967-12-20,0.010182262498736883
1967-12-21,0.010181225819594353
1967-12-22,0.010180189351527424
1967-12-25,0.030537459283364043
1967-12-26,0.010176045588683458
1967-12-27,0.01017501017501754
1967-12-28,0.010173974972027544
1967-12-29,0.010172939979646856
1968-01-01,0.053633681952258705
1968-01-02,0.017868310551238942
1968-01-03,0.01786511835641935
1968-01-04,0.01786192730195424
1968-01-05,0.017858737387266288
1968-01-08,0.053566645835179116
1968-01-09,0.01784598911394042
1968-01-10,0.01784280488890122
1968-01-11,0.017839621800019856
1968-01-12,0.017836439846607988
1968-01-15,0.0534997770842649
1968-01-16,0.0178237233758205
1968-01-17,0.017820547090807715
1968-01-18,0.0178173719376451
1968-01-19,0.017814197915733132
1968-01-22,0.05343307507346129
1968-01-23,0.017801513128623547
1968-01-24,0.01779834475392761
1968-01-25,0.0177951775069074
1968-01-26,0.01779201138689679
1968-01-29,0.05336653917993317
1968-01-30,0.017779358165181947
1968-01-31,0.01777619767131533
1968-02-01,0.01011224592981641
1968-02-02,0.010111223458042495
1968-02-05,0.030330603578998527
1968-02-06,0.010107135637760223
1968-02-07,0.010106114199093241
1968-02-08,0.010105092966861129
1968-02-09,0.010104071940997272
1968-02-12,0.03030915336432738
1968-02-13,0.010099989900003159
1968-02-14,0.010098969905070199
1968-02-15,0.010097950116105814
1968-02-16,0.010096930533110005
1968-02-19,0.030287733467959654
1968-02-20,0.010092854259191597
1968-02-21,0.010091835704906238
1968-02-22,0.010090817356211979
1968-02-23,0.010089799212997796
1968-02-26,0.03026634382565785
1968-02-27,0.010085728693898233
1968-02-28,0.010084711577240668
1968-02-29,0.010083694665730114
1968-03-01,0.010082677959277753
1968-03-04,0.030244984373406503
1968-03-05,0.010078613182828988
1968-03-06,0.010077597500757207
1968-03-07,0.010076582023388347
1968-03-08,0.010075566750633591
1968-03-11,0.030223655047345588
1968-03-12,0.01007150770471199
1968-03-13,0.010070493454183982
1968-03-14,0.010069479407914805
1968-03-15,0.010068465565860052
1968-03-18,0.030202355783748303
1968-03-19,0.010064412238297571
1968-03-20,0.010063399416315733
1968-03-21,0.010062386798148637
1968-03-22,0.010061374383751875
1968-03-25,0.030181086519132094
1968-03-26,0.0100573267625359
1968-03-27,0.010056315366058222
1968-03-28,0.010055304172951196
1968-03-29,0.01005429318319262
1968-04-01,0.02733236151604146
1968-04-02,0.009108297659188302
1968-04-03,0.009107468123858986
1968-04-04,0.009106638739631023
1968-04-05,0.00910580950648221
1968-04-08,0.027314941272882365
1968-04-09,0.009102494083368384
1968-04-10,0.009101665604815956
1968-04-11,0.009100837277031815
1968-04-12,0.00910000910001596
1968-04-15,0.027297543221105336
1968-04-16,0.009096697898658412
1968-04-17,0.009095870474817858
1968-04-18,0.009095043201456932
1968-04-19,0.009094216078575634
1968-04-22,0.027280167318366466
1968-04-23,0.009090909090891941
1968-04-24,0.009090082719764858
1968-04-25,0.009089256498806542
1968-04-26,0.0090884304280614
1968-04-29,0.027262813522366258
1968-04-30,0.009085127646035751
1968-05-01,0.009377344336081173
1968-05-02,0.009376465072685747
1968-05-03,0.009375585974114031
1968-05-06,0.028124121121231305
1968-05-07,0.009372071227731205
1968-05-08,0.009371192952856156
1968-05-09,0.009370314842582772
1968-05-10,0.00936943689684444
1968-05-13,0.028105677346812463
1968-05-14,0.009365926758464482
1968-05-15,0.009365049634757483
1968-05-16,0.009364172675363491
1968-05-17,0.00936329588014928
1968-05-20,0.02808725774738896
1968-05-21,0.00935979034071277
1968-05-22,0.00935891436593117
1968-05-23,0.009358038555129511
1968-05-24,0.00935716290819677
1968-05-27,0.02806886227544325
1968-05-28,0.009353661958666493
1968-05-29,0.009352787130545437
1968-05-30,0.009351912466115664
1968-05-31,0.009351037965199538
1968-06-03,0.062111801242248355
1968-06-04,0.02069108214359794
1968-06-05,0.020686801820435363
1968-06-06,0.020682523267856467
1968-06-07,0.020678246484684415
1968-06-10,0.062021914409760015
1968-06-11,0.020661157024792765
1968-06-12,0.020656889072512286
1968-06-13,0.020652622883088334
1968-06-14,0.020648358455499505
1968-06-17,0.061932287365817906
1968-06-18,0.02063131834124654
1968-06-19,0.020627062706268795
1968-06-20,0.020622808826575856
1968-06-21,0.02061855670101309
1968-06-24,0.06184291898578831
1968-06-25,0.020601565718991743
1968-06-26,0.02059732234809264
1968-06-27,0.02059308072486221
1968-06-28,0.02058884084825685
1968-07-01,0.05239717055278703
1968-07-02,0.017456576765306764
1968-07-03,0.017453529976441118
1968-07-04,0.017450484250947085
1968-07-05,0.017447439588225144
1968-07-08,0.0523331879633826
1968-07-09,0.017435271554333553
1968-07-10,0.017432232197345243
1968-07-11,0.017429193899776152
1968-07-12,0.017426156661159986
1968-07-15,0.05226936144262506
1968-07-16,0.017414018284722665
1968-07-17,0.017410986332366818
1968-07-18,0.017407955435633227
1968-07-19,0.017404925593944576
1968-07-22,0.052205690420259465
1968-07-23,0.01739281676667037
1968-07-24,0.01738979219199077
1968-07-25,0.017386768669025443
1968-07-26,0.017383746197308092
1968-07-29,0.052142174328673185
1968-07-30,0.017371666811438757
1968-07-31,0.017368649587501395
1968-08-01,0.009551098376303635
1968-08-02,0.009550186228635127
1968-08-05,0.02864782276545963
1968-08-06,0.009546539379479135
1968-08-07,0.009545628102314296
1968-08-08,0.009544716999121405
1968-08-09,0.009543806069878258
1968-08-12,0.028628685943310472
1968-08-13,0.009540164090826586
1968-08-14,0.009539254030332955
1968-08-15,0.009538344143478206
1968-08-16,0.00953743443012911
1968-08-19,0.028609574670990234
1968-08-20,0.00953379731147841
1968-08-21,0.009532888465191292
1968-08-22,0.009531979792209988
1968-08-23,0.009531071292401272
1968-08-26,0.028590488897362043
1968-08-27,0.009527439024403783
1968-08-28,0.009526531389902892
1968-08-29,0.009525623928374749
1968-08-30,0.009524716639663922
1968-09-02,0.02764976958524734
1968-09-03,0.00921404220033395
1968-09-04,0.00921319329278969
1968-09-05,0.009212344541698059
1968-09-06,0.00921149594692583
1968-09-09,0.027631942525552233
1968-09-10,0.009208103130764478
1968-09-11,0.009207255317189578
1968-09-12,0.009206407659712035
1968-09-13,0.009205560158354054
1968-09-16,0.02761413843888061
1968-09-17,0.00920217171254123
1968-09-18,0.009201324990781856
1968-09-19,0.009200478424875591
1968-09-20,0.009199632014733616
1968-09-23,0.027596357280823547
1968-09-24,0.009196247930831625
1968-09-25,0.009195402298867172
1968-09-26,0.009194556822356148
1968-09-27,0.00919371150134296
1968-09-30,0.027578599007171967
1968-10-01,0.01838066354196144
1968-10-02,0.018377285674908705
1968-10-03,0.018373909049129722
1968-10-04,0.018370533664002764
1968-10-07,0.055101478556340844
1968-10-08,0.018357044515826537
1968-10-09,0.0183536753234792
1968-10-10,0.018350307367653862
1968-10-11,0.018346940647639975
1968-10-14,0.05503072548838084
1968-10-15,0.01833348611239849
1968-10-16,0.018330125561361044
1968-10-17,0.01832676624209384
1968-10-18,0.018323408153930743
1968-10-21,0.05496015388841702
1968-10-22,0.018309988098508256
1968-10-23,0.018306636155607237
1968-10-24,0.018303285439724704
1968-10-25,0.018299935950216728
1968-10-28,0.05488976305920712
1968-10-29,0.018286550242274657
1968-10-30,0.01828320687449203
1968-10-31,0.01827986472899834
1968-11-01,0.00976848686138343
1968-11-04,0.029302598163716276
1968-11-05,0.009764671418799331
1968-11-06,0.009763718023836354
1968-11-07,0.009762764814991165
1968-11-08,0.009761811792263764
1968-11-11,0.02928257686676261
1968-11-12,0.009758001561288587
1968-11-13,0.009757049468239742
1968-11-14,0.009756097560975618
1968-11-15,0.009755145839407398
1968-11-18,0.029262582910649648
1968-11-19,0.009751340809360798
1968-11-20,0.009750390015605959
1968-11-21,0.00974943940723616
1968-11-22,0.009748488984206993
1968-11-25,0.02924261623937774
1968-11-26,0.009744689144408625
1968-11-27,0.009743739647283256
1968-11-28,0.009742790335143248
1968-11-29,0.0097418412079886
1968-12-02,0.026483050847447842
1968-12-03,0.008825346394858435
1968-12-04,0.008824567596188437
1968-12-05,0.00882378893496405
1968-12-06,0.008823010411163068
1968-12-09,0.026466696074112228
1968-12-10,0.008819897689171796
1968-12-11,0.008819119851843915
1968-12-12,0.008818342151672987
1968-12-13,0.008817564588681215
1968-12-16,0.026450361488272733
1968-12-17,0.008814455707351065
1968-12-18,0.008813678829544536
1968-12-19,0.00881290208865071
1968-12-20,0.008812125484669586
1968-12-23,0.02643404705260366
1968-12-24,0.008809020436917336
1968-12-25,0.008808244516878005
1968-12-26,0.008807468733484924
1968-12-27,0.008806693086738093
1968-12-30,0.026417752729845922
1968-12-31,0.00880359186548052
1969-01-01,0.009086778736921985
1969-01-02,0.009085953116483303
1969-01-03,0.009085127646035751
1969-01-06,0.027252906976760194
1969-01-07,0.009081827263646147
1969-01-08,0.00908100254266575
1969-01-09,0.009080177971498848
1969-01-10,0.009079353550012215
1969-01-13,0.02723558783477298
1969-01-14,0.009076057360690726
1969-01-15,0.009075233687250162
1969-01-16,0.009074410163356639
1969-01-17,0.009073586788854726
1969-01-20,0.027218290691344293
1969-01-21,0.009070294784585542
1969-01-22,0.009069472156708613
1969-01-23,0.009068649678067864
1969-01-24,0.009067827348552271
1969-01-27,0.027201015504574322
1969-01-28,0.009064539521408399
1969-01-29,0.009063717937096705
1969-01-30,0.009062896501732531
1969-01-31,0.009062075215227061
1969-02-03,0.06019261637240092
1969-02-04,0.020052135552428574
1969-02-05,0.020048115477155903
1969-02-06,0.020044097013438567
1969-02-07,0.020040080160299567
1969-02-10,0.06010819475055218
1969-02-11,0.020024028834608742
1969-02-12,0.02002002002001735
1969-02-13,0.020016012810253336
1969-02-14,0.02001200720433971
1969-02-17,0.06002400960383181
1969-02-18,0.01999600079984898
1969-02-19,0.019992003198732178
1969-02-20,0.0199880071956704
1969-02-21,0.019984012789775463
1969-02-24,0.05994005994005569
1969-02-25,0.019968051118191
1969-02-26,0.019964064683586358
1969-02-27,0.019960079840308786
1969-02-28,0.019956096587514516
1969-03-03,0.08109569291765428
1969-03-04,0.027009993697668655
1969-03-05,0.027002700270029045
1969-03-06,0.026995410780172868
1969-03-07,0.02698812522490268
1969-03-10,0.08094253080312974
1969-03-11,0.026959022286110468
1969-03-12,0.02695175635611946
1969-03-13,0.026944494341640812
1969-03-14,0.026937236239565898
1969-03-17,0.08078994614002522
1969-03-18,0.02690824289175442
1969-03-19,0.026901004304158427
1969-03-20,0.026893769610025764
1969-03-21,0.0268865388062256
1969-03-24,0.08063793566885913
1969-03-25,0.026857654431511335
1969-03-26,0.026850443032322424
1969-03-27,0.026843235504658836
1969-03-28,0.026836031845411945
1969-03-31,0.08048649615453041
1969-04-01,0.018467220683282548
1969-04-02,0.018463810930580138
1969-04-03,0.018460402436759615
1969-04-04,0.01845699520117705
1969-04-07,0.0553607676693213
1969-04-08,0.018443378826993317
1969-04-09,0.018439977872009017
1969-04-10,0.018436578171088236
1969-04-11,0.018433179723498228
1969-04-14,0.05528934758569637
1969-04-15,0.018419598452745767
1969-04-16,0.018416206261484547
1969-04-17,0.01841281531946848
1969-04-18,0.018409425625920406
1969-04-21,0.055218111540566994
1969-04-22,0.018395879323040987
1969-04-23,0.018392495861685454
1969-04-24,0.0183891136447345
1969-04-25,0.01838573267145538
1969-04-28,0.055147058823523665
1969-04-29,0.018372221201556904
1969-04-30,0.018368846436445097
1969-05-01,0.009182736455448648
1969-05-02,0.009181893306409172
1969-05-05,0.027543150936470973
1969-05-06,0.00917852225792437
1969-05-07,0.009177679882510503
1969-05-08,0.009176837661728499
1969-05-09,0.009175995595533948
1969-05-12,0.027525461051491895
1969-05-13,0.009172628875431244
1969-05-14,0.009171787581396806
1969-05-15,0.00917094644168337
1969-05-16,0.009170105456202116
1969-05-19,0.027507793874925746
1969-05-20,0.009166743056199245
1969-05-21,0.00916590284141261
1969-05-22,0.009165062780680522
1969-05-23,0.009164222873891958
1969-05-26,0.02749014936314076
1969-05-27,0.009160864785640044
1969-05-28,0.0091600256480584
1969-05-29,0.009159186664242647
1969-05-30,0.00915834783403735
1969-06-02,0.05317263381781068
1969-06-03,0.017714791851175526
1969-06-04,0.017711654268515176
1969-06-05,0.017708517797054846
1969-06-06,0.01770538243626163
1969-06-09,0.05310674455654141
1969-06-10,0.017692852087769495
1969-06-11,0.01768972227136345
1969-06-12,0.01768659356209401
1969-06-13,0.01768346595933945
1969-06-16,0.05304101838754516
1969-06-17,0.01767096660187928
1969-06-18,0.017667844522972764
1969-06-19,0.017664723547072825
1969-06-20,0.01766160367362435
1969-06-23,0.052975454705972425
1969-06-24,0.017649135192376875
1969-06-25,0.01764602082230393
1969-06-26,0.017642907551174147
1969-06-27,0.017639795378365797
1969-06-30,0.052910052910060124
1969-07-01,0.01762735765908907
1969-07-02,0.017624250969339172
1969-07-03,0.017621145374424607
1969-07-04,0.017618040873856877
1969-07-07,0.05284481240093175
1969-07-08,0.017605633802819654
1969-07-09,0.017602534764993294
1969-07-10,0.01759943681802767
1969-07-11,0.017596339961301055
1969-07-14,0.0527797325826862
1969-07-15,0.017583963425349403
1969-07-16,0.017580872011246917
1969-07-17,0.017577781683963956
1969-07-18,0.017574692442878792
1969-07-21,0.052714812862397764
1969-07-22,0.017562346329480505
1969-07-23,0.017559262510968843
1969-07-24,0.017556179775257696
1969-07-25,0.01755309812181416
1969-07-28,0.05265005265007172
1969-07-29,0.01754078231888112
1969-07-30,0.017537706068049275
1969-07-31,0.01753463089602114
1969-08-01,0.018740629685165544
1969-08-04,0.05621135469364713
1969-08-05,0.01872659176029856
1969-08-06,0.0187230855644982
1969-08-07,0.018719580681403336
1969-08-08,0.018716077110214613
1969-08-11,0.05613772455090871
1969-08-12,0.018702075930443485
1969-08-13,0.01869857890799409
1969-08-14,0.018695083193120965
1969-08-15,0.018691588785046953
1969-08-18,0.05606428704914013
1969-08-19,0.018677624206198118
1969-08-20,0.01867413632119508
1969-08-21,0.018670649738616873
1969-08-22,0.01866716445770855
1969-08-25,0.05599104143338973
1969-08-26,0.01865323633651883
1969-08-27,0.01864975755314635
1969-08-28,0.01864628006713609
1969-08-29,0.01864280387771089
1969-09-01,0.025337837837824395
1969-09-02,0.008443806467961501
1969-09-03,0.00844309354945949
1969-09-04,0.00844238075137227
1969-09-05,0.008441668073633224
1969-09-08,0.025322866548482814
1969-09-09,0.00843881856540385
1969-09-10,0.008438106488917185
1969-09-11,0.008437394532556652
1969-09-12,0.00843668269636666
1969-09-15,0.025307912940775168
1969-09-16,0.008433836552246277
1969-09-17,0.008433125316242851
1969-09-18,0.008432414200187921
1969-09-19,0.008431703204037078
1969-09-22,0.02529297698341537
1969-09-23,0.00842886041807489
1969-09-24,0.008428150021067005
1969-09-25,0.008427439743807774
1969-09-26,0.008426729586230586
1969-09-29,0.025278058645095136
1969-09-30,0.0084238901524758
1969-10-01,0.01738979219199077
1969-10-02,0.017386768669047648
1969-10-03,0.017383746197285888
1969-10-06,0.052142174328673185
1969-10-07,0.017371666811438757
1969-10-08,0.017368649587501395
1969-10-09,0.017365633411459136
1969-10-10,0.017362618282845688
1969-10-13,0.052078812603073565
1969-10-14,0.017350568231111474
1969-10-15,0.017347558331159973
1969-10-16,0.01734454947532882
1969-10-17,0.017341541663062898
1969-10-20,0.0520156046813991
1969-10-21,0.01732952083874917
1969-10-22,0.017326518236160382
1969-10-23,0.01732351667389498
1969-10-24,0.017320516151375642
1969-10-27,0.051952550004341624
1969-10-28,0.017308524448300666
1969-10-29,0.017305529116540264
1969-10-30,0.01730253482135069
1969-10-31,0.01729954156215463
1969-11-03,0.05744925315971372
1969-11-04,0.019138755980874222
1969-11-05,0.01913509376194611
1969-11-06,0.019131432944341498
1969-11-07,0.019127773527150005
1969-11-10,0.057372346528983265
1969-11-11,0.019113149847105326
1969-11-12,0.019109497420233268
1969-11-13,0.019105846388978165
1969-11-14,0.019102196752629474
1969-11-17,0.057295645530941464
1969-11-18,0.01908761213973431
1969-11-19,0.019083969465638617
1969-11-20,0.019080328181653172
1969-11-21,0.019076688286912002
1969-11-24,0.057219149341958264
1969-11-25,0.01906214258482475
1969-11-26,0.019058509624558795
1969-11-27,0.019054878048763157
1969-11-28,0.019051247856749498
1969-12-01,0.04848484848485324
1969-12-02,0.01615378402390899
1969-12-03,0.016151174997980355
1969-12-04,0.016148566814688792
1969-12-05,0.016145959473656823
1969-12-08,0.048430058923232266
1969-12-09,0.01613553852359839
1969-12-10,0.016132935387580538
1969-12-11,0.01613033309137979
1969-12-12,0.016127731634552056
1969-12-15,0.04837539305007077
1969-12-16,0.016117334192933264
1969-12-17,0.016114736926930995
1969-12-18,0.01611214049785925
1969-12-19,0.01610954490536276
1969-12-22,0.0483208504469701
1969-12-23,0.01609917089269164
1969-12-24,0.01609657947687637
1969-12-25,0.016093988895149458
1969-12-26,0.016091399147133423
1969-12-29,0.04826643069744119
1969-12-30,0.016081048484362093
1969-12-31,0.016078462898949653
1970-01-01,0.008841732979658623
1970-01-02,0.008840951286370746
1970-01-05,0.026520509193761477
1970-01-06,0.00883782589482518
1970-01-07,0.008837044892207047
1970-01-08,0.008836264027567431
1970-01-09,0.008835483300928537
1970-01-12,0.02650410813678228
1970-01-13,0.008832361773536412
1970-01-14,0.008831581736301608
1970-01-15,0.008830801836801072
1970-01-16,0.008830022075057009
1970-01-19,0.026487727353008417
1970-01-20,0.00882690440462408
1970-01-21,0.008826125330996248
1970-01-22,0.008825346394836231
1970-01-23,0.008824567596188437
1970-01-26,0.02647136680489215
1970-01-27,0.008821453775587074
1970-01-28,0.008820675663745448
1970-01-29,0.008819897689194
1970-01-30,0.00881911985182171
1970-02-02,0.05668934240363743
1970-02-03,0.01888574126536202
1970-02-04,0.018882175226564435
1970-02-05,0.018878610534267537
1970-02-06,0.018875047187605354
1970-02-09,0.05661445555764644
1970-02-10,0.018860807242560007
1970-02-11,0.018857250612858145
1970-02-12,0.018853695324261288
1970-02-13,0.018850141376058893
1970-02-16,0.05653976630231039
1970-02-17,0.018835938971561994
1970-02-18,0.01883239171374118
1970-02-19,0.018828845791762916
1970-02-20,0.018825301204827838
1970-02-23,0.05646527385656519
1970-02-24,0.018811136192642408
1970-02-25,0.018807598269710013
1970-02-26,0.0188040616773133
1970-02-27,0.018800526414741725
1970-03-02,0.049342105263150415
1970-03-03,0.016439256945588454
1970-03-04,0.016436554898091593
1970-03-05,0.01643385373870654
1970-03-06,0.016431153466966997
1970-03-09,0.04928536224739766
1970-03-10,0.016420361247959647
1970-03-11,0.01641766540798617
1970-03-12,0.01641497045303808
1970-03-13,0.0164122763827379
1970-03-16,0.049228749589769194
1970-03-17,0.016401508938801435
1970-03-18,0.016398819285012856
1970-03-19,0.016396130513207652
1970-03-20,0.01639344262296394
1970-03-23,0.04917226684151288
1970-03-24,0.016382699868922046
1970-03-25,0.016380016380024287
1970-03-26,0.016377333770067892
1970-03-27,0.016374652038630977
1970-03-30,0.049115913556008195
1970-03-31,0.016363933889707027
1970-04-01,0.026178010471200608
1970-04-02,0.026171159382371023
1970-04-03,0.02616431187858481
1970-04-06,0.07847240387133247
1970-04-07,0.0261369576581183
1970-04-08,0.026130128037626932
1970-04-09,0.026123301985370162
1970-04-10,0.026116479498550227
1970-04-13,0.07832898172324132
1970-04-14,0.02608922515001666
1970-04-15,0.026082420448614307
1970-04-16,0.026075619295951036
1970-04-17,0.02606882168927349
1970-04-20,0.07818608287724071
1970-04-21,0.026041666666665186
1970-04-22,0.02603488674826071
1970-04-23,0.026028110359188616
1970-04-24,0.02602133749673996
1970-04-27,0.07804370447450637
1970-04-28,0.02599428125811265
1970-04-29,0.0259875259875475
1970-04-30,0.025980774227063463
1970-05-01,0.00895656068069517
1970-05-04,0.02686727565825997
1970-05-05,0.008953353030682898
1970-05-06,0.008952551477170445
1970-05-07,0.008951750067143216
1970-05-08,0.008950948800579006
1970-05-11,0.026850443032322424
1970-05-12,0.008947745168219612
1970-05-13,0.008946944618415387
1970-05-14,0.008946144211852136
1970-05-15,0.008945343948463247
1970-05-18,0.026833631484790565
1970-05-19,0.008942144326207213
1970-05-20,0.008941344778246041
1970-05-21,0.00894054537325939
1970-05-22,0.008939746111202851
1970-05-25,0.02681684097611825
1970-05-26,0.008936550491522866
1970-05-27,0.008935751943517367
1970-05-28,0.00893495353824214
1970-05-29,0.008934155275630573
1970-06-01,0.04857512953366783
1970-06-02,0.01618384851918009
1970-06-03,0.016181229773470918
1970-06-04,0.016178611875106164
1970-06-05,0.01617599482366394
1970-06-08,0.048520135856389146
1970-06-09,0.016165535079215587
1970-06-10,0.016162922256324208
1970-06-11,0.01616031027795728
1970-06-12,0.016157699143648507
1970-06-15,0.048465266558950226
1970-06-16,0.016147263038912563
1970-06-17,0.016144656118832756
1970-06-18,0.016142050040368616
1970-06-19,0.016139444803098257
1970-06-22,0.04841052121993261
1970-06-23,0.01612903225807205
1970-06-24,0.016126431220775395
1970-06-25,0.01612383102223003
1970-06-26,0.016121231662102886
1970-06-29,0.04835589941973861
1970-06-30,0.0161108425970502
1970-07-01,0.016627868307295124
1970-07-02,0.016625103906897643
1970-07-03,0.01662234042554278
1970-07-06,0.04985873358815951
1970-07-07,0.016611295681068228
1970-07-08,0.016608536787909856
1970-07-09,0.016605778811018546
1970-07-10,0.01660302174995021
1970-07-13,0.04980079681276006
1970-07-14,0.016592002654713944
1970-07-15,0.016589250165899294
1970-07-16,0.01658649859013206
1970-07-17,0.01658374792701256
1970-07-20,0.04974299452829012
1970-07-21,0.016572754391774858
1970-07-22,0.016570008284966242
1970-07-23,0.01656726308816303
1970-07-24,0.016564518800721295
1970-07-27,0.049685326266990515
1970-07-28,0.016553550736619904
1970-07-29,0.01655081098974609
1970-07-30,0.01654807214959142
1970-07-31,0.016545334215756213
1970-08-03,0.0
1970-08-04,0.0
1970-08-05,0.0
1970-08-06,0.0
1970-08-07,0.0
1970-08-10,0.0
1970-08-11,0.0
1970-08-12,0.0
1970-08-13,0.0
1970-08-14,0.0
1970-08-17,0.0
1970-08-18,0.0
1970-08-19,0.0
1970-08-20,0.0
1970-08-21,0.0
1970-08-24,0.0
1970-08-25,0.0
1970-08-26,0.0
1970-08-27,0.0
1970-08-28,0.0
1970-08-31,0.0
1970-09-01,0.017094017094021474
1970-09-02,0.01709109553922339
1970-09-03,0.017088174982915483
1970-09-04,0.017085255424542645
1970-09-07,0.05124701059104897
1970-09-08,0.017073587160654213
1970-09-09,0.017070672584496016
1970-09-10,0.01706775900325308
1970-09-11,0.0170648464163925
1970-09-14,0.051185804470210705
1970-09-15,0.017053206002737298
1970-09-16,0.017050298380216766
1970-09-17,0.017047391749058782
1970-09-18,0.017044486108752643
1970-09-21,0.05112474437627412
1970-09-22,0.017032873445743668
1970-09-23,0.017029972752036215
1970-09-24,0.017027073046138597
1970-09-25,0.017024174327562314
1970-09-28,0.05106382978723456
1970-09-29,0.017012589316101057
1970-09-30,0.01700969552644871
1970-10-01,0.01700680272109789
1970-10-02,0.017003910899515695
1970-10-05,0.05100306018359646
1970-10-06,0.01699235344094774
1970-10-07,0.016989466530747954
1970-10-08,0.01698658060131919
1970-10-09,0.016983695652150743
1970-10-12,0.05094243504839557
1970-10-13,0.01697216564833237
1970-10-14,0.016969285593071426
1970-10-15,0.0169664065150954
1970-10-16,0.016963528413915796
1970-10-19,0.05088195386704353
1970-10-20,0.01695202576708077
1970-10-21,0.016949152542378165
1970-10-22,0.016946280291452176
1970-10-23,0.01694340901390312
1970-10-26,0.05082161612739444
1970-10-27,0.016931933626795903
1970-10-28,0.01692906720840437
1970-10-29,0.016926201760325554
1970-10-30,0.01692333728211537
1970-11-02,0.04912395611593734
1970-11-03,0.016366612111284873
1970-11-04,0.016363933889707027
1970-11-05,0.01636125654449483
1970-11-06,0.016358580075248597
1970-11-09,0.04906771344455052
1970-11-10,0.01634788294915257
1970-11-11,0.016345210853230263
1970-11-12,0.016342539630653796
1970-11-13,0.016339869281045694
1970-11-16,0.04901159941184119
1970-11-17,0.016329196603526164
1970-11-18,0.016326530612253976
1970-11-19,0.01632386549135223
1970-11-20,0.016321201240421246
1970-11-23,0.048955613577006396
1970-11-24,0.016310552927745192
1970-11-25,0.016307893020228725
1970-11-26,0.016305233980107303
1970-11-27,0.01630257580695904
1970-11-30,0.04889975550124159
1970-12-01,0.016291951775815328
1970-12-02,0.016289297931271207
1970-12-03,0.01628664495112453
1970-12-04,0.016283992835042227
1970-12-07,0.048844024747651815
1970-12-08,0.016273393002452785
1970-12-09,0.01627074520011984
1970-12-10,0.016268098259319963
1970-12-11,0.016265452179564655
1970-12-14,0.04878842088142932
1970-12-15,0.016254876462951096
1970-12-16,0.016252234682267996
1970-12-17,0.01624959376016477
1970-12-18,0.016246953696175126
1970-12-21,0.04873294346978696
1970-12-22,0.016236402013314333
1970-12-23,0.016233766233764158
1970-12-24,0.016231131309840663
1970-12-25,0.016228497241166373
1970-12-28,0.048677592081780574
1970-12-29,0.016217969510212704
1970-12-30,0.01621533971136735
1970-12-31,0.01621271076523989
1971-01-01,0.0
1971-01-04,0.0
1971-01-05,0.0
1971-01-06,0.0
1971-01-07,0.0
1971-01-08,0.0
1971-01-11,0.0
1971-01-12,0.0
1971-01-13,0.0
1971-01-14,0.0
1971-01-15,0.0
1971-01-18,0.0
1971-01-19,0.0
1971-01-20,0.0
1971-01-21,0.0
1971-01-22,0.0
1971-01-25,0.0
1971-01-26,0.0
1971-01-27,0.0
1971-01-28,0.0
1971-01-29,0.0
1971-02-01,0.026920315865042177
1971-02-02,0.008971023593784544
1971-02-03,0.008970218873360913
1971-02-04,0.008969414297244072
1971-02-05,0.008968609865478427
1971-02-08,0.026903416733903285
1971-02-09,0.0089653935807954
1971-02-10,0.008964589870008588
1971-02-11,0.008963786303328725
1971-02-12,0.008962982880689196
1971-02-15,0.026886538806247806
1971-02-16,0.008959770629890507
1971-02-17,0.008958967926897543
1971-02-18,0.00895816536772287
1971-02-19,0.008957362952366488
1971-02-22,0.026869682042107712
1971-02-23,0.008954154727791597
1971-02-24,0.008953353030705102
1971-02-25,0.00895255147719265
1971-02-26,0.008951750067143216
1971-03-01,0.022784233310546576
1971-03-02,0.007593014426743316
1971-03-03,0.0075924379318026425
1971-03-04,0.007591861524436361
1971-03-05,0.007591285204600062
1971-03-08,0.022772126916659197
1971-03-09,0.007588980799866363
1971-03-10,0.007588404917302505
1971-03-11,0.007587829122090994
1971-03-12,0.0075872534142762404
1971-03-15,0.02276003338137489
1971-03-16,0.0075849514562964515
1971-03-17,0.007584376185043595
1971-03-18,0.007583801001076473
1971-03-19,0.007583225904284063
1971-03-22,0.02274795268426555
1971-03-23,0.007580926389216813
1971-03-24,0.007580351728320167
1971-03-25,0.007579777154553824
1971-03-26,0.00757920266785117
1971-03-29,0.022735884804858664
1971-03-30,0.00757690559176627
1971-03-31,0.007576331540271042
1971-04-01,0.008333333333321313
1971-04-02,0.008332638946773052
1971-04-05,0.024995834027663477
1971-04-06,0.008329862557276968
1971-04-07,0.008329168748955063
1971-04-08,0.008328475056207374
1971-04-09,0.008327781479033902
1971-04-12,0.02498126405194867
1971-04-13,0.00832500832501637
1971-04-14,0.008324315325047849
1971-04-15,0.008323622440475908
1971-04-16,0.00832292967125614
1971-04-19,0.024966711051921386
1971-04-20,0.008320159747077227
1971-04-21,0.008319467554063209
1971-04-22,0.008318775476268137
1971-04-23,0.008318083513558783
1971-04-26,0.024952174997916465
1971-04-27,0.008315316813578555
1971-04-28,0.008314625426120159
1971-04-29,0.008313934153658664
1971-04-30,0.008313242996083048
1971-05-03,0.04826643069744119
1971-05-04,0.016081048484362093
1971-05-05,0.016078462898949653
1971-05-06,0.01607587814485001
1971-05-07,0.01607329422166348
1971-05-10,0.048212133386904554
1971-05-11,0.016062966829966108
1971-05-12,0.01606038705532775
1971-05-13,0.016057808109182226
1971-05-14,0.016055229991174258
1971-05-17,0.04815795810257928
1971-05-18,0.016044925792213505
1971-05-19,0.0160423518087649
1971-05-20,0.01603977865105577
1971-05-21,0.016037206318664232
1971-05-24,0.04810390443357182
1971-05-25,0.01602692523439142
1971-05-26,0.016024357022681457
1971-05-27,0.016021789633913208
1971-05-28,0.016019223067686994
1971-05-31,0.048049971970831606
1971-06-01,0.02481389578163906
1971-06-02,0.024807740014898272
1971-06-03,0.024801587301581662
1971-06-04,0.02479543763949099
1971-06-07,0.07436787307881776
1971-06-08,0.024770869457513278
1971-06-09,0.02476473501735743
1971-06-10,0.024758603614749575
1971-06-11,0.024752475247513672
1971-06-14,0.07423904974017681
1971-06-15,0.024727992087059114
1971-06-16,0.024721878862798974
1971-06-17,0.024715768660410475
1971-06-18,0.024709661477628764
1971-06-21,0.07411067193676679
1971-06-22,0.024685262898072047
1971-06-23,0.024679170779862147
1971-06-24,0.02467308166789195
1971-06-25,0.024666995559941007
1971-06-28,0.0739827373612778
1971-06-29,0.024642681123721033
1971-06-30,0.024636610002448656
1971-07-01,0.00821018062395762
1971-07-02,0.008209506608669592
1971-07-05,0.024626498111968154
1971-07-06,0.008206811653677093
1971-07-07,0.00820613819136895
1971-07-08,0.008205464839572407
1971-07-09,0.008204791598309669
1971-07-12,0.024612355402409136
1971-07-13,0.008202099737553148
1971-07-14,0.008201427048293297
1971-07-15,0.00820075446941182
1971-07-16,0.008200082000819897
1971-07-19,0.02459822892750818
1971-07-20,0.008197393228970284
1971-07-21,0.008196721311470867
1971-07-22,0.008196049504149983
1971-07-23,0.008195377806918813
1971-07-26,0.024584118659332077
1971-07-27,0.008192692118647038
1971-07-28,0.008192020971575786
1971-07-29,0.008191349934483227
1971-07-30,0.008190679007280544
1971-08-02,0.023034398034393888
1971-08-03,0.007676364473785391
1971-08-04,0.007675775253290773
1971-08-05,0.007675186123257127
1971-08-06,0.0076745970836400446
1971-08-09,0.023022024403362984
1971-08-10,0.007672241829048687
1971-08-11,0.007671653241270171
1971-08-12,0.007671064743797196
1971-08-13,0.007670476336563148
1971-08-16,0.023009664058903923
1971-08-17,0.007668123610171662
1971-08-18,0.007667535654043434
1971-08-19,0.007666947788087519
1971-08-20,0.00766636001225951
1971-08-23,0.022997316979678217
1971-08-24,0.007664009809937866
1971-08-25,0.007663422484482929
1971-08-26,0.007662835249044875
1971-08-27,0.007662248103601499
1971-08-30,0.022984983144347382
1971-08-31,0.007659900421286281
1971-09-01,0.0
1971-09-02,0.0
1971-09-03,0.0
1971-09-06,0.0
1971-09-07,0.0
1971-09-08,0.0
1971-09-09,0.0
1971-09-10,0.0
1971-09-13,0.0
1971-09-14,0.0
1971-09-15,0.0
1971-09-16,0.0
1971-09-17,0.0
1971-09-20,0.0
1971-09-21,0.0
1971-09-22,0.0
1971-09-23,0.0
1971-09-24,0.0
1971-09-27,0.0
1971-09-28,0.0
1971-09-29,0.0
1971-09-30,0.0
1971-10-01,0.008451656524677276
1971-10-04,0.025352826840174814
1971-10-05,0.008448800270355328
1971-10-06,0.008448086508416885
1971-10-07,0.008447372867048664
1971-10-08,0.008446659346228458
1971-10-11,0.0253378378378466
1971-10-12,0.008443806467961501
1971-10-13,0.008443093549481695
1971-10-14,0.00844238075137227
1971-10-15,0.008441668073588815
1971-10-18,0.02532286654850502
1971-10-19,0.00843881856540385
1971-10-20,0.00843810648889498
1971-10-21,0.008437394532578857
1971-10-22,0.00843668269636666
1971-10-25,0.025307912940775168
1971-10-26,0.008433836552246277
1971-10-27,0.008433125316242851
1971-10-28,0.008432414200187921
1971-10-29,0.008431703204059282
1971-11-01,0.0
1971-11-02,0.0
1971-11-03,0.0
1971-11-04,0.0
1971-11-05,0.0
1971-11-08,0.0
1971-11-09,0.0
1971-11-10,0.0
1971-11-11,0.0
1971-11-12,0.0
1971-11-15,0.0
1971-11-16,0.0
1971-11-17,0.0
1971-11-18,0.0
1971-11-19,0.0
1971-11-22,0.0
1971-11-23,0.0
1971-11-24,0.0
1971-11-25,0.0
1971-11-26,0.0
1971-11-29,0.0
1971-11-30,0.0
1971-12-01,0.015774114677813422
1971-12-02,0.015771626843319453
1971-12-03,0.015769139793420095
1971-12-06,0.047299960583346845
1971-12-07,0.01575919943266335
1971-12-08,0.015756716300319162
1971-12-09,0.015754233950371344
1971-12-10,0.01575175238244242
1971-12-13,0.04724781478857576
1971-12-14,0.015741833923654802
1971-12-15,0.015739356260335846
1971-12-16,0.015736879376815338
1971-12-17,0.01573440327276021
1971-12-20,0.047195783843312356
1971-12-21,0.01572450664359959
1971-12-22,0.015722034431231435
1971-12-23,0.015719562996152625
1971-12-24,0.01571709233791907
1971-12-27,0.047143867368593106
1971-12-28,0.015707217466420786
1971-12-29,0.015704750687084434
1971-12-30,0.0157022846824173
1971-12-31,0.015699819452086317
1972-01-03,0.0
1972-01-04,0.0
1972-01-05,0.0
1972-01-06,0.0
1972-01-07,0.0
1972-01-10,0.0
1972-01-11,0.0
1972-01-12,0.0
1972-01-13,0.0
1972-01-14,0.0
1972-01-17,0.0
1972-01-18,0.0
1972-01-19,0.0
1972-01-20,0.0
1972-01-21,0.0
1972-01-24,0.0
1972-01-25,0.0
1972-01-26,0.0
1972-01-27,0.0
1972-01-28,0.0
1972-01-31,0.0
1972-02-01,0.01677993120228205
1972-02-02,0.01677711601375531
1972-02-03,0.016774301769673094
1972-02-04,0.016771488469613516
1972-02-07,0.050306028339042186
1972-02-08,0.016760244699587368
1972-02-09,0.016757436112269097
1972-02-10,0.01675462846610909
1972-02-11,0.01675182176059664
1972-02-14,0.05024704798595181
1972-02-15,0.016740604335807596
1972-02-16,0.016737802326560747
1972-02-17,0.016735001255119286
1972-02-18,0.016732201121039125
1972-02-21,0.05018820577165073
1972-02-22,0.016721009949005605
1972-02-23,0.016718214494670924
1972-02-24,0.016715419974921986
1972-02-25,0.016712626389248086
1972-02-28,0.05012950121145998
1972-02-29,0.01670146137786599
1972-03-01,0.007810669374364032
1972-03-02,0.007810059356461174
1972-03-03,0.007809449433815452
1972-03-06,0.023426518819325004
1972-03-07,0.0078070106956040775
1972-03-08,0.007806401249021988
1972-03-09,0.007805791897608216
1972-03-10,0.0078051826412739445
1972-03-13,0.02341372044016854
1972-03-14,0.0078027465667984686
1972-03-15,0.0078021377857506735
1972-03-16,0.007801529099715765
1972-03-17,0.007800920508604925
1972-03-20,0.023400936037432096
1972-03-21,0.007798487093513273
1972-03-22,0.007797878976911754
1972-03-23,0.00779727095516769
1972-03-24,0.007796663028214468
1972-03-27,0.02338816558820067
1972-03-28,0.007794232268132362
1972-03-29,0.0077936248148891
1972-03-30,0.007793017456370066
1972-03-31,0.007792410192464239
1972-04-03,0.025879917184257195
1972-04-04,0.008624407072010953
1972-04-05,0.008623663332185671
1972-04-06,0.008622919720613353
1972-04-07,0.008622176237271795
1972-04-10,0.025864298646438577
1972-04-11,0.008619203585591428
1972-04-12,0.008618460742915168
1972-04-13,0.008617718028269827
1972-04-14,0.008616975441633201
1972-04-17,0.025848698948793825
1972-04-18,0.008614006374374483
1972-04-19,0.008613264427204115
1972-04-20,0.008612522607864825
1972-04-21,0.008611780916312206
1972-04-24,0.025833118057350113
1972-04-25,0.008608815426991434
1972-04-26,0.00860807437375044
1972-04-27,0.008607333448118482
1972-04-28,0.00860659264996233
1972-05-01,0.021905805038335835
1972-05-02,0.007300335815463299
1972-05-03,0.007299802905325059
1972-05-04,0.007299270072969044
1972-05-05,0.007298737318461868
1972-05-08,0.0218946139249665
1972-05-09,0.007296607077700301
1972-05-10,0.007296074711815592
1972-05-11,0.007295542423579882
1972-05-12,0.007295010213015374
1972-05-15,0.02188343424027739
1972-05-16,0.007292882147025281
1972-05-17,0.007292350324505925
1972-05-18,0.007291818579568954
1972-05-19,0.00729128691212555
1972-05-22,0.021872265966749183
1972-05-23,0.007289161017576262
1972-05-24,0.007288629737600694
1972-05-25,0.007288098535096488
1972-05-26,0.007287567409997031
1972-05-29,0.021861109086929176
1972-05-30,0.007285443683535675
1972-05-31,0.007284912945282329
1972-06-01,0.008012820512814933
1972-06-02,0.008012178511340728
1972-06-05,0.024034609838152754
1972-06-06,0.008009611533843497
1972-06-07,0.008008970046446962
1972-06-08,0.008008328661790465
1972-06-09,0.008007687379896211
1972-06-12,0.024021138601959535
1972-06-13,0.008005123278898019
1972-06-14,0.008004482510193256
1972-06-15,0.008003841844095305
1972-06-16,0.008003201280515349
1972-06-19,0.024007682458382362
1972-06-20,0.008000640051220032
1972-06-21,0.007999999999985796
1972-06-22,0.007999360051202942
1972-06-23,0.007998720204760446
1972-06-26,0.02399424138206374
1972-06-27,0.007996161842327432
1972-06-28,0.007995522507386887
1972-06-29,0.007994883274720088
1972-06-30,0.007994244144216012
1972-07-03,0.04641448131816883
1972-07-04,0.015464316090629815
1972-07-05,0.01546192500967436
1972-07-06,0.015459534668016417
1972-07-07,0.015457145065300715
1972-07-10,0.04636426860364917
1972-07-11,0.01544759403722118
1972-07-12,0.015445208124176268
1972-07-13,0.015442822948030788
1972-07-14,0.01544043850845167
1972-07-17,0.046314164415295345
1972-07-18,0.015430908108937658
1972-07-19,0.015428527347061127
1972-07-20,0.01542614731970815
1972-07-21,0.015423768026523454
1972-07-24,0.04626416840156633
1972-07-25,0.015414258188828356
1972-07-26,0.01541188256146686
1972-07-27,0.015409507666230837
1972-07-28,0.015407133502809423
1972-07-31,0.046214280212586445
1972-08-01,0.007698822080204337
1972-08-02,0.00769822940724918
1972-08-03,0.007697636825465537
1972-08-04,0.00769704433500884
1972-08-07,0.023089355806971135
1972-08-08,0.007694675284697361
1972-08-09,0.007694083249987216
1972-08-10,0.007693491306337563
1972-08-11,0.007692899453815016
1972-08-14,0.02307692307692566
1972-08-15,0.007690532953930074
1972-08-16,0.007689941556443536
1972-08-17,0.007689350249906468
1972-08-18,0.007688759034296666
1972-08-21,0.02306450372875357
1972-08-22,0.00768639508070823
1972-08-23,0.0076858043194238945
1972-08-24,0.007685213648933598
1972-08-25,0.00768462306923734
1972-08-28,0.023052097740916544
1972-08-29,0.007682261657815381
1972-08-30,0.007681671531734047
1972-08-31,0.007681081496269115
1972-09-01,0.008210180623979824
1972-09-04,0.024628519825964368
1972-09-05,0.00820748522651904
1972-09-06,0.008206811653677093
1972-09-07,0.00820613819136895
1972-09-08,0.008205464839594612
1972-09-11,0.024614374794884597
1972-09-12,0.008202772537124758
1972-09-13,0.008202099737530943
1972-09-14,0.008201427048315502
1972-09-15,0.008200754469389615
1972-09-18,0.02460024600245969
1972-09-19,0.008198065256603826
1972-09-20,0.00819739322894808
1972-09-21,0.008196721311470867
1972-09-22,0.008196049504149983
1972-09-25,0.024586133420734235
1972-09-26,0.008193363375674778
1972-09-27,0.008192692118624834
1972-09-28,0.008192020971575786
1972-09-29,0.008191349934461023
1972-10-02,0.044536817102125426
1972-10-03,0.014838996883814737
1972-10-04,0.014836795252226587
1972-10-05,0.014834594273849255
1972-10-06,0.01483239394837188
1972-10-09,0.04449058282665064
1972-10-10,0.014823599169888624
1972-10-11,0.01482140210462557
1972-10-12,0.014819205690574933
1972-10-13,0.014817009927403646
1972-10-16,0.04444444444444695
1972-10-17,0.014808233377761049
1972-10-18,0.014806040864678849
1972-10-19,0.014803849000744052
1972-10-20,0.014801657785667999
1972-10-23,0.044398401657530506
1972-10-24,0.014792899408289095
1972-10-25,0.014790711433221304
1972-10-26,0.01478852410528031
1972-10-27,0.014786337424221863
1972-10-30,0.04435245416913869
1972-10-31,0.014777597162685119
1972-11-01,0.007880220646172553
1972-11-02,0.00787959971635388
1972-11-03,0.00787897888432365
1972-11-06,0.023635074450489846
1972-11-07,0.007876496534331423
1972-11-08,0.00787587619122121
1972-11-09,0.007875255945832826
1972-11-10,0.007874635798077456
1972-11-13,0.023622047244109545
1972-11-14,0.007872156183563739
1972-11-15,0.007871536523929024
1972-11-16,0.007870916961816299
1972-11-17,0.007870297497247769
1972-11-20,0.02360903439051487
1972-11-21,0.007867820613682852
1972-11-22,0.007867201636391208
1972-11-23,0.007866582756443918
1972-11-24,0.007865963973885393
1972-11-27,0.02359603586599146
1972-11-28,0.007863489816783975
1972-11-29,0.00786287152068077
1972-11-30,0.007862253321788693
1972-12-01,0.00813272608979343
1972-12-04,0.024396194193720966
1972-12-05,0.008130081300805614
1972-12-06,0.008129420372338103
1972-12-07,0.008128759551295772
1972-12-08,0.008128098837678621
1972-12-11,0.02438231469441554
1972-12-12,0.008125457056951113
1972-12-13,0.008124796880082386
1972-12-14,0.008124136810461202
1972-12-15,0.008123476848065359
1972-12-18,0.024368450978795586
1972-12-19,0.008120838070491132
1972-12-20,0.008120178643933329
1972-12-21,0.008119519324467639
1972-12-22,0.008118860112049653
1972-12-25,0.024354603019949295
1972-12-26,0.008116224332432864
1972-12-27,0.008115565654920331
1972-12-28,0.008114907084322276
1972-12-29,0.008114248620572084
1973-01-01,0.021390374331553552
1973-01-02,0.00712859994298487
1973-01-03,0.007128091809827097
1973-01-04,0.00712758374907807
1973-01-05,0.007127075760826607
1973-01-08,0.02137970353477403
1973-01-09,0.007125044531530733
1973-01-10,0.007124536905100953
1973-01-11,0.007124029350991101
1973-01-12,0.0071235218692233815
1973-01-15,0.021369043379149133
1973-01-16,0.007121492664863283
1973-01-17,0.0071209855443843395
1973-01-18,0.007120478496158711
1973-01-19,0.007119971520097579
1973-01-22,0.021358393848780466
1973-01-23,0.007117944337675652
1973-01-24,0.007117437722414799
1973-01-25,0.0071169311792962375
1973-01-26,0.0071164247082311505
1973-01-29,0.021347754927769635
1973-01-30,0.007114399544683181
1973-01-31,0.007113893433863261
1973-02-01,0.025150905432602677
1973-02-02,0.025144581342728678
1973-02-05,0.07541478129713397
1973-02-06,0.025119316754596
1973-02-07,0.02511300853840215
1973-02-08,0.025106703489830018
1973-02-09,0.025100401606437117
1973-02-12,0.0752823086574761
1973-02-13,0.025075225677029245
1973-02-14,0.025068939583849925
1973-02-15,0.025062656641594572
1973-02-16,0.02505637684790951
1973-02-19,0.0751503006012122
1973-02-20,0.02503128911139907
1973-02-21,0.025025025025016134
1973-02-22,0.025018764073037048
1973-02-23,0.02501250625313034
1973-02-26,0.07501875468867159
1973-02-27,0.024987506246887392
1973-02-28,0.024981264051970875
1973-03-01,0.031080031080032988
1973-03-02,0.0310703743980012
1973-03-05,0.09318217114457905
1973-03-06,0.031031807602799333
1973-03-07,0.031022180859330284
1973-03-08,0.0310125600868405
1973-03-09,0.031002945279801075
1973-03-12,0.09298000929798267
1973-03-13,0.030964545595302262
1973-03-14,0.030954960532425524
1973-03-15,0.030945381401803473
1973-03-16,0.030935808197996018
1973-03-19,0.0927787227462451
1973-03-20,0.03089757454040054
1973-03-21,0.03088803088804326
1973-03-22,0.03087849312952695
1973-03-23,0.03086896125945593
1973-03-26,0.09257830581699267
1973-03-27,0.030830892554334355
1973-03-28,0.030821390044688535
1973-03-29,0.030811893390847445
1973-03-30,0.0308024025874154
1973-04-02,0.06704909483723487
1973-04-03,0.022334723049421967
1973-04-04,0.022329735764792247
1973-04-05,0.02232475070695905
1973-04-06,0.022319767874412477
1973-04-09,0.0669443617970833
1973-04-10,0.022299858767560465
1973-04-11,0.02229488703924254
1973-04-12,0.022289917527307246
1973-04-13,0.02228495023028909
1973-04-16,0.06683995544001231
1973-04-17,0.022265103161656086
1973-04-18,0.022260146916974755
1973-04-19,0.022255192878328778
1973-04-20,0.022250241044274865
1973-04-23,0.06673587423995375
1973-04-24,0.022230455724336906
1973-04-25,0.02222551489110547
1973-04-26,0.022220576253606517
1973-04-27,0.022215639810418963
1973-04-30,0.06663211668025415
1973-05-01,0.02219591595145065
1973-05-02,0.022190990457859883
1973-05-03,0.022186067149831956
1973-05-04,0.022181146025879173
1973-05-07,0.06652868125369693
1973-05-08,0.02216148334195367
1973-05-09,0.022156573116682843
1973-05-10,0.02215166506682742
1973-05-11,0.0221467591908997
1973-05-14,0.06642556646248021
1973-05-15,0.02212715739784432
1973-05-16,0.022122262370039003
1973-05-17,0.022117369507523854
1973-05-18,0.02211247880887779
1973-05-21,0.06632277081799476
1973-05-22,0.022092937624274
1973-05-23,0.022088057723457233
1973-05-24,0.022083179977916423
1973-05-25,0.022078304386230485
1973-05-28,0.06622029284084618
1973-05-29,0.022058823529413907
1973-05-30,0.022053958685575026
1973-05-31,0.022049095987064504
1973-06-01,0.023564527531227952
1973-06-04,0.07067692790954094
1973-06-05,0.023542336969306632
1973-06-06,0.023536795857537207
1973-06-07,0.023531257353526236
1973-06-08,0.023525721455452953
1973-06-11,0.07056056448451198
1973-06-12,0.023503603885921542
1973-06-13,0.023498080990047576
1973-06-14,0.02349256068912009
1973-06-15,0.02348704298127391
1973-06-18,0.07044458359424244
1973-06-19,0.023464998044597785
1973-06-20,0.023459493274957666
1973-06-21,0.023453991087474257
1973-06-22,0.023448491480393407
1973-06-25,0.07032898335548321
1973-06-26,0.0234265188193028
1973-06-27,0.023421032086812232
1973-06-28,0.02341554792379963
1973-06-29,0.02341006632853304
1973-07-02,0.021210407239813378
1973-07-03,0.007068636460028088
1973-07-04,0.007068136839127881
1973-07-05,0.007067637288837858
1973-07-06,0.007067137809180224
1973-07-09,0.021199915200353914
1973-07-10,0.00706514059629626
1973-07-11,0.007064641469445299
1973-07-12,0.007064142413115704
1973-07-13,0.007063643427263067
1973-07-16,0.021189433535817592
1973-07-17,0.007061648188688707
1973-07-18,0.00706114955513204
1973-07-19,0.007060650992030126
1973-07-20,0.007060152499294148
1973-07-23,0.021178962230838927
1973-07-24,0.0070581592320762
1973-07-25,0.0070576610911032844
1973-07-26,0.007057163020451895
1973-07-27,0.007056665020122033
1973-07-30,0.02116850127009684
1973-07-31,0.007054673721329507
1973-08-01,0.0582538411126432
1973-08-02,0.05821992576959811
1973-08-03,0.05818604989453746
1973-08-06,0.17445664025588226
1973-08-07,0.05805093969957209
1973-08-08,0.058017260134901605
1973-08-09,0.05798361962745524
1973-08-10,0.05795001810937617
1973-08-13,0.17374936653877793
1973-08-14,0.05781600057817027
1973-08-15,0.057782592993849136
1973-08-16,0.05774922399479632
1973-08-17,0.057715893514176386
1973-08-20,0.17304780445597245
1973-08-21,0.0575829554452012
1973-08-22,0.05754981655996527
1973-08-23,0.05751671579552475
1973-08-24,0.05748365308615444
1973-08-27,0.17235188509874266
1973-08-28,0.05735178148971176
1973-08-29,0.05731890807478823
1973-08-30,0.05728607232367011
1973-08-31,0.05725327417160919
1973-09-03,0.023756731073798498
1973-09-04,0.007917029530513098
1973-09-05,0.007916402786589671
1973-09-06,0.00791577614185357
1973-09-07,0.007915149596326998
1973-09-10,0.02374356944994105
1973-09-11,0.007912644405760894
1973-09-12,0.007912018355882289
1973-09-13,0.007911392405057782
1973-09-14,0.00791076655326517
1973-09-17,0.02373042240151335
1973-09-18,0.00790826413603618
1973-09-19,0.007907638779047765
1973-09-20,0.007907013520980222
1973-09-21,0.00790638836178914
1973-09-24,0.023717289904356953
1973-09-25,0.00790388871323433
1973-09-26,0.007903264048048086
1973-09-27,0.007902639481605078
1973-09-28,0.007902015013816488
1973-10-01,0.08045052292839916
1973-10-02,0.0267952840300012
1973-10-03,0.026788106080899432
1973-10-04,0.026780931976433386
1973-10-05,0.026773761713538846
1973-10-08,0.08029978586723274
1973-10-09,0.026745119015791907
1973-10-10,0.02673796791443639
1973-10-11,0.026730820636178265
1973-10-12,0.02672367717799773
1973-10-15,0.08014961261020304
1973-10-16,0.026695141484256446
1973-10-17,0.02668801708032298
1973-10-18,0.026680896478126215
1973-10-19,0.026673779674579734
1973-10-22,0.0800000000000134
1973-10-23,0.026645350386367284
1973-10-24,0.026638252530641893
1973-10-25,0.026631158455381332
1973-10-26,0.026624068157610203
1973-10-29,0.07985094490285949
1973-10-30,0.026595744680846245
1973-10-31,0.026588673225202974
1973-11-01,0.02192982456139525
1973-11-02,0.021925016443780088
1973-11-05,0.06576063130203647
1973-11-06,0.021905805038335835
1973-11-07,0.02190100744634549
1973-11-08,0.02189621195531899
1973-11-09,0.02189141856392407
1973-11-12,0.06565988181221893
1973-11-13,0.021872265966749183
1973-11-14,0.021867483052706582
1973-11-15,0.021862702229991093
1973-11-16,0.02185792349727045
1973-11-19,0.0655594405594373
1973-11-20,0.021838829438736163
1973-11-21,0.021834061135383998
1973-11-22,0.021829294913766617
1973-11-23,0.021824530772573958
1973-11-26,0.06545930613135464
1973-11-27,0.02180549498473905
1973-11-28,0.021800741225197484
1973-11-29,0.021795989537931604
1973-11-30,0.021791239921542527
1973-12-03,0.06325110689437974
1973-12-04,0.021070375052678614
1973-12-05,0.02106593638087073
1973-12-06,0.021061499578789444
1973-12-07,0.021057064645191303
1973-12-10,0.06315789473685385
1973-12-11,0.021039343572470948
1973-12-12,0.021034917963813626
1973-12-13,0.021030494216600637
1973-12-14,0.021026072329699552
1973-12-17,0.06306495690560077
1973-12-18,0.021008403361366668
1973-12-19,0.021003990758239333
1973-12-20,0.020999580008385088
1973-12-21,0.020995171110649302
1973-12-24,0.06297229219143219
1973-12-25,0.020977554017198585
1973-12-26,0.02097315436242475
1973-12-27,0.02096875655273056
1973-12-28,0.020964360587005793
1973-12-31,0.06287989939217642
1974-01-01,0.027929060187137367
1974-01-02,0.027921262041030737
1974-01-03,0.027913468248441653
1974-01-04,0.027905678805639766
1974-01-07,0.08369368112708386
1974-01-08,0.02787456445991765
1974-01-09,0.027866796711717434
1974-01-10,0.027859033291544044
1974-01-11,0.027851274195800357
1974-01-14,0.08353055826255673
1974-01-15,0.027820280984847123
1974-01-16,0.027812543457095273
1974-01-17,0.027804810232168187
1974-01-18,0.02779708130646874
1974-01-21,0.08336807002917723
1974-01-22,0.027766208524226954
1974-01-23,0.02775850104095312
1974-01-24,0.027750797835435215
1974-01-25,0.027743098904142727
1974-01-28,0.08320621273054662
1974-01-29,0.027712345850083864
1974-01-30,0.027704668236583352
1974-01-31,0.02769699487605859
1974-02-01,0.04598405885960499
1974-02-04,0.13788876972575803
1974-02-05,0.04589963280292597
1974-02-06,0.04587857470561563
1974-02-07,0.04585753592174502
1974-02-08,0.04583651642475761
1974-02-11,0.13744654856444605
1974-02-12,0.04575263077626346
1974-02-13,0.04573170731707599
1974-02-14,0.04571080298643171
1974-02-15,0.04568991775812936
1974-02-18,0.13700715481808068
1974-02-19,0.045606567345690685
1974-02-20,0.045585777237500125
1974-02-21,0.04556500607530989
1974-02-22,0.04554425383331839
1974-02-25,0.13657056145675028
1974-02-26,0.045461433550531005
1974-02-27,0.04544077552257608
1974-02-28,0.04542013626041008
1974-03-01,0.043834015195787224
1974-03-04,0.13144442821673152
1974-03-05,0.04375729288215169
1974-03-06,0.04373815424989491
1974-03-07,0.043719032352074194
1974-03-08,0.04369992716677373
1974-03-11,0.1310425160162998
1974-03-12,0.04362367311327997
1974-03-13,0.04360465116277634
1974-03-14,0.043585645793986494
1974-03-15,0.04356665698519446
1974-03-18,0.1306430541442971
1974-03-19,0.04349086691795012
1974-03-20,0.04347196058542835
1974-03-21,0.04345307068367443
1974-03-22,0.04343419719126107
1974-03-25,0.1302460202604827
1974-03-26,0.043358866888265624
1974-03-27,0.043340075122810795
1974-03-28,0.04332129963899867
1974-03-29,0.043302540415690594
1974-04-01,0.03922594142258262
1974-04-02,0.013070186903685332
1974-04-03,0.013068478829048047
1974-04-04,0.01306677120083144
1974-04-05,0.013065064018813466
1974-04-08,0.03919007184844947
1974-04-09,0.013058239749286216
1974-04-10,0.013056534795663488
1974-04-11,0.013054830287217989
1974-04-12,0.013053126223727674
1974-04-15,0.039154267815177946
1974-04-16,0.013046314416187421
1974-04-17,0.01304461257500833
1974-04-18,0.013042911177763017
1974-04-19,0.013041210224318256
1974-04-22,0.0391185291433116
1974-04-23,0.013034410844614541
1974-04-24,0.013032712107396982
1974-04-25,0.013031013812869752
1974-04-26,0.013029315960921828
1974-04-29,0.03908285565397129
1974-04-30,0.013022528975126235
1974-05-01,0.04032258064514682
1974-05-02,0.04030632809350898
1974-05-03,0.040290088638195165
1974-05-06,0.1208215867901874
1974-05-07,0.04022526146418848
1974-05-08,0.040209087253728626
1974-05-09,0.0401929260450018
1974-05-10,0.04017677782242046
1974-05-13,0.12048192771083599
1974-05-14,0.040112314480555966
1974-05-15,0.0400962309542896
1974-05-16,0.04008016032064354
1974-05-17,0.04006410256409687
1974-05-20,0.12014417300760805
1974-05-21,0.039999999999995595
1974-05-22,0.03998400639744215
1974-05-23,0.03996802557952872
1974-05-24,0.039952057530978635
1974-05-27,0.11980830670925702
1974-05-28,0.03988831272438986
1974-05-29,0.03987240829346206
1974-05-30,0.03985651654045963
1974-05-31,0.03984063745019473
1974-06-03,0.08818342151675207
1974-06-04,0.02936857562407802
1974-06-05,0.029359953024066243
1974-06-06,0.02935133548578328
1974-06-07,0.029342723004699423
1974-06-10,0.08800234672925455
1974-06-11,0.029308323563892458
1974-06-12,0.029299736302368373
1974-06-13,0.029291154071464653
1974-06-14,0.02928257686676261
1974-06-17,0.08782201405153067
1974-06-18,0.02924831822170848
1974-06-19,0.029239766081867735
1974-06-20,0.029231218941827564
1974-06-21,0.029222676797191482
1974-06-24,0.08764241893075564
1974-06-25,0.029188558085224692
1974-06-26,0.029180040852061495
1974-06-27,0.029171528588101125
1974-06-28,0.02916302128899151
1974-07-01,0.07421150278292821
1974-07-02,0.02471882338399567
1974-07-03,0.024712714691710325
1974-07-04,0.02470660901789934
1974-07-05,0.024700506360386676
1974-07-08,0.07408322015063362
1974-07-09,0.02467612584824419
1974-07-10,0.024670038238561176
1974-07-11,0.02466395363176499
1974-07-12,0.024657872025635186
1974-07-15,0.07395538025389836
1974-07-16,0.024633575563504095
1974-07-17,0.024627508927466124
1974-07-18,0.024621445278838472
1974-07-19,0.02461538461537849
1974-07-22,0.07382798080473041
1974-07-23,0.024591171769339226
1974-07-24,0.024585125998766166
1974-07-25,0.02457908320019353
1974-07-26,0.024573043371423076
1974-07-29,0.07370101953076968
1974-07-30,0.024548913710553677
1974-07-31,0.024542888697998144
1974-08-01,0.040485829959524544
1974-08-02,0.040469445568591667
1974-08-05,0.12135922330096527
1974-08-06,0.040404040404040664
1974-08-07,0.04038772213246222
1974-08-08,0.040371417036744184
1974-08-09,0.04035512510087713
1974-08-12,0.12101653892699904
1974-08-13,0.040290088638195165
1974-08-14,0.0402738622633958
1974-08-15,0.040257648953301306
1974-08-16,0.04024144869214652
1974-08-19,0.12067578439260984
1974-08-20,0.04017677782242046
1974-08-21,0.040160642570286065
1974-08-22,0.04014452027298887
1974-08-23,0.040128410914919144
1974-08-26,0.1203369434416457
1974-08-27,0.04006410256409687
1974-08-28,0.040048057669217485
1974-08-29,0.04003202562048447
1974-08-30,0.04001600640257674
1974-09-02,0.11612903225806104
1974-09-03,0.038664776388719346
1974-09-04,0.03864983251737897
1974-09-05,0.03863490019317961
1974-09-06,0.03861997940266537
1974-09-09,0.11581521039762954
1974-09-10,0.03856041131105048
1974-09-11,0.038545547989210505
1974-09-12,0.03853069612123061
1974-09-13,0.03851585569394356
1974-09-16,0.1155030800821244
1974-09-17,0.038456608127157565
1974-09-18,0.038441824705293115
1974-09-19,0.03842705264507362
1974-09-20,0.03841229193342066
1974-09-23,0.11519262767183402
1974-09-24,0.038353362311416284
1974-09-25,0.03833865814697468
1974-09-26,0.03832396525293991
1974-09-27,0.03830928361641117
1974-09-30,0.1148838396732188
1974-10-01,0.031875557822269585
1974-10-02,0.03186540054809228
1974-10-03,0.03185524974516074
1974-10-04,0.03184510540730212
1974-10-07,0.09550490258498634
1974-10-08,0.031804592583184466
1974-10-09,0.03179448047818667
1974-10-10,0.03178437480133578
1974-10-11,0.031774275546525566
1974-10-14,0.09529254812272736
1974-10-15,0.03173394262503404
1974-10-16,0.031723875388611766
1974-10-17,0.031713814537615015
1974-10-18,0.03170376006593756
1974-10-21,0.09508113590264156
1974-10-22,0.03166360585142858
1974-10-23,0.03165358318562017
1974-10-24,0.031643566862871175
1974-10-25,0.03163355687714198
1974-10-28,0.09487065966731212
1974-10-29,0.03159358018449687
1974-10-30,0.0315836017939386
1974-10-31,0.031573629704473305
1974-11-01,0.026992374654155604
1974-11-04,0.08095527221210208
1974-11-05,0.026963262554779988
1974-11-06,0.026955994339239453
1974-11-07,0.026948730041098656
1974-11-08,0.026941469657160155
1974-11-11,0.08080263955290157
1974-11-12,0.026912467200435053
1974-11-13,0.02690522634021253
1974-11-14,0.026897989375296305
1974-11-15,0.026890756302511143
1974-11-18,0.08065058135626746
1974-11-19,0.026861862870175557
1974-11-20,0.026854649211149884
1974-11-21,0.026847439425448094
1974-11-22,0.026840233510028177
1974-11-25,0.0804990943851891
1974-11-26,0.02681144848850625
1974-11-27,0.026804261877644286
1974-11-28,0.02679707911836804
1974-11-29,0.026789900207635498
1974-12-02,0.07281553398057472
1974-12-03,0.024254183846705857
1974-12-04,0.02424830261882338
1974-12-05,0.02424242424243772
1974-12-06,0.02423654871546166
1974-12-09,0.07269202810757935
1974-12-10,0.02421307506053072
1974-12-11,0.024207213749694034
1974-12-12,0.02420135527589906
1974-12-13,0.024195499637058582
1974-12-16,0.07256894049347817
1974-12-17,0.02417210539038539
1974-12-18,0.024166263895586404
1974-12-19,0.02416042522348505
1974-12-20,0.024154589371994106
1974-12-23,0.07244626901714568
1974-12-24,0.024131274131278246
1974-12-25,0.024125452352241616
1974-12-26,0.024119633381558536
1974-12-27,0.024113817217275013
1974-12-30,0.07232401157184487
1974-12-31,0.024090580582991628
1975-01-01,0.012430853378075923
1975-01-02,0.01242930830900324
1975-01-03,0.012427763623934496
1975-01-06,0.03727865796829821
1975-01-07,0.012421588721189813
1975-01-08,0.012420045954164571
1975-01-09,0.012418503570321704
1975-01-10,0.012416961569483576
1975-01-13,0.03724625985475072
1975-01-14,0.012410797393735962
1975-01-15,0.012409257305945331
1975-01-16,0.012407717600337875
1975-01-17,0.012406178276780366
1975-01-20,0.03721391800535212
1975-01-21,0.0124000248000522
1975-01-22,0.012398487384523982
1975-01-23,0.012396950350224145
1975-01-24,0.012395413696930646
1975-01-27,0.037181632273664
1975-01-28,0.01238927089139974
1975-01-29,0.012387736141228345
1975-01-30,0.012386201771219518
1975-01-31,0.012384667781284442
1975-02-03,0.08225939128050364
1975-02-04,0.02739726027396472
1975-02-05,0.02738975623115536
1975-02-06,0.027382256297925345
1975-02-07,0.02737476047083298
1975-02-10,0.08210180623973162
1975-02-11,0.027344818156960216
1975-02-12,0.027337342810285215
1975-02-13,0.02732987154960842
1975-02-14,0.027322404371576958
1975-02-17,0.08194482381862489
1975-02-18,0.027292576419224446
1975-02-19,0.027285129604370795
1975-02-20,0.027277686852156258
1975-02-21,0.027270248159250166
1975-02-24,0.08178844056707657
1975-02-25,0.027240533914452136
1975-02-26,0.02723311546841689
1975-02-27,0.027225701061794894
1975-02-28,0.027218290691344293
1975-03-03,0.03686635944701866
1975-03-04,0.012284257723704783
1975-03-05,0.012282748879210992
1975-03-06,0.012281240405287441
1975-03-07,0.012279732301845314
1975-03-10,0.03683467370616533
1975-03-11,0.012273703590071072
1975-03-12,0.012272197336926638
1975-03-13,0.012270691453464266
1975-03-14,0.012269185939528526
1975-03-17,0.036803042384825346
1975-03-18,0.012263167576187506
1975-03-19,0.012261663907797704
1975-03-20,0.012260160608112969
1975-03-21,0.012258657676977869
1975-03-24,0.036771465342888554
1975-03-25,0.01225264963549133
1975-03-26,0.012251148545172619
1975-03-27,0.012249647822626386
1975-03-28,0.012248147467674997
1975-03-31,0.03673994244075551
1975-04-01,0.01265022137888483
1975-04-02,0.012648621300281881
1975-04-03,0.012647021626399635
1975-04-04,0.012645422357104863
1975-04-07,0.037931470476681994
1975-04-08,0.01263902932255867
1975-04-09,0.012637432073780985
1975-04-10,0.012635835228702597
1975-04-11,0.012634238787123664
1975-04-14,0.037897928246599655
1975-04-15,0.01262785705264946
1975-04-16,0.012626262626258544
1975-04-17,0.012624668602456701
1975-04-18,0.012623074981066296
1975-04-21,0.03786444528588451
1975-04-22,0.012616704516776878
1975-04-23,0.012615112905267623
1975-04-24,0.012613521695259422
1975-04-25,0.01261193088661905
1975-04-28,0.03783102143757322
1975-04-29,0.012605571662671622
1975-04-30,0.012603982858583329
1975-05-01,0.01890359168241762
1975-05-02,0.018900018900036564
1975-05-05,0.05668934240363743
1975-05-06,0.018885741265339817
1975-05-07,0.01888217522658664
1975-05-08,0.018878610534267537
1975-05-09,0.01887504718762756
1975-05-12,0.05661445555764644
1975-05-13,0.018860807242537803
1975-05-14,0.018857250612858145
1975-05-15,0.018853695324283493
1975-05-16,0.018850141376058893
1975-05-19,0.05653976630231039
1975-05-20,0.018835938971561994
1975-05-21,0.01883239171374118
1975-05-22,0.018828845791762916
1975-05-23,0.018825301204805633
1975-05-26,0.05646527385656519
1975-05-27,0.018811136192642408
1975-05-28,0.01880759826968781
1975-05-29,0.018804061677335504
1975-05-30,0.018800526414741725
1975-06-02,0.07276255154013977
1975-06-03,0.02423654871546166
1975-06-04,0.024230676035852383
1975-06-05,0.02422480620154488
1975-06-06,0.024218939210474133
1975-06-09,0.07263922518159216
1975-06-10,0.024195499637080786
1975-06-11,0.02418964683115199
1975-06-12,0.024183796856092066
1975-06-13,0.024177949709858204
1975-06-16,0.07251631617113397
1975-06-17,0.024154589371994106
1975-06-18,0.02414875633904856
1975-06-19,0.02414292612265001
1975-06-20,0.02413709872073344
1975-06-23,0.07239382239381253
1975-06-24,0.024113817217275013
1975-06-25,0.024108003857281624
1975-06-26,0.024102193299579966
1975-06-27,0.02409638554217164
1975-06-30,0.07227174174897488
1975-07-01,0.03610977371206747
1975-07-02,0.03609673926123769
1975-07-03,0.03608371421697232
1975-07-04,0.036070698569212745
1975-07-07,0.10817307692307931
1975-07-08,0.036018729739462074
1975-07-09,0.036005760921731245
1975-07-10,0.0359928014397104
1975-07-11,0.0359798512832743
1975-07-14,0.10790073132718181
1975-07-15,0.035928143712560257
1975-07-16,0.035915240033523865
1975-07-17,0.035902345619898135
1975-07-18,0.035889460461779876
1975-07-21,0.10762975364744243
1975-07-22,0.03583801218494109
1975-07-23,0.035825173154990786
1975-07-24,0.03581234332099559
1975-07-25,0.035799522673030104
1975-07-28,0.10736013360372887
1975-07-29,0.03574833174451175
1975-07-30,0.03573555687910179
1975-07-31,0.0357227911407465
1975-08-01,0.0063621325868457035
1975-08-04,0.019085183535838546
1975-08-05,0.006360513929526412
1975-08-06,0.006360109393876989
1975-08-07,0.006359704909675301
1975-08-08,0.006359300476965757
1975-08-11,0.019076688286889798
1975-08-12,0.0063576832602274536
1975-08-13,0.006357279084556744
1975-08-14,0.006356874960267156
1975-08-15,0.0063564708873586895
1975-08-18,0.019068200597494034
1975-08-19,0.006354855109269586
1975-08-20,0.006354451293133501
1975-08-21,0.006354047528267515
1975-08-22,0.006353643814738241
1975-08-25,0.019059720457414997
1975-08-26,0.006352029473410958
1975-08-27,0.006351626016254386
1975-08-28,0.006351222610345708
1975-08-29,0.006350819255684925
1975-09-01,0.051795580110503
1975-09-02,0.017256255392572584
1975-09-03,0.01725327812283073
1975-09-04,0.01725030188028942
1975-09-05,0.017247326664371343
1975-09-08,0.05173305742367518
1975-09-09,0.017235436056539655
1975-09-10,0.017232465965877353
1975-09-11,0.017229496898685248
1975-09-12,0.017226528854430434
1975-09-15,0.051670685497762214
1975-09-16,0.017214666896192554
1975-09-17,0.0172117039586972
1975-09-18,0.017208742040963898
1975-09-19,0.017205781142481946
1975-09-22,0.05160846378804429
1975-09-23,0.017193947730387293
1975-09-24,0.0171909919202351
1975-09-25,0.017188037126159017
1975-09-26,0.017185083347648344
1975-09-29,0.051546391752577136
1975-09-30,0.017173278378845858
1975-10-01,0.017724211272596158
1975-10-02,0.017721070352649804
1975-10-03,0.017717930545724236
1975-10-06,0.05314437555357099
1975-10-07,0.01770538243626163
1975-10-08,0.017702248185513803
1975-10-09,0.01769911504423405
1975-10-10,0.01769598301184505
1975-10-13,0.053078556263264076
1975-10-14,0.017683465959317246
1975-10-15,0.017680339462522454
1975-10-16,0.017677214071065706
1975-10-17,0.017674089784369684
1975-10-20,0.05301289980561563
1975-10-21,0.017661603673602144
1975-10-22,0.017658484901983407
1975-10-23,0.017655367231639296
1975-10-24,0.017652250661948088
1975-10-27,0.052947405577130624
1975-10-28,0.017639795378365797
1975-10-29,0.017636684303368177
1975-10-30,0.017633574325515156
1975-10-31,0.017630465444273824
1975-11-03,0.07806401249024209
1975-11-04,0.026001040041601087
1975-11-05,0.02599428125811265
1975-11-06,0.025987525987525295
1975-11-07,0.025980774227063463
1975-11-10,0.07792207792207684
1975-11-11,0.025953802232026035
1975-11-12,0.02594706798131341
1975-11-13,0.025940337224383825
1975-11-14,0.025933609958506132
1975-11-17,0.07778065854289196
1975-11-18,0.025906735751313192
1975-11-19,0.025900025900016388
1975-11-20,0.02589331952356222
1975-11-21,0.025886616619219538
1975-11-24,0.07763975155279379
1975-11-25,0.02585983966898464
1975-11-26,0.025853154084809482
1975-11-27,0.025846471956580963
1975-11-28,0.025839793281656753
1975-12-01,0.03287851389117691
1975-12-02,0.010955902492471026
1975-12-03,0.010954702305965291
1975-12-04,0.010953502382382574
1975-12-05,0.01095230272165626
1975-12-08,0.03285330997098157
1975-12-09,0.010947506705361043
1975-12-10,0.01094630835749566
1975-12-11,0.010945110271998182
1975-12-12,0.010943912448713178
1975-12-15,0.032828144662677694
1975-12-16,0.010939123776187998
1975-12-17,0.010937927262788527
1975-12-18,0.010936731011113032
1975-12-19,0.010935535021050491
1975-12-22,0.03280301787764728
1975-12-23,0.010930753675464366
1975-12-24,0.010929558992289756
1975-12-25,0.010928364570239602
1975-12-26,0.010927170409225084
1975-12-29,0.032777929527449956
1975-12-30,0.010922396373769239
1975-12-31,0.010921203516622846
1976-01-01,0.006006006005998543
1976-01-02,0.0060056453065948645
1976-01-05,0.01801585395146965
1976-01-06,0.006004202942055947
1976-01-07,0.006003842459167963
1976-01-08,0.006003482019556472
1976-01-09,0.006003121623243679
1976-01-12,0.018008283810555525
1976-01-13,0.006001680470535398
1976-01-14,0.006001320290449641
1976-01-15,0.006000960153618173
1976-01-16,0.00600060006001879
1976-01-19,0.018000720028799044
1976-01-20,0.0059991601175868325
1976-01-21,0.005998800239948032
1976-01-22,0.005998440405496908
1976-01-23,0.00599808061418905
1976-01-26,0.017993162598206602
1976-01-27,0.005996641880545717
1976-01-28,0.005996282304976397
1976-01-29,0.005995922772528139
1976-01-30,0.005995563283156535
1976-02-02,0.03854059609456062
1976-02-03,0.01284191601385043
1976-02-04,0.012840267077551815
1976-02-05,0.012838618564647852
1976-02-06,0.012836970474960907
1976-02-09,0.038505968425117665
1976-02-10,0.012830382345407898
1976-02-11,0.012828736369452365
1976-02-12,0.012827090815803466
1976-02-13,0.012825445684239156
1976-02-16,0.038471402923812015
1976-02-17,0.012818869375719188
1976-02-18,0.012817226352224154
1976-02-19,0.012815583749836712
1976-02-20,0.012813941568423637
1976-02-23,0.03843689942344408
1976-02-24,0.012807377049162127
1976-02-25,0.012805736970178394
1976-02-26,0.012804097311125417
1976-02-27,0.012802458071958789
1976-03-01,0.016291951775815328
1976-03-02,0.005429765977105205
1976-03-03,0.005429471169504652
1976-03-04,0.005429176393945134
1976-03-05,0.005428881650382245
1976-03-08,0.016285760816447947
1976-03-09,0.005427702996096961
1976-03-10,0.005427408412472801
1976-03-11,0.005427113860867472
1976-03-12,0.005426819341169953
1976-03-15,0.016279574560451593
1976-03-16,0.005425641582101903
1976-03-17,0.005425347222209886
1976-03-18,0.005425052894270088
1976-03-19,0.0054247585982381
1976-03-22,0.01627339300243058
1976-03-23,0.005423581733388083
1976-03-24,0.005423287596939552
1976-03-25,0.0054229934924210355
1976-03-26,0.0054226994197659195
1976-03-29,0.016267216137078044
1976-03-30,0.005421523448090326
1976-03-31,0.005421229534863237
1976-04-01,0.011926058437694564
1976-04-02,0.01192463629859919
1976-04-05,0.035769643495875414
1976-04-06,0.0119189511323059
1976-04-07,0.011917530687632905
1976-04-08,0.011916110581511319
1976-04-09,0.011914690813785711
1976-04-12,0.03573981415296856
1976-04-13,0.011909015124444977
1976-04-14,0.011907597046922902
1976-04-15,0.011906179307064058
1976-04-16,0.011904761904757422
1976-04-19,0.03571003451969812
1976-04-20,0.011899095668721493
1976-04-21,0.011897679952421747
1976-04-22,0.011896264572919257
1976-04-23,0.011894849530147411
1976-04-26,0.03568030447194115
1976-04-27,0.011889192723812947
1976-04-28,0.011887779362806938
1976-04-29,0.01188636633782103
1976-04-30,0.011884953648677588
1976-05-03,0.06900120752113548
1976-05-04,0.022984542894910476
1976-05-05,0.02297926121674898
1976-05-06,0.022973981965423995
1976-05-07,0.02296870513924798
1976-05-10,0.0688902922096446
1976-05-11,0.02294762205266032
1976-05-12,0.022942357327226937
1976-05-13,0.022937095016906106
1976-05-14,0.02293183512009911
1976-05-17,0.06877973290537742
1976-05-18,0.022910819634569535
1976-05-19,0.02290557178032948
1976-05-20,0.022900326329655663
1976-05-21,0.02289508328086054
1976-05-24,0.06866952789696956
1976-05-25,0.022874135071782042
1976-05-26,0.022868904007777857
1976-05-27,0.022863675335793587
1976-05-28,0.022858449054230512
1976-05-31,0.06855967548420328
1976-06-01,0.01769911504423405
1976-06-02,0.017695983011867256
1976-06-03,0.01769285208774729
1976-06-04,0.01768972227136345
1976-06-07,0.05305978068623762
1976-06-08,0.017677214071065706
1976-06-09,0.01767408978439189
1976-06-10,0.01767096660187928
1976-06-11,0.017667844522972764
1976-06-14,0.05299417064124068
1976-06-15,0.017655367231639296
1976-06-16,0.017652250661948088
1976-06-17,0.017649135192376875
1976-06-18,0.01764602082230393
1976-06-21,0.05292872265350024
1976-06-22,0.017633574325515156
1976-06-23,0.017630465444273824
1976-06-24,0.01762735765908907
1976-06-25,0.017624250969339172
1976-06-28,0.052863436123340435
1976-06-29,0.017611835153230615
1976-06-30,0.01760873393201745
1976-07-01,0.017605633802819654
1976-07-02,0.0176025347650155
1976-07-05,0.052798310454060804
1976-07-06,0.017590149516277798
1976-07-07,0.017587055926826523
1976-07-08,0.017583963425349403
1976-07-09,0.017580872011269122
1976-07-12,0.05273334505184746
1976-07-13,0.017568517217148027
1976-07-14,0.01756543123132559
1976-07-15,0.017562346329480505
1976-07-16,0.017559262510968843
1976-07-19,0.0526685393258397
1976-07-20,0.017546938059309625
1976-07-21,0.0175438596491162
1976-07-22,0.017540782318903325
1976-07-23,0.017537706068049275
1976-07-26,0.052603892688063425
1976-07-27,0.0175254118471857
1976-07-28,0.017522340984754692
1976-07-29,0.017519271198329633
1976-07-30,0.0175162024872888
1976-08-02,0.049255691768812504
1976-08-03,0.016410480827100393
1976-08-04,0.016407788230154985
1976-08-05,0.016405096516658446
1976-08-06,0.016402405686166688
1976-08-09,0.04919914721479568
1976-08-10,0.016391651185654332
1976-08-11,0.016388964763724978
1976-08-12,0.016386279222202482
1976-08-13,0.01638359456066496
1976-08-16,0.04914273233591615
1976-08-17,0.01637286470554944
1976-08-18,0.01637018443743088
1976-08-19,0.016367505046654962
1976-08-20,0.016364826532844212
1976-08-23,0.04908644668666362
1976-08-24,0.016354121238548736
1976-08-25,0.016351447103057914
1976-08-26,0.016348773841956543
1976-08-27,0.016346101454800532
1976-08-30,0.04903028982350399
1976-08-31,0.016335420637081377
1976-09-01,0.011614401858306422
1976-09-02,0.011613053071646284
1976-09-03,0.011611704598246675
1976-09-06,0.03483106931381208
1976-09-07,0.011606313834722215
1976-09-08,0.011604966925848892
1976-09-09,0.011603620329547759
1976-09-10,0.011602274045707794
1976-09-13,0.03480278422272054
1976-09-14,0.01159689203293901
1976-09-15,0.011595547309828369
1976-09-16,0.011594202898557171
1976-09-17,0.01159285879899219
1976-09-20,0.0347745450330228
1976-09-21,0.011587485515640594
1976-09-22,0.011586142973007973
1976-09-23,0.01158480074143764
1976-09-24,0.011583458820796366
1976-09-27,0.03474635163307482
1976-09-28,0.011578094245678905
1976-09-29,0.011576753878217438
1976-09-30,0.011575413821041103
1976-10-01,0.01795977011493921
1976-10-04,0.053869635482128864
1976-10-05,0.01794687724334665
1976-10-06,0.017943656917274176
1976-10-07,0.017940437746677418
1976-10-08,0.01793721973093465
1976-10-11,0.053802008608316854
1976-10-12,0.017924359204157803
1976-10-13,0.017921146953425726
1976-10-14,0.01791793585377288
1976-10-15,0.017914725904688567
1976-10-18,0.053734551316497736
1976-10-19,0.017901897601135808
1976-10-20,0.01789869339539063
1976-10-21,0.017895490336439224
1976-10-22,0.017892288423682068
1976-10-25,0.05366726296958113
1976-10-26,0.017879492222427906
1976-10-27,0.01787629603147156
1976-10-28,0.017873100983001322
1976-10-29,0.01786990707648428
1976-11-01,0.01619170984454854
1976-11-02,0.00539636285143974
1976-11-03,0.005396071659835577
1976-11-04,0.005395780499650726
1976-11-05,0.005395489370885187
1976-11-08,0.016185594820616878
1976-11-09,0.005394325169927328
1976-11-10,0.005394034198169528
1976-11-11,0.005393743257808836
1976-11-12,0.005393452348845251
1976-11-15,0.016179484413769707
1976-11-16,0.005392289026695529
1976-11-17,0.005391998274562049
1976-11-18,0.005391707553781266
1976-11-19,0.005391416864353182
1976-11-22,0.01617337861878898
1976-11-23,0.005390254420012397
1976-11-24,0.005389963887258986
1976-11-25,0.00538967338579166
1976-11-26,0.005389382915654828
1976-11-29,0.01616727743050106
1976-11-30,0.005388221348123778
1976-12-01,0.011123470522811374
1976-12-02,0.011122233344451615
1976-12-03,0.01112099644129394
1976-12-06,0.03335927943954875
1976-12-07,0.01111605157848583
1976-12-08,0.011114816049806464
1976-12-09,0.011113580795751865
1976-12-10,0.011112345816188807
1976-12-13,0.03333333333332966
1976-12-14,0.011107408641586325
1976-12-15,0.011106175033304133
1976-12-16,0.011104941699047188
1976-12-17,0.011103708638682264
1976-12-20,0.033307427556361624
1976-12-21,0.011098779134299797
1976-12-22,0.011097547441996092
1976-12-23,0.011096316023073705
1976-12-24,0.011095084877399408
1976-12-27,0.033281562014653154
1976-12-28,0.01109016302538457
1976-12-29,0.01108893324461846
1976-12-30,0.011087703736567533
1976-12-31,0.011086474501120769
1977-01-03,0.04988360492186317
1977-01-04,0.016619577862719837
1977-01-05,0.016616816218006925
1977-01-06,0.01661405549093775
1977-01-07,0.016611295681068228
1977-01-10,0.04982561036372957
1977-01-11,0.01660026560423855
1977-01-12,0.016597510373461688
1977-01-13,0.016594756057086713
1977-01-14,0.016592002654713944
1977-01-17,0.04976775049767568
1977-01-18,0.016580998176096706
1977-01-19,0.016578249336873796
1977-01-20,0.016575501408921944
1977-01-21,0.016572754391774858
1977-01-24,0.04971002485500975
1977-01-25,0.01656177542233017
1977-01-26,0.016559032952478958
1977-01-27,0.016556291390723565
1977-01-28,0.016553550736619904
1977-01-31,0.049652432969216065
1977-02-01,0.0366300366300365
1977-02-02,0.03661662394727205
1977-02-03,0.03660322108345326
1977-02-04,0.03658982802781097
1977-02-07,0.1097293343087058
1977-02-08,0.0365363536719121
1977-02-09,0.0365230094959923
1977-02-10,0.03650967506390046
1977-02-11,0.03649635036495624
1977-02-14,0.10944910616561554
1977-02-15,0.03644314868804788
1977-02-16,0.03642987249545815
1977-02-17,0.03641660597233365
1977-02-18,0.03640334910812726
1977-02-21,0.10917030567685337
1977-02-22,0.036350418029806875
1977-02-23,0.03633720930231732
1977-02-24,0.03632401017070741
1977-02-25,0.03631082062454105
1977-02-28,0.10889292196007982
1977-03-01,0.021832869384863507
1977-03-02,0.02182810368347443
1977-03-03,0.021823340062199215
1977-03-04,0.02181857851961677
1977-03-07,0.06544145716311789
1977-03-08,0.021799553109147496
1977-03-09,0.021794801939734043
1977-03-10,0.021790052840864327
1977-03-11,0.021785305811228284
1977-03-14,0.06534168254832551
1977-03-15,0.021766338357731563
1977-03-16,0.02176160165388019
1977-03-17,0.021756867011157865
1977-03-18,0.021752134428187908
1977-03-21,0.06524221171098077
1977-03-22,0.021733224667208617
1977-03-23,0.02172850236297208
1977-03-24,0.021723782110449896
1977-03-25,0.021719063908354208
1977-03-28,0.0651430432658362
1977-03-29,0.02170021157705815
1977-03-30,0.021695503606866673
1977-03-31,0.021690797679085883
1977-04-01,0.02897710808460463
1977-04-04,0.08690614136732666
1977-04-05,0.028943560057892448
1977-04-06,0.028935185185186008
1977-04-07,0.028926815157648278
1977-04-08,0.028918449971082616
1977-04-11,0.08673026886383273
1977-04-12,0.02888503755054117
1977-04-13,0.028876696505908406
1977-04-14,0.028868360277134464
1977-04-15,0.028860028860044906
1977-04-18,0.08655510675128486
1977-04-19,0.02882675122515277
1977-04-20,0.028818443804023985
1977-04-21,0.028810141169688386
1977-04-22,0.02880184331797153
1977-04-25,0.08638065073423018
1977-04-26,0.028768699654779795
1977-04-27,0.02876042565429504
1977-04-28,0.028752156411737673
1977-04-29,0.028743891922955456
1977-05-02,0.046875000000001776
1977-05-03,0.015617679212875935
1977-05-04,0.015615240474708969
1977-05-05,0.015612802498043976
1977-05-06,0.015610365282547889
1977-05-09,0.046823786483529695
1977-05-10,0.015600624024969534
1977-05-11,0.015598190609877882
1977-05-12,0.015595757953845713
1977-05-13,0.01559332605645114
1977-05-16,0.0467726847521055
1977-05-17,0.015583606046454257
1977-05-18,0.015581177937051827
1977-05-19,0.015578750584199774
1977-05-20,0.015576323987542828
1977-05-23,0.046721694440132744
1977-05-24,0.015566625155671865
1977-05-25,0.015564202334616972
1977-05-26,0.015561780267669967
1977-05-27,0.015559358954431168
1977-05-30,0.0466708151835693
1977-05-31,0.015549681231541435
1977-06-01,0.02211166390271302
1977-06-02,0.02210677572676012
1977-06-03,0.022101889711589884
1977-06-06,0.06629101756709943
1977-06-07,0.022082367229780964
1977-06-08,0.022077491996919107
1977-06-09,0.02207261891624679
1977-06-10,0.022067747986320718
1977-06-13,0.06618863761722604
1977-06-14,0.022048285745768226
1977-06-15,0.022043425548323725
1977-06-16,0.022038567493121164
1977-06-17,0.022033711578717252
1977-06-20,0.06608657341118374
1977-06-21,0.022014309301043866
1977-06-22,0.02200946406956117
1977-06-23,0.02200462097041722
1977-06-24,0.021999780002213143
1977-06-27,0.06598482349058354
1977-06-28,0.02198043741072908
1977-06-29,0.02197560707613011
1977-06-30,0.02197077886412213
1977-07-01,0.017042549565426945
1977-07-04,0.05111893672611334
1977-07-05,0.017030939540152445
1977-07-06,0.0170280395050737
1977-07-07,0.017025140457405108
1977-07-08,0.017022242396724785
1977-07-11,0.05105803596754388
1977-07-12,0.01701066001362772
1977-07-13,0.017007766880206
1977-07-14,0.01700487473075274
1977-07-15,0.01700198356475724
1977-07-18,0.050997280145059776
1977-07-19,0.016990428725138784
1977-07-20,0.01698754246886036
1977-07-21,0.016984657192997688
1977-07-22,0.01698177289708447
1977-07-25,0.050936668741874414
1977-07-26,0.016970245502889725
1977-07-27,0.016967366099196468
1977-07-28,0.016964487672455064
1977-07-29,0.01696161022219922
1977-08-01,0.029806259314457684
1977-08-02,0.009932459276917882
1977-08-03,0.009931472837432231
1977-08-04,0.009930486593856536
1977-08-05,0.009929500546124181
1977-08-08,0.029785544082594484
1977-08-09,0.009925558312651184
1977-08-10,0.009924573243336177
1977-08-11,0.009923588369553649
1977-08-12,0.009922603691214782
1977-08-15,0.02976485762475889
1977-08-16,0.0099186669311635
1977-08-17,0.00991768322919917
1977-08-18,0.009916699722345435
1977-08-19,0.009915716410513475
1977-08-22,0.02974419988102106
1977-08-23,0.009911785112493021
1977-08-24,0.009910802775037197
1977-08-25,0.009909820632247879
1977-08-26,0.00990883868410286
1977-08-29,0.029723570791628795
1977-08-30,0.009904912836766755
1977-08-31,0.009903931860955062
1977-09-01,0.010893246187371197
1977-09-02,0.010892059688494271
1977-09-05,0.03267262034414298
1977-09-06,0.010887316276542158
1977-09-07,0.010886131069010041
1977-09-08,0.01088494611951596
1977-09-09,0.01088376142794889
1977-09-12,0.03264773098270446
1977-09-13,0.01087902523932982
1977-09-14,0.010877841836176572
1977-09-15,0.010876658690439633
1977-09-16,0.010875475802074597
1977-09-19,0.032622879512844705
1977-09-20,0.01087074682031286
1977-09-21,0.010869565217386246
1977-09-22,0.010868383871298626
1977-09-23,0.010867202782005592
1977-09-26,0.032598065848099544
1977-09-27,0.010862480990647683
1977-09-28,0.010861301183884287
1977-09-29,0.010860121633360365
1977-09-30,0.010858942339009303
1977-10-03,0.031522538615114115
1977-10-04,0.010504201680672232
1977-10-05,0.010503098414038625
1977-10-06,0.010501995379130769
1977-10-07,0.010500892575882048
1977-10-10,0.031499370012588734
1977-10-11,0.010496483677968627
1977-10-12,0.010495382031905365
1977-10-13,0.01049428061705715
1977-10-14,0.010493179433379574
1977-10-17,0.03147623544224043
1977-10-18,0.010488777008599293
1977-10-19,0.010487676979553662
1977-10-20,0.010486577181212375
1977-10-21,0.01048547761350882
1977-10-24,0.031453134829106943
1977-10-25,0.01048108164762862
1977-10-26,0.010479983232025702
1977-10-27,0.01047888504663863
1977-10-28,0.010477787091356383
1977-10-31,0.03143006809849247
1977-11-01,0.016233766233764158
1977-11-02,0.016231131309862867
1977-11-03,0.01622849724114417
1977-11-04,0.01622586402725279
1977-11-07,0.04866969500325613
1977-11-08,0.01621533971136735
1977-11-09,0.01621271076523989
1977-11-10,0.016210082671430648
1977-11-11,0.016207455429495532
1977-11-14,0.0486144871171712
1977-11-15,0.01619695497245832
1977-11-16,0.016194331983809818
1977-11-17,0.016191709844570745
1977-11-18,0.01618908855431922
1977-11-21,0.04855940433796668
1977-11-22,0.016178611875106164
1977-11-23,0.016175994823686146
1977-11-24,0.016173378618811185
1977-11-25,0.016170763260014986
1977-11-28,0.04850444624089345
1977-11-29,0.01616031027795728
1977-11-30,0.016157699143648507
1977-12-01,0.010770059235332141
1977-12-02,0.010768899418489575
1977-12-05,0.03230321955420834
1977-12-06,0.010764262648010892
1977-12-07,0.010763104079214436
1977-12-08,0.010761945759796276
1977-12-09,0.010760787689667595
1977-12-12,0.032278889606196515
1977-12-13,0.010756157900404517
1977-12-14,0.01075500107550198
1977-12-15,0.010753844499400422
1977-12-16,0.010752688172055436
1977-12-19,0.03225459627995697
1977-12-20,0.010748065348242797
1977-12-21,0.010746910263303988
1977-12-22,0.010745755426611048
1977-12-23,0.010744600838075158
1977-12-26,0.03223033949291132
1977-12-27,0.010739984964014404
1977-12-28,0.010738831615131339
1977-12-29,0.010737678513916826
1977-12-30,0.010736525660304252
1978-01-02,0.06038647342996306
1978-01-03,0.020116676724990512
1978-01-04,0.02011263073209424
1978-01-05,0.020108586366363035
1978-01-06,0.020104543626864313
1978-01-09,0.060301507537685595
1978-01-10,0.02008838891121023
1978-01-11,0.020084354288019135
1978-01-12,0.020080321285154135
1978-01-13,0.02007628990161603
1978-01-16,0.060216780409483306
1978-01-17,0.02006018054163672
1978-01-18,0.02005615724025578
1978-01-19,0.02005213555245078
1978-01-20,0.0200481154771337
1978-01-23,0.060132291040293495
1978-01-24,0.020032051282048435
1978-01-25,0.020028039254960106
1978-01-26,0.020024028834608742
1978-01-27,0.02002002002001735
1978-01-30,0.060048038430737805
1978-01-31,0.02000400080015563
1978-02-01,0.022857142857146684
1978-02-02,0.02285191956126198
1978-02-03,0.022846698652045916
1978-02-06,0.06852444038374372
1978-02-07,0.02282583884958278
1978-02-08,0.02282062984937383
1978-02-09,0.022815423226107967
1978-02-10,0.022810218978119856
1978-02-13,0.0684150513112769
1978-02-14,0.022789425706482014
1978-02-15,0.022784233310546576
1978-02-16,0.02277904328018554
1978-02-17,0.022773855613755778
1978-02-20,0.0683060109289535
1978-02-21,0.022753128555175195
1978-02-22,0.02274795268426555
1978-02-23,0.02274277916760603
1978-02-24,0.02273760800364233
1978-02-27,0.06819731757217173
1978-02-28,0.022716946842349373
1978-03-01,0.02564234063284765
1978-03-02,0.025635767022147427
1978-03-03,0.025629196780974084
1978-03-06,0.0768678897201891
1978-03-07,0.02560294945976871
1978-03-08,0.025596396027460777
1978-03-09,0.025589845949136603
1978-03-10,0.025583299222264877
1978-03-13,0.07673026753285406
1978-03-14,0.02555714577796575
1978-03-15,0.02555061576983153
1978-03-16,0.025544089097784273
1978-03-17,0.025537565759226055
1978-03-20,0.07659313725489891
1978-03-21,0.02551150568905758
1978-03-22,0.0255049989797973
1978-03-23,0.025498495588749392
1978-03-24,0.025491995513426957
1978-03-27,0.0764564962536296
1978-03-28,0.02546602831823286
1978-03-29,0.02545954478334611
1978-03-30,0.02545306454897478
1978-03-31,0.02544658761260976
1978-04-03,0.08449752140604616
1978-04-04,0.028142061124558637
1978-04-05,0.02813414359668087
1978-04-06,0.028126230522573792
1978-04-07,0.028118321898551457
1978-04-10,0.08433125316242851
1978-04-11,0.028086731827881017
1978-04-12,0.02807884539788308
1978-04-13,0.028070963395454562
1978-04-14,0.028063085816931732
1978-04-17,0.08416563797553067
1978-04-18,0.028031619666979424
1978-04-19,0.02802376415200758
1978-04-20,0.028015913038603735
1978-04-21,0.028008066323104153
1978-04-24,0.08400067200537986
1978-04-25,0.027976723366163192
1978-04-26,0.027968898584784796
1978-04-27,0.027961078179172816
1978-04-28,0.027953262145707924
1978-05-01,0.08536064874093974
1978-05-02,0.02842928216062468
1978-05-03,0.02842120221686617
1978-05-04,0.02841312686459041
1978-05-05,0.028405056100000436
1978-05-08,0.08519096975718732
1978-05-09,0.02837281883953935
1978-05-10,0.028364770954469876
1978-05-11,0.028356727633660483
1978-05-12,0.028348688873136574
1978-05-15,0.08502196400734796
1978-05-16,0.028316579357201555
1978-05-17,0.028308563340440074
1978-05-18,0.028300551860760415
1978-05-19,0.028292544914410023
1978-05-22,0.08485362749255376
1978-05-23,0.028260562385207244
1978-05-24,0.028252578047749388
1978-05-25,0.028244598220594774
1978-05-26,0.02823662289990203
1978-05-29,0.08468595624560038
1978-05-30,0.02820476660554405
1978-05-31,0.028196813760050787
1978-06-01,0.03617571059431057
1978-06-02,0.03616262850649754
1978-06-05,0.10844866763064509
1978-06-06,0.03611039463504717
1978-06-07,0.03609735973595374
1978-06-08,0.036084334244046445
1978-06-09,0.036071318149022424
1978-06-12,0.10817493432238035
1978-06-13,0.03601934753523217
1978-06-14,0.036006378272723794
1978-06-15,0.03599341834634728
1978-06-16,0.03598046774608843
1978-06-19,0.10790257938546599
1978-06-20,0.0359287584047685
1978-06-21,0.03591585428424082
1978-06-22,0.03590295942965671
1978-06-23,0.035890073831001956
1978-06-26,0.10763159243505349
1978-06-27,0.035838623796835556
1978-06-28,0.035825784328791244
1978-06-29,0.035812954057079516
1978-06-30,0.03580013297193041
1978-07-03,0.0742133386107291
1978-07-04,0.02471943441932911
1978-07-05,0.024713325425063104
1978-07-06,0.024707219449515705
1978-07-07,0.024701116490466468
1978-07-10,0.07408504963697382
1978-07-11,0.024676734774464748
1978-07-12,0.024670646864355383
1978-07-13,0.024664561957377096
1978-07-14,0.024658480051287235
1978-07-17,0.07395720343164047
1978-07-18,0.024634182391491954
1978-07-19,0.02462811545660415
1978-07-20,0.024622051509326504
1978-07-21,0.024615990547460775
1978-07-24,0.07382979770635956
1978-07-25,0.024591776509930163
1978-07-26,0.024585730442061582
1978-07-27,0.02457968734637106
1978-07-28,0.02457364722072697
1978-07-31,0.07370283018868218
1978-08-01,0.014729709824723436
1978-08-02,0.01472754050071412
1978-08-03,0.014725371815638155
1978-08-04,0.014723203769118065
1978-08-07,0.04416310908288423
1978-08-08,0.014714537963511631
1978-08-09,0.014712373105796317
1978-08-10,0.014710208884949338
1978-08-11,0.01470804530079306
1978-08-14,0.044117647058827814
1978-08-15,0.014699397324702268
1978-08-16,0.01469723691946978
1978-08-17,0.014695077149151636
1978-08-18,0.01469291801352579
1978-08-21,0.044072278536799736
1978-08-22,0.014684287812016805
1978-08-23,0.014682131845544788
1978-08-24,0.014679976512055326
1978-08-25,0.014677821811237557
1978-08-28,0.04402700322865272
1978-08-29,0.014669209329620791
1978-08-30,0.014667057788186888
1978-08-31,0.01466490687784816
1978-09-01,0.026123301985370162
1978-09-04,0.07834943849569509
1978-09-05,0.02609603340293365
1978-09-06,0.026089225149994455
1978-09-07,0.026082420448614307
1978-09-08,0.02607561929597324
1978-09-11,0.07820646506777607
1978-09-12,0.02604845011722201
1978-09-13,0.026041666666642982
1978-09-14,0.026034886748238506
1978-09-15,0.026028110359188616
1978-09-18,0.07806401249024209
1978-09-19,0.026001040041601087
1978-09-20,0.02599428125811265
1978-09-21,0.025987525987525295
1978-09-22,0.025980774227085668
1978-09-25,0.07792207792207684
1978-09-26,0.025953802232026035
1978-09-27,0.02594706798131341
1978-09-28,0.02594033722436162
1978-09-29,0.025933609958506132
1978-10-02,0.08458646616542609
1978-10-03,0.028171659310727293
1978-10-04,0.02816372512204346
1978-10-05,0.02815579540120794
1978-10-06,0.028147870144490383
1978-10-09,0.08441984804428149
1978-10-10,0.028116213683215818
1978-10-11,0.028108310690533322
1978-10-12,0.02810041213936465
1978-10-13,0.028092518026046065
1978-10-16,0.08425388504023079
1978-10-17,0.028060985875977273
1978-10-18,0.028053113895665227
1978-10-19,0.028045246330732354
1978-10-20,0.028037383177559327
1978-10-23,0.08408857329722519
1978-10-24,0.028005974607903106
1978-10-25,0.02799813345777391
1978-10-26,0.027990296697133488
1978-10-27,0.02798246432236251
1978-10-30,0.08392390898919189
1978-10-31,0.0279511786080322
1978-11-01,0.014903129657239944
1978-11-02,0.014900908955439718
1978-11-03,0.014898688915376823
1978-11-06,0.04468940861015458
1978-11-07,0.014889815366303516
1978-11-08,0.014887598630330956
1978-11-09,0.014885382554341575
1978-11-10,0.014883167137980102
1978-11-13,0.04464285714285143
1978-11-14,0.014874312063062334
1978-11-15,0.01487209994051053
1978-11-16,0.014869888475854687
1978-11-17,0.014867677668739532
1978-11-20,0.04459640255685127
1978-11-21,0.014858841010401136
1978-11-22,0.014856633486859394
1978-11-23,0.014854426619126393
1978-11-24,0.014852220406957883
1978-11-27,0.04455004455004019
1978-11-28,0.014843402107778125
1978-11-29,0.01484119916888016
1978-11-30,0.014838996883814737
1978-12-01,0.015348408881621367
1978-12-04,0.046038160519712434
1978-12-05,0.015338991716951078
1978-12-06,0.015336639231122717
1978-12-07,0.015334287466783891
1978-12-08,0.015331936423579329
1978-12-11,0.045988758303505684
1978-12-12,0.015322539455553397
1978-12-13,0.015320192013068556
1978-12-14,0.015317845289763987
1978-12-15,0.015315499285262213
1978-12-18,0.045939461997868136
1978-12-19,0.015306122448977
1978-12-20,0.015303780033670833
1978-12-21,0.015301438335191264
1978-12-22,0.015299097353249635
1978-12-25,0.04589027126249423
1978-12-26,0.015289740584067957
1978-12-27,0.015287403179753412
1978-12-28,0.015285066490045018
1978-12-29,0.015282730514520892
1979-01-01,0.08056935678795174
1979-01-02,0.02683483161145528
1979-01-03,0.02682763246142361
1979-01-04,0.0268204371731251
1979-01-05,0.026813245743384506
1979-01-08,0.08041817450745725
1979-01-09,0.026784518548272906
1979-01-10,0.02677734636498119
1979-01-11,0.026770178021684465
1979-01-12,0.026763013515318512
1979-01-15,0.08026755852843515
1979-01-16,0.026734393797611666
1979-01-17,0.026727248429780914
1979-01-18,0.02672010688042903
1979-01-19,0.026712969146514
1979-01-22,0.08011750567500364
1979-01-23,0.026684456304204573
1979-01-24,0.026677337601710427
1979-01-25,0.02667022269635666
1979-01-26,0.026663111585123467
1979-01-29,0.0799680127948843
1979-01-30,0.026634705020645022
1979-01-31,0.02662761283449555
1979-02-01,0.0418322526668069
1979-02-02,0.04181476061051459
1979-02-05,0.12539184952975457
1979-02-06,0.041744938426235834
1979-02-07,0.0417275192989619
1979-02-08,0.04171011470281982
1979-02-09,0.04169272461955753
1979-02-12,0.12502604709314635
1979-02-13,0.04162330905306266
1979-02-14,0.041605991262749775
1979-02-15,0.041588687876892294
1979-02-16,0.04157139887757122
1979-02-19,0.12466237274049163
1979-02-20,0.04150238638720438
1979-02-21,0.041485169052069004
1979-02-22,0.0414679659962891
1979-02-23,0.0414507772020567
1979-02-26,0.12430080795524656
1979-02-27,0.04138216428719588
1979-02-28,0.041365046535668526
1979-03-01,0.03376748673418195
1979-03-02,0.03375608815161524
1979-03-05,0.10123409178557363
1979-03-06,0.033710570671807716
1979-03-07,0.033699210475623964
1979-03-08,0.03368785793349538
1979-03-09,0.03367651303760599
1979-03-12,0.1009955273409524
1979-03-13,0.033631209762652325
1979-03-14,0.03361990298258455
1979-03-15,0.03360860380257069
1979-03-16,0.03359731221503903
1979-03-19,0.10075808463678726
1979-03-20,0.03355222163639038
1979-03-21,0.033540967896494855
1979-03-22,0.03352972170331814
1979-03-23,0.03351848304922189
1979-03-26,0.10052175578001421
1979-03-27,0.03347360367251806
1979-03-28,0.03346240260051481
1979-03-29,0.033451209022250517
1979-03-30,0.0334400229303089
1979-04-02,0.11091598114427725
1979-04-03,0.036931031299047845
1979-04-04,0.0369173973234771
1979-04-05,0.03690377341083462
1979-04-06,0.03689015954995156
1979-04-09,0.11062966718906608
1979-04-10,0.03683580440188017
1979-04-11,0.0368222406333496
1979-04-12,0.0368086868500761
1979-04-13,0.03679514304113507
1979-04-16,0.11034482758620623
1979-04-17,0.03674106732800553
1979-04-18,0.03672757322559228
1979-04-19,0.03671408903167528
1979-04-20,0.036700614735307724
1979-04-23,0.11006145097678388
1979-04-24,0.03664681630783928
1979-04-25,0.036633391336216015
1979-04-26,0.03661997619699431
1979-04-27,0.03660657087947161
1979-04-30,0.10977952611836983
1979-05-01,0.04112217856164779
1979-05-02,0.04110527517697804
1979-05-03,0.04108838568297468
1979-05-04,0.041071510062495875
1979-05-07,0.1231639448955546
1979-05-08,0.04100414597476565
1979-05-09,0.04098733946624744
1979-05-10,0.04097054672917988
1979-05-11,0.040953767746643166
1979-05-14,0.1228110075051081
1979-05-15,0.04088678902416376
1979-05-16,0.04087007856137248
1979-05-17,0.040853381752148366
1979-05-18,0.04083669857979366
1979-05-21,0.12246008708272083
1979-05-22,0.040770101925247104
1979-05-23,0.04075348668719503
1979-05-24,0.040736884986203314
1979-05-25,0.04072029680572964
1979-05-28,0.12211116638776165
1979-05-29,0.04065407895925688
1979-05-30,0.04063755813428216
1979-05-31,0.04062105073117106
1979-06-01,0.03858210754763558
1979-06-04,0.1157016824952839
1979-06-05,0.03852265613715211
1979-06-06,0.03850782190131241
1979-06-07,0.03849299908580406
1979-06-08,0.038478187677348785
1979-06-11,0.1153901629886045
1979-06-12,0.03841905585171279
1979-06-13,0.038404301281724784
1979-06-14,0.038389558040230476
1979-06-15,0.03837482611406262
1979-06-18,0.11508031647087247
1979-06-19,0.03831601130321882
1979-06-20,0.038301335759083344
1979-06-21,0.0382866714525143
1979-06-22,0.038272018370566485
1979-06-25,0.11477212950121718
1979-06-26,0.03821351803199313
1979-06-27,0.03819892088048338
1979-06-28,0.03818433487661199
1979-06-29,0.03816976000763361
1979-07-02,0.10373443983402453
1979-07-03,0.03454231433503985
1979-07-04,0.03453038674035014
1979-07-05,0.034518467380051376
1979-07-06,0.03450655624568366
1979-07-09,0.10348395998620585
1979-07-10,0.0344589937973927
1979-07-11,0.03444712366516001
1979-07-12,0.03443526170798794
1979-07-13,0.034423407917372195
1979-07-16,0.10323468685478066
1979-07-17,0.034376074252318034
1979-07-18,0.03436426116836255
1979-07-19,0.03435245620062588
1979-07-20,0.034340659340648116
1979-07-23,0.1029866117404854
1979-07-24,0.03429355281208135
1979-07-25,0.03428179636610906
1979-07-26,0.034270047978068874
1979-07-27,0.03425830763961191
1979-07-30,0.1027397260273899
1979-07-31,0.03421142661650389
1979-08-01,0.030890075460043853
1979-08-02,0.030880536439048534
1979-08-03,0.030871003307608724
1979-08-06,0.09258442818094181
1979-08-07,0.030832929568780365
1979-08-08,0.030823425803627735
1979-08-09,0.03081392789539006
1979-08-10,0.03080443583876047
1979-08-13,0.0923848488847856
1979-08-14,0.030766526019676554
1979-08-15,0.030757063139863483
1979-08-16,0.030747606079239986
1979-08-17,0.030738154832476994
1979-08-20,0.09218612818260308
1979-08-21,0.030700407876849134
1979-08-22,0.030690985619097333
1979-08-23,0.030681569143098386
1979-08-24,0.03067215844361204
1979-08-27,0.09198826054579445
1979-08-28,0.030634573304166857
1979-08-29,0.03062519140744069
1979-08-30,0.030615815255430334
1979-08-31,0.030606444842806724
1979-09-03,0.11614401858304202
1979-09-04,0.03866976024748947
1979-09-05,0.038654812524163695
1979-09-06,0.03863987635241983
1979-09-07,0.03862495171880198
1979-09-10,0.11583011583011782
1979-09-11,0.038565368299270375
1979-09-12,0.03855050115650904
1979-09-13,0.038535645472048685
1979-09-14,0.03852080123267765
1979-09-17,0.11551790527530859
1979-09-18,0.038461538461542766
1979-09-19,0.038446751249510136
1979-09-20,0.03843197540354115
1979-09-21,0.03841721091049077
1979-09-24,0.11520737327188613
1979-09-25,0.03835826620637306
1979-09-26,0.038343558282227796
1979-09-27,0.03832886163279703
1979-09-28,0.03831417624520217
1979-10-01,0.07311723129419523
1979-10-02,0.0243546030199715
1979-10-03,0.024348672997320797
1979-10-04,0.024342745861738457
1979-10-05,0.02433682161109285
1979-10-08,0.07299270072993469
1979-10-09,0.024313153416000155
1979-10-10,0.0243072435585745
1979-10-11,0.02430133657351785
1979-10-12,0.02429543245872079
1979-10-15,0.07286859363613285
1979-10-16,0.024271844660184172
1979-10-17,0.024265954865310135
1979-10-18,0.024260067928216777
1979-10-19,0.024254183846705857
1979-10-22,0.07274490785644794
1979-10-23,0.024230676035874588
1979-10-24,0.02422480620154488
1979-10-25,0.02421893921045193
1979-10-26,0.02421307506053072
1979-10-29,0.07262164124910431
1979-10-30,0.02418964683115199
1979-10-31,0.02418379685611427
1979-11-01,0.03102836879431692
1979-11-02,0.03101874418398598
1979-11-05,0.09302737662797433
1979-11-06,0.030980305377315
1979-11-07,0.030970710556577075
1979-11-08,0.03096112167721987
1979-11-09,0.03095153873362566
1979-11-12,0.09282588516112966
1979-11-13,0.03091326620736634
1979-11-14,0.030903712860363974
1979-11-15,0.03089416541617318
1979-11-16,0.03088462386942048
1979-11-19,0.09262526464359766
1979-11-20,0.03084651654696735
1979-11-21,0.030837004405270818
1979-11-22,0.030827498128349617
1979-11-23,0.030817997710652634
1979-11-26,0.092425509440619
1979-11-27,0.030780054524659484
1979-11-28,0.030770583322348166
1979-11-29,0.030761117946909167
1979-11-30,0.030751658393013415
1979-12-03,0.10200178503123603
1979-12-04,0.03396594913600559
1979-12-05,0.03395441619624684
1979-12-06,0.03394289108575865
1979-12-07,0.03393137379650302
1979-12-10,0.10175959296161441
1979-12-11,0.033885382693044086
1979-12-12,0.03387390439091309
1979-12-13,0.033862433862430485
1979-12-14,0.033850971099735894
1979-12-17,0.10151854828475138
1979-12-18,0.03380519754911937
1979-12-19,0.03379377349721491
1979-12-20,0.03378235716398059
1979-12-21,0.03377094854153384
1979-12-24,0.10127864286617605
1979-12-25,0.03372539100376937
1979-12-26,0.033714020818420565
1979-12-27,0.033702658297163346
1979-12-28,0.03369130343231497
1979-12-31,0.10103986864817838
1980-01-01,0.04626319552507585
1980-01-02,0.046241802589563896
1980-01-03,0.04622042942981075
1980-01-04,0.04619907601848272
1980-01-07,0.13853322698460513
1980-01-08,0.04611385931079237
1980-01-09,0.04609260423213968
1980-01-10,0.04607136873848727
1980-01-11,0.04605015280276792
1980-01-14,0.1380868691940762
1980-01-15,0.045965484100118914
1980-01-16,0.04594436555007686
1980-01-17,0.04592326639669686
1980-01-18,0.04590218661326695
1980-01-21,0.1376433785192699
1980-01-22,0.0458180606464742
1980-01-23,0.045797077313780576
1980-01-24,0.04577611319183106
1980-01-25,0.04575516825422454
1980-01-28,0.13720272742392403
1980-01-29,0.0456715798214713
1980-01-30,0.04565073041169487
1980-01-31,0.04562990002903167
1980-02-01,0.04875454303696625
1980-02-04,0.14619235369690564
1980-02-05,0.04865964788107746
1980-02-06,0.04863598178361794
1980-02-07,0.04861233869544179
1980-02-08,0.048588718582975865
1980-02-11,0.14569536423842955
1980-02-12,0.048494467222148785
1980-02-13,0.04847096148761221
1980-02-14,0.04844747852896791
1980-02-15,0.04842401831308685
1980-02-18,0.14520174242089734
1980-02-19,0.048330404217944434
1980-02-20,0.048307057221896876
1980-02-21,0.04828373277150355
1980-02-22,0.04826043083401288
1980-02-25,0.1447114541308414
1980-02-26,0.04816744756317437
1980-02-27,0.04814425770307551
1980-02-28,0.04812109016143484
1980-02-29,0.04809794490598929
1980-03-03,0.1471850852446943
1980-03-04,0.048989589712200576
1980-03-05,0.04896560166482988
1980-03-06,0.04894163709776578
1980-03-07,0.04891769597650253
1980-03-10,0.14668133480015833
1980-03-11,0.048822165263029405
1980-03-12,0.04879834085640411
1980-03-13,0.048774539690299434
1980-03-14,0.048750761730653736
1980-03-17,0.14618102083081563
1980-03-18,0.04865588127964671
1980-03-19,0.04863221884499058
1980-03-20,0.04860857941426655
1980-03-21,0.04858496295396808
1980-03-24,0.14568410829185474
1980-03-25,0.04849072614860894
1980-03-26,0.0484672240397499
1980-03-27,0.04844374470145407
1980-03-28,0.04842028810072563
1980-03-31,0.14519056261341756
1980-04-01,0.03745318352059712
1980-04-02,0.03743916136278447
1980-04-03,0.037425149700598404
1980-04-04,0.037411148522270565
1980-04-07,0.11219147344803115
1980-04-08,0.037355248412396236
1980-04-09,0.03734129947723375
1980-04-10,0.03732736095558575
1980-04-11,0.03731343283581712
1980-04-14,0.11189854531892252
1980-04-15,0.037257824143077656
1980-04-16,0.03724394785846741
1980-04-17,0.03723008190619215
1980-04-18,0.037216226274661146
1980-04-21,0.11160714285713969
1980-04-22,0.03716090672611916
1980-04-23,0.037147102525980635
1980-04-24,0.03713330857779695
1980-04-25,0.037119524870088405
1980-04-28,0.11131725417439231
1980-04-29,0.03706449221645425
1980-04-30,0.03705075954056891
1980-05-01,0.032921810699604315
1980-05-02,0.032910975810418464
1980-05-05,0.09870044415198898
1980-05-06,0.03286770747741308
1980-05-07,0.032856908164946574
1980-05-08,0.0328461159468052
1980-05-09,0.03283533081595014
1980-05-12,0.0984736582964052
1980-05-13,0.0327922610263931
1980-05-14,0.03278151122767525
1980-05-15,0.032770768474499334
1980-05-16,0.032760032760048574
1980-05-19,0.09824791223185247
1980-05-20,0.03271716015049719
1980-05-21,0.03270645952575535
1980-05-22,0.03269576589830514
1980-05-23,0.0326850792613298
1980-05-26,0.09802319882372679
1980-05-27,0.03264240248082029
1980-05-28,0.032631750693434824
1980-05-29,0.03262110585546818
1980-05-30,0.032610467960214606
1980-06-02,0.10647527407525725
1980-06-03,0.03545400827258405
1980-06-04,0.03544144286051765
1980-06-05,0.03542888635201802
1980-06-06,0.03541633873760386
1980-06-09,0.10621140002360363
1980-06-10,0.03536623703237485
1980-06-11,0.03535373374707884
1980-06-12,0.035341239299468974
1980-06-13,0.035328753680086145
1980-06-16,0.10594883063883564
1980-06-17,0.03527889929835215
1980-06-18,0.03526645768026082
1980-06-19,0.0352540248344857
1980-06-20,0.035241600751834135
1980-06-23,0.10568755626885196
1980-06-24,0.035191991866745376
1980-06-25,0.035179611460733895
1980-06-26,0.03516723976242364
1980-06-27,0.03515487676262197
1980-06-30,0.1054275673565197
1980-07-01,0.0
1980-07-02,0.0
1980-07-03,0.0
1980-07-04,0.0
1980-07-07,0.0
1980-07-08,0.0
1980-07-09,0.0
1980-07-10,0.0
1980-07-11,0.0
1980-07-14,0.0
1980-07-15,0.0
1980-07-16,0.0
1980-07-17,0.0
1980-07-18,0.0
1980-07-21,0.0
1980-07-22,0.0
1980-07-23,0.0
1980-07-24,0.0
1980-07-25,0.0
1980-07-28,0.0
1980-07-29,0.0
1980-07-30,0.0
1980-07-31,0.0
1980-08-01,0.02501772088563392
1980-08-04,0.07503439076244067
1980-08-05,0.024992710459437184
1980-08-06,0.024986465664444957
1980-08-07,0.024980223989357064
1980-08-08,0.024973985431819834
1980-08-11,0.07490324996879405
1980-08-12,0.024949062331081073
1980-08-13,0.024942839326547173
1980-08-14,0.024936619425619533
1980-08-15,0.024930402626011094
1980-08-18,0.07477256677606015
1980-08-19,0.024905566394073375
1980-08-20,0.02489936506619994
1980-08-21,0.024893166825701307
1980-08-22,0.02488697167031262
1980-08-25,0.07464233879328486
1980-08-26,0.024862221853894084
1980-08-27,0.024856042089571595
1980-08-28,0.024849865396547877
1980-08-29,0.024843691772602483
1980-09-01,0.07878151260503063
1980-09-02,0.026239832065089175
1980-09-03,0.026232948583415627
1980-09-04,0.026226068712298378
1980-09-05,0.026219192448873052
1980-09-08,0.07863695937089243
1980-09-09,0.02619172341540299
1980-09-10,0.026184865147960146
1980-09-11,0.026178010471200608
1980-09-12,0.026171159382371023
1980-09-15,0.07849293563579884
1980-09-16,0.026143790849664228
1980-09-17,0.026136957658140503
1980-09-18,0.026130128037626932
1980-09-19,0.026123301985370162
1980-09-22,0.07834943849569509
1980-09-23,0.026096033402911445
1980-09-24,0.02608922515001666
1980-09-25,0.026082420448614307
1980-09-26,0.026075619295951036
1980-09-29,0.07820646506779827
1980-09-30,0.02604845011722201
1980-10-01,0.03072196620583778
1980-10-02,0.030712530712517783
1980-10-03,0.0307031010132075
1980-10-06,0.09208103130755596
1980-10-07,0.030665440049060244
1980-10-08,0.03065603923972926
1980-10-09,0.030646644192455774
1980-10-10,0.030637254901955124
1980-10-13,0.09188361408882795
1980-10-14,0.03059975520196545
1980-10-15,0.030590394616103467
1980-10-16,0.03058103975535076
1980-10-17,0.030571690614489277
1980-10-20,0.0916870415647919
1980-10-21,0.03053435114503955
1980-10-22,0.030525030525030417
1980-10-23,0.030515715593537607
1980-10-24,0.03050640634532087
1980-10-27,0.09149130832570851
1980-10-28,0.030469226081653034
1980-10-29,0.030459945172101044
1980-10-30,0.030450669914716677
1980-10-31,0.03044140030441511
1980-11-03,0.08844339622642305
1980-11-04,0.02945508100147265
1980-11-05,0.02944640753828054
1980-11-06,0.029437739181648048
1980-11-07,0.029429075927001058
1980-11-10,0.08826125330980705
1980-11-11,0.029394473838917357
1980-11-12,0.029385836027029377
1980-11-13,0.0293772032902595
1980-11-14,0.02936857562407802
1980-11-17,0.08807985907222093
1980-11-18,0.029334115576418185
1980-11-19,0.029325513196498676
1980-11-20,0.02931691586043339
1980-11-21,0.029308323563892458
1980-11-24,0.08789920890712732
1980-11-25,0.029274004683821353
1980-11-26,0.029265437518288806
1980-11-27,0.029256875365701873
1980-11-28,0.02924831822170848
1980-12-01,0.08506113769273238
1980-12-02,0.02832961507135412
1980-12-03,0.028321591673452495
1980-12-04,0.028313572818960964
1980-12-05,0.028305558504060357
1980-12-08,0.08489264617450587
1980-12-09,0.028273546563006846
1980-12-10,0.02826555488817384
1980-12-11,0.028257567729839117
1980-12-12,0.028249585084227924
1980-12-15,0.08472482084229682
1980-12-16,0.028217699552057773
1980-12-17,0.028209739412532464
1980-12-18,0.028201783762837884
1980-12-19,0.028193832599110458
1980-12-22,0.08455765775288171
1980-12-23,0.028162072728554755
1980-12-24,0.02815414393804172
1980-12-25,0.0281462196108917
1980-12-26,0.02813829974321891
1980-12-29,0.08439115299412325
1980-12-30,0.028106664792870717
1980-12-31,0.028098767166606642
1981-01-01,0.027037466203161387
1981-01-02,0.02703015793334984
1981-01-05,0.08106856084002523
1981-01-06,0.027000964320156307
1981-01-07,0.02699367576737277
1981-01-08,0.026986391148464683
1981-01-09,0.026979110460167988
1981-01-12,0.08091550109814438
1981-01-13,0.02695002695001225
1981-01-14,0.026942765867365992
1981-01-15,0.026935508696324106
1981-01-16,0.026928255433755766
1981-01-19,0.08076301822936838
1981-01-20,0.026899281404912934
1981-01-21,0.026892047637327998
1981-01-22,0.026884817759342816
1981-01-23,0.026877591767759945
1981-01-26,0.08061110897854551
1981-01-27,0.026848726603234674
1981-01-28,0.026841519996945173
1981-01-29,0.026834317258295215
1981-01-30,0.026827118384242787
1981-02-02,0.1108374384236388
1981-02-03,0.036904908352819454
1981-02-04,0.03689129365469501
1981-02-05,0.03687768899816035
1981-02-06,0.03686409437209104
1981-02-09,0.11055152929613232
1981-02-10,0.03680981595091115
1981-02-11,0.03679627131116803
1981-02-12,0.036782736635609936
1981-02-13,0.036769211913223465
1981-02-16,0.11026709139916324
1981-02-17,0.03671521233630237
1981-02-18,0.03670173721557202
1981-02-19,0.0366882719823991
1981-02-20,0.036674816625925644
1981-02-23,0.10998411340583658
1981-02-24,0.03662109375
1981-02-25,0.036607687614398365
1981-02-26,0.03659429129057035
1981-02-27,0.03658090476770237
1981-03-02,0.06399317406144966
1981-03-03,0.021317416329136307
1981-03-04,0.021312872975265407
1981-03-05,0.021308331557645666
1981-03-06,0.021303792074989225
1981-03-09,0.06389776357829113
1981-03-10,0.02128565346954936
1981-03-11,0.02128112364332413
1981-03-12,0.021276595744668114
1981-03-13,0.02127206977240448
1981-03-16,0.06380263717566947
1981-03-17,0.021253985122204888
1981-03-18,0.02124946876329581
1981-03-19,0.021244954323340615
1981-03-20,0.021240441801184673
1981-03-23,0.0637077935867536
1981-03-24,0.021222410865862074
1981-03-25,0.021217907914272693
1981-03-26,0.02121340687313289
1981-03-27,0.02120890774124362
1981-03-30,0.06361323155217313
1981-03-31,0.02119093028183361
1981-04-01,0.022598870056489417
1981-04-02,0.02259376412110381
1981-04-03,0.02258866049242858
1981-04-06,0.06775067750677266
1981-04-07,0.022568269013767406
1981-04-08,0.02256317689530718
1981-04-09,0.022558087074209254
1981-04-10,0.02255299954894152
1981-04-13,0.06764374295376019
1981-04-14,0.022532672374953044
1981-04-15,0.022527596305477182
1981-04-16,0.022522522522527844
1981-04-17,0.022517451024550716
1981-04-20,0.06753714542997447
1981-04-21,0.022497187851522327
1981-04-22,0.022492127755291413
1981-04-23,0.02248706993477345
1981-04-24,0.022482014388480742
1981-04-27,0.06743088334457692
1981-04-28,0.022461814914631617
1981-04-29,0.02245677071637253
1981-04-30,0.022451728783101643
1981-05-01,0.027090831688547645
1981-05-04,0.08125048363381016
1981-05-05,0.02706150693934095
1981-05-06,0.027054185669017627
1981-05-07,0.027046868359015264
1981-05-08,0.027039555006180827
1981-05-11,0.08109673682177299
1981-05-12,0.027010341102018387
1981-05-13,0.027003047486795495
1981-05-14,0.026995757809489263
1981-05-15,0.02698847206692445
1981-05-18,0.08094357076779968
1981-05-19,0.026959368380508053
1981-05-20,0.026952102263977373
1981-05-21,0.026944840063136688
1981-05-22,0.02693758177481076
1981-05-25,0.08079098218751746
1981-05-26,0.026908587683549534
1981-05-27,0.026901348910501888
1981-05-28,0.026894114031028593
1981-05-29,0.026886883042065435
1981-06-01,0.08351893095768226
1981-06-02,0.027816411682879405
1981-06-03,0.02780867630700623
1981-06-04,0.027800945232137053
1981-06-05,0.027793218454696955
1981-06-08,0.08335648791331085
1981-06-09,0.027762354247640175
1981-06-10,0.027754648903677293
1981-06-11,0.02774694783573839
1981-06-12,0.027739251040226343
1981-06-15,0.08319467554074311
1981-06-16,0.027708506511503472
1981-06-17,0.027700831024946027
1981-06-18,0.02769315978952136
1981-06-19,0.02768549280178778
1981-06-22,0.08303349017437789
1981-06-23,0.02765486725662125
1981-06-24,0.027647221454252247
1981-06-25,0.02763957987836907
1981-06-26,0.027631942525574438
1981-06-29,0.08287292817679148
1981-06-30,0.027601435274626773
1981-07-01,0.03560492772198831
1981-07-02,0.03559225512526076
1981-07-03,0.03557959154629753
1981-07-06,0.10670081092616357
1981-07-07,0.03552902721521978
1981-07-08,0.035516408580793524
1981-07-09,0.035503798906488804
1981-07-10,0.03549119818282431
1981-07-13,0.10643581920104506
1981-07-14,0.03544088460447625
1981-07-15,0.035428328491438066
1981-07-16,0.03541578127215228
1981-07-17,0.03540324293707098
1981-07-20,0.1061721404303162
1981-07-21,0.035353178250741024
1981-07-22,0.03534068419566161
1981-07-23,0.03532819896840955
1981-07-24,0.03531572255970339
1981-07-27,0.10590976488031867
1981-07-28,0.03526590492310966
1981-07-29,0.03525347246704502
1981-07-30,0.035241048773615447
1981-07-31,0.03522863383356167
1981-08-03,0.07395407803916232
1981-08-04,0.024633142133234642
1981-08-05,0.024627075710670354
1981-08-06,0.02462101227533875
1981-08-07,0.024614951825019382
1981-08-10,0.07382668307260865
1981-08-11,0.024590739829988273
1981-08-12,0.024584694271734264
1981-08-13,0.02457865168539186
1981-08-14,0.024572612068674005
1981-08-17,0.07369972625816956
1981-08-18,0.024548483254416276
1981-08-19,0.024542458453136184
1981-08-20,0.024536436608357803
1981-08-21,0.02453041771797171
1981-08-24,0.07357320533931677
1981-08-25,0.024506371656607406
1981-08-26,0.024500367505542187
1981-08-27,0.024494366295746417
1981-08-28,0.024488368025155083
1981-08-31,0.07344711807499849
1981-09-01,0.03250270855905679
1981-09-02,0.03249214773095588
1981-09-03,0.03248159376354476
1981-09-04,0.032471046650073276
1981-09-07,0.0973815191517069
1981-09-08,0.0324289266025346
1981-09-09,0.03241841365895226
1981-09-10,0.032407907529430346
1981-09-11,0.03239740820735193
1981-09-14,0.09716074705818922
1981-09-15,0.03235547886109025
1981-09-16,0.032345013477086404
1981-09-17,0.03233455486095771
1981-09-18,0.03232410300615385
1981-09-21,0.09694097371821808
1981-09-22,0.032282363068958375
1981-09-23,0.03227194492254615
1981-09-24,0.03226153349822347
1981-09-25,0.032251128789506645
1981-09-28,0.09672219236969148
1981-09-29,0.03220957698089055
1981-09-30,0.03219920575292523
1981-10-01,0.007153075822596833
1981-10-02,0.007152564194279343
1981-10-05,0.021456157917310037
1981-10-06,0.007150518412601947
1981-10-07,0.0071500071500363305
1981-10-08,0.007149495960501184
1981-10-09,0.007148984844174144
1981-10-12,0.021445421402521703
1981-10-13,0.007146941109215099
1981-10-14,0.007146430358040412
1981-10-15,0.0071459196798517866
1981-10-16,0.007145409074693632
1981-10-19,0.021434695627320366
1981-10-20,0.007143367383388721
1981-10-21,0.007142857142850012
1981-10-22,0.007142346975230751
1981-10-23,0.007141836880442121
1981-10-26,0.021423980575563384
1981-10-27,0.007139797229771538
1981-10-28,0.00713928749913606
1981-10-29,0.007138777841242394
1981-10-30,0.007138268256090541
1981-11-02,0.0310837880776349
1981-11-03,0.010358043020386454
1981-11-04,0.010356970240987806
1981-11-05,0.010355897683744786
1981-11-06,0.010354825348612984
1981-11-09,0.031061259706643973
1981-11-10,0.010350538227976713
1981-11-11,0.010349467002446211
1981-11-12,0.010348395998649451
1981-11-13,0.010347325216431003
1981-11-16,0.031038763967417005
1981-11-17,0.010343044302718596
1981-11-18,0.010341974627703365
1981-11-19,0.010340905173866766
1981-11-20,0.010339835941297615
1981-11-23,0.031016300789188378
1981-11-24,0.010335561220964351
1981-11-25,0.010334493093111519
1981-11-26,0.010333425186015432
1981-11-27,0.01033235749956507
1981-11-30,0.03099387010125909
1981-12-01,0.010328088959288273
1981-12-02,0.010327022375200556
1981-12-03,0.010325956011425497
1981-12-04,0.010324889867852072
1981-12-07,0.03097147183317439
1981-12-08,0.010320627494131429
1981-12-09,0.010319562450566977
1981-12-10,0.01031849762676007
1981-12-11,0.0103174330226663
1981-12-14,0.030949105914723773
1981-12-15,0.01031317680220134
1981-12-16,0.01031211329576287
1981-12-17,0.010311050008571243
1981-12-18,0.010309986940693072
1981-12-21,0.03092677227587437
1981-12-22,0.010305736860183323
1981-12-23,0.010304674887495757
1981-12-24,0.010303613133677558
1981-12-25,0.010302551598617704
1981-12-28,0.030904470846793153
1981-12-29,0.010298307644784899
1981-12-30,0.010297247202561977
1981-12-31,0.010296186978764332
1982-01-01,0.01100513573000228
1982-01-04,0.03301177419947621
1982-01-05,0.011000293341179024
1982-01-06,0.010999083409712895
1982-01-07,0.01099787374438943
1982-01-08,0.01099666434516422
1982-01-11,0.032986365635534476
1982-01-12,0.010991829406803433
1982-01-13,0.01099062133644857
1982-01-14,0.010989413531659054
1982-01-15,0.01098820599221284
1982-01-18,0.032960996154551836
1982-01-19,0.010983378487217088
1982-01-20,0.010982172273688029
1982-01-21,0.010980966325013775
1982-01-22,0.010979760641238734
1982-01-25,0.03293566566637818
1982-01-26,0.010974940552421764
1982-01-27,0.010973736191366434
1982-01-28,0.010972532094677412
1982-01-29,0.010971328262132651
1982-02-01,0.034085744584144706
1982-02-02,0.011358043387721395
1982-02-03,0.011356753482760773
1982-02-04,0.011355463870676985
1982-02-05,0.01135417455151444
1982-02-08,0.03405865657521989
1982-02-09,0.011349020201256721
1982-02-10,0.011347732344835215
1982-02-11,0.01134644478062441
1982-02-12,0.0113451575086021
1982-02-15,0.034031611585860766
1982-02-16,0.011340011339999734
1982-02-17,0.011338725527276772
1982-02-18,0.011337440006053967
1982-02-19,0.011336154776309115
1982-02-22,0.034004609513704764
1982-02-23,0.011331016769910995
1982-02-24,0.011329732995957187
1982-02-25,0.01132844951288181
1982-02-26,0.01132716632055164
1982-03-01,-0.009609840476654252
1982-03-02,-0.0032035880185743437
1982-03-03,-0.003203690651631952
1982-03-04,-0.003203793291250978
1982-03-05,-0.003203895937453627
1982-03-08,-0.009611995770730797
1982-03-09,-0.0032043065880560384
1982-03-10,-0.003204409267143493
1982-03-11,-0.0032045119528256727
1982-03-12,-0.0032046146450914748
1982-03-15,-0.009614152031800494
1982-03-16,-0.003205025479935397
1982-03-17,-0.0032051282051415164
1982-03-18,-0.003205230936920156
1982-03-19,-0.0032053336752047024
1982-03-22,-0.009616309260529476
1982-03-23,-0.003205744694489976
1982-03-24,-0.0032058474657703506
1982-03-25,-0.00320595024364545
1982-03-26,-0.0032060530281152744
1982-03-29,-0.009618467457528368
1982-03-30,-0.003206464231886308
1982-03-31,-0.0032065670493186538
1982-04-01,0.01410934744268122
1982-04-02,0.014107356986681197
1982-04-05,0.0423161012765183
1982-04-06,0.01409940077548022
1982-04-07,0.014097413124680713
1982-04-08,0.01409542603427738
1982-04-09,0.014093439503892746
1982-04-12,0.04227436060029177
1982-04-13,0.014085498978788635
1982-04-14,0.014083515245433276
1982-04-15,0.014081532070675529
1982-04-16,0.014079549454426576
1982-04-19,0.04223270218903785
1982-04-20,0.014071624569078622
1982-04-21,0.014069644741465659
1982-04-22,0.0140676654709182
1982-04-23,0.014065686757169793
1982-04-26,0.04219112579986195
1982-04-27,0.014057777465370513
1982-04-28,0.014055801532064649
1982-04-29,0.014053826154203364
1982-04-30,0.014051851331409182
1982-05-03,0.09177742275401357
1982-05-04,0.030564423011592012
1982-05-05,0.030555084026473445
1982-05-06,0.030545750746679978
1982-05-07,0.03053642316697136
1982-05-10,0.09158130384641083
1982-05-11,0.03049916974482425
1982-05-12,0.030489870587446788
1982-05-13,0.030480577098934702
1982-05-14,0.030471289274114355
1982-05-17,0.0913860213233697
1982-05-18,0.030434194508321966
1982-05-19,0.030424934924444536
1982-05-20,0.03041568097332803
1982-05-21,0.0304064326497544
1982-05-24,0.09119156984598309
1982-05-25,0.030369495528947965
1982-05-26,0.030360275266505532
1982-05-27,0.03035106060096382
1982-05-28,0.030341851527193597
1982-05-31,0.09099794412052997
1982-06-01,0.041753653444676075
1982-06-02,0.041736227045063856
1982-06-03,0.041718815185665115
1982-06-04,0.04170141784820558
1982-06-07,0.12505210504376585
1982-06-08,0.04163197335553814
1982-06-09,0.04161464835621409
1982-06-10,0.04159733777038266
1982-06-11,0.04158004158003603
1982-06-14,0.12468827930174342
1982-06-15,0.04151100041511757
1982-06-16,0.04149377593360981
1982-06-17,0.041476565740361515
1982-06-18,0.041459369817564706
1982-06-21,0.1243265644426117
1982-06-22,0.041390728476820016
1982-06-23,0.041373603640870726
1982-06-24,0.04135649296941324
1982-06-25,0.04133939644479501
1982-06-28,0.12396694214875659
1982-06-29,0.04127115146512761
1982-06-30,0.04125412541253759
1982-07-01,0.017182130584214583
1982-07-02,0.017179178835213804
1982-07-05,0.051528684300916616
1982-07-06,0.017167381974259044
1982-07-07,0.0171644352900735
1982-07-08,0.017161489617323333
1982-07-09,0.017158544955386823
1982-07-12,0.05146680391148184
1982-07-13,0.017146776406051778
1982-07-14,0.017143836790634026
1982-07-15,0.017140898183076736
1982-07-16,0.017137960582713774
1982-07-19,0.051405071967081106
1982-07-20,0.017126220243168788
1982-07-21,0.017123287671250154
1982-07-22,0.017120356103395018
1982-07-23,0.0171174255392037
1982-07-26,0.05134348793427446
1982-07-27,0.017105713308240844
1982-07-28,0.017102787754419424
1982-07-29,0.01709986320106438
1982-07-30,0.01709693964782044
1982-08-02,0.01923076923076028
1982-08-03,0.00640902390567355
1982-08-04,0.006408613176112077
1982-08-05,0.00640820249919738
1982-08-06,0.006407791874929458
1982-08-09,0.01922214390979171
1982-08-10,0.006406149903903646
1982-08-11,0.006405739542647559
1982-08-12,0.006405329233927226
1982-08-13,0.006404918977787055
1982-08-16,0.01921352632252571
1982-08-17,0.006403278478583907
1982-08-18,0.006402868485100299
1982-08-19,0.006402458544085832
1982-08-20,0.006402048655562709
1982-08-23,0.019204916458614996
1982-08-24,0.006400409626206027
1982-08-25,0.006399999999984196
1982-08-26,0.006399590426231505
1982-08-27,0.006399180904836932
1982-08-30,0.01919631430764568
1982-08-31,0.006397543343372725
1982-09-01,0.006823609689510235
1982-09-02,0.0068231441048061114
1982-09-03,0.006822678583606745
1982-09-06,0.02046663937780302
1982-09-07,0.0068208171339234624
1982-09-08,0.006820351930114654
1982-09-09,0.006819886789899421
1982-09-10,0.006819421713055718
1982-09-13,0.020456870098861657
1982-09-14,0.0068175620398180925
1982-09-15,0.006817097279965267
1982-09-16,0.006816632583528381
1982-09-17,0.006816167950352003
1982-09-20,0.020447110141796898
1982-09-21,0.00681431005109534
1982-09-22,0.006813845734532364
1982-09-23,0.0068133814812298965
1982-09-24,0.0068129172911879365
1982-09-27,0.02043735949315284
1982-09-28,0.006811061163358723
1982-09-29,0.006810597289397258
1982-09-30,0.0068101334785852785
1982-10-01,0.010566728892946742
1982-10-04,0.03169683736001794
1982-10-05,0.01056226454949627
1982-10-06,0.0105611490530233
1982-10-07,0.010560033792117451
1982-10-08,0.010558918766734315
1982-10-11,0.03167341193028861
1982-10-12,0.010554461018852379
1982-10-13,0.010553347169950378
1982-10-14,0.010552233556104795
1982-10-15,0.010551120177249018
1982-10-18,0.03165002110001591
1982-10-19,0.010546669010391696
1982-10-20,0.010545556805419132
1982-10-21,0.010544444834947875
1982-10-22,0.010543333099044538
1982-10-25,0.03162666479248344
1982-10-26,0.010538888498579091
1982-10-27,0.010537777933872228
1982-10-28,0.010536667603266991
1982-10-29,0.010535557506585747
1982-11-01,-0.019093686354376693
1982-11-02,-0.0063657775797421046
1982-11-03,-0.00636618283677004
1982-11-04,-0.006366588145423346
1982-11-05,-0.006366993505657614
1982-11-08,-0.019102196752618372
1982-11-09,-0.006368615463003824
1982-11-10,-0.006369021081453763
1982-11-11,-0.006369426751584584
1982-11-12,-0.006369832473418491
1982-11-15,-0.019110714740733226
1982-11-16,-0.006371455877662857
1982-11-17,-0.006371861858045502
1982-11-18,-0.0063722678901312335
1982-11-19,-0.006372673974008869
1982-11-22,-0.019119240328846487
1982-11-23,-0.006374298827127589
1982-11-24,-0.006374705169898132
1982-11-25,-0.006375111564449476
1982-11-26,-0.006375518010837133
1982-11-29,-0.01912777352717221
1982-11-30,-0.006377144314773098
1982-12-01,-0.013166556945343189
1982-12-02,-0.013168290755893874
1982-12-03,-0.013170025023034881
1982-12-06,-0.03951527924130893
1982-12-07,-0.013176966662264977
1982-12-08,-0.013178703215610543
1982-12-09,-0.013180440226723267
1982-12-10,-0.013182177695747477
1982-12-13,-0.039551746868815574
1982-12-14,-0.013189132155089212
1982-12-15,-0.013190871916646252
1982-12-16,-0.013192612137191695
1982-12-17,-0.013194352816991994
1982-12-20,-0.03958828186857444
1982-12-21,-0.013201320132016914
1982-12-22,-0.013203063110611701
1982-12-23,-0.013204806549615977
1982-12-24,-0.013206550449007537
1982-12-27,-0.039624884427424956
1982-12-28,-0.013213530655376005
1982-12-29,-0.013215276860056857
1982-12-30,-0.013217023526324034
1982-12-31,-0.013218770654321865
1983-01-03,0.01983077736649186
1983-01-04,0.006608948516295676
1983-01-05,0.006608511763150915
1983-01-06,0.006608075067737751
1983-01-07,0.006607638430011775
1983-01-10,0.019821605550029986
1983-01-11,0.006605892456090778
1983-01-12,0.006605456106734131
1983-01-13,0.006605019815042468
1983-01-14,0.006604583581015788
1983-01-17,0.01981244221371803
1983-01-18,0.006602839220870571
1983-01-19,0.006602403274769131
1983-01-20,0.006601967386266061
1983-01-21,0.006601531555339157
1983-01-24,0.0198032873456766
1983-01-25,0.006599788806771478
1983-01-26,0.006599353263392338
1983-01-27,0.006598917777456137
1983-01-28,0.0065984823490738975
1983-01-31,0.019794140934270565
1983-02-01,0.003651767455470356
1983-02-02,0.003651634106227597
1983-02-03,0.0036515007668436184
1983-02-04,0.00365136743711858
1983-02-07,0.010953702351401695
1983-02-08,0.0036508342156071905
1983-02-09,0.003650700934576534
1983-02-10,0.0036505676632714312
1983-02-11,0.0036504344017140866
1983-02-14,0.01095090344951366
1983-02-15,0.0036499014526736318
1983-02-16,0.0036497682396996467
1983-02-17,0.0036496350364956243
1983-02-18,0.003649501842994951
1983-02-21,0.010948105977659495
1983-02-22,0.0036489691662255908
1983-02-23,0.0036488360213304816
1983-02-24,0.0036487028860943127
1983-02-25,0.003648569760650311
1983-02-28,0.010945309934684566
1983-03-01,0.0
1983-03-02,0.0
1983-03-03,0.0
1983-03-04,0.0
1983-03-07,0.0
1983-03-08,0.0
1983-03-09,0.0
1983-03-10,0.0
1983-03-11,0.0
1983-03-14,0.0
1983-03-15,0.0
1983-03-16,0.0
1983-03-17,0.0
1983-03-18,0.0
1983-03-21,0.0
1983-03-22,0.0
1983-03-23,0.0
1983-03-24,0.0
1983-03-25,0.0
1983-03-28,0.0
1983-03-29,0.0
1983-03-30,0.0
1983-03-31,0.0
1983-04-01,0.024655700750253473
1983-04-04,0.07394886963867364
1983-04-05,0.024631408564723678
1983-04-06,0.024625342995854282
1983-04-07,0.024619280413595845
1983-04-08,0.02461322081577233
1983-04-11,0.07382149260024562
1983-04-12,0.02458901222426313
1983-04-13,0.024582967515374143
1983-04-14,0.02457692577768622
1983-04-15,0.024570887009023323
1983-04-18,0.07369455362156163
1983-04-19,0.02454676158079039
1983-04-20,0.024540737624478837
1983-04-21,0.02453471662400286
1983-04-22,0.02452869857736406
1983-04-25,0.0735680504466707
1983-04-26,0.02450465588459405
1983-04-27,0.024498652574123092
1983-04-28,0.024492652204322063
1983-04-29,0.024486654773148153
1983-05-02,0.057048681541593815
1983-05-03,0.0190053848590388
1983-05-04,0.019001773498850127
1983-05-05,0.01899816351087491
1983-05-06,0.018994554894269378
1983-05-09,0.05697284294485794
1983-05-10,0.018980134126289627
1983-05-11,0.018976532354986198
1983-05-12,0.01897293195041172
1983-05-13,0.01896933291178904
1983-05-16,0.05689720571502299
1983-05-17,0.01895495040120654
1983-05-18,0.01895135818066329
1983-05-19,0.018947767321408904
1983-05-20,0.018944177822688424
1983-05-23,0.056821769051063065
1983-05-24,0.018929833417469233
1983-05-25,0.018926250709738746
1983-05-26,0.01892266935787923
1983-05-27,0.018919089361157937
1983-05-30,0.05674653215637093
1983-05-31,0.018904782910067475
1983-06-01,0.010080645161281154
1983-06-02,0.0100796290696481
1983-06-03,0.010078613182828988
1983-06-06,0.03023279250227162
1983-06-07,0.01007455168244853
1983-06-08,0.010073536818788753
1983-06-09,0.01007252215954324
1983-06-10,0.010071507704689786
1983-06-13,0.03021148036252974
1983-06-14,0.010067451927930904
1983-06-15,0.010066438494060748
1983-06-16,0.010065425264227379
1983-06-17,0.010064412238319775
1983-06-20,0.030190198248969402
1983-06-21,0.01006036217303663
1983-06-22,0.010059350165980696
1983-06-23,0.01005833836251746
1983-06-24,0.0100573267625359
1983-06-27,0.03016894609815246
1983-06-28,0.010053282396715879
1983-06-29,0.010052271813409952
1983-06-30,0.010051261433319247
1983-07-01,0.013862415525900396
1983-07-04,0.04158148237984882
1983-07-05,0.013854733123208618
1983-07-06,0.013852813852821555
1983-07-07,0.013850895114098094
1983-07-08,0.01384897690681619
1983-07-11,0.041541177692394626
1983-07-12,0.013841309387863099
1983-07-13,0.013839393834547131
1983-07-14,0.013837478811362658
1983-07-15,0.013835564318087634
1983-07-18,0.04150095106345564
1983-07-19,0.013827911639641144
1983-07-20,0.013825999792604904
1983-07-21,0.01382408847416805
1983-07-22,0.013822177684086334
1983-07-25,0.041460802266524155
1983-07-26,0.013814539803136405
1983-07-27,0.01381263165161073
1983-07-28,0.013810724027218946
1983-07-29,0.013808816929605783
1983-08-01,0.027300027300025675
1983-08-02,0.009097525473067414
1983-08-03,0.009096697898680617
1983-08-04,0.009095870474773449
1983-08-05,0.009095043201456932
1983-08-08,0.027282648235749107
1983-08-09,0.009091735612321017
1983-08-10,0.009090909090914145
1983-08-11,0.009090082719742654
1983-08-12,0.009089256498806542
1983-08-15,0.027265291284206405
1983-08-16,0.009085953116483303
1983-08-17,0.009085127646057956
1983-08-18,0.009084302325601534
1983-08-19,0.009083477155025221
1983-08-22,0.027247956403275708
1983-08-23,0.009080177971476644
1983-08-24,0.009079353550034419
1983-08-25,0.009078529278272462
1983-08-26,0.00907770515612416
1983-08-29,0.027230643550901767
1983-08-30,0.00907441016331223
1983-08-31,0.00907358678887693
1983-09-01,0.016633399866949894
1983-09-02,0.0166306336271127
1983-09-05,0.04988360492184096
1983-09-06,0.01661957786274204
1983-09-07,0.016616816218006925
1983-09-08,0.016614055490959956
1983-09-09,0.016611295681046023
1983-09-12,0.04982561036372957
1983-09-13,0.016600265604260755
1983-09-14,0.016597510373439484
1983-09-15,0.016594756057086713
1983-09-16,0.01659200265473615
1983-09-19,0.04976775049767568
1983-09-20,0.016580998176052297
1983-09-21,0.016578249336873796
1983-09-22,0.016575501408921944
1983-09-23,0.016572754391797062
1983-09-26,0.04971002485500975
1983-09-27,0.01656177542233017
1983-09-28,0.016559032952478958
1983-09-29,0.016556291390723565
1983-09-30,0.01655355073664211
1983-10-03,0.028830444949878853
1983-10-04,0.00960737846666948
1983-10-05,0.009606455538113678
1983-10-06,0.009605532786882698
1983-10-07,0.009604610212909925
1983-10-10,0.028811063448364038
1983-10-11,0.009600921688490693
1983-10-12,0.009599999999987396
1983-10-13,0.009599078488475854
1983-10-14,0.009598157153845044
1983-10-17,0.028791707988062853
1983-10-18,0.009594473583240948
1983-10-19,0.009593553132303256
1983-10-20,0.009592632857935435
1983-10-21,0.009591712760204096
1983-10-24,0.02877237851661718
1983-10-25,0.009588034133400924
1983-10-26,0.009587114917541939
1983-10-27,0.009586195877941961
1983-10-28,0.009585277014512172
1983-10-31,0.028753074981624493
1983-11-01,0.0066006600659918035
1983-11-02,0.006600224407637967
1983-11-03,0.006599788806749274
1983-11-04,0.006599353263392338
1983-11-07,0.01979675333245723
1983-11-08,0.006597611664549419
1983-11-09,0.006597176408518202
1983-11-10,0.006596741209841106
1983-11-11,0.00659630606860695
1983-11-14,0.019787612954269562
1983-11-15,0.00659456607756681
1983-11-16,0.006594131223236488
1983-11-17,0.006593696426171469
1983-11-18,0.006593261686571594
1983-11-21,0.019778481012644455
1983-11-22,0.006591523301047175
1983-11-23,0.006591088847862636
1983-11-24,0.00659065445198781
1983-11-25,0.006590220113378287
1983-11-28,0.019769357495880158
1983-11-29,0.0065884833311269375
1983-11-30,0.006588049278599684
1983-12-01,0.0032938076416133555
1983-12-02,0.0032936991535281734
1983-12-05,0.00988077201766746
1983-12-06,0.0032932652725081724
1983-12-07,0.0032931568201055583
1983-12-08,0.0032930483748971895
1983-12-09,0.0032929399367720436
1983-12-12,0.00987849451743461
1983-12-13,0.0032925062557698226
1983-12-14,0.0032923978533716536
1983-12-15,0.003292289458078912
1983-12-16,0.0032921810699360066
1983-12-19,0.00987621806691763
1983-12-20,0.0032917475887961345
1983-12-21,0.0032916392363135927
1983-12-22,0.003291530891025296
1983-12-23,0.003291422552842427
1983-12-26,0.00987394266527275
1983-12-27,0.003290989271387268
1983-12-28,0.0032908809688425578
1983-12-29,0.0032907726734254794
1983-12-30,0.0032906643851138284
1984-01-02,0.05552813425468983
1984-01-03,0.018499105876546018
1984-01-04,0.0184956843403139
1984-01-05,0.01849226406953619
1984-01-06,0.01848884506348014
1984-01-09,0.055456281964372245
1984-01-10,0.01847518167261697
1984-01-11,0.018471768979755332
1984-01-12,0.018468357547396508
1984-01-13,0.018464947374896568
1984-01-16,0.0553846153846127
1984-01-17,0.0184513192693192
1984-01-18,0.01844791538556656
1984-01-19,0.018444512757453957
1984-01-20,0.018441111384315256
1984-01-23,0.05531313379631975
1984-01-24,0.01842751842751067
1984-01-25,0.018424123318805385
1984-01-26,0.018420729460899565
1984-01-27,0.018417336853082666
1984-01-30,0.05524183648415448
1984-01-31,0.018403778909270585
1984-02-01,0.01691990118777298
1984-02-02,0.016917038841501864
1984-02-03,0.01691417746356727
1984-02-06,0.05073395116013124
1984-02-07,0.01690274162469141
1984-02-08,0.016899885080778887
1984-02-09,0.01689702950222749
1984-02-10,0.016894174888482105
1984-02-13,0.050673963717451365
1984-02-14,0.01688276607241246
1984-02-15,0.016879916275613915
1984-02-16,0.01687706744075701
1984-02-17,0.016874219567353244
1984-02-20,0.05061411796463133
1984-02-21,0.016862837678321974
1984-02-22,0.016859994604812023
1984-02-23,0.01685715248980202
1984-02-24,0.016854311332825667
1984-02-27,0.05055441340029443
1984-02-28,0.016842956275664456
1984-02-29,0.01684011990166212
1984-03-01,0.00651041666668295
1984-03-02,0.00650999283899889
1984-03-05,0.019528707199589768
1984-03-06,0.006508298080043495
1984-03-07,0.006507874528205448
1984-03-08,0.006507451031390055
1984-03-09,0.006507027589797154
1984-03-12,0.019519812609813947
1984-03-13,0.00650533437418499
1984-03-14,0.0065049112079718086
1984-03-15,0.00650448809678128
1984-03-16,0.006504065040635609
1984-03-19,0.019510926118648797
1984-03-20,0.006502373366235048
1984-03-21,0.006501950585202643
1984-03-22,0.006501527859059664
1984-03-23,0.00650110518785052
1984-03-26,0.019502047715014292
1984-03-27,0.00649941505266316
1984-03-28,0.0064989926561231925
1984-03-29,0.00649857031451706
1984-03-30,0.006498148027822559
1984-04-02,0.04716091303529346
1984-04-03,0.015712894000796673
1984-04-04,0.01571042543833112
1984-04-05,0.015707957651356352
1984-04-06,0.015705490639517095
1984-04-09,0.04710907320750746
1984-04-10,0.01569563033652077
1984-04-11,0.015693167195007796
1984-04-12,0.015690704826476498
1984-04-13,0.015688243230504995
1984-04-16,0.0470573472205027
1984-04-17,0.01567840456555558
1984-04-18,0.015675946827209408
1984-04-19,0.015673489859224787
1984-04-20,0.01567103366140188
1984-04-23,0.04700573469964553
1984-04-24,0.015661216563267466
1984-04-25,0.01565876421034673
1984-04-26,0.01565631262525624
1984-04-27,0.015653861807707337
1984-04-30,0.046954235272012035
1984-05-01,0.009386439723413353
1984-05-02,0.009385558753605139
1984-05-03,0.009384677949131337
1984-05-04,0.009383797309969744
1984-05-07,0.028148750508250053
1984-05-08,0.009380276405468457
1984-05-09,0.009379396592179567
1984-05-10,0.00937851694382541
1984-05-11,0.009377637460539212
1984-05-14,0.028130274426452218
1984-05-15,0.00937412117616443
1984-05-16,0.009373242516996783
1984-05-17,0.009372364022630642
1984-05-18,0.009371485692866166
1984-05-21,0.028111822583176682
1984-05-22,0.00936797401946965
1984-05-23,0.009367096512336026
1984-05-24,0.00936621916951541
1984-05-25,0.009365341991052212
1984-05-28,0.02809339493070606
1984-05-29,0.009361834919641154
1984-05-30,0.009360958562165678
1984-05-31,0.009360082368736755
1984-06-01,0.010004668845442488
1984-06-04,0.030011004034835587
1984-06-05,0.010000666711107442
1984-06-06,0.009999666677784624
1984-06-07,0.009998666844412973
1984-06-08,0.009997667210992489
1984-06-11,0.02999000333219204
1984-06-12,0.009993670675223498
1984-06-13,0.009992672040515238
1984-06-14,0.00999167360533626
1984-06-15,0.009990675369642155
1984-06-18,0.02996903200025436
1984-06-19,0.009986684420781877
1984-06-20,0.009985687181712777
1984-06-21,0.009984690141751074
1984-06-22,0.009983693300963381
1984-06-25,0.02994808997736076
1984-06-26,0.009979707927221249
1984-06-27,0.00997871208086032
1984-06-28,0.009977716433295925
1984-06-29,0.009976720984372633
1984-07-02,0.03616200578591133
1984-07-03,0.012049644535494508
1984-07-04,0.012048192771096922
1984-07-05,0.012046741356463997
1984-07-06,0.012045290291484712
1984-07-09,0.03613151872818854
1984-07-10,0.012039489525639269
1984-07-11,0.012038040207040801
1984-07-12,0.012036591237363226
1984-07-13,0.012035142616451111
1984-07-16,0.03610108303249149
1984-07-17,0.012029351617948159
1984-07-18,0.012027904738998174
1984-07-19,0.012026458208058699
1984-07-20,0.012025012025018711
1984-07-23,0.03607069856919054
1984-07-24,0.012019230769233502
1984-07-25,0.012017786323759161
1984-07-26,0.01201634222540715
1984-07-27,0.012014898474110858
1984-07-30,0.03604036520903353
1984-07-31,0.012009126936463055
1984-08-01,0.012395029593115225
1984-08-02,0.012393493415974177
1984-08-03,0.0123919576195064
1984-08-06,0.037171266610913634
1984-08-07,0.012385818238125346
1984-08-08,0.012384284343158747
1984-08-09,0.012382750828132671
1984-08-10,0.012381217692736257
1984-08-13,0.03713905481108615
1984-08-14,0.012375088945937307
1984-08-15,0.012373557707179295
1984-08-16,0.012372026847295992
1984-08-17,0.012370496366176376
1984-08-20,0.03710689879092843
1984-08-21,0.012364378226314976
1984-08-22,0.012362849636837758
1984-08-23,0.012361321425280458
1984-08-24,0.012359793591443236
1984-08-27,0.037074798405800635
1984-08-28,0.012353686031052469
1984-08-29,0.012352160083972663
1984-08-30,0.012350634513880188
1984-08-31,0.012349109320486384
1984-09-03,0.05126452494874645
1984-09-04,0.017079419299714793
1984-09-05,0.01707650273226058
1984-09-06,0.017073587160654213
1984-09-07,0.017070672584496016
1984-09-10,0.051203277009737036
1984-09-11,0.017059024223775587
1984-09-12,0.017056114617108875
1984-09-13,0.017053206002715093
1984-09-14,0.017050298380216766
1984-09-17,0.05114217524719855
1984-09-18,0.017038677798564272
1984-09-19,0.017035775127793862
1984-09-20,0.017032873445743668
1984-09-21,0.017029972752036215
1984-09-24,0.051081219138437994
1984-09-25,0.017018379850197718
1984-09-26,0.01701548409054343
1984-09-27,0.017012589316101057
1984-09-28,0.01700969552644871
1984-10-01,0.02597402597401821
1984-10-02,0.008655760408560198
1984-10-03,0.00865501125151269
1984-10-04,0.008654262224117026
1984-10-05,0.008653513326439821
1984-10-08,0.025958293674821498
1984-10-09,0.008650519031139225
1984-10-10,0.00864977078109952
1984-10-11,0.008649022660400796
1984-10-12,0.00864827466922069
1984-10-15,0.025942580422011474
1984-10-16,0.008645283997577025
1984-10-17,0.008644536652857582
1984-10-18,0.008643789437301486
1984-10-19,0.008643042350864327
1984-10-22,0.02592688618099359
1984-10-23,0.00864005529634948
1984-10-24,0.00863930885530717
1984-10-25,0.008638562543206163
1984-10-26,0.008637816359979844
1984-10-29,0.025911210917284322
1984-10-30,0.008634832915976887
1984-10-31,0.00863408737696858
1984-11-01,0.0
1984-11-02,0.0
1984-11-05,0.0
1984-11-06,0.0
1984-11-07,0.0
1984-11-08,0.0
1984-11-09,0.0
1984-11-12,0.0
1984-11-13,0.0
1984-11-14,0.0
1984-11-15,0.0
1984-11-16,0.0
1984-11-19,0.0
1984-11-20,0.0
1984-11-21,0.0
1984-11-22,0.0
1984-11-23,0.0
1984-11-26,0.0
1984-11-27,0.0
1984-11-28,0.0
1984-11-29,0.0
1984-11-30,0.0
1984-12-03,0.0
1984-12-04,0.0
1984-12-05,0.0
1984-12-06,0.0
1984-12-07,0.0
1984-12-10,0.0
1984-12-11,0.0
1984-12-12,0.0
1984-12-13,0.0
1984-12-14,0.0
1984-12-17,0.0
1984-12-18,0.0
1984-12-19,0.0
1984-12-20,0.0
1984-12-21,0.0
1984-12-24,0.0
1984-12-25,0.0
1984-12-26,0.0
1984-12-27,0.0
1984-12-28,0.0
1984-12-31,0.0
1985-01-01,0.006126887847313078
1985-01-02,0.006126512482773627
1985-01-03,0.006126137164241818
1985-01-04,0.006125761891628834
1985-01-07,0.018376159995092678
1985-01-08,0.006124261260986863
1985-01-09,0.006123886218212249
1985-01-10,0.00612351122131205
1985-01-11,0.006123136270397289
1985-01-14,0.018368284096137444
1985-01-15,0.006121636925704443
1985-01-16,0.0061212622042727816
1985-01-17,0.006120887528693331
1985-01-18,0.0061205128990104996
1985-01-21,0.018360414945362002
1985-01-22,0.006119014838601444
1985-01-23,0.006118640438113054
1985-01-24,0.0061182660833880576
1985-01-25,0.006117891774493067
1985-01-28,0.018352552534195432
1985-01-29,0.006116394996791286
1985-01-30,0.006116020916779874
1985-01-31,0.00611564688255406
1985-02-01,0.016926201760325554
1985-02-04,0.050770011846323904
1985-02-05,0.016914749661722794
1985-02-06,0.01691188905801333
1985-02-07,0.0169090294217078
1985-02-08,0.016906170752317706
1985-02-11,0.050709939148063654
1985-02-12,0.016894745734097327
1985-02-13,0.01689189189189033
1985-02-14,0.016889039013667784
1985-02-15,0.016886187098941186
1985-02-18,0.05065000844166612
1985-02-19,0.016874789065157714
1985-02-20,0.01687194196051678
1985-02-21,0.01686909581646301
1985-02-22,0.016866250632485702
1985-02-25,0.050590219224266875
1985-02-26,0.016854879487637753
1985-02-27,0.016852039096737492
1985-02-28,0.01684919966300491
1985-03-01,0.013012361743669487
1985-03-04,0.03903200624510994
1985-03-05,0.013005592404735644
1985-03-06,0.013003901170360876
1985-03-07,0.013002210375767653
1985-03-08,0.013000520020800543
1985-03-11,0.03899649031589014
1985-03-12,0.01299376299377375
1985-03-13,0.012992074834339284
1985-03-14,0.012990387113531732
1985-03-15,0.012988699831151251
1985-03-18,0.03896103896103842
1985-03-19,0.012981955082436158
1985-03-20,0.012980269989615323
1985-03-21,0.012978585334200154
1985-03-22,0.012976901116013018
1985-03-25,0.03892565200467324
1985-03-26,0.012970168612191912
1985-03-27,0.01296848657759142
1985-03-28,0.012966804979264168
1985-03-29,0.012965123816943702
1985-04-01,0.04405545112782239
1985-04-02,0.014678683615643173
1985-04-03,0.014676529294344043
1985-04-04,0.014674375605316925
1985-04-05,0.014672222548273162
1985-04-08,0.04401021036879449
1985-04-09,0.014663616634402743
1985-04-10,0.014661466733123518
1985-04-11,0.014659317462184518
1985-04-12,0.01465716882127488
1985-04-15,0.04396506243038445
1985-04-16,0.014648580552534263
1985-04-17,0.014646435057708018
1985-04-18,0.014644290191245801
1985-04-19,0.014642145952903363
1985-04-22,0.04392000702719834
1985-04-23,0.014633575275113664
1985-04-24,0.014631434173173474
1985-04-25,0.014629293697709933
1985-04-26,0.014627153848412178
1985-04-29,0.043875043875041264
1985-04-30,0.014618600707549945
1985-05-01,0.01207037025861002
1985-05-02,0.01206891349605499
1985-05-03,0.012067457085085387
1985-05-06,0.03619800307683718
1985-05-07,0.012061634954596556
1985-05-08,0.012060180299688916
1985-05-09,0.012058725995611752
1985-05-10,0.012057272042209632
1985-05-13,0.03616745531813681
1985-05-14,0.012051459733042336
1985-05-15,0.012050007531239082
1985-05-16,0.012048555679422535
1985-05-17,0.01204710417732624
1985-05-20,0.036136959074895
1985-05-21,0.012041301664700299
1985-05-22,0.012039851909828592
1985-05-23,0.012038402504011003
1985-05-24,0.012036953447069898
1985-05-27,0.03610651421692701
1985-05-28,0.01203116070622734
1985-05-29,0.01202971339206993
1985-05-30,0.012028266426122869
1985-05-31,0.012026819808164113
1985-06-03,0.0299560644388297
1985-06-04,0.009982364489391493
1985-06-05,0.009981368112876865
1985-06-06,0.009980371935180976
1985-06-07,0.009979375956348235
1985-06-10,0.02993514052884727
1985-06-11,0.009975394028072238
1985-06-12,0.009974399042467219
1985-06-13,0.009973404255303464
1985-06-14,0.009972409666580972
1985-06-17,0.029914245828610575
1985-06-18,0.009968433294549328
1985-06-19,0.009967439697011748
1985-06-20,0.009966446297471343
1985-06-21,0.009965453095950316
1985-06-24,0.029893380276990733
1985-06-25,0.009961482268572297
1985-06-26,0.009960490056104554
1985-06-27,0.009959498041323123
1985-06-28,0.009958506224050367
1985-07-01,0.016897600540710656
1985-07-02,0.005631581911380579
1985-07-03,0.005631264782079981
1985-07-04,0.005630947688484156
1985-07-05,0.0056306306306153076
1985-07-08,0.016890940825398104
1985-07-09,0.005629362756121026
1985-07-10,0.005629045876753835
1985-07-11,0.005628729032980395
1985-07-12,0.005628412224889523
1985-07-15,0.01688428635751027
1985-07-16,0.005627145349151874
1985-07-17,0.005626828719318411
1985-07-18,0.005626512125145311
1985-07-19,0.005626195566543757
1985-07-22,0.0168776371308077
1985-07-23,0.005624929688408109
1985-07-24,0.005624613307819715
1985-07-25,0.0056242969628694794
1985-07-26,0.00562398065349079
1985-07-29,0.01687099313911755
1985-07-30,0.005622715771735898
1985-07-31,0.005622399640170528
1985-08-01,0.006184291898581051
1985-08-02,0.006183909467560866
1985-08-05,0.018550581251552956
1985-08-06,0.0061823802164129305
1985-08-07,0.006181998021759227
1985-08-08,0.006181615874378821
1985-08-09,0.0061812337742717105
1985-08-12,0.018542555164091645
1985-08-13,0.006179705846021122
1985-08-14,0.006179323981925222
1985-08-15,0.006178942165124823
1985-08-16,0.00617856039544229
1985-08-19,0.01853453601876609
1985-08-20,0.006177033788379305
1985-08-21,0.0061766522544637326
1985-08-22,0.006176270767732639
1985-08-23,0.006175889328030593
1985-08-26,0.018526523806583484
1985-08-27,0.006174364040534286
1985-08-28,0.006173982836332748
1985-08-29,0.00617360167922687
1985-08-30,0.006173220569172244
1985-09-02,0.026881720430105283
1985-09-03,0.008958165367745075
1985-09-04,0.008957362952344283
1985-09-05,0.00895656068069517
1985-09-06,0.008955758552753323
1985-09-09,0.026864869705378602
1985-09-10,0.00895255147719265
1985-09-11,0.008951750067121012
1985-09-12,0.008950948800579006
1985-09-13,0.008950147677455611
1985-09-16,0.026848040093030434
1985-09-17,0.008946944618437591
1985-09-18,0.008946144211852136
1985-09-19,0.008945343948463247
1985-09-20,0.008944543828270923
1985-09-23,0.02683123155353684
1985-09-24,0.008941344778268245
1985-09-25,0.008940545373281594
1985-09-26,0.008939746111202851
1985-09-27,0.00893894699205422
1985-09-30,0.02681444404719624
1985-10-01,0.011914335924689823
1985-10-02,0.01191291657982596
1985-10-03,0.01191149757302501
1985-10-04,0.011910078904264765
1985-10-07,0.035725981720213795
1985-10-08,0.011904407606921907
1985-10-09,0.011902990626411203
1985-10-10,0.011901573983141844
1985-10-11,0.011900157677069423
1985-10-14,0.03569622512420434
1985-10-15,0.011894495822062368
1985-10-16,0.011893081199998434
1985-10-17,0.011891666914420895
1985-10-18,0.01189025296512991
1985-10-21,0.0356665180561766
1985-10-22,0.011884600528855316
1985-10-23,0.011883188259420585
1985-10-24,0.011881776325561866
1985-10-25,0.01188036472719034
1985-10-28,0.03563686039260716
1985-10-29,0.0118747216862225
1985-10-30,0.011873311763488381
1985-10-31,0.011871902175508708
1985-11-01,0.009516860704872343
1985-11-04,0.02854786525410269
1985-11-05,0.009513239257952222
1985-11-06,0.009512334326844396
1985-11-07,0.009511429567843344
1985-11-08,0.009510524980993473
1985-11-11,0.028528861698418062
1985-11-12,0.00950690835339607
1985-11-13,0.009506004626258502
1985-11-14,0.009505101070916844
1985-11-15,0.009504197687304483
1985-11-18,0.02850988342626426
1985-11-19,0.009500585869459677
1985-11-20,0.009499683343894283
1985-11-21,0.009498780989747324
1985-11-22,0.009497878807085414
1985-11-25,0.02849093038714834
1985-11-26,0.009494271789378672
1985-11-27,0.009493370462942963
1985-11-28,0.009492469307703644
1985-11-29,0.009491568323460875
1985-12-02,0.025802752293579978
1985-12-03,0.008598698730244436
1985-12-04,0.008597959417633305
1985-12-05,0.008597220232120506
1985-12-06,0.008596481173706039
1985-12-09,0.025787226727036483
1985-12-10,0.008593526210254332
1985-12-11,0.008592787786776412
1985-12-12,0.008592049490219189
1985-12-13,0.00859131132047164
1985-12-16,0.025771719832778928
1985-12-17,0.008588359909533771
1985-12-18,0.008587622373612547
1985-12-19,0.00858688496436777
1985-12-20,0.00858614768175503
1985-12-23,0.025756231577123145
1985-12-24,0.008583199816891707
1985-12-25,0.008582463166928456
1985-12-26,0.008581726643397403
1985-12-27,0.008580990246276343
1985-12-30,0.025740761926562605
1985-12-31,0.00857804592113709
1986-01-01,0.008853997579905126
1986-01-02,0.008853213716575326
1986-01-03,0.008852429992023403
1986-01-06,0.026554939218703666
1986-01-07,0.00884929648092836
1986-01-08,0.008848513449755124
1986-01-09,0.008847730557115518
1986-01-10,0.008846947802987337
1986-01-13,0.026538495562178355
1986-01-14,0.00884381817110036
1986-01-15,0.008843036109040803
1986-01-16,0.008842254185359444
1986-01-17,0.008841472399856443
1986-01-20,0.026522072257928464
1986-01-21,0.008838346639938877
1986-01-22,0.008837565545283255
1986-01-23,0.00883678458865056
1986-01-24,0.008836003770018586
1986-01-27,0.026505669268162002
1986-01-28,0.008832881874920595
1986-01-29,0.008832101745825938
1986-01-30,0.008831321754487753
1986-01-31,0.008830541900906042
1986-02-03,-0.029327424400416024
1986-02-04,-0.009778675967286876
1986-02-05,-0.009779632285811246
1986-02-06,-0.009780588791441502
1986-02-07,-0.009781545484177645
1986-02-10,-0.029347507092336578
1986-02-11,-0.009785374127457835
1986-02-12,-0.009786331756644895
1986-02-13,-0.009787289573270908
1986-02-14,-0.009788247577391385
1986-02-17,-0.02936761730731874
1986-02-18,-0.009792081470116898
1986-02-19,-0.009793040412631182
1986-02-20,-0.009793999542928589
1986-02-21,-0.009794958861175651
1986-02-24,-0.029387755102039392
1986-02-25,-0.00979879801411565
1986-02-26,-0.0097997582726439
1986-02-27,-0.00980071871935495
1986-02-28,-0.009801679354393134
1986-03-03,-0.044269987899536734
1986-03-04,-0.01476319829928352
1986-03-05,-0.014765378141334828
1986-03-06,-0.014767558627215571
1986-03-07,-0.014769739757158895
1986-03-10,-0.044315764594671236
1986-03-11,-0.014778470723864068
1986-03-12,-0.014780655078605598
1986-03-13,-0.01478284007925268
1986-03-14,-0.014785025725949641
1986-03-17,-0.04436163605714416
1986-03-18,-0.014793774779564561
1986-03-19,-0.014795963661129452
1986-03-20,-0.014798153190476171
1986-03-21,-0.014800343367971092
1986-03-24,-0.04440760258156429
1986-03-25,-0.014809110564817374
1986-03-26,-0.014811303987205537
1986-03-27,-0.014813498059440544
1986-03-28,-0.014815692781766643
1986-03-31,-0.04445366446375054
1986-04-01,-0.006127450980386584
1986-04-02,-0.006127826459967345
1986-04-03,-0.0061282019855335434
1986-04-04,-0.006128577557151793
1986-04-07,-0.018386859524399668
1986-04-08,-0.006130080304023178
1986-04-09,-0.006130456105957194
1986-04-10,-0.006130831953898852
1986-04-11,-0.00613120784793697
1986-04-14,-0.018394751364270157
1986-04-15,-0.00613271188518727
1986-04-16,-0.006133088009829812
1986-04-17,-0.006133464180535508
1986-04-18,-0.006133840397481993
1986-04-21,-0.01840264998160812
1986-04-22,-0.006135345726743235
1986-04-23,-0.006135722174493985
1986-04-24,-0.006136098668463319
1986-04-25,-0.0061364752086512375
1986-04-28,-0.018410555385095506
1986-04-29,-0.006137981831577655
1986-04-30,-0.0061383586028918025
1986-05-01,0.009208103130764478
1986-05-02,0.009207255317189578
1986-05-05,0.027619222979202718
1986-05-06,0.009203865623552687
1986-05-07,0.009203018590109302
1986-05-08,0.009202171712519025
1986-05-09,0.009201324990781856
1986-05-12,0.027601435274626773
1986-05-13,0.009197939661520493
1986-05-14,0.009197093718382732
1986-05-15,0.00919624793085383
1986-05-16,0.009195402298844968
1986-05-19,0.02758367046709065
1986-05-20,0.009192021325477029
1986-05-21,0.00919117647060208
1986-05-22,0.009190331770958515
1986-05-23,0.009189487226612947
1986-05-26,0.027565928512363058
1986-05-27,0.00918611060076735
1986-05-28,0.009185266832001382
1986-05-29,0.009184423218222548
1986-05-30,0.00918357975938644
1986-06-02,0.05331911490269459
1986-06-03,0.017763566924244856
1986-06-04,0.017760412041578633
1986-06-05,0.017757258279305077
1986-06-06,0.017754105636957895
1986-06-09,0.0532528623413242
1986-06-10,0.017741506253887707
1986-06-11,0.017738359201802112
1986-06-12,0.01773521326591254
1986-06-13,0.01773206844579711
1986-06-16,0.053186774222147015
1986-06-17,0.017719500310087177
1986-06-18,0.01771636105944996
1986-06-19,0.01771322292090094
1986-06-20,0.017710085893929417
1986-06-23,0.05312084993356336
1986-06-24,0.01769754888949482
1986-06-25,0.01769441741130695
1986-06-26,0.01769128704112166
1986-06-27,0.01768815777838384
1986-06-30,0.05305508886728205
1986-07-01,0.0
1986-07-02,0.0
1986-07-03,0.0
1986-07-04,0.0
1986-07-07,0.0
1986-07-08,0.0
1986-07-09,0.0
1986-07-10,0.0
1986-07-11,0.0
1986-07-14,0.0
1986-07-15,0.0
1986-07-16,0.0
1986-07-17,0.0
1986-07-18,0.0
1986-07-21,0.0
1986-07-22,0.0
1986-07-23,0.0
1986-07-24,0.0
1986-07-25,0.0
1986-07-28,0.0
1986-07-29,0.0
1986-07-30,0.0
1986-07-31,0.0
1986-08-01,0.006298220752642969
1986-08-04,0.018893472305325787
1986-08-05,0.0062966344488657455
1986-08-06,0.006296237997793774
1986-08-07,0.00629584159663743
1986-08-08,0.006295445245374509
1986-08-11,0.018885146832015032
1986-08-12,0.006293860339234847
1986-08-13,0.00629346423739463
1986-08-14,0.006293068185403428
1986-08-15,0.006292672183239034
1986-08-18,0.01887682869279317
1986-08-19,0.006291088672893963
1986-08-20,0.006290692919819207
1986-08-21,0.006290297216549057
1986-08-22,0.006289901563039102
1986-08-25,0.01886851787791244
1986-08-26,0.006288319446623447
1986-08-27,0.006287924041870063
1986-08-28,0.006287528686854671
1986-08-29,0.006287133381532861
1986-09-01,0.04273017319964545
1986-09-02,0.014237307440412295
1986-09-03,0.014235280719732124
1986-09-04,0.01423325457599045
1986-09-05,0.014231229008943025
1986-09-08,0.042687612054992385
1986-09-09,0.014223132502699798
1986-09-10,0.014221109815415467
1986-09-11,0.014219087703337685
1986-09-12,0.014217066166222203
1986-09-15,0.04264513561154093
1986-09-16,0.014208985762587112
1986-09-17,0.014206967096663803
1986-09-18,0.0142049490042373
1986-09-19,0.014202931485063353
1986-09-22,0.04260274361669314
1986-09-23,0.014194867136052558
1986-09-24,0.014192852479499862
1986-09-25,0.014190838394734229
1986-09-26,0.014188824881533613
1986-09-29,0.04256043581887248
1986-09-30,0.014180776539318707
1986-10-01,0.00292722908492582
1986-10-02,0.00292714340075495
1986-10-03,0.002927057721580084
1986-10-06,0.008780916142248074
1986-10-07,0.002926715055018292
1986-10-08,0.0029266294009344662
1986-10-09,0.0029265437518244397
1986-10-10,0.0029264581077326213
1986-10-13,0.008779117406088055
1986-10-14,0.0029261155815696327
1986-10-15,0.0029260299625244457
1986-10-16,0.0029259443485418757
1986-10-17,0.002925858739533105
1986-10-20,0.008777319406672035
1986-10-21,0.002925516353635693
1986-10-22,0.0029254307696735538
1986-10-23,0.002925345190707418
1986-10-24,0.002925259616803899
1986-10-27,0.008775522143555925
1986-10-28,0.0029249173710832466
1986-10-29,0.0029248318221819503
1986-10-30,0.0029247462782766576
1986-10-31,0.002924660739345164
1986-11-03,0.009713767646668536
1986-11-04,0.00323760805518436
1986-11-05,0.0032375032374964974
1986-11-06,0.003237398426625404
1986-11-07,0.0032372936225488758
1986-11-10,0.00971156647566751
1986-11-11,0.0032368744740329802
1986-11-12,0.003236769703818254
1986-11-13,0.003236664940442502
1986-11-14,0.00323656018383911
1986-11-17,0.00970936630204644
1986-11-18,0.003236141225193556
1986-11-19,0.00323603650251858
1986-11-20,0.003235931786549351
1986-11-21,0.003235827077396891
1986-11-24,0.009707167125050375
1986-11-25,0.003235408308532861
1986-11-26,0.0032353036332422036
1986-11-27,0.0032351989647239066
1986-11-28,0.003235094303022379
1986-12-01,0.008234519104100002
1986-12-02,0.0027446136956266187
1986-12-03,0.002744538368637528
1986-12-04,0.0027444630458006714
1986-12-05,0.0027443877270938444
1986-12-08,0.008232937237573346
1986-12-09,0.002744086493611242
1986-12-10,0.002744011195554563
1986-12-11,0.0027439359016501186
1986-12-12,0.0027438606118757036
1986-12-15,0.00823135597871616
1986-12-16,0.0027435594940783403
1986-12-17,0.002743484224976278
1986-12-18,0.0027434089600042455
1986-12-19,0.0027433336990734247
1986-12-22,0.008229775327150968
1986-12-23,0.002743032696939096
1986-12-24,0.002742957456725037
1986-12-25,0.0027428822206410075
1986-12-26,0.002742806988664803
1986-12-29,0.008228195282500295
1986-12-30,0.002742506102082487
1986-12-31,0.0027424308907342265
1987-01-01,0.02111613876318863
1987-01-02,0.021111680791396914
1987-01-05,0.0633216741044329
1987-01-06,0.02109386771131927
1987-01-07,0.021089419137143572
1987-01-08,0.02108497243895613
1987-01-09,0.02108052761546908
1987-01-12,0.06322825399693865
1987-01-13,0.021062767045787467
1987-01-14,0.02105833157850512
1987-01-15,0.021053897978817737
1987-01-16,0.021049466245681714
1987-01-19,0.06313510913353859
1987-01-20,0.021031757954537156
1987-01-21,0.02102733553617231
1987-01-22,0.02102291497734221
1987-01-23,0.021018496276714593
1987-01-26,0.06304223829967093
1987-01-27,0.02100084003358038
1987-01-28,0.02099643060680112
1987-01-29,0.02099202303125214
1987-01-30,0.02098761730580101
1987-02-02,0.03854059609456062
1987-02-03,0.012841916013828225
1987-02-04,0.012840267077551815
1987-02-05,0.012838618564647852
1987-02-06,0.012836970474983112
1987-02-09,0.038505968425117665
1987-02-10,0.012830382345407898
1987-02-11,0.012828736369452365
1987-02-12,0.012827090815803466
1987-02-13,0.012825445684239156
1987-02-16,0.038471402923812015
1987-02-17,0.012818869375719188
1987-02-18,0.012817226352224154
1987-02-19,0.012815583749836712
1987-02-20,0.012813941568423637
1987-02-23,0.03843689942344408
1987-02-24,0.012807377049162127
1987-02-25,0.012805736970178394
1987-02-26,0.012804097311147622
1987-02-27,0.012802458071958789
1987-03-02,0.04200268817204922
1987-03-03,0.013995017773682505
1987-03-04,0.013993059442518607
1987-03-05,0.01399110165933859
1987-03-06,0.013989144423920408
1987-03-09,0.04196156320810385
1987-03-10,0.013981320955203103
1987-03-11,0.013979366455108
1987-03-12,0.013977412501398057
1987-03-13,0.013975459093829024
1987-03-16,0.04192051869655877
1987-03-17,0.013967650920476693
1987-03-18,0.013965700240214929
1987-03-19,0.013963750104717398
1987-03-20,0.013961800513784262
1987-03-23,0.04187955440153601
1987-03-24,0.013954007590988304
1987-03-25,0.01395206071936883
1987-03-26,0.013950114390937074
1987-03-27,0.01394816860547099
1987-03-30,0.04183867008813458
1987-03-31,0.013940390888556031
1987-04-01,0.01784121320249632
1987-04-02,0.017838030681405215
1987-04-03,0.017834849295517152
1987-04-06,0.05349500713267563
1987-04-07,0.017822135091782876
1987-04-08,0.017818959372783993
1987-04-09,0.017815784785324418
1987-04-10,0.017812611328826833
1987-04-13,0.05342831700800854
1987-04-14,0.017799928800288356
1987-04-15,0.0177967609895191
1987-04-16,0.0177935943060481
1987-04-17,0.017790428749320242
1987-04-20,0.05336179295625243
1987-04-21,0.01777777777778322
1987-04-22,0.017774617845733864
1987-04-23,0.01777145903678612
1987-04-24,0.017768301350384874
1987-04-27,0.05329543435779183
1987-04-28,0.017755681818187874
1987-04-29,0.01775252973550412
1987-04-30,0.017749378771747537
1987-05-01,0.012238778569906295
1987-05-04,0.036711842628567304
1987-05-05,0.012232789993582571
1987-05-06,0.01223129376510812
1987-05-07,0.012229797902563178
1987-05-08,0.01222830240592554
1987-05-11,0.03668042182485287
1987-05-12,0.012222324074917523
1987-05-13,0.012220830405418326
1987-05-14,0.012219337100960459
1987-05-15,0.012217844161366287
1987-05-18,0.03664905475979641
1987-05-19,0.012211876049472714
1987-05-20,0.012210384932398455
1987-05-21,0.012208894179410734
1987-05-22,0.01220740379039853
1987-05-25,0.03661774129561923
1987-05-26,0.01220144587132932
1987-05-27,0.012199957300151887
1987-05-28,0.012198469092128406
1987-05-29,0.012196981247147853
1987-06-01,0.03315649867374759
1987-06-02,0.011048502927857307
1987-06-03,0.011047282368537026
1987-06-04,0.011046062078867713
1987-06-05,0.011044842058760551
1987-06-08,0.033130866924335756
1987-06-09,0.011039964672110436
1987-06-10,0.011038745998459554
1987-06-11,0.01103752759381571
1987-06-12,0.011036309458112292
1987-06-15,0.033105274773781446
1987-06-16,0.011031439602859905
1987-06-17,0.011030222810504142
1987-06-18,0.011029006286533694
1987-06-19,0.011027790030881945
1987-06-22,0.03307972213033583
1987-06-23,0.01102292768957458
1987-06-24,0.011021712774161863
1987-06-25,0.011020498126512734
1987-06-26,0.011019283746560582
1987-06-29,0.03305420890260535
1987-06-30,0.011014428901856554
1987-07-01,0.008526360665062072
1987-07-02,0.008525633738765137
1987-07-03,0.008524906936435706
1987-07-06,0.025572540773999286
1987-07-07,0.008522000965838217
1987-07-08,0.00852127478270237
1987-07-09,0.008520548723334187
1987-07-10,0.008519822787689257
1987-07-13,0.025557290927169518
1987-07-14,0.00851692028165374
1987-07-15,0.008516194964069967
1987-07-16,0.008515469770076223
1987-07-17,0.008514744699561483
1987-07-20,0.025542059257577243
1987-07-21,0.008511845651870686
1987-07-22,0.008511121198373495
1987-07-23,0.008510396868177672
1987-07-24,0.008509672661261014
1987-07-27,0.02552684573275954
1987-07-28,0.0085067770657421
1987-07-29,0.008506053474732767
1987-07-30,0.008505330006802758
1987-07-31,0.008504606661952074
1987-08-03,0.0510233006406402
1987-08-04,0.016999093381686592
1987-08-05,0.0169962041810523
1987-08-06,0.01699331596241027
1987-08-07,0.016990428725138784
1987-08-10,0.050962627406581085
1987-08-11,0.01697888958061
1987-08-12,0.01697600724308579
1987-08-13,0.016973125884023332
1987-08-14,0.016970245502889725
1987-08-17,0.05090209829763381
1987-08-18,0.016958733747873822
1987-08-19,0.01695585824901258
1987-08-20,0.016952983725149195
1987-08-21,0.016950110175706357
1987-08-24,0.050841712800808736
1987-08-25,0.01693862571281457
1987-08-26,0.016935757028369025
1987-08-27,0.016932889315346422
1987-08-28,0.01693002257334708
1987-08-31,0.050781470405714124
1987-09-01,0.01748251748250329
1987-09-02,0.017479461632574633
1987-09-03,0.01747640685074714
1987-09-04,0.017473353136465697
1987-09-07,0.05241090146750338
1987-09-08,0.01746114894358719
1987-09-09,0.017458100558664924
1987-09-10,0.01745505323791363
1987-09-11,0.01745200698082261
1987-09-14,0.05234688536033261
1987-09-15,0.01743983257760373
1987-09-16,0.01743679163033196
1987-09-17,0.017433751743367587
1987-09-18,0.017430712916177704
1987-09-21,0.052283025444399556
1987-09-22,0.017418568193705575
1987-09-23,0.01741553465690604
1987-09-24,0.017412502176550326
1987-09-25,0.017409470752105527
1987-09-28,0.05221932114880534
1987-09-29,0.017397355601955766
1987-09-30,0.01739432944860564
1987-10-01,0.008695652173917878
1987-10-02,0.008694896095984284
1987-10-05,0.026082420448614307
1987-10-06,0.008691873098665148
1987-10-07,0.00869111767771713
1987-10-08,0.008690362388108497
1987-10-09,0.008689607229750429
1987-10-12,0.026066556607862168
1987-10-13,0.008686587908268706
1987-10-14,0.008685833405719379
1987-10-15,0.008685079034220777
1987-10-16,0.008684324793728493
1987-10-19,0.02605071205279419
1987-10-20,0.008681309141422844
1987-10-21,0.00868055555554026
1987-10-22,0.00867980210050856
1987-10-23,0.008679048776261133
1987-10-26,0.026034886748238506
1987-10-27,0.008676036786381403
1987-10-28,0.00867528411556684
1987-10-29,0.008674531575292299
1987-10-30,0.008673779165579987
1987-11-02,0.008393251825533632
1987-11-03,0.002797515805941231
1987-11-04,0.0027974375472084034
1987-11-05,0.0027973592928276503
1987-11-06,0.002797281042821176
1987-11-09,0.00839160839161135
1987-11-10,0.002796968086582474
1987-11-11,0.0027968898584918023
1987-11-12,0.002796811634731
1987-11-13,0.0027967334153888856
1987-11-16,0.008389965601152127
1987-11-17,0.0027964205816521925
1987-11-18,0.002796342384159267
1987-11-19,0.002796264191062825
1987-11-20,0.002796186002274048
1987-11-23,0.008388323453756286
1987-11-24,0.002795873291017159
1987-11-25,0.0027957951241441847
1987-11-26,0.0027957169616232846
1987-11-27,0.002795638803454459
1987-11-30,0.008386681949068553
1987-12-01,0.0
1987-12-02,0.0
1987-12-03,0.0
1987-12-04,0.0
1987-12-07,0.0
1987-12-08,0.0
1987-12-09,0.0
1987-12-10,0.0
1987-12-11,0.0
1987-12-14,0.0
1987-12-15,0.0
1987-12-16,0.0
1987-12-17,0.0
1987-12-18,0.0
1987-12-21,0.0
1987-12-22,0.0
1987-12-23,0.0
1987-12-24,0.0
1987-12-25,0.0
1987-12-28,0.0
1987-12-29,0.0
1987-12-30,0.0
1987-12-31,0.0
1988-01-01,0.008964321998439218
1988-01-04,0.02689055543938501
1988-01-05,0.008961108787852723
1988-01-06,0.0089603058451182
1988-01-07,0.008959503046224171
1988-01-08,0.008958700391215046
1988-01-11,0.026873693639872798
1988-01-12,0.008955491208673116
1988-01-13,0.008954689272289151
1988-01-14,0.008953887479479228
1988-01-15,0.008953085830243346
1988-01-18,0.026856852973633494
1988-01-19,0.008949880668263077
1988-01-20,0.008949079736320087
1988-01-21,0.00894827894766248
1988-01-22,0.008947478302379075
1988-01-25,0.026840033400921115
1988-01-26,0.008944277153344338
1988-01-27,0.008943477223932739
1988-01-28,0.008942677437628888
1988-01-29,0.008941877794343966
1988-02-01,0.025092703599405297
1988-02-02,0.008362136247086482
1988-02-03,0.008361437052317733
1988-02-04,0.008360737974477672
1988-02-05,0.008360039013521892
1988-02-08,0.02507802050824015
1988-02-09,0.008357244337964254
1988-02-10,0.008356545960985784
1988-02-11,0.008355847700758368
1988-02-12,0.008355149557193187
1988-02-15,0.025063354590737497
1988-02-16,0.008352358149132932
1988-02-17,0.008351660588523657
1988-02-18,0.008350963144398982
1988-02-19,0.008350265816803315
1988-02-22,0.0250487058168547
1988-02-23,0.008347477670511694
1988-02-24,0.008346780924806119
1988-02-25,0.008346084295451917
1988-02-26,0.00834538778236027
1988-02-29,0.02503407415648251
1988-03-01,0.013904338153514217
1988-03-02,0.013902405116072991
1988-03-03,0.013900472616090731
1988-03-04,0.013898540653212166
1988-03-07,0.04168982768202323
1988-03-08,0.013890818169204344
1988-03-09,0.013888888888868856
1988-03-10,0.013886960144415816
1988-03-11,0.013885031935578773
1988-03-14,0.04164931278634043
1988-03-15,0.013877324451838646
1988-03-16,0.01387539891772871
1988-03-17,0.013873473917858092
1988-03-18,0.013871549452071363
1988-03-21,0.041608876560350616
1988-03-22,0.01386385692498937
1988-03-23,0.013861935126135982
1988-03-24,0.013860013860034215
1988-03-25,0.013858093126373205
1988-03-28,0.04156851877510359
1988-03-29,0.013850415512495218
1988-03-30,0.013848497438018192
1988-03-31,0.01384657989476068
1988-04-01,0.017759360663016643
1988-04-04,0.05326862182237768
1988-04-05,0.01774675382293367
1988-04-06,0.017743604909070676
1988-04-07,0.017740457112447316
1988-04-08,0.017737310432486275
1988-04-11,0.05320249460587512
1988-04-12,0.017724734867496927
1988-04-13,0.0177215937620101
1988-04-14,0.017718453769610676
1988-04-15,0.017715314889721334
1988-04-18,0.05313653136529428
1988-04-19,0.017702770483563057
1988-04-20,0.01769963715747558
1988-04-21,0.017696504940256652
1988-04-22,0.017693373831506598
1988-04-25,0.053070731491566825
1988-04-26,0.017680860468560766
1988-04-27,0.017677734892895813
1988-04-28,0.017674610422124815
1988-04-29,0.01767148705564825
1988-05-02,0.03202391118701797
1988-05-03,0.010671219720426173
1988-05-04,0.010670081092611916
1988-05-05,0.01066894270778107
1988-05-06,0.010667804565822614
1988-05-09,0.031999999999987594
1988-05-10,0.010663254425247182
1988-05-11,0.010662117496540446
1988-05-12,0.010660980810239806
1988-05-13,0.010659844366278648
1988-05-16,0.03197612449370446
1988-05-17,0.010655301012252316
1988-05-18,0.01065416577881173
1988-05-19,0.010653030787244333
1988-05-20,0.010651896037505715
1988-05-23,0.03195228458836574
1988-05-24,0.010647359454840633
1988-05-25,0.010646225912913643
1988-05-26,0.01064509261230473
1988-05-27,0.01064395955294728
1988-05-30,0.03192848020434624
1988-05-31,0.010639429726566618
1988-06-01,0.014184397163141682
1988-06-02,0.014182385477212733
1988-06-03,0.01418037436189401
1988-06-06,0.042535091450446316
1988-06-07,0.014172335600903807
1988-06-08,0.014170327334572796
1988-06-09,0.0141683196372977
1988-06-10,0.014166312508856471
1988-06-13,0.04249291784701459
1988-06-14,0.014158289678589675
1988-06-15,0.014156285390720669
1988-06-16,0.014154281670220037
1988-06-17,0.014152278516821326
1988-06-20,0.04245082779112952
1988-06-21,0.014144271570026845
1988-06-22,0.014142271248762661
1988-06-23,0.014140271493223722
1988-06-24,0.014138272303121369
1988-06-27,0.042408821034767286
1988-06-28,0.014130281192614724
1988-06-29,0.014128284826186999
1988-06-30,0.014126289023885796
1988-07-01,0.014611338398617946
1988-07-04,0.04382761139516411
1988-07-05,0.014602803738306136
1988-07-06,0.014600671630904394
1988-07-07,0.014598540145982497
1988-07-08,0.014596409283340606
1988-07-11,0.04378283712784814
1988-07-12,0.014587892049600093
1988-07-13,0.014585764294050563
1988-07-14,0.014583637159115703
1988-07-15,0.014581510644484652
1988-07-18,0.04373815424989491
1988-07-19,0.014573010784024731
1988-07-20,0.014570887367026941
1988-07-21,0.014568764568778647
1988-07-22,0.014566642388946782
1988-07-25,0.043693562481772474
1988-07-26,0.01455815984858777
1988-07-27,0.014556040756930066
1988-07-28,0.014553922282023457
1988-07-29,0.01455180442375692
1988-08-01,0.03835826620637306
1988-08-02,0.01278118609406853
1988-08-03,0.012779552715658227
1988-08-04,0.012777919754669576
1988-08-05,0.012776287210924941
1988-08-08,0.03832396525296211
1988-08-09,0.012769761205477792
1988-08-10,0.012768130745666184
1988-08-11,0.012766500702143802
1988-08-12,0.012764871074799622
1988-08-15,0.038289725590301416
1988-08-16,0.01275835672365222
1988-08-17,0.012756729174623338
1988-08-18,0.012755102040817867
1988-08-19,0.012753475322013763
1988-08-22,0.03825554705434442
1988-08-23,0.01274697259401325
1988-08-24,0.012745347948017738
1988-08-25,0.0127437237160688
1988-08-26,0.012742099898055415
1988-08-29,0.03822142948144425
1988-08-30,0.012735608762115547
1988-08-31,0.012733987011337433
1988-09-01,0.022408963585451858
1988-09-02,0.022403943093962653
1988-09-05,0.06719677455482298
1988-09-06,0.022383883603804833
1988-09-07,0.022378874342643407
1988-09-08,0.022373867322955654
1988-09-09,0.02236886254332049
1988-09-12,0.06709158000670623
1988-09-13,0.022348865795063233
1988-09-14,0.022343872193042458
1988-09-15,0.022338880822081464
1988-09-16,0.02233389168062594
1988-09-19,0.06698671430165337
1988-09-20,0.0223139573803266
1988-09-21,0.022308979364216164
1988-09-22,0.022304003568640596
1988-09-23,0.02229902999217881
1988-09-26,0.06688217590011813
1988-09-27,0.02227915784784873
1988-09-28,0.022274195344706982
1988-09-29,0.022269235051752823
1988-09-30,0.022264276967609575
1988-10-03,0.03231191771231323
1988-10-04,0.010767160161506695
1988-10-05,0.01076600096892033
1988-10-06,0.010764842025978716
1988-10-07,0.010763683332437601
1988-10-10,0.03228757466502419
1988-10-11,0.010759051051678625
1988-10-12,0.01075789360442947
1988-10-13,0.010756736406181133
1988-10-14,0.010755579456822595
1988-10-17,0.03226326826906156
1988-10-18,0.010750954147176195
1988-10-19,0.010749798441289649
1988-10-20,0.010748642983826606
1988-10-21,0.010747487774720454
1988-10-24,0.03223899844178035
1988-10-25,0.010742869420421464
1988-10-26,0.010741715451989542
1988-10-27,0.0107405617313594
1988-10-28,0.01073940825859765
1988-10-31,0.032214765100668785
1988-11-01,0.002773155851354403
1988-11-02,0.0027730789495583608
1988-11-03,0.002773002052025575
1988-11-04,0.0027729251587560455
1988-11-07,0.008318544809204909
1988-11-08,0.0027726176283326964
1988-11-09,0.0027725407563572446
1988-11-10,0.0027724638886450492
1988-11-11,0.002772387025240519
1988-11-14,0.008316930498208919
1988-11-15,0.0027720796141217363
1988-11-16,0.0027720027719890794
1988-11-17,0.0027719259341418834
1988-11-18,0.0027718491005357393
1988-11-21,0.00831531681355635
1988-11-22,0.002771541808699318
1988-11-23,0.002771464996409456
1988-11-24,0.0027713881883384417
1988-11-25,0.0027713113845306836
1988-11-28,0.008313703755047364
1988-11-29,0.0027710042119322154
1988-11-30,0.0027709274293963304
1988-12-01,0.005541701302291813
1988-12-02,0.005541394214780837
1988-12-05,0.016623261483905694
1988-12-06,0.005540166204998087
1988-12-07,0.005539859287573279
1988-12-08,0.005539552404165704
1988-12-09,0.005539245554753158
1988-12-12,0.016616816218006925
1988-12-13,0.005538018497008856
1988-12-14,0.005537711817438229
1988-12-15,0.005537405171951448
1988-12-16,0.005537098560370879
1988-12-19,0.016610375948156175
1988-12-20,0.005535872453510393
1988-12-21,0.005535566011616311
1988-12-22,0.005535259603695053
1988-12-23,0.005534953229613393
1988-12-26,0.016603940668580286
1988-12-27,0.005533728072615318
1988-12-28,0.0055334218680869185
1988-12-29,0.00553311569746473
1988-12-30,0.005532809560682139
1989-01-02,0.04668049792531104
1989-01-03,0.015552905801241579
1989-01-04,0.015550487248594536
1989-01-05,0.015548069448034774
1989-01-06,0.015545652399207022
1989-01-09,0.046629708305268025
1989-01-10,0.01553599171413289
1989-01-11,0.015533578418680527
1989-01-12,0.01553116587285075
1989-01-13,0.015528754076288287
1989-01-16,0.04657902908600242
1989-01-17,0.015519114375872611
1989-01-18,0.015516706320473084
1989-01-19,0.015514299012253652
1989-01-20,0.015511892450881248
1989-01-23,0.0465284599079796
1989-01-24,0.015502273666800903
1989-01-25,0.015499870834401186
1989-01-26,0.015497468746761278
1989-01-27,0.015495067403548113
1989-01-30,0.04647800041313044
1989-01-31,0.01548546946781304
1989-02-01,0.01474578270612703
1989-02-02,0.014743608645662043
1989-02-03,0.014741435226128807
1989-02-06,0.04421778734191584
1989-02-07,0.014732747952139746
1989-02-08,0.014730577733246264
1989-02-09,0.014728408153663608
1989-02-10,0.014726239213036507
1989-02-13,0.04417221273338434
1989-02-14,0.014717569834865607
1989-02-15,0.01471540408497507
1989-02-16,0.014713238972441367
1989-02-17,0.014711074496887022
1989-02-20,0.044126731974225564
1989-02-21,0.014702422959289585
1989-02-22,0.014700261664635228
1989-02-23,0.014698101005361508
1989-02-24,0.01469594098109095
1989-02-27,0.04408134477489334
1989-02-28,0.01468730722908873
1989-03-01,0.018569609507634866
1989-03-02,0.018566161843902584
1989-03-03,0.018562715460079815
1989-03-06,0.0556778110666345
1989-03-07,0.018548942710250316
1989-03-08,0.018545502715605622
1989-03-09,0.01854206399658498
1989-03-10,0.018538626552633275
1989-03-13,0.055605571148631405
1989-03-14,0.018524889512283593
1989-03-15,0.01852145843255215
1989-03-16,0.018518028623581984
1989-03-17,0.018514600084640342
1989-03-20,0.055533518445050056
1989-03-21,0.018500898615081418
1989-03-22,0.018497476415713088
1989-03-23,0.01849405548217664
1989-03-24,0.018490635813717127
1989-03-27,0.055461652229027436
1989-03-28,0.018476969776948238
1989-03-29,0.0184735564235039
1989-03-30,0.018470144331006466
1989-03-31,0.018466733498656573
1989-04-03,0.07008527041234558
1989-04-04,0.023345395120810686
1989-04-05,0.02333994631811276
1989-04-06,0.02333450005833626
1989-04-07,0.023329056339660426
1989-04-10,0.06997084548103771
1989-04-11,0.023307306840703035
1989-04-12,0.023301875800996186
1989-04-13,0.023296447291776268
1989-04-14,0.02329102131128913
1989-04-17,0.06985679357316421
1989-04-18,0.02326934264107461
1989-04-19,0.02326392927765042
1989-04-20,0.02325851843236748
1989-04-21,0.023253110103493846
1989-04-24,0.06974311286760404
1989-04-25,0.023231501916587405
1989-04-26,0.023226106143314773
1989-04-27,0.023220712875859917
1989-04-28,0.02321532211260191
1989-05-01,0.05169485266967033
1989-05-02,0.017222714299780506
1989-05-03,0.017219748591679185
1989-05-04,0.017216783904761
1989-05-05,0.01721382023853746
1989-05-08,0.051632572777338126
1989-05-09,0.017201975769776112
1989-05-10,0.017199017199032163
1989-05-11,0.017196059645763206
1989-05-12,0.017193103109480745
1989-05-15,0.05157044276908884
1989-05-16,0.01718128712386857
1989-05-17,0.01717833566468041
1989-05-18,0.017175385219347916
1989-05-19,0.01717243578738259
1989-05-22,0.05150846210448812
1989-05-23,0.017160648182201754
1989-05-24,0.017157703808989844
1989-05-25,0.017154760446036477
1989-05-26,0.017151818092719928
1989-05-29,0.051446630245721714
1989-05-30,0.01714005876591873
1989-05-31,0.017137121453214554
1989-06-01,0.008077544426488004
1989-06-02,0.008076892011943393
1989-06-05,0.024228719108387864
1989-06-06,0.008074283407344396
1989-06-07,0.008073631519467384
1989-06-08,0.00807297973681731
1989-06-09,0.008072328059416378
1989-06-12,0.024215029461616133
1989-06-13,0.008069722401549129
1989-06-14,0.008069071249883208
1989-06-15,0.008068420203333204
1989-06-16,0.008067769261788094
1989-06-19,0.02420135527589906
1989-06-20,0.008065166545700997
1989-06-21,0.008064516129047128
1989-06-22,0.008063865817264926
1989-06-23,0.0080632156103988
1989-06-26,0.024187696525035385
1989-06-27,0.008060615831051443
1989-06-28,0.008059966148143971
1989-06-29,0.008059316569952735
1989-06-30,0.00805866709645553
1989-07-03,0.023394245015739834
1989-07-04,0.007796257796255368
1989-07-05,0.007795650027286882
1989-07-06,0.007795042353064829
1989-07-07,0.007794434773567005
1989-07-10,0.023381481866358023
1989-07-11,0.0077920054024627206
1989-07-12,0.0077913982962973805
1989-07-13,0.007790791284678633
1989-07-14,0.007790184367695296
1989-07-17,0.02336873263573125
1989-07-18,0.007787757644983628
1989-07-19,0.007787151200511211
1989-07-20,0.007786544850518773
1989-07-21,0.007785938594895292
1989-07-24,0.023355997301077736
1989-07-25,0.00778351451624637
1989-07-26,0.007782908732423266
1989-07-27,0.007782303042880301
1989-07-28,0.0077816974475952705
1989-07-31,0.02334327583972673
1989-08-01,0.005186184005823158
1989-08-02,0.005185915054717327
1989-08-03,0.005185646131500299
1989-08-04,0.005185377236194277
1989-08-07,0.01555532510630897
1989-08-08,0.0051843019337249885
1989-08-09,0.0051840331778407744
1989-08-10,0.0051837644497343405
1989-08-11,0.005183495749538913
1989-08-14,0.015549681231541435
1989-08-15,0.005182421227223344
1989-08-16,0.005182152666183271
1989-08-17,0.005181884133098613
1989-08-18,0.005181615627747327
1989-08-21,0.015544041450765711
1989-08-22,0.005180541884675094
1989-08-23,0.005180273518456957
1989-08-24,0.005180005179972191
1989-08-25,0.005179736869376228
1989-08-28,0.015538405759563112
1989-08-29,0.005178663904703562
1989-08-30,0.005178395732996499
1989-08-31,0.005178127589067216
1989-09-01,0.0110699064592934
1989-09-04,0.03320604349992262
1989-09-05,0.011065006915633724
1989-09-06,0.01106378270729902
1989-09-07,0.011062558769836528
1989-09-08,0.011061335103157433
1989-09-11,0.03318033512138552
1989-09-12,0.011056443142254402
1989-09-13,0.01105522082802679
1989-09-14,0.011053998784071872
1989-09-15,0.011052777010234216
1989-09-18,0.03315466651931942
1989-09-19,0.011047892614479693
1989-09-20,0.0110466721900071
1989-09-21,0.011045452035118863
1989-09-22,0.011044232149748368
1989-09-25,0.033129037601464795
1989-09-26,0.011039355301645237
1989-09-27,0.011038136762508977
1989-09-28,0.01103691849235755
1989-09-29,0.01103570049110214
1989-10-02,0.045000000000006146
1989-10-03,0.01499325303613297
1989-10-04,0.014991005396769452
1989-10-05,0.014988758431178084
1989-10-06,0.014986512139070207
1989-10-09,0.04495279956047149
1989-10-10,0.014977533699456202
1989-10-11,0.014975290770236072
1989-10-12,0.014973048512678666
1989-10-13,0.014970806926495328
1989-10-16,0.044905698034125585
1989-10-17,0.014961847289418628
1989-10-18,0.014959609055553713
1989-10-19,0.0149573714912421
1989-10-20,0.014955134596217334
1989-10-23,0.044858695110416846
1989-10-24,0.014946193702658483
1989-10-25,0.014943960149427227
1989-10-26,0.014941727263662052
1989-10-27,0.014939495045074302
1989-10-30,0.044811790479970526
1989-10-31,0.014930572836302503
1989-11-01,0.007961783439491832
1989-11-02,0.007961149590007821
1989-11-03,0.007960515841420879
1989-11-06,0.023879646581237424
1989-11-07,0.007957981855799545
1989-11-08,0.007957348611453696
1989-11-09,0.007956715467849484
1989-11-10,0.007956082425009114
1989-11-13,0.023866348448686736
1989-11-14,0.007953551260619918
1989-11-15,0.007952918721176871
1989-11-16,0.007952286282320031
1989-11-17,0.007951653944004988
1989-11-20,0.023853065118872863
1989-11-21,0.007949125596184992
1989-11-22,0.007948493760423503
1989-11-23,0.007947862025114993
1989-11-24,0.007947230390215054
1989-11-27,0.023839796567060034
1989-11-28,0.007944704854212503
1989-11-29,0.007944073721000144
1989-11-30,0.00794344268806313
1989-12-01,0.005477801210607147
1989-12-04,0.016432503491903283
1989-12-05,0.005476601221254818
1989-12-06,0.005476301306117648
1989-12-07,0.0054760014237320576
1989-12-08,0.0054757015742978865
1989-12-11,0.016426205272801475
1989-12-12,0.005474502504565493
1989-12-13,0.005474202819244489
1989-12-14,0.005473903166630656
1989-12-15,0.005473603546923833
1989-12-18,0.016419911879794746
1989-12-19,0.00547240539578997
1989-12-20,0.00547210593997427
1989-12-21,0.005471806516910149
1989-12-22,0.005471507126664221
1989-12-25,0.01641362330733198
1989-12-26,0.0054703098930630745
1989-12-27,0.005470010666530634
1989-12-28,0.005469711472705363
1989-12-29,0.005469412311653876
1990-01-01,0.09372071227742307
1990-01-02,0.03121098626717167
1990-01-03,0.031201248049916863
1990-01-04,0.03119151590766922
1990-01-05,0.031181789834722196
1990-01-08,0.09351620947630757
1990-01-09,0.03114294612267532
1990-01-10,0.03113325031134373
1990-01-11,0.03112356053531773
1990-01-12,0.031113876789068406
1990-01-15,0.09331259720062324
1990-01-16,0.031075201988839396
1990-01-17,0.031065548306918878
1990-01-18,0.03105590062113528
1990-01-19,0.031046258925782055
1990-01-22,0.09310986964619072
1990-01-23,0.031007751937983663
1990-01-24,0.030998140111582195
1990-01-25,0.030988534242326615
1990-01-26,0.030978934324665808
1990-01-29,0.09290802105914597
1990-01-30,0.030940594059414295
1990-01-31,0.030931023816904712
1990-02-01,0.01681991477910927
1990-02-02,0.016817086159548467
1990-02-05,0.050442775473613644
1990-02-06,0.016805781188722335
1990-02-07,0.01680295732047199
1990-02-08,0.01680013440106265
1990-02-09,0.016797312430028022
1990-02-12,0.05038347422046119
1990-02-13,0.016786034019711238
1990-02-14,0.016783216783200494
1990-02-15,0.01678040049222229
1990-02-16,0.016777585146265928
1990-02-19,0.050324312234395485
1990-02-20,0.016766333202933303
1990-02-21,0.016763522574869683
1990-02-22,0.01676071288898573
1990-02-23,0.016757904144792946
1990-02-26,0.0502652890254085
1990-02-27,0.016746678575429996
1990-02-28,0.016743874532565428
1990-03-01,0.018229166666672292
1990-03-02,0.018225844247132805
1990-03-05,0.0546675691154519
1990-03-06,0.018212566670983144
1990-03-07,0.01820925029916154
1990-03-08,0.018205935134862905
1990-03-09,0.018202621177465517
1990-03-12,0.05459792527884311
1990-03-13,0.018189377403610152
1990-03-14,0.018186069470771393
1990-03-15,0.018182762740925895
1990-03-16,0.01817945721334091
1990-03-19,0.054528458662250756
1990-03-20,0.018166247112860745
1990-03-21,0.018162947586897182
1990-03-22,0.01815964925935276
1990-03-23,0.018156352129494735
1990-03-26,0.05445916858999311
1990-03-27,0.018143175574136805
1990-03-28,0.018139884423029606
1990-03-29,0.01813659446572302
1990-03-30,0.018133305701639735
1990-04-02,0.015038724716154306
1990-04-03,0.005012154474592911
1990-04-04,0.005011903270268903
1990-04-05,0.0050116520911025475
1990-04-06,0.005011400937182664
1990-04-09,0.015033449424928236
1990-04-10,0.005010396572879827
1990-04-11,0.005010145544748212
1990-04-12,0.005009894541707638
1990-04-13,0.005009643563846922
1990-04-16,0.015028177833453782
1990-04-17,0.005008639903825163
1990-04-18,0.005008389051663897
1990-04-19,0.005008138224638081
1990-04-20,0.005007887422681101
1990-04-23,0.015022909937645323
1990-04-24,0.005006884466163264
1990-04-25,0.005006633789772508
1990-04-26,0.005006383138494996
1990-04-27,0.00500613251233073
1990-04-30,0.015017645733750307
1990-05-01,0.007507695387776181
1990-05-02,0.007507131775197351
1990-05-03,0.0075065682472175155
1990-05-04,0.0075060048038366745
1990-05-07,0.02251632433514228
1990-05-08,0.007503751875925779
1990-05-09,0.007503188855273457
1990-05-10,0.007502625919064698
1990-05-11,0.0075020630673439115
1990-05-14,0.02250450090017786
1990-05-15,0.0074998125046743525
1990-05-16,0.007499250075015951
1990-05-17,0.007498687729645681
1990-05-18,0.007498125468630157
1990-05-21,0.02249268987579711
1990-05-22,0.007495877267493789
1990-05-23,0.007495315427874516
1990-05-24,0.007494753672432353
1990-05-25,0.007494192001189504
1990-05-28,0.022480891242437906
1990-05-29,0.007491946157878182
1990-05-30,0.00749138490736545
1990-05-31,0.007490823740918806
1990-06-01,0.01868260915982578
1990-06-04,0.05603735823882516
1990-06-05,0.018668657990184023
1990-06-06,0.01866517345279206
1990-06-07,0.018661690215937554
1990-06-08,0.01865820827890996
1990-06-11,0.055964182922929595
1990-06-12,0.018644293514458177
1990-06-13,0.018640818065618348
1990-06-14,0.018637343912253357
1990-06-15,0.01863387105358605
1990-06-18,0.0558911984670063
1990-06-19,0.01861999255201585
1990-06-20,0.018616526156223223
1990-06-21,0.018613061050820612
1990-06-22,0.018609597235141884
1990-06-25,0.05581840412525185
1990-06-26,0.018595754854833224
1990-06-27,0.018592297476738295
1990-06-28,0.01858884138408179
1990-06-29,0.01858538657604214
1990-07-02,0.03608545034641253
1990-07-03,0.01202414448211453
1990-07-04,0.012022698855429503
1990-07-05,0.012021253576333102
1990-07-06,0.01201980864464769
1990-07-09,0.03605509218085334
1990-07-10,0.01201403238983989
1990-07-11,0.012012589193477474
1990-07-12,0.012011146343815504
1990-07-13,0.012009703840698549
1990-07-16,0.03602478505211337
1990-07-17,0.012003937291438227
1990-07-18,0.01200249651926999
1990-07-19,0.012001056092936224
1990-07-20,0.0119996160122815
1990-07-23,0.03599452883160659
1990-07-24,0.011993859144121544
1990-07-25,0.011992420790063463
1990-07-26,0.011990982780951676
1990-07-27,0.011989545116652955
1990-07-30,0.035964323391191044
1990-07-31,0.011983797905235072
1990-08-01,0.02968533544429608
1990-08-02,0.029676525868027603
1990-08-03,0.02966772151899999
1990-08-06,0.08897676717745107
1990-08-07,0.029632556301883994
1990-08-08,0.02962377801916105
1990-08-09,0.029615004935834577
1990-08-10,0.02960623704726384
1990-08-13,0.08879242304657975
1990-08-14,0.029571217348434153
1990-08-15,0.02956247536460843
1990-08-16,0.029553738547938302
1990-08-17,0.02954500689382744
1990-08-20,0.08860884119328283
1990-08-21,0.029510131811916196
1990-08-22,0.02950142590225635
1990-08-23,0.02949272512779988
1990-08-24,0.02948402948401707
1990-08-27,0.08842601689920127
1990-08-28,0.029449298125050483
1990-08-29,0.029440628066756958
1990-08-30,0.029431963111936632
1990-08-31,0.02942330325617082
1990-09-03,0.08955709943552215
1990-09-04,0.029825655486570568
1990-09-05,0.0298167624417367
1990-09-06,0.029807874698528636
1990-09-07,0.029798992252261236
1990-09-10,0.08937034529450383
1990-09-11,0.02976351534174082
1990-09-12,0.02975465930914467
1990-09-13,0.029745808545156294
1990-09-14,0.029736963045090548
1990-09-17,0.08918436841252042
1990-09-18,0.02970163358984035
1990-09-19,0.029692814338933005
1990-09-20,0.02968400032381524
1990-09-21,0.02967519153986853
1990-09-24,0.08899916394726759
1990-09-25,0.02964000862255567
1990-09-26,0.029631225924631188
1990-09-27,0.02962244843001116
1990-09-28,0.02961367613407706
1990-10-01,0.05480578201000341
1990-10-02,0.018258587241826163
1990-10-03,0.01825525409031581
1990-10-04,0.01825192215556548
1990-10-05,0.018248591436842432
1990-10-08,0.05473578580064142
1990-10-09,0.01823528070936664
1990-10-10,0.018231956060965615
1990-10-11,0.018228632624706087
1990-10-12,0.018225310399833106
1990-10-15,0.054665968157063816
1990-10-16,0.018212033601217037
1990-10-17,0.018208717423462417
1990-10-18,0.01820540245318636
1990-10-19,0.01820208868967832
1990-10-22,0.054596328396905314
1990-10-23,0.01818884569038115
1990-10-24,0.018185537950921038
1990-10-25,0.01818223141436537
1990-10-26,0.018178926079936986
1990-10-29,0.05452686584117572
1990-10-30,0.018165716751061822
1990-10-31,0.018162417417766363
1990-11-01,0.007490636704110543
1990-11-02,0.007490075649774219
1990-11-05,0.02246854403835652
1990-11-06,0.0074878322725568935
1990-11-07,0.0074872716382179405
1990-11-08,0.007486711087834053
1990-11-09,0.007486150621338616
1990-11-12,0.02245677071637253
1990-11-13,0.007483909594374616
1990-11-14,0.007483349547254825
1990-11-15,0.007482789583979077
1990-11-16,0.0074822297044363495
1990-11-19,0.022445009726168585
1990-11-20,0.007479991024017529
1990-11-21,0.007479431563184313
1990-11-22,0.007478872186061913
1990-11-23,0.007478312892628125
1990-11-26,0.02243326104838239
1990-11-27,0.007476076555024136
1990-11-28,0.007475517679589316
1990-11-29,0.007474958887732086
1990-11-30,0.007474400179385832
1990-12-03,0.0
1990-12-04,0.0
1990-12-05,0.0
1990-12-06,0.0
1990-12-07,0.0
1990-12-10,0.0
1990-12-11,0.0
1990-12-12,0.0
1990-12-13,0.0
1990-12-14,0.0
1990-12-17,0.0
1990-12-18,0.0
1990-12-19,0.0
1990-12-20,0.0
1990-12-21,0.0
1990-12-24,0.0
1990-12-25,0.0
1990-12-26,0.0
1990-12-27,0.0
1990-12-28,0.0
1990-12-31,0.0
1991-01-01,0.019287333044037958
1991-01-02,0.019283613749210282
1991-01-03,0.019279895888546505
1991-01-04,0.019276179461225063
1991-01-07,0.05781739339918435
1991-01-08,0.01926132806855385
1991-01-09,0.019257618795442966
1991-01-10,0.019253910950656206
1991-01-11,0.019250204533416415
1991-01-14,0.05773949862868388
1991-01-15,0.019235393123340216
1991-01-16,0.019231693831445185
1991-01-17,0.019227995962123323
1991-01-18,0.019224299514597476
1991-01-21,0.05766181346402721
1991-01-22,0.019209527925845293
1991-01-23,0.019205838574953837
1991-01-24,0.019202150640862392
1991-01-25,0.019198464122860415
1991-01-28,0.05758433706033461
1991-01-29,0.019183732195071634
1991-01-30,0.019180052745149112
1991-01-31,0.019176374706364463
1991-02-01,0.00530672893228612
1991-02-04,0.015919342000536574
1991-02-05,0.005305602716454416
1991-02-06,0.0053053212372145
1991-02-07,0.005305039787795174
1991-02-08,0.005304758368240847
1991-02-11,0.015913430935721173
1991-02-12,0.005303632988606921
1991-02-13,0.0053033517182887735
1991-02-14,0.005303070477813421
1991-02-15,0.005302789267136454
1991-02-18,0.01590752425897346
1991-02-19,0.005301664722723309
1991-02-20,0.005301383661149295
1991-02-21,0.005301102629329257
1991-02-22,0.005300821627352015
1991-02-25,0.015901621965430657
1991-02-26,0.005299697917227064
1991-02-27,0.005299417064108525
1991-02-28,0.005299136240810576
1991-03-01,0.0051161362938811905
1991-03-04,0.015347623676276179
1991-03-05,0.005115089514062809
1991-03-06,0.005114827886032458
1991-03-07,0.005114566284780686
1991-03-08,0.0051143047102630845
1991-03-11,0.015342129487572187
1991-03-12,0.005113258679756427
1991-03-13,0.005112997238976291
1991-03-14,0.005112735824930326
1991-03-15,0.0051124744376185305
1991-03-18,0.015336639231122717
1991-03-19,0.005111429155602032
1991-03-20,0.005111167901872271
1991-03-21,0.005110906674854476
1991-03-22,0.0051106454745042385
1991-03-25,0.015331152902708922
1991-03-26,0.005109600940178538
1991-03-27,0.005109339873299312
1991-03-28,0.0051090788330876435
1991-03-29,0.005108817819565736
1991-04-01,0.01388888888889106
1991-04-02,0.004628986714805272
1991-04-03,0.004628772449533081
1991-04-04,0.004628558204111677
1991-04-05,0.004628343978518856
1991-04-08,0.013884389318286061
1991-04-09,0.004627487274411202
1991-04-10,0.004627273147939093
1991-04-11,0.0046270590412733625
1991-04-12,0.004626844954436216
1991-04-15,0.013879892662149729
1991-04-16,0.004625988805107006
1991-04-17,0.004625774817301753
1991-04-18,0.00462556084925847
1991-04-19,0.004625346901021565
1991-04-22,0.01387539891772871
1991-04-23,0.004624491305960099
1991-04-24,0.004624277456644066
1991-04-25,0.004624063627112207
1991-04-26,0.004623849817364523
1991-04-29,0.01387090808211422
1991-04-30,0.0046229947760156875
1991-05-01,0.009543806069856053
1991-05-02,0.009542895314451627
1991-05-03,0.009541984732819309
1991-05-06,0.028623222974921703
1991-05-07,0.009538344143456001
1991-05-08,0.00953743443012911
1991-05-09,0.009536524890352283
1991-05-10,0.009535615523970087
1991-05-13,0.028604118993125205
1991-05-14,0.009531979792209988
1991-05-15,0.009531071292401272
1991-05-16,0.009530162965809552
1991-05-17,0.009529254812257193
1991-05-20,0.028585040495454628
1991-05-21,0.009525623928374749
1991-05-22,0.009524716639663922
1991-05-23,0.009523809523814819
1991-05-24,0.009522902580694215
1991-05-27,0.028565987430950734
1991-05-28,0.009519276534986076
1991-05-29,0.009518370454975056
1991-05-30,0.009517464547448284
1991-05-31,0.009516558812316944
1991-06-03,0.03160556257901792
1991-06-04,0.010531858873075173
1991-06-05,0.010530749789405824
1991-06-06,0.010529640939238583
1991-06-07,0.010528532322595652
1991-06-10,0.03158227181809803
1991-06-11,0.010524100189446273
1991-06-12,0.010522992739137038
1991-06-13,0.010521885521885821
1991-06-14,0.010520778537603803
1991-06-17,0.031559015358717524
1991-06-18,0.010516352928813255
1991-06-19,0.01051524710831142
1991-06-20,0.010514141520334697
1991-06-21,0.010513036164860878
1991-06-24,0.031535793125203604
1991-06-25,0.010508617065996262
1991-06-26,0.010507512871704705
1991-06-27,0.01050640890944976
1991-06-28,0.010505305179098201
1991-07-01,0.013368983957229297
1991-07-02,0.004455732299590842
1991-07-03,0.00445553377295127
1991-07-04,0.004455335263964244
1991-07-05,0.0044551367726963775
1991-07-08,0.013364814897331989
1991-07-09,0.004454342984416826
1991-07-10,0.004454144581522712
1991-07-11,0.004453946196325553
1991-07-12,0.00445374782882535
1991-07-15,0.013360648436799849
1991-07-16,0.004452954535327791
1991-07-17,0.004452756256112522
1991-07-18,0.004452557994594208
1991-07-19,0.004452359750661827
1991-07-22,0.013356484573257
1991-07-23,0.004451566951590991
1991-07-24,0.0044513687958991355
1991-07-25,0.004451170657882031
1991-07-26,0.004450972537495268
1991-07-29,0.013352323304260949
1991-07-30,0.0044501802322960415
1991-07-31,0.004449982200060987
1991-08-01,0.009789525208026006
1991-08-02,0.00978856695381669
1991-08-05,0.029362826661438746
1991-08-06,0.009784735812146117
1991-08-07,0.009783778495253692
1991-08-08,0.009782821365678096
1991-08-09,0.00978186442337492
1991-08-12,0.029342723004699423
1991-08-13,0.009778038525443122
1991-08-14,0.009777082518591662
1991-08-15,0.009776126698612941
1991-08-16,0.009775171065484756
1991-08-19,0.029322646857576906
1991-08-20,0.009771350400633594
1991-08-21,0.009770395701025336
1991-08-22,0.009769441187978956
1991-08-23,0.00976848686138343
1991-08-26,0.02930259816369407
1991-08-27,0.009764671418821536
1991-08-28,0.00976371802381415
1991-08-29,0.00976276481501337
1991-08-30,0.009761811792263764
1991-09-02,0.042506966419497694
1991-09-03,0.014162968558206757
1991-09-04,0.01416096294548641
1991-09-05,0.014158957900711755
1991-09-06,0.014156953423616336
1991-09-09,0.04246484854204535
1991-09-10,0.01414894118758614
1991-09-11,0.014146939545400805
1991-09-12,0.014144938469518031
1991-09-13,0.01414293795964916
1991-09-16,0.042422814046649826
1991-09-17,0.014134941575583149
1991-09-18,0.014132943892231076
1991-09-19,0.01413094677342741
1991-09-20,0.014128950219016723
1991-09-23,0.04238086268599783
1991-09-24,0.014120969639908054
1991-09-25,0.014118975903620878
1991-09-26,0.01411698273023898
1991-09-27,0.014114990119495907
1991-09-30,0.04233899421366427
1991-10-01,0.004702341766193996
1991-10-02,0.004702120656419062
1991-10-03,0.004701899567449708
1991-10-04,0.0047016784992193195
1991-10-07,0.014104372355450145
1991-10-08,0.004700794434242539
1991-10-09,0.00470057346995123
1991-10-10,0.004700352526443297
1991-10-11,0.004700131603674329
1991-10-14,0.014099732105088414
1991-10-15,0.004699248120298982
1991-10-16,0.004699027301358072
1991-10-17,0.004698806503133923
1991-10-18,0.00469858572569315
1991-10-21,0.014095094906974026
1991-10-22,0.004697702823319716
1991-10-23,0.004697482149573773
1991-10-24,0.004697261496544591
1991-10-25,0.00469704086427658
1991-10-28,0.014090460758064971
1991-10-29,0.004696158542327744
1991-10-30,0.004695938013643541
1991-10-31,0.004695717505609487
1991-11-01,0.010038648797872085
1991-11-04,0.03011292346299932
1991-11-05,0.010034619437049308
1991-11-06,0.010033612602211583
1991-11-07,0.010032605969412245
1991-11-08,0.01003159953854027
1991-11-11,0.030091779928786977
1991-11-12,0.010027575833548852
1991-11-13,0.010026570411603153
1991-11-14,0.010025565191229546
1991-11-15,0.010024560172405828
1991-11-18,0.030070666065262763
1991-11-19,0.010020542111321973
1991-11-20,0.010019538099292902
1991-11-21,0.010018534288436243
1991-11-22,0.010017530678685382
1991-11-25,0.03004958180996553
1991-11-26,0.010013518249629705
1991-11-27,0.010012515644586273
1991-11-28,0.010011513240226755
1991-11-29,0.01001051103659556
1991-12-02,0.006803338171268436
1991-12-03,0.0022676251161923844
1991-12-04,0.0022675736961463855
1991-12-05,0.0022675222784096505
1991-12-06,0.0022674708629821794
1991-12-09,0.006802258349769552
1991-12-10,0.0022672652246980007
1991-12-11,0.0022672138209278714
1991-12-12,0.0022671624195336193
1991-12-13,0.002267111020404222
1991-12-16,0.00680117887101872
1991-12-17,0.002266905447378953
1991-12-18,0.002266854059929102
1991-12-19,0.002266802674832924
1991-12-20,0.0022667512920460098
1991-12-23,0.006800099734793896
1991-12-24,0.002266545784235241
1991-12-25,0.002266494413083464
1991-12-26,0.00226644304428536
1991-12-27,0.0022663916778187243
1991-12-30,0.006799020940961853
1991-12-31,0.0022661862352002515
1992-01-01,0.0046784720110659705
1992-01-02,0.004678253140255606
1992-01-03,0.004678034290006572
1992-01-06,0.01403344638053472
1992-01-07,0.0046771590935579255
1992-01-08,0.00467694034564925
1992-01-09,0.004676721618146473
1992-01-10,0.004676502911116209
1992-01-13,0.014028852673675374
1992-01-14,0.004675628287542644
1992-01-15,0.00467540968276392
1992-01-16,0.004675191098435505
1992-01-17,0.004674972534535193
1992-01-20,0.01402426197321116
1992-01-21,0.004674098483259392
1992-01-22,0.004673880021499599
1992-01-23,0.004673661580167909
1992-01-24,0.004673443159264323
1992-01-27,0.014019674276211092
1992-01-28,0.004672569679686767
1992-01-29,0.004672351360834881
1992-01-30,0.004672133062322281
1992-01-31,0.004671914784282194
1992-02-03,0.03879176580117161
1992-02-04,0.012925574541799989
1992-02-05,0.012923904052941637
1992-02-06,0.01292223399580461
1992-02-07,0.012920564370255683
1992-02-10,0.03875668552824063
1992-02-11,0.012913890180299425
1992-02-12,0.01291222271000425
1992-02-13,0.012910555670320178
1992-02-14,0.01290888906100296
1992-02-17,0.0387216686457581
1992-02-18,0.01290222692438281
1992-02-19,0.01290056246452398
1992-02-20,0.01289889843407721
1992-02-21,0.012897234832842663
1992-02-24,0.03868671498206133
1992-02-25,0.012890584716940268
1992-02-26,0.01288892325934654
1992-02-27,0.012887262230010244
1992-02-28,0.012885601628731536
1992-03-02,0.047348484848486194
1992-03-03,0.015775358889413837
1992-03-04,0.01577287066245603
1992-03-05,0.015770383220314876
1992-03-06,0.015767896562612904
1992-03-09,0.04729623206682909
1992-03-10,0.015757957768669506
1992-03-11,0.015755475027590116
1992-03-12,0.01575299306868505
1992-03-13,0.01575051189164345
1992-03-16,0.047244094488196886
1992-03-17,0.015740594994495538
1992-03-18,0.015738117721109113
1992-03-19,0.015735641227365704
1992-03-20,0.01573316551291004
1992-03-23,0.04719207173193851
1992-03-24,0.01572327044023769
1992-03-25,0.015720798616580822
1992-03-26,0.015718327569946844
1992-03-27,0.01571585730000269
1992-03-30,0.04714016341924587
1992-03-31,0.01570598397988565
1992-04-01,0.004785833931553185
1992-04-02,0.004785604900447993
1992-04-03,0.004785375891303012
1992-04-06,0.014355440712021661
1992-04-07,0.004784460073681274
1992-04-08,0.0047842311740708965
1992-04-09,0.004784002296309708
1992-04-10,0.004783773440486527
1992-04-13,0.014350633819670833
1992-04-14,0.004782858236107579
1992-04-15,0.00478262948966357
1992-04-16,0.004782400765179773
1992-04-17,0.004782172062545165
1992-04-20,0.014345830145368055
1992-04-21,0.004781257470720668
1992-04-22,0.004781028877420823
1992-04-23,0.004780800305992372
1992-04-24,0.004780571756368701
1992-04-27,0.014341029685915885
1992-04-28,0.00477965777652134
1992-04-29,0.004779429336143615
1992-04-30,0.004779200917592874
1992-05-01,0.004943764676812457
1992-05-04,0.014830560842371554
1992-05-05,0.004942787237727231
1992-05-06,0.004942542938346506
1992-05-07,0.004942298663102029
1992-05-08,0.0049420544119938015
1992-05-11,0.014825430555220898
1992-05-12,0.004941077649034398
1992-05-13,0.004940833518629617
1992-05-14,0.004940589412294472
1992-05-15,0.0049403453301399836
1992-05-18,0.014820303816232006
1992-05-19,0.00493936924255145
1992-05-20,0.004939125280922774
1992-05-21,0.004938881343385937
1992-05-22,0.004938637429918735
1992-05-25,0.014815180621741142
1992-05-26,0.004937662017034938
1992-05-27,0.00493741822400473
1992-05-28,0.004937174455066362
1992-05-29,0.0049369307101754245
1992-06-01,0.03355404438081244
1992-06-02,0.01118092980612051
1992-06-03,0.011179679813966281
1992-06-04,0.011178430101277392
1992-06-05,0.011177180667942821
1992-06-08,0.033527794541665656
1992-06-09,0.011172185726415762
1992-06-10,0.01117093768852051
1992-06-11,0.01116968992940226
1992-06-12,0.011168442449016602
1992-06-15,0.03350158574173534
1992-06-16,0.011163455312690473
1992-06-17,0.011162209224457875
1992-06-18,0.01116096341435835
1992-06-19,0.011159717882325282
1992-06-22,0.033475417884809566
1992-06-23,0.011154738532925812
1992-06-24,0.011153494389781748
1992-06-25,0.011152250524149032
1992-06-26,0.01115100693591664
1992-06-29,0.03344929087503168
1992-06-30,0.011146035355213968
1992-07-01,0.006902581565504384
1992-07-02,0.006902105142092552
1992-07-03,0.006901628784383718
1992-07-06,0.0207034574774001
1992-07-07,0.006899724011022457
1992-07-08,0.006899247982006251
1992-07-09,0.006898772018582022
1992-07-10,0.006898296120860792
1992-07-13,0.02069346086637225
1992-07-14,0.006896393186384131
1992-07-15,0.006895917616756009
1992-07-16,0.006895442112764272
1992-07-17,0.006894966674320102
1992-07-20,0.020683473904359317
1992-07-21,0.006893065576041302
1992-07-22,0.006892590465246151
1992-07-23,0.006892115419954159
1992-07-24,0.006891640440165325
1992-07-27,0.0206734965773947
1992-07-28,0.006889741175375441
1992-07-29,0.006889266522747128
1992-07-30,0.006888791935533156
1992-07-31,0.006888317413666911
1992-08-03,0.0275513718287268
1992-08-04,0.009181261046209421
1992-08-05,0.00918041816804216
1992-08-06,0.009179575444639987
1992-08-07,0.009178732875914086
1992-08-10,0.02753367138563778
1992-08-11,0.009175364147284704
1992-08-12,0.00917452235142946
1992-08-13,0.009173680710028442
1992-08-14,0.009172839223081652
1992-08-17,0.02751599367132318
1992-08-18,0.00916947481837127
1992-08-19,0.00916863410271862
1992-08-20,0.009167793541253744
1992-08-21,0.009166953133954436
1992-08-24,0.02749833864204021
1992-08-25,0.009163593044814178
1992-08-26,0.009162753407410129
1992-08-27,0.009161913923816378
1992-08-28,0.00916107459405513
1992-08-31,0.0274807062541349
1992-09-01,0.009462976105978349
1992-09-02,0.009462080711553078
1992-09-03,0.009461185486525636
1992-09-04,0.009460290430918228
1992-09-07,0.028378186633859492
1992-09-08,0.009456711901267845
1992-09-09,0.009455817691850221
1992-09-10,0.009454923651475156
1992-09-11,0.009454029780209261
1992-09-14,0.028359408233669114
1992-09-15,0.009450455984505446
1992-09-16,0.009449562957697388
1992-09-17,0.00944867009968764
1992-09-18,0.009447777410342972
1992-09-21,0.028340654669145593
1992-09-22,0.009444208339237647
1992-09-23,0.009443316492752096
1992-09-24,0.009442424814687378
1992-09-25,0.009441533305021288
1992-09-28,0.028321925890950617
1992-09-29,0.009437968949099762
1992-09-30,0.00943707828056084
1992-10-01,0.011795234725187065
1992-10-02,0.011793843613627786
1992-10-05,0.03537735849057366
1992-10-06,0.011788282447233733
1992-10-07,0.011786892975029772
1992-10-08,0.01178550383027499
1992-10-09,0.011784115012969387
1992-10-12,0.03534817956873937
1992-10-13,0.01177856301532998
1992-10-14,0.01177717583322746
1992-10-15,0.011775788977863577
1992-10-16,0.011774402449082899
1992-10-19,0.0353190487402788
1992-10-20,0.011768859597505177
1992-10-21,0.011767474699908576
1992-10-22,0.01176609012825125
1992-10-23,0.01176470588233336
1992-10-26,0.035289965886375896
1992-10-27,0.011759172154279796
1992-10-28,0.011757789535571384
1992-10-29,0.011756407241936273
1992-10-30,0.01175502527330785
1992-11-02,0.01364939260204423
1992-11-03,0.004549176599022431
1992-11-04,0.0045489696583578265
1992-11-05,0.004548762736522605
1992-11-06,0.004548555833516765
1992-11-09,0.01364504684799872
1992-11-10,0.004547728409654006
1992-11-11,0.004547521600728466
1992-11-12,0.0045473148106101036
1992-11-13,0.004547108039276715
1992-11-16,0.013640703860295922
1992-11-17,0.004546281142014941
1992-11-18,0.004546074464717442
1992-11-19,0.0045458678061605085
1992-11-20,0.004545661166410753
1992-11-23,0.01363636363638232
1992-11-24,0.004544834795261465
1992-11-25,0.004544628249414373
1992-11-26,0.00454442172233005
1992-11-27,0.0045442152140307
1992-11-30,0.013632026173504563
1992-12-01,-0.0022716946842304964
1992-12-02,-0.0022717462913712794
1992-12-03,-0.002271797900854633
1992-12-04,-0.0022718495126916594
1992-12-07,-0.006815703380602667
1992-12-08,-0.0022720559834543685
1992-12-09,-0.00227210760701535
1992-12-10,-0.002272159232918902
1992-12-11,-0.002272210861165025
1992-12-14,-0.006816787475283359
1992-12-15,-0.0022724173976307327
1992-12-16,-0.002272469037623015
1992-12-17,-0.0022725206799356634
1992-12-18,-0.002272572324613087
1992-12-21,-0.006817871914910345
1992-12-22,-0.0022727789267928955
1992-12-23,-0.0022728305832053763
1992-12-24,-0.00227288224197153
1992-12-25,-0.0022729339030802542
1992-12-28,-0.006818956699639056
1992-12-29,-0.002273140570985266
1992-12-30,-0.0022731922438845586
1992-12-31,-0.002273243919070911
1993-01-01,0.01701052222302657
1993-01-04,0.0510228874094798
1993-01-05,0.016998955778424474
1993-01-06,0.01699606662457498
1993-01-07,0.016993178452651136
1993-01-08,0.016990291262097834
1993-01-11,0.0509622151576572
1993-01-12,0.016978752304264155
1993-01-13,0.0169758700133249
1993-01-14,0.016972988700847402
1993-01-15,0.01697010836627655
1993-01-18,0.050901687027327114
1993-01-19,0.016958596797245207
1993-01-20,0.016955721344835695
1993-01-21,0.016952846867379634
1993-01-22,0.01694997336429971
1993-01-25,0.05084130250576635
1993-01-26,0.016938489086770758
1993-01-27,0.016935620448532696
1993-01-28,0.016932752781806393
1993-01-29,0.016929886086058943
1993-02-01,0.03756762171909234
1993-02-02,0.012517837919046038
1993-02-03,0.012516271152485103
1993-02-04,0.012514704778121555
1993-02-05,0.012513138795733347
1993-02-08,0.037534719615628376
1993-02-09,0.01250687878335821
1993-02-10,0.01250531475875949
1993-02-11,0.012503751125336748
1993-02-12,0.012502187882867943
1993-02-15,0.03750187509374836
1993-02-16,0.012495938819889751
1993-02-17,0.012494377530103407
1993-02-18,0.012492816630427228
1993-02-19,0.012491256120705785
1993-02-22,0.037469088002395345
1993-02-23,0.012485017978436375
1993-02-24,0.012483459416268161
1993-02-25,0.012481901243188709
1993-02-26,0.012480343459042587
1993-03-01,0.031764182707560984
1993-03-02,0.010584698759474875
1993-03-03,0.010583578519551828
1993-03-04,0.01058245851677242
1993-03-05,0.010581338750959013
1993-03-08,0.03174065766644585
1993-03-09,0.01057686205656605
1993-03-10,0.010575743474783295
1993-03-11,0.010574625129522452
1993-03-12,0.010573507020827932
1993-03-15,0.03171716744549968
1993-03-16,0.010569036949337196
1993-03-17,0.010567920021964383
1993-03-18,0.010566803330669394
1993-03-19,0.010565686875296798
1993-03-22,0.03169371196756199
1993-03-23,0.010561223412119958
1993-03-24,0.010560108135515556
1993-03-25,0.010558993094411662
1993-03-26,0.010557878288786071
1993-03-29,0.03167029115553888
1993-03-30,0.010553421419223774
1993-03-31,0.010552307789701842
1993-04-01,0.00928505106776445
1993-04-02,0.009284189026126377
1993-04-05,0.02784998143332551
1993-04-06,0.009280742459405467
1993-04-07,0.009279881217505448
1993-04-08,0.00927902013545534
1993-04-09,0.00927815921323294
1993-04-12,0.027831895352070646
1993-04-13,0.009274717121132703
1993-04-14,0.009273856997116248
1993-04-15,0.009272997032661046
1993-04-16,0.009272137227611665
1993-04-19,0.02781383274614857
1993-04-20,0.009268699601450159
1993-04-21,0.00926784059314123
1993-04-22,0.009266981744082692
1993-04-23,0.009266123054096909
1993-04-26,0.027795793569906913
1993-04-27,0.009262689885147779
1993-04-28,0.00926183199037034
1993-04-29,0.009260974254510224
1993-04-30,0.00926011667745641
1993-05-03,0.013440860215063744
1993-05-04,0.004479684630198655
1993-05-05,0.0044794839634487715
1993-05-06,0.004479283314662297
1993-05-07,0.004479082683861435
1993-05-10,0.013436646213116354
1993-05-11,0.004478280340336482
1993-05-12,0.004478079799374868
1993-05-13,0.004477879276398866
1993-05-14,0.00447767877131966
1993-05-17,0.013432434852678199
1993-05-18,0.004476876930659124
1993-05-19,0.004476676515374756
1993-05-20,0.004476476117987183
1993-05-21,0.0044762757385852225
1993-05-24,0.01342822613132899
1993-05-25,0.004475474400278401
1993-05-26,0.004475274110538052
1993-05-27,0.004475073838716703
1993-05-28,0.004474873584814354
1993-05-31,0.013424020046537422
1993-06-01,0.004623208506693288
1993-06-02,0.0046229947760156875
1993-06-03,0.004622781065100057
1993-06-04,0.004622567373924191
1993-06-07,0.013867061107530887
1993-06-08,0.00462171280675161
1993-06-09,0.004621499214341185
1993-06-10,0.004621285641670525
1993-06-11,0.004621072088739631
1993-06-14,0.013862575666556687
1993-06-15,0.00462021807428048
1993-06-16,0.004620004620026208
1993-06-17,0.004619791185445088
1993-06-18,0.004619577770581529
1993-06-21,0.01385809312639541
1993-06-22,0.004618724308347311
1993-06-23,0.004618510992049352
1993-06-24,0.004618297695491158
1993-06-25,0.004618084418583912
1993-06-28,0.01385361348418268
1993-06-29,0.00461723150799731
1993-06-30,0.004617018329544642
1993-07-01,0.0
1993-07-02,0.0
1993-07-05,0.0
1993-07-06,0.0
1993-07-07,0.0
1993-07-08,0.0
1993-07-09,0.0
1993-07-12,0.0
1993-07-13,0.0
1993-07-14,0.0
1993-07-15,0.0
1993-07-16,0.0
1993-07-19,0.0
1993-07-20,0.0
1993-07-21,0.0
1993-07-22,0.0
1993-07-23,0.0
1993-07-26,0.0
1993-07-27,0.0
1993-07-28,0.0
1993-07-29,0.0
1993-07-30,0.0
1993-08-02,0.02596952908586747
1993-08-03,0.008654262224161435
1993-08-04,0.008653513326395412
1993-08-05,0.00865276455825903
1993-08-06,0.008652015919730083
1993-08-09,0.025953802232026035
1993-08-10,0.008649022660423
1993-08-11,0.00864827466922069
1993-08-12,0.008647526807314954
1993-08-13,0.008646779074816813
1993-08-16,0.0259380944146681
1993-08-17,0.008643789437279281
1993-08-18,0.008643042350908736
1993-08-19,0.008642295393657129
1993-08-20,0.00864154856552446
1993-08-23,0.025922405599243525
1993-08-24,0.008638562543183959
1993-08-25,0.008637816360046457
1993-08-26,0.008637070305739236
1993-08-27,0.008636324380328908
1993-08-30,0.025906735751313192
1993-08-31,0.008633341966657326
1993-09-01,0.006906077348056705
1993-09-02,0.00690560044196431
1993-09-03,0.006905123601708141
1993-09-06,0.020713940481953408
1993-09-07,0.006903216899067921
1993-09-08,0.006902740387926265
1993-09-09,0.006902263942576425
1993-09-10,0.006901787562996198
1993-09-13,0.02070393374742352
1993-09-14,0.006899882701993931
1993-09-15,0.0068994066510175145
1993-09-16,0.006898930665766301
1993-09-17,0.006898454746129268
1993-09-20,0.020693936676563496
1993-09-21,0.006896551724122624
1993-09-22,0.006896076132689721
1993-09-23,0.006895600606804386
1993-09-24,0.0068951251465110275
1993-09-27,0.020683949255384526
1993-09-28,0.006893223960835471
1993-09-29,0.00689274882823554
1993-09-30,0.006892273761116563
1993-10-01,0.014258893985119592
1993-10-04,0.04277058334323236
1993-10-05,0.014250765978673918
1993-10-06,0.01424873542472671
1993-10-07,0.01424670544936113
1993-10-08,0.014244676052332927
1993-10-11,0.04272794170008254
1993-10-12,0.014236564242509075
1993-10-13,0.014234537733393005
1993-10-14,0.014232511801126613
1993-10-15,0.014230486445443447
1993-10-18,0.042685384998475406
1993-10-19,0.014222390783902306
1993-10-20,0.014220368307538145
1993-10-21,0.014218346406291715
1993-10-22,0.014216325079963177
1993-10-25,0.04264291298476941
1993-10-26,0.014208245518476659
1993-10-27,0.014206227062851795
1993-10-28,0.014204209180657124
1993-10-29,0.01420219187162619
1993-11-01,0.006434454358283936
1993-11-02,0.0021446801209634714
1993-11-03,0.0021446341254005574
1993-11-04,0.0021445881318582494
1993-11-05,0.0021445421402477294
1993-11-08,0.006433488451884628
1993-11-09,0.0021443581935898237
1993-11-10,0.0021443122118602886
1993-11-11,0.002144266232084746
1993-11-12,0.002144220254307605
1993-11-15,0.006432522835453369
1993-11-16,0.002144036362849988
1993-11-17,0.0021439903949316275
1993-11-18,0.0021439444289672593
1993-11-19,0.0021438984649568837
1993-11-22,0.006431557508856933
1993-11-23,0.00214371462872176
1993-11-24,0.0021436686745479605
1993-11-25,0.0021436227224169713
1993-11-26,0.00214357677221777
1993-11-29,0.00643059247189548
1993-11-30,0.002143392991116322
1993-12-01,0.0
1993-12-02,0.0
1993-12-03,0.0
1993-12-06,0.0
1993-12-07,0.0
1993-12-08,0.0
1993-12-09,0.0
1993-12-10,0.0
1993-12-13,0.0
1993-12-14,0.0
1993-12-15,0.0
1993-12-16,0.0
1993-12-17,0.0
1993-12-20,0.0
1993-12-21,0.0
1993-12-22,0.0
1993-12-23,0.0
1993-12-24,0.0
1993-12-27,0.0
1993-12-28,0.0
1993-12-29,0.0
1993-12-30,0.0
1993-12-31,0.0
1994-01-03,0.026549847338364074
1994-01-04,0.008847600088479624
1994-01-05,0.008846817357444081
1994-01-06,0.008846034764897759
1994-01-07,0.008845252310840657
1994-01-10,0.02653340998539644
1994-01-11,0.008842123878149977
1994-01-12,0.008841342115739614
1994-01-13,0.008840560491529814
1994-01-14,0.008839779005520576
1994-01-17,0.026516992973002473
1994-01-18,0.00883665444262327
1994-01-19,0.008835873646995118
1994-01-20,0.008835092989367688
1994-01-21,0.008834312469629957
1994-01-24,0.02650059626341239
1994-01-25,0.008831191769331781
1994-01-26,0.008830411938709481
1994-01-27,0.008829632245799246
1994-01-28,0.008828852690601074
1994-01-31,0.026484219819011834
1994-02-01,0.012214188000769788
1994-02-02,0.012212696319080507
1994-02-03,0.01221120500169981
1994-02-04,0.012209714048516673
1994-02-07,0.036624670377949364
1994-02-08,0.012203753874695522
1994-02-09,0.012202264740324154
1994-02-10,0.012200775969350985
1994-02-11,0.012199287561620586
1994-02-14,0.03659339855088817
1994-02-15,0.012193337560351125
1994-02-16,0.012191850966813966
1994-02-17,0.012190364735720216
1994-02-18,0.012188878866936648
1994-02-21,0.03656218008092349
1994-02-22,0.012182939012195249
1994-02-23,0.012181454952986392
1994-02-24,0.012179971255266153
1994-02-25,0.012178487918945713
1994-02-28,0.03653101483158672
1994-03-01,0.010994568683075912
1994-03-02,0.01099336001053608
1994-03-03,0.010992151603761435
1994-03-04,0.010990943462574343
1994-03-07,0.0329692067609022
1994-03-08,0.010986113552458043
1994-03-09,0.010984906738142897
1994-03-10,0.0109837001889046
1994-03-11,0.010982493904720947
1994-03-14,0.032943863656309524
1994-03-15,0.010977671416356749
1994-03-16,0.010976466455914213
1994-03-17,0.010975261759993415
1994-03-18,0.010974057328461129
1994-03-21,0.03291855948384104
1994-03-22,0.010969242244729394
1994-03-23,0.010968039133962826
1994-03-24,0.010966836287051862
1994-03-25,0.010965633703974298
1994-03-28,0.03289329415374631
1994-03-29,0.010960826007866409
1994-03-30,0.01095962474244594
1994-03-31,0.010958423740348167
1994-04-01,0.004685157421291386
1994-04-04,0.014054813773722863
1994-04-05,0.0046842795577983765
1994-04-06,0.004684060143356206
1994-04-07,0.0046838407493865475
1994-04-08,0.004683621376044833
1994-04-11,0.014050206069682325
1994-04-12,0.004682744088047031
1994-04-13,0.0046825248173787415
1994-04-14,0.004682305567271783
1994-04-15,0.004682086337659541
1994-04-18,0.01404560138582589
1994-04-19,0.004681209624557425
1994-04-20,0.0046809904975964045
1994-04-21,0.004680771391130101
1994-04-22,0.0046805523051807185
1994-04-25,0.01404099971917816
1994-04-26,0.004679676166419178
1994-04-27,0.004679457182965585
1994-04-28,0.004679238220028914
1994-04-29,0.0046790192775647554
1994-05-02,0.006360244233372114
1994-05-03,0.002119946577328058
1994-05-04,0.002119901636565835
1994-05-05,0.0021198566976909916
1994-05-06,0.002119811760703527
1994-05-09,0.006359300476943552
1994-05-10,0.0021196320318939144
1994-05-11,0.002119587104409959
1994-05-12,0.0021195421789022006
1994-05-13,0.0021194972552374125
1994-05-16,0.006358357000557646
1994-05-17,0.0021193175797407093
1994-05-18,0.0021192726656016347
1994-05-19,0.0021192277534165527
1994-05-20,0.002119182843074441
1994-05-23,0.0063574138040589645
1994-05-24,0.0021190032208906473
1994-05-25,0.002118958320074249
1994-05-26,0.0021189134212118432
1994-05-27,0.002118868524214612
1994-05-30,0.0063564708873586895
1994-05-31,0.002118688955277115
1994-06-01,0.011299435028266913
1994-06-02,0.011298158400174785
1994-06-03,0.011296882060563007
1994-06-06,0.03388681802778404
1994-06-07,0.011291779584476913
1994-06-08,0.011290504685557146
1994-06-09,0.011289230074518208
1994-06-10,0.01128795575120467
1994-06-13,0.03386004514673857
1994-06-14,0.011282861333627991
1994-06-15,0.01128158844765359
1994-06-16,0.011280315848849476
1994-06-17,0.011279043537104627
1994-06-20,0.03383331453705729
1994-06-21,0.011273957158941528
1994-06-22,0.011272686281160738
1994-06-23,0.011271415689795283
1994-06-24,0.011270145384889574
1994-06-27,0.0338066260987091
1994-06-28,0.01126506702715524
1994-06-29,0.011263798152727489
1994-06-30,0.011262529564159962
1994-07-01,0.009319664492091206
1994-07-04,0.027956388034677815
1994-07-05,0.009316191540875707
1994-07-06,0.009315323707492773
1994-07-07,0.009314456035780516
1994-07-08,0.009313588525650118
1994-07-11,0.027938163531393556
1994-07-12,0.009310120100547437
1994-07-13,0.009309253397882244
1994-07-14,0.009308386856554662
1994-07-15,0.009307520476520281
1994-07-18,0.027919962773381712
1994-07-19,0.009304056568670838
1994-07-20,0.009303190994502941
1994-07-21,0.009302325581406201
1994-07-22,0.009301460329269595
1994-07-25,0.02790178571427937
1994-07-26,0.009298000929791606
1994-07-27,0.009297136481967172
1994-07-28,0.009296272194858624
1994-07-29,0.009295408068421551
1994-08-01,0.036755697133061815
1994-08-02,0.012247397428044593
1994-08-03,0.012245897624296731
1994-08-04,0.012244398187810646
1994-08-05,0.012242899118519723
1994-08-08,0.03672420124862796
1994-08-09,0.012236906510021406
1994-08-10,0.012235409274441444
1994-08-11,0.012233912405168468
1994-08-12,0.012232415902158067
1994-08-15,0.03669275929549798
1994-08-16,0.012226433549322735
1994-08-17,0.01222493887531595
1994-08-18,0.012223444566683561
1994-08-19,0.012221950623314548
1994-08-22,0.03666137113529366
1994-08-23,0.012215978499874325
1994-08-24,0.01221448638084599
1994-08-25,0.01221299462628167
1994-08-26,0.012211503236048138
1994-08-29,0.0366300366300365
1994-08-30,0.012205541315757351
1994-08-31,0.012204051745179356
1994-09-01,0.008948545861287016
1994-09-02,0.008947745168219612
1994-09-05,0.026840833855223956
1994-09-06,0.008944543828270923
1994-09-07,0.008943743851164143
1994-09-08,0.008942944017142906
1994-09-09,0.008942144326229418
1994-09-12,0.026824034334760327
1994-09-13,0.00893894699205422
1994-09-14,0.008938148015724678
1994-09-15,0.008937349182236431
1994-09-16,0.008936550491500661
1994-09-19,0.026807255830574306
1994-09-20,0.008933357155638255
1994-09-21,0.008932559178198574
1994-09-22,0.008931761343355937
1994-09-23,0.00893096365097712
1994-09-26,0.026790498303252974
1994-09-27,0.008927774305877989
1994-09-28,0.008926977325440788
1994-09-29,0.008926180487400792
1994-09-30,0.008925383791491548
1994-10-03,0.00647752299520743
1994-10-04,0.0021590344797761674
1994-10-05,0.0021589878664851625
1994-10-06,0.0021589412552147635
1994-10-07,0.002158894645942766
1994-10-10,0.006476544116051919
1994-10-11,0.0021587082289942217
1994-10-12,0.0021586616297808447
1994-10-13,0.0021586150325880737
1994-10-14,0.0021585684374159086
1994-10-17,0.006475565532726435
1994-10-18,0.0021583820768000805
1994-10-19,0.0021583354916643316
1994-10-20,0.0021582889085491885
1994-10-21,0.0021582423274546514
1994-10-24,0.006474587245053343
1994-10-25,0.0021580560231271306
1994-10-26,0.002158009452091214
1994-10-27,0.0021579628830314945
1994-10-28,0.002157916315992381
1994-10-31,0.006473609252943824
1994-11-01,0.004459308807125417
1994-11-02,0.004459109961651997
1994-11-03,0.0044589111339199405
1994-11-04,0.004458712323884839
1994-11-07,0.0133755405947511
1994-11-08,0.004457917261069255
1994-11-09,0.004457718539652156
1994-11-10,0.004457519835954216
1994-11-11,0.004457321149975435
1994-11-14,0.01337136744519185
1994-11-15,0.004456526583185294
1994-11-16,0.004456327985713493
1994-11-17,0.00445612940600526
1994-11-18,0.004455930843971778
1994-11-21,0.013367196898794731
1994-11-22,0.0044551367726963775
1994-11-23,0.004454938299125466
1994-11-24,0.004454739843184896
1994-11-25,0.004454541404963486
1994-11-28,0.013363028953228273
1994-11-29,0.004453747828803145
1994-11-30,0.004453549478933283
1994-12-01,0.0
1994-12-02,0.0
1994-12-05,0.0
1994-12-06,0.0
1994-12-07,0.0
1994-12-08,0.0
1994-12-09,0.0
1994-12-12,0.0
1994-12-13,0.0
1994-12-14,0.0
1994-12-15,0.0
1994-12-16,0.0
1994-12-19,0.0
1994-12-20,0.0
1994-12-21,0.0
1994-12-22,0.0
1994-12-23,0.0
1994-12-26,0.0
1994-12-27,0.0
1994-12-28,0.0
1994-12-29,0.0
1994-12-30,0.0
1995-01-02,0.0375751503006061
1995-01-03,0.012520345561539692
1995-01-04,0.012518778167236455
1995-01-05,0.012517211165352649
1995-01-06,0.012515644555688432
1995-01-09,0.03754223501439835
1995-01-10,0.012509382036540728
1995-01-11,0.012507817385865039
1995-01-12,0.012506253126542966
1995-01-13,0.01250468925848569
1995-01-16,0.037509377344346895
1995-01-17,0.012498437695285247
1995-01-18,0.012496875781065064
1995-01-19,0.012495314257154888
1995-01-20,0.012493753123421492
1995-01-23,0.03747657713928376
1995-01-24,0.012487512487524555
1995-01-25,0.012485953302521224
1995-01-26,0.012484394506873109
1995-01-27,0.012482836100380368
1995-01-30,0.0374438342486183
1995-01-31,0.01247660636307657
1995-02-01,0.014257199885947536
1995-02-02,0.014255167498222754
1995-02-03,0.014253135689856755
1995-02-06,0.04275331338179367
1995-02-07,0.014245014245006793
1995-02-08,0.014242985329726565
1995-02-09,0.014240956992317422
1995-02-10,0.014238929232512909
1995-02-13,0.04271070615033956
1995-02-14,0.01423082396467823
1995-02-15,0.014228799089366362
1995-02-16,0.014226774790149221
1995-02-17,0.014224751066849173
1995-02-20,0.042668183757643696
1995-02-21,0.014216661927779484
1995-02-22,0.01421464108031234
1995-02-23,0.01421262080727459
1995-02-24,0.014210601108421983
1995-02-27,0.04262574595055302
1995-02-28,0.014202528050000218
1995-03-01,0.01068855683106218
1995-03-02,0.01068741450067634
1995-03-03,0.010686272414472953
1995-03-06,0.032055391716867554
1995-03-07,0.010681706509441113
1995-03-08,0.010680565642751105
1995-03-09,0.010679425019755051
1995-03-10,0.010678284640341928
1995-03-13,0.03203143351342419
1995-03-14,0.010673725557164282
1995-03-15,0.010672586394600003
1995-03-16,0.010671447475130158
1995-03-17,0.010670308798754746
1995-03-20,0.032007511095932806
1995-03-21,0.010665756522110215
1995-03-22,0.010664619059785885
1995-03-23,0.0106634818401119
1995-03-24,0.010662344862866213
1995-03-27,0.031983624384324116
1995-03-28,0.010657799377566946
1995-03-29,0.01065666361177442
1995-03-30,0.010655528087966104
1995-03-31,0.010654392806164203
1995-04-03,0.03538403472351792
1995-04-04,0.01179050628434819
1995-04-05,0.011789116287830304
1995-04-06,0.011787726619050254
1995-04-07,0.011786337277830405
1995-04-10,0.035354844792223616
1995-04-11,0.011780783186488009
1995-04-12,0.011779395481426036
1995-04-13,0.01177800810325813
1995-04-14,0.011776621051895475
1995-04-17,0.0353257029814813
1995-04-18,0.011771076111788403
1995-04-19,0.011769690692520207
1995-04-20,0.011768305599346718
1995-04-21,0.011766920832156913
1995-04-24,0.03529660917240829
1995-04-25,0.011761385020725434
1995-04-26,0.011760001881588877
1995-04-27,0.011758619067769871
1995-04-28,0.011757236579112984
1995-05-01,0.017954395834585135
1995-05-02,0.005983724269986723
1995-05-03,0.005983366241846255
1995-05-04,0.005983008256560396
1995-05-05,0.0059826503140847365
1995-05-08,0.017946877243368853
1995-05-09,0.005981218972417324
1995-05-10,0.005980861244014868
1995-05-11,0.005980503558422612
1995-05-12,0.005980145915551738
1995-05-15,0.01793936494647319
1995-05-16,0.005978715771837173
1995-05-17,0.005978358342795254
1995-05-18,0.005978000956474716
1995-05-19,0.005977643612897765
1995-05-22,0.01793185893603777
1995-05-23,0.005976214665626145
1995-05-24,0.005975857535545082
1995-05-25,0.005975500448163196
1995-05-26,0.005975143403458283
1995-05-29,0.017924359204135598
1995-05-30,0.005973715651141909
1995-05-31,0.00597335881966643
1995-06-01,0.006570302233899206
1995-06-02,0.006569870573569503
1995-06-05,0.019708316909738954
1995-06-06,0.006568144499174977
1995-06-07,0.0065677131222852125
1995-06-08,0.006567281802083436
1995-06-09,0.0065668505384808284
1995-06-12,0.01969925799460981
1995-06-13,0.006565126050417369
1995-06-14,0.006564695069921633
1995-06-15,0.006564264145980658
1995-06-16,0.006563833278638853
1995-06-19,0.019690207403511018
1995-06-20,0.006562110374708219
1995-06-21,0.006561679790029196
1995-06-22,0.0065612492618605245
1995-06-23,0.006560818790202205
1995-06-26,0.01968116512498508
1995-06-27,0.00655909746818395
1995-06-28,0.006558667278810937
1995-06-29,0.006558237145859458
1995-06-30,0.006557807069307309
1995-07-03,0.0
1995-07-04,0.0
1995-07-05,0.0
1995-07-06,0.0
1995-07-07,0.0
1995-07-10,0.0
1995-07-11,0.0
1995-07-12,0.0
1995-07-13,0.0
1995-07-14,0.0
1995-07-17,0.0
1995-07-18,0.0
1995-07-19,0.0
1995-07-20,0.0
1995-07-21,0.0
1995-07-24,0.0
1995-07-25,0.0
1995-07-26,0.0
1995-07-27,0.0
1995-07-28,0.0
1995-07-31,0.0
1995-08-01,0.008461131676362754
1995-08-02,0.008460415829447676
1995-08-03,0.008459700103613521
1995-08-04,0.008458984498926903
1995-08-07,0.025374807045741576
1995-08-08,0.008456123290279116
1995-08-09,0.00845540829053082
1995-08-10,0.008454693411663605
1995-08-11,0.008453978653721883
1995-08-14,0.025359792049695074
1995-08-15,0.00845112082989985
1995-08-16,0.008450406675830635
1995-08-17,0.008449692642420459
1995-08-18,0.008448978729735934
1995-08-21,0.025344794812731664
1995-08-22,0.008446124284722245
1995-08-23,0.00844541097482221
1995-08-24,0.008444697785381372
1995-08-25,0.008443984716377528
1995-08-28,0.02532981530345424
1995-08-29,0.008441133644243592
1995-08-30,0.008440421177025037
1995-08-31,0.008439708830043635
1995-09-01,0.006765747276760159
1995-09-04,0.020295868663211536
1995-09-05,0.0067639167587119076
1995-09-06,0.006763459283987139
1995-09-07,0.0067630018711017925
1995-09-08,0.006762544520078073
1995-09-11,0.020286261692770147
1995-09-12,0.006760715734444034
1995-09-13,0.006760258692573018
1995-09-14,0.006759801712474811
1995-09-15,0.006759344794171618
1995-09-18,0.0202766638129237
1995-09-19,0.0067575177384870955
1995-09-20,0.006757061128870312
1995-09-21,0.006756604580981929
1995-09-22,0.0067561480947775365
1995-09-25,0.02026707501068259
1995-09-26,0.006754322766577836
1995-09-27,0.0067538665886157645
1995-09-28,0.006753410472293275
1995-09-29,0.0067529544175659595
1995-10-02,0.030597258485642875
1995-10-03,0.010195966475667895
1995-10-04,0.010194927004314458
1995-10-05,0.010193887744902597
1995-10-06,0.010192848697343493
1995-10-09,0.030575429584778213
1995-10-10,0.010188694624435612
1995-10-11,0.010187656635229914
1995-10-12,0.010186618857477292
1995-10-13,0.010185581291133339
1995-10-16,0.030553631808372117
1995-10-17,0.010181433138534146
1995-10-18,0.010180396628256538
1995-10-19,0.010179360328987919
1995-10-20,0.010178324240706083
1995-10-23,0.030531865089855614
1995-10-24,0.010174181995759035
1995-10-25,0.01017314696127869
1995-10-26,0.010172112137363243
1995-10-27,0.010171077523946082
1995-10-30,0.03051012936294839
1995-10-31,0.010166941174083455
1995-11-01,-0.002168726957274547
1995-11-02,-0.0021687739920617233
1995-11-03,-0.00216882102889171
1995-11-06,-0.006506604203282418
1995-11-07,-0.0021690091965953506
1995-11-08,-0.0021690562436282868
1995-11-09,-0.002169103292692931
1995-11-10,-0.002169150343811488
1995-11-13,-0.0065075921908852585
1995-11-14,-0.00216933856866941
1995-11-15,-0.0021693856300020187
1995-11-16,-0.002169432693344131
1995-11-17,-0.002169479758751258
1995-11-20,-0.006508580478592485
1995-11-21,-0.002169668040785666
1995-11-22,-0.0021697151163846407
1995-11-23,-0.002169762194093039
1995-11-24,-0.0021698092737443275
1995-11-27,-0.006509569066526222
1995-11-28,-0.002169997613032937
1995-11-29,-0.0021700447028982772
1995-11-30,-0.0021700917948841436
1995-12-01,-0.002244971264364626
1995-12-04,-0.006735064993379503
1995-12-05,-0.0022451728783123848
1995-12-06,-0.002245223287455911
1995-12-07,-0.002245273698864292
1995-12-08,-0.002245324112537528
1995-12-11,-0.006736123585415754
1995-12-12,-0.0022455257898679193
1995-12-13,-0.002245576214854328
1995-12-14,-0.0022456266421166937
1995-12-15,-0.00224567707162171
1995-12-18,-0.006737182510274664
1995-12-19,-0.002245878812379143
1995-12-20,-0.0022459292532306385
1995-12-21,-0.002245979696346989
1995-12-22,-0.0022460301417281947
1995-12-25,-0.0067382417681116635
1995-12-26,-0.002246231945912669
1995-12-27,-0.0022462824026292516
1995-12-28,-0.002246332861599587
1995-12-29,-0.0022463833228458796
1996-01-01,0.05330174711282165
1996-01-02,0.017757783828575846
1996-01-03,0.01775463099957797
1996-01-04,0.017751479289951355
1996-01-05,0.017748328699052074
1996-01-08,0.05323553767893063
1996-01-09,0.01773573751109314
1996-01-10,0.01773259250503756
1996-01-11,0.01772944861413439
1996-01-12,0.017726305837872935
1996-01-15,0.05316949252673897
1996-01-16,0.017713745866787534
1996-01-17,0.0177106086545864
1996-01-18,0.01770747255342986
1996-01-19,0.017704337562696182
1996-01-22,0.053103611045557386
1996-01-23,0.017691808692577027
1996-01-24,0.01768867924527573
1996-01-25,0.017685550904911196
1996-01-26,0.017682423670883907
1996-01-29,0.05303789262771641
1996-01-30,0.017669925786312213
1996-01-31,0.017666804075155973
1996-02-01,0.011166696444520063
1996-02-02,0.011165449632666302
1996-02-05,0.03349260929754738
1996-02-06,0.0111604651681807
1996-02-07,0.01115921974734757
1996-02-08,0.011157974604447674
1996-02-09,0.01115672973939219
1996-02-12,0.033466455456143684
1996-02-13,0.011151753055593794
1996-02-14,0.011150509578294887
1996-02-15,0.011149266378285283
1996-02-16,0.01114802345545396
1996-02-19,0.033440342429091885
1996-02-20,0.011143054534112906
1996-02-21,0.011141812995818512
1996-02-22,0.011140571734147287
1996-02-23,0.011139330749010412
1996-02-26,0.03341427012095721
1996-02-27,0.011134369572007863
1996-02-28,0.011133129968166067
1996-02-29,0.01113189064030351
1996-03-01,0.017809042541361286
1996-03-04,0.05341761445836202
1996-03-05,0.017796365092426214
1996-03-06,0.01779319854986472
1996-03-07,0.01779003313391314
1996-03-08,0.017786868844105186
1996-03-11,0.053351117039013296
1996-03-12,0.017774222933186756
1996-03-13,0.017771064264593406
1996-03-14,0.017767906718502147
1996-03-15,0.01776475029422464
1996-03-18,0.053284784973706145
1996-03-19,0.017752135803839053
1996-03-20,0.01774898497990396
1996-03-21,0.017745835274296518
1996-03-22,0.01774268668632839
1996-03-25,0.05321861764642222
1996-03-26,0.01773010349945814
1996-03-27,0.017726960491026844
1996-03-28,0.01772381859672656
1996-03-29,0.01772067781593556
1996-04-01,0.036127167630062296
1996-04-02,0.012038040207063005
1996-04-03,0.012036591237341021
1996-04-04,0.012035142616451111
1996-04-05,0.012033694344149026
1996-04-08,0.03609673926121548
1996-04-09,0.012027904738998174
1996-04-10,0.012026458208058699
1996-04-11,0.012025012024996506
1996-04-12,0.012023566189744983
1996-04-15,0.03606636210626846
1996-04-16,0.012017786323759161
1996-04-17,0.012016342225429355
1996-04-18,0.012014898474110858
1996-04-19,0.012013455069670442
1996-04-22,0.03603603603603567
1996-04-23,0.01200768491835813
1996-04-24,0.012006243246487358
1996-04-25,0.012004801920784125
1996-04-26,0.012003360941070795
1996-04-29,0.036005760921731245
1996-04-30,0.011997600479918269
1996-05-01,0.006191567085633842
1996-05-02,0.006191183754356011
1996-05-03,0.006190800470484703
1996-05-06,0.018571251702370617
1996-05-07,0.006189267809619814
1996-05-08,0.006188884762958757
1996-05-09,0.006188501763726428
1996-05-10,0.006188118811878418
1996-05-13,0.01856320772228859
1996-05-14,0.006186587478351768
1996-05-15,0.0061862047633809425
1996-05-16,0.006185822095772231
1996-05-17,0.00618543947545902
1996-05-20,0.01855517070756818
1996-05-21,0.006183909467560866
1996-05-22,0.006183527083836182
1996-05-23,0.006183144747429203
1996-05-24,0.006182762458251112
1996-05-27,0.018547140649149974
1996-05-28,0.006181233774249506
1996-05-29,0.006180851721371283
1996-05-30,0.006180469715721948
1996-05-31,0.006180087757234887
1996-06-03,0.0068418171866424515
1996-06-04,0.0022804497046946537
1996-06-05,0.002280397701359682
1996-06-06,0.002280345700400588
1996-06-07,0.0022802937018395752
1996-06-10,0.0068407251168522976
1996-06-11,0.002280085731221071
1996-06-12,0.002280033744495036
1996-06-13,0.002279981760144878
1996-06-14,0.002279929778148393
1996-06-17,0.006839633395649969
1996-06-18,0.00227972187394343
1996-06-19,0.002279669903804127
1996-06-20,0.0022796179360184965
1996-06-21,0.0022795659706531524
1996-06-24,0.00683854202285783
1996-06-25,0.0022793581327507084
1996-06-26,0.002279306179175933
1996-06-27,0.0022792542280214434
1996-06-28,0.0022792022791984223
1996-07-01,0.0174044207228663
1996-07-02,0.005800464037108988
1996-07-03,0.005800127602828553
1996-07-04,0.005799791207516947
1996-07-05,0.005799454851240782
1996-07-08,0.017397355601955766
1996-07-09,0.00579810981620188
1996-07-10,0.005797773654925287
1996-07-11,0.005797437532595318
1996-07-12,0.0057971014492785855
1996-07-15,0.01739029621472543
1996-07-16,0.005795757505522303
1996-07-17,0.005795421616916485
1996-07-18,0.005795085767257291
1996-07-19,0.00579474995654472
1996-07-22,0.01738324255418089
1996-07-23,0.00579340710273879
1996-07-24,0.0057930714864928845
1996-07-25,0.005792735909171398
1996-07-26,0.005792400370707718
1996-07-29,0.017376194613372142
1996-07-30,0.005791058605519872
1996-07-31,0.005790723261323016
1996-08-01,0.006369426751584584
1996-08-02,0.006369021081464865
1996-08-05,0.01910584638900037
1996-08-06,0.006367398917528355
1996-08-07,0.006366993505668717
1996-08-08,0.006366588145434449
1996-08-09,0.006366182836758938
1996-08-12,0.019097332739193007
1996-08-13,0.0063645621181107614
1996-08-14,0.006364157067384468
1996-08-15,0.006363752068239137
1996-08-16,0.006363347120585949
1996-08-19,0.019088826673452353
1996-08-20,0.006361727845294318
1996-08-21,0.006361323155212872
1996-08-22,0.0063609185166235704
1996-08-23,0.006360513929548617
1996-08-26,0.019080328181653172
1996-08-27,0.006358896095637334
1996-08-28,0.006358491765756646
1996-08-29,0.006358087487301489
1996-08-30,0.006357683260205249
1996-09-02,0.030761027828485332
1996-09-03,0.010250522776655835
1996-09-04,0.010249472152201733
1996-09-05,0.01024842174304208
1996-09-06,0.01024737154919908
1996-09-09,0.03073896471166293
1996-09-10,0.010243172925261668
1996-09-11,0.01024212380678069
1996-09-12,0.01024107490323889
1996-09-13,0.01024002621445863
1996-09-16,0.030716933221386356
1996-09-17,0.010235833606286882
1996-09-18,0.010234785990625994
1996-09-19,0.010233738589371377
1996-09-20,0.010232691402500826
1996-09-23,0.03069493328966555
1996-09-24,0.010228504797171745
1996-09-25,0.010227458681066892
1996-09-26,0.010226412778924221
1996-09-27,0.010225367090677118
1996-09-30,0.03067296484879911
1996-10-01,0.01022118647533432
1996-10-02,0.010220141855565856
1996-10-03,0.010219097449315484
1996-10-04,0.010218053256494386
1996-10-07,0.030651027831152255
1996-10-08,0.010213878618259287
1996-10-09,0.010212835491651973
1996-10-10,0.010211792578052048
1996-10-11,0.010210749877481717
1996-10-14,0.03062912216935665
1996-10-15,0.010206581203564546
1996-10-16,0.010205539566876531
1996-10-17,0.010204498142796226
1996-10-18,0.010203456931190402
1996-10-21,0.030607247796288206
1996-10-22,0.010199294208823595
1996-10-23,0.01019825405892405
1996-10-24,0.010197214121099307
1996-10-25,0.010196174395371571
1996-10-28,0.030585404644889458
1996-10-29,0.010192017611809767
1996-10-30,0.010190978945434637
1996-10-31,0.010189940490756833
1996-11-01,0.006534951096792696
1996-11-04,0.019603572206494668
1996-11-05,0.00653324331973959
1996-11-06,0.0065328165149702855
1996-11-07,0.006532389765934177
1996-11-08,0.006531963072631264
1996-11-11,0.019594609305273458
1996-11-12,0.006530256856773775
1996-11-13,0.006529830442070228
1996-11-14,0.006529404083055468
1996-11-15,0.006528977779685086
1996-11-18,0.01958565459609929
1996-11-19,0.0065272731228693814
1996-11-20,0.006526847097720889
1996-11-21,0.0065264211281945705
1996-11-22,0.006525995214268221
1996-11-25,0.019576708067758908
1996-11-26,0.00652429211429606
1996-11-27,0.00652386647819192
1996-11-28,0.00652344089764334
1996-11-29,0.0065230153725615025
1996-12-02,0.0
1996-12-03,0.0
1996-12-04,0.0
1996-12-05,0.0
1996-12-06,0.0
1996-12-09,0.0
1996-12-10,0.0
1996-12-11,0.0
1996-12-12,0.0
1996-12-13,0.0
1996-12-16,0.0
1996-12-17,0.0
1996-12-18,0.0
1996-12-19,0.0
1996-12-20,0.0
1996-12-23,0.0
1996-12-24,0.0
1996-12-25,0.0
1996-12-26,0.0
1996-12-27,0.0
1996-12-30,0.0
1996-12-31,0.0
1997-01-01,0.010169629418710358
1997-01-02,0.010168595310244832
1997-01-03,0.010167561412077752
1997-01-06,0.0304995831723609
1997-01-07,0.0101634279209728
1997-01-08,0.010162395073254338
1997-01-09,0.010161362435501253
1997-01-10,0.010160330007491503
1997-01-13,0.030477893368008324
1997-01-14,0.01015620239279702
1997-01-15,0.010155171013082054
1997-01-16,0.010154139842799559
1997-01-17,0.010153108881949535
1997-01-20,0.030456234391174064
1997-01-21,0.010148987131097797
1997-01-22,0.01014795721621109
1997-01-23,0.010146927510357173
1997-01-24,0.010145898013425025
1997-01-27,0.03043460617619953
1997-01-28,0.010141782113937126
1997-01-29,0.010140753660814461
1997-01-30,0.01013972541623609
1997-01-31,0.010138697380179806
1997-02-03,0.03367154529945182
1997-02-04,0.011220070462059084
1997-02-05,0.01121881170347283
1997-02-06,0.011217553227282906
1997-02-07,0.011216295033422696
1997-02-10,0.033645111365321334
1997-02-11,0.011211265079169586
1997-02-12,0.01121000829540364
1997-02-13,0.011208751793390093
1997-02-14,0.011207495573040127
1997-02-17,0.03361871890268375
1997-02-18,0.011202473506166655
1997-02-19,0.011201218692580284
1997-02-20,0.011199964160102382
1997-02-21,0.011198709908621929
1997-02-24,0.03359236781401709
1997-02-25,0.01119369571058737
1997-02-26,0.011192442862584251
1997-02-27,0.011191190295001263
1997-02-28,0.01118993800774959
1997-03-03,0.024254183846705857
1997-03-04,0.008082767539607794
1997-03-05,0.008082114281093844
1997-03-06,0.008081461128184309
1997-03-07,0.00808080808079037
1997-03-10,0.02424046541693592
1997-03-11,0.008078196946459393
1997-03-12,0.0080775444264658
1997-03-13,0.008076892011943393
1997-03-14,0.00807623970282556
1997-03-17,0.02422676249695943
1997-03-18,0.008073631519467384
1997-03-19,0.00807297973681731
1997-03-20,0.008072328059394174
1997-03-21,0.00807167648722018
1997-03-24,0.02421307506053072
1997-03-25,0.008069071249883208
1997-03-26,0.008068420203333204
1997-03-27,0.008067769261788094
1997-03-28,0.00806711842531449
1997-03-31,0.02419940308138191
1997-04-01,0.004166666666671759
1997-04-02,0.004166493062784937
1997-04-03,0.004166319473397628
1997-04-04,0.004166145898421014
1997-04-07,0.012497917013809534
1997-04-08,0.004165451743265436
1997-04-09,0.004165278240586545
1997-04-10,0.004165104752384963
1997-04-11,0.004164931278638484
1997-04-14,0.012494273457996918
1997-04-15,0.004164237528114789
1997-04-16,0.004164064126555012
1997-04-17,0.004163890739516951
1997-04-18,0.0041637173668895855
1997-04-21,0.012490632025974335
1997-04-22,0.004163024020642503
1997-04-23,0.004162850720179634
1997-04-24,0.00416267743412746
1997-04-25,0.004162504162508185
1997-04-28,0.01248699271592102
1997-04-29,0.0041618112202490565
1997-04-30,0.004161638020727665
1997-05-01,-0.002080732417808484
1997-05-02,-0.0020807757131868776
1997-05-05,-0.0062424570311025995
1997-05-06,-0.002080948912697167
1997-05-07,-0.0020809922170905715
1997-05-08,-0.002081035523271435
1997-05-09,-0.002081078831261962
1997-05-12,-0.006243366423164254
1997-05-13,-0.0020812520812540924
1997-05-14,-0.0020812953982485283
1997-05-15,-0.002081338717074832
1997-05-16,-0.0020813820376663905
1997-05-19,-0.006244276080258349
1997-05-20,-0.002081555338151464
1997-05-21,-0.002081598667780238
1997-05-22,-0.0020816419991853685
1997-05-23,-0.0020816853324778783
1997-05-26,-0.006245186002451497
1997-05-27,-0.002081858683411486
1997-05-28,-0.002081902025719007
1997-05-29,-0.002081945369736271
1997-05-30,-0.00208198871561871
1997-06-02,0.012089218432032034
1997-06-03,0.004029252372217407
1997-06-04,0.004029090030011062
1997-06-05,0.004028927700883145
1997-06-06,0.004028765384855859
1997-06-09,0.012085809245632184
1997-06-10,0.004028116251442171
1997-06-11,0.004027954000784817
1997-06-12,0.004027791763161481
1997-06-13,0.004027629538638777
1997-06-16,0.012082401981516888
1997-06-17,0.004026980771154598
1997-06-18,0.004026818611957417
1997-06-19,0.004026656465816458
1997-06-20,0.004026494332709518
1997-06-23,0.012078996637976402
1997-06-24,0.004025845930910599
1997-06-25,0.0040256838630403635
1997-06-26,0.00402552180827076
1997-06-27,0.004025359766535175
1997-06-30,0.012075593213523028
1997-07-01,0.004024711730021835
1997-07-02,0.00402454975350075
1997-07-03,0.004024387790013684
1997-07-04,0.004024225839560636
1997-07-07,0.012072191706402613
1997-07-08,0.004023578168088626
1997-07-09,0.004023416282761261
1997-07-10,0.004023254410490118
1997-07-11,0.004023092551230789
1997-07-14,0.012068792115060845
1997-07-15,0.004022445244467043
1997-07-16,0.004022283450311193
1997-07-17,0.004022121669167156
1997-07-18,0.004021959901057137
1997-07-21,0.012065394437854593
1997-07-22,0.004021312958668588
1997-07-23,0.004021151255595434
1997-07-24,0.004020989565556299
1997-07-25,0.004020827888462364
1997-07-28,0.012061998673162933
1997-07-29,0.004020181310182558
1997-07-30,0.004020019698103283
1997-07-31,0.004019858099013618
1997-08-01,0.006445375443120405
1997-08-04,0.019334880123755838
1997-08-05,0.0064437141568340905
1997-08-06,0.006443298969083244
1997-08-07,0.006442883834800739
1997-08-08,0.006442468754008779
1997-08-11,0.019326161180188706
1997-08-12,0.006440808965613165
1997-08-13,0.0064403941521185
1997-08-14,0.006439979392069972
1997-08-15,0.006439564685423171
1997-08-18,0.019317450096600908
1997-08-19,0.006437906392853243
1997-08-20,0.006437491953126262
1997-08-21,0.006437077566778804
1997-08-22,0.00643666323376646
1997-08-25,0.0193087468623121
1997-08-26,0.006435006435023816
1997-08-27,0.00643459236857602
1997-08-28,0.006434178355418929
1997-08-29,0.006433764395552544
1997-09-01,0.023320895522394025
1997-09-02,0.007771819382917933
1997-09-03,0.007771215418084232
1997-09-04,0.00777061154713099
1997-09-05,0.007770007770013798
1997-09-08,0.02330821226010915
1997-09-09,0.007767593599505851
1997-09-10,0.007766990291280251
1997-09-11,0.0077663870767352705
1997-09-12,0.007765783955893113
1997-09-15,0.023295542786150314
1997-09-16,0.0077633724089754
1997-09-17,0.007762769756247678
1997-09-18,0.007762167197089553
1997-09-19,0.007761564731434412
1997-09-22,0.02328288707800219
1997-09-23,0.007759155803843676
1997-09-24,0.007758553805570223
1997-09-25,0.007757951900688731
1997-09-26,0.007757350089221404
1997-09-29,0.023270245113238275
1997-09-30,0.007754943776649981
1997-10-01,0.008004482510193256
1997-10-02,0.008003841844095305
1997-10-03,0.008003201280515349
1997-10-06,0.024007682458404567
1997-10-07,0.008000640051197827
1997-10-08,0.007999999999985796
1997-10-09,0.007999360051202942
1997-10-10,0.007998720204760446
1997-10-13,0.02399424138206374
1997-10-14,0.007996161842327432
1997-10-15,0.007995522507386887
1997-10-16,0.007994883274742293
1997-10-17,0.007994244144216012
1997-10-20,0.023980815347690587
1997-10-21,0.007991688643826933
1997-10-22,0.007991050023958834
1997-10-23,0.00799041150620905
1997-10-24,0.007989773090444352
1997-10-27,0.023967404330105246
1997-10-28,0.007987220447303045
1997-10-29,0.007986582541330556
1997-10-30,0.00798594473727654
1997-10-31,0.00798530703505218
1997-11-03,-0.006630127298434818
1997-11-04,-0.0022101889711634293
1997-11-05,-0.0022102378215871354
1997-11-06,-0.0022102866741868787
1997-11-07,-0.0022103355289404547
1997-11-10,-0.0066311531575213856
1997-11-11,-0.002210530969537494
1997-11-12,-0.00221057983509354
1997-11-13,-0.002210628702803419
1997-11-14,-0.002210677572656028
1997-11-17,-0.00663217933414284
1997-11-18,-0.0022108730737824267
1997-11-19,-0.0022109219544597103
1997-11-20,-0.0022109708372797243
1997-11-21,-0.00221101972229798
1997-11-24,-0.006633205828388
1997-11-25,-0.0022112152839204313
1997-11-26,-0.0022112641797189525
1997-11-27,-0.002211313077704613
1997-11-28,-0.0022113619778441063
1997-12-01,-0.01125809175345216
1997-12-02,-0.0037531197808138295
1997-12-03,-0.0037532606451784467
1997-12-04,-0.0037534015201234894
1997-12-05,-0.0037535424056378552
1997-12-08,-0.011261049905231246
1997-12-09,-0.0037541060534884707
1997-12-10,-0.0037542469919049637
1997-12-11,-0.003754387940901882
1997-12-12,-0.0037545289005014304
1997-12-15,-0.011264009611944292
1997-12-16,-0.003755092844670571
1997-12-17,-0.003755233857183349
1997-12-18,-0.0037553748803098586
1997-12-19,-0.0037555159139945893
1997-12-22,-0.011266970874868054
1997-12-23,-0.003756080154759811
1997-12-24,-0.0037562212414243845
1997-12-25,-0.00375636233870269
1997-12-26,-0.0037565034465836256
1997-12-29,-0.01126993369523488
1997-12-30,-0.0037570679841447685
1997-12-31,-0.0037572091450388534
1998-01-01,0.006199628022307557
1998-01-02,0.006199243692273093
1998-01-05,0.018596578229579386
1998-01-06,0.0061977068484875275
1998-01-07,0.006197322756573698
1998-01-08,0.006196938712266231
1998-01-09,0.006196554715565128
1998-01-12,0.018588512299411164
1998-01-13,0.0061950192045578945
1998-01-14,0.0061946354456887676
1998-01-15,0.006194251734381595
1998-01-16,0.0061938680706141724
1998-01-19,0.01858045336307068
1998-01-20,0.006192333890631119
1998-01-21,0.00619195046438481
1998-01-22,0.006191567085633842
1998-01-23,0.006191183754333807
1998-01-26,0.018572401411498518
1998-01-27,0.006189650903687394
1998-01-28,0.006189267809619814
1998-01-29,0.006188884762980962
1998-01-30,0.006188501763726428
1998-02-02,0.01989038189533776
1998-02-03,0.006628808803044173
1998-02-04,0.006628369421135538
1998-02-05,0.0066279300974247946
1998-02-06,0.006627490831978555
1998-02-09,0.01988115487419062
1998-02-10,0.006625734352239121
1998-02-11,0.0066252953777379275
1998-02-12,0.0066248564614568295
1998-02-13,0.0066244176032848046
1998-02-16,0.01987193640982099
1998-02-17,0.006622662751931685
1998-02-18,0.006622224184371639
1998-02-19,0.006621785674854053
1998-02-20,0.006621347223467744
1998-02-23,0.019862726490238458
1998-02-24,0.006619593998236084
1998-02-25,0.006619155836973256
1998-02-26,0.006618717733752888
1998-02-27,0.006618279688486162
1998-03-02,0.017371834465707003
1998-03-03,0.00578960572785725
1998-03-04,0.005789270551903591
1998-03-05,0.005788935414785534
1998-03-06,0.005788600316436465
1998-03-09,0.017364795770724584
1998-03-10,0.005787260310974318
1998-03-11,0.005786925406514598
1998-03-12,0.0057865905408460705
1998-03-13,0.0057862557139243265
1998-03-16,0.017357762777225894
1998-03-17,0.005784916793616368
1998-03-18,0.0057845821603619285
1998-03-19,0.0057842475658098635
1998-03-20,0.005783913009937969
1998-03-23,0.017350735478416368
1998-03-24,0.005782575173474136
1998-03-25,0.005782240811047501
1998-03-26,0.005781906487301036
1998-03-27,0.005781572202212537
1998-03-30,0.017343713867257193
1998-03-31,0.005780235448260562
1998-04-01,0.006165228113430565
1998-04-02,0.006164848036505077
1998-04-03,0.0061644680064087964
1998-04-06,0.01849226406953619
1998-04-07,0.0061629483544933805
1998-04-08,0.0061625685585875445
1998-04-09,0.006162188809466507
1998-04-10,0.006161809107152472
1998-04-13,0.01848428835489191
1998-04-14,0.006160290765744314
1998-04-15,0.006159911297265452
1998-04-16,0.0061595318755935935
1998-04-17,0.006159152500617715
1998-04-20,0.018476319517146678
1998-04-21,0.006157635467984868
1998-04-22,0.006157256326577709
1998-04-23,0.0061568772318887355
1998-04-24,0.006156498183829129
1998-04-27,0.018468357547396508
1998-04-28,0.006154982458284053
1998-04-29,0.006154603643526713
1998-04-30,0.006154224875376535
1998-05-01,0.006366047745354209
1998-05-04,0.01909692751655978
1998-05-05,0.006364427095495451
1998-05-06,0.00636402206195541
1998-05-07,0.006363617079951922
1998-05-08,0.006363212149484987
1998-05-11,0.019088421811708223
1998-05-12,0.006361592942871752
1998-05-13,0.006361188269976559
1998-05-14,0.006360783648551305
1998-05-15,0.00636037907859599
1998-05-18,0.01907992368030964
1998-05-19,0.00635876131329649
1998-05-20,0.006358357000557646
1998-05-21,0.006357952739222128
1998-05-22,0.006357548529267731
1998-05-25,0.0190714331122388
1998-05-26,0.006355932203416792
1998-05-27,0.006355528250323594
1998-05-28,0.006355124348611518
1998-05-29,0.0063547204982139505
1998-06-01,0.011517199017196944
1998-06-02,0.0038386242370735957
1998-06-03,0.003838476892359388
1998-06-04,0.0038383295589694555
1998-06-05,0.003838182236881593
1998-06-08,0.011514104778354017
1998-06-09,0.0038375930616174614
1998-06-10,0.00383744579608436
1998-06-11,0.0038372985418311245
1998-06-12,0.0038371512988799594
1998-06-15,0.01151101220167039
1998-06-16,0.003836562440051594
1998-06-17,0.003836415253610781
1998-06-18,0.003836268078405425
1998-06-19,0.0038361209145243436
1998-06-22,0.011507921285835998
1998-06-23,0.0038355323718874956
1998-06-24,0.003835385264450153
1998-06-25,0.003835238168292676
1998-06-26,0.0038350910834150653
1998-06-29,0.011504832029451961
1998-06-30,0.0038345028567032813
1998-07-01,0.003958044725904664
1998-07-02,0.003957888070926785
1998-07-03,0.0039577314283612
1998-07-06,0.011872724394490497
1998-07-07,0.003957104981999748
1998-07-08,0.003956948401406812
1998-07-09,0.003956791833181761
1998-07-10,0.003956635277346798
1998-07-13,0.011869436201794592
1998-07-14,0.003956009177930042
1998-07-15,0.003955852684045524
1998-07-16,0.003955696202528891
1998-07-17,0.003955539733402347
1998-07-20,0.01186614982993106
1998-07-21,0.003954913980619423
1998-07-22,0.003954757573354506
1998-07-23,0.003954601178457473
1998-07-24,0.003954444795972734
1998-07-27,0.01186286527739
1998-07-28,0.003953819389534985
1998-07-29,0.003953663068845259
1998-07-30,0.003953506760501213
1998-07-31,0.003953350464525052
1998-08-03,0.011859582542705915
1998-08-04,0.003952725404166024
1998-08-05,0.003952569169962672
1998-08-06,0.003952412948105
1998-08-07,0.003952256738637416
1998-08-10,0.011856301624280086
1998-08-11,0.003951632024024043
1998-08-12,0.003951475876262656
1998-08-13,0.003951319740780335
1998-08-14,0.003951163617688103
1998-08-17,0.011853022520758039
1998-08-18,0.003950539248598339
1998-08-19,0.003950383187167894
1998-08-20,0.003950227138083129
1998-08-21,0.00395007110127743
1998-08-24,0.01184974523047444
1998-08-25,0.003949447077422619
1998-08-26,0.003949291102234298
1998-08-27,0.003949135139391657
1998-08-28,0.003948979188872492
1998-08-31,0.011846469752030409
1998-09-01,0.004079967360248737
1998-09-02,0.004079800905709696
1998-09-03,0.004079634464759785
1998-09-04,0.004079468037354594
1998-09-07,0.012237904870682215
1998-09-08,0.004078802463602926
1998-09-09,0.004078636104076772
1998-09-10,0.004078469758139747
1998-09-11,0.004078303425769647
1998-09-14,0.012234411320921623
1998-09-15,0.004077638231936298
1998-09-16,0.004077471967378621
1998-09-17,0.004077305716387869
1998-09-18,0.0040771394789640425
1998-09-21,0.012230919765165993
1998-09-22,0.0040764746647159456
1998-09-23,0.004076308495037928
1998-09-24,0.004076142338882427
1998-09-25,0.004075976196293851
1998-09-28,0.01222743020174999
1998-09-29,0.004075311761342348
1998-09-30,0.004075145686455173
1998-10-01,0.008149959250203231
1998-10-02,0.00814929508601292
1998-10-05,0.024445893089941606
1998-10-06,0.00814663951120842
1998-10-07,0.008145975887896562
1998-10-08,0.008145312372720426
1998-10-09,0.008144648965635604
1998-10-12,0.02443195699974865
1998-10-13,0.008141996417521113
1998-10-14,0.008141333550426566
1998-10-15,0.008140670791290106
1998-10-16,0.00814000814000071
1998-10-19,0.024418036789830566
1998-10-20,0.00813735861340259
1998-10-21,0.00813669650121529
1998-10-22,0.008136034496808442
1998-10-23,0.008135372600048818
1998-10-26,0.024404132433097914
1998-10-27,0.00813272608979343
1998-10-28,0.008132064731225519
1998-10-29,0.008131403480260424
1998-10-30,0.008130742336764918
1998-11-02,0.0
1998-11-03,0.0
1998-11-04,0.0
1998-11-05,0.0
1998-11-06,0.0
1998-11-09,0.0
1998-11-10,0.0
1998-11-11,0.0
1998-11-12,0.0
1998-11-13,0.0
1998-11-16,0.0
1998-11-17,0.0
1998-11-18,0.0
1998-11-19,0.0
1998-11-20,0.0
1998-11-23,0.0
1998-11-24,0.0
1998-11-25,0.0
1998-11-26,0.0
1998-11-27,0.0
1998-11-30,0.0
1998-12-01,-0.001966955153420713
1998-12-02,-0.0019669938433053424
1998-12-03,-0.0019670325347109774
1998-12-04,-0.00196707122764872
1998-12-07,-0.005901329766322405
1998-12-08,-0.001967226014598644
1998-12-09,-0.0019672647151414147
1998-12-10,-0.0019673034172051906
1998-12-11,-0.001967342120789972
1998-12-14,-0.005902142477709482
1998-12-15,-0.0019674969503724604
1998-12-16,-0.0019675356615955764
1998-12-17,-0.001967574374306391
1998-12-18,-0.001967613088560416
1998-12-21,-0.005902955413006339
1998-12-22,-0.001967767960797673
1998-12-23,-0.0019678066826678275
1998-12-24,-0.001967845406058988
1998-12-25,-0.001967884130982256
1998-12-28,-0.0059037685722795885
1998-12-29,-0.0019680390458742814
1998-12-30,-0.001968077778446986
1998-12-31,-0.0019681165124962874
1999-01-01,0.008415560371122233
1999-01-04,0.0252445566424786
1999-01-05,0.008412728458151442
1999-01-06,0.008412020777703866
1999-01-07,0.008411313216272198
1999-01-08,0.008410605773878643
1999-01-11,0.025229695351436376
1999-01-12,0.008407777193908395
1999-01-13,0.008407070346172496
1999-01-14,0.008406363617252666
1999-01-15,0.008405657007148903
1999-01-18,0.025214851547561423
1999-01-19,0.008402831754295015
1999-01-20,0.0084021257378053
1999-01-21,0.008401419839954016
1999-01-22,0.008400714060696757
1999-01-25,0.025200025200011744
1999-01-26,0.008397892129052842
1999-01-27,0.008397186942388224
1999-01-28,0.008396481874095585
1999-01-29,0.008395776924219334
1999-02-01,0.013042344143987528
1999-02-02,0.004346881112815559
1999-02-03,0.0043466921672452585
1999-02-04,0.004346503238150667
1999-02-05,0.004346314325442968
1999-02-08,0.013038376287544118
1999-02-09,0.00434555883888077
1999-02-10,0.004345370008262961
1999-02-11,0.004345181194054248
1999-02-12,0.004344992396276837
1999-02-15,0.013034410844636746
1999-02-16,0.004344237369124926
1999-02-17,0.004344048653326382
1999-02-18,0.004343859953959139
1999-02-19,0.004343671270956584
1999-02-22,0.01303044781306717
1999-02-23,0.004342916702859689
1999-02-24,0.004342728101791593
1999-02-25,0.004342539517088184
1999-02-26,0.004342350948816076
1999-03-01,0.027631942525552233
1999-03-02,0.009208103130764478
1999-03-03,0.009207255317189578
1999-03-04,0.00920640765973424
1999-03-05,0.00920556015833185
1999-03-08,0.02761413843888061
1999-03-09,0.009202171712519025
1999-03-10,0.00920132499080406
1999-03-11,0.009200478424875591
1999-03-12,0.009199632014733616
1999-03-15,0.027596357280823547
1999-03-16,0.00919624793085383
1999-03-17,0.009195402298844968
1999-03-18,0.009194556822378352
1999-03-19,0.009193711501320756
1999-03-22,0.027578599007171967
1999-03-23,0.009190331770958515
1999-03-24,0.009189487226612947
1999-03-25,0.009188642837454353
1999-03-26,0.009187798603460529
1999-03-29,0.027560863573716787
1999-03-30,0.009184423218222548
1999-03-31,0.00918357975938644
1999-04-01,0.024242424242415517
1999-04-02,0.024236548715483863
1999-04-05,0.07269202810757935
1999-04-06,0.024213075060552924
1999-04-07,0.024207213749694034
1999-04-08,0.02420135527589906
1999-04-09,0.024195499637080786
1999-04-12,0.07256894049345597
1999-04-13,0.02417210539038539
1999-04-14,0.02416626389560861
1999-04-15,0.02416042522348505
1999-04-16,0.024154589371971902
1999-04-19,0.07244626901714568
1999-04-20,0.024131274131278246
1999-04-21,0.024125452352241616
1999-04-22,0.024119633381558536
1999-04-23,0.02411381721725281
1999-04-26,0.07232401157184487
1999-04-27,0.024090580582991628
1999-04-28,0.02408477842004153
1999-04-29,0.024078979051300742
1999-04-30,0.02407318247472645
1999-05-03,0.0
1999-05-04,0.0
1999-05-05,0.0
1999-05-06,0.0
1999-05-07,0.0
1999-05-10,0.0
1999-05-11,0.0
1999-05-12,0.0
1999-05-13,0.0
1999-05-14,0.0
1999-05-17,0.0
1999-05-18,0.0
1999-05-19,0.0
1999-05-20,0.0
1999-05-21,0.0
1999-05-24,0.0
1999-05-25,0.0
1999-05-26,0.0
1999-05-27,0.0
1999-05-28,0.0
1999-05-31,0.0
1999-06-01,0.0
1999-06-02,0.0
1999-06-03,0.0
1999-06-04,0.0
1999-06-07,0.0
1999-06-08,0.0
1999-06-09,0.0
1999-06-10,0.0
1999-06-11,0.0
1999-06-14,0.0
1999-06-15,0.0
1999-06-16,0.0
1999-06-17,0.0
1999-06-18,0.0
1999-06-21,0.0
1999-06-22,0.0
1999-06-23,0.0
1999-06-24,0.0
1999-06-25,0.0
1999-06-28,0.0
1999-06-29,0.0
1999-06-30,0.0
1999-07-01,0.010028078620138992
1999-07-02,0.010027073097362837
1999-07-05,0.030078203328653963
1999-07-06,0.010023053021934736
1999-07-07,0.010022048506730385
1999-07-08,0.010021044192787265
1999-07-09,0.010020040080171988
1999-07-12,0.03005710850614296
1999-07-13,0.01001602564103532
1999-07-14,0.010015022533793605
1999-07-15,0.010014019627480053
1999-07-16,0.010013016922005846
1999-07-19,0.03003604325189091
1999-07-20,0.01000900810730343
1999-07-21,0.010008006405115566
1999-07-22,0.01000700490343398
1999-07-23,0.01000600360214765
1999-07-26,0.03001500750376973
1999-07-27,0.010002000400066713
1999-07-28,0.010001000100023916
1999-07-29,0.009999999999998899
1999-07-30,0.009999000099991662
1999-08-02,0.022495500899810672
1999-08-03,0.007496813854124262
1999-08-04,0.007496251874061777
1999-08-05,0.007495689978265219
1999-08-06,0.007495128166712384
1999-08-09,0.02248369931798777
1999-08-10,0.00749288176231655
1999-08-11,0.007492320371627059
1999-08-12,0.00749175906502586
1999-08-13,0.007491197842535158
1999-08-16,0.022471910112353832
1999-08-17,0.007488953793144404
1999-08-18,0.007488392990873116
1999-08-19,0.0074878322725568935
1999-08-20,0.0074872716382179405
1999-08-23,0.02246013326345775
1999-08-24,0.007485029940101917
1999-08-25,0.0074844697253384496
1999-08-26,0.007483909594374616
1999-08-27,0.007483349547254825
1999-08-30,0.022448368751892822
1999-08-31,0.007481110196749796
1999-09-01,0.015958507879543227
1999-09-02,0.01595596154611023
1999-09-03,0.01595341602520506
1999-09-06,0.04785261394901763
1999-09-07,0.01594324205826947
1999-09-08,0.01594070059378616
1999-09-09,0.015938159939432595
1999-09-10,0.01593562009480909
1999-09-13,0.04779924317863671
1999-09-14,0.015925468805999543
1999-09-15,0.01592293300425318
1999-09-16,0.01592039800994982
1999-09-17,0.015917863822667577
1999-09-20,0.04774599132613133
1999-09-21,0.015907735136222456
1999-09-22,0.01590520497833925
1999-09-23,0.015902675625167895
1999-09-24,0.01590014707635312
1999-09-27,0.04769285799450795
1999-09-28,0.015890040916866077
1999-09-29,0.015887516383994438
1999-09-30,0.015884992653214525
1999-10-01,0.006161302910179245
1999-10-04,0.018482769951133626
1999-10-05,0.0061597848181715875
1999-10-06,0.006159405412065055
1999-10-07,0.006159026052676708
1999-10-08,0.00615864674002875
1999-10-11,0.018474802422252523
1999-10-12,0.006157129956485541
1999-10-13,0.0061567508773396895
1999-10-14,0.006156371844867614
1999-10-15,0.006155992859024906
1999-10-18,0.018466841759678942
1999-10-19,0.006154477382303014
1999-10-20,0.006154098629695959
1999-10-21,0.006153719923696066
1999-10-22,0.006153341264303336
1999-10-25,0.0184588879545311
1999-10-26,0.00615182709264861
1999-10-27,0.0061514486661584655
1999-10-28,0.006151070286231075
1999-10-29,0.006150691952844234
1999-11-01,0.005573721759821737
1999-11-02,0.0018578037044747475
1999-11-03,0.0018577691907495364
1999-11-04,0.0018577346783343884
1999-11-05,0.0018577001671848947
1999-11-08,0.005572996972014188
1999-11-09,0.001857562135465507
1999-11-10,0.0018575276307331023
1999-11-11,0.001857493127266352
1999-11-12,0.0018574586251096648
1999-11-15,0.0055722723726781
1999-11-16,0.0018573206292504807
1999-11-17,0.0018572861335108826
1999-11-18,0.0018572516390369387
1999-11-19,0.001857217145828649
1999-11-22,0.005571547961746859
1999-11-23,0.0018570791858740776
1999-11-24,0.0018570446990606726
1999-11-25,0.0018570102135573308
1999-11-26,0.0018569757293418476
1999-11-29,0.005570823739131647
1999-11-30,0.0018568378052252754
1999-12-01,0.0
1999-12-02,0.0
1999-12-03,0.0
1999-12-06,0.0
1999-12-07,0.0
1999-12-08,0.0
1999-12-09,0.0
1999-12-10,0.0
1999-12-13,0.0
1999-12-14,0.0
1999-12-15,0.0
1999-12-16,0.0
1999-12-17,0.0
1999-12-20,0.0
1999-12-21,0.0
1999-12-22,0.0
1999-12-23,0.0
1999-12-24,0.0
1999-12-27,0.0
1999-12-28,0.0
1999-12-29,0.0
1999-12-30,0.0
1999-12-31,0.0
2000-01-03,0.028750503133823102
2000-01-04,0.009580746531767659
2000-01-05,0.00957982871268026
2000-01-06,0.009578911069385576
2000-01-07,0.00957799360190581
2000-01-10,0.028731228930412023
2000-01-11,0.009574325488781454
2000-01-12,0.009573408899421487
2000-01-13,0.009572492485609985
2000-01-14,0.009571576247169311
2000-01-17,0.028711980552431626
2000-01-18,0.009567913046804044
2000-01-19,0.00956699768479563
2000-01-20,0.009566082497891593
2000-01-21,0.00956516748609193
2000-01-24,0.028692757947879066
2000-01-25,0.009561509188626971
2000-01-26,0.009560595051416598
2000-01-27,0.009559681089044147
2000-01-28,0.009558767301354187
2000-01-31,0.028673561065128972
2000-02-01,0.0204281745383339
2000-02-02,0.020424002287477983
2000-02-03,0.020419831740592365
2000-02-04,0.020415662896589026
2000-02-07,0.061234487263228665
2000-02-08,0.020399004528570686
2000-02-09,0.02039484418341342
2000-02-10,0.020390685534832365
2000-02-11,0.02038652858191714
2000-02-14,0.061147119970650365
2000-02-15,0.02036991770553165
2000-02-16,0.020365769215113794
2000-02-17,0.020361622414055702
2000-02-18,0.020357477301424787
2000-02-21,0.06106000162826586
2000-02-22,0.0203409137138566
2000-02-23,0.020336777027574193
2000-02-24,0.020332642023501712
2000-02-25,0.02032850870059555
2000-02-28,0.0609731311735251
2000-02-29,0.020311992200205964
2000-03-01,0.02659675519585125
2000-03-02,0.02658968320292665
2000-03-03,0.026582614969794527
2000-03-06,0.07972665148063829
2000-03-07,0.02655437957588269
2000-03-08,0.02654733009708199
2000-03-09,0.026540284360199173
2000-03-10,0.026533242362214438
2000-03-13,0.07957861230056817
2000-03-14,0.026505111700125816
2000-03-15,0.026498088352200355
2000-03-16,0.026491068725409406
2000-03-17,0.026484052816755366
2000-03-20,0.07943112187003276
2000-03-21,0.02645602630486632
2000-03-22,0.026449028942776565
2000-03-23,0.026442035281237786
2000-03-24,0.026435045317207972
2000-03-27,0.07928417714349045
2000-03-28,0.02640712237815812
2000-03-29,0.026400150857996962
2000-03-30,0.026393183017892063
2000-03-31,0.026386218854823618
2000-04-03,0.0062583444592867465
2000-04-04,0.0020859842716713928
2000-04-05,0.0020859407592777046
2000-04-06,0.002085897248704782
2000-04-07,0.002085853739930421
2000-04-10,0.006257430698952682
2000-04-11,0.00208567972301843
2000-04-12,0.002085636223325693
2000-04-13,0.002085592725453722
2000-04-14,0.002085549229402517
2000-04-17,0.006256517205427414
2000-04-18,0.0020853752632721267
2000-04-19,0.0020853317762803414
2000-04-20,0.002085288291109322
2000-04-21,0.0020852448077368635
2000-04-24,0.006255603978577717
2000-04-25,0.0020850708923880745
2000-04-26,0.002085027418119445
2000-04-27,0.0020849839456271724
2000-04-28,0.0020849404749556655
2000-05-01,0.010614021121901906
2000-05-02,0.003537631555672327
2000-05-03,0.0035375064117326716
2000-05-04,0.0035373812766303914
2000-05-05,0.0035372561504098954
2000-05-08,0.01061139309905812
2000-05-09,0.0035367557339682776
2000-05-10,0.003536630651979067
2000-05-11,0.0035365055788272315
2000-05-12,0.0035363805145571803
2000-05-15,0.01060876637726249
2000-05-16,0.0035358803458063193
2000-05-17,0.0035357553257231444
2000-05-18,0.0035356303144995493
2000-05-19,0.003535505312091125
2000-05-22,0.010606140955604637
2000-05-23,0.003535005390897794
2000-05-24,0.003534880432676246
2000-05-25,0.0035347554832920736
2000-05-26,0.003534630542745276
2000-05-29,0.010603516833085358
2000-05-30,0.003534130868865226
2000-05-31,0.0035340059724608963
2000-06-01,0.01749271137025943
2000-06-02,0.017489651955937546
2000-06-05,0.0524597808347016
2000-06-06,0.01747742499271787
2000-06-07,0.01747437092265436
2000-06-08,0.01747131791975942
2000-06-09,0.017468265983455744
2000-06-12,0.05239564533969787
2000-06-13,0.017456068893273446
2000-06-14,0.017453022281710417
2000-06-15,0.01744997673336357
2000-06-16,0.017446932247722202
2000-06-19,0.05233166647284904
2000-06-20,0.017434764921264723
2000-06-21,0.017431725740846282
2000-06-22,0.017428687619824856
2000-06-23,0.01742565055762313
2000-06-26,0.05226784366108017
2000-06-27,0.017413512885999793
2000-06-28,0.0174104811096365
2000-06-29,0.017407450388762236
2000-06-30,0.0174044207228663
2000-07-03,0.022453409175948735
2000-07-04,0.0074827895839568725
2000-07-05,0.0074822297044363495
2000-07-06,0.007481669908737665
2000-07-07,0.007481110196749796
2000-07-10,0.022441651705551457
2000-07-11,0.007478872186084118
2000-07-12,0.007478312892605921
2000-07-13,0.0074777536827941304
2000-07-14,0.0074771945566043385
2000-07-17,0.022429906542065225
2000-07-18,0.007474958887732086
2000-07-19,0.007474400179385832
2000-07-20,0.007473841554550553
2000-07-21,0.007473283013248455
2000-07-24,0.022418173666105545
2000-07-25,0.007471049682483688
2000-07-26,0.007470491558358994
2000-07-27,0.007469933517589844
2000-07-28,0.007469375560220648
2000-07-31,0.022406453058487763
2000-08-01,0.0
2000-08-02,0.0
2000-08-03,0.0
2000-08-04,0.0
2000-08-07,0.0
2000-08-08,0.0
2000-08-09,0.0
2000-08-10,0.0
2000-08-11,0.0
2000-08-14,0.0
2000-08-15,0.0
2000-08-16,0.0
2000-08-17,0.0
2000-08-18,0.0
2000-08-21,0.0
2000-08-22,0.0
2000-08-23,0.0
2000-08-24,0.0
2000-08-25,0.0
2000-08-28,0.0
2000-08-29,0.0
2000-08-30,0.0
2000-08-31,0.0
2000-09-01,0.01795977011493921
2000-09-04,0.053869635482128864
2000-09-05,0.017946877243368853
2000-09-06,0.017943656917274176
2000-09-07,0.017940437746677418
2000-09-08,0.017937219730956855
2000-09-11,0.053802008608316854
2000-09-12,0.017924359204157803
2000-09-13,0.01792114695340352
2000-09-14,0.017917935853795086
2000-09-15,0.017914725904688567
2000-09-18,0.053734551316497736
2000-09-19,0.017901897601158012
2000-09-20,0.017898693395368426
2000-09-21,0.017895490336439224
2000-09-22,0.017892288423704272
2000-09-25,0.05366726296958113
2000-09-26,0.017879492222427906
2000-09-27,0.01787629603147156
2000-09-28,0.017873100983001322
2000-09-29,0.01786990707648428
2000-10-02,0.01619170984454854
2000-10-03,0.00539636285143974
2000-10-04,0.005396071659835577
2000-10-05,0.005395780499650726
2000-10-06,0.005395489370885187
2000-10-09,0.016185594820594673
2000-10-10,0.005394325169927328
2000-10-11,0.005394034198169528
2000-10-12,0.005393743257831041
2000-10-13,0.005393452348845251
2000-10-16,0.016179484413769707
2000-10-17,0.005392289026695529
2000-10-18,0.005391998274539844
2000-10-19,0.005391707553781266
2000-10-20,0.005391416864353182
2000-10-23,0.016173378618811185
2000-10-24,0.0053902544199901925
2000-10-25,0.005389963887236782
2000-10-26,0.00538967338579166
2000-10-27,0.005389382915654828
2000-10-30,0.016167277430478855
2000-10-31,0.005388221348145983
2000-11-01,0.0019157088122501165
2000-11-02,0.001915672113561584
2000-11-03,0.0019156354162719325
2000-11-06,0.005746796161143486
2000-11-07,0.0019154886411465455
2000-11-08,0.001915451950895708
2000-11-09,0.001915415262021547
2000-11-10,0.0019153785745684715
2000-11-13,0.0057460256655650355
2000-11-14,0.001915231838811593
2000-11-15,0.0019151951583973315
2000-11-16,0.0019151584793597465
2000-11-17,0.001915121801743247
2000-11-20,0.00574525537659909
2000-11-21,0.0019149751053326725
2000-11-22,0.0019149384347327825
2000-11-23,0.0019149017655317735
2000-11-24,0.00191486509775185
2000-11-27,0.005744485294134627
2000-11-28,0.0019147184406431705
2000-11-29,0.0019146817798798565
2000-11-30,0.0019146451205154236
2000-12-01,-0.0019806294440427585
2000-12-04,-0.005942006021231183
2000-12-05,-0.0019807863721910124
2000-12-06,-0.001980825608116632
2000-12-07,-0.001980864845596564
2000-12-08,-0.0019809040846197057
2000-12-11,-0.005942829975635888
2000-12-12,-0.0019810610562998043
2000-12-13,-0.0019811003031056096
2000-12-14,-0.001981139551465727
2000-12-15,-0.0019811788013690546
2000-12-18,-0.005943654158580003
2000-12-19,-0.0019813358166032025
2000-12-20,-0.0019813750743002956
2000-12-21,-0.001981414333551701
2000-12-22,-0.0019814535943574185
2000-12-25,-0.005944478570152345
2000-12-26,-0.0019816106531345135
2000-12-27,-0.0019816499217228944
2000-12-28,-0.0019816891918655877
2000-12-29,-0.001981728463562593
2001-01-01,0.057471264367814356
2001-01-02,0.019146084625698556
2001-01-03,0.01914241960183638
2001-01-04,0.019138755980852018
2001-01-05,0.019135093761968314
2001-01-08,0.05739429883300229
2001-01-09,0.019120458891008774
2001-01-10,0.019116803670415905
2001-01-11,0.019113149847083122
2001-01-12,0.019109497420211063
2001-01-15,0.057317539166978904
2001-01-16,0.01909490166125405
2001-01-17,0.019091256204650797
2001-01-18,0.019087612139712107
2001-01-19,0.019083969465638617
2001-01-22,0.05724098454493731
2001-01-23,0.019069412662098273
2001-01-24,0.019065776930404787
2001-01-25,0.01906214258482475
2001-01-26,0.01905850962453659
2001-01-29,0.05716463414633388
2001-01-30,0.019043991620648626
2001-01-31,0.0190403655750071
2001-02-01,0.014277555682462584
2001-02-02,0.014275517487516431
2001-02-05,0.04282043962318127
2001-02-06,0.014267370523612932
2001-02-07,0.01426533523538609
2001-02-08,0.014263300527739275
2001-02-09,0.014261266400450445
2001-02-12,0.04277769855982605
2001-02-13,0.014253135689856755
2001-02-14,0.014251104460583086
2001-02-15,0.014249073810201907
2001-02-16,0.014247043738424559
2001-02-19,0.04273504273504258
2001-02-20,0.014238929232512909
2001-02-21,0.014236902050113187
2001-02-22,0.014234875444851802
2001-02-23,0.014232849416462301
2001-02-26,0.04269247189412351
2001-02-27,0.014224751066849173
2001-02-28,0.014222727919221967
2001-03-01,0.007584376185043595
2001-03-02,0.007583801001076473
2001-03-05,0.0227496777128966
2001-03-06,0.007581501137221558
2001-03-07,0.007580926389239018
2001-03-08,0.007580351728297963
2001-03-09,0.007579777154553824
2001-03-12,0.02273760800364233
2001-03-13,0.0075774797302363694
2001-03-14,0.00757690559176627
2001-03-15,0.007576331540271042
2001-03-16,0.007575757575750686
2001-03-19,0.022725551094615604
2001-03-20,0.0075734625870849115
2001-03-21,0.0075728890571724605
2001-03-22,0.007572315614123859
2001-03-23,0.0075717422578724936
2001-03-26,0.022713506965477137
2001-03-27,0.007569449701017028
2001-03-28,0.00756887677868523
2001-03-29,0.007568303943106258
2001-03-30,0.007567731194191296
2001-04-02,0.03844604738014734
2001-04-03,0.012810424025055944
2001-04-04,0.012808783165607629
2001-04-05,0.012807142726445342
2001-04-06,0.01280550270745806
2001-04-09,0.038411589325226814
2001-04-10,0.012798946829528646
2001-04-11,0.012797308908751859
2001-04-12,0.012795671407173081
2001-04-13,0.012794034324548065
2001-04-16,0.038377192982474995
2001-04-17,0.012787490181009886
2001-04-18,0.012785855191088658
2001-04-19,0.012784220619121989
2001-04-20,0.01278258646506547
2001-04-23,0.0383428581862022
2001-04-24,0.012776054024454808
2001-04-25,0.012774421957395532
2001-04-26,0.012772790307291615
2001-04-27,0.012771159073921012
2001-04-30,0.03830858477142929
2001-05-01,0.01458815806270053
2001-05-02,0.01458603022954641
2001-05-03,0.014583903017029165
2001-05-04,0.014581776424926751
2001-05-07,0.043738951358629485
2001-05-08,0.014573276254647993
2001-05-09,0.014571152760334272
2001-05-10,0.014569029884725637
2001-05-11,0.014566907627600045
2001-05-14,0.04369435796602872
2001-05-15,0.014558424778443602
2001-05-16,0.014556305609647602
2001-05-17,0.014554187057691514
2001-05-18,0.01455206912233109
2001-05-21,0.04364985540985522
2001-05-22,0.014543603541361527
2001-05-23,0.014541488684916004
2001-05-24,0.01453937444340081
2001-05-25,0.014537260816638309
2001-05-28,0.0436054434128641
2001-05-29,0.014528812451186646
2001-05-30,0.014526701893924354
2001-05-31,0.014524591949749421
2001-06-01,0.005821512428938469
2001-06-04,0.017463520645777386
2001-06-05,0.005820157144231786
2001-06-06,0.005819818421670675
2001-06-07,0.005819479738522482
2001-06-08,0.005819141094765001
2001-06-11,0.017456407471350133
2001-06-12,0.0058177869138642535
2001-06-13,0.005817448467104747
2001-06-14,0.005817110059713748
2001-06-15,0.005816771691713463
2001-06-18,0.017449300089178443
2001-06-19,0.005815418613219769
2001-06-20,0.005815080441973208
2001-06-21,0.005814742309984133
2001-06-22,0.005814404217363567
2001-06-25,0.017442198492223504
2001-06-26,0.005813052239966865
2001-06-27,0.005812714343833569
2001-06-28,0.005812376487002169
2001-06-29,0.005812038669428254
2001-07-02,-0.02633426966291985
2001-07-03,-0.008780402142416488
2001-07-04,-0.008781173164740252
2001-07-05,-0.00878194432247792
2001-07-06,-0.008782715615673897
2001-07-09,-0.026350461133073377
2001-07-10,-0.008785802143740362
2001-07-11,-0.008786574114749701
2001-07-12,-0.008787346221439396
2001-07-13,-0.008788118463831651
2001-07-16,-0.02636667252592373
2001-07-17,-0.008791208791203431
2001-07-18,-0.008791981712674701
2001-07-19,-0.008792754770070577
2001-07-20,-0.008793527963424363
2001-07-23,-0.0263829038782859
2001-07-24,-0.008796622097118068
2001-07-25,-0.00879739597079432
2001-07-26,-0.008798169980639425
2001-07-27,-0.008798944126708896
2001-07-30,-0.026399155227030402
2001-07-31,-0.008802042073763339
2001-08-01,0.0
2001-08-02,0.0
2001-08-03,0.0
2001-08-06,0.0
2001-08-07,0.0
2001-08-08,0.0
2001-08-09,0.0
2001-08-10,0.0
2001-08-13,0.0
2001-08-14,0.0
2001-08-15,0.0
2001-08-16,0.0
2001-08-17,0.0
2001-08-20,0.0
2001-08-21,0.0
2001-08-22,0.0
2001-08-23,0.0
2001-08-24,0.0
2001-08-27,0.0
2001-08-28,0.0
2001-08-29,0.0
2001-08-30,0.0
2001-08-31,0.0
2001-09-03,0.048289738430584705
2001-09-04,0.0160888102324952
2001-09-05,0.016086222150724083
2001-09-06,0.01608363490148701
2001-09-07,0.016081048484362093
2001-09-10,0.04823538869684896
2001-09-11,0.016070711128968185
2001-09-12,0.01606812886640885
2001-09-13,0.01606554743351918
2001-09-14,0.016062966829988312
2001-09-17,0.048181161165983255
2001-09-18,0.01605265270085976
2001-09-19,0.016050076237861255
2001-09-20,0.016047500601779063
2001-09-21,0.016044925792213505
2001-09-24,0.0481270554263169
2001-09-25,0.016034634811190607
2001-09-26,0.016032064128257417
2001-09-27,0.01602949426944278
2001-09-28,0.01602692523439142
2001-10-01,-0.030591954316017134
2001-10-02,-0.010200438618845897
2001-10-03,-0.010201479214488884
2001-10-04,-0.010202520022450923
2001-10-05,-0.010203561042798626
2001-10-08,-0.030613806826884638
2001-10-09,-0.010207727249533782
2001-10-10,-0.010208769332842316
2001-10-11,-0.010209811628980603
2001-10-12,-0.010210854137937542
2001-10-15,-0.030635690579527974
2001-10-16,-0.010215026303694863
2001-10-17,-0.010216069877921896
2001-10-18,-0.010217113665378363
2001-10-19,-0.010218157666175287
2001-10-22,-0.03065760564098241
2001-10-23,-0.01022233580373344
2001-10-24,-0.010223380872065313
2001-10-25,-0.01022442615407071
2001-10-26,-0.010225471649882856
2001-10-29,-0.030679552078538563
2001-10-30,-0.010229655772076018
2001-10-31,-0.010230702337721276
2001-11-01,-0.005627462014623497
2001-11-02,-0.005627778715755483
2001-11-05,-0.016884286357476963
2001-11-06,-0.005629045876731631
2001-11-07,-0.005629362756132128
2001-11-08,-0.005629679671226295
2001-11-09,-0.005629996621991928
2001-11-12,-0.01689094082542031
2001-11-13,-0.005631264782068879
2001-11-14,-0.005631581911358374
2001-11-15,-0.005631899076363744
2001-11-16,-0.005632216277118296
2001-11-19,-0.016897600540721758
2001-11-20,-0.005633485437439578
2001-11-21,-0.005633802816895628
2001-11-22,-0.0056341202321341655
2001-11-23,-0.005634437683110782
2001-11-26,-0.016904265509665173
2001-11-27,-0.005635707844897642
2001-11-28,-0.005636025474831108
2001-11-29,-0.005636343140580369
2001-11-30,-0.005636660842112118
2001-12-03,-0.03818598392552053
2001-12-04,-0.012733523729835383
2001-12-05,-0.01273514536259679
2001-12-06,-0.012736767408416672
2001-12-07,-0.012738389867528177
2001-12-10,-0.038220038220038166
2001-12-11,-0.012744883839488352
2001-12-12,-0.0127465083671785
2001-12-13,-0.012748133309070653
2001-12-14,-0.01274975866525363
2001-12-17,-0.03825415330808157
2001-12-18,-0.01275626423689058
2001-12-19,-0.01275789166728103
2001-12-20,-0.012759519512950401
2001-12-21,-0.012761147774098536
2001-12-24,-0.038288329352564876
2001-12-25,-0.0127676649764763
2001-12-26,-0.012769295317305307
2001-12-27,-0.012770926074590072
2001-12-28,-0.012772557248441618
2001-12-31,-0.038322566517012824
2002-01-01,0.007302334921588383
2002-01-02,0.007301801719594714
2002-01-03,0.007301268595405475
2002-01-04,0.007300735549109483
2002-01-07,0.02190060774185376
2002-01-08,0.007298604141947607
2002-01-09,0.007298071484629354
2002-01-10,0.007297538905004508
2002-01-11,0.007297006403139683
2002-01-14,0.021889421936838183
2002-01-15,0.007294877172503433
2002-01-16,0.007294345059016827
2002-01-17,0.007293813023090401
2002-01-18,0.007293281064812973
2002-01-21,0.021878247552375996
2002-01-22,0.007291154007393885
2002-01-23,0.0072906224368951555
2002-01-24,0.0072900909438677886
2002-01-25,0.007289559528356193
2002-01-28,0.021867084570970086
2002-01-29,0.007287434640823598
2002-01-30,0.00728690361249118
2002-01-31,0.007286372661519103
2002-02-01,0.0141163184641524
2002-02-04,0.042342978122777986
2002-02-05,0.014108352144481806
2002-02-06,0.014106361969257186
2002-02-07,0.014104372355427941
2002-02-08,0.014102383302772026
2002-02-11,0.04230118443315778
2002-02-12,0.014094432699085502
2002-02-13,0.014092446448699114
2002-02-14,0.014090460758064971
2002-02-15,0.014088475626938823
2002-02-18,0.04225947316525147
2002-02-19,0.014080540692762433
2002-02-20,0.014078558355601345
2002-02-21,0.014076576576571576
2002-02-22,0.014074595355384467
2002-02-25,0.04221784407543172
2002-02-26,0.014066676044444115
2002-02-27,0.014064697609006416
2002-02-28,0.014062719729990292
2002-03-01,0.01939412745821656
2002-03-04,0.0581711005972263
2002-03-05,0.019379093833582495
2002-03-06,0.01937533906841704
2002-03-07,0.019371585758021226
2002-03-08,0.019367833901440257
2002-03-11,0.058092250493801956
2002-03-12,0.019352840997055587
2002-03-13,0.019349096397180965
2002-03-14,0.01934535324614739
2002-03-15,0.019341611543088888
2002-03-18,0.05801361386137405
2002-03-19,0.019326659193685813
2002-03-20,0.01932292471786834
2002-03-21,0.019319191685029935
2002-03-22,0.01931546009428242
2002-03-25,0.05793518983427948
2002-03-26,0.01930054813557014
2002-03-27,0.01929682374282038
2002-03-28,0.019293100787143302
2002-03-29,0.019289379267783957
2002-04-01,0.05243288590603967
2002-04-02,0.017468469412706966
2002-04-03,0.017465418471429572
2002-04-04,0.017462368595677624
2002-04-05,0.01745931978489601
2002-04-08,0.052368816115633265
2002-04-09,0.01744713518039287
2002-04-10,0.017444091686136254
2002-04-11,0.017441049253519303
2002-04-12,0.017438007881986906
2002-04-15,0.05230490271288524
2002-04-16,0.017425852995511804
2002-04-17,0.017422816921031092
2002-04-18,0.01741978190432647
2002-04-19,0.01741674794482062
2002-04-22,0.052241145125897503
2002-04-23,0.01740462266777154
2002-04-24,0.017401593985999497
2002-04-25,0.017398566358139966
2002-04-26,0.017395539783593428
2002-04-29,0.052177542785591946
2002-04-30,0.017383444007923465
2002-05-01,0.0
2002-05-02,0.0
2002-05-03,0.0
2002-05-06,0.0
2002-05-07,0.0
2002-05-08,0.0
2002-05-09,0.0
2002-05-10,0.0
2002-05-13,0.0
2002-05-14,0.0
2002-05-15,0.0
2002-05-16,0.0
2002-05-17,0.0
2002-05-20,0.0
2002-05-21,0.0
2002-05-22,0.0
2002-05-23,0.0
2002-05-24,0.0
2002-05-27,0.0
2002-05-28,0.0
2002-05-29,0.0
2002-05-30,0.0
2002-05-31,0.0
2002-06-03,0.005959002065769603
2002-06-04,0.0019862156632965977
2002-06-05,0.001986176213564228
2002-06-06,0.0019861367653861706
2002-06-07,0.0019860973187624253
2002-06-10,0.005958173621167795
2002-06-11,0.001985939548010407
2002-06-12,0.0019859001092248363
2002-06-13,0.0019858606720157823
2002-06-14,0.0019858212363610406
2002-06-17,0.0059573454068928555
2002-06-18,0.0019856635094628317
2002-06-19,0.0019856240816462645
2002-06-20,0.0019855846553840095
2002-06-21,0.0019855452307204757
2002-06-24,0.005956517422811558
2002-06-25,0.001985387547653872
2002-06-26,0.0019853481307841037
2002-06-27,0.0019853087155130567
2002-06-28,0.0019852693017741174
2002-07-01,0.010106624892625149
2002-07-02,0.0033685345190548333
2002-07-03,0.0033684210526185865
2002-07-04,0.0033683075938428786
2002-07-05,0.003368194142705505
2002-07-08,0.010104242097641603
2002-07-09,0.0033677404145615597
2002-07-10,0.0033676270016380627
2002-07-11,0.0033675135963306957
2002-07-12,0.0033674001986838675
2002-07-15,0.010101860425959508
2002-07-16,0.003366946684391081
2002-07-17,0.0033668333249137206
2002-07-18,0.0033667199730746944
2002-07-19,0.003366606628851798
2002-07-22,0.010099479876779505
2002-07-23,0.0033661533282991485
2002-07-24,0.0033660400222235154
2002-07-25,0.0033659267237640123
2002-07-26,0.003365813432965048
2002-07-29,0.010097100449324437
2002-07-30,0.003365360345952695
2002-07-31,0.0033652470932565848
2002-08-01,0.011104941699069393
2002-08-02,0.011103708638682264
2002-08-05,0.03330742755633942
2002-08-06,0.011098779134299797
2002-08-07,0.011097547442018296
2002-08-08,0.011096316023073705
2002-08-09,0.011095084877399408
2002-08-12,0.033281562014653154
2002-08-13,0.011090163025406774
2002-08-14,0.01108893324461846
2002-08-15,0.011087703736567533
2002-08-16,0.011086474501098564
2002-08-19,0.03325573661456804
2002-08-20,0.011081560283687786
2002-08-21,0.01108033240997397
2002-08-22,0.011079104808331408
2002-08-23,0.011077877478671283
2002-08-26,0.033229951262736535
2002-08-27,0.011072970878078792
2002-08-28,0.011071744906998582
2002-08-29,0.011070519207345697
2002-08-30,0.011069293779053524
2002-09-02,0.01606655122552425
2002-09-03,0.0053546567665208045
2002-09-04,0.005354370058352487
2002-09-05,0.005354083380937347
2002-09-06,0.005353796734142158
2002-09-09,0.016060530354411462
2002-09-10,0.005352650454093499
2002-09-11,0.005352363960753337
2002-09-12,0.00535207749805533
2002-09-13,0.005351791066088296
2002-09-16,0.01605451399417923
2002-09-17,0.005350645644575103
2002-09-18,0.005350359365796642
2002-09-19,0.005350073117660337
2002-09-20,0.005349786900143982
2002-09-23,0.01604850213980935
2002-09-24,0.0053486423362780755
2002-09-25,0.005348356271839272
2002-09-26,0.005348070237998215
2002-09-27,0.0053477842347327
2002-09-30,0.016042494786194794
2002-10-01,0.005346640527537083
2002-10-02,0.005346354677171483
2002-10-03,0.005346068857359221
2002-10-04,0.0053457830681225005
2002-10-07,0.01603649192829515
2002-10-08,0.005344640216642382
2002-10-09,0.005344354580105737
2002-10-10,0.005344068974122429
2002-10-11,0.00534378339864805
2002-10-14,0.016030493561092207
2002-10-15,0.005342641401906434
2002-10-16,0.005342355978998903
2002-10-17,0.005342070586533687
2002-10-18,0.005341785224621809
2002-10-21,0.016024499679501147
2002-10-22,0.005340644081686108
2002-10-23,0.005340358872096829
2002-10-24,0.005340073693038683
2002-10-25,0.005339788544334034
2002-10-28,0.016018510278570375
2002-10-29,0.005338648254249456
2002-10-30,0.005338363257845202
2002-10-31,0.005338078291794446
2002-11-01,0.0
2002-11-04,0.0
2002-11-05,0.0
2002-11-06,0.0
2002-11-07,0.0
2002-11-08,0.0
2002-11-11,0.0
2002-11-12,0.0
2002-11-13,0.0
2002-11-14,0.0
2002-11-15,0.0
2002-11-18,0.0
2002-11-19,0.0
2002-11-20,0.0
2002-11-21,0.0
2002-11-22,0.0
2002-11-25,0.0
2002-11-26,0.0
2002-11-27,0.0
2002-11-28,0.0
2002-11-29,0.0
2002-12-02,-0.02068394925539563
2002-12-03,-0.006896076132678619
2002-12-04,-0.006896551724133726
2002-12-05,-0.006897027381203014
2002-12-06,-0.00689750310387538
2002-12-09,-0.020693936676552394
2002-12-10,-0.006899406651039719
2002-12-11,-0.006899882701982829
2002-12-12,-0.006900358818673347
2002-12-13,-0.006900835001033556
2002-12-16,-0.020703933747412417
2002-12-17,-0.0069027403879484694
2002-12-18,-0.006903216899067921
2002-12-19,-0.0069036934760013935
2002-12-20,-0.006904170118759989
2002-12-23,-0.020713940481942306
2002-12-24,-0.006906077348056705
2002-12-25,-0.006906554320063041
2002-12-26,-0.006907031357916704
2002-12-27,-0.006907508461706513
2002-12-30,-0.020723956894164175
2002-12-31,-0.006909417536093976
2003-01-01,0.014265589614659291
2003-01-02,0.014263554834470504
2003-01-03,0.014261520634617497
2003-01-06,0.042778461044878924
2003-01-07,0.014253389634211189
2003-01-08,0.014251358332573183
2003-01-09,0.014249327609872076
2003-01-10,0.0142472974657748
2003-01-13,0.04273580370020014
2003-01-14,0.014239182670916506
2003-01-15,0.014237155416330083
2003-01-16,0.014235128738970815
2003-01-17,0.014233102638461226
2003-01-20,0.04269323134395986
2003-01-21,0.014225004000767427
2003-01-22,0.01422298078119777
2003-01-23,0.01422095813707891
2003-01-24,0.014218936068099985
2003-01-27,0.042650743722361106
2003-01-28,0.014210853539387003
2003-01-29,0.014208834342732679
2003-01-30,0.014206815719841615
2003-01-31,0.014204797670425151
2003-02-03,0.0825536598789256
2003-02-04,0.027495188342041565
2003-02-05,0.027487630566236376
2003-02-06,0.02748007694421961
2003-02-07,0.027472527472527375
2003-02-10,0.08239494644326495
2003-02-11,0.027442371020858225
2003-02-12,0.027434842249673963
2003-02-13,0.027427317608319512
2003-02-14,0.027419797093508613
2003-02-17,0.0822368421052655
2003-02-18,0.02738975623115536
2003-02-19,0.027382256297925345
2003-02-20,0.02737476047083298
2003-02-21,0.02736726874659201
2003-02-24,0.08207934336526002
2003-02-25,0.02733734281026301
2003-02-26,0.02732987154960842
2003-02-27,0.027322404371599163
2003-02-28,0.02731494127286016
2003-03-03,0.0581385105970611
2003-03-04,0.019368243124273654
2003-03-05,0.019364492562279345
2003-03-06,0.01936074345254557
2003-03-07,0.019356995794250764
2003-03-10,0.05805974875963127
2003-03-11,0.019342019658497023
2003-03-12,0.01933827924478493
2003-03-13,0.019334540277360368
2003-03-14,0.019330802755535004
2003-03-17,0.057981200035128744
2003-03-18,0.019315867106839413
2003-03-19,0.01931213680013144
2003-03-20,0.019308407934004457
2003-03-21,0.019304680507525873
2003-03-24,0.05790286355980001
2003-03-25,0.019289785181930696
2003-03-26,0.019286064941437253
2003-03-27,0.019282346135640616
2003-03-28,0.01927862876371922
2003-03-31,0.05782473847448788
2003-04-01,-0.007238508867168925
2003-04-02,-0.007239032865213879
2003-04-03,-0.007239556939109271
2003-04-04,-0.007240081088921713
2003-04-07,-0.02172181594382039
2003-04-08,-0.007242178447253167
2003-04-09,-0.007242702976739679
2003-04-10,-0.007243227582232059
2003-04-11,-0.0072437522636303875
2003-04-14,-0.02173283106348123
2003-04-15,-0.007245851749870802
2003-04-16,-0.00724637681158713
2003-04-17,-0.007246901949420348
2003-04-18,-0.007247427163348252
2003-04-21,-0.02174385736031237
2003-04-22,-0.007249528780617354
2003-04-23,-0.007250054375385062
2003-04-24,-0.0072505800464250925
2003-04-25,-0.007251105793626422
2003-04-28,-0.02175489485133353
2003-04-29,-0.007253209545232675
2003-04-30,-0.007253735673862227
2003-05-01,-0.005440696409153567
2003-05-02,-0.005440992437011349
2003-05-05,-0.01632386549135223
2003-05-06,-0.005442176870740223
2003-05-07,-0.005442473059769082
2003-05-08,-0.005442769281005511
2003-05-09,-0.0054430655345050205
2003-05-12,-0.01633008546078063
2003-05-13,-0.005444250871089462
2003-05-14,-0.005444547285893275
2003-05-15,-0.005444843732982374
2003-05-16,-0.0054451402123678605
2003-05-19,-0.016336310172060386
2003-05-20,-0.005446326452818173
2003-05-21,-0.005446623093674496
2003-05-22,-0.005446919766871616
2003-05-23,-0.005447216472398431
2003-05-26,-0.016342539630653796
2003-05-27,-0.0054484036177360196
2003-05-28,-0.005448700484933511
2003-05-29,-0.005448997384494003
2003-05-30,-0.00544929431638419
2003-06-02,0.010547596027077333
2003-06-03,0.0035154945421833617
2003-06-04,0.0035153709595281413
2003-06-05,0.0035152473855326605
2003-06-06,0.003515123820241328
2003-06-09,0.010545000790873615
2003-06-10,0.003514629645917644
2003-06-11,0.0035145061240138276
2003-06-12,0.003514382610836364
2003-06-13,0.0035142591063408446
2003-06-16,0.01054240683144858
2003-06-17,0.0035137651750893895
2003-06-18,0.0035136417139591813
2003-06-19,0.0035135182615109173
2003-06-20,0.0035133948177445973
2003-06-23,0.01053981414795846
2003-06-24,0.0035129011293877355
2003-06-25,0.0035127777289645223
2003-06-26,0.003512654337267662
2003-06-27,0.0035125309541861327
2003-06-30,0.010537222739337437
2003-07-01,0.003512037508568433
2003-07-02,0.003511914168807806
2003-07-03,0.0035117908377513274
2003-07-04,0.0035116675153101795
2003-07-07,0.01053463260471954
2003-07-08,0.0035111743122318018
2003-07-09,0.0035110510331337608
2003-07-10,0.0035109277626510504
2003-07-11,0.0035108045008280797
2003-07-14,0.010532043743105568
2003-07-15,0.003510311540155797
2003-07-16,0.00351018832160932
2003-07-17,0.0035100651117225823
2003-07-18,0.0035099419104733798
2003-07-21,0.010529456153585137
2003-07-22,0.003509449191940739
2003-07-23,0.003509326033923621
2003-07-24,0.0035092028845662426
2003-07-25,0.003509079743824195
2003-07-28,0.01052686983527007
2003-07-29,0.003508587267342378
2003-07-30,0.003508464169832415
2003-07-31,0.0035083410808933735
2003-08-01,0.01312557424386629
2003-08-04,0.03937155498894285
2003-08-05,0.013118686632052068
2003-08-06,0.013116965858439578
2003-08-07,0.013115245536132747
2003-08-08,0.013113525665020553
2003-08-11,0.039335418734931515
2003-08-12,0.013106650689032051
2003-08-13,0.013104933071228508
2003-08-14,0.013103215903553789
2003-08-15,0.013101499185830257
2003-08-18,0.03929934875364083
2003-08-19,0.013094636810895288
2003-08-20,0.013092922340285362
2003-08-21,0.013091208318538605
2003-08-22,0.013089494745477381
2003-08-25,0.03926334486306082
2003-08-26,0.013082644937023602
2003-08-27,0.013080933604925349
2003-08-28,0.01307922272046902
2003-08-29,0.013077512283521386
2003-09-01,0.030471289274114355
2003-09-02,0.010154002369278103
2003-09-03,0.010152971436294678
2003-09-04,0.01015194071267711
2003-09-05,0.010150910198269969
2003-09-08,0.030449639679264173
2003-09-09,0.01014679023203513
2003-09-10,0.010145760762947376
2003-09-11,0.01014473150278139
2003-09-12,0.010143702451403946
2003-09-15,0.0304280208262675
2003-09-16,0.010139588332713778
2003-09-17,0.010138560324435275
2003-09-18,0.010137532524567838
2003-09-19,0.010136504933111468
2003-09-22,0.0304064326497544
2003-09-23,0.010132396649553677
2003-09-24,0.010131370098953596
2003-09-25,0.010130343756320492
2003-09-26,0.010129317621632161
2003-09-29,0.030384875084399354
2003-09-30,0.010125215160816659
2003-10-01,-0.003483592280351111
2003-10-02,-0.003483713638741115
2003-10-03,-0.0034838350055910183
2003-10-06,-0.010451869142591441
2003-10-07,-0.003484320557467502
2003-10-08,-0.003484441966650209
2003-10-09,-0.003484563384203998
2003-10-10,-0.003484684810250993
2003-10-13,-0.010454418734329174
2003-10-14,-0.0034851705991156834
2003-10-15,-0.0034852920674621757
2003-10-16,-0.003485413544301874
2003-10-17,-0.0034855350296347787
2003-10-20,-0.010456969570227237
2003-10-21,-0.0034860210555764937
2003-10-22,-0.0034861425832088955
2003-10-23,-0.0034862641193456056
2003-10-24,-0.0034863856640088287
2003-10-27,-0.010459521651196013
2003-10-28,-0.0034868719271941018
2003-10-29,-0.003486993514201231
2003-10-30,-0.0034871151096793618
2003-10-31,-0.00348723671360629
2003-11-03,-0.028957528957540557
2003-11-04,-0.009655305590405838
2003-11-05,-0.009656237929711597
2003-11-06,-0.009657170449073327
2003-11-07,-0.009658103148524333
2003-11-10,-0.028977108084626835
2003-11-11,-0.009661835748775438
2003-11-12,-0.009662769349705336
2003-11-13,-0.009663703131057577
2003-11-14,-0.009664637092854367
2003-11-17,-0.028996713705786714
2003-11-18,-0.009668374746185648
2003-11-19,-0.0096693096113043
2003-11-20,-0.009670244657200566
2003-11-21,-0.009671179883929959
2003-11-24,-0.02901634587485491
2003-11-25,-0.009674922600599878
2003-11-26,-0.009675858732471898
2003-11-27,-0.00967679504549901
2003-11-28,-0.009677731539714518
2003-12-01,-0.009854644000995005
2003-12-02,-0.003285205078928932
2003-12-03,-0.003285313008194457
2003-12-04,-0.003285420944554307
2003-12-05,-0.003285528888008482
2003-12-08,-0.009856910515704254
2003-12-09,-0.003285960732735127
2003-12-10,-0.003286068711727541
2003-12-11,-0.003286176697692156
2003-12-12,-0.00328628469087322
2003-12-15,-0.009859178073179375
2003-12-16,-0.0032867167343186843
2003-12-17,-0.0032868247629380676
2003-12-18,-0.0032869327986739805
2003-12-19,-0.003287040841482014
2003-12-22,-0.009861446674219732
2003-12-23,-0.003287473083823933
2003-12-24,-0.0032875811621591033
2003-12-25,-0.0032876892476108033
2003-12-26,-0.0032877973401679306
2003-12-29,-0.009863716319524762
2003-12-30,-0.0032882297814951222
2003-12-31,-0.0032883379096015908
2004-01-01,0.01627780792186062
2004-01-02,0.01627515868278806
2004-01-05,0.048817530917766305
2004-01-06,0.01626457034427098
2004-01-07,0.016261925411975575
2004-01-08,0.01625928133976995
2004-01-09,0.016256638127232215
2004-01-12,0.04876198732188808
2004-01-13,0.01624607386547794
2004-01-14,0.016243434945040214
2004-01-15,0.016240796881761277
2004-01-16,0.016238159675241448
2004-01-19,0.048706569975109915
2004-01-20,0.0162276194082267
2004-01-21,0.01622498647917414
2004-01-22,0.016222354404371586
2004-01-23,0.01621972318339715
2004-01-26,0.048651278447486845
2004-01-27,0.01620920682947613
2004-01-28,0.016206579871402838
2004-01-29,0.016203953764715173
2004-01-30,0.016201328508946844
2004-02-02,0.05785251465597607
2004-02-03,0.019273021624321984
2004-02-04,0.019269307846458972
2004-02-05,0.019265595499562416
2004-02-06,0.019261884582788547
2004-02-09,0.05777452528599181
2004-02-10,0.019247055200555252
2004-02-11,0.019243351422071342
2004-02-12,0.019239649068802933
2004-02-13,0.01923594813988405
2004-02-16,0.057696745903523805
2004-02-17,0.019221158651450132
2004-02-18,0.01921746483204423
2004-02-19,0.019213772432080667
2004-02-20,0.01921008145073788
2004-02-23,0.05761917566167174
2004-02-24,0.01919533169532084
2004-02-25,0.019191647794869482
2004-02-26,0.019187965308176125
2004-02-27,0.01918428423435259
2004-03-01,0.058588028512840395
2004-03-02,0.01951790768031092
2004-03-03,0.01951409893645728
2004-03-04,0.01951029167888141
2004-03-05,0.0195064859065619
2004-03-08,0.05850804485616479
2004-03-09,0.019491277653238548
2004-03-10,0.019487479294544308
2004-03-11,0.019483682415999404
2004-03-12,0.019479887016649045
2004-03-15,0.058428279287170426
2004-03-16,0.01946472019465073
2004-03-17,0.019460932178638757
2004-03-18,0.019457145636736506
2004-03-19,0.0194533605680558
2004-03-22,0.058348730915103175
2004-03-23,0.019438235008251148
2004-03-24,0.019434457292777374
2004-03-25,0.01943068104537371
2004-03-26,0.019426906265196386
2004-03-29,0.05826939885400506
2004-03-30,0.01941182179949763
2004-03-31,0.019408054342551218
2004-04-01,0.010672358591246045
2004-04-02,0.010671219720426173
2004-04-05,0.03201024327785795
2004-04-06,0.010666666666669933
2004-04-07,0.01066552901023421
2004-04-08,0.010664391596471035
2004-04-09,0.010663254425247182
2004-04-12,0.031986352489599135
2004-04-13,0.010658708164568154
2004-04-14,0.010657572205063914
2004-04-15,0.010656436487632703
2004-04-16,0.010655301012252316
2004-04-19,0.031962497336457396
2004-04-20,0.010650761529462649
2004-04-21,0.010649627263026318
2004-04-22,0.010648493238218926
2004-04-23,0.010647359454862837
2004-04-26,0.031938677738718724
2004-04-27,0.010642826734796884
2004-04-28,0.010641694157720316
2004-04-29,0.010640561821650962
2004-04-30,0.010639429726566618
2004-05-03,0.05662319835275653
2004-05-04,0.018863718210360148
2004-05-05,0.01886016048282535
2004-05-06,0.018856604097039487
2004-05-07,0.018853049052180992
2004-05-10,0.05654848604279561
2004-05-11,0.01883884226749899
2004-05-12,0.01883529391621952
2004-05-13,0.018831746901315505
2004-05-14,0.01882820122212081
2004-05-17,0.056473970633530435
2004-05-18,0.018814031847047552
2004-05-19,0.018810492834897552
2004-05-20,0.018806955153971572
2004-05-21,0.018803418803425842
2004-05-24,0.056399651347582846
2004-05-25,0.018789286690346074
2004-05-26,0.01878575698062157
2004-05-27,0.018782228596792017
2004-05-28,0.018778701538169074
2004-05-31,0.05632552741172692
2004-06-01,0.010576414595453443
2004-06-02,0.010575296108283894
2004-06-03,0.010574177857680667
2004-06-04,0.01057305984353274
2004-06-07,0.03171582619727609
2004-06-08,0.010568590150072943
2004-06-09,0.0105674733171357
2004-06-10,0.010566356720209669
2004-06-11,0.01056524035920603
2004-06-14,0.031692372702307736
2004-06-15,0.01056077727321636
2004-06-16,0.010559662090803279
2004-06-17,0.01055854714391291
2004-06-18,0.010557432432434233
2004-06-21,0.031668953868901895
2004-06-22,0.010552975939215337
2004-06-23,0.010551862403729295
2004-06-24,0.01055074910318865
2004-06-25,0.010549636037548993
2004-06-28,0.03164556962025333
2004-06-29,0.010545186122534744
2004-06-30,0.010544074230267597
2004-07-01,-0.005271481286239776
2004-07-02,-0.005271759186031844
2004-07-05,-0.0158161113454236
2004-07-06,-0.005272871078310093
2004-07-07,-0.005273149124651599
2004-07-08,-0.0052734272003363
2004-07-09,-0.005273705305341991
2004-07-12,-0.01582195031907263
2004-07-13,-0.005274818018785599
2004-07-14,-0.005275096270507262
2004-07-15,-0.005275374551583223
2004-07-16,-0.005275652862046787
2004-07-19,-0.01582779360557174
2004-07-20,-0.0052767663975439305
2004-07-21,-0.005277044854878898
2004-07-22,-0.005277323341612572
2004-07-23,-0.005277601857711645
2004-07-26,-0.015833641209694882
2004-07-27,-0.005278716216206014
2004-07-28,-0.005278994879387433
2004-07-29,-0.005279273571956455
2004-07-30,-0.00527955229395749
2004-08-02,0.004949841605061955
2004-08-03,0.001649865535946482
2004-08-04,0.0016498383158536356
2004-08-05,0.0016498110966267632
2004-08-06,0.0016497838783102736
2004-08-09,0.004949269982690296
2004-08-10,0.0016496750140149175
2004-08-11,0.0016496478002059334
2004-08-12,0.0016496205872629233
2004-08-13,0.001649593375230296
2004-08-16,0.004948698492301951
2004-08-17,0.0016494845360925936
2004-08-18,0.001649457328523063
2004-08-19,0.001649430121908324
2004-08-20,0.0016494029161373547
2004-08-23,0.0049481271338747135
2004-08-24,0.0016492941021351015
2004-08-25,0.0016492669008494332
2004-08-26,0.0016492397004963522
2004-08-27,0.0016492125010314496
2004-08-30,0.004947555907364176
2004-08-31,0.0016491037121424412
2004-09-01,0.007036059806497796
2004-09-02,0.0070355647799669185
2004-09-03,0.007035069823069229
2004-09-06,0.021103724807436386
2004-09-07,0.0070330906916993285
2004-09-08,0.007032596082812148
2004-09-09,0.00703210154358036
2004-09-10,0.00703160707378192
2004-09-13,0.021093338020761188
2004-09-14,0.007029629889987454
2004-09-15,0.0070291357677554345
2004-09-16,0.0070286417150011715
2004-09-17,0.007028147731635848
2004-09-20,0.02108296145333366
2004-09-21,0.007026172492530236
2004-09-22,0.00702567885622063
2004-09-23,0.007025185289255553
2004-09-24,0.007024691791635007
2004-09-27,0.021072595090099178
2004-09-28,0.007022718494309466
2004-09-29,0.007022225343233934
2004-09-30,0.007021732261347502
2004-10-01,0.018158377367405443
2004-10-04,0.05446524209800074
2004-10-05,0.018145197873375984
2004-10-06,0.018141905988655616
2004-10-07,0.018138615298113336
2004-10-08,0.018135325801127422
2004-10-11,0.05439611249116183
2004-10-12,0.01812217973578001
2004-10-13,0.01811889619682816
2004-10-14,0.018115613847591305
2004-10-15,0.018112332687314492
2004-10-18,0.05432715814635003
2004-10-19,0.01809921992363961
2004-10-20,0.01809594469879272
2004-10-21,0.01809267065910891
2004-10-22,0.018089397803966456
2004-10-25,0.054258378397920026
2004-10-26,0.018076318215487497
2004-10-27,0.018073051273259644
2004-10-28,0.018069785511642955
2004-10-29,0.018066520930060115
2004-11-01,0.004910948140390836
2004-11-02,0.0016369023260187632
2004-11-03,0.0016368755319851047
2004-11-04,0.0016368487387952158
2004-11-05,0.0016368219465157097
2004-11-08,0.004910385465262124
2004-11-09,0.0016367147860796294
2004-11-10,0.001636687998174402
2004-11-11,0.0016366612111351486
2004-11-12,0.0016366344249618692
2004-11-15,0.004909822919052509
2004-11-16,0.0016365272891061267
2004-11-17,0.001636500507307126
2004-11-18,0.001636473726418508
2004-11-19,0.0016364469463736597
2004-11-22,0.004909260501739787
2004-11-23,0.001636339835053846
2004-11-24,0.0016363130594054809
2004-11-25,0.0016362862846452941
2004-11-26,0.0016362595107732858
2004-11-29,0.004908698213212936
2004-11-30,0.0016361524239671965
2004-12-01,-0.011822327309585212
2004-12-02,-0.011823725149051612
2004-12-03,-0.011825123319142428
2004-12-06,-0.035479565459795026
2004-12-07,-0.011830719307737159
2004-12-08,-0.011832119132537677
2004-12-09,-0.011833519288628747
2004-12-10,-0.011834919776154695
2004-12-13,-0.03550896178559082
2004-12-14,-0.011840525042727812
2004-12-15,-0.011841927189049084
2004-12-16,-0.01184332966752688
2004-12-17,-0.011844732478261122
2004-12-20,-0.03553840686398857
2004-12-21,-0.011850347045883058
2004-12-22,-0.011851751519564857
2004-12-23,-0.01185315632620254
2004-12-24,-0.011854561465884927
2004-12-27,-0.035567900816346754
2004-12-28,-0.011860185357770447
2004-12-29,-0.011861592164585932
2004-12-30,-0.01186299930514556
2004-12-31,-0.011864406779660275
2005-01-03,0.02034139643685151
2005-01-04,0.006779086518093891
2005-01-05,0.006778626989101255
2005-01-06,0.006778167522414336
2005-01-07,0.006777708118033132
2005-01-10,0.020331746327562072
2005-01-11,0.006775871122921551
2005-01-12,0.0067754120297580656
2005-01-13,0.00677495299876707
2005-01-14,0.006774494029970768
2005-01-17,0.020322105370129684
2005-01-18,0.006772658776510454
2005-01-19,0.006772200118509986
2005-01-20,0.006771741522637598
2005-01-21,0.006771282988848881
2005-01-24,0.020312473551453714
2005-01-25,0.0067694494745529354
2005-01-26,0.006768991251071554
2005-01-27,0.0067685330896516405
2005-01-28,0.006768074990270989
2005-01-31,0.02030285085863337
2005-02-01,0.02060079406696058
2005-02-02,0.02059655101391833
2005-02-03,0.020592309708344914
2005-02-04,0.020588070149196724
2005-02-07,0.06175149700595739
2005-02-08,0.020571129355007045
2005-02-09,0.02056689851170912
2005-02-10,0.020562669408330514
2005-02-11,0.02055844204389423
2005-02-14,0.0616626492516259
2005-02-15,0.020541549953323468
2005-02-16,0.020537331267167502
2005-02-17,0.02053311431342575
2005-02-18,0.020528899091143415
2005-02-21,0.06157405679738659
2005-02-22,0.02051205549442603
2005-02-23,0.02050784891307611
2005-02-24,0.020503644056724113
2005-02-25,0.020499440924370838
2005-02-28,0.06148571854445173
2005-03-01,0.025227891957380066
2005-03-02,0.025221529097207984
2005-03-03,0.025215169445935715
2005-03-04,0.02520881300103195
2005-03-07,0.075607379280207
2005-03-08,0.025183419236762816
2005-03-09,0.025177078787486096
2005-03-10,0.025170741530033958
2005-03-11,0.025164407462097138
2005-03-14,0.07547422974354401
2005-03-15,0.02513910303678646
2005-03-16,0.02513278488012194
2005-03-17,0.025126469898473225
2005-03-18,0.025120158089531053
2005-03-21,0.07534154835253659
2005-03-22,0.02509494253257749
2005-03-23,0.025088646551152394
2005-03-24,0.025082353728067552
2005-03-25,0.025076064061013703
2005-03-28,0.07520933264251184
2005-03-29,0.02505093690503557
2005-03-30,0.025044662982320887
2005-03-31,0.02503839220138193
2005-04-01,0.023190680914075834
2005-04-04,0.0695559122525502
2005-04-05,0.02316918854372574
2005-04-06,0.023163821674221374
2005-04-07,0.023158457290461953
2005-04-08,0.02315309539078214
2005-04-11,0.06944320792008352
2005-04-12,0.02313167259786475
2005-04-13,0.02312632309253715
2005-04-14,0.02312097606089747
2005-04-15,0.02311563150125817
2005-04-18,0.06933086823579515
2005-04-19,0.023094277948532138
2005-04-20,0.02308894572320419
2005-04-21,0.023083615959684778
2005-04-22,0.02307828865613093
2005-04-25,0.06921889143280957
2005-04-26,0.023057004008375515
2005-04-27,0.02305168897951404
2005-04-28,0.023046376400492896
2005-04-29,0.02304106626964675
2005-05-02,-0.009635149023634604
2005-05-03,-0.0032120258246948197
2005-05-04,-0.0032121289990971746
2005-05-05,-0.0032122321801386633
2005-05-06,-0.0032123353678081834
2005-05-09,-0.00963731568633941
2005-05-10,-0.003212748184799885
2005-05-11,-0.0032128514056206647
2005-05-12,-0.003212954633080578
2005-05-13,-0.003213057867179625
2005-05-16,-0.009639483323686804
2005-05-17,-0.003213470869878332
2005-05-18,-0.0032135741371619453
2005-05-19,-0.0032136774110624877
2005-05-20,-0.003213780691602164
2005-05-23,-0.009641651936376228
2005-05-24,-0.0032141938801744097
2005-05-25,-0.0032142971939208564
2005-05-26,-0.003214400514306437
2005-05-27,-0.003214503841331151
2005-05-30,-0.009643821525018303
2005-05-31,-0.0032149172158768557
2005-06-01,0.0017146776406073982
2005-06-02,0.0017146482399033047
2005-06-03,0.0017146188402206164
2005-06-06,0.005143768324678
2005-06-07,0.0017145012515928926
2005-06-08,0.0017144718569506168
2005-06-09,0.0017144424633075417
2005-06-10,0.0017144130707080762
2005-06-13,0.005143151037190208
2005-06-14,0.0017142955102356083
2005-06-15,0.0017142661226765554
2005-06-16,0.0017142367361167032
2005-06-17,0.0017142073505116429
2005-06-20,0.005142533897872781
2005-06-21,0.0017140898183054532
2005-06-22,0.0017140604377630098
2005-06-23,0.001714031058219767
2005-06-24,0.0017140016797423385
2005-06-27,0.005141916906636901
2005-06-28,0.0017138841757136092
2005-06-29,0.0017138548022099798
2005-06-30,0.00171382542974996
2005-07-01,0.015956032266650766
2005-07-04,0.047860460169468766
2005-07-05,0.015945854963583805
2005-07-06,0.015943312666100162
2005-07-07,0.015940771179034918
2005-07-08,0.015938230502254846
2005-07-11,0.04780707190534805
2005-07-12,0.01592807588846057
2005-07-13,0.015925539256467225
2005-07-14,0.015923003432294358
2005-07-15,0.015920468415542288
2005-07-18,0.047753802617633845
2005-07-19,0.015910336415214665
2005-07-20,0.015907805429860034
2005-07-21,0.01590527524963914
2005-07-22,0.015902745874130098
2005-07-25,0.04770065190891071
2005-07-26,0.015892636411796168
2005-07-27,0.015890111054206457
2005-07-28,0.015887586499063744
2005-07-29,0.015885062746012757
2005-08-01,0.046524611519505044
2005-08-02,0.015500992063488539
2005-08-03,0.015498589628348824
2005-08-04,0.01549618793776908
2005-08-05,0.015493786991394032
2005-08-08,0.04647416036684948
2005-08-09,0.015484190641346096
2005-08-10,0.015481793410954126
2005-08-11,0.015479396922679634
2005-08-12,0.015477001176256167
2005-08-15,0.046423818513807724
2005-08-16,0.015467425601700668
2005-08-17,0.015465033559114438
2005-08-18,0.015462642256314219
2005-08-19,0.015460251692900329
2005-08-22,0.04637358560564131
2005-08-23,0.015450696826424526
2005-08-24,0.015448309954901873
2005-08-25,0.01544592382072274
2005-08-26,0.01544353842350965
2005-08-29,0.04632346128901066
2005-08-30,0.015434004198056073
2005-08-31,0.015431622480810425
2005-09-01,0.04073319755599769
2005-09-02,0.04071661237785573
2005-09-05,0.12210012210012167
2005-09-06,0.040650406504050274
2005-09-07,0.040633888663155204
2005-09-08,0.040617384240437815
2005-09-09,0.040600893219666645
2005-09-12,0.12175324675325339
2005-09-13,0.04053506282934993
2005-09-14,0.04051863857374993
2005-09-15,0.04050222762250755
2005-09-16,0.040485829959524544
2005-09-19,0.121408336705775
2005-09-20,0.04042037186742231
2005-09-21,0.040404040404040664
2005-09-22,0.04038772213246222
2005-09-23,0.040371417036744184
2005-09-26,0.1210653753026536
2005-09-27,0.04030632809350898
2005-09-28,0.040290088638195165
2005-09-29,0.0402738622633958
2005-09-30,0.040257648953301306
2005-10-03,0.01947166872200423
2005-10-04,0.0064892926671111795
2005-10-05,0.006488871585230704
2005-10-06,0.006488450557995407
2005-10-07,0.0064880295854274905
2005-10-10,0.019462826002314415
2005-10-11,0.00648634624116351
2005-10-12,0.006485925541577231
2005-10-13,0.006485504896547312
2005-10-14,0.006485084306095956
2005-10-17,0.01945399131055847
2005-10-18,0.00648340248960988
2005-10-19,0.00648298217178489
2005-10-20,0.006482561908471851
2005-10-21,0.006482141699604149
2005-10-24,0.019445164635700785
2005-10-25,0.006480461408875371
2005-10-26,0.006480041472256559
2005-10-27,0.0064796215900830845
2005-10-28,0.006479201762354947
2005-10-31,0.019436345966949986
2005-11-01,-0.026773761713527744
2005-11-02,-0.026780931976422284
2005-11-03,-0.026788106080899432
2005-11-04,-0.0267952840300123
2005-11-07,-0.08040739748056414
2005-11-08,-0.02682403433477143
2005-11-09,-0.026831231553514634
2005-11-10,-0.02683843263555641
2005-11-11,-0.026845637583883253
2005-11-14,-0.08055853920515554
2005-11-15,-0.026874496103190815
2005-11-16,-0.026881720430127487
2005-11-17,-0.026888948642100896
2005-11-18,-0.026896180742319586
2005-11-21,-0.08071025020177647
2005-11-22,-0.02692514808831925
2005-11-23,-0.0269323996768156
2005-11-24,-0.02693965517241992
2005-11-25,-0.02694691457827414
2005-11-28,-0.08086253369273821
2005-11-29,-0.02697599136766149
2005-11-30,-0.026983270372382684
2005-12-01,-0.013495276653174848
2005-12-02,-0.01349709812390465
2005-12-05,-0.04049676025916771
2005-12-06,-0.013504388926399713
2005-12-07,-0.013506212857916644
2005-12-08,-0.013508037282194962
2005-12-09,-0.013509862199378997
2005-12-12,-0.04053506282934993
2005-12-13,-0.013517166801835234
2005-12-14,-0.013518994186845212
2005-12-15,-0.01352082206597105
2005-12-16,-0.0135226504394792
2005-12-19,-0.0405734379226419
2005-12-20,-0.013529968881087484
2005-12-21,-0.01353179972934937
2005-12-22,-0.013533631073203711
2005-12-23,-0.013535462912839247
2005-12-26,-0.04061188574523422
2005-12-27,-0.013542795232934779
2005-12-28,-0.013544629554373966
2005-12-29,-0.01354646437280449
2005-12-30,-0.013548299688392884
2006-01-02,0.07145579268292845
2006-01-03,0.023801589946215174
2006-01-04,0.02379592613743764
2006-01-05,0.023790265023548862
2006-01-06,0.023784606602617053
2006-01-09,0.07133685261806466
2006-01-10,0.02376199980991256
2006-01-11,0.023756354824922
2006-01-12,0.023750712521386497
2006-01-13,0.023745072897374264
2006-01-16,0.07121830785301597
2006-01-17,0.02372254115861061
2006-01-18,0.0237169149037042
2006-01-19,0.023711291316930172
2006-01-20,0.023705670396356737
2006-01-23,0.07110015642033396
2006-01-24,0.023683213338387965
2006-01-25,0.02367760572050681
2006-01-26,0.023672000757501976
2006-01-27,0.02366639844748608
2006-01-30,0.07098239636569303
2006-01-31,0.023644015699630927
2006-02-01,0.007204091924206679
2006-02-02,0.0072035729722141895
2006-02-03,0.007203054094939709
2006-02-06,0.021607605877260738
2006-02-07,0.007200979333177315
2006-02-08,0.007200460829492883
2006-02-09,0.007199942400459847
2006-02-10,0.007199424046078207
2006-02-13,0.021596717298977275
2006-02-14,0.007197351374688132
2006-02-15,0.00719683339329702
2006-02-16,0.00719631548649069
2006-02-17,0.00719579765415812
2006-02-20,0.021585839689186592
2006-02-21,0.007193727069987332
2006-02-22,0.007193209610134588
2006-02-23,0.007192692224711195
2006-02-24,0.007192174913672744
2006-02-27,0.02157497303130196
2006-02-28,0.007190106413568209
2006-03-01,0.017858012565552528
2006-03-02,0.017854824048813
2006-03-03,0.017851636670518367
2006-03-06,0.05354535128996307
2006-03-07,0.01783889852908782
2006-03-08,0.017835716833691784
2006-03-09,0.01783253627301029
2006-03-10,0.017829356846466027
2006-03-13,0.053478535660445026
2006-03-14,0.017816650469715256
2006-03-15,0.01781347670481992
2006-03-16,0.017810304070486893
2006-03-17,0.01780713256598343
2006-03-20,0.05341188657257412
2006-03-21,0.017794457835229593
2006-03-22,0.01779129197128082
2006-03-23,0.0177881272336311
2006-03-24,0.017784963621680916
2006-03-27,0.05334540340438121
2006-03-28,0.017772320418796284
2006-03-29,0.01776916242630655
2006-03-30,0.017766005555897024
2006-03-31,0.017762849807034797
2006-04-03,0.09116259116259684
2006-04-04,0.030359853558326044
2006-04-05,0.030350639148757352
2006-04-06,0.0303414303307159
2006-04-07,0.03033222709916128
2006-04-10,0.0909690883470482
2006-04-11,0.030295469936203467
2006-04-12,0.030286294560943894
2006-04-13,0.030277124741751038
2006-04-14,0.030267960473606692
2006-04-17,0.09077640525436692
2006-04-18,0.03023135881063954
2006-04-19,0.03022222222224258
2006-04-20,0.03021309115465165
2006-04-21,0.03020396560300398
2006-04-24,0.09058453668675526
2006-04-25,0.0301675184554151
2006-04-26,0.03015842040838823
2006-04-27,0.0301493278473286
2006-04-28,0.03014024076732902
2006-05-01,0.04511617414844071
2006-05-02,0.01503194287861831
2006-05-03,0.015029683625167323
2006-05-04,0.015027425050728738
2006-05-05,0.015025167154969488
2006-05-08,0.04506872981298038
2006-05-09,0.015016142353041495
2006-05-10,0.015013887846238028
2006-05-11,0.015011634016359743
2006-05-12,0.015009380863029165
2006-05-15,0.04502138515793952
2006-05-16,0.015000375009366351
2006-05-17,0.01499812523435562
2006-05-18,0.014995876134071828
2006-05-19,0.01499362770822632
2006-05-22,0.04497413986956911
2006-05-23,0.014984640743231914
2006-05-24,0.01498239568509252
2006-05-25,0.01498015129950403
2006-05-26,0.014977907586311012
2006-05-29,0.04492699363531916
2006-05-30,0.014968939450654695
2006-05-31,0.01496669909450965
2006-06-01,0.006584362139916422
2006-06-02,0.006583928630221614
2006-06-05,0.019750485532754603
2006-06-06,0.00658219516211922
2006-06-07,0.006581761937662911
2006-06-08,0.006581328770249861
2006-06-09,0.0065808956599244794
2006-06-12,0.019741387819549594
2006-06-13,0.0065791637883005905
2006-06-14,0.006578730962791823
2006-06-15,0.006578298194259702
2006-06-16,0.0065778654826820215
2006-06-19,0.01973229848388769
2006-06-20,0.006576135205338396
2006-06-21,0.006575702778222059
2006-06-22,0.00657527040799355
2006-06-23,0.0065748380946084595
2006-06-26,0.019723217514200364
2006-06-27,0.0065731094094356735
2006-06-28,0.006572677380112246
2006-06-29,0.006572245407676647
2006-06-30,0.006571813491929035
2006-07-03,0.028617307111411527
2006-07-04,0.009536373317220459
2006-07-05,0.00953546397979288
2006-07-06,0.009534554815759932
2006-07-07,0.009533645825055004
2006-07-10,0.028598211022989872
2006-07-11,0.009530011594871546
2006-07-12,0.00952910347016278
2006-07-13,0.009528195518582194
2006-07-14,0.009527287739974355
2006-07-17,0.028579140402951175
2006-07-18,0.00952365835462654
2006-07-19,0.009522751440327326
2006-07-20,0.009521844698689996
2006-07-21,0.009520938129781165
2006-07-24,0.028560095200313995
2006-07-25,0.009517313579610054
2006-07-26,0.00951640787323349
2006-07-27,0.009515502339252357
2006-07-28,0.009514596977511225
2006-07-31,0.02854107536429673
2006-08-01,0.0063406515019348575
2006-08-02,0.006340249488823169
2006-08-03,0.006339847526670717
2006-08-04,0.006339445615499706
2006-08-07,0.01901713126573057
2006-08-08,0.006337838480185987
2006-08-09,0.006337436823677933
2006-08-10,0.006337035218062503
2006-08-11,0.006336633663361901
2006-08-14,0.019008696478639564
2006-08-15,0.006335027953308092
2006-08-16,0.006334626652959585
2006-08-17,0.006334225403414884
2006-08-18,0.006333824204740601
2006-08-21,0.019000269170454942
2006-08-22,0.00633221991799271
2006-08-23,0.006331818973293046
2006-08-24,0.00633141807935278
2006-08-25,0.006331017236194114
2006-08-28,0.018991849331317923
2006-08-29,0.006329414370953579
2006-08-30,0.0063290137814364655
2006-08-31,0.0063286132426121355
2006-09-01,-0.016911603050862034
2006-09-04,-0.05074339067335787
2006-09-05,-0.016923050887618363
2006-09-06,-0.01692591526886167
2006-09-07,-0.016928780619918093
2006-09-08,-0.016931646941320544
2006-09-11,-0.0508035427003839
2006-09-12,-0.01694312193963876
2006-09-13,-0.016945993119921177
2006-09-14,-0.016948865273469504
2006-09-15,-0.01695173840076114
2006-09-18,-0.05086383750700918
2006-09-19,-0.016963240657497103
2006-09-20,-0.01696611866102149
2006-09-21,-0.01696899764130899
2006-09-22,-0.016971877598825902
2006-09-25,-0.050924275602182156
2006-09-26,-0.01698340721115743
2006-09-27,-0.016986292062304287
2006-09-28,-0.01698917789366705
2006-09-29,-0.016992064705789733
2006-10-02,-0.0508255298176441
2006-10-03,-0.016950458432862803
2006-10-04,-0.016953332100355656
2006-10-05,-0.016956206742413382
2006-10-06,-0.016959082359457867
2006-10-09,-0.05088587685617707
2006-10-10,-0.016970594587928378
2006-10-11,-0.01697347508755609
2006-10-12,-0.01697635656522367
2006-10-13,-0.016979239021386316
2006-10-16,-0.05094636736960867
2006-10-17,-0.016990778641057247
2006-10-18,-0.016993665997222518
2006-10-19,-0.016996554334880454
2006-10-20,-0.016999443654575064
2006-10-23,-0.051007001870262414
2006-10-24,-0.017011010763323675
2006-10-25,-0.017013905000551333
2006-10-26,-0.017016800222757755
2006-10-27,-0.017019696430509157
2006-10-30,-0.05106778087279329
2006-10-31,-0.017031291126690107
2006-11-01,-0.004955401387518599
2006-11-02,-0.004955646959703408
2006-11-03,-0.004955892556246511
2006-11-06,-0.01486841453139931
2006-11-07,-0.00495687518589083
2006-11-08,-0.004957120904169887
2006-11-09,-0.004957366646829442
2006-11-10,-0.004957612413869494
2006-11-13,-0.014873574615770213
2006-11-14,-0.004958595725690351
2006-11-15,-0.004958841614599585
2006-11-16,-0.004959087527900419
2006-11-17,-0.00495933346558175
2006-11-20,-0.01487873828299735
2006-11-21,-0.004960317460311892
2006-11-22,-0.004960563520006733
2006-11-23,-0.004960809604137584
2006-11-24,-0.004961055712648932
2006-11-27,-0.01488390553681107
2006-11-28,-0.004962040390998901
2006-11-29,-0.004962286621690293
2006-11-30,-0.004962532876773285
2006-12-01,0.005133909472054832
2006-12-04,0.015400937745990717
2006-12-05,0.005132855407463666
2006-12-06,0.005132591958956212
2006-12-07,0.005132328537427178
2006-12-08,0.00513206514300979
2006-12-11,0.015395405326823486
2006-12-12,0.005131011835524113
2006-12-13,0.005130748576220867
2006-12-14,0.005130485343918245
2006-12-15,0.005130222138616247
2006-12-18,0.015389876881011233
2006-12-19,0.005129169587436699
2006-12-20,0.005128906517137821
2006-12-21,0.005128643473795158
2006-12-22,0.005128380457430914
2006-12-25,0.015384352404224089
2006-12-26,0.005127328661758135
2006-12-27,0.005127065780263784
2006-12-28,0.005126802925703444
2006-12-29,0.005126540098099319
2007-01-01,0.027750247770064185
2007-01-02,0.0092475163813166
2007-01-03,0.009246661294803893
2007-01-04,0.009245806366386944
2007-01-05,0.009244951596065754
2007-01-08,0.027732290951365535
2007-01-09,0.009241534094672765
2007-01-10,0.009240680114031008
2007-01-11,0.00923982629124076
2007-01-12,0.009238972626279818
2007-01-15,0.027714357356822816
2007-01-16,0.009235559542974947
2007-01-17,0.00923470666611692
2007-01-18,0.00923385394684395
2007-01-19,0.009233001384956196
2007-01-22,0.027696446941516406
2007-01-23,0.009229592711279544
2007-01-24,0.00922874093607362
2007-01-25,0.009227889318053073
2007-01-26,0.009227037857195697
2007-01-29,0.027678559660504476
2007-01-30,0.00922363358457634
2007-01-31,0.009222782908846483
2007-02-01,0.019108455570981953
2007-02-02,0.01910480493783062
2007-02-05,0.05730346709786893
2007-02-06,0.019090216343431443
2007-02-07,0.01908657267541969
2007-02-08,0.01908293039805109
2007-02-09,0.019079289510504083
2007-02-12,0.05722695003609335
2007-02-13,0.01906473984287782
2007-02-14,0.019061105892625996
2007-02-15,0.019057473327444008
2007-02-16,0.0190538421465547
2007-02-19,0.057150637047564956
2007-02-20,0.01903933125007029
2007-02-21,0.019035706978787204
2007-02-22,0.019032084087000634
2007-02-23,0.019028462574022242
2007-02-26,0.05707452731698037
2007-02-27,0.019013990293914595
2007-02-28,0.019010375662920076
2007-03-01,0.030352319503612613
2007-03-02,0.030343109666031154
2007-03-05,0.09100171624749631
2007-03-06,0.03030632613891804
2007-03-07,0.030297144187585445
2007-03-08,0.03028796779833698
2007-03-09,0.03027879696604341
2007-03-12,0.0908088950571484
2007-03-13,0.030242169106098338
2007-03-14,0.030233025983283923
2007-03-15,0.030223888387248543
2007-03-16,0.030214756313018398
2007-03-19,0.09061688926677025
2007-03-20,0.03017828313418569
2007-03-21,0.030169178594041668
2007-03-22,0.030160079545793472
2007-03-23,0.0301509859844451
2007-03-26,0.09042569371504605
2007-03-27,0.03011466650890693
2007-03-28,0.03010560030776155
2007-03-29,0.03009653956389524
2007-03-30,0.030087484272267595
2007-04-02,0.06286609051460168
2007-04-03,0.020942197963735865
2007-04-04,0.02093781312546561
2007-04-05,0.02093343012297133
2007-04-06,0.020929048955142804
2007-04-09,0.06277400886240958
2007-04-10,0.02091154260717154
2007-04-11,0.02090717059530789
2007-04-12,0.020902800411159994
2007-04-13,0.020898432053617633
2007-04-16,0.06268219656462293
2007-04-17,0.02088097686654411
2007-04-18,0.020876617624887572
2007-04-19,0.020872260202908777
2007-04-20,0.020867904599586318
2007-04-23,0.06259065244109685
2007-04-24,0.020850500349500756
2007-04-25,0.020846153822118296
2007-04-26,0.02084180910650879
2007-04-27,0.02083746620158422
2007-04-30,0.062499375318592065
2007-05-01,0.019711995724858156
2007-05-02,0.019708110862892703
2007-05-03,0.019704227531858187
2007-05-04,0.01970034573095525
2007-05-07,0.05908939637739863
2007-05-08,0.01968483380967445
2007-05-09,0.019680959645440588
2007-05-10,0.019677087005920413
2007-05-11,0.019673215890114726
2007-05-14,0.05900803889142825
2007-05-15,0.019657746646362106
2007-05-16,0.01965388313578398
2007-05-17,0.019650021143613472
2007-05-18,0.019646160668895796
2007-05-21,0.058926905132183904
2007-05-22,0.019630733926789823
2007-05-23,0.019626881025947007
2007-05-24,0.019623029637294565
2007-05-25,0.0196191797598555
2007-05-28,0.058845994178136074
2007-05-29,0.019603795344447228
2007-05-30,0.01959995300975237
2007-05-31,0.019596112180986225
2007-06-01,0.006682673022773145
2007-06-04,0.020046679414287283
2007-06-05,0.0066808871753920585
2007-06-06,0.006680440862694148
2007-06-07,0.00667999460959301
2007-06-08,0.006679548416110848
2007-06-11,0.020037306846742986
2007-06-12,0.006677764238149919
2007-06-13,0.006677318342540595
2007-06-14,0.006676872506528042
2007-06-15,0.006676426730023444
2007-06-18,0.02002794303914701
2007-06-19,0.006674644219106796
2007-06-20,0.006674198740075354
2007-06-21,0.006673753320529663
2007-06-22,0.006673307960425312
2007-06-25,0.020018587979198088
2007-06-26,0.006671527114221476
2007-06-27,0.006671082051146193
2007-06-28,0.006670637047490047
2007-06-29,0.0066701921032086275
2007-07-02,-0.002384786323150756
2007-07-03,-0.0007949477321855802
2007-07-04,-0.000794954051652752
2007-07-05,-0.0007949603712198439
2007-07-06,-0.000794966690897958
2007-07-09,-0.00238491903199467
2007-07-10,-0.0007949919705985131
2007-07-11,-0.0007949982907540232
2007-07-12,-0.0007950046110205555
2007-07-13,-0.0007950109313981102
2007-07-16,-0.0023850517556156525
2007-07-17,-0.0007950362138964273
2007-07-18,-0.0007950425347846846
2007-07-19,-0.0007950488557506574
2007-07-20,-0.0007950551768276526
2007-07-23,-0.0023851844940137035
2007-07-24,-0.0007950804621459362
2007-07-25,-0.0007950867837225317
2007-07-26,-0.0007950931054101495
2007-07-27,-0.0007950994271865852
2007-07-30,-0.002385317247188823
2007-07-31,-0.0007951247153137331
2007-08-01,-0.005915813635759548
2007-08-02,-0.005916163624974935
2007-08-03,-0.005916513655612743
2007-08-06,-0.017750591182974507
2007-08-07,-0.0059179141924103895
2007-08-08,-0.005918264430226916
2007-08-09,-0.005918614709488068
2007-08-10,-0.005918965030227152
2007-08-13,-0.017757946177310302
2007-08-14,-0.005920366727973914
2007-08-15,-0.00592071725615817
2007-08-16,-0.005921067825809256
2007-08-17,-0.0059214184370603995
2007-08-20,-0.017765307269257402
2007-08-21,-0.005922821297188463
2007-08-22,-0.005923172116062414
2007-08-23,-0.005923522976514217
2007-08-24,-0.005923873878554975
2007-08-27,-0.017772674466487448
2007-08-28,-0.005925277902518733
2007-08-29,-0.005925629012504263
2007-08-30,-0.005925980164100952
2007-08-31,-0.005926331357319903
2007-09-03,0.029527579343158195
2007-09-04,0.009839621045770741
2007-09-05,0.00983865295962616
2007-09-06,0.00983768506395144
2007-09-07,0.009836717358657765
2007-09-10,0.02950724953127981
2007-09-11,0.009832848440627373
2007-09-12,0.009831881686617194
2007-09-13,0.009830915122654993
2007-09-14,0.009829948748740769
2007-09-17,0.029486947694379317
2007-09-18,0.009826085152209174
2007-09-19,0.009825119727580045
2007-09-20,0.009824154492621417
2007-09-21,0.009823189447311087
2007-09-24,0.02946667377479173
2007-09-25,0.009819331161309286
2007-09-26,0.009818367063352262
2007-09-27,0.009817403154643856
2007-09-28,0.009816439435228475
2007-10-01,0.019447193891997117
2007-10-02,0.00648113756462898
2007-10-03,0.0064807175403913675
2007-10-04,0.006480297570621296
2007-10-05,0.0064798776552743576
2007-10-08,0.019438373382962837
2007-10-09,0.0064781985379180895
2007-10-10,0.006477778894531383
2007-10-11,0.006477359305501196
2007-10-12,0.006476939770849732
2007-10-15,0.01942956087159775
2007-10-16,0.006475262175520413
2007-10-17,0.00647484291247391
2007-10-18,0.006474423703717314
2007-10-19,0.006474004549228418
2007-10-22,0.019420756347021673
2007-10-23,0.006472328473861033
2007-10-24,0.006471909590621827
2007-10-25,0.006471490761583709
2007-10-26,0.006471071986768884
2007-10-29,0.01941195979837662
2007-10-30,0.0064693974293206225
2007-10-31,0.006468978925333602
2007-11-01,0.019798726244713016
2007-11-02,0.01979480712503978
2007-11-05,0.05937266866988811
2007-11-06,0.019779146149723204
2007-11-07,0.019775234777141826
2007-11-08,0.01977132495118994
2007-11-09,0.019767416671023774
2007-11-12,0.0592905298069768
2007-11-13,0.019751798989409153
2007-11-14,0.019747898424182786
2007-11-15,0.01974399939925764
2007-11-16,0.019740101913656716
2007-11-19,0.0592086178994089
2007-11-20,0.019724527346443033
2007-11-21,0.019720637543896302
2007-11-22,0.019716749275233703
2007-11-23,0.01971286253954485
2007-11-26,0.05912693200784691
2007-11-27,0.0196973309084969
2007-11-28,0.01969345182413207
2007-11-29,0.019689574267278687
2007-11-30,0.019685698237137395
2007-12-03,-0.006492223835286026
2007-12-04,-0.0021642151174727786
2007-12-05,-0.002164261956738578
2007-12-06,-0.0021643087980360853
2007-12-07,-0.00216435564140971
2007-12-10,-0.006493207460278594
2007-12-11,-0.002164543035021449
2007-12-12,-0.002164589888509205
2007-12-13,-0.0021646367440286696
2007-12-14,-0.0021646836015465354
2007-12-17,-0.006494191383366044
2007-12-18,-0.002164871051979489
2007-12-19,-0.002164917919689202
2007-12-20,-0.0021649647893862145
2007-12-21,-0.0021650116611260373
2007-12-24,-0.006495175604659398
2007-12-25,-0.0021651991683913074
2007-12-26,-0.002165246050256364
2007-12-27,-0.0021652929341864358
2007-12-28,-0.0021653398201371132
2007-12-31,-0.0064961601243584965
2008-01-01,0.016034117653562774
2008-01-02,0.016031547136452495
2008-01-03,0.016028977443349746
2008-01-04,0.016026408573943662
2008-01-07,0.04807152158337047
2008-01-08,0.01601614132495932
2008-01-09,0.01601357656790814
2008-01-10,0.016011012632133337
2008-01-11,0.016008449517279644
2008-01-14,0.0480176616686423
2008-01-15,0.015998205258793696
2008-01-16,0.01599564624252814
2008-01-17,0.01599308804469679
2008-01-18,0.015990530665055402
2008-01-21,0.04796392230945745
2008-01-22,0.01598030932001837
2008-01-23,0.01597775602517615
2008-01-24,0.01597520354614801
2008-01-25,0.01597265188246766
2008-01-28,0.04791030310149491
2008-01-29,0.015962453374029906
2008-01-30,0.015959905781537387
2008-01-31,0.015957359002038984
2008-02-01,0.010014179948103497
2008-02-04,0.030039531631587124
2008-02-05,0.010010170202301438
2008-02-06,0.010009168267499646
2008-02-07,0.010008166533270746
2008-02-08,0.01000716499952592
2008-02-11,0.03001849099870668
2008-02-12,0.010003160868299332
2008-02-13,0.010002160336086696
2008-02-14,0.010001160004025067
2008-02-15,0.010000159872070036
2008-02-18,0.029997479820198514
2008-02-19,0.009996161343583942
2008-02-20,0.009995162211051678
2008-02-21,0.009994163278204127
2008-02-22,0.009993164545041289
2008-02-25,0.02997649803433422
2008-02-26,0.009989171607616143
2008-02-27,0.009988173871788852
2008-02-28,0.009987176335246595
2008-02-29,0.009986178997944961
2008-03-03,0.08388593159023294
2008-03-04,0.027938540691607727
2008-03-05,0.027930737251202764
2008-03-06,0.02792293816871183
2008-03-07,0.027915143440493395
2008-03-10,0.08372205918851794
2008-03-11,0.027884007997180937
2008-03-12,0.027876234985568793
2008-03-13,0.027868466306424367
2008-03-14,0.027860701956083922
2008-03-17,0.0835588257928288
2008-03-18,0.02782968777061967
2008-03-19,0.027821945010186866
2008-03-20,0.0278142065569309
2008-03-21,0.02780647240727685
2008-03-24,0.08339622767274957
2008-03-25,0.027775578772692988
2008-03-26,0.027767866087136106
2008-03-27,0.027760157683731634
2008-03-28,0.02775245355888245
2008-03-31,0.0832342611269743
2008-04-01,0.020215927965727687
2008-04-02,0.020211841954309584
2008-04-03,0.02020775759430382
2008-04-04,0.020203674884644585
2008-04-07,0.06059878147313125
2008-04-08,0.020187360529888565
2008-04-09,0.020183286057195993
2008-04-10,0.020179213228810333
2008-04-11,0.020175142043932226
2008-04-14,0.060513217504110095
2008-04-15,0.02015887371829006
2008-04-16,0.020154810735428796
2008-04-17,0.020150749390013267
2008-04-18,0.02014668968108868
2008-04-21,0.06042789482281208
2008-04-22,0.02013046719002709
2008-04-23,0.02012641564859141
2008-04-24,0.020122365737562653
2008-04-25,0.020118317456185864
2008-04-28,0.06034281240996364
2008-04-29,0.020102140606326202
2008-04-30,0.020098100457910384
2008-05-01,0.028069620105841686
2008-05-02,0.02806174328111588
2008-05-05,0.08416161262769783
2008-05-06,0.028030280140090014
2008-05-07,0.028022425375784366
2008-05-08,0.028014575012380583
2008-05-09,0.028006729046281542
2008-05-12,0.08399666242118187
2008-05-13,0.027975389080592272
2008-05-14,0.027967565045461384
2008-05-15,0.027959745385475188
2008-05-16,0.02795193009699215
2008-05-19,0.0838323575290234
2008-05-20,0.027920712584728058
2008-05-21,0.027912919098826983
2008-05-22,0.027905129962468855
2008-05-23,0.027897345172056554
2008-05-26,0.08366869417173461
2008-05-27,0.027866249396923948
2008-05-28,0.02785848628166221
2008-05-29,0.02785072749056372
2008-05-30,0.02784297302003136
2008-06-02,0.09751932517640949
2008-06-03,0.03247477254639808
2008-06-04,0.032464229861628446
2008-06-05,0.032453694019807244
2008-06-06,0.032443165014273134
2008-06-09,0.09729792851536079
2008-06-10,0.03240111722258021
2008-06-11,0.032390622299094396
2008-06-12,0.03238013417210528
2008-06-13,0.032369652835106955
2008-06-16,0.09707753484431425
2008-06-17,0.0323277952547274
2008-06-18,0.03231734776869555
2008-06-19,0.03230690703321937
2008-06-20,0.03229647304170413
2008-06-23,0.09685813736284299
2008-06-24,0.03225480438489026
2008-06-25,0.03224440401543571
2008-06-26,0.03223401035088447
2008-06-27,0.03222362338481943
2008-06-30,0.09663972933202647
2008-07-01,0.016938745574601732
2008-07-02,0.01693587684949982
2008-07-03,0.016933009095931872
2008-07-04,0.01693014231340939
2008-07-07,0.050781829504154
2008-07-08,0.016918684883671098
2008-07-09,0.016915822948893044
2008-07-10,0.016912961982207264
2008-07-11,0.01691010198308085
2008-07-14,0.05072172885312032
2008-07-15,0.016898671652643138
2008-07-16,0.0168958164840749
2008-07-17,0.016892962280179447
2008-07-18,0.01689010904040167
2008-07-21,0.05066177029304786
2008-07-22,0.016878705713230246
2008-07-23,0.01687585728695762
2008-07-24,0.016873009821871676
2008-07-25,0.01687016331757274
2008-07-28,0.050601953320539295
2008-07-29,0.016858786898032996
2008-07-30,0.01685594519016398
2008-07-31,0.016853104440128774
2008-08-01,-0.013764007778072074
2008-08-04,-0.041297707553911156
2008-08-05,-0.013771589868871725
2008-08-06,-0.013773486696999626
2008-08-07,-0.013775384047653993
2008-08-08,-0.013777281921167894
2008-08-11,-0.04133754095305697
2008-08-12,-0.013784878647515875
2008-08-13,-0.013786779138325045
2008-08-14,-0.013788680153181687
2008-08-15,-0.013790581692385562
2008-08-18,-0.04137745126838732
2008-08-19,-0.013798193096747902
2008-08-20,-0.013800097260829869
2008-08-21,-0.013802001950524723
2008-08-22,-0.013803907166054508
2008-08-25,-0.04141743872295711
2008-08-26,-0.013811533290963851
2008-08-27,-0.013813441139021165
2008-08-28,-0.01381534951415686
2008-08-29,-0.013817258416726208
2008-09-01,-0.0129657988187315
2008-09-02,-0.004322493385366943
2008-09-03,-0.004322680232937692
2008-09-04,-0.004322867096662186
2008-09-05,-0.004323053976540425
2008-09-08,-0.012969722617739432
2008-09-09,-0.0043238016576574445
2008-09-10,-0.004323988618348817
2008-09-11,-0.004324175595205038
2008-09-12,-0.004324362588237207
2008-09-15,-0.012973648792347081
2008-09-16,-0.004325110722114278
2008-09-17,-0.004325297796037297
2008-09-18,-0.004325484886136266
2008-09-19,-0.004325671992433389
2008-09-22,-0.012977577344730484
2008-09-23,-0.004326420579481294
2008-09-24,-0.004326607766735879
2008-09-25,-0.004326794970177517
2008-09-26,-0.00432698218982841
2008-09-29,-0.012981508277032372
2008-09-30,-0.004327731230480136
2008-10-01,-0.03258494607928375
2008-10-02,-0.03259556732733149
2008-10-03,-0.03260619550172761
2008-10-06,-0.09785049182786665
2008-10-07,-0.03264877759874274
2008-10-08,-0.03265944050683256
2008-10-09,-0.032670110382093664
2008-10-10,-0.03268078723137613
2008-10-13,-0.09807441318440135
2008-10-14,-0.032723564505321434
2008-10-15,-0.03273427632735082
2008-10-16,-0.03274499516455753
2008-10-17,-0.032755721023813855
2008-10-20,-0.09829936173616494
2008-10-21,-0.03279869481970232
2008-10-22,-0.03280945589305695
2008-10-23,-0.03282022402995022
2008-10-24,-0.03283099923745425
2008-10-27,-0.09852534456751272
2008-10-28,-0.03287417091264455
2008-10-29,-0.032884981577707695
2008-10-30,-0.03289579935528142
2008-10-31,-0.03290662425236013
2008-11-03,-0.20520959280638795
2008-11-04,-0.0685438561702778
2008-11-05,-0.0685908709982197
2008-11-06,-0.06863795036621267
2008-11-07,-0.06868509440725035
2008-11-10,-0.20619690976383387
2008-11-11,-0.0688743199740216
2008-11-12,-0.06892178938777693
2008-11-13,-0.0689693242801992
2008-11-14,-0.06901692478685773
2008-11-17,-0.2071937731311313
2008-11-18,-0.06920798568055275
2008-11-19,-0.06925591630518868
2008-11-20,-0.06930391336542607
2008-11-21,-0.0693519769994988
2008-11-24,-0.20820032203789918
2008-11-25,-0.06954490005183223
2008-11-26,-0.06959329864183461
2008-11-27,-0.06964176464306915
2008-11-28,-0.06969029819652306
2008-12-01,-0.09402248922081302
2008-12-02,-0.03137032490059255
2008-12-03,-0.031380168961581134
2008-12-04,-0.03139001920261508
2008-12-05,-0.03139987562963409
2008-12-08,-0.09422921474511181
2008-12-09,-0.03143936331354569
2008-12-10,-0.03144925075774241
2008-12-11,-0.031459144422951724
2008-12-12,-0.03146904431506892
2008-12-15,-0.09443685131976798
2008-12-16,-0.031508706270011455
2008-12-17,-0.03151863738487526
2008-12-18,-0.031528574762063055
2008-12-19,-0.03153851840739241
2008-12-22,-0.09464540498066443
2008-12-23,-0.03157835578960766
2008-12-24,-0.0315883308651288
2008-12-25,-0.03159831224454068
2008-12-26,-0.03160829993383851
2008-12-29,-0.09485488181709689
2008-12-30,-0.03164831390979339
2008-12-31,-0.031658333238460123
2009-01-01,0.014508057918072303
2009-01-02,0.014505953385945958
2009-01-05,0.043511548392927146
2009-01-06,0.01449754135958159
2009-01-07,0.014495439877193483
2009-01-08,0.014493339003962546
2009-01-09,0.01449123873960012
2009-01-12,0.04346741725158587
2009-01-13,0.014482843765728504
2009-01-14,0.014480746541822853
2009-01-15,0.014478649925231402
2009-01-16,0.014476553915687695
2009-01-19,0.04342337553864262
2009-01-20,0.014468175942505823
2009-01-21,0.014466082964181837
2009-01-22,0.01446399059128467
2009-01-23,0.014461898823592279
2009-01-26,0.043379422982559035
2009-01-27,0.014453537799563598
2009-01-28,0.01445144905389828
2009-01-29,0.014449360911883424
2009-01-30,0.014447273373185965
2009-02-02,0.053281425384699155
2009-02-03,0.017751017133282865
2009-02-04,0.017747866706430138
2009-02-05,0.01774471739763861
2009-02-06,0.01774156920630876
2009-02-09,0.05321526639563423
2009-02-10,0.017728987603882196
2009-02-11,0.017725844991023365
2009-02-12,0.017722703492095704
2009-02-13,0.017719563106455283
2009-02-16,0.05314927150064097
2009-02-17,0.0177070126853085
2009-02-18,0.01770387785740013
2009-02-19,0.017700744139270697
2009-02-20,0.017697611530342883
2009-02-23,0.0530834400900293
2009-02-24,0.017685092174701822
2009-02-25,0.017681965102878117
2009-02-26,0.017678839136703317
2009-02-27,0.017675714275622312
2009-03-02,0.022797641769511934
2009-03-03,0.007597481876464585
2009-03-04,0.0075969047030222114
2009-03-05,0.007596327617243048
2009-03-06,0.007595750619127095
2009-03-09,0.022785521126067465
2009-03-10,0.007593443503006725
2009-03-11,0.007592866942962573
2009-03-12,0.0075922904704261995
2009-03-13,0.007591714085442014
2009-03-16,0.02277341336394123
2009-03-17,0.00758940942038322
2009-03-18,0.007588833472760292
2009-03-19,0.007588257612534122
2009-03-20,0.007587681839682503
2009-03-23,0.02276131846261631
2009-03-24,0.0075853796217772995
2009-03-25,0.007584804285576396
2009-03-26,0.0075842290366612275
2009-03-27,0.007583653874987384
2009-03-30,0.022749236401597983
2009-03-31,0.007581354100372195
2009-04-01,0.008321227592622549
2009-04-02,0.008320535221972847
2009-04-03,0.008319842966475477
2009-04-06,0.024957452478613362
2009-04-07,0.008317075096142545
2009-04-08,0.00831638341627361
2009-04-09,0.008315691851468188
2009-04-10,0.008315000401659667
2009-04-13,0.024942927200477527
2009-04-14,0.008312235751906094
2009-04-15,0.008311544876726806
2009-04-16,0.00831085411634458
2009-04-17,0.008310163470781617
2009-04-20,0.024928418819980536
2009-04-21,0.008307402036034084
2009-04-22,0.008306711964056746
2009-04-23,0.008306022006721037
2009-04-24,0.008305332164026957
2009-04-27,0.024913927307634864
2009-04-28,0.00830257393864553
2009-04-29,0.008301884668515669
2009-04-30,0.008301195512872006
2009-05-01,0.009961254600598934
2009-05-04,0.029880787300551326
2009-05-05,0.009957287117701163
2009-05-06,0.009956295740787269
2009-05-07,0.009955304561204414
2009-05-08,0.009954313578974805
2009-05-11,0.029859968382051072
2009-05-12,0.00995035162216773
2009-05-13,0.00994936162568294
2009-05-14,0.009948371826196123
2009-05-15,0.009947382223685075
2009-05-18,0.02983917845376105
2009-05-19,0.009943425781377968
2009-05-20,0.009942437162480111
2009-05-21,0.009941448740224956
2009-05-22,0.009940460514412663
2009-05-25,0.029818417455262924
2009-05-26,0.009936509575170227
2009-05-27,0.009935522331061541
2009-05-28,0.009934535283084855
2009-05-29,0.00993354843119576
2009-06-01,0.08053023997456332
2009-06-02,0.026821813653943316
2009-06-03,0.02681462148614866
2009-06-04,0.026807433174402817
2009-06-05,0.026800248715641573
2009-06-08,0.0803792043202467
2009-06-09,0.026771549348403312
2009-06-10,0.02676438410809112
2009-06-11,0.02675722270224501
2009-06-12,0.026750065127734146
2009-06-15,0.08022873414459397
2009-06-16,0.02672147308193651
2009-06-17,0.02671433461820527
2009-06-18,0.02670719996742399
2009-06-19,0.02670006912659506
2009-06-22,0.08007882627776297
2009-06-23,0.026671583801340937
2009-06-24,0.026664471964354952
2009-06-25,0.02665736391900264
2009-06-26,0.02665025966233081
2009-06-29,0.0799294775736259
2009-06-30,0.0266218804612528
2009-07-01,-0.005114796523075782
2009-07-02,-0.005115058147908691
2009-07-03,-0.005115319799442464
2009-07-06,-0.015346744433497594
2009-07-07,-0.005116366673540984
2009-07-08,-0.0051166284590120625
2009-07-09,-0.005116890271283925
2009-07-10,-0.0051171521103343665
2009-07-13,-0.015352241928590082
2009-07-14,-0.005118199734599482
2009-07-15,-0.005118461707698252
2009-07-16,-0.005118723707597805
2009-07-17,-0.0051189857343425516
2009-07-20,-0.015357743363730858
2009-07-21,-0.00512003410960693
2009-07-22,-0.005120296270533231
2009-07-23,-0.005120558458260316
2009-07-24,-0.005120820672932513
2009-07-27,-0.015363248743116564
2009-07-28,-0.005121869799973311
2009-07-29,-0.005122132148915881
2009-07-30,-0.0051223945247258484
2009-07-31,-0.0051226569274254175
2009-08-03,0.021705000433658306
2009-08-04,0.007233430128517071
2009-08-05,0.007232906941245787
2009-08-06,0.0072323838296251
2009-08-07,0.007231860793721623
2009-08-10,0.021694013500295206
2009-08-11,0.007229769406280617
2009-08-12,0.00722924674840808
2009-08-13,0.007228724166119527
2009-08-14,0.007228201659326139
2009-08-17,0.021683037684328
2009-08-18,0.007226112387437311
2009-08-19,0.007225590258186365
2009-08-20,0.007225068204341767
2009-08-21,0.007224546225947925
2009-08-24,0.021672072968925704
2009-08-25,0.007222459066391629
2009-08-26,0.007221937464874095
2009-08-27,0.0072214159387629095
2009-08-28,0.007220894487924845
2009-08-31,0.021661119337235135
2009-09-01,0.0020849356449970102
2009-09-02,0.0020848921763239048
2009-09-03,0.002084848709471565
2009-09-04,0.002084805244439991
2009-09-07,0.0062542853436653445
2009-09-08,0.002084631402432535
2009-09-09,0.002084587946460381
2009-09-10,0.0020845444922867884
2009-09-11,0.0020845010399339614
2009-09-14,0.006253372768183496
2009-09-15,0.002084327248641493
2009-09-16,0.002084283805348086
2009-09-17,0.0020842403638754448
2009-09-18,0.0020841969241791602
2009-09-21,0.006252460458977538
2009-09-22,0.0020840231835794754
2009-09-23,0.0020839797529870197
2009-09-24,0.002083936324170921
2009-09-25,0.0020838928971533832
2009-09-28,0.006251548415936448
2009-09-29,0.0020837192072464816
2009-09-30,0.0020836757893105684
2009-10-01,0.003210337286052578
2009-10-02,0.0032102342267137374
2009-10-05,0.009630393521953273
2009-10-06,0.003209822055483258
2009-10-07,0.003209719029206859
2009-10-08,0.003209616009547389
2009-10-09,0.003209512996527053
2009-10-12,0.00962822997028212
2009-10-13,0.003209101010481774
2009-10-14,0.0032089980304572663
2009-10-15,0.0032088950570940966
2009-10-16,0.0032087920903256517
2009-10-19,0.009626067390500204
2009-10-20,0.003208380289310142
2009-10-21,0.0032082773555819344
2009-10-22,0.0032081744284484515
2009-10-23,0.0032080715079096933
2009-10-26,0.009623905781963593
2009-10-27,0.003207659891835135
2009-10-28,0.0032075570042922052
2009-10-29,0.0032074541233662046
2009-10-30,0.0032073512490793377
2009-11-02,0.006849226149374665
2009-11-03,0.0022829190208240036
2009-11-04,0.002282866904845804
2009-11-05,0.0022828147911990726
2009-11-06,0.0022827626799726275
2009-11-09,0.006848131713299566
2009-11-10,0.0022825542587590064
2009-11-11,0.002282502159434152
2009-11-12,0.0022824500624629707
2009-11-13,0.002282397967845462
2009-11-16,0.006847037626944719
2009-11-17,0.0022821896132452224
2009-11-18,0.0022821375305737135
2009-11-19,0.002282085450233673
2009-11-20,0.0022820333722695096
2009-11-23,0.006845943890110284
2009-11-24,0.002281825084260447
2009-11-25,0.0022817730181534657
2009-11-26,0.002281720954488975
2009-11-27,0.0022816688931559526
2009-11-30,0.006844850502663036
2009-12-01,-0.00568128441762461
2009-12-02,-0.005681607205887396
2009-12-03,-0.00568193003083195
2009-12-04,-0.005682252892469375
2009-12-07,-0.01704772737238791
2009-12-08,-0.005683544706014398
2009-12-09,-0.005683867751160587
2009-12-10,-0.005684190833055158
2009-12-11,-0.005684513951675907
2009-12-14,-0.01705451132111291
2009-12-15,-0.005685806793598314
2009-12-16,-0.005686130095972075
2009-12-17,-0.005686453435105321
2009-12-18,-0.0056867768110202555
2009-12-21,-0.01706130067117284
2009-12-22,-0.005688070682563495
2009-12-23,-0.005688394242442385
2009-12-24,-0.005688717839158475
2009-12-25,-0.0056890414726673555
2009-12-28,-0.017068095429018104
2009-12-29,-0.005690336375063776
2009-12-30,-0.005690660192758656
2009-12-31,-0.005690984047312941
2010-01-01,0.011784391621194601
2010-01-04,0.03534900919792694
2010-01-05,0.011778839362963645
2010-01-06,0.011777452115802056
2010-01-07,0.0117760651953569
2010-01-08,0.011774678601539357
2010-01-11,0.035319877002604194
2010-01-12,0.011769135490014015
2010-01-13,0.01176775052753598
2010-01-14,0.011766365890908403
2010-01-15,0.011764981580153488
2010-01-18,0.03529079278516978
2010-01-19,0.011759447592796235
2010-01-20,0.011758064909317412
2010-01-21,0.011756682550934094
2010-01-22,0.011755300517557465
2010-01-25,0.035261756427273916
2010-01-26,0.011749775631808568
2010-01-27,0.011748395221733432
2010-01-28,0.01174701513599885
2010-01-29,0.011745635374404984
2010-02-01,0.002670079093669564
2010-02-02,0.0008900026007951922
2010-02-03,0.0008899946798202052
2010-02-04,0.0008899867589562405
2010-02-05,0.0008899788382921159
2010-02-08,0.002669912753217041
2010-02-09,0.0008899471569012718
2010-02-10,0.0008899392369254855
2010-02-11,0.0008899313170829259
2010-02-12,0.0008899233973735932
2010-02-15,0.0026697464333924614
2010-02-16,0.000889891719979552
2010-02-17,0.0008898838009585575
2010-02-18,0.0008898758820707897
2010-02-19,0.0008898679633606577
2010-02-22,0.0026695801343734615
2010-02-23,0.000889836289896806
2010-02-24,0.0008898283718750122
2010-02-25,0.0008898204539864452
2010-02-26,0.0008898125362755138
2010-03-01,0.03732985033246816
2010-03-02,0.012438640118395128
2010-03-03,0.012437093113160103
2010-03-04,0.012435546492661764
2010-03-05,0.01243400025678909
2010-03-08,0.03729736321609334
2010-03-09,0.012427819156513031
2010-03-10,0.012426274841548235
2010-03-11,0.01242473091034313
2010-03-12,0.012423187362742283
2010-03-15,0.0372649325958152
2010-03-16,0.012417017005605935
2010-03-17,0.012415475373894758
2010-03-18,0.012413934124966275
2010-03-19,0.012412393258642851
2010-03-22,0.03723255832437378
2010-03-23,0.012406233616624185
2010-03-24,0.012404694661238835
2010-03-25,0.01240315608759257
2010-03-26,0.012401617895552164
2010-03-29,0.03720024025501978
2010-03-30,0.012395468940784582
2010-03-31,0.01239393265470845
2010-04-01,0.00578961636898967
2010-04-02,0.00578928119183697
2010-04-05,0.017366838160359777
2010-04-06,0.0057879408711380975
2010-04-07,0.005787605887919156
2010-04-08,0.005787270943491407
2010-04-09,0.005786936037832646
2010-04-12,0.017359803512739802
2010-04-13,0.0057855968026876425
2010-04-14,0.005785262090740595
2010-04-15,0.0057849274175181264
2010-04-16,0.0057845927830424415
2010-04-19,0.01735277456174078
2010-04-20,0.005783254632119039
2010-04-21,0.0057829201911108186
2010-04-22,0.005782585788782768
2010-04-23,0.005782251425157092
2010-04-26,0.017345751300457124
2010-04-27,0.005780914357145228
2010-04-28,0.005780580186720563
2010-04-29,0.005780246054998273
2010-04-30,0.00577991196184513
2010-05-03,0.0075019098797257655
2010-05-04,0.0025004490451285832
2010-05-05,0.002500386524251219
2010-05-06,0.0025003240064824794
2010-05-07,0.0025002614918445687
2010-05-10,0.007500596941012461
2010-05-11,0.0025000114645346017
2010-05-12,0.0024999489655508356
2010-05-13,0.0024998864696534895
2010-05-14,0.002499823976864768
2010-05-17,0.007499284461798261
2010-05-18,0.002499574037084784
2010-05-19,0.0024995115599280027
2010-05-20,0.0024994490859242546
2010-05-21,0.002499386615029131
2010-05-24,0.007497972441772305
2010-05-25,0.0024991367626903127
2010-05-26,0.002499074307360516
2010-05-27,0.0024990118552281615
2010-05-28,0.002498949406182227
2010-05-31,0.00749666088077916
2010-06-01,-0.0032542236155785886
2010-06-02,-0.0032543295187315024
2010-06-03,-0.0032544354288011057
2010-06-04,-0.0032545413457429895
2010-06-07,-0.009763941808738075
2010-06-08,-0.003254965082477579
2010-06-09,-0.0032550710338918876
2010-06-10,-0.003255176992233988
2010-06-11,-0.003255282957448369
2010-06-14,-0.00976616678870501
2010-06-15,-0.00325570688733956
2010-06-16,-0.0032558128870485703
2010-06-17,-0.0032559188936853722
2010-06-18,-0.003256024907216659
2010-06-21,-0.009768392782949498
2010-06-22,-0.0032564490303754745
2010-06-23,-0.0032565550784457997
2010-06-24,-0.0032566611333995077
2010-06-25,-0.0032567671952810073
2010-06-28,-0.009770619792159874
2010-06-29,-0.0032571915118406736
2010-06-30,-0.0032572976082723137
2010-07-01,0.0007034768578995099
2010-07-02,0.0007034719091247865
2010-07-05,0.002110400881361052
2010-07-06,0.0007034521147808448
2010-07-07,0.0007034471663835973
2010-07-08,0.0007034422180529631
2010-07-09,0.0007034372697445335
2010-07-12,0.0021102969646413783
2010-07-13,0.0007034174773767887
2010-07-14,0.0007034125294236304
2010-07-15,0.00070340758155929
2010-07-16,0.0007034026337837673
2010-07-19,0.0021101930582245743
2010-07-20,0.0007033828433034017
2010-07-21,0.0007033778959053549
2010-07-22,0.0007033729485073081
2010-07-23,0.0007033680012202836
2010-07-26,0.0021100891619552087
2010-07-27,0.0007033482127383195
2010-07-28,0.0007033432657843619
2010-07-29,0.0007033383188748132
2010-07-30,0.0007033333720540824
2010-08-02,0.012943727610070788
2010-08-03,0.00431401747533755
2010-08-04,0.004313831375912791
2010-08-05,0.004313645292541857
2010-08-06,0.004313459225202543
2010-08-09,0.012939819521773366
2010-08-10,0.004312715116361332
2010-08-11,0.004312529129268938
2010-08-12,0.0043123431582303695
2010-08-13,0.004312157203201217
2010-08-16,0.012935913792677667
2010-08-17,0.004311413543489628
2010-08-18,0.004311227668618578
2010-08-19,0.0043110418098013525
2010-08-20,0.004310855966993543
2010-08-23,0.012932010420652063
2010-08-24,0.004310112755989692
2010-08-25,0.004309926993273372
2010-08-26,0.0043097412465664675
2010-08-27,0.004309555515868979
2010-08-30,0.012928109403587129
2010-08-31,0.004308812753173186
2010-09-01,0.0019391207690677703
2010-09-02,0.001939083167878941
2010-09-03,0.0019390455681778107
2010-09-06,0.00581702390980432
2010-09-07,0.0019388951839394153
2010-09-08,0.001938857591521348
2010-09-09,0.001938820000568775
2010-09-10,0.001938782411059492
2010-09-13,0.00581623446904711
2010-09-14,0.0019386320676106905
2010-09-15,0.0019385944854288795
2010-09-16,0.0019385569046681539
2010-09-17,0.0019385193253507182
2010-09-20,0.00581544524254074
2010-09-21,0.0019383690227359196
2010-09-22,0.0019383314507237515
2010-09-23,0.0019382938801326688
2010-09-24,0.0019382563110514894
2010-09-27,0.005814656230196391
2010-09-28,0.0019381060492040803
2010-09-29,0.001938068487361555
2010-09-30,0.001938030927028933
2010-10-01,0.004293789270604087
2010-10-04,0.012880814736804247
2010-10-05,0.004293051932191538
2010-10-06,0.004292867637167852
2010-10-07,0.004292683357931537
2010-10-08,0.004292499094571411
2010-10-11,0.012876944540929358
2010-10-12,0.004291762199115645
2010-10-13,0.004291578014825603
2010-10-14,0.004291393846300728
2010-10-15,0.004291209693585429
2010-10-18,0.012873076670061323
2010-10-19,0.004290473240775583
2010-10-20,0.004290289167063754
2010-10-21,0.004290105109161502
2010-10-22,0.00428992106704662
2010-10-25,0.012869211122090718
2010-10-26,0.0042891850564164
2010-10-27,0.0042890010932161715
2010-10-28,0.004288817145803314
2010-10-29,0.004288633214177828
2010-11-01,0.00394356022330733
2010-11-02,0.0013144682375898498
2010-11-03,0.0013144509595663934
2010-11-04,0.0013144336819648217
2010-11-05,0.0013144164048295437
2010-11-08,0.003943197384459474
2010-11-09,0.0013143473008625506
2010-11-10,0.001314330025969923
2010-11-11,0.0013143127515879982
2010-11-12,0.001314295477627958
2010-11-15,0.00394283461238043
2010-11-16,0.0013142263863619164
2010-11-17,0.0013142091146667312
2010-11-18,0.0013141918434378397
2010-11-19,0.0013141745726752418
2010-11-22,0.003942471907025791
2010-11-23,0.001314105494087947
2010-11-24,0.0013140882256124087
2010-11-25,0.0013140709575365506
2010-11-26,0.0013140536899491906
2010-11-29,0.0039421092684177594
2010-11-30,0.0013139846240850517
2010-12-01,0.005543357384540926
2010-12-02,0.005543050113443471
2010-12-03,0.005542742876452067
2010-12-06,0.01662730702043369
2010-12-07,0.005541514268858627
2010-12-08,0.005541207202108822
2010-12-09,0.005540900169331842
2010-12-10,0.005540593170594299
2010-12-13,0.016620858617644174
2010-12-14,0.0055393655157720545
2010-12-15,0.005539058687054066
2010-12-16,0.005538751892353311
2010-12-17,0.005538445131603176
2010-12-20,0.016614415214566414
2010-12-21,0.0055372184283974946
2010-12-22,0.005536911837489278
2010-12-23,0.005536605280531681
2010-12-24,0.005536298757546909
2010-12-27,0.01660797680538284
2010-12-28,0.005535073004803159
2010-12-29,0.005534766651460465
2010-12-30,0.005534460331957369
2010-12-31,0.005534154046427098
2011-01-03,0.04609577471588189
2011-01-04,0.015358178767144182
2011-01-05,0.015355820392781716
2011-01-06,0.015353462742662138
2011-01-07,0.015351105816319155
2011-01-10,0.04604624884056996
2011-01-11,0.015341685342917799
2011-01-12,0.015339332030861463
2011-01-13,0.015336979440649934
2011-01-14,0.015334627571972348
2011-01-17,0.04599682927348692
2011-01-18,0.015325227305851286
2011-01-19,0.01532287903982521
2011-01-20,0.015320531493290268
2011-01-21,0.015318184665980006
2011-01-24,0.04594751567272848
2011-01-25,0.01530880454219119
2011-01-26,0.015306461305963914
2011-01-27,0.015304118786918508
2011-01-28,0.015301776984810722
2011-01-31,0.04589830769774483
2011-02-01,0.017612017948054337
2011-02-02,0.017608916662448237
2011-02-03,0.017605816468924118
2011-02-04,0.017602717366815845
2011-02-07,0.05279885806668272
2011-02-08,0.017590331861216946
2011-02-09,0.01758723820763919
2011-02-10,0.01758414564205779
2011-02-11,0.017581054163873233
2011-02-14,0.052733891317680026
2011-02-15,0.017568699113867936
2011-02-16,0.017565613064163266
2011-02-17,0.017562528098435948
2011-02-18,0.01755944421608646
2011-02-21,0.05266908424983452
2011-02-22,0.017547119509453424
2011-02-23,0.017544041035622016
2011-02-24,0.017540963641726748
2011-02-25,0.017537887327345736
2011-02-28,0.05260443627514988
2011-03-01,0.03145507106614431
2011-03-02,0.03144517996245266
2011-03-03,0.03143529507736442
2011-03-04,0.031425416404973205
2011-03-07,0.09424663181840653
2011-03-08,0.031385963725805155
2011-03-09,0.03137611602941348
2011-03-10,0.0313662745107024
2011-03-11,0.03135643916394315
2011-03-14,0.09403982994973248
2011-03-15,0.03131715937982893
2011-03-16,0.031307354805609755
2011-03-17,0.03129755636859244
2011-03-18,0.03128776406300382
2011-03-21,0.09383393364923442
2011-03-22,0.031248656039917222
2011-03-23,0.031238894305252174
2011-03-24,0.03122913866764332
2011-03-25,0.031219389121339702
2011-03-28,0.09362893698181551
2011-03-29,0.0311804517351133
2011-03-30,0.031170732559870906
2011-03-31,0.031161019441849902
2011-04-01,0.022204929432612097
2011-04-04,0.06659999981486475
2011-04-05,0.022185224578752383
2011-04-06,0.022180303828545078
2011-04-07,0.022175385260725378
2011-04-08,0.022170468873827787
2011-04-11,0.06649666399931586
2011-04-12,0.022150825106681538
2011-04-13,0.02214591960276735
2011-04-14,0.022141016271115532
2011-04-15,0.022136115110282795
2011-04-18,0.06639364835634431
2011-04-19,0.022116532146210233
2011-04-20,0.02211164181784575
2011-04-21,0.02210675365164061
2011-04-22,0.022101867646218132
2011-04-25,0.06629095140029406
2011-04-26,0.02208234520337804
2011-04-27,0.022077469980263942
2011-04-28,0.022072596909272768
2011-04-29,0.02206772598907225
2011-05-02,0.04410175806781602
2011-05-03,0.014694105663681789
2011-05-04,0.014691946813494283
2011-05-05,0.014689788597554987
2011-05-06,0.014687631015619651
2011-05-09,0.044056422202110035
2011-05-10,0.014679007022055934
2011-05-11,0.014676852605832735
2011-05-12,0.014674698821925958
2011-05-13,0.01467254567002474
2011-05-16,0.0440111794496989
2011-05-17,0.014663939377212998
2011-05-18,0.014661789381320567
2011-05-19,0.01465964001576836
2011-05-20,0.01465749128031213
2011-05-23,0.04396602952401185
2011-05-24,0.014648902633807026
2011-05-25,0.014646757044634029
2011-05-26,0.014644612083891673
2011-05-27,0.014642467751269095
2011-05-30,0.04392097213965496
2011-05-31,0.014633896696869542
2011-06-01,-0.003569890189003555
2011-06-02,-0.003570017634701994
2011-06-03,-0.0035701450895264664
2011-06-06,-0.010710817660275485
2011-06-07,-0.0035706549997738257
2011-06-08,-0.003570782500117442
2011-06-09,-0.003570910009509376
2011-06-10,-0.003571037528071752
2011-06-13,-0.010713495167113951
2011-06-14,-0.0035715476933040335
2011-06-15,-0.0035716752573855537
2011-06-16,-0.0035718028305598004
2011-06-17,-0.0035719304129266938
2011-06-20,-0.010716174012936897
2011-06-21,-0.0035724408332993285
2011-06-22,-0.003572568461185366
2011-06-23,-0.0035726960982085387
2011-06-24,-0.0035728237443466426
2011-06-27,-0.010718854198776828
2011-06-28,-0.0035733344200816752
2011-06-29,-0.0035734621118610477
2011-06-30,-0.0035735898127331467
2011-07-01,0.0030553298854929523
2011-07-04,0.009165709613823125
2011-07-05,0.003054956529502384
2011-07-06,0.0030548632047544544
2011-07-07,0.0030547698856908667
2011-07-08,0.0030546765723782343
2011-07-11,0.009163749794205422
2011-07-12,0.0030543033760155325
2011-07-13,0.0030542100911690184
2011-07-14,0.0030541168120290507
2011-07-15,0.003054023538573425
2011-07-18,0.00916179081249524
2011-07-19,0.003053650501771976
2011-07-20,0.003053557256804673
2011-07-21,0.003053464017521712
2011-07-22,0.0030533707839452973
2011-07-25,0.009159832668159673
2011-07-26,0.003052997906571875
2011-07-27,0.003052904701439374
2011-07-28,0.0030528115020134194
2011-07-29,0.0030527183082940113
2011-08-01,0.02506899002150398
2011-08-02,0.008354235684659983
2011-08-03,0.008353537810390499
2011-08-04,0.00835284005278325
2011-08-05,0.008352142411682806
2011-08-08,0.0250543346612897
2011-08-09,0.008349353012238048
2011-08-10,0.008348655953493989
2011-08-11,0.008347959011123507
2011-08-12,0.008347262185104398
2011-08-15,0.02503969642617676
2011-08-16,0.008344476043919968
2011-08-17,0.008343779799213635
2011-08-18,0.00834308367068104
2011-08-19,0.008342387658299977
2011-08-22,0.025025075286100318
2011-08-23,0.008339604769669329
2011-08-24,0.008338909337579636
2011-08-25,0.008338214021486046
2011-08-26,0.008337518821299739
2011-08-29,0.025010471211195373
2011-08-30,0.00833473917953853
2011-08-31,0.008334044558644393
2011-09-01,0.005061540385664642
2011-09-02,0.005061284206675509
2011-09-05,0.015183084161063398
2011-09-06,0.005060259750200302
2011-09-07,0.005060003700863014
2011-09-08,0.005059747677438331
2011-09-09,0.0050594916799262535
2011-09-12,0.01517770712495814
2011-09-13,0.005058467948848566
2011-09-14,0.005058212080855107
2011-09-15,0.00505795623866323
2011-09-16,0.0050577004223839594
2011-09-19,0.015172333896029677
2011-09-20,0.005056677416037658
2011-09-21,0.005056421729077165
2011-09-22,0.005056166068007073
2011-09-23,0.005055910432782973
2011-09-26,0.01516696447019239
2011-09-27,0.005054888150324288
2011-09-28,0.005054632644285739
2011-09-29,0.005054377164070978
2011-09-30,0.005054121709724413
2011-10-03,-0.019961444838956233
2011-10-04,-0.006655143409095565
2011-10-05,-0.006655586347914522
2011-10-06,-0.006656029345686321
2011-10-07,-0.006656472402444269
2011-10-10,-0.019970746554598406
2011-10-11,-0.006658245219470782
2011-10-12,-0.006658688571270499
2011-10-13,-0.0066591319821562855
2011-10-14,-0.006659575452061528
2011-10-17,-0.01998005694315852
2011-10-18,-0.006661349922554294
2011-10-19,-0.006661793687978701
2011-10-20,-0.006662237512455871
2011-10-21,-0.006662681396130132
2011-10-24,-0.01998937601682682
2011-10-25,-0.006664457522420619
2011-10-26,-0.006664901701947112
2011-10-27,-0.006665345940715106
2011-10-28,-0.006665790238691294
2011-10-31,-0.019998703787726946
2011-11-01,-0.0028118711014823994
2011-11-02,-0.0028119501698897764
2011-11-03,-0.0028120292427269433
2011-11-04,-0.0028121083200605135
2011-11-07,-0.008436562205438314
2011-11-08,-0.0028124246737704084
2011-11-09,-0.002812503773308439
2011-11-10,-0.0028125828773206685
2011-11-11,-0.00281266198577379
2011-11-14,-0.008438223296014513
2011-11-15,-0.0028129784640507083
2011-11-16,-0.002813057594786006
2011-11-17,-0.002813136729939991
2011-11-18,-0.0028132158695348686
2011-11-21,-0.008439885040811834
2011-11-22,-0.0028135324724898325
2011-11-23,-0.002813611634422397
2011-11-24,-0.002813690800695934
2011-11-25,-0.0028137699715102826
2011-11-28,-0.008441547440252162
2011-11-29,-0.0028140866992099056
2011-11-30,-0.002814165892284226
2011-12-01,-0.008221721257128944
2011-12-02,-0.008222397279711302
2011-12-05,-0.024669220240436385
2011-12-06,-0.00822510248211783
2011-12-07,-0.008225779060888616
2011-12-08,-0.008226455750948158
2011-12-09,-0.008227132552374172
2011-12-12,-0.024683428395499973
2011-12-13,-0.008229840872042704
2011-12-14,-0.008230518230589734
2011-12-15,-0.008231195700669769
2011-12-16,-0.008231873282260604
2011-12-19,-0.02469765292627546
2011-12-20,-0.008234584724575722
2011-12-21,-0.008235262864275672
2011-12-22,-0.008235941115686263
2011-12-23,-0.008236619478807494
2011-12-26,-0.024711893861084633
2011-12-27,-0.008239334049175984
2011-12-28,-0.008240012971372224
2011-12-29,-0.008240692005478945
2011-12-30,-0.008241371151473942
2012-01-02,0.041251794640007056
2012-01-03,0.013744928183778704
2012-01-04,0.013743039212932295
2012-01-05,0.013741150761181764
2012-01-06,0.013739262828349474
2012-01-09,0.04121212624275117
2012-01-10,0.013731716281983886
2012-01-11,0.013729830940567567
2012-01-12,0.013727946116759426
2012-01-13,0.013726061810404033
2012-01-16,0.04117253406374921
2012-01-17,0.013718529754913611
2012-01-18,0.013716648032469081
2012-01-19,0.013714766826167235
2012-01-20,0.013712886135830438
2012-01-23,0.0411330178835545
2012-01-24,0.013705368529493
2012-01-25,0.013703490415628572
2012-01-26,0.013701612816419129
2012-01-27,0.013699735731687035
2012-01-30,0.04109357748354192
2012-01-31,0.013692232532980242
2012-02-01,0.015182667418200957
2012-02-02,0.015180362634215072
2012-02-03,0.015178058549891738
2012-02-06,0.045527265494671454
2012-02-07,0.01516884920265138
2012-02-08,0.01516654861173361
2012-02-09,0.015164248718591011
2012-02-10,0.015161949522846108
2012-02-13,0.04547895307267513
2012-02-14,0.015152759707759422
2012-02-15,0.015150463994340058
2012-02-16,0.015148168976453213
2012-02-17,0.015145874653788027
2012-02-20,0.04543074307790107
2012-02-21,0.015136704308726934
2012-02-22,0.01513441345730726
2012-02-23,0.015132123299221867
2012-02-24,0.015129833834093276
2012-02-27,0.04538263518498731
2012-02-28,0.01512068289730717
2012-02-29,0.015118396892455088
2012-03-01,0.025315195413111446
2012-03-02,0.02530878844384521
2012-03-05,0.07590715415051186
2012-03-06,0.025283192964575818
2012-03-07,0.02527680218191719
2012-03-08,0.025270414629163795
2012-03-09,0.025264030303984164
2012-03-12,0.07577294761149655
2012-03-13,0.0252385252293319
2012-03-14,0.02523215700500625
2012-03-15,0.025225791993599422
2012-03-16,0.025219430192580106
2012-03-19,0.07563921479873947
2012-03-20,0.025194015044394114
2012-03-21,0.02518766925925231
2012-03-22,0.0251813266699763
2012-03-23,0.0251749872741458
2012-03-26,0.07550595320844344
2012-03-27,0.025149661577783533
2012-03-28,0.025143338113342573
2012-03-29,0.025137017827936425
2012-03-30,0.025130700719233623
2012-04-02,0.029235769394331257
2012-04-03,0.009742408196777852
2012-04-04,0.00974145914407476
2012-04-05,0.009740510276246006
2012-04-06,0.009739561593247181
2012-04-09,0.029215839285035017
2012-04-10,0.00973576870848536
2012-04-11,0.009734820948859024
2012-04-12,0.009733873373685142
2012-04-13,0.009732925982985918
2012-04-16,0.02919593633010642
2012-04-17,0.00972913826369215
2012-04-18,0.009728191794455832
2012-04-19,0.009727245509383309
2012-04-20,0.009726299408341355
2012-04-23,0.029176060473989907
2012-04-24,0.009722516843946316
2012-04-25,0.009721571662524298
2012-04-26,0.009720626664821985
2012-04-27,0.009719681850861583
2012-04-30,0.029156211661462983
2012-05-01,-0.0037854173107199074
2012-05-02,-0.0037855606099812533
2012-05-03,-0.0037857039201005804
2012-05-04,-0.003785847241044582
2012-05-07,-0.011357971718650717
2012-05-08,-0.0037864206334559114
2012-05-09,-0.003786564008734228
2012-05-10,-0.003786707394803912
2012-05-11,-0.003786850791764884
2012-05-14,-0.011360982598762615
2012-05-15,-0.003787424488221891
2012-05-16,-0.0037875679395060757
2012-05-17,-0.0037877114016371394
2012-05-18,-0.003787854874659491
2012-05-21,-0.011363995075597266
2012-05-22,-0.0037884288754064244
2012-05-23,-0.003788572402785295
2012-05-24,-0.003788715941022147
2012-05-25,-0.0037888594901280825
2012-05-28,-0.011367009150453633
2012-05-29,-0.003789433795431396
2012-05-30,-0.003789577398960464
2012-05-31,-0.00378972101338082
2012-06-01,-0.005056540980863389
2012-06-04,-0.0151703900395872
2012-06-05,-0.0050575639320205035
2012-06-06,-0.005057819734521907
2012-06-07,-0.005058075562835995
2012-06-08,-0.005058331417062689
2012-06-11,-0.015175761891550454
2012-06-12,-0.005059355092862372
2012-06-13,-0.005059611076552173
2012-06-14,-0.005059867086143477
2012-06-15,-0.005060123121669591
2012-06-18,-0.015181137549202806
2012-06-19,-0.005061147522844589
2012-06-20,-0.005061403687944832
2012-06-21,-0.0050616598790020895
2012-06-22,-0.005061916095927543
2012-06-25,-0.015186517016640977
2012-06-26,-0.005062941223310524
2012-06-27,-0.00506319757002105
2012-06-28,-0.005063453942710794
2012-06-29,-0.005063710341335348
2012-07-02,-0.015279242454613318
2012-07-03,-0.005093859121285682
2012-07-04,-0.005094118608517384
2012-07-05,-0.005094378122194598
2012-07-06,-0.005094637662284018
2012-07-09,-0.015284691686523466
2012-07-10,-0.005095676087218948
2012-07-11,-0.005095935759591441
2012-07-12,-0.005096195458442754
2012-07-13,-0.005096455183761783
2012-07-16,-0.015290144806667794
2012-07-17,-0.0050974943498149905
2012-07-18,-0.005097754207561422
2012-07-19,-0.005098014091775571
2012-07-20,-0.005098274002512948
2012-07-23,-0.015295601819231841
2012-07-24,-0.005099313910461589
2012-07-25,-0.005099573953792902
2012-07-26,-0.005099834023580829
2012-07-27,-0.005100094119925291
2012-07-30,-0.015301062728345638
2012-07-31,-0.005101134770613136
2012-08-01,0.017952123165931866
2012-08-02,0.017948900957120983
2012-08-03,0.01794567990480722
2012-08-06,0.053827380025106564
2012-08-07,0.017932807248066673
2012-08-08,0.01792959196886823
2012-08-09,0.01792637784250317
2012-08-10,0.01792316486823875
2012-08-13,0.05375985913651515
2012-08-14,0.017910324480285844
2012-08-15,0.017907117257487393
2012-08-16,0.017903911183125842
2012-08-17,0.017900706256557264
2012-08-20,0.05369250743167964
2012-08-21,0.017887898016244463
2012-08-22,0.01788469881955912
2012-08-23,0.017881500767025216
2012-08-24,0.01787830385797662
2012-08-27,0.05362532427548583
2012-08-28,0.017865527644689294
2012-08-29,0.017862336444030014
2012-08-30,0.017859146383214508
2012-08-31,0.01785595746166546
2012-09-03,0.04780941715296638
2012-09-04,0.015928856890701226
2012-09-05,0.015926320009973516
2012-09-06,0.015923783937177305
2012-09-07,0.015921248671935118
2012-09-10,0.04775614264158623
2012-09-11,0.015911115678779453
2012-09-12,0.015908584445489815
2012-09-13,0.015906054017444937
2012-09-14,0.015903524394267343
2012-09-17,0.04770298672669426
2012-09-18,0.01589341394243604
2012-09-19,0.015890888337755094
2012-09-20,0.01588836353565437
2012-09-21,0.015885839535711987
2012-09-24,0.047649949012695814
2012-09-25,0.015875751550065154
2012-09-26,0.015873231555252332
2012-09-27,0.01587071236031079
2012-09-28,0.015868193964907462
2012-10-01,-0.0035356830959343277
2012-10-02,-0.0011786027036331248
2012-10-03,-0.0011786165948324268
2012-10-04,-0.0011786304863981023
2012-10-05,-0.0011786443782413336
2012-10-08,-0.003535974811286202
2012-10-09,-0.0011786999489560301
2012-10-10,-0.0011787138424756982
2012-10-11,-0.001178727736272922
2012-10-12,-0.0011787416304476217
2012-10-15,-0.003536266574788449
2012-10-16,-0.0011787972103327604
2012-10-17,-0.0011788111061172835
2012-10-18,-0.0011788250022570779
2012-10-19,-0.0011788388986966325
2012-10-22,-0.0035365583864188643
2012-10-23,-0.0011788944877633156
2012-10-24,-0.0011789083858460003
2012-10-25,-0.0011789222842506497
2012-10-26,-0.001178936183032775
2012-10-29,-0.0035368502462218565
2012-10-30,-0.0011789917812476958
2012-10-31,-0.0011790056816285421
2012-11-01,-0.01579362231627357
2012-11-02,-0.015796117095356887
2012-11-05,-0.04739583798810676
2012-11-06,-0.01580610409819272
2012-11-07,-0.015808602822409146
2012-11-08,-0.015811102336793503
2012-11-09,-0.01581360264167886
2012-11-12,-0.04744831121243909
2012-11-13,-0.01582361177403513
2012-11-14,-0.015826116037209736
2012-11-15,-0.015828621093139095
2012-11-16,-0.015831126942233986
2012-11-19,-0.04750090075461566
2012-11-20,-0.015841158277751788
2012-11-21,-0.015843668098280972
2012-11-22,-0.015846178714240544
2012-11-23,-0.015848690126019083
2012-11-26,-0.04755360700183786
2012-11-27,-0.015858743738617065
2012-11-28,-0.015861259135052652
2012-11-29,-0.015863775329583163
2012-11-30,-0.015866292322530562
2012-12-03,-0.0260619144213603
2012-12-04,-0.008689569475284209
2012-12-05,-0.008690324627069757
2012-12-06,-0.008691079910139177
2012-12-07,-0.00869183532449247
2012-12-10,-0.02607777261051103
2012-12-11,-0.008694858295543728
2012-12-12,-0.0086956143668937
2012-12-13,-0.008696370569738487
2012-12-14,-0.0086971269041336
2012-12-17,-0.026093650110248223
2012-12-18,-0.008700153557716916
2012-12-19,-0.008700910550285545
2012-12-20,-0.008701667674615443
2012-12-21,-0.00870242493070661
2012-12-24,-0.026109546955832563
2012-12-25,-0.008705455273549934
2012-12-26,-0.008706213189046963
2012-12-27,-0.008706971236516203
2012-12-28,-0.008707729416024268
2012-12-31,-0.026125463182691266
2013-01-01,0.009539690944926349
2013-01-02,0.00953878097469385
2013-01-03,0.009537871178055823
2013-01-04,0.00953696155496786
2013-01-07,0.028608156315956812
2013-01-08,0.009533324796873188
2013-01-09,0.009532416040691771
2013-01-10,0.00953150745772735
2013-01-11,0.009530599047979926
2013-01-14,0.02858907243408204
2013-01-15,0.009526967139827924
2013-01-16,0.009526059595232894
2013-01-17,0.009525152223566202
2013-01-18,0.009524245024739031
2013-01-21,0.028570013996076504
2013-01-22,0.009520617956804145
2013-01-23,0.009519711621441829
2013-01-24,0.00951880545860817
2013-01-25,0.009517899468280966
2013-01-28,0.028550980951136395
2013-01-29,0.009514277230904256
2013-01-30,0.009513372102309958
2013-01-31,0.009512467145911252
2013-02-01,0.02925010546166451
2013-02-04,0.08772465683040132
2013-02-05,0.02921592270885842
2013-02-06,0.029207389500518488
2013-02-07,0.029198861275347987
2013-02-08,0.029190338029083662
2013-02-11,0.08754545927169843
2013-02-12,0.029156294745114053
2013-02-13,0.02914779632767761
2013-02-14,0.0291393028630349
2013-02-15,0.02913081434681164
2013-02-18,0.0873669923241005
2013-02-19,0.029096909679870997
2013-02-20,0.0290884458410412
2013-02-21,0.029079986924807066
2013-02-22,0.029071532926816523
2013-02-25,0.08718925152852997
2013-02-26,0.029037766031958512
2013-02-27,0.02902933656117046
2013-02-28,0.029020911982913233
2013-03-01,0.00901554684267225
2013-03-04,0.027044202345294366
2013-03-05,0.009012296811294895
2013-03-06,0.009011484669563252
2013-03-07,0.009010672674181208
2013-03-08,0.009009860825104354
2013-03-11,0.027027147366953663
2013-03-12,0.009006614891271525
2013-03-13,0.00900580377316551
2013-03-14,0.009004992801209255
2013-03-15,0.009004181975247327
2013-03-18,0.02701011388597241
2013-03-19,0.009000940131143054
2013-03-20,0.009000130034841902
2013-03-21,0.008999320084313034
2013-03-22,0.008998510279578653
2013-03-25,0.026993101861694235
2013-03-26,0.008995272517475783
2013-03-27,0.008994463441003298
2013-03-28,0.008993654509992233
2013-03-29,0.00899284572455361
2013-04-01,-0.009746620097683678
2013-04-02,-0.0032491900521125494
2013-04-03,-0.003249295627905102
2013-04-04,-0.003249401210547731
2013-04-05,-0.003249506800051538
2013-04-08,-0.009748837189327286
2013-04-09,-0.003249929226745163
2013-04-10,-0.0032500348505659638
2013-04-11,-0.0032501404812812495
2013-04-12,-0.0032502461188466114
2013-04-15,-0.009751055289819455
2013-04-16,-0.003250668737786455
2013-04-17,-0.003250774409691015
2013-04-18,-0.0032508800884678557
2013-04-19,-0.0032509857741058745
2013-04-22,-0.009753274399915135
2013-04-23,-0.003251408585436266
2013-04-24,-0.00325151430544679
2013-04-25,-0.0032516200323517985
2013-04-26,-0.0032517257661179855
2013-04-29,-0.009755494520258257
2013-04-30,-0.0032521487699499474
2013-05-01,0.0057432508825394635
2013-05-02,0.005742921052176442
2013-05-03,0.00574259125969423
2013-05-06,0.017226784515256277
2013-05-07,0.005741272468462455
2013-05-08,0.005740942865273269
2013-05-09,0.005740613299942687
2013-05-10,0.005740283772448507
2013-05-13,0.01721986284837218
2013-05-14,0.0057389660407025644
2013-05-15,0.005738636702279365
2013-05-16,0.005738307401692566
2013-05-17,0.00573797813885335
2013-05-20,0.017212946741440582
2013-05-21,0.0057366614653497905
2013-05-22,0.005736332391359511
2013-05-23,0.005736003355139019
2013-05-24,0.005735674356688314
2013-05-27,0.01720603618782235
2013-05-28,0.005734358740094869
2013-05-29,0.005734029930248852
2013-05-30,0.005733701158106008
2013-05-31,0.005733372423666339
2013-06-03,0.025711158060004458
2013-06-04,0.008568183040891242
2013-06-05,0.008567448966223523
2013-06-06,0.008566715017255255
2013-06-07,0.008565981194075256
2013-06-10,0.025695742489739715
2013-06-11,0.008563047158016701
2013-06-12,0.008562313963067503
2013-06-13,0.00856158089359571
2013-06-14,0.008560847949712347
2013-06-17,0.025680345393741533
2013-06-18,0.008557917428486661
2013-06-19,0.008557185111657262
2013-06-20,0.008556452920149837
2013-06-21,0.00855572085391998
2013-06-24,0.025664966738836448
2013-06-25,0.0085527938412433
2013-06-26,0.008552062401001592
2013-06-27,0.008551331085815406
2013-06-28,0.008550599895706945
2013-07-01,0.003581795756657513
2013-07-02,0.0011938891562035536
2013-07-03,0.0011938749026718654
2013-07-04,0.001193860649473244
2013-07-05,0.001193846396585485
2013-07-08,0.0035814964322922194
2013-07-09,0.0011937893885427542
2013-07-10,0.0011937751374091476
2013-07-11,0.001193760886564199
2013-07-12,0.0011937466361189308
2013-07-15,0.0035811971578869617
2013-07-16,0.001193689637579709
2013-07-17,0.0011936753887997753
2013-07-18,0.0011936611403529085
2013-07-19,0.001193646892261313
2013-07-22,0.0035808979335083535
2013-07-23,0.0011935899032700092
2013-07-24,0.0011935756568881573
2013-07-25,0.0011935614108171677
2013-07-26,0.001193547165079245
2013-07-29,0.0035805987591341903
2013-07-30,0.0011934901856358593
2013-07-31,0.0011934759416076801
2013-08-01,0.004009771856816613
2013-08-02,0.00400961108055764
2013-08-05,0.012028350951598377
2013-08-06,0.0040089681044408465
2013-08-07,0.004008807392619218
2013-08-08,0.00400864669374279
2013-08-09,0.004008486007656131
2013-08-12,0.012024976003544019
2013-08-13,0.004007843392317412
2013-08-14,0.004007682770668097
2013-08-15,0.0040075221618751655
2013-08-16,0.004007361565983025
2013-08-19,0.012021602948841803
2013-08-20,0.0040067193110671084
2013-08-21,0.00400655877950129
2013-08-22,0.004006398260791855
2013-08-23,0.004006237754983211
2013-08-26,0.012018231785915212
2013-08-27,0.004005595860179234
2013-08-28,0.004005435418630299
2013-08-29,0.004005274989937746
2013-08-30,0.004005114574057167
2013-09-02,0.011254882115463438
2013-09-03,0.0037512051780597133
2013-09-04,0.003751064467993892
2013-09-05,0.003750923768408576
2013-09-06,0.0037507830793925834
2013-09-09,0.011251927202793333
2013-09-10,0.003750220428866413
2013-09-11,0.003750079792586014
2013-09-12,0.0037499391668971427
2013-09-13,0.0037497985517331855
2013-09-16,0.011248973841304633
2013-09-17,0.0037492361965041354
2013-09-18,0.003749095634075772
2013-09-19,0.003748955082127914
2013-09-20,0.0037488145407715834
2013-09-23,0.011246022029798297
2013-09-24,0.003748252480639813
2013-09-25,0.0037481119919302586
2013-09-26,0.0037479715137678227
2013-09-27,0.0037478310461080966
2013-09-30,0.011243071767030877
2013-10-01,-0.008307365354198737
2013-10-02,-0.008308055534744785
2013-10-03,-0.008308745829954667
2013-10-04,-0.008309436239894996
2013-10-07,-0.02493038029370842
2013-10-08,-0.008312199027415978
2013-10-09,-0.008312890011374918
2013-10-10,-0.008313581110208634
2013-10-11,-0.008314272323994842
2013-10-14,-0.024944890958145116
2013-10-15,-0.008317038328864435
2013-10-16,-0.008317730117657351
2013-10-17,-0.008318422021569294
2013-10-18,-0.008319114040555853
2013-10-21,-0.024959418524195254
2013-10-22,-0.008321883268391783
2013-10-23,-0.008322575863461967
2013-10-24,-0.008323268573795506
2013-10-25,-0.00832396139944791
2013-10-28,-0.024973963021424073
2013-10-29,-0.008326733855901214
2013-10-30,-0.008327427258625342
2013-10-31,-0.008328120776801562
2013-11-01,-0.0070428420362866895
2013-11-04,-0.0211300142623827
2013-11-05,-0.007044826660340675
2013-11-06,-0.007045322991139358
2013-11-07,-0.007045819391870989
2013-11-08,-0.00704631586254667
2013-11-11,-0.02114043720966574
2013-11-12,-0.007048302445156196
2013-11-13,-0.0070487992658518905
2013-11-14,-0.007049296156602658
2013-11-15,-0.007049793117397396
2013-11-18,-0.021150870444774927
2013-11-19,-0.007051781661471246
2013-11-20,-0.007052278972785597
2013-11-21,-0.007052776354243839
2013-11-22,-0.007053273805857074
2013-11-25,-0.021161313983053542
2013-11-26,-0.007055264314315135
2013-11-27,-0.007055762116947584
2013-11-28,-0.007056259989901559
2013-11-29,-0.007056757933099345
2013-12-02,-0.000804482792637895
2013-12-03,-0.0002681630882128694
2013-12-04,-0.00026816380731542466
2013-12-05,-0.00026816452645128663
2013-12-06,-0.00026816524556494414
2013-12-09,-0.0008044978941024183
2013-12-10,-0.0002681681220972898
2013-12-11,-0.00026816884125535623
2013-12-12,-0.0002681695603912182
2013-12-13,-0.00026817027954928463
2013-12-16,-0.0008045129960998487
2013-12-17,-0.0002681731561926526
2013-12-18,-0.000268173875350719
2013-12-19,-0.00026817459454209214
2013-12-20,-0.00026817531372236303
2013-12-23,-0.0008045280986745951
2013-12-24,-0.00026817819046565106
2013-12-25,-0.0002681789096570242
2013-12-26,-0.00026817962887060176
2013-12-27,-0.0002681803480619749
2013-12-30,-0.0008045432018266574
2013-12-31,-0.0002681832249162852
2014-01-01,0.012000798945921431
2014-01-02,0.011999358926972903
2014-01-03,0.011997919253592393
2014-01-06,0.035989439776851206
2014-01-07,0.011992164012974982
2014-01-08,0.011990726065436164
2014-01-09,0.011989288462688208
2014-01-10,0.011987851204642297
2014-01-13,0.035959242873362385
2014-01-14,0.011982105616681338
2014-01-15,0.01198067008010284
2014-01-16,0.011979234887515844
2014-01-17,0.011977800038698305
2014-01-20,0.03592909660079524
2014-01-21,0.011972064079124323
2014-01-22,0.01197063094751094
2014-01-23,0.011969198158978678
2014-01-24,0.011967765713372103
2014-01-27,0.035899000831873806
2014-01-28,0.01196203935800444
2014-01-29,0.011960608625294356
2014-01-30,0.011959178234799417
2014-01-31,0.011957748186364192
2014-02-03,0.03962044983181201
2014-02-04,0.013201586082822736
2014-02-05,0.013199843494104968
2014-02-06,0.013198101365397008
2014-02-07,0.013196359696454607
2014-02-10,0.03958385546141141
2014-02-11,0.013189397615054332
2014-02-12,0.013187658242364009
2014-02-13,0.013185919328395634
2014-02-14,0.013184180872927165
2014-02-17,0.03954732862747612
2014-02-18,0.013177231632743869
2014-02-19,0.013175495467177
2014-02-20,0.013173759759066428
2014-02-21,0.013172024508190106
2014-02-24,0.03951086914320001
2014-02-25,0.013165088073674447
2014-02-26,0.013163355106371455
2014-02-27,0.013161622595281308
2014-02-28,0.013159890540137553
2014-03-03,0.06232300767317067
2014-03-04,0.02076139676416844
2014-03-05,0.020757087302913924
2014-03-06,0.02075277963031752
2014-03-07,0.020748473745291207
2014-03-10,0.06223250894010768
2014-03-11,0.020731268058438168
2014-03-12,0.020726971094520152
2014-03-13,0.02072267591146648
2014-03-14,0.02071838250821134
2014-03-17,0.062142272650866914
2014-03-18,0.02070122667088281
2014-03-19,0.020696942150011388
2014-03-20,0.020692659402254954
2014-03-21,0.020688378426547693
2014-03-24,0.06205229766553799
2014-03-25,0.020671272222472226
2014-03-26,0.020667000090623944
2014-03-27,0.02066272972423011
2014-03-28,0.020658461122291527
2014-03-31,0.061962582850694226
2014-04-01,0.010989181510523416
2014-04-02,0.010987974022103053
2014-04-03,0.010986766799048198
2014-04-04,0.010985559841203418
2014-04-07,0.032953059445506305
2014-04-08,0.010980734660481772
2014-04-09,0.010979529027532742
2014-04-10,0.010978323659305289
2014-04-11,0.010977118555688392
2014-04-14,0.032927741149912926
2014-04-15,0.010972300785838662
2014-04-16,0.010971097004075503
2014-04-17,0.010969893486412197
2014-04-18,0.01096869023278213
2014-04-21,0.03290246172924505
2014-04-22,0.010963879856706882
2014-04-23,0.010962677921866337
2014-04-24,0.01096147625054833
2014-04-25,0.010960274842619633
2014-04-28,0.0328772210940409
2014-04-29,0.01095547184331025
2014-04-30,0.010954271751151268
2014-05-01,0.011642032800174285
2014-05-02,0.011640677588653503
2014-05-05,0.0349179680779077
2014-05-06,0.011635259896292105
2014-05-07,0.011633906261065974
2014-05-08,0.011632552940765706
2014-05-09,0.011631199935280279
2014-05-12,0.0348895417334516
2014-05-13,0.011625791059266533
2014-05-14,0.01162443962621218
2014-05-15,0.01162308850728433
2014-05-16,0.011621737702438573
2014-05-19,0.03486116163453623
2014-05-20,0.01161633762127856
2014-05-21,0.011614988385022507
2014-05-22,0.011613639462138003
2014-05-23,0.011612290852536233
2014-05-26,0.034832827668385136
2014-05-27,0.011606899544802651
2014-05-28,0.011605552499971417
2014-05-29,0.01160420576780119
2014-05-30,0.011602859348114336
2014-06-02,0.018020583329958484
2014-06-03,0.00600577883358433
2014-06-04,0.006005418161447729
2014-06-05,0.006005057532676439
2014-06-06,0.006004696947159438
2014-06-09,0.018013009214823406
2014-06-10,0.00600325503805621
2014-06-11,0.00600289466898829
2014-06-12,0.006002534343152455
2014-06-13,0.006002174060615317
2014-06-16,0.018005441463886385
2014-06-17,0.006000733362765409
2014-06-18,0.006000373296344286
2014-06-19,0.006000013273177451
2014-06-20,0.005999653293176088
2014-06-23,0.017997880069109407
2014-06-24,0.005998213805047392
2014-06-25,0.005997854040939998
2014-06-26,0.005997494319998076
2014-06-27,0.005997134642155011
2014-06-30,0.017990325022498865
2014-07-01,-0.0012586902069622319
2014-07-02,-0.0012587060501889624
2014-07-03,-0.0012587218937820666
2014-07-04,-0.0012587377377970554
2014-07-07,-0.003776260746601867
2014-07-08,-0.0012588011178205072
2014-07-09,-0.001258816963811693
2014-07-10,-0.0012588328102247637
2014-07-11,-0.0012588486570153101
2014-07-14,-0.0037765935126610195
2014-07-15,-0.0012589120481965033
2014-07-16,-0.0012589278970076556
2014-07-17,-0.0012589437461962838
2014-07-18,-0.0012589595957956945
2014-07-21,-0.0037769263373399475
2014-07-22,-0.0012590229981568335
2014-07-23,-0.0012590388497324412
2014-07-24,-0.0012590547017410358
2014-07-25,-0.001259070554116004
2014-07-28,-0.003777259220716367
2014-07-29,-0.0012591339676459867
2014-07-30,-0.001259149822041561
2014-07-31,-0.0012591656768146109
2014-08-01,-0.005760393675147135
2014-08-04,-0.017282176546851158
2014-08-05,-0.005761721266450692
2014-08-06,-0.0057620532598945395
2014-08-07,-0.0057623852916077745
2014-08-08,-0.005762717361590397
2014-08-11,-0.017289148409527222
2014-08-12,-0.005764046024303582
2014-08-13,-0.005764378285733063
2014-08-14,-0.005764710585465238
2014-08-15,-0.0057650429234890055
2014-08-18,-0.017296125899568526
2014-08-19,-0.005766372658932983
2014-08-20,-0.005766705188647858
2014-08-21,-0.005767037756709836
2014-08-22,-0.005767370363141122
2014-08-25,-0.01730310902378074
2014-08-26,-0.00576870117259265
2014-08-27,-0.005769033970914883
2014-08-28,-0.005769366807639731
2014-08-29,-0.005769699682778295
2014-09-01,0.007055332727912145
2014-09-02,0.002351611661932651
2014-09-03,0.002351556362478746
2014-09-04,0.0023515010656005586
2014-09-05,0.002351445771320293
2014-09-08,0.007054171438958257
2014-09-09,0.0023512246202450626
2014-09-10,0.002351169338976611
2014-09-11,0.0023511140602838765
2014-09-12,0.0023510587842112685
2014-09-15,0.007053010532231951
2014-09-16,0.0023508377059222596
2014-09-17,0.002350782442839261
2014-09-18,0.002350727182354184
2014-09-19,0.0023506719244670293
2014-09-22,0.0070518500075555934
2014-09-23,0.0023504509188976286
2014-09-24,0.0023503956740222876
2014-09-25,0.002350340431722664
2014-09-26,0.0023502851919987577
2014-09-29,0.007050689864707138
2014-09-30,0.0023500642591711696
2014-10-01,-0.008104121975982537
2014-10-02,-0.008104778797135559
2014-10-03,-0.008105435724770071
2014-10-06,-0.024318278276724836
2014-10-07,-0.008108064500611523
2014-10-08,-0.008108721961008758
2014-10-09,-0.008109379528042915
2014-10-10,-0.0081100372017473
2014-10-13,-0.02433208494636574
2014-10-14,-0.0081126689636557
2014-10-15,-0.008113327170999884
2014-10-16,-0.00811398548518083
2014-10-17,-0.008114643906220742
2014-10-20,-0.02434590730235886
2014-10-21,-0.008117278659258709
2014-10-22,-0.008117937614871007
2014-10-23,-0.0081185966774866
2014-10-24,-0.008119255847116591
2014-10-27,-0.02435974537140506
2014-10-28,-0.008121893596402252
2014-10-29,-0.008122553301537216
2014-10-30,-0.008123213113853112
2014-10-31,-0.008123873033372142
2014-11-03,-0.0578509065113586
2014-11-04,-0.019294797719193735
2014-11-05,-0.019298521329813578
2014-11-06,-0.0193022463779724
2014-11-07,-0.019305972864414045
2014-11-10,-0.05792910237002458
2014-11-11,-0.01932089321001751
2014-11-12,-0.019324626900552033
2014-11-13,-0.01932836203438759
2014-11-14,-0.019332098612412363
2014-11-17,-0.05800750990621051
2014-11-18,-0.019347059382801568
2014-11-19,-0.019350803194173594
2014-11-20,-0.019354548454764142
2014-11-21,-0.019358295165383677
2014-11-24,-0.058086129980605694
2014-11-25,-0.019373296525082573
2014-11-26,-0.019377050498536885
2014-11-27,-0.019380805927060596
2014-11-28,-0.019384562811597394
2014-12-01,-0.051546371909205746
2014-12-02,-0.017190985298953798
2014-12-03,-0.017193941106818933
2014-12-04,-0.017196897931337496
2014-12-05,-0.017199855772986883
2014-12-08,-0.051608443896855594
2014-12-09,-0.01721169732143979
2014-12-10,-0.017214660256648084
2014-12-11,-0.017217624212173543
2014-12-12,-0.017220589188504665
2014-12-15,-0.05167066555855637
2014-12-16,-0.017232459312610526
2014-12-17,-0.01723542940094136
2014-12-18,-0.017238400513319707
2014-12-19,-0.01724137265020076
2014-12-22,-0.05173303743631896
2014-12-23,-0.017253271453487873
2014-12-24,-0.017256248720931566
2014-12-25,-0.017259227016064305
2014-12-26,-0.0172622063394412
2014-12-29,-0.051795560074796576
2014-12-30,-0.01727413392601518
2014-12-31,-0.017277118398573155
2015-01-01,-0.015686307911577657
2015-01-02,-0.01568876890016835
2015-01-05,-0.04707369198326816
2015-01-06,-0.01569862058140581
2015-01-07,-0.015701085435215756
2015-01-08,-0.015703551063173116
2015-01-09,-0.01570601746567757
2015-01-12,-0.04712545392900891
2015-01-13,-0.015715890827894263
2015-01-14,-0.01571836110835223
2015-01-15,-0.01572083216554443
2015-01-16,-0.01572330399977062
2015-01-19,-0.04717732983429146
2015-01-20,-0.015733199114664753
2015-01-21,-0.015735674839723046
2015-01-22,-0.015738151344035778
2015-01-23,-0.01574062862801373
2015-01-26,-0.0472293200758811
2015-01-27,-0.015750545567538854
2015-01-28,-0.01575302675520529
2015-01-29,-0.01575550872469078
2015-01-30,-0.015757991476428312
2015-02-02,0.04653262418328197
2015-02-03,0.015503660467697244
2015-02-04,0.015501257205419172
2015-02-05,0.015498854688078545
2015-02-06,0.0154964529153645
2015-02-09,0.04648215566072089
2015-02-10,0.01548685326366872
2015-02-11,0.015484455208802927
2015-02-12,0.015482057896498702
2015-02-13,0.015479661326356364
2015-02-16,0.04643179649423956
2015-02-17,0.015470082460877776
2015-02-18,0.015467689596526668
2015-02-19,0.015465297472339046
2015-02-20,0.01546290608791523
2015-02-23,0.046381546328766454
2015-02-24,0.015453347941196682
2015-02-25,0.015450960250529278
2015-02-26,0.015448573297627277
2015-02-27,0.015446187082091
2015-03-02,0.055797390104039835
2015-03-03,0.018588757992876737
2015-03-04,0.018585303215834514
2015-03-05,0.01858184972272081
2015-03-06,0.01857839751280288
2015-03-09,0.05572483975617715
2015-03-10,0.018564601490966837
2015-03-11,0.018561155686391828
2015-03-12,0.018557711160704926
2015-03-13,0.0185542679132622
2015-03-16,0.055652477829970515
2015-03-17,0.018540507691389152
2015-03-18,0.01853707082435374
2015-03-19,0.01853363523125484
2015-03-20,0.018530200911404116
2015-03-23,0.05558030359231747
2015-03-24,0.018516476350338706
2015-03-25,0.018513048386115116
2015-03-26,0.018509621690898648
2015-03-27,0.018506196263978758
2015-03-30,0.05550831631395692
2015-03-31,0.018492507225253974
2015-04-01,0.006776244181949664
2015-04-02,0.006775785038226623
2015-04-03,0.006775325956698275
2015-04-06,0.02032460081213827
2015-04-07,0.0067734902525096174
2015-04-08,0.00677303148191033
2015-04-09,0.006772572773416918
2015-04-10,0.006772114127051587
2015-04-13,0.02031496662844301
2015-04-14,0.006770280162649023
2015-04-15,0.006769821826768663
2015-04-16,0.006769363552905361
2015-04-17,0.006768905341081322
2015-04-20,0.02030534157391184
2015-04-21,0.006767073114000155
2015-04-22,0.006766615212194793
2015-04-23,0.0067661573723620805
2015-04-24,0.006765699594479813
2015-04-27,0.020295725635621764
2015-04-28,0.006763869102233144
2015-04-29,0.00676341163390326
2015-04-30,0.006762954227479412
2015-05-01,0.017576662156870704
2015-05-04,0.052720719927812354
2015-05-05,0.017564313276841048
2015-05-06,0.017561228767637438
2015-05-07,0.017558145341545206
2015-05-08,0.017555062998075854
2015-05-11,0.05265594520988959
2015-05-12,0.0175427444387255
2015-05-13,0.0175396674996664
2015-05-14,0.0175365916398329
2015-05-15,0.017533516858581066
2015-05-18,0.05259132946606737
2015-05-19,0.017521228508354802
2015-05-20,0.017518159111662435
2015-05-21,0.01751509079019886
2015-05-22,0.017512023543364563
2015-05-25,0.05252687211185769
2015-05-26,0.0174997652913067
2015-05-27,0.017496703409247694
2015-05-28,0.017493642598509496
2015-05-29,0.017490582858448178
2015-06-01,0.032839406236195856
2015-06-02,0.010942875170161237
2015-06-03,0.010941677836040498
2015-06-04,0.010940480763865779
2015-06-05,0.010939283953614876
2015-06-08,0.032814262215508094
2015-06-09,0.010934499329873226
2015-06-10,0.010933303827864727
2015-06-11,0.010932108587202727
2015-06-12,0.010930913607865023
2015-06-15,0.03278915666919957
2015-06-16,0.010926136301780964
2015-06-17,0.010924942627665857
2015-06-18,0.010923749214319933
2015-06-19,0.01092255606167658
2015-06-22,0.03276408950902976
2015-06-23,0.010917786056485745
2015-06-24,0.010916594206067387
2015-06-25,0.010915402615885306
2015-06-26,0.010914211285761866
2015-06-29,0.03273906064704679
2015-06-30,0.010909448564699886
2015-07-01,0.00021628115902672107
2015-07-02,0.00021628069124535187
2015-07-03,0.00021628022346398268
2015-07-06,0.0006488392671144538
2015-07-07,0.00021627835242732374
2015-07-08,0.00021627788460154562
2015-07-09,0.0002162774168867898
2015-07-10,0.0002162769491054206
2015-07-13,0.000648829444105381
2015-07-14,0.00021627507809096613
2015-07-15,0.00021627461035400586
2015-07-16,0.00021627414261704558
2015-07-17,0.0002162736748800853
2015-07-20,0.0006488196213849662
2015-07-21,0.0002162718039322442
2015-07-22,0.00021627133617307948
2015-07-23,0.00021627086845832366
2015-07-24,0.00021627040069915893
2015-07-27,0.0006488097989976183
2015-07-28,0.0002162685298179312
2015-07-29,0.00021626806208097094
2015-07-30,0.00021626759438841958
2015-07-31,0.00021626712667366377
2015-08-03,-0.013705899511151642
2015-08-04,-0.004569259428499617
2015-08-05,-0.004569468219350892
2015-08-06,-0.004569677029275798
2015-08-07,-0.004569885858318745
2015-08-10,-0.013710284119272664
2015-08-11,-0.004570721365315666
2015-08-12,-0.004570930289815589
2015-08-13,-0.004571139233378041
2015-08-14,-0.004571348196069636
2015-08-17,-0.01371467153362671
2015-08-18,-0.004572184237916499
2015-08-19,-0.004572393296153887
2015-08-20,-0.0045726023735426224
2015-08-21,-0.0045728114700160916
2015-08-24,-0.013719061756878315
2015-08-25,-0.004573648047234702
2015-08-26,-0.0045738572393538846
2015-08-27,-0.004574066450635517
2015-08-28,-0.0045742756810462915
2015-08-31,-0.01372345479176973
2015-09-01,-0.005189188584353577
2015-09-02,-0.005189457875098835
2015-09-03,-0.0051897271938106115
2015-09-04,-0.005189996540455599
2015-09-07,-0.015570797745290132
2015-09-08,-0.005191074206756241
2015-09-09,-0.005191343693256023
2015-09-10,-0.005191613207744528
2015-09-11,-0.005191882750210652
2015-09-14,-0.015576456962040908
2015-09-15,-0.005192961200017887
2015-09-16,-0.005193230882516442
2015-09-17,-0.005193500592992617
2015-09-18,-0.005193770331468617
2015-09-21,-0.015582120293977653
2015-09-22,-0.005194849565681725
2015-09-23,-0.005195119444367791
2015-09-24,-0.00519538935099817
2015-09-25,-0.005195659285750498
2015-09-28,-0.01558778774559677
2015-09-29,-0.005196739305213249
2015-09-30,-0.005197009380253359
2015-10-01,-0.0014989458348213525
2015-10-02,-0.0014989683035482315
2015-10-05,-0.004496972318834835
2015-10-06,-0.0014990581851614948
2015-10-07,-0.0014990806572634519
2015-10-08,-0.0014991031300315427
2015-10-09,-0.0014991256034546652
2015-10-12,-0.004497444232742787
2015-10-13,-0.0014992155039639243
2015-10-14,-0.001499237980773227
2015-10-15,-0.0014992604582375613
2015-10-16,-0.001499282936401336
2015-10-19,-0.004497916245738143
2015-10-20,-0.0014993728557732844
2015-10-21,-0.0014993953372899327
2015-10-22,-0.0014994178194949193
2015-10-23,-0.0014994403023771419
2015-10-26,-0.004498388357798699
2015-10-27,-0.0014995302406117794
2015-10-28,-0.0014995527268579778
2015-10-29,-0.0014995752137925145
2015-10-30,-0.001499597701393185
2015-11-02,-0.020425939152401984
2015-11-03,-0.006810037398241597
2015-11-04,-0.006810501195897434
2015-11-05,-0.006810965056769369
2015-11-06,-0.006811428980812995
2015-11-09,-0.02043567890418485
2015-11-10,-0.0068132853091817935
2015-11-11,-0.006813749549361425
2015-11-12,-0.006814213852834872
2015-11-13,-0.0068146782195910305
2015-11-16,-0.0204454279488675
2015-11-17,-0.006816536319653732
2015-11-18,-0.006817001002978884
2015-11-19,-0.006817465749697771
2015-11-20,-0.00681793055979929
2015-11-23,-0.020455186299739303
2015-11-24,-0.006819790434087203
2015-11-25,-0.006820255561235111
2015-11-26,-0.006820720751810061
2015-11-27,-0.006821186005856461
2015-11-30,-0.02046495397015624
2015-12-01,-0.011022891732637152
2015-12-02,-0.011024106907997488
2015-12-03,-0.01102532235135456
2015-12-04,-0.011026538062697266
2015-12-07,-0.03308326212658752
2015-12-08,-0.011031403590355815
2015-12-09,-0.011032620643258717
2015-12-10,-0.011033837964746773
2015-12-11,-0.011035055554919904
2015-12-14,-0.03310882024142314
2015-12-15,-0.011039928603928661
2015-12-16,-0.011041147538726204
2015-12-17,-0.011042366742730625
2015-12-18,-0.011043586216041845
2015-12-21,-0.033134417876079514
2015-12-22,-0.011048466803842416
2015-12-23,-0.011049687624931082
2015-12-24,-0.011050908715803942
2015-12-25,-0.011052130076627531
2015-12-28,-0.03316005512229436
2015-12-29,-0.011057018220772541
2015-12-30,-0.011058240932471097
2015-12-31,-0.01105946391465329
2016-01-01,0.0057003524450705
2016-01-04,0.017100082570231656
2016-01-05,0.005699052980645547
2016-01-06,0.005698728207104153
2016-01-07,0.0056984034705775954
2016-01-08,0.005698078771043669
2016-01-11,0.01709326232561814
2016-01-12,0.005696780342923091
2016-01-13,0.00569645582835232
2016-01-14,0.005696131350751976
2016-01-15,0.005695806910122059
2016-01-18,0.017086447519254477
2016-01-19,0.005694509517040203
2016-01-20,0.005694185261106988
2016-01-21,0.005693861042121995
2016-01-22,0.005693536860040815
2016-01-25,0.017079638144634757
2016-01-26,0.00569224050079864
2016-01-27,0.005691916503236527
2016-01-28,0.005691592542533819
2016-01-29,0.005691268618712719
2016-02-01,0.0079652567753552
2016-02-02,0.002654874124252693
2016-02-03,0.0026548036425433352
2016-02-04,0.0026547331646087358
2016-02-05,0.0026546626904044857
2016-02-08,0.00796377665976955
2016-02-09,0.0026543808309575923
2016-02-10,0.002654310375449498
2016-02-11,0.0026542399236939573
2016-02-12,0.002654169475668766
2016-02-15,0.007962297094121773
2016-02-16,0.0026538877209381084
2016-02-17,0.002653817291609073
2016-02-18,0.0026537468660325914
2016-02-19,0.0026536764441642546
2016-02-22,0.00796081807816762
2016-02-23,0.002653394794127628
2016-02-24,0.002653324390955447
2016-02-25,0.0026532539915136155
2016-02-26,0.0026531835958021333
2016-02-29,0.007959339611551819
2016-03-01,0.013890323043197483
2016-03-02,0.013888393900418627
2016-03-03,0.013886465293433403
2016-03-04,0.013884537221975357
2016-03-07,0.041647829057622765
2016-03-08,0.013876830287329334
2016-03-09,0.013874904890309736
2016-03-10,0.013872980027529458
2016-03-11,0.01387105569874425
2016-03-14,0.041607395711174
2016-03-15,0.013863363719135435
2016-03-16,0.01386144205699491
2016-03-17,0.013859520927561597
2016-03-18,0.013857600330502429
2016-03-21,0.04156704079716356
2016-03-22,0.013849923262476693
2016-03-23,0.01384800532435726
2016-03-24,0.013846087917390726
2016-03-25,0.013844171041266229
2016-03-28,0.04152676408757383
2016-03-29,0.013836508841480466
2016-03-30,0.013834594616546347
2016-03-31,0.01383268092123302
2016-04-01,0.01634851027279005
2016-04-04,0.04903751391529543
2016-04-05,0.016337826307921688
2016-04-06,0.016335157498259534
2016-04-07,0.016332489560366703
2016-04-08,0.01632982249382131
2016-04-11,0.048981468894537805
2016-04-12,0.01631916293245439
2016-04-13,0.016316500216206897
2016-04-14,0.01631383836870892
2016-04-15,0.016311177389627396
2016-04-18,0.04892555183528824
2016-04-19,0.016300542148228736
2016-04-20,0.016297885504545917
2016-04-21,0.01629522972665942
2016-04-22,0.016292574814147365
2016-04-25,0.04886976229989681
2016-04-26,0.01628196380960567
2016-04-27,0.01627931321774856
2016-04-28,0.01627666348869017
2016-04-29,0.016274014622119637
2016-05-02,0.0379292906073303
2016-05-03,0.012638303250334104
2016-05-04,0.01263670618509849
2016-05-05,0.012635109523428945
2016-05-06,0.012633513265192242
2016-05-09,0.03789575223067665
2016-05-10,0.012627132263465235
2016-05-11,0.012625538020083482
2016-05-12,0.012623944179201985
2016-05-13,0.01262235074070972
2016-05-16,0.03786227311319834
2016-05-17,0.012615981007213506
2016-05-18,0.012614389578224916
2016-05-19,0.012612798550692972
2016-05-20,0.012611207924417833
2016-05-23,0.03782885309795425
2016-05-24,0.012604849429331821
2016-05-25,0.0126032608072979
2016-05-26,0.012601672585632606
2016-05-27,0.012600084764202713
2016-05-30,0.03779549202858057
2016-05-31,0.012593737477817335
2016-06-01,0.010947887224266317
2016-06-02,0.010946688793134207
2016-06-03,0.010945490624325593
2016-06-06,0.032832878153410405
2016-06-07,0.010940700570905015
2016-06-08,0.010939503712581455
2016-06-09,0.010938307116048485
2016-06-10,0.010937110781283899
2016-06-13,0.03280774412455223
2016-06-14,0.01093232805795541
2016-06-15,0.01093113303065607
2016-06-16,0.0109299382645478
2016-06-17,0.010928743759608395
2016-06-20,0.03278264854715829
2016-06-21,0.010923968349563218
2016-06-22,0.010922775149069253
2016-06-23,0.01092158220918904
2016-06-24,0.010920389529878172
2016-06-27,0.03275759133305467
2016-06-28,0.01091562141635194
2016-06-29,0.010914430038511114
2016-06-30,0.010913238920662316
2016-07-01,-0.005579780706044257
2016-07-04,-0.01674027618879803
2016-07-05,-0.005581026342171835
2016-07-06,-0.0055813378380786816
2016-07-07,-0.005581649368813224
2016-07-08,-0.005581960934297747
2016-07-11,-0.01674681760367447
2016-07-12,-0.005583207544157531
2016-07-13,-0.005583519283614002
2016-07-14,-0.00558383105789817
2016-07-15,-0.0055841428670100335
2016-07-18,-0.01675336413280437
2016-07-19,-0.005585390451712247
2016-07-20,-0.005585702435007001
2016-07-21,-0.005586014453184962
2016-07-22,-0.005586326506168415
2016-07-25,-0.016759915782149637
2016-07-26,-0.005587575066912098
2016-07-27,-0.0055878872943004865
2016-07-28,-0.005588199556627593
2016-07-29,-0.005588511853804601
2016-08-01,0.00834936461713287
2016-08-02,0.0027828891854708715
2016-08-03,0.002782811742929603
2016-08-04,0.0027827343046515907
2016-08-05,0.0027826568707256527
2016-08-08,0.008347738323188914
2016-08-09,0.0027823471780097364
2016-08-10,0.0027822697655999207
2016-08-11,0.0027821923574977703
2016-08-12,0.002782114953703285
2016-08-15,0.00834611266271601
2016-08-16,0.0027818053816242028
2016-08-17,0.0027817279993680444
2016-08-18,0.002781650621397347
2016-08-19,0.002781573247756519
2016-08-22,0.008344487635247866
2016-08-23,0.0027812637962032483
2016-08-24,0.0027811864440563383
2016-08-25,0.002781109096239298
2016-08-26,0.002781031752707719
2016-08-29,0.00834286324047362
2016-08-30,0.002780722421613646
2016-08-31,0.0027806450996203935
2016-09-01,0.008013319548760833
2016-09-02,0.008012677467306162
2016-09-05,0.024036106466263085
2016-09-06,0.008010110170131313
2016-09-07,0.008009468602887537
2016-09-08,0.0080088271383838
2016-09-09,0.008008185776620103
2016-09-12,0.02402263355278933
2016-09-13,0.008005621356499404
2016-09-14,0.008004980508080628
2016-09-15,0.00800433976224646
2016-09-16,0.008003699118974694
2016-09-19,0.024009175734729382
2016-09-20,0.008001137571067574
2016-09-21,0.008000497440252552
2016-09-22,0.007999857411866707
2016-09-23,0.007999217485887833
2016-09-26,0.023995732986747953
2016-09-27,0.007996658805353718
2016-09-28,0.007996019390965614
2016-09-29,0.00799538007882905
2016-09-30,0.007994740868899619
2016-10-03,0.012065308190445379
2016-10-04,0.004021284216504384
2016-10-05,0.004021122515740494
2016-10-06,0.0040209608279662135
2016-10-07,0.004020799153181542
2016-10-10,0.012061912474314873
2016-10-11,0.004020152584160996
2016-10-12,0.004019990974390986
2016-10-13,0.004019829377610584
2016-10-14,0.004019667793797588
2016-10-17,0.012058518669078033
2016-10-18,0.0040190215885749225
2016-10-19,0.004018860069709973
2016-10-20,0.004018698563834633
2016-10-21,0.004018537070926698
2016-10-24,0.012055126773069524
2016-10-25,0.004017891229146642
2016-10-26,0.00401772980112014
2016-10-27,0.004017568386083248
2016-10-28,0.004017406984035965
2016-10-31,0.012051736784735034
2016-11-01,-0.0051848695577838555
2016-11-02,-0.005185138400443101
2016-11-03,-0.005185407271013354
2016-11-04,-0.005185676169405795
2016-11-07,-0.01555783528722765
2016-11-08,-0.005186752042063425
2016-11-09,-0.005187021080022003
2016-11-10,-0.005187290145824974
2016-11-11,-0.005187559239572259
2016-11-14,-0.015563485083747164
2016-11-15,-0.005188635893804694
2016-11-16,-0.00518890512724024
2016-11-17,-0.005189174388553486
2016-11-18,-0.005189443677844352
2016-11-21,-0.015569138985205289
2016-11-22,-0.005190521114506463
2016-11-23,-0.005190790543585511
2016-11-24,-0.00519106000065328
2016-11-25,-0.0051913294856653636
2016-11-28,-0.015574796996054019
2016-11-29,-0.005192407705656432
2016-11-30,-0.005192677330612128
2016-12-01,0.0010910713077461054
2016-12-02,0.0010910594034685417
2016-12-05,0.0032731424985499302
2016-12-06,0.0010910117891338444
2016-12-07,0.0010909998862107528
2016-12-08,0.0010909879835097058
2016-12-09,0.0010909760811195213
2016-12-12,0.003272892536854144
2016-12-13,0.0010909284740456826
2016-12-14,0.0010909165728989478
2016-12-15,0.0010909046720630755
2016-12-16,0.0010908927714492478
2016-12-19,0.0032726426133500297
2016-12-20,0.0010908451716362677
2016-12-21,0.0010908332723547076
2016-12-22,0.0010908213733173966
2016-12-23,0.0010908094745243346
2016-12-26,0.0032723927279931786
2016-12-27,0.0010907618819944176
2016-12-28,0.0010907499844892143
2016-12-29,0.001090738087272669
2016-12-30,0.0010907261903003729
2017-01-02,0.05463494897115506
2017-01-03,0.01820170516471098
2017-01-04,0.018198392746926473
2017-01-05,0.018195081534511104
2017-01-06,0.018191771526865352
2017-01-09,0.05456538816985823
2017-01-10,0.0181785435304338
2017-01-11,0.01817523953659972
2017-01-12,0.01817193674358286
2017-01-13,0.01816863515069489
2017-01-16,0.054496004271897824
2017-01-17,0.018155440767508857
2017-01-18,0.01815214516556196
2017-01-19,0.01814885075981376
2017-01-20,0.018145557549664737
2017-01-23,0.05442679660327965
2017-01-24,0.018132396651782123
2017-01-25,0.01812910940974799
2017-01-26,0.018125823359405047
2017-01-27,0.01812253850008716
2017-01-30,0.054357764493473404
2017-01-31,0.01810941096018759
2017-02-01,0.011236133522918301
2017-02-02,0.011234871157794757
2017-02-03,0.011233609076266582
2017-02-06,0.03369704183491251
2017-02-07,0.01122856358453106
2017-02-08,0.011227302919691873
2017-02-09,0.011226042537892944
2017-02-10,0.011224782439023251
2017-02-13,0.03367056786911515
2017-02-14,0.011219744871215909
2017-02-15,0.011218486185704535
2017-02-16,0.011217227782567285
2017-02-17,0.011215969661648728
2017-02-20,0.03364413546904643
2017-02-21,0.011210939999162228
2017-02-22,0.011209683288293526
2017-02-23,0.011208426859155018
2017-02-24,0.011207170711591274
2017-02-27,0.03361774453685129
2017-02-28,0.011202148935796075
2017-03-01,0.0026219286191953017
2017-03-02,0.002621859875873156
2017-03-03,0.002621791136214746
2017-03-06,0.00786516720032715
2017-03-07,0.0026215162134857195
2017-03-08,0.0026214474918129227
2017-03-09,0.0026213787737372485
2017-03-10,0.002621310059258697
2017-03-13,0.00786372404526503
2017-03-14,0.0026210352374267387
2017-03-15,0.002620966540978209
2017-03-16,0.002620897848126802
2017-03-17,0.0026208291588725174
2017-03-20,0.007862281419646067
2017-03-21,0.00262055443784881
2017-03-22,0.0026204857665801384
2017-03-23,0.002620417098930794
2017-03-24,0.002620348434878572
2017-03-27,0.007860839323270419
2017-03-28,0.002620073814596502
2017-03-29,0.0026200051685520975
2017-03-30,0.002619936526060407
2017-03-31,0.002619867887232452
2017-04-03,0.03177357177135409
2017-04-04,0.01058782645981804
2017-04-05,0.01058670555780239
2017-04-06,0.010585584893108013
2017-04-07,0.010584464465623888
2017-04-10,0.03175003282593902
2017-04-11,0.010579985126546454
2017-04-12,0.010578865884114386
2017-04-13,0.010577746878470684
2017-04-14,0.010576628109526531
2017-04-17,0.03172652873160153
2017-04-18,0.010572155399279914
2017-04-19,0.010571037812745487
2017-04-20,0.010569920462422111
2017-04-21,0.010568803348354194
2017-04-24,0.03170305941100349
2017-04-25,0.010564337252216838
2017-04-26,0.010563221317871907
2017-04-27,0.010562105619316142
2017-04-28,0.010560990156371908
2017-05-01,0.007770198426326758
2017-05-02,0.0025898649044675537
2017-05-03,0.0025897978322086956
2017-05-04,0.0025897307634137334
2017-05-05,0.002589663698082667
2017-05-08,0.007768789908757512
2017-05-09,0.002589395471552791
2017-05-10,0.002589328423585613
2017-05-11,0.002589261379148944
2017-05-12,0.0025891943380873528
2017-05-15,0.007767381901735426
2017-05-16,0.002588926208813014
2017-05-17,0.0025888591851375153
2017-05-18,0.002588792164948117
2017-05-19,0.0025887251482448193
2017-05-22,0.007765974404971843
2017-05-23,0.0025884571160927905
2017-05-24,0.002588390116708972
2017-05-25,0.0025883231208112534
2017-05-26,0.0025882561283996353
2017-05-29,0.007764567418244717
2017-05-30,0.0025879881933033033
2017-05-31,0.0025879212182555733
2017-06-01,0.003023703382876164
2017-06-02,0.003023611957830852
2017-06-05,0.009070561614854533
2017-06-06,0.0030232463128720966
2017-06-07,0.0030231549154491333
2017-06-08,0.0030230635235550807
2017-06-09,0.0030229721371899387
2017-06-12,0.009068642269016713
2017-06-13,0.003022606646951864
2017-06-14,0.003022515288209071
2017-06-15,0.0030224239349729842
2017-06-16,0.0030223325872880125
2017-06-19,0.009066723735284832
2017-06-20,0.003021967251681801
2017-06-21,0.003021875931574769
2017-06-22,0.003021784616996648
2017-06-23,0.003021693307925233
2017-06-26,0.009064806013148186
2017-06-27,0.0030213281268398617
2017-06-28,0.003021236845368591
2017-06-29,0.003021145569404027
2017-06-30,0.003021054298968373
2017-07-03,-0.006676670698579912
2017-07-04,-0.0022257055025454164
2017-07-05,-0.0022257550412962956
2017-07-06,-0.002225804582267621
2017-07-07,-0.002225854125403881
2017-07-10,-0.006677711012381682
2017-07-11,-0.0022260523201311777
2017-07-12,-0.0022261018743363614
2017-07-13,-0.0022261514307175823
2017-07-14,-0.002226200989308147
2017-07-17,-0.006678751650446291
2017-07-18,-0.002226399245819355
2017-07-19,-0.0022264488154455364
2017-07-20,-0.0022264983873143684
2017-07-21,-0.0022265479613592376
2017-07-24,-0.006679792612862556
2017-07-25,-0.002226746279665459
2017-07-26,-0.002226795864745945
2017-07-27,-0.0022268454520468772
2017-07-28,-0.0022268950415682554
2017-07-31,-0.006680833899841421
2017-08-01,0.009659523539062853
2017-08-02,0.009658590565231329
2017-08-03,0.009657657771611206
2017-08-04,0.009656725158158075
2017-08-07,0.028967378174304947
2017-08-08,0.009652996504772027
2017-08-09,0.009652064791310089
2017-08-10,0.009651133257659872
2017-08-11,0.009650201903821376
2017-08-14,0.02894781218911735
2017-08-15,0.009646478285296745
2017-08-16,0.009645547829628676
2017-08-17,0.009644617553394852
2017-08-18,0.009643687456639682
2017-08-21,0.028928272617712025
2017-08-22,0.00963996886278462
2017-08-23,0.009639039662334703
2017-08-24,0.009638110641030373
2017-08-25,0.009637181798782812
2017-08-28,0.028908759406687246
2017-08-29,0.009633468219405472
2017-08-30,0.009632540271709011
2017-08-31,0.009631612502758458
2017-09-01,0.018258296183559786
2017-09-04,0.054764889414937734
2017-09-05,0.01824497129994107
2017-09-06,0.0182416431174115
2017-09-07,0.018238316148866396
2017-09-08,0.018234990393661832
2017-09-11,0.05469499755346163
2017-09-12,0.018221699493037313
2017-09-13,0.01821837979465446
2017-09-14,0.01821506130559314
2017-09-15,0.01821174402525383
2017-09-18,0.054625283858888984
2017-09-19,0.018198486977794026
2017-09-20,0.01819517573109497
2017-09-21,0.01819186568916553
2017-09-22,0.01818855685136178
2017-09-25,0.05455574765083071
2017-09-26,0.01817533352785894
2017-09-27,0.018172030700669417
2017-09-28,0.018168729073630985
2017-09-29,0.018165428646121917
2017-10-02,-0.005925394722450239
2017-10-03,-0.00197524861542675
2017-10-04,-0.0019752876322720603
2017-10-05,-0.001975326650649478
2017-10-06,-0.001975365670570106
2017-10-09,-0.005926214076124037
2017-10-10,-0.00197552176569582
2017-10-11,-0.001975560793321396
2017-10-12,-0.001975599822501284
2017-10-13,-0.0019756388532132796
2017-10-16,-0.005927033656438763
2017-10-17,-0.001975794991515567
2017-10-18,-0.001975834029943613
2017-10-19,-0.0019758730699148686
2017-10-20,-0.0019759121114293343
2017-10-23,-0.00592785346346103
2017-10-24,-0.0019760682929192974
2017-10-25,-0.001976107342149813
2017-10-26,-0.001976146392923539
2017-10-27,-0.001976185445240475
2017-10-30,-0.005928673497301862
2017-10-31,-0.0019763416699514202
2017-11-01,8.10822863517302e-05
2017-11-02,8.108222062652715e-05
2017-11-03,8.108215487911963e-05
2017-11-06,0.00024324626737293187
2017-11-07,8.108189191169402e-05
2017-11-08,8.10818261642865e-05
2017-11-09,8.108176041687898e-05
2017-11-10,8.108169466947146e-05
2017-11-13,0.00024324488678839629
2017-11-14,8.108143170204585e-05
2017-11-15,8.108136597684279e-05
2017-11-16,8.108130020723081e-05
2017-11-17,8.108123448202775e-05
2017-11-20,0.0002432435062038607
2017-11-21,8.108097151460214e-05
2017-11-22,8.108090576719462e-05
2017-11-23,8.108084004199156e-05
2017-11-24,8.108077429458405e-05
2017-11-27,0.00024324212564152958
2017-11-28,8.108051132715843e-05
2017-11-29,8.108044557975091e-05
2017-11-30,8.108037985454786e-05
2017-12-01,-0.0020270078526340995
2017-12-04,-0.0060811468232002674
2017-12-05,-0.0020271722163900385
2017-12-06,-0.002027213311495135
2017-12-07,-0.0020272544082766686
2017-12-08,-0.002027295506701332
2017-12-11,-0.006082009820418399
2017-12-12,-0.0020274599171199448
2017-12-13,-0.002027501023882383
2017-12-14,-0.0020275421323323606
2017-12-15,-0.002027583242425468
2017-12-18,-0.006082873062596139
2017-12-19,-0.0020277476995178567
2017-12-20,-0.0020277888179709436
2017-12-21,-0.0020278299380671605
2017-12-22,-0.002027871059839814
2017-12-25,-0.006083736549866714
2017-12-26,-0.0020280355636392855
2017-12-27,-0.002028076693749714
2017-12-28,-0.0020281178255365795
2017-12-29,-0.0020281589589887794
2018-01-01,0.04952495866159534
2018-01-02,0.016500147862452685
2018-01-03,0.016497425762818096
2018-01-04,0.0164947045611763
2018-01-05,0.016491984257083203
2018-01-08,0.04946779455039518
2018-01-09,0.016481112007493692
2018-01-10,0.016478396184571587
2018-01-11,0.016475681256533647
2018-01-12,0.01647296722295799
2018-01-15,0.04941076225022378
2018-01-16,0.016462120024418603
2018-01-17,0.016459410456537427
2018-01-18,0.016456701780431793
2018-01-19,0.01645399399570202
2018-01-22,0.04935386130573427
2018-01-23,0.01644317176170418
2018-01-24,0.016440468427258992
2018-01-25,0.016437765981525132
2018-01-26,0.016435064424125123
2018-01-29,0.04929709126362258
2018-01-30,0.016424267068604337
2018-01-31,0.016421569946101222
2018-02-01,0.016195321338807744
2018-02-02,0.01619269887918051
2018-02-05,0.04857023180619979
2018-02-06,0.016182217528148968
2018-02-07,0.01617959931021762
2018-02-08,0.016176981939342028
2018-02-09,0.016174365415166925
2018-02-12,0.04851524921185568
2018-02-13,0.016163907777144715
2018-02-14,0.016161295480232596
2018-02-15,0.016158684027578474
2018-02-16,0.01615607341869385
2018-02-19,0.048460390959825794
2018-02-20,0.016145639413278623
2018-02-21,0.016143033017379516
2018-02-22,0.016140427462851825
2018-02-23,0.016137822749273667
2018-02-26,0.04840565662875829
2018-02-27,0.016127412296440546
2018-02-28,0.01612481178154823
2018-03-01,0.007537086347153554
2018-03-02,0.0075365183132891644
2018-03-05,0.02260785109498009
2018-03-06,0.007534247033635921
2018-03-07,0.007533679427607076
2018-03-08,0.007533111907132017
2018-03-09,0.0075325444720997226
2018-03-12,0.022595931367774824
2018-03-13,0.007530275586686841
2018-03-14,0.0075297085788905704
2018-03-15,0.007529141656448246
2018-03-16,0.007528574819382072
2018-03-19,0.02258402420303174
2018-03-20,0.0075263083243681805
2018-03-21,0.007525741913827488
2018-03-22,0.00752517558852972
2018-03-23,0.00752460934849708
2018-03-26,0.022572129580877842
2018-03-27,0.007522345240085215
2018-03-28,0.007521779425889719
2018-03-29,0.007521213696803919
2018-03-30,0.007520648052761203
2018-04-02,0.03846862803240647
2018-04-03,0.012817945123155816
2018-04-04,0.012816302336582375
2018-04-05,0.012814659971005504
2018-04-06,0.012813018026314182
2018-04-09,0.038434129507014525
2018-04-10,0.012806454453051508
2018-04-11,0.012804814610278825
2018-04-12,0.012803175187459104
2018-04-13,0.012801536184348095
2018-04-16,0.03839969280245992
2018-04-17,0.012794984366126805
2018-04-18,0.012793347459316706
2018-04-19,0.012791710971282733
2018-04-20,0.012790074901869453
2018-04-23,0.0383653177527421
2018-04-24,0.012783534807181418
2018-04-25,0.012781900828429116
2018-04-26,0.012780267267342715
2018-04-27,0.012778634123744581
2018-04-30,0.03833100419246005
2018-05-01,0.013415861049792532
2018-05-02,0.013414061437933
2018-05-03,0.013412262308842848
2018-05-04,0.013410463662277827
2018-05-07,0.040225996494180905
2018-05-08,0.013403273897560908
2018-05-09,0.01340147766082378
2018-05-10,0.01339968190545715
2018-05-11,0.013397886631238975
2018-05-14,0.040188275514152494
2018-05-15,0.013390710342497947
2018-05-16,0.013388917471335304
2018-05-17,0.013387125080210893
2018-05-18,0.013385333168902669
2018-05-21,0.0401506252117656
2018-05-22,0.013378170318256721
2018-05-23,0.013376380803209464
2018-05-24,0.01337459176691258
2018-05-25,0.013372803209055206
2018-05-28,0.040113045388556756
2018-05-29,0.013365653758778961
2018-05-30,0.013363867590476808
2018-05-31,0.013362081899570555
2018-06-01,0.005496123108783557
2018-06-04,0.01648746315503491
2018-06-05,0.005494915079573559
2018-06-06,0.005494613155265782
2018-06-07,0.005494311264109264
2018-06-08,0.00549400940612621
2018-06-11,0.01648112274394986
2018-06-12,0.005492802305817612
2018-06-13,0.005492500613635265
2018-06-14,0.005492198954559768
2018-06-15,0.005491897328635531
2018-06-18,0.016474787207521047
2018-06-19,0.005490691156162519
2018-06-20,0.0054903896957947396
2018-06-21,0.005490088268578219
2018-06-22,0.005489786874424141
2018-06-25,0.016468456540108534
2018-06-26,0.005488581628676492
2018-06-27,0.005488280399945644
2018-06-28,0.0054879792042550335
2018-06-29,0.0054876780416268645
2018-07-02,0.0006324680839275842
2018-07-03,0.00021082136127947848
2018-07-04,0.0002108209168127928
2018-07-05,0.00021082047234610712
2018-07-06,0.0002108200279016259
2018-07-09,0.0006324587503714341
2018-07-10,0.00021081825010149657
2018-07-11,0.00021081780567921982
2018-07-12,0.0002108173612347386
2018-07-13,0.00021081691681246184
2018-07-16,0.000632449417059533
2018-07-17,0.00021081513905674143
2018-07-18,0.00021081469463446467
2018-07-19,0.00021081425021218791
2018-07-20,0.0002108138057677067
2018-07-23,0.0006324400840362898
2018-07-24,0.00021081202810080413
2018-07-25,0.00021081158367852737
2018-07-26,0.0002108111392562506
2018-07-27,0.00021081069485617832
2018-07-30,0.0006324307513239091
2018-07-31,0.0002108089172114802
2018-08-01,0.00179207202695153
2018-08-02,0.0017920399123072528
2018-08-03,0.0017920077988176075
2018-08-06,0.005375927059425578
2018-08-07,0.0017918793563387325
2018-08-08,0.001791847248622247
2018-08-09,0.00179181514199378
2018-08-10,0.001791783036564354
2018-08-13,0.005375252796868679
2018-08-14,0.0017916546263263555
2018-08-15,0.0017916225266256802
2018-08-16,0.0017915904281018413
2018-08-17,0.0017915583306882255
2018-08-20,0.005374578703420951
2018-08-21,0.0017914299526688993
2018-08-22,0.0017913978610062387
2018-08-23,0.0017913657705204145
2018-08-24,0.0017913336811892222
2018-08-27,0.005373904779037986
2018-08-28,0.0017912053353219548
2018-08-29,0.0017911732517639223
2018-08-30,0.0017911411692939083
2018-08-31,0.0017911090880007308
2018-09-03,0.01245026974168173
2018-09-04,0.004149573280831653
2018-09-05,0.0041494010983855745
2018-09-06,0.004149228930239168
2018-09-07,0.00414905677637023
2018-09-10,0.01244665391038069
2018-09-11,0.004148368303735772
2018-09-12,0.004148196221276379
2018-09-13,0.004148024153116658
2018-09-14,0.004147852099189997
2018-09-17,0.012443040178711229
2018-09-18,0.004147164026280237
2018-09-19,0.004146992043718711
2018-09-20,0.004146820075434654
2018-09-21,0.004146648121383656
2018-09-24,0.012439428544830378
2018-09-25,0.004145960447821118
2018-09-26,0.004145788565068642
2018-09-27,0.00414561669657143
2018-09-28,0.004145444842307278
2018-10-01,0.016061485961138544
2018-10-02,0.005352968887373244
2018-10-03,0.005352682359949235
2018-10-04,0.005352395863189585
2018-10-05,0.0053521093971165
2018-10-08,0.016055468885078916
2018-10-09,0.005350963839356737
2018-10-10,0.0053506775265388384
2018-10-11,0.005350391244363095
2018-10-12,0.005350104992807303
2018-10-15,0.016049456315703203
2018-10-16,0.005348960292828053
2018-10-17,0.005348674194394221
2018-10-18,0.00534838812653593
2018-10-19,0.005348102089253182
2018-10-22,0.016043448247837766
2018-10-23,0.005346958246121858
2018-10-24,0.005346672361783433
2018-10-25,0.005346386508042755
2018-10-26,0.005346100684811006
2018-10-29,0.016037444676508805
2018-10-30,0.0053449576975284074
2018-10-31,0.005344672027085551
2018-11-01,-0.011164495060345114
2018-11-02,-0.011165741659002748
2018-11-05,-0.03350096560831295
2018-11-06,-0.011170730838805376
2018-11-07,-0.011171978830493146
2018-11-08,-0.011173227101035632
2018-11-09,-0.011174475650588267
2018-11-12,-0.03352717343760858
2018-11-13,-0.011179472640387988
2018-11-14,-0.01118072258621261
2018-11-15,-0.011181972811569185
2018-11-16,-0.011183223316557633
2018-11-19,-0.03355342230382252
2018-11-20,-0.011188228134695333
2018-11-21,-0.011189480039275335
2018-11-22,-0.011190732224009015
2018-11-23,-0.011191984689040702
2018-11-26,-0.033579712303399845
2018-11-27,-0.011196997353979388
2018-11-28,-0.011198251221855582
2018-11-29,-0.011199505370595997
2018-11-30,-0.011200759800311655
2018-12-03,-0.030909317565797068
2018-12-04,-0.010306291459594163
2018-12-05,-0.010307353765537375
2018-12-06,-0.010308416290472078
2018-12-07,-0.010309479034498192
2018-12-10,-0.030931625992935974
2018-12-11,-0.010313732202738013
2018-12-12,-0.010314796043164876
2018-12-13,-0.010315860103093932
2018-12-14,-0.010316924382580694
2018-12-17,-0.030953966645075326
2018-12-18,-0.010321183697459269
2018-12-19,-0.01032224907574486
2018-12-20,-0.01032331467399894
2018-12-21,-0.010324380492288121
2018-12-24,-0.030976339592003743
2018-12-25,-0.010328645967117023
2018-12-26,-0.01032971288658091
2018-12-27,-0.010330780026523989
2018-12-28,-0.010331847386924053
2018-12-31,-0.030998744903820707
2019-01-01,0.006150311823382992
2019-01-02,0.00614993358327709
2019-01-03,0.006149555389711736
2019-01-04,0.006149177242664727
2019-01-07,0.018446397426274963
2019-01-08,0.006147665119349277
2019-01-09,0.006147287204716356
2019-01-10,0.006146909336535167
2019-01-11,0.006146531514827913
2019-01-14,0.01843846121865056
2019-01-15,0.006145020692316372
2019-01-16,0.006144643102690139
2019-01-17,0.006144265559515638
2019-01-18,0.00614388806270405
2019-01-21,0.01843053183692156
2019-01-22,0.006142378539286675
2019-01-23,0.006142001274311859
2019-01-24,0.006141624055677752
2019-01-25,0.006141246883384355
2019-01-28,0.018422609272228385
2019-01-29,0.006139738657351401
2019-01-30,0.006139361716583913
2019-01-31,0.006138984822090521
2019-02-01,0.015096618357501868
2019-02-04,0.045283018867925406
2019-02-05,0.015087507543753986
2019-02-06,0.015085231558309431
2019-02-07,0.015082956259426794
2019-02-08,0.015080681646795213
2019-02-11,0.045235223160444704
2019-02-12,0.01507159005276204
2019-02-13,0.015069318866789416
2019-02-14,0.015067048365224878
2019-02-15,0.015064778547757562
2019-02-18,0.045187528242185415
2019-02-19,0.015055706112621081
2019-02-20,0.015053439710976946
2019-02-21,0.015051173991564859
2019-02-22,0.015048908954096163
2019-02-25,0.04513993379475778
2019-02-26,0.015039855617371423
2019-02-27,0.015037593984956743
2019-02-28,0.01503533303262028
2019-03-01,0.01945295985106288
2019-03-04,0.05834752923170594
2019-03-05,0.01943783491418216
2019-03-06,0.01943405735418402
2019-03-07,0.019430281262189375
2019-03-08,0.01942650663726564
2019-03-11,0.05826820043610681
2019-03-12,0.01941142279195951
2019-03-13,0.019407655489867004
2019-03-14,0.019403889649849404
2019-03-15,0.019400125270929713
2019-03-18,0.05818908705703674
2019-03-19,0.01938508234988756
2019-03-20,0.019381325264045124
2019-03-21,0.019377569634260183
2019-03-22,0.01937381545964456
2019-03-25,0.05811018821832992
2019-03-26,0.019358813296599386
2019-03-27,0.019355066385440267
2019-03-28,0.019351320924410054
2019-03-29,0.01934757691273159
2019-04-01,0.049640640120851565
2019-04-02,0.016538670138555034
2019-04-03,0.016535935314765382
2019-04-04,0.016533201395274588
2019-04-05,0.016530468379660768
2019-04-08,0.04958320880228406
2019-04-09,0.016519545346760367
2019-04-10,0.016516816843714643
2019-04-11,0.016514089241859153
2019-04-12,0.016511362540683194
2019-04-15,0.049525910219494484
2019-04-16,0.016500464734492404
2019-04-17,0.01649774253029701
2019-04-18,0.01649502122416102
2019-04-19,0.01649230081564035
2019-04-22,0.04946874391289491
2019-04-23,0.01648142814880682
2019-04-24,0.016478712221701386
2019-04-25,0.016475997189524527
2019-04-26,0.016473283051876564
2019-04-29,0.04941170942487361
2019-04-30,0.01646243543753645
2019-05-01,0.006866963191565212
2019-05-02,0.006866491672075092
2019-05-03,0.0068660202174219975
2019-05-06,0.020596646482284875
2019-05-07,0.006864135045803188
2019-05-08,0.006863663914646878
2019-05-09,0.006863192848149957
2019-05-10,0.006862721846312425
2019-05-13,0.02058675272738064
2019-05-14,0.006860838485245324
2019-05-15,0.006860367806527101
2019-05-16,0.006859897192357245
2019-05-17,0.006859426642713551
2019-05-20,0.020576868472965693
2019-05-21,0.0068575450896002366
2019-05-22,0.006857074862631762
2019-05-23,0.0068566047001006325
2019-05-24,0.006856134602051256
2019-05-27,0.02056699370540649
2019-05-28,0.006854254854271602
2019-05-29,0.006853785078408947
2019-05-30,0.006853315366894819
2019-05-31,0.006852845719773626
2019-06-03,0.0021337198016002645
2019-06-04,0.0007112247583096476
2019-06-05,0.0007112196999559117
2019-06-06,0.0007112146416465848
2019-06-07,0.0007112095834260757
2019-06-10,0.0021336135758165398
2019-06-11,0.0007111893512323775
2019-06-12,0.0007111842933671397
2019-06-13,0.0007111792355685154
2019-06-14,0.0007111741778587088
2019-06-17,0.0021335073605799337
2019-06-18,0.0007111539476634121
2019-06-19,0.000711148890308877
2019-06-20,0.0007111438330431596
2019-06-21,0.0007111387757996468
2019-06-24,0.00213340115595706
2019-06-25,0.0007111185476471604
2019-06-26,0.0007111134908033279
2019-06-27,0.0007111084340039042
2019-06-28,0.000711103377271094
2019-07-01,0.015190378385931957
2019-07-02,0.005062690420154503
2019-07-03,0.005062434124769588
2019-07-04,0.005062177855363892
2019-07-05,0.005061921611870801
2019-07-08,0.015184996183048582
2019-07-09,0.0050608968973575585
2019-07-10,0.005060640783538517
2019-07-11,0.005060384695632081
2019-07-12,0.005060128633682659
2019-07-15,0.015179617792826505
2019-07-16,0.005059104644855594
2019-07-17,0.0050588487124247905
2019-07-18,0.005058592805862183
2019-07-19,0.005058336925167772
2019-07-22,0.015174243211224514
2019-07-23,0.005057313661338547
2019-07-24,0.005057057910051732
2019-07-25,0.005056802184610909
2019-07-26,0.005056546485082691
2019-07-29,0.015168872434156988
2019-07-30,0.005055523945385332
2019-07-31,0.005055268375109279
2019-08-01,-0.0001688941202671046
2019-08-02,-0.000168894405550013
2019-08-05,-0.0005066840723322308
2019-08-06,-0.00016889554657062433
2019-08-07,-0.0001688958317980216
2019-08-08,-0.00016889611705872554
2019-08-09,-0.00016889640231942948
2019-08-12,-0.0005066900627626048
2019-08-13,-0.00016889754336224527
2019-08-14,-0.0001688978286562559
2019-08-15,-0.0001688981138947554
2019-08-16,-0.00016889839916656157
2019-08-19,-0.0005066960533151033
2019-08-20,-0.00016889954023158182
2019-08-21,-0.00016889982552559246
2019-08-22,-0.00016890011077519418
2019-08-23,-0.0001689003960581026
2019-08-26,-0.0005067020440008285
2019-08-27,-0.00016890153715642953
2019-08-28,-0.0001689018224282357
2019-08-29,-0.00016890210773334857
2019-08-30,-0.00016890239299405252
2019-09-02,0.007581760421904171
2019-09-03,0.0025270618781769727
2019-09-04,0.002526998019392046
2019-09-05,0.0025269341638045617
2019-09-06,0.002526870311481133
2019-09-09,0.007580419386998827
2019-09-10,0.0025266149343394773
2019-09-11,0.002526551098092078
2019-09-12,0.002526487265130939
2019-09-13,0.0025264234353450377
2019-09-16,0.007579078826447372
2019-09-17,0.002526168148531127
2019-09-18,0.002526104334910073
2019-09-19,0.002526040524464257
2019-09-20,0.0025259767172824965
2019-09-23,0.0075777387399167395
2019-09-24,0.0025257215207519224
2019-09-25,0.0025256577296461913
2019-09-26,0.002525593941804516
2019-09-27,0.0025255301571380784
2019-09-30,0.007576399127229294
2019-10-01,0.00737480823300718
2019-10-02,0.007374264395143548
2019-10-03,0.007373720637482428
2019-10-04,0.0073731769600238195
2019-10-07,0.022117900088147735
2019-10-08,0.007371003051614977
2019-10-09,0.0073704597748136536
2019-10-10,0.00736991657805941
2019-10-11,0.0073693734613966555
2019-10-14,0.02210649127427633
2019-10-15,0.00736720179492778
2019-10-16,0.00736665907832279
2019-10-17,0.007366116441609449
2019-10-18,0.007365573884854371
2019-10-21,0.022095094224083844
2019-10-22,0.007363404456883771
2019-10-23,0.0073628622995425275
2019-10-24,0.007362320222048524
2019-10-25,0.0073617782243573515
2019-10-28,0.022083708919429235
2019-10-29,0.007359611031398927
2019-10-30,0.007359069432499865
2019-10-31,0.007358527913337021
2019-11-01,-0.0018491139126441958
2019-11-04,-0.005547444316533756
2019-11-05,-0.001849250691654536
2019-11-06,-0.0018492848895657055
2019-11-07,-0.0018493190887425293
2019-11-08,-0.0018493532892072118
2019-11-11,-0.005548162472701623
2019-11-12,-0.001849490103611462
2019-11-13,-0.0018495243104044157
2019-11-14,-0.0018495585184186147
2019-11-15,-0.0018495927277206725
2019-11-18,-0.005548880814876256
2019-11-19,-0.0018497295775743439
2019-11-20,-0.0018497637932046729
2019-11-21,-0.001849798010089554
2019-11-22,-0.0018498322282733959
2019-11-25,-0.005549599343046552
2019-11-26,-0.001849969113554284
2019-11-27,-0.0018500033380663972
2019-11-28,-0.0018500375637997557
2019-11-29,-0.001850071790820973
2019-12-02,-0.008529089297371062
2019-12-03,-0.002843272271024766
2019-12-04,-0.0028433531153004843
2019-12-05,-0.002843433964172526
2019-12-06,-0.0028435148176297886
2019-12-09,-0.008530787027072328
2019-12-10,-0.002843838277488686
2019-12-11,-0.00284391915394977
2019-12-12,-0.002844000035007177
2019-12-13,-0.0028440809206498052
2019-12-16,-0.008532485432799497
2019-12-17,-0.0028444045093389825
2019-12-18,-0.0028444854179854318
2019-12-19,-0.0028445663312837155
2019-12-20,-0.002844647249156118
2019-12-23,-0.008534184514918941
2019-12-24,-0.0028449709666866774
2019-12-25,-0.00284505190760731
2019-12-26,-0.0028451328531131637
2019-12-27,-0.002845213803226443
2019-12-30,-0.008535884273830341
2019-12-31,-0.0028455376497538154
2020-01-01,0.012515386896172487
2020-01-02,0.012513820743120796
2020-01-03,0.012512254981933424
2020-01-06,0.037532068837653476
2020-01-07,0.012505995853562268
2020-01-08,0.012504432049831316
2020-01-09,0.012502868637098707
2020-01-10,0.012501305615275626
2020-01-13,0.03749922895266433
2020-01-14,0.01249505743403656
2020-01-15,0.012493496364474055
2020-01-16,0.012491935684932898
2020-01-17,0.012490375395279862
2020-01-20,0.03746644648605635
2020-01-21,0.012484138132440314
2020-01-22,0.012482579789918624
2020-01-23,0.012481021836396877
2020-01-24,0.012479464271764051
2020-01-27,0.0374337212873499
2020-01-28,0.012473237898658063
2020-01-29,0.01247168227607176
2020-01-30,0.012470127041463996
2020-01-31,0.012468572194657135
2020-02-03,0.029363765694601085
2020-02-04,0.009785048639421312
2020-02-05,0.009784091261355599
2020-02-06,0.00978313407058451
2020-02-07,0.009782177067108044
2020-02-10,0.029343660752401135
2020-02-11,0.009778350924705137
2020-02-12,0.009777394856702593
2020-02-13,0.009776438975661605
2020-02-14,0.009775483281493358
2020-02-17,0.029323583322526936
2020-02-18,0.009771662372615175
2020-02-19,0.009770707612077878
2020-02-20,0.009769753038035844
2020-02-21,0.009768798650555688
2020-02-24,0.029303533348468136
2020-02-25,0.009764982964455271
2020-02-26,0.009764029508629868
2020-02-27,0.00976307623901107
2020-02-28,0.009762123155465652
2020-03-02,-0.020404228422987725
2020-03-03,-0.006802797532678984
2020-03-04,-0.006803260344701023
2020-03-05,-0.006803723219706015
2020-03-06,-0.006804186157705061
2020-03-09,-0.02041394747607228
2020-03-10,-0.006806038539830528
2020-03-11,-0.00680650179296638
2020-03-12,-0.006806965109162899
2020-03-13,-0.006807428488453393
2020-03-16,-0.020423675792469176
2020-03-17,-0.00680928263663283
2020-03-18,-0.006809746331504218
2020-03-19,-0.006810210089536195
2020-03-20,-0.006810673910739862
2020-03-23,-0.020433413385356758
2020-03-24,-0.0068125298275045765
2020-03-25,-0.006812993964755432
2020-03-26,-0.00681345816524459
2020-03-27,-0.006813922429005359
2020-03-30,-0.02044316026809101
2020-03-31,-0.0068157801168866605
2020-04-01,-0.022289806223318998
2020-04-02,-0.022294775685638424
2020-04-03,-0.022299747364262767
2020-04-06,-0.06691416378229453
2020-04-07,-0.022319656272129507
2020-04-08,-0.022324639054815965
2020-04-09,-0.02232962406281125
2020-04-10,-0.022334611297525342
2020-04-13,-0.06701880228158208
2020-04-14,-0.022354582534012124
2020-04-15,-0.02235958092495771
2020-04-16,-0.022364581551670426
2020-04-17,-0.02236958441564907
2020-04-20,-0.06712376855495528
2020-04-21,-0.022389618273865874
2020-04-22,-0.022394632346578458
2020-04-23,-0.02239964866552757
2020-04-24,-0.022404667232289732
2020-04-27,-0.06722906414493579
2020-04-28,-0.02242476400727833
2020-04-29,-0.022429793835643252
2020-04-30,-0.02243482592082513
2020-05-01,6.724695409410231e-05
2020-05-04,0.00020174072659084885
2020-05-05,6.724677317215821e-05
2020-05-06,6.724672798608111e-05
2020-05-07,6.724668275559509e-05
2020-05-08,6.724663752510907e-05
2020-05-11,0.0002017397769504825
2020-05-12,6.72464566475739e-05
2020-05-13,6.724641143929233e-05
2020-05-14,6.724636620880631e-05
2020-05-15,6.724632097832028e-05
2020-05-18,0.00020173882731011616
2020-05-19,6.724614010078511e-05
2020-05-20,6.724609489250355e-05
2020-05-21,6.724604966201753e-05
2020-05-22,6.724600445373596e-05
2020-05-25,0.00020173787764754536
2020-05-26,6.724582357620079e-05
2020-05-27,6.724577834571477e-05
2020-05-28,6.724573311522875e-05
2020-05-29,6.724568790694718e-05
2020-06-01,0.0513004399478989
2020-06-02,0.01709137869683186
2020-06-03,0.01708845804373471
2020-06-04,0.017085538388705857
2020-06-05,0.017082619731145776
2020-06-08,0.05123910621176453
2020-06-09,0.01707095506580103
2020-06-10,0.017068041388124122
2020-06-11,0.017065128704873977
2020-06-12,0.017062217015584302
2020-06-15,0.05117791895918877
2020-06-16,0.017050580187616404
2020-06-17,0.01704767346037972
2020-06-18,0.01704476772403929
2020-06-19,0.017041862978062206
2020-06-22,0.051116877665990934
2020-06-23,0.017030253887950764
2020-06-24,0.017027354086329716
2020-06-25,0.017024455272030004
2020-06-26,0.017021557444607538
2020-06-29,0.05105598181052162
2020-06-30,0.017009975993254045
2020-07-01,0.016316914521508075
2020-07-02,0.016314252538895957
2020-07-03,0.01631159142465588
2020-07-06,0.048926793535319923
2020-07-07,0.016300955643511195
2020-07-08,0.0162982988650473
2020-07-09,0.016295642952468548
2020-07-10,0.01629298790535305
2020-07-13,0.048871001169659145
2020-07-14,0.016282376362908302
2020-07-15,0.016279725636669795
2020-07-16,0.016277075773407645
2020-07-17,0.016274426772633355
2020-07-20,0.04881533590179732
2020-07-21,0.016263839386088108
2020-07-22,0.016261194691535863
2020-07-23,0.01625855085689576
2020-07-24,0.016255907881856935
2020-07-27,0.048759797297859286
2020-07-28,0.016245344568854847
2020-07-29,0.01624270588531651
2020-07-30,0.016240068058848145
2020-07-31,0.01623743108896125
2020-08-03,0.030514940555637082
2020-08-04,0.010168543926725171
2020-08-05,0.010167510039016392
2020-08-06,0.01016647636151724
2020-08-07,0.010165442894183307
2020-08-10,0.030493228910710712
2020-08-11,0.010161311125034267
2020-08-12,0.010160278707527226
2020-08-13,0.010159246499741315
2020-08-14,0.010158214501698737
2020-08-17,0.030471548139887616
2020-08-18,0.01015408860529643
2020-08-19,0.010153057654815889
2020-08-20,0.010152026913701206
2020-08-21,0.01015099638179695
2020-08-24,0.030449898177309365
2020-08-25,0.010146876345618061
2020-08-26,0.010145846859055396
2020-08-27,0.010144817581392296
2020-08-28,0.010143788512562146
2020-08-31,0.03042827895742839
2020-09-01,0.004642489810890993
2020-09-02,0.004642274293775728
2020-09-03,0.0046420587966666815
2020-09-04,0.004641843319586059
2020-09-07,0.01392488358746835
2020-09-08,0.004640981611170325
2020-09-09,0.004640766234098592
2020-09-10,0.004640550876966465
2020-09-11,0.004640335539840557
2020-09-14,0.013920360668095988
2020-09-15,0.004639474391132659
2020-09-16,0.0046392591538824135
2020-09-17,0.004639043936616183
2020-09-18,0.004638828739311762
2020-09-21,0.013915840685929659
2020-09-22,0.004637968149712179
2020-09-23,0.004637753052194604
2020-09-24,0.004637537974638839
2020-09-25,0.004637322917044884
2020-09-28,0.013911323638104989
2020-09-29,0.004636462886020709
2020-09-30,0.004636247928102577
2020-10-01,0.0013831258644625422
2020-10-02,0.0013831067343428316
2020-10-05,0.004149262814312493
2020-10-06,0.00138303021919306
2020-10-07,0.001383011091760089
2020-10-08,0.0013829919648156164
2020-10-09,0.0013829728384262552
2020-10-12,0.004148861137620585
2020-10-13,0.0013828963380868586
2020-10-14,0.0013828772143398282
2020-10-15,0.0013828580911035004
2020-10-16,0.0013828389683778752
2020-10-19,0.004148459538688698
2020-10-20,0.0013827624828932628
2020-10-21,0.0013827433628321728
2020-10-22,0.00138272424330399
2020-10-23,0.001382705124308714
2020-10-26,0.004148058017494627
2020-10-27,0.0013826286535900678
2020-10-28,0.0013826095372371228
2020-10-29,0.0013825904214170848
2020-10-30,0.0013825713061077494
2020-11-02,-0.005909295656558733
2020-11-03,-0.001969881624985792
2020-11-04,-0.0019699204300671624
2020-11-05,-0.0019699592367139473
2020-11-06,-0.001969998044881738
2020-11-09,-0.0059101105636671925
2020-11-10,-0.0019701532927851595
2020-11-11,-0.0019701921086023866
2020-11-12,-0.001970230925940619
2020-11-13,-0.001970269744777653
2020-11-16,-0.0059109256955958145
2020-11-17,-0.0019704250355356834
2020-11-18,-0.0019704638620665627
2020-11-19,-0.0019705026901184475
2020-11-20,-0.0019705415196691334
2020-11-23,-0.005911741052355701
2020-11-24,-0.001970696853292875
2020-11-25,-0.001970735690515202
2020-11-26,-0.001970774529247432
2020-11-27,-0.001970813369556179
2020-11-30,-0.005912556634113386
2020-12-01,0.0030370273130353453
2020-12-02,0.0030369350804804185
2020-12-03,0.00303684285354322
2020-12-04,0.0030367506322237503
2020-12-07,0.009109975249366187
2020-12-08,0.003036381802834498
2020-12-09,0.003036289609470444
2020-12-10,0.0030361974217241183
2020-12-11,0.003036105239573317
2020-12-14,0.009108039189120731
2020-12-15,0.0030357365669475556
2020-12-16,0.0030356444127965787
2020-12-17,0.0030355522642189214
2020-12-18,0.003035460121236788
2020-12-21,0.009106103951572742
2020-12-22,0.0030350916052634958
2020-12-23,0.0030349994902367783
2020-12-24,0.0030349073808277893
2020-12-25,0.00303481527699212
2020-12-28,0.009104169536255924
2020-12-29,0.003034446917560274
2020-12-30,0.003034354841657816
2020-12-31,0.0030342627713730863
2021-01-01,0.01466821892079917
2021-01-04,0.04399820300962087
2021-01-05,0.01465961770150681
2021-01-06,0.014657468972600896
2021-01-07,0.014655320873502298
2021-01-08,0.01465317340392236
2021-01-11,0.04395307969073947
2021-01-12,0.014644589815326903
2021-01-13,0.014642445489276845
2021-01-14,0.014640301791057908
2021-01-15,0.014638158720425842
2021-01-18,0.043908048831453605
2021-01-19,0.014629592708459427
2021-01-20,0.014627452771676097
2021-01-21,0.014625313460836509
2021-01-22,0.014623174775718617
2021-01-25,0.04386311014787925
2021-01-26,0.014614626286335586
2021-01-27,0.014612490725429694
2021-01-28,0.014610355788513552
2021-01-29,0.014608221475409522
2021-02-01,0.05865410136345339
2021-02-02,0.019539906164811605
2021-02-03,0.019536088831362264
2021-02-04,0.01953227298916449
2021-02-05,0.0195284586373079
2021-02-08,0.05857393732477956
2021-02-09,0.019513216115973897
2021-02-10,0.019509409202767003
2021-02-11,0.01950560377470545
2021-02-12,0.019501799830901057
2021-02-15,0.058493992111463555
2021-02-16,0.019486598880891215
2021-02-17,0.019482802345338612
2021-02-18,0.019479007288847328
2021-02-19,0.019475213710551387
2021-02-22,0.05841426482873224
2021-02-23,0.019460054162023788
2021-02-24,0.019456267961714957
2021-02-25,0.019452483234450035
2021-02-26,0.01944869997936305
2021-03-01,0.06439339212500617
2021-03-02,0.021450651239685037
2021-03-03,0.021446050922135917
2021-03-04,0.021441452577275477
2021-03-05,0.021436856203904675
2021-03-08,0.06429678540231798
2021-03-09,0.021418490399960355
2021-03-10,0.021413903865030726
2021-03-11,0.0214093192939524
2021-03-12,0.021404736685548542
2021-03-15,0.06420046811548286
2021-03-16,0.021386425852987223
2021-03-17,0.021381853038859866
2021-03-18,0.021377282179768642
2021-03-19,0.02137271327455892
2021-03-22,0.0641044389657397
2021-03-23,0.0213544571669555
2021-03-24,0.021349898012124058
2021-03-25,0.0213453408036246
2021-03-26,0.02134078554021368
2021-03-29,0.06400869666198794
2021-03-30,0.021322583912630755
2021-03-31,0.021318038355988556
2021-04-01,0.0273963638468544
2021-04-02,0.027388860295052275
2021-04-05,0.08214408255711181
2021-04-06,0.027358887145556565
2021-04-07,0.027351404105746546
2021-04-08,0.02734392515828521
2021-04-09,0.027336450299775272
2021-04-12,0.08198693858059158
2021-04-13,0.027306591688303072
2021-04-14,0.027299137224368053
2021-04-15,0.027291686829333806
2021-04-16,0.027284240499891865
2021-04-19,0.08183039469789044
2021-04-20,0.027254495771167342
2021-04-21,0.027247069719704697
2021-04-22,0.027239647713894755
2021-04-23,0.027232229750451253
2021-04-26,0.08167444747819719
2021-04-27,0.027202598254238985
2021-04-28,0.027195200453111745
2021-04-29,0.027187806674588977
2021-04-30,0.02718041691538442
2021-05-03,0.07758488859448409
2021-05-04,0.025841580370133954
2021-05-05,0.02583490422263246
2021-05-06,0.02582823152372793
2021-05-07,0.02582156227086685
2021-05-10,0.07744468938384319
2021-05-11,0.02579491966587799
2021-05-12,0.025788267602955273
2021-05-13,0.025781618970088793
2021-05-14,0.0257749737645252
2021-05-17,0.07730499595122176
2021-05-18,0.025748427163141407
2021-05-19,0.02574179905479035
2021-05-20,0.02573517435788819
2021-05-21,0.02572855306992583
2021-05-24,0.07716580556449415
2021-05-25,0.02570210195416145
2021-05-26,0.025695497671129885
2021-05-27,0.025688896781272952
2021-05-28,0.02568229928190391
2021-05-31,0.07702711551142993
2021-06-01,0.030968876341197493
2021-06-02,0.030959288597398604
2021-06-03,0.030949706788341302
2021-06-04,0.030940130908541086
2021-06-07,0.09279168285749595
2021-06-08,0.030901886571910175
2021-06-09,0.030892340255972428
2021-06-10,0.030882799836340347
2021-06-11,0.030873265307640452
2021-06-14,0.0925912099930093
2021-06-15,0.03083518599251711
2021-06-16,0.030825680836477076
2021-06-17,0.03081618153872867
2021-06-18,0.030806688093809598
2021-06-21,0.0923916014889059
2021-06-22,0.030768772734401928
2021-06-23,0.030759308472694258
2021-06-24,0.03074985003146402
2021-06-25,0.030740397405382147
2021-06-28,0.09219285176709224
2021-06-29,0.030702644945090896
2021-06-30,0.03069322131432628
2021-07-01,0.01603507842098395
2021-07-02,0.016032507595808987
2021-07-05,0.04808981278454638
2021-07-06,0.01602223253323043
2021-07-07,0.016019665825117713
2021-07-08,0.016017099939236168
2021-07-09,0.01601453487516391
2021-07-12,0.04803591189765921
2021-07-13,0.016004282829351624
2021-07-14,0.01600172186853044
2021-07-15,0.015999161727164868
2021-07-16,0.01599660240489964
2021-07-19,0.04798213170378318
2021-07-20,0.0159863732985821
2021-07-21,0.015983818065756772
2021-07-22,0.015981263649633703
2021-07-23,0.015978710049857625
2021-07-26,0.04792847179804216
2021-07-27,0.015968503806162992
2021-07-28,0.015965954282148864
2021-07-29,0.015963405572128053
2021-07-30,0.015960857675678675
2021-08-02,0.019367919033874692
2021-08-03,0.006454722865778528
2021-08-04,0.006454306258207865
2021-08-05,0.0064538897043942
2021-08-06,0.006453473204359739
2021-08-09,0.019359170274180215
2021-08-10,0.006451807741614246
2021-08-11,0.006451391510253757
2021-08-12,0.006450975332561448
2021-08-13,0.00645055920858173
2021-08-16,0.01935042941483278
2021-08-17,0.0064488952493668705
2021-08-18,0.006448479393683648
2021-08-19,0.006448063591624198
2021-08-20,0.00644764784318852
2021-08-23,0.019341696445085432
2021-08-24,0.006445985385439279
2021-08-25,0.006445569904944826
2021-08-26,0.006445154478007531
2021-08-27,0.006444739104627395
2021-08-30,0.019332971354280026
2021-08-31,0.006443078146323167
2021-09-01,0.009053236196865377
2021-09-02,0.00905241666020462
2021-09-03,0.009051597271891865
2021-09-06,0.027152334095759123
2021-09-07,0.009048321201521325
2021-09-08,0.00904750255443787
2021-09-09,0.009046684055458165
2021-09-10,0.009045865704560008
2021-09-13,0.027135142505141374
2021-09-14,0.009042593781005692
2021-09-15,0.009041776169937954
2021-09-16,0.009040958706663105
2021-09-17,0.009040141391225553
2021-09-20,0.027117972670587243
2021-09-21,0.009036873606604878
2021-09-22,0.009036057029554456
2021-09-23,0.009035240600074879
2021-09-24,0.009034424318099532
2021-09-27,0.027100824550796432
2021-09-28,0.009031160664596527
2021-09-29,0.009030345119609429
2021-09-30,0.009029529721926721
2021-10-01,0.02864868466208037
2021-10-04,0.08592143862422574
2021-10-05,0.028615892355032813
2021-10-06,0.02860770600465745
2021-10-07,0.028599524336825333
2021-10-08,0.02859134734747304
2021-10-11,0.08574952509787792
2021-10-12,0.028558686094926067
2021-10-13,0.028550532437998655
2021-10-14,0.028542383435548047
2021-10-15,0.028534239083644053
2021-10-18,0.08557829813464757
2021-10-19,0.028501708101491552
2021-10-20,0.028493586942501814
2021-10-21,0.028485470410233305
2021-10-22,0.028477358500711425
2021-10-25,0.08540775362992914
2021-10-26,0.028444957011175553
2021-10-27,0.028436868156256345
2021-10-28,0.02842878390045822
2021-10-29,0.02842070423985099
2021-11-01,0.046063382853245294
2021-11-02,0.015347391423414791
2021-11-03,0.015345036360625564
2021-11-04,0.015342682020502707
2021-11-05,0.015340328402668746
2021-11-08,0.04601392652061609
2021-11-09,0.01533092114807122
2021-11-10,0.015328571136907776
2021-11-11,0.01532622184610144
2021-11-12,0.01532387327529694
2021-11-15,0.04596457627243922
2021-11-16,0.01531448618548037
2021-11-17,0.01531214120971125
2021-11-18,0.015309796951989973
2021-11-19,0.015307453411939065
2021-11-22,0.045915331767854006
2021-11-23,0.015298086422155244
2021-11-24,0.0152957464656156
2021-11-25,0.015293407224836741
2021-11-26,0.01529106869944119
2021-11-29,0.04586619266724323
2021-11-30,0.015281721745141752
2021-12-01,0.009911345682200867
2021-12-02,0.009910363431830937
2021-12-03,0.009909381376127513
2021-12-06,0.02972519854507194
2021-12-07,0.009905455098824234
2021-12-08,0.009904474015609566
2021-12-09,0.009903493126706131
2021-12-10,0.009902512432069521
2021-12-13,0.029704595794877164
2021-12-14,0.009898591595014494
2021-12-15,0.00989761187082383
2021-12-16,0.009896632340566924
2021-12-17,0.009895653004177163
2021-12-20,0.029684021584763798
2021-12-21,0.009891737596068317
2021-12-22,0.009890759228103896
2021-12-23,0.009889781053673552
2021-12-24,0.009888803072732877
2021-12-27,0.029663475855401522
2021-12-28,0.009884893082268142
2021-12-29,0.009883916067732201
2021-12-30,0.009882939246308453
2021-12-31,0.009881962617952489
2022-01-03,0.08143135919560507
2022-01-04,0.02712170082890264
2022-01-05,0.027114346956857993
2022-01-06,0.027106997071624228
2022-01-07,0.027099651169959493
2022-01-10,0.08127692774599904
2022-01-11,0.027070307334531307
2022-01-12,0.027062981302306
2022-01-13,0.02705565923433184
2022-01-14,0.027048341127322573
2022-01-17,0.08112308093426446
2022-01-18,0.02701910824505216
2022-01-19,0.027011809894905703
2022-01-20,0.027004515486495073
2022-01-21,0.02699722501668944
2022-01-24,0.08096981544680748
2022-01-25,0.026968102459457022
2022-01-26,0.026960831634781357
2022-01-27,0.026953564729570445
2022-01-28,0.026946301740671252
2022-01-31,0.08081712799490326
2022-02-01,0.03262135448740544
2022-02-02,0.0326107164300149
2022-02-03,0.03260008530863168
2022-02-04,0.03258946111652783
2022-02-07,0.09773653154057094
2022-02-08,0.0325470335051925
2022-02-09,0.032536443857922315
2022-02-10,0.03252586109936395
2022-02-11,0.032515285222878276
2022-02-14,0.09751414866501218
2022-02-15,0.032473050403014625
2022-02-16,0.03246250883619517
2022-02-17,0.03245197411119172
2022-02-18,0.03244144622149836
2022-02-21,0.09729277548100601
2022-02-22,0.03239940288202181
2022-02-23,0.03238890906891445
2022-02-24,0.03237842205121577
2022-02-25,0.032367941822419866
2022-02-28,0.09707240512759618
2022-03-01,0.04306896628567536
2022-03-02,0.04305042491268285
2022-03-03,0.04303189949710351
2022-03-04,0.04301339001837601
2022-03-07,0.12898468936752838
2022-03-08,0.042939511060891
2022-03-09,0.04292108095858005
2022-03-10,0.042902666670308065
2022-03-11,0.04288426817566915
2022-03-14,0.12859765636314968
2022-03-15,0.04281083172810174
2022-03-16,0.042792511897871144
2022-03-17,0.04277420773992624
2022-03-18,0.042755919234194195
2022-03-21,0.12821293908191755
2022-03-22,0.04268292133273732
2022-03-23,0.04266471078777645
2022-03-24,0.042646515775146554
2022-03-25,0.04262833627499685
2022-03-28,0.12783051680245183
2022-03-29,0.04255577300291691
2022-03-30,0.042537670768316715
2022-03-31,0.04251958392769151
2022-04-01,0.01925010698502483
2022-04-04,0.05773920609610794
2022-04-05,0.01923529572498417
2022-04-06,0.019231596470548062
2022-04-07,0.01922789863866292
2022-04-08,0.019224202228529386
2022-04-11,0.05766152171808869
2022-04-12,0.01920943078925763
2022-04-13,0.019205741475647464
2022-04-14,0.019202053578859513
2022-04-15,0.019198367098138824
2022-04-18,0.05758404609785828
2022-04-19,0.019183635319208747
2022-04-20,0.019179955906412083
2022-04-21,0.019176277904775496
2022-04-22,0.019172601313455218
2022-04-25,0.05750677839502227
2022-04-26,0.019157909035394383
2022-04-27,0.019154239483620827
2022-04-28,0.019150571337300804
2022-04-29,0.019146904595701564
2022-05-02,0.10334553749622444
2022-05-03,0.03441294825241581
2022-05-04,0.034401109816295516
2022-05-05,0.03438927952246207
2022-05-06,0.03437745736256659
2022-05-09,0.10309692998458075
2022-05-10,0.03433024989447642
2022-05-11,0.034318468278571324
2022-05-12,0.03430669474642212
2022-05-13,0.034294929289702125
2022-05-16,0.10284951570043166
2022-05-17,0.03424794805144682
2022-05-18,0.03423622284761674
2022-05-19,0.0342245056695889
2022-05-20,0.03421279650910325
2022-05-23,0.1026032860738546
2022-05-24,0.03416603987833611
2022-05-25,0.03415437068241545
2022-05-26,0.03414270945485409
2022-05-27,0.034131056187503006
2022-05-30,0.10235823261666166
2022-05-31,0.03408452255733163
2022-06-01,0.04578691919605582
2022-06-02,0.04576596437095848
2022-06-03,0.04574502871739217
2022-06-06,0.13717233662740025
2022-06-07,0.04566147729379022
2022-06-08,0.045640637104660264
2022-06-09,0.04561981593000919
2022-06-10,0.045599013743857775
2022-06-13,0.13673469156081364
2022-06-14,0.04551599436577458
2022-06-15,0.04549528673361003
2022-06-16,0.04547459793489139
2022-06-17,0.04545392794392811
2022-06-20,0.13629983020515546
2022-06-21,0.04537143554543821
2022-06-22,0.04535085920958082
2022-06-23,0.045330301528379024
2022-06-24,0.04530976247640872
2022-06-27,0.1358677260852481
2022-06-28,0.04522779205577976
2022-06-29,0.045207345771469676
2022-06-30,0.04518691796520091
2022-07-01,-0.0004073073735733068
2022-07-04,-0.0012219270977387175
2022-07-05,-0.00040731400965388076
2022-07-06,-0.00040731566872675984
2022-07-07,-0.00040731732777743446
2022-07-08,-0.00040731898685031354
2022-07-11,-0.001221961937869498
2022-07-12,-0.0004073256233083633
2022-07-13,-0.00040732728248116246
2022-07-14,-0.0004073289416206549
2022-07-15,-0.00040733060079345407
2022-07-18,-0.0012219967799875775
2022-07-19,-0.0004073372376400819
2022-07-20,-0.0004073388969016989
2022-07-21,-0.0004073405561300092
2022-07-22,-0.0004073422154027284
2022-07-25,-0.001222031624081854
2022-07-26,-0.00040734885261572984
2022-07-27,-0.00040735051195506244
2022-07-28,-0.00040735217132770174
2022-07-29,-0.0004073538306781366
2022-08-01,-0.0032218116031823563
2022-08-02,-0.0010739718024121991
2022-08-03,-0.0010739833366857354
2022-08-04,-0.001073994871214623
2022-08-05,-0.0010740064059877596
2022-08-08,-0.0032220538230487428
2022-08-09,-0.0010740525475561036
2022-08-10,-0.00107406408357269
2022-08-11,-0.0010740756198335255
2022-08-12,-0.00107408715633861
2022-08-15,-0.0032222960792860356
2022-08-16,-0.0010741333048569501
2022-08-17,-0.0010741448426054845
2022-08-18,-0.001074156380598268
2022-08-19,-0.0010741679188353004
2022-08-22,-0.0032225383719941547
2022-08-23,-0.0010742140743147388
2022-08-24,-0.0010742256137730166
2022-08-25,-0.0010742371535088502
2022-08-26,-0.0010742486934778306
2022-08-29,-0.0032227807011286913
2022-08-30,-0.0010742948558739585
2022-08-31,-0.0010743063970974909
2022-09-01,0.007169281710006636
2022-09-02,0.007168767760834527
2022-09-05,0.021504761656121474
2022-09-06,0.007166712700912292
2022-09-07,0.007166199119978955
2022-09-08,0.00716568561267561
2022-09-09,0.00716517217898005
2022-09-12,0.021493976456499198
2022-09-13,0.007163119179676158
2022-09-14,0.0071626061136642605
2022-09-15,0.007162093121149127
2022-09-16,0.007161580202130757
2022-09-19,0.021483202069583207
2022-09-20,0.007159529260380992
2022-09-21,0.007159016708491173
2022-09-22,0.007158504229987095
2022-09-23,0.00715799182482435
2022-09-26,0.021472438479119837
2022-09-27,0.007155942937586701
2022-09-28,0.007155430899041804
2022-09-29,0.007154918933749421
2022-09-30,0.0071544070417317585
2022-10-03,0.039256397749487526
2022-10-04,0.013080331049697413
2022-10-05,0.013078620322870549
2022-10-06,0.013076910043463563
2022-10-07,0.01307520021129882
2022-10-10,0.03922047247855165
2022-10-11,0.013068365351553979
2022-10-12,0.01306665775300253
2022-10-13,0.013064950600583103
2022-10-14,0.013063243894229082
2022-10-17,0.03918461290115527
2022-10-18,0.013056421525470263
2022-10-19,0.013054717046601105
2022-10-20,0.013053013012687131
2022-10-21,0.013051309423550705
2022-10-24,0.03914881883719801
2022-10-25,0.013044499511605245
2022-10-26,0.013042798143847456
2022-10-27,0.013041097219868014
2022-10-28,0.013039396739444875
2022-10-31,0.039113090107378845
2022-11-01,-0.0033667548062998875
2022-11-02,-0.0033668681604814843
2022-11-03,-0.00336698152232362
2022-11-04,-0.0033670948917929877
2022-11-07,-0.010101624806624354
2022-11-08,-0.003367548445998292
2022-11-09,-0.0033676618536371272
2022-11-10,-0.003367775268903195
2022-11-11,-0.0033678886918409034
2022-11-14,-0.01010400636720643
2022-11-15,-0.0033683424599306733
2022-11-16,-0.003368455921071156
2022-11-17,-0.0033685693898499736
2022-11-18,-0.003368682866256023
2022-11-21,-0.010106389050990039
2022-11-22,-0.0033691368484078943
2022-11-23,-0.0033692503630722292
2022-11-24,-0.003369363885352694
2022-11-25,-0.0033694774153270046
2022-11-28,-0.010108772858785642
2022-11-29,-0.0033699316116519995
2022-11-30,-0.0033700451798845954
2022-12-01,-0.010233638215129126
2022-12-02,-0.010234685595833515
2022-12-05,-0.030707199572843624
2022-12-06,-0.010238877263413215
2022-12-07,-0.010239925716837295
2022-12-08,-0.010240974385034018
2022-12-09,-0.010242023267992284
2022-12-12,-0.030729217097535955
2022-12-13,-0.010246220949339246
2022-12-14,-0.010247270907348671
2022-12-15,-0.010248321080563727
2022-12-16,-0.01024937146906213
2022-12-19,-0.030751266218720374
2022-12-20,-0.01025357517709935
2022-12-21,-0.010254626642947073
2022-12-22,-0.010255678324477824
2022-12-23,-0.010256730221747112
2022-12-26,-0.03077334700437584
2022-12-27,-0.010260939969453098
2022-12-28,-0.010261992946414278
2022-12-29,-0.010263046139458165
2022-12-30,-0.010264099548740191
2023-01-02,0.07495653594882246
2023-01-03,0.02496679773620336
2023-01-04,0.024960565882214958
2023-01-05,0.024954337138449745
2023-01-06,0.024948111502620662
2023-01-09,0.07482566691698889
2023-01-10,0.024923239991792023
2023-01-11,0.024917029860649365
2023-01-12,0.02491082282347623
2023-01-13,0.024904618877985563
2023-01-16,0.0746952540656487
2023-01-17,0.024879833966684473
2023-01-18,0.02487364544498938
2023-01-19,0.024867460001165576
2023-01-20,0.0248612776329038
2023-01-23,0.07456529501366216
2023-01-24,0.02483657886958035
2023-01-25,0.02483041184477841
2023-01-26,0.024824247881771733
2023-01-27,0.02481808697833987
2023-01-30,0.0744357873965873
2023-01-31,0.0247934739146638
2023-02-01,0.01993610894905906
2023-02-02,0.019932135256839345
2023-02-03,0.019928163148419387
2023-02-06,0.059772577868399956
2023-02-07,0.019912290533441457
2023-02-08,0.019908326329654003
2023-02-09,0.019904363703981964
2023-02-10,0.019900402655448346
2023-02-13,0.059689329549428294
2023-02-14,0.019884574214112938
2023-02-15,0.01988062103728261
2023-02-16,0.019876669431928562
2023-02-17,0.019872719397207028
2023-02-20,0.05960631279631201
2023-02-21,0.019856934945350346
2023-02-22,0.019852992749491705
2023-02-23,0.019849052118625643
2023-02-24,0.019845113051775165
2023-02-27,0.059523526644200686
2023-02-28,0.019829372406299228
2023-03-01,0.00895342503355323
2023-03-02,0.008952623467139986
2023-03-03,0.008951822044211966
2023-03-06,0.0268530622942853
2023-03-07,0.008948617786841417
2023-03-08,0.008947817080895426
2023-03-09,0.008947016518234818
2023-03-10,0.00894621609879298
2023-03-13,0.026836247467687535
2023-03-14,0.00894301585270263
2023-03-15,0.008942216148888349
2023-03-16,0.008941416588115203
2023-03-17,0.008940617170249965
2023-03-20,0.026819453686122152
2023-03-21,0.008937420927912498
2023-03-22,0.008936622224364754
2023-03-23,0.008935823663569487
2023-03-24,0.008935025245460082
2023-03-27,0.026802680910065213
2023-03-28,0.008931832999325984
2023-03-29,0.008931035294157397
2023-03-30,0.008930237731497037
2023-03-31,0.008929440311233883
2023-04-03,0.05995098793638576
2023-04-04,0.01997168942036165
2023-04-05,0.01996770153303018
2023-04-06,0.019963715237958368
2023-04-07,0.019959730534191422
2023-04-10,0.059867242262301446
2023-04-11,0.019943807613143072
2023-04-12,0.01993983085164519
2023-04-13,0.01993585567574563
2023-04-14,0.019931882084489594
2023-04-17,0.05978373023087791
2023-04-18,0.01991600354713796
2023-04-19,0.019912037864955323
2023-04-20,0.019908073761754075
2023-04-21,0.019904111236623834
2023-04-24,0.059700450865740606
2023-04-25,0.019888276897606083
2023-04-26,0.019884322248509
2023-04-27,0.019880369171865198
2023-04-28,0.019876417666653268
2023-05-01,0.02289486372912819
2023-05-02,0.007629874393688674
2023-05-03,0.007629292288280354
2023-05-04,0.007628710271667671
2023-05-05,0.007628128343872831
2023-05-08,0.022882639514465453
2023-05-09,0.007625801520139142
2023-05-10,0.007625220036011626
2023-05-11,0.007624638640524317
2023-05-12,0.007624057333721623
2023-05-15,0.022870428346566385
2023-05-16,0.007621732992535435
2023-05-17,0.007621152128689523
2023-05-18,0.0076205713533505914
2023-05-19,0.0076199906664964345
2023-05-22,0.022858230204514385
2023-05-23,0.007617668803883149
2023-05-24,0.00761708855931964
2023-05-25,0.007616508403129885
2023-05-26,0.007615928335291677
2023-05-29,0.022846045067526077
2023-05-30,0.0076136089472989
2023-05-31,0.0076130293210407984
2023-06-01,0.0107630474549536
2023-06-02,0.01076188914772569
2023-06-05,0.032282193269295156
2023-06-06,0.010757258410820647
2023-06-07,0.010756101349196356
2023-06-08,0.010754944536461863
2023-06-09,0.01075378797252835
2023-06-12,0.032257894971965406
2023-06-13,0.01074916420322758
2023-06-14,0.010748008882099924
2023-06-15,0.010746853809306955
2023-06-16,0.01074569898473765
2023-06-19,0.03223363322499839
2023-06-20,0.010741082167320393
2023-06-21,0.010739928582759184
2023-06-22,0.010738775245955345
2023-06-23,0.010737622156864468
2023-06-26,0.03220940794603777
2023-06-27,0.010733012275609966
2023-06-28,0.010731860423751627
2023-06-29,0.010730708819051138
2023-06-30,0.010729557461486294
2023-07-03,0.01845982276666991
2023-07-04,0.006152138581683175
2023-07-05,0.006151760116868132
2023-07-06,0.006151381698638048
2023-07-07,0.006151003326926308
2023-07-10,0.018451875005354168
2023-07-11,0.006149490305507044
2023-07-12,0.006149112166453641
2023-07-13,0.006148734073896378
2023-07-14,0.006148356027835256
2023-07-17,0.01844393408481082
2023-07-18,0.006146844308352328
2023-07-19,0.006146466494616476
2023-07-20,0.006146088727332355
2023-07-21,0.006145711006499965
2023-07-24,0.01843599999620249
2023-07-25,0.006144200587243631
2023-07-26,0.006143823098447854
2023-07-27,0.006143445655992785
2023-07-28,0.006143068259945039
2023-07-31,0.018428072730714007
2023-08-01,0.0030707795696471862
2023-08-02,0.0030706852756523517
2023-08-03,0.003070590987475086
2023-08-04,0.0030704967050709797
2023-08-07,0.009211207285408918
2023-08-08,0.003070119633363788
2023-08-09,0.003070025379936503
2023-08-10,0.003069931132260173
2023-08-11,0.0030698368904014117
2023-08-14,0.009209227962903022
2023-08-15,0.0030694599807201683
2023-08-16,0.003069365767793819
2023-08-17,0.0030692715605962206
2023-08-18,0.003069177359216191
2023-08-21,0.009207249490850167
2023-08-22,0.003068800611472078
2023-08-23,0.0030687064390022556
2023-08-24,0.0030686122722833886
2023-08-25,0.0030685181113820903
2023-08-28,0.009205271868673037
2023-08-29,0.0030681415254640854
2023-08-30,0.0030680473934063812
2023-08-31,0.0030679532671662457
2023-09-01,0.0016397178197902207
2023-09-04,0.004919072800402269
2023-09-05,0.0016396102798577061
2023-09-06,0.0016395833970506146
2023-09-07,0.0016395565151761105
2023-09-08,0.0016395296341453758
2023-09-11,0.004918508262075072
2023-09-12,0.0016394221189264258
2023-09-13,0.0016393952422921743
2023-09-14,0.00163936836659051
2023-09-15,0.0016393414917326155
2023-09-18,0.004917943853310902
2023-09-19,0.0016392340011606166
2023-09-20,0.0016392071307214096
2023-09-21,0.001639180261170381
2023-09-22,0.0016391533924631219
2023-09-25,0.00491737957406535
2023-09-26,0.0016390459265602786
2023-09-27,0.001639019062316116
2023-09-28,0.0016389921988935185
2023-09-29,0.0016389653364035084
2023-10-02,0.4064774193548448
2023-10-03,0.0032255983484885675
2023-10-04,0.0032254943070020303
2023-10-05,0.00322539027222124
2023-10-06,0.003225286244146197
2023-10-09,0.009675546668375112
2023-10-10,0.003224870198970109
2023-10-11,0.0032247662044460057
2023-10-12,0.0032246622166276495
2023-10-13,0.0032245582355150404
2023-10-16,0.00967336278334674
2023-10-17,0.0032241423781220746
2023-10-18,0.003224038430538201
2023-10-19,0.003223934489660074
2023-10-20,0.00322383055546549
2023-10-23,0.009671179883952163
2023-10-24,0.00322341488572242
2023-10-25,0.0032233109850343666
2023-10-26,0.0032232070910520605
2023-10-27,0.0032231032037755014
2023-10-30,0.009668997969503046
2023-10-31,0.0032226877215713046
2023-11-01,0.0033333333333329662
2023-11-02,0.0033332222259208066
2023-11-03,0.0033331111259471413
2023-11-06,0.009999000099969457
2023-11-07,0.003332666799971129
2023-11-08,0.0033325557370122993
2023-11-09,0.0033324446814253506
2023-11-10,0.003332333633232487
2023-11-13,0.00999666777741215
2023-11-14,0.0033318895145351135
2023-11-15,0.0033317785033570857
2023-11-16,0.0033316674995731432
2023-11-17,0.0033315565032054906
2023-11-20,0.009994336542629156
2023-11-21,0.00333111259160912
2023-11-22,0.0033310016321896896
2023-11-23,0.003330890680186549
2023-11-24,0.003330779735533085
2023-11-27,0.009992006394865527
2023-11-28,0.003330336030926695
2023-11-29,0.003330225123221453
2023-11-30,0.0033301142229102965
2023-12-01,0.00645161290322438
2023-12-04,0.019353590090975814
2023-12-05,0.006449948400422123
2023-12-06,0.006449532408892011
2023-12-07,0.006449116471052285
2023-12-08,0.006448700586814127
2023-12-11,0.019344854268776857
2023-12-12,0.00644703758623244
2023-12-13,0.006446621970090938
2023-12-14,0.006446206407528798
2023-12-15,0.006445790898546022
2023-12-18,0.019336126329361214
2023-12-19,0.006444129398119891
2023-12-20,0.0064437141568340905
2023-12-21,0.006443298969083244
2023-12-22,0.006442883834800739
2023-12-25,0.019327406262070745
2023-12-26,0.006441223832531762
2023-12-27,0.006440808965613165
2023-12-28,0.0064403941521185
2023-12-29,0.006439979392069972
2024-01-01,0.022557795093058886
2024-01-02,0.009676482921006091
2024-01-03,0.009675546668397317
2024-01-04,0.009674610596910327
2024-01-05,0.009673674706567326
2024-01-08,0.029018216991794077
2024-01-09,0.009669932955125304
2024-01-10,0.009668997969503046
2024-01-11,0.00966806316469171
2024-01-12,0.009667128540580272
2024-01-15,0.028998582291528407
2024-01-16,0.009663391850533998
2024-01-17,0.009662458129344742
2024-01-18,0.009661524588588932
2024-01-19,0.00966059122817775
2024-01-22,0.028978974144311387
2024-01-23,0.009656859589268763
2024-01-24,0.009655927129936792
2024-01-25,0.009654994850660792
2024-01-26,0.009654062751418557
2024-01-29,0.028959392496297198
2024-01-30,0.009650336153388395
2024-01-31,0.009649404953360197
2024-02-01,0.013793103448267452
2024-02-02,0.013791201213630977
2024-02-05,0.04136789851076905
2024-02-06,0.01378359751895708
2024-02-07,0.01378169790517969
2024-02-08,0.013779798814961275
2024-02-09,0.01377790024799097
2024-02-12,0.04132800661247327
2024-02-13,0.013770311209038155
2024-02-14,0.013768415255399624
2024-02-15,0.01376651982378796
2024-02-16,0.013764624913958912
2024-02-19,0.04128819157722674
2024-02-20,0.013757050488361067
2024-02-21,0.013755158184314276
2024-02-22,0.013753266400784447
2024-02-23,0.013751375137505129
2024-02-26,0.04124845318298487
2024-02-27,0.013743815283140393
2024-02-28,0.013741926618116018
2024-02-29,0.013740038472098703
2024-03-01,0.009677419354847672
2024-03-04,0.029029448763018273
2024-03-05,0.009673674706567326
2024-03-06,0.00967273899725729
2024-03-07,0.009671803468958018
2024-03-08,0.009670868121602894
2024-03-11,0.029009798865398118
2024-03-12,0.009667128540580272
2024-03-13,0.009666194097168734
2024-03-14,0.009665259834412687
2024-03-15,0.009664325752201108
2024-03-18,0.028990175551624198
2024-03-19,0.00966059122817775
2024-03-20,0.009659658048111197
2024-03-21,0.009658725048300454
2024-03-22,0.009657792228701112
2024-03-25,0.028970578767784083
2024-03-26,0.009654062751418557
2024-03-27,0.009653130832099066
2024-03-28,0.009652199092702318
2024-03-29,0.009651267533139496
2024-04-01,0.029302602373970643
2024-04-02,0.009999000099991662
2024-04-03,0.009998000399913387
2024-04-04,0.009997000899719666
2024-04-05,0.009996001599366089
2024-04-08,0.029985007496247107
2024-04-09,0.009992006394887731
2024-04-10,0.009991008092713471
2024-04-11,0.00999000999000188
2024-04-12,0.009989012086708549
2024-04-15,0.029964043148211772
2024-04-16,0.009985022466318938
2024-04-17,0.0099840255590955
2024-04-18,0.009983028850957254
2024-04-19,0.009982032341793179
2024-04-22,0.029943108094609983
2024-04-23,0.009978048293746156
2024-04-24,0.009977052778609163
2024-04-25,0.00997605746209107
2024-04-26,0.009975062344147467
2024-04-29,0.029922202274090814
2024-04-30,0.009971083856807894
2024-05-01,0.0
2024-05-02,0.0
2024-05-03,0.0
2024-05-06,0.0
2024-05-07,0.0
2024-05-08,0.0
2024-05-09,0.0
2024-05-10,0.0
2024-05-13,0.0
2024-05-14,0.0
2024-05-15,0.0
2024-05-16,0.0
2024-05-17,0.0
2024-05-20,0.0
2024-05-21,0.0
2024-05-22,0.0
2024-05-23,0.0
2024-05-24,0.0
2024-05-27,0.0
2024-05-28,0.0
2024-05-29,0.0
2024-05-30,0.0
2024-05-31,0.0
2024-06-03,0.0
2024-06-04,0.0
2024-06-05,0.0
2024-06-06,0.0
2024-06-07,0.0
2024-06-10,0.0
2024-06-11,0.0
2024-06-12,0.0
2024-06-13,0.0
2024-06-14,0.0
2024-06-17,0.0
2024-06-18,0.0
2024-06-19,0.0
2024-06-20,0.0
2024-06-21,0.0
2024-06-24,0.0
2024-06-25,0.0
2024-06-26,0.0
2024-06-27,0.0
2024-06-28,0.0
2024-07-01,0.0032258064516010876
2024-07-02,0.0032257023967030563
2024-07-03,0.003225598348510772
2024-07-04,0.0032254943070020303
2024-07-05,0.00322539027222124
2024-07-08,0.009675858732460796
2024-07-09,0.0032249742001999593
2024-07-10,0.003224870198970109
2024-07-11,0.0032247662044460057
2024-07-12,0.003224662216649854
2024-07-15,0.009673674706545121
2024-07-16,0.0032242463324339
2024-07-17,0.0032241423781220746
2024-07-18,0.003224038430538201
2024-07-19,0.0032239344896378697
2024-07-22,0.00967149166639647
2024-07-23,0.00322351879311622
2024-07-24,0.00322341488572242
2024-07-25,0.003223310985056571
2024-07-26,0.0032232070910520605
2024-07-29,0.0096693096113043
2024-07-30,0.0032227915820692843
2024-07-31,0.0032226877215491
2024-08-01,0.00645161290322438
2024-08-02,0.0064511966969993395
2024-08-05,0.01935234163332744
2024-08-06,0.006449532408892011
2024-08-07,0.006449116471052285
2024-08-08,0.006448700586836331
2024-08-09,0.006448284756266354
2024-08-12,0.01934360693789383
2024-08-13,0.006446621970090938
2024-08-14,0.006446206407528798
2024-08-15,0.006445790898546022
2024-08-16,0.006445375443120405
2024-08-19,0.019334880123755838
2024-08-20,0.0064437141568340905
2024-08-21,0.006443298969083244
2024-08-22,0.006442883834800739
2024-08-23,0.006442468754030983
2024-08-26,0.019326161180188706
2024-08-27,0.006440808965613165
2024-08-28,0.006440394152096296
2024-08-29,0.006439979392069972
2024-08-30,0.006439564685423171
2024-09-02,0.0197733419188717
2024-09-03,0.006665777896275316
2024-09-04,0.0066653335999644625
2024-09-05,0.006664889362828497
2024-09-06,0.006664445184934031
2024-09-09,0.019992003198732178
2024-09-10,0.006662669065216065
2024-09-11,0.0066622251831960355
2024-09-12,0.0066617813603508935
2024-09-13,0.006661337596591821
2024-09-16,0.019982681675867475
2024-09-17,0.006659563132660473
2024-09-18,0.006659119664376156
2024-09-19,0.006658676255177909
2024-09-20,0.006658232904976913
2024-09-23,0.01997336884154155
2024-09-24,0.00665646009452292
2024-09-25,0.006656017039397
2024-09-26,0.006655574043246126
2024-09-27,0.0066551311060925045
2024-09-30,0.019964064683564153
2024-10-01,0.00645161290322438
2024-10-02,0.0064511966969993395
2024-10-03,0.00645078054444248
2024-10-04,0.006450364445576007
2024-10-07,0.019349845201244165
2024-10-08,0.006448700586836331
2024-10-09,0.006448284756244149
2024-10-10,0.006447868979320148
2024-10-11,0.006447453255953306
2024-10-14,0.01934111275869732
2024-10-15,0.006445790898546022
2024-10-16,0.006445375443120405
2024-10-17,0.006444960041251946
2024-10-18,0.006444544692940646
2024-10-21,0.01933238819433747
2024-10-22,0.006442883834822943
2024-10-23,0.006442468754030983
2024-10-24,0.0064420537267295686
2024-10-25,0.006441638752896495
2024-10-28,0.019323671497595285
2024-10-29,0.006439979392069972
2024-10-30,0.006439564685445376
2024-10-31,0.006439150032200303
2024-11-01,0.009999999999998899
2024-11-04,0.02999700029995278
2024-11-05,0.009996001599366089
2024-11-06,0.009995002498741634
2024-11-07,0.009994003597846302
2024-11-08,0.009993004896569069
2024-11-11,0.029976019184663194
2024-11-12,0.009989012086686344
2024-11-13,0.009988014382744659
2024-11-14,0.009987016878043598
2024-11-15,0.009986019572605365
2024-11-18,0.029955067398912405
2024-11-19,0.009982032341770974
2024-11-20,0.009981036031558865
2024-11-21,0.009980039920143291
2024-11-22,0.009979044007590865
2024-11-25,0.02993414488126067
2024-11-26,0.009975062344147467
2024-11-27,0.009974067424689537
2024-11-28,0.009973072703717278
2024-11-29,0.009972078181075261
2024-12-02,0.035780108652661013
2024-12-03,0.012899896800822042
2024-12-04,0.012898232942082366
2024-12-05,0.012896569512510503
2024-12-06,0.012894906511906612
2024-12-09,0.03867973182052342
2024-12-10,0.012888258796239782
2024-12-11,0.012886597938144284
2024-12-12,0.012884937508061967
2024-12-13,0.01288327750579299
2024-12-16,0.03864485379363458
2024-12-17,0.012876641771830677
2024-12-18,0.012874983906274728
2024-12-19,0.012873326467555124
2024-12-20,0.012871669455538637
2024-12-23,0.038610038610054076
2024-12-24,0.012865045670906738
2024-12-25,0.012863390789807916
2024-12-26,0.012861736334390805
2024-12-27,0.01286008230452218
2024-12-30,0.03857528610005101
2024-12-31,0.012853470437024228
2025-01-01,0.01612903225807205
2025-01-02,0.016126431220775395
2025-01-03,0.01612383102223003
2025-01-06,0.04836369498630866
2025-01-07,0.016113438607812114
2025-01-08,0.0161108425970502
2025-01-09,0.016108247422685906
2025-01-10,0.01610565308423073
2025-01-13,0.048309178743943804
2025-01-14,0.016095284081774075
2025-01-15,0.016092693916958112
2025-01-16,0.01609010458567539
2025-01-17,0.016087516087526232
2025-01-20,0.04825478526619964
2025-01-21,0.01607717041800516
2025-01-22,0.016074586079417585
2025-01-23,0.016072002571521082
2025-01-24,0.016069419893938175
2025-01-27,0.04820051413882975
2025-01-28,0.01605909747872669
2025-01-29,0.01605651894667215
2025-01-30,0.01605394124257753
2025-01-31,0.01605136436597654
2025-02-03,0.02142857142857224
2025-02-04,0.0071413268585285294
2025-02-05,0.007140816909467773
2025-02-06,0.007140307033215443
2025-02-07,0.007139797229771538
2025-02-10,0.021417862497319362
2025-02-11,0.0071377587437471135
2025-02-12,0.007137249304123294
2025-02-13,0.007136739937196879
2025-02-14,0.007136230642967867
2025-02-17,0.021407164264308776
2025-02-18,0.007134194192759402
2025-02-19,0.007133685261817568
2025-02-20,0.0071331764034399114
2025-02-21,0.007132667617693045
2025-02-24,0.02139647671350886
2025-02-25,0.007130633200236325
2025-02-26,0.007130124777177116
2025-02-27,0.007129616426637675
2025-02-28,0.007129108148573593
2025-03-03,-0.009677419354847672
2025-03-04,-0.003226118656629584
2025-03-05,-0.0032262227384283193
2025-03-06,-0.003226326826899495
2025-03-07,-0.0032264309221208265
2025-03-10,-0.009679605072099307
2025-03-11,-0.003226847370130237
2025-03-12,-0.0032269514989247128
2025-03-13,-0.0032270556344249357
2025-03-14,-0.003227159776686417
2025-03-17,-0.009681791776916526
2025-03-18,-0.00322757641287863
2025-03-19,-0.0032276805887243576
2025-03-20,-0.0032277847713202412
2025-03-21,-0.003227888960632974
2025-03-24,-0.009683979469954362
2025-03-25,-0.0032283057851301145
2025-03-26,-0.0032284100080604006
2025-03-27,-0.003228514237751945
2025-03-28,-0.0032286184741492363
2025-03-31,-0.009686168151890051
2025-04-01,0.0066666666666659324
2025-04-02,0.006666222251849874
2025-04-03,0.006665777896275316
2025-04-04,0.0066653335999644625
2025-04-07,0.019994668088507694
2025-04-08,0.006663557006714171
2025-04-09,0.006663113006410981
2025-04-10,0.006662669065216065
2025-04-11,0.00666222518321824
2025-04-14,0.01998534408100827
2025-04-15,0.006660450246420702
2025-04-16,0.006660006660008655
2025-04-17,0.006659563132660473
2025-04-18,0.006659119664398361
2025-04-21,0.019976028765467113
2025-04-22,0.006657346381744311
2025-04-23,0.006656903208623888
2025-04-24,0.00665646009452292
2025-04-25,0.006656017039419204
2025-04-28,0.019966722129782788
2025-04-29,0.006654245408577175
2025-04-30,0.006653802648215468
2025-05-01,0.003225806451623292
2025-05-02,0.003225702396680852
2025-05-05,0.009676795045487907
2025-05-06,0.003225286244146197
2025-05-07,0.0032251822227991056
2025-05-08,0.0032250782081355567
2025-05-09,0.0032249742002221637
2025-05-12,0.009674610596910327
2025-05-13,0.003224558235537245
2025-05-14,0.0032244542611081783
2025-05-15,0.003224350293429268
2025-05-16,0.0032242463324116954
2025-05-19,0.009672427134388428
2025-05-20,0.00322383055546549
2025-05-21,0.0032237266279988575
2025-05-22,0.003223622707193563
2025-05-23,0.00322351879311622
2025-05-26,0.009670244657189464
2025-05-27,0.0032231032037755014
2025-05-28,0.0032229993231602805
2025-05-29,0.003222895449273011
2025-05-30,0.0032227915820692843
2025-06-02,0.023223332259103557
2025-06-03,0.009998000399913387
2025-06-04,0.009997000899719666
2025-06-05,0.009996001599366089
2025-06-06,0.009995002498741634
2025-06-09,0.0299820107935167
2025-06-10,0.009991008092713471
2025-06-11,0.00999000999000188
2025-06-12,0.009989012086708549
2025-06-13,0.009988014382744659
2025-06-16,0.0299610506341752
2025-06-17,0.0099840255590955
2025-06-18,0.009983028850957254
2025-06-19,0.009982032341793179
2025-06-20,0.00998103603153666
2025-06-23,0.029940119760474282
2025-06-24,0.009977052778609163
2025-06-25,0.00997605746209107
2025-06-26,0.009975062344147467
2025-06-27,0.009974067424689537
2025-06-30,0.029919218111107426
2025-07-01,0.00645161290322438
2025-07-02,0.0064511966969993395
2025-07-03,0.00645078054444248
2025-07-04,0.006450364445598211
2025-07-07,0.019349845201244165
2025-07-08,0.006448700586814127
2025-07-09,0.006448284756244149
2025-07-10,0.006447868979320148
2025-07-11,0.006447453255953306
2025-07-14,0.019341112758675116
2025-07-15,0.006445790898546022
2025-07-16,0.006445375443120405
2025-07-17,0.006444960041251946
2025-07-18,0.006444544692918441
2025-07-21,0.019332388194359673
2025-07-22,0.006442883834822943
2025-07-23,0.006442468754008779
2025-07-24,0.0064420537267295686
2025-07-25,0.006441638752918699
2025-07-28,0.01932367149757308
2025-07-29,0.006439979392069972
2025-07-30,0.006439564685445376
2025-07-31,0.006439150032178098
2025-08-01,0.01290322580644876
2025-08-04,0.03870468326667709
2025-08-05,0.012896569512510503
2025-08-06,0.012894906511928816
2025-08-07,0.012893243940159671
2025-08-08,0.012891581797092044
2025-08-11,0.03866976024748947
2025-08-12,0.012884937508039762
2025-08-13,0.01288327750579299
2025-08-14,0.01288161793122633
2025-08-15,0.012879958784139944
2025-08-18,0.03863490019317961
2025-08-19,0.012873326467555124
2025-08-20,0.012871669455516432
2025-08-21,0.012870012870025427
2025-08-22,0.012868356710860063
2025-08-25,0.03860010293359473
2025-08-26,0.01286173633441301
2025-08-27,0.01286008230452218
2025-08-28,0.012858428700024405
2025-08-29,0.012856775520675434
2025-09-01,0.03571281655740943
2025-09-02,0.009999000099991662
2025-09-03,0.009998000399935592
2025-09-04,0.009997000899719666
2025-09-05,0.009996001599366089
2025-09-08,0.029985007496247107
2025-09-09,0.009992006394887731
2025-09-10,0.009991008092713471
2025-09-11,0.009990009990024085
2025-09-12,0.009989012086708549
2025-09-15,0.029964043148233976
2025-09-16,0.009985022466296734
2025-09-17,0.0099840255590955
2025-09-18,0.009983028850957254
2025-09-19,0.009982032341770974
2025-09-22,0.029943108094632187
2025-09-23,0.009978048293746156
2025-09-24,0.009977052778631368
2025-09-25,0.00997605746209107
2025-09-26,0.009975062344125263
2025-09-29,0.029922202274090814
2025-09-30,0.009971083856807894
