Date,Inflation
1/1/45,2.298850574712663
1/2/45,2.298850574712663
1/3/45,2.298850574712663
1/4/45,2.298850574712663
1/5/45,2.298850574712663
1/6/45,2.298850574712663
1/7/45,2.298850574712663
1/8/45,2.298850574712663
1/9/45,2.298850574712663
1/10/45,2.298850574712663
1/11/45,2.298850574712663
1/12/45,2.298850574712663
1/13/45,2.298850574712663
1/14/45,2.298850574712663
1/15/45,2.298850574712663
1/16/45,2.298850574712663
1/17/45,2.298850574712663
1/18/45,2.298850574712663
1/19/45,2.298850574712663
1/20/45,2.298850574712663
1/21/45,2.298850574712663
1/22/45,2.298850574712663
1/23/45,2.298850574712663
1/24/45,2.298850574712663
1/25/45,2.298850574712663
1/26/45,2.298850574712663
1/27/45,2.298850574712663
1/28/45,2.298850574712663
1/29/45,2.298850574712663
1/30/45,2.298850574712663
1/31/45,2.298850574712663
2/1/45,2.298850574712663
2/2/45,2.298850574712663
2/3/45,2.298850574712663
2/4/45,2.298850574712663
2/5/45,2.298850574712663
2/6/45,2.298850574712663
2/7/45,2.298850574712663
2/8/45,2.298850574712663
2/9/45,2.298850574712663
2/10/45,2.298850574712663
2/11/45,2.298850574712663
2/12/45,2.298850574712663
2/13/45,2.298850574712663
2/14/45,2.298850574712663
2/15/45,2.298850574712663
2/16/45,2.298850574712663
2/17/45,2.298850574712663
2/18/45,2.298850574712663
2/19/45,2.298850574712663
2/20/45,2.298850574712663
2/21/45,2.298850574712663
2/22/45,2.298850574712663
2/23/45,2.298850574712663
2/24/45,2.298850574712663
2/25/45,2.298850574712663
2/26/45,2.298850574712663
2/27/45,2.298850574712663
2/28/45,2.298850574712663
3/1/45,2.298850574712663
3/2/45,2.279888785912898
3/3/45,2.2609340252038646
3/4/45,2.2419862886788877
3/5/45,2.2230455724342457
3/6/45,2.2041118725690145
3/7/45,2.185185185185201
3/8/45,2.166265506387721
3/9/45,2.1473528322843327
3/10/45,2.1284471589857468
3/11/45,2.1095484826054944
3/12/45,2.090656799259949
3/13/45,2.071772105068459
3/14/45,2.0528943961531487
3/15/45,2.034023668639051
3/16/45,2.015159918654086
3/17/45,1.9963031423290367
3/18/45,1.9774533357974633
3/19/45,1.9586104951958783
3/20/45,1.939774616663592
3/21/45,1.920945696342824
3/22/45,1.9021237303785687
3/23/45,1.8833087149187744
3/24/45,1.8645006461140978
3/25/45,1.845699520118127
3/26/45,1.826905333087292
3/27/45,1.8081180811808206
3/28/45,1.789337760560783
3/29/45,1.7705643673921134
3/30/45,1.7517978978425441
3/31/45,1.733038348082605
4/1/45,1.7142857142857126
4/2/45,1.7333333333333423
4/3/45,1.752380952380972
4/4/45,1.7714285714285793
4/5/45,1.7904761904761868
4/6/45,1.8095238095238164
4/7/45,1.8285714285714239
4/8/45,1.8476190476190535
4/9/45,1.8666666666666831
4/10/45,1.8857142857142684
4/11/45,1.904761904761898
4/12/45,1.9238095238095276
4/13/45,1.942857142857135
4/14/45,1.9619047619047647
4/15/45,1.9809523809523943
4/16/45,2.0000000000000018
4/17/45,2.019047619047609
4/18/45,2.038095238095239
4/19/45,2.0571428571428463
4/20/45,2.076190476190476
4/21/45,2.0952380952381056
4/22/45,2.114285714285691
4/23/45,2.1333333333333204
4/24/45,2.152380952
4/25/45,2.1714285714285575
4/26/45,2.190476190476187
4/27/45,2.2095238095238168
4/28/45,2.228571428571424
4/29/45,2.2476190476190316
4/30/45,2.2666666666666613
5/1/45,2.2857142857142687
5/2/45,2.3037228160707635
5/3/45,2.3217247097844007
5/4/45,2.339719970523202
5/5/45,2.3577086019524796
5/6/45,2.375690607734793
5/7/45,2.393665991530103
5/8/45,2.411634756995573
5/9/45,2.429596907785725
5/10/45,2.447552447552437
5/11/45,2.465501379944812
5/12/45,2.4834437086092676
5/13/45,2.5013794371896214
5/14/45,2.5193085693269612
5/15/45,2.5372311086596655
5/16/45,2.555147058823515
5/17/45,2.5730564234515807
5/18/45,2.5909592061742037
5/19/45,2.6088554106191486
5/20/45,2.626745040411471
5/21/45,2.6446280991735627
5/22/45,2.662504591
5/23/45,2.6803745180833616
5/24/45,2.6982378854625733
5/25/45,2.7160946962745403
5/26/45,2.733944954128442
5/27/45,2.7517886626307053
5/28/45,2.769625825385158
5/29/45,2.7874564459930307
5/30/45,2.8052805280528226
5/31/45,2.8230980751603907
6/1/45,2.840909090909083
6/2/45,2.821435334216993
6/3/45,2.801968951154854
6/4/45,2.7825099375355045
6/5/45,2.763058289174869
6/6/45,2.7436140018921584
6/7/45,2.724177071509648
6/8/45,2.704747493852855
6/9/45,2.6853252647503822
6/10/45,2.665910380034031
6/11/45,2.6465028355387554
6/12/45,2.627102627
6/13/45,2.607709751
6/14/45,2.5883242017759267
6/15/45,2.5689459765772638
6/16/45,2.5495750708215414
6/17/45,2.530211480362543
6/18/45,2.510855201057205
6/19/45,2.491506228765572
6/20/45,2.472164559
6/21/45,2.452830188679256
6/22/45,2.433503113
6/23/45,2.4141833270464153
6/24/45,2.3948708278333175
6/25/45,2.3755656108597423
6/26/45,2.3562676720075393
6/27/45,2.3369770071617113
6/28/45,2.317693612210303
6/29/45,2.2984174830444903
6/30/45,2.2791486155584906
7/1/45,2.259887005649719
7/2/45,2.259887005649719
7/3/45,2.259887005649719
7/4/45,2.259887005649719
7/5/45,2.259887005649719
7/6/45,2.259887005649719
7/7/45,2.259887005649719
7/8/45,2.259887005649719
7/9/45,2.259887005649719
7/10/45,2.259887005649719
7/11/45,2.259887005649719
7/12/45,2.259887005649719
7/13/45,2.259887005649719
7/14/45,2.259887005649719
7/15/45,2.259887005649719
7/16/45,2.259887005649719
7/17/45,2.259887005649719
7/18/45,2.259887005649719
7/19/45,2.259887005649719
7/20/45,2.259887005649719
7/21/45,2.259887005649719
7/22/45,2.259887005649719
7/23/45,2.259887005649719
7/24/45,2.259887005649719
7/25/45,2.259887005649719
7/26/45,2.259887005649719
7/27/45,2.259887005649719
7/28/45,2.259887005649719
7/29/45,2.259887005649719
7/30/45,2.259887005649719
7/31/45,2.259887005649719
8/1/45,2.259887005649719
8/2/45,2.259887005649719
8/3/45,2.259887005649719
8/4/45,2.259887005649719
8/5/45,2.259887005649719
8/6/45,2.259887005649719
8/7/45,2.259887005649719
8/8/45,2.259887005649719
8/9/45,2.259887005649719
8/10/45,2.259887005649719
8/11/45,2.259887005649719
8/12/45,2.259887005649719
8/13/45,2.259887005649719
8/14/45,2.259887005649719
8/15/45,2.259887005649719
8/16/45,2.259887005649719
8/17/45,2.259887005649719
8/18/45,2.259887005649719
8/19/45,2.259887005649719
8/20/45,2.259887005649719
8/21/45,2.259887005649719
8/22/45,2.259887005649719
8/23/45,2.259887005649719
8/24/45,2.259887005649719
8/25/45,2.259887005649719
8/26/45,2.259887005649719
8/27/45,2.259887005649719
8/28/45,2.259887005649719
8/29/45,2.259887005649719
8/30/45,2.259887005649719
8/31/45,2.259887005649719
9/1/45,2.259887005649719
9/2/45,2.259887005649719
9/3/45,2.259887005649719
9/4/45,2.259887005649719
9/5/45,2.259887005649719
9/6/45,2.259887005649719
9/7/45,2.259887005649719
9/8/45,2.259887005649719
9/9/45,2.259887005649719
9/10/45,2.259887005649719
9/11/45,2.259887005649719
9/12/45,2.259887005649719
9/13/45,2.259887005649719
9/14/45,2.259887005649719
9/15/45,2.259887005649719
9/16/45,2.259887005649719
9/17/45,2.259887005649719
9/18/45,2.259887005649719
9/19/45,2.259887005649719
9/20/45,2.259887005649719
9/21/45,2.259887005649719
9/22/45,2.259887005649719
9/23/45,2.259887005649719
9/24/45,2.259887005649719
9/25/45,2.259887005649719
9/26/45,2.259887005649719
9/27/45,2.259887005649719
9/28/45,2.259887005649719
9/29/45,2.259887005649719
9/30/45,2.259887005649719
10/1/45,2.259887005649719
10/2/45,2.259887005649719
10/3/45,2.259887005649719
10/4/45,2.259887005649719
10/5/45,2.259887005649719
10/6/45,2.259887005649719
10/7/45,2.259887005649719
10/8/45,2.259887005649719
10/9/45,2.259887005649719
10/10/45,2.259887005649719
10/11/45,2.259887005649719
10/12/45,2.259887005649719
10/13/45,2.259887005649719
10/14/45,2.259887005649719
10/15/45,2.259887005649719
10/16/45,2.259887005649719
10/17/45,2.259887005649719
10/18/45,2.259887005649719
10/19/45,2.259887005649719
10/20/45,2.259887005649719
10/21/45,2.259887005649719
10/22/45,2.259887005649719
10/23/45,2.259887005649719
10/24/45,2.259887005649719
10/25/45,2.259887005649719
10/26/45,2.259887005649719
10/27/45,2.259887005649719
10/28/45,2.259887005649719
10/29/45,2.259887005649719
10/30/45,2.259887005649719
10/31/45,2.259887005649719
11/1/45,2.259887005649719
11/2/45,2.259461495010373
11/3/45,2.259036144578319
11/4/45,2.2586109542631183
11/5/45,2.2581859239744206
11/6/45,2.2577610536218318
11/7/45,2.257336343115135
11/8/45,2.2569117923641357
11/9/45,2.256487401278684
11/10/45,2.2560631697687628
11/11/45,2.2556390977443552
11/12/45,2.2552151851155777
11/13/45,2.254791431792569
11/14/45,2.2543678376855336
11/15/45,2.253944402704744
11/16/45,2.2535211267605604
11/17/45,2.25309801
11/18/45,2.252675051623787
11/19/45,2.2522522522522515
11/20/45,2.2518296115594083
11/21/45,2.251407129455929
11/22/45,2.250984805852574
11/23/45,2.2505626406601476
11/24/45,2.250140634
11/25/45,2.249718785151855
11/26/45,2.2492970946579094
11/27/45,2.2488755622188883
11/28/45,2.2484541877459074
11/29/45,2.248032971150238
11/30/45,2.247611912343128
12/1/45,2.2471910112359383
12/2/45,2.2471910112359383
12/3/45,2.2471910112359383
12/4/45,2.2471910112359383
12/5/45,2.2471910112359383
12/6/45,2.2471910112359383
12/7/45,2.2471910112359383
12/8/45,2.2471910112359383
12/9/45,2.2471910112359383
12/10/45,2.2471910112359383
12/11/45,2.2471910112359383
12/12/45,2.2471910112359383
12/13/45,2.2471910112359383
12/14/45,2.2471910112359383
12/15/45,2.2471910112359383
12/16/45,2.2471910112359383
12/17/45,2.2471910112359383
12/18/45,2.2471910112359383
12/19/45,2.2471910112359383
12/20/45,2.2471910112359383
12/21/45,2.2471910112359383
12/22/45,2.2471910112359383
12/23/45,2.2471910112359383
12/24/45,2.2471910112359383
12/25/45,2.2471910112359383
12/26/45,2.2471910112359383
12/27/45,2.2471910112359383
12/28/45,2.2471910112359383
12/29/45,2.2471910112359383
12/30/45,2.2471910112359383
12/31/45,2.2471910112359383
1/1/46,2.2471910112359383
1/2/46,2.229068503080822
1/3/46,2.2109459949256838
1/4/46,2.1928234867705676
1/5/46,2.174700978615429
1/6/46,2.156578470460313
1/7/46,2.1384559623051747
1/8/46,2.1203334541500363
1/9/46,2.102210946
1/10/46,2.084088437839804
1/11/46,2.0659659296846655
1/12/46,2.047843421529527
1/13/46,2.029720913374411
1/14/46,2.011598405219295
1/15/46,1.9934758970641564
1/16/46,1.975353388909018
1/17/46,1.9572308807539018
1/18/46,1.9391083725987635
1/19/46,1.920985864443625
1/20/46,1.902863356288509
1/21/46,1.8847408481333927
1/22/46,1.8666183399782543
1/23/46,1.848495831823116
1/24/46,1.8303733236679776
1/25/46,1.8122508155128836
1/26/46,1.7941283073577452
1/27/46,1.7760057992026068
1/28/46,1.7578832910474684
1/29/46,1.7397607828923523
1/30/46,1.721638274737236
1/31/46,1.7035157665820977
2/1/46,1.6853932584269593
2/2/46,1.7255216693419007
2/3/46,1.7656500802568198
2/4/46,1.8057784911717611
2/5/46,1.8459069020866803
2/6/46,1.8860353130015994
2/7/46,1.9261637239165408
2/8/46,1.966292135
2/9/46,2.0064205457464013
2/10/46,2.0465489566613204
2/11/46,2.0866773675762396
2/12/46,2.126805778491181
2/13/46,2.166934189
2/14/46,2.207062600321019
2/15/46,2.2471910112359605
2/16/46,2.2873194221508797
2/17/46,2.327447833065821
2/18/46,2.367576244
2/19/46,2.4077046548956593
2/20/46,2.4478330658106007
2/21/46,2.487961477
2/22/46,2.528089887640439
2/23/46,2.5682182985553803
2/24/46,2.6083467094703217
2/25/46,2.648475120385241
2/26/46,2.688603531
2/27/46,2.728731942215079
2/28/46,2.7688603531300204
3/1/46,2.8089887640449396
3/2/46,2.827111272200078
3/3/46,2.8452337803552163
3/4/46,2.8633562885103103
3/5/46,2.8814787966654487
3/6/46,2.899601304820587
3/7/46,2.9177238129757255
3/8/46,2.9358463211308417
3/9/46,2.953968829285958
3/10/46,2.972091337441096
3/11/46,2.9902138455962346
3/12/46,3.0083363537513508
3/13/46,3.026458861906489
3/14/46,3.0445813700616053
3/15/46,3.0627038782167437
3/16/46,3.080826386
3/17/46,3.0989488945269983
3/18/46,3.1170714026821367
3/19/46,3.135193910837253
3/20/46,3.153316418992369
3/21/46,3.1714389271475074
3/22/46,3.189561435302646
3/23/46,3.207683943457762
3/24/46,3.2258064516129004
3/25/46,3.2439289597680165
3/26/46,3.262051467923155
3/27/46,3.280173976078271
3/28/46,3.2982964842334095
3/29/46,3.316418992388548
3/30/46,3.334541500543664
3/31/46,3.3526640086987802
4/1/46,3.3707865168539186
4/2/46,3.3701554016101642
4/3/46,3.369524522650691
4/4/46,3.3688938798427825
4/5/46,3.3682634730538785
4/6/46,3.3676333021515292
4/7/46,3.3670033670033517
4/8/46,3.366373667477074
4/9/46,3.365744203440535
4/10/46,3.3651149747616405
4/11/46,3.3644859813084294
4/12/46,3.363857222948985
4/13/46,3.363228699551568
4/14/46,3.3626004109844843
4/15/46,3.361972357116172
4/16/46,3.361344537815114
4/17/46,3.3607169529499714
4/18/46,3.3600896023894045
4/19/46,3.3594624860022515
4/20/46,3.358835603657395
4/21/46,3.3582089552238736
4/22/46,3.3575825405707915
4/23/46,3.3569563595673424
4/24/46,3.3563304120828086
4/25/46,3.3557046979865834
4/26/46,3.3550792171481936
4/27/46,3.354453969
4/28/46,3.3538289547232925
4/29/46,3.353204172876323
4/30/46,3.352579623766072
5/1/46,3.3519553072625774
5/2/46,3.350747613042704
5/3/46,3.3495407887628392
5/4/46,3.3483348334833574
5/5/46,3.3471297462659866
5/6/46,3.3459255261737875
5/7/46,3.344722172271175
5/8/46,3.343519683623941
5/9/46,3.3423180592992097
5/10/46,3.3411172983653703
5/11/46,3.339917399892256
5/12/46,3.3387183629510098
5/13/46,3.3375201866140403
5/14/46,3.336322869955155
5/15/46,3.335126412049494
5/16/46,3.3339308119734845
5/17/46,3.3327360688048646
5/18/46,3.331542181622771
5/19/46,3.3303491495076276
5/20/46,3.3291569715410585
5/21/46,3.327965646806219
5/22/46,3.3267751743874197
5/23/46,3.3255855533702805
5/24/46,3.324396782841821
5/25/46,3.323208861890281
5/26/46,3.3220217896052784
5/27/46,3.320835565077651
5/28/46,3.319650187399592
5/29/46,3.318465655664582
5/30/46,3.317281968967345
5/31/46,3.316099126403982
6/1/46,3.3149171270718147
6/2/46,3.517495395948411
6/3/46,3.720073665
6/4/46,3.9226519337016486
6/5/46,4.125230202578267
6/6/46,4.327808471454864
6/7/46,4.530386740331482
6/8/46,4.732965009208101
6/9/46,4.9355432780846975
6/10/46,5.138121546961316
6/11/46,5.340699815837935
6/12/46,5.543278084714531
6/13/46,5.745856354
6/14/46,5.948434622467769
6/15/46,6.151012891344387
6/16/46,6.353591160220984
6/17/46,6.556169429
6/18/46,6.758747697974221
6/19/46,6.961325966850818
6/20/46,7.163904235727436
6/21/46,7.366482504604055
6/22/46,7.569060773480651
6/23/46,7.771639042
6/24/46,7.974217311233867
6/25/46,8.176795580110507
6/26/46,8.379373848987104
6/27/46,8.581952118
6/28/46,8.784530386740318
6/29/46,8.987108655616938
6/30/46,9.189686924493557
7/1/46,9.392265193370154
7/2/46,9.463553733737285
7/3/46,9.534842274104438
7/4/46,9.606130814
7/5/46,9.677419354838701
7/6/46,9.748707895205833
7/7/46,9.819996435572985
7/8/46,9.891284975940117
7/9/46,9.962573516307248
7/10/46,10.03386205667438
7/11/46,10.105150597041511
7/12/46,10.176439137408643
7/13/46,10.247727677775774
7/14/46,10.319016218142929
7/15/46,10.39030475851006
7/16/46,10.461593298877192
7/17/46,10.532881839244347
7/18/46,10.604170379611478
7/19/46,10.67545891997861
7/20/46,10.746747460345741
7/21/46,10.818036000712873
7/22/46,10.889324541080004
7/23/46,10.960613081447136
7/24/46,11.031901621814288
7/25/46,11.10319016218142
7/26/46,11.174478702548551
7/27/46,11.245767242915704
7/28/46,11.317055783282836
7/29/46,11.388344323649967
7/30/46,11.459632864017099
7/31/46,11.53092140438423
8/1/46,11.602209944751362
8/2/46,11.63785421493495
8/3/46,11.673498485118493
8/4/46,11.709142755302082
8/5/46,11.744787025485648
8/6/46,11.780431295669214
8/7/46,11.81607556585278
8/8/46,11.851719836036345
8/9/46,11.887364106219911
8/10/46,11.923008376403477
8/11/46,11.958652646587042
8/12/46,11.994296916770608
8/13/46,12.029941186954197
8/14/46,12.06558545713774
8/15/46,12.101229727321329
8/16/46,12.136873997504892
8/17/46,12.172518267688437
8/18/46,12.208162537872024
8/19/46,12.243806808055592
8/20/46,12.279451078239155
8/21/46,12.315095348422723
8/22/46,12.35073961860631
8/23/46,12.386383888789855
8/24/46,12.422028158973442
8/25/46,12.457672429156986
8/26/46,12.493316699340573
8/27/46,12.528960969524139
8/28/46,12.564605239707682
8/29/46,12.60024950989127
8/30/46,12.635893780074836
8/31/46,12.671538050258402
9/1/46,12.707182320441968
9/2/46,12.780847145487995
9/3/46,12.854511970534066
9/4/46,12.928176795580093
9/5/46,13.001841620626141
9/6/46,13.075506445672168
9/7/46,13.149171270718218
9/8/46,13.222836095764269
9/9/46,13.296500920810296
9/10/46,13.370165745856344
9/11/46,13.44383057090237
9/12/46,13.51749539594842
9/13/46,13.59116022099447
9/14/46,13.66482504604052
9/15/46,13.738489871086546
9/16/46,13.812154696132595
9/17/46,13.885819521178622
9/18/46,13.95948434622467
9/19/46,14.03314917127072
9/20/46,14.106813996316747
9/21/46,14.180478821362797
9/22/46,14.254143646408824
9/23/46,14.327808471454873
9/24/46,14.401473296500921
9/25/46,14.475138121546948
9/26/46,14.548802946592998
9/27/46,14.622467771639025
9/28/46,14.696132596685075
9/29/46,14.769797421731123
9/30/46,14.843462246777172
10/1/46,14.917127071823199
10/2/46,15.006237747282114
10/3/46,15.09534842274103
10/4/46,15.184459098199943
10/5/46,15.27356977365888
10/6/46,15.362680449117816
10/7/46,15.45179112457673
10/8/46,15.540901800035645
10/9/46,15.63001247549456
10/10/46,15.719123150953473
10/11/46,15.808233826412387
10/12/46,15.897344501871302
10/13/46,15.986455177330239
10/14/46,16.075565852789175
10/15/46,16.16467652824809
10/16/46,16.253787203707006
10/17/46,16.342897879165918
10/18/46,16.432008554624833
10/19/46,16.521119230083748
10/20/46,16.61022990554266
10/21/46,16.69934058
10/22/46,16.788451256460533
10/23/46,16.87756193191945
10/24/46,16.966672607378364
10/25/46,17.05578328283728
10/26/46,17.144893958296194
10/27/46,17.234004633755106
10/28/46,17.32311530921402
10/29/46,17.412225984672958
10/30/46,17.501336660131894
10/31/46,17.59044733559081
11/1/46,17.67955801104972
11/2/46,17.69471552
11/3/46,17.709867452135477
11/4/46,17.72501380452789
11/5/46,17.74015458225986
11/6/46,17.75528978840848
11/7/46,17.770419426048555
11/8/46,17.7855435
11/9/46,17.800662008091205
11/10/46,17.81577495863209
11/11/46,17.83088235294119
11/12/46,17.845984194081986
11/13/46,17.861080485115764
11/14/46,17.87617122910159
11/15/46,17.89125642909626
11/16/46,17.906336088154262
11/17/46,17.92141020932796
11/18/46,17.936478795667355
11/19/46,17.951541850220277
11/20/46,17.96659937603229
11/21/46,17.98165137614678
11/22/46,17.99669785360485
11/23/46,18.011738811445333
11/24/46,18.026774252704936
11/25/46,18.041804180418055
11/26/46,18.05682859761688
11/27/46,18.071847507331373
11/28/46,18.08686091258935
11/29/46,18.10186881641629
11/30/46,18.116871221835495
12/1/46,18.131868131868135
12/2/46,18.131868131868135
12/3/46,18.131868131868135
12/4/46,18.131868131868135
12/5/46,18.131868131868135
12/6/46,18.131868131868135
12/7/46,18.131868131868135
12/8/46,18.131868131868135
12/9/46,18.131868131868135
12/10/46,18.131868131868135
12/11/46,18.131868131868135
12/12/46,18.131868131868135
12/13/46,18.131868131868135
12/14/46,18.131868131868135
12/15/46,18.131868131868135
12/16/46,18.131868131868135
12/17/46,18.131868131868135
12/18/46,18.131868131868135
12/19/46,18.131868131868135
12/20/46,18.131868131868135
12/21/46,18.131868131868135
12/22/46,18.131868131868135
12/23/46,18.131868131868135
12/24/46,18.131868131868135
12/25/46,18.131868131868135
12/26/46,18.131868131868135
12/27/46,18.131868131868135
12/28/46,18.131868131868135
12/29/46,18.131868131868135
12/30/46,18.131868131868135
12/31/46,18.131868131868135
1/1/47,18.131868131868135
1/2/47,18.152809785499024
1/3/47,18.173758865248235
1/4/47,18.194715375066494
1/5/47,18.21567931890742
1/6/47,18.23665070072733
1/7/47,18.257629524485463
1/8/47,18.27861579414376
1/9/47,18.299609513667004
1/10/47,18.320610687022885
1/11/47,18.341619318181813
1/12/47,18.362635411117022
1/13/47,18.383658969804628
1/14/47,18.404689998223468
1/15/47,18.425728500355355
1/16/47,18.446774480184814
1/17/47,18.467827941699255
1/18/47,18.488888888888887
1/19/47,18.509957325746807
1/20/47,18.53103325626888
1/21/47,18.552116684453935
1/22/47,18.57320761
1/23/47,18.594306049822062
1/24/47,18.615411995016906
1/25/47,18.63652545389818
1/26/47,18.65764643047889
1/27/47,18.67877492877492
1/28/47,18.699910952804988
1/29/47,18.721054506590672
1/30/47,18.742205594156403
1/31/47,18.763364219529578
2/1/47,18.78453038674033
2/2/47,18.816568047337267
2/3/47,18.848580441640372
2/4/47,18.880567599526987
2/5/47,18.912529550827408
2/6/47,18.944466325324917
2/7/47,18.976377952755886
2/8/47,19.00826446280992
2/9/47,19.04012589
2/10/47,19.071962249311824
2/11/47,19.10377358490567
2/12/47,19.135559921414536
2/13/47,19.167321288295348
2/14/47,19.199057714958755
2/15/47,19.230769230769205
2/16/47,19.262455865045112
2/17/47,19.29411764705882
2/18/47,19.325754606036828
2/19/47,19.357366771159867
2/20/47,19.388954171562855
2/21/47,19.420516836335146
2/22/47,19.452054794520524
2/23/47,19.483568075117354
2/24/47,19.515056707078603
2/25/47,19.546520719311957
2/26/47,19.57796014067994
2/27/47,19.609374999999996
2/28/47,19.64076532604451
3/1/47,19.67213114754096
3/2/47,19.651039830807182
3/3/47,19.629955947136544
3/4/47,19.608879492600416
3/5/47,19.58781046327285
3/6/47,19.56674885523071
3/7/47,19.545694664553604
3/8/47,19.52464788732393
3/9/47,19.503608519626823
3/10/47,19.482576557550146
3/11/47,19.46155199718458
3/12/47,19.44053483462349
3/13/47,19.41952506596305
3/14/47,19.398522687302155
3/15/47,19.37752769474239
3/16/47,19.356540084388186
3/17/47,19.335559852346627
3/18/47,19.31458699472759
3/19/47,19.293621507643643
3/20/47,19.27266338721012
3/21/47,19.25171262954506
3/22/47,19.23076923076923
3/23/47,19.209833187006133
3/24/47,19.18890449438202
3/25/47,19.167983149025815
3/26/47,19.14706914706914
3/27/47,19.126162484646425
3/28/47,19.105263157894736
3/29/47,19.08437116295385
3/30/47,19.06348649596634
3/31/47,19.04260915307734
4/1/47,19.02173913043479
4/2/47,19.000181126607508
4/3/47,18.97863093082217
4/4/47,18.957088538837574
4/5/47,18.935553946415663
4/6/47,18.914027149321267
4/7/47,18.892508143322484
4/8/47,18.870996924190344
4/9/47,18.849493487698975
4/10/47,18.82799782962561
4/11/47,18.806509945750438
4/12/47,18.785029831856793
4/13/47,18.76355748373102
4/14/47,18.742092897162486
4/15/47,18.72063606794363
4/16/47,18.699186991869922
4/17/47,18.677745664739874
4/18/47,18.656312082355054
4/19/47,18.634886240520032
4/20/47,18.61346813504243
4/21/47,18.59205776173285
4/22/47,18.57065511640499
4/23/47,18.549260194875483
4/24/47,18.52787299
4/25/47,18.50649350649349
4/26/47,18.485121731289446
4/27/47,18.463757663180647
4/28/47,18.442401297998924
4/29/47,18.421052631578938
4/30/47,18.39971165975851
5/1/47,18.37837837837837
5/2/47,18.35454070071465
5/3/47,18.330719637567515
5/4/47,18.306915171572903
5/5/47,18.283127285390897
5/6/47,18.259355961705825
5/7/47,18.235601183226024
5/8/47,18.211862932683932
5/9/47,18.188141192836028
5/10/47,18.16443594646271
5/11/47,18.14074717636838
5/12/47,18.117074865381277
5/13/47,18.093418996353527
5/14/47,18.06977955216109
5/15/47,18.046156515703625
5/16/47,18.02254986990459
5/17/47,17.998959597711117
5/18/47,17.975385682093936
5/19/47,17.951828106047472
5/20/47,17.928286852589647
5/21/47,17.904761904761912
5/22/47,17.881253245629214
5/23/47,17.85776085827997
5/24/47,17.834284725825977
5/25/47,17.810824831402392
5/26/47,17.78738115816767
5/27/47,17.763953689303612
5/28/47,17.740542408015216
5/29/47,17.717147297530644
5/30/47,17.693768341101325
5/31/47,17.670405522001744
6/1/47,17.647058823529417
6/2/47,17.452410603095547
6/3/47,17.25852272727273
6/4/47,17.06539074960127
6/5/47,16.873010258224276
6/6/47,16.681376875551624
6/7/47,16.490486257928126
6/8/47,16.30033409530509
6/9/47,16.11091611091613
6/10/47,15.922228060956378
6/11/47,15.73426573426573
6/12/47,15.547024952015365
6/13/47,15.36050157
6/14/47,15.174691465322443
6/15/47,14.989590562109644
6/16/47,14.805194805194821
6/17/47,14.62150017283097
6/18/47,14.438502673796783
6/19/47,14.256198347107452
6/20/47,14.074583261728812
6/21/47,13.893653516295013
6/22/47,13.71340523882898
6/23/47,13.533834586466153
6/24/47,13.354937745181639
6/25/47,13.176710929519908
6/26/47,12.99915038232793
6/27/47,12.822252374491171
6/28/47,12.646013204672425
6/29/47,12.470429199053745
6/30/47,12.29549671
7/1/47,12.12121212121211
7/2/47,12.097036795831961
7/3/47,12.07289293849656
7/4/47,12.048780487804866
7/5/47,12.024699382515426
7/6/47,12.000649561545963
7/7/47,11.976630963972724
7/8/47,11.95264352903016
7/9/47,11.928687196110221
7/10/47,11.904761904761884
7/11/47,11.880867594690825
7/12/47,11.85700420575866
7/13/47,11.833171677982545
7/14/47,11.80936995153472
7/15/47,11.785598966742006
7/16/47,11.761858664085189
7/17/47,11.738148984198649
7/18/47,11.714469867869791
7/19/47,11.690821256038664
7/20/47,11.66720308979723
7/21/47,11.64361531
7/22/47,11.620057859209254
7/23/47,11.596530677802775
7/24/47,11.573033707865154
7/25/47,11.54956689124158
7/26/47,11.526130169926274
7/27/47,11.50272348606216
7/28/47,11.479346781940446
7/29/47,11.45600000000002
7/30/47,11.432683082827012
7/31/47,11.409395973154378
8/1/47,11.386138613861396
8/2/47,11.430395913154534
8/3/47,11.474624960102142
8/4/47,11.518825781748564
8/5/47,11.562998405103663
8/6/47,11.607142857142883
8/7/47,11.651259164807136
8/8/47,11.695347355003193
8/9/47,11.739407454603379
8/10/47,11.783439490445868
8/11/47,11.827443489334621
8/12/47,11.871419478039469
8/13/47,11.915367483296224
8/14/47,11.95928753180664
8/15/47,12.003179650238494
8/16/47,12.047043865225682
8/17/47,12.090880203368304
8/18/47,12.134688691232531
8/19/47,12.178469355350895
8/20/47,12.222222222222223
8/21/47,12.265947318311653
8/22/47,12.309644670050757
8/23/47,12.353314303837637
8/24/47,12.396956246036783
8/25/47,12.44057052297942
8/26/47,12.48415716096325
8/27/47,12.527716186252768
8/28/47,12.571247625079174
8/29/47,12.614751503640399
8/30/47,12.658227848101266
8/31/47,12.70167668
9/1/47,12.745098039215685
9/2/47,12.671456564337058
9/3/47,12.597911227154057
9/4/47,12.524461839530353
9/5/47,12.451108213820072
9/6/47,12.377850162866455
9/7/47,12.3046875
9/8/47,12.231620039037082
9/9/47,12.158647594278293
9/10/47,12.085769980506832
9/11/47,12.01298701298703
9/12/47,11.940298507462677
9/13/47,11.867704280155644
9/14/47,11.795204147764093
9/15/47,11.722797927461137
9/16/47,11.650485436893199
9/17/47,11.578266494178525
9/18/47,11.506140917905627
9/19/47,11.43410852713178
9/20/47,11.36216914138155
9/21/47,11.290322580645151
9/22/47,11.218568665377182
9/23/47,11.146907216494828
9/24/47,11.075338055376683
9/25/47,11.003861003861015
9/26/47,10.932475884244376
9/27/47,10.86118251928021
9/28/47,10.789980732177252
9/29/47,10.718870346598198
9/30/47,10.647851186658098
10/1/47,10.576923076923084
10/2/47,10.506741050674107
10/3/47,10.43666769897802
10/4/47,10.366702769611646
10/5/47,10.296846011131699
10/6/47,10.227097172871913
10/7/47,10.15745600493978
10/8/47,10.087922258213776
10/9/47,10.018495684340323
10/10/47,9.949176035730801
10/11/47,9.879963065558627
10/12/47,9.810856527756417
10/13/47,9.741856177012886
10/14/47,9.672961769
10/15/47,9.604173059
10/16/47,9.535489805
10/17/47,9.466911764705866
10/18/47,9.398438696
10/19/47,9.330070357907626
10/20/47,9.261806510774884
10/21/47,9.193646915088571
10/22/47,9.125591332214245
10/23/47,9.057639524245186
10/24/47,8.989791253999702
10/25/47,8.922046285
10/26/47,8.854404381560933
10/27/47,8.786865309
10/28/47,8.719428831839604
10/29/47,8.652094718
10/30/47,8.584862733
10/31/47,8.517732646256437
11/1/47,8.450704225352123
11/2/47,8.463704630788493
11/3/47,8.476696903346891
11/4/47,8.489681051
11/5/47,8.502657080337595
11/6/47,8.515625000000004
11/7/47,8.528584817
11/8/47,8.541536539662719
11/9/47,8.554480174836087
11/10/47,8.56741573
11/11/47,8.580343213728536
11/12/47,8.593262632563947
11/13/47,8.606173994387278
11/14/47,8.619077307
11/15/47,8.631972577126824
11/16/47,8.644859813084116
11/17/47,8.657739022
11/18/47,8.670610211706098
11/19/47,8.683473389355733
11/20/47,8.696328562538902
11/21/47,8.709175738724738
11/22/47,8.722014925373124
11/23/47,8.734846129934738
11/24/47,8.747669359850828
11/25/47,8.760484622553587
11/26/47,8.773291925
11/27/47,8.786091276001251
11/28/47,8.798882681564235
11/29/47,8.81166615
11/30/47,8.824441687344908
12/1/47,8.837209302325565
12/2/47,8.882220555138765
12/3/47,8.927231807951985
12/4/47,8.972243060765184
12/5/47,9.017254313578382
12/6/47,9.062265566
12/7/47,9.107276819204802
12/8/47,9.152288072017999
12/9/47,9.197299325
12/10/47,9.242310577644396
12/11/47,9.287321830457618
12/12/47,9.332333083270816
12/13/47,9.377344336084015
12/14/47,9.422355588897213
12/15/47,9.467366841710433
12/16/47,9.512378094523633
12/17/47,9.557389347
12/18/47,9.6024006
12/19/47,9.647411853
12/20/47,9.692423105776427
12/21/47,9.737434358589647
12/22/47,9.782445611402846
12/23/47,9.827456864216067
12/24/47,9.872468117029243
12/25/47,9.917479369842464
12/26/47,9.962490622655661
12/27/47,10.007501875468861
12/28/47,10.052513128282058
12/29/47,10.09752438109528
12/30/47,10.142535633908478
12/31/47,10.187546886721677
1/1/48,10.232558139534875
1/2/48,10.202550637659403
1/3/48,10.17254313578395
1/4/48,10.142535633908478
1/5/48,10.112528132033006
1/6/48,10.082520630157532
1/7/48,10.052513128282058
1/8/48,10.022505626406586
1/9/48,9.992498124531135
1/10/48,9.962490622655661
1/11/48,9.932483120780212
1/12/48,9.902475618904717
1/13/48,9.872468117029243
1/14/48,9.842460615153792
1/15/48,9.812453113
1/16/48,9.782445611402846
1/17/48,9.752438109527395
1/18/48,9.722430607651923
1/19/48,9.692423105776427
1/20/48,9.662415603900975
1/21/48,9.632408102025503
1/22/48,9.6024006
1/23/48,9.572393098274578
1/24/48,9.542385596399106
1/25/48,9.512378094523633
1/26/48,9.482370593
1/27/48,9.452363090772685
1/28/48,9.422355588897236
1/29/48,9.392348087021762
1/30/48,9.362340585146288
1/31/48,9.332333083270816
2/1/48,9.302325581395344
2/2/48,9.213719833310453
2/3/48,9.125231677459201
2/4/48,9.036860879904873
2/5/48,8.948607207330728
2/6/48,8.860470427038148
2/7/48,8.772450306944467
2/8/48,8.684546615581091
2/9/48,8.596759122091303
2/10/48,8.509087596228326
2/11/48,8.421531808353254
2/12/48,8.334091529433163
2/13/48,8.246766531039018
2/14/48,8.159556585343708
2/15/48,8.072461465119973
2/16/48,7.985480943738654
2/17/48,7.898614795166514
2/18/48,7.811862793964397
2/19/48,7.725224715285162
2/20/48,7.6387003348719285
2/21/48,7.5522894290559694
2/22/48,7.465991774754821
2/23/48,7.379807149470463
2/24/48,7.293735331287232
2/25/48,7.207776098870111
2/26/48,7.121929231462709
2/27/48,7.0361945088853295
2/28/48,6.950571712
2/29/48,6.865060620374752
3/1/48,6.849315068493156
3/2/48,6.908233907792005
3/3/48,6.967152747090899
3/4/48,7.026071586389748
3/5/48,7.084990426
3/6/48,7.143909264987491
3/7/48,7.202828104286341
3/8/48,7.261746943585212
3/9/48,7.320665782884084
3/10/48,7.379584622182955
3/11/48,7.438503461481805
3/12/48,7.497422300780676
3/13/48,7.556341140079548
3/14/48,7.615259979378397
3/15/48,7.674178818677291
3/16/48,7.733097658
3/17/48,7.792016497275012
3/18/48,7.850935336573861
3/19/48,7.909854175872755
3/20/48,7.968773015171604
3/21/48,8.027691854470476
3/22/48,8.086610693769348
3/23/48,8.145529533068196
3/24/48,8.204448372367068
3/25/48,8.263367212
3/26/48,8.322286050964811
3/27/48,8.38120489
3/28/48,8.440123729562533
3/29/48,8.499042568861404
3/30/48,8.557961408160253
3/31/48,8.616880247459147
4/1/48,8.675799086757996
4/2/48,8.691019786910203
4/3/48,8.706240487062411
4/4/48,8.721461187214619
4/5/48,8.736681887366826
4/6/48,8.751902587519034
4/7/48,8.767123287671241
4/8/48,8.782343987823449
4/9/48,8.797564687975656
4/10/48,8.812785388127864
4/11/48,8.828006088280071
4/12/48,8.843226788432279
4/13/48,8.858447488584487
4/14/48,8.873668188736694
4/15/48,8.888888888888902
4/16/48,8.904109589
4/17/48,8.919330289193294
4/18/48,8.934550989345503
4/19/48,8.949771689497732
4/20/48,8.96499239
4/21/48,8.980213089802147
4/22/48,8.995433789954333
4/23/48,9.010654490106539
4/24/48,9.025875190258748
4/25/48,9.041095890410954
4/26/48,9.056316590563164
4/27/48,9.071537291
4/28/48,9.086757991
4/29/48,9.101978691019784
4/30/48,9.117199391171994
5/1/48,9.116347569955806
5/2/48,9.129730525695766
5/3/48,9.143109540636019
5/4/48,9.156484616517012
5/5/48,9.169855755078027
5/6/48,9.183222958
5/7/48,9.196586227
5/8/48,9.209945564219503
5/9/48,9.223300970873783
5/10/48,9.236652449
5/11/48,9.250000000000004
5/12/48,9.263343625937349
5/13/48,9.276683328
5/14/48,9.290019109
5/15/48,9.303350970017622
5/16/48,9.316678912564292
5/17/48,9.330002938583615
5/18/48,9.343323049801677
5/19/48,9.356639247943587
5/20/48,9.369951534733435
5/21/48,9.383259911894282
5/22/48,9.396564381148153
5/23/48,9.409864944216096
5/24/48,9.423161602818153
5/25/48,9.436454359
5/26/48,9.449743213499628
5/27/48,9.463028169014098
5/28/48,9.476309226932678
5/29/48,9.489586388970395
5/30/48,9.502859656841188
5/31/48,9.516129032
6/1/48,9.512269009391105
6/2/48,9.524530588
6/3/48,9.536784741
6/4/48,9.549031476997595
6/5/48,9.561270801815436
6/6/48,9.573502722323068
6/7/48,9.585727245237386
6/8/48,9.597944377267243
6/9/48,9.610154125113324
6/10/48,9.622356495468276
6/11/48,9.634551495016597
6/12/48,9.646739130434788
6/13/48,9.658919408391187
6/14/48,9.671092335546172
6/15/48,9.683257918552023
6/16/48,9.695416164053071
6/17/48,9.707567078685564
6/18/48,9.719710669077752
6/19/48,9.731846941849964
6/20/48,9.743975903614466
6/21/48,9.756097560975618
6/22/48,9.768211920529811
6/23/48,9.780318988865488
6/24/48,9.792418773
6/25/48,9.804511278195505
6/26/48,9.816596512327113
6/27/48,9.828674481514877
6/28/48,9.840745192307686
6/29/48,9.852808651246626
6/30/48,9.864864864864863
7/1/48,9.862018881626721
7/2/48,9.828687572590011
7/3/48,9.795385285154556
7/4/48,9.762111981
7/5/48,9.728867623604476
7/6/48,9.695652174
7/7/48,9.662465595
7/8/48,9.629307848247892
7/9/48,9.596178897090768
7/10/48,9.563078703703699
7/11/48,9.530007230657978
7/12/48,9.496964441
7/13/48,9.463950296199975
7/14/48,9.430964760254179
7/15/48,9.398007795582508
7/16/48,9.365079365079376
7/17/48,9.332179431703436
7/18/48,9.299307958477488
7/19/48,9.266464908
7/20/48,9.233650244886205
7/21/48,9.200863930885529
7/22/48,9.168105929763959
7/23/48,9.135376204862599
7/24/48,9.102674719585835
7/25/48,9.070001437401176
7/26/48,9.037356321839063
7/27/48,9.004739336492884
7/28/48,8.972150445018666
7/29/48,8.939589611135013
7/30/48,8.907056798623048
7/31/48,8.874551971326161
8/1/48,8.810888252148995
8/2/48,8.732999284180387
8/3/48,8.655221745350516
8/4/48,8.577555396711922
8/5/48,8.499999999999996
8/6/48,8.422555317630254
8/7/48,8.345221112696155
8/8/48,8.267997148966511
8/9/48,8.190883190883191
8/10/48,8.113879003558733
8/11/48,8.036984352773825
8/12/48,7.960199005
8/13/48,7.883522727272729
8/14/48,7.806955287437889
8/15/48,7.730496453900715
8/16/48,7.6541459957476965
8/17/48,7.577903682719556
8/18/48,7.501769285208781
8/19/48,7.425742574257432
8/20/48,7.349823322
8/21/48,7.274011299435013
8/22/48,7.1983062808750775
8/23/48,7.122708039492243
8/24/48,7.047216349541929
8/25/48,6.971830985915495
8/26/48,6.896551724137945
8/27/48,6.821378340365691
8/28/48,6.7463106113843985
8/29/48,6.671348315
8/30/48,6.596491228070178
8/31/48,6.521739130434789
9/1/48,6.521739130434789
9/2/48,6.507246376811593
9/3/48,6.492753623188396
9/4/48,6.47826087
9/5/48,6.463768115942026
9/6/48,6.4492753623188515
9/7/48,6.434782608695655
9/8/48,6.4202898550724585
9/9/48,6.405797101449262
9/10/48,6.391304347826088
9/11/48,6.376811594202891
9/12/48,6.362318840579695
9/13/48,6.347826086956521
9/14/48,6.333333333333324
9/15/48,6.31884058
9/16/48,6.304347826086953
9/17/48,6.289855072463757
9/18/48,6.275362318840583
9/19/48,6.260869565217386
9/20/48,6.246376811594212
9/21/48,6.2318840579710155
9/22/48,6.217391304347819
9/23/48,6.202898550724645
9/24/48,6.188405797101448
9/25/48,6.173913043478252
9/26/48,6.159420289855055
9/27/48,6.144927536231881
9/28/48,6.130434782608707
9/29/48,6.115942029
9/30/48,6.101449275362314
10/1/48,6.072079652222673
10/2/48,6.029164329781245
10/3/48,5.986261040235519
10/4/48,5.943369778525365
10/5/48,5.900490539593539
10/6/48,5.857623318385641
10/7/48,5.814768109850066
10/8/48,5.771924908938053
10/9/48,5.729093710603705
10/10/48,5.686274509803924
10/11/48,5.643467301498384
10/12/48,5.600672080649671
10/13/48,5.5578888422231465
10/14/48,5.515117581187012
10/15/48,5.472358292512225
10/16/48,5.429610971172671
10/17/48,5.386875612144948
10/18/48,5.344152210408493
10/19/48,5.301440760945564
10/20/48,5.258741259
10/21/48,5.216053698783374
10/22/48,5.173378076
10/23/48,5.130714385572488
10/24/48,5.088062622309186
10/25/48,5.045422781271847
10/26/48,5.002794857462267
10/27/48,4.960178845885133
10/28/48,4.917574741547925
10/29/48,4.874982539460815
10/30/48,4.832402234636857
10/31/48,4.789833822091882
11/1/48,4.7165729121592115
11/2/48,4.656862745098023
11/3/48,4.597204208099126
11/4/48,4.537597234226443
11/5/48,4.478041756659468
11/6/48,4.418537709
11/7/48,4.3590850237375856
11/8/48,4.299683635317808
11/9/48,4.2403334770734435
11/10/48,4.181034482758639
11/11/48,4.121786586
11/12/48,4.0625897215044615
11/13/48,4.003443822643127
11/14/48,3.9443488238668944
11/15/48,3.885304659498212
11/16/48,3.8263112639724817
11/17/48,3.767368571837859
11/18/48,3.7084765177548773
11/19/48,3.649635036496357
11/20/48,3.590844062947074
11/21/48,3.5321035321035366
11/22/48,3.4734133790737642
11/23/48,3.4147735390770206
11/24/48,3.3561839474435917
11/25/48,3.2976445396145637
11/26/48,3.2391552511415567
11/27/48,3.1807160176865024
11/28/48,3.122326775021378
11/29/48,3.0639874590280947
11/30/48,3.005698006
12/1/48,2.948876946396606
12/2/48,2.892561983471076
12/3/48,2.836293542613255
12/4/48,2.7800715661987274
12/5/48,2.7238959966983334
12/6/48,2.6677667766776825
12/7/48,2.611683848797264
12/8/48,2.5556471558120464
12/9/48,2.4996566405713683
12/10/48,2.443712246
12/11/48,2.387813915
12/12/48,2.3319615912208658
12/13/48,2.276155217
12/14/48,2.2203947368421018
12/15/48,2.1646800931634624
12/16/48,2.1090112298000507
12/17/48,2.0533880903490953
12/18/48,1.9978106185002842
12/19/48,1.9422787580358536
12/20/48,1.8867924528301883
12/21/48,1.8313516468497992
12/22/48,1.7759562841529908
12/23/48,1.720606308889816
12/24/48,1.6653016653016772
12/25/48,1.6100422977213924
12/26/48,1.554828151
12/27/48,1.499659168370826
12/28/48,1.4445352957209057
12/29/48,1.3894564773191842
12/30/48,1.3344226579520724
12/31/48,1.2794337824962643
1/1/49,1.293396868618113
1/2/49,1.2937491488492325
1/3/49,1.2941016210325618
1/4/49,1.2944542853249752
1/5/49,1.2948071418835916
1/6/49,1.2951601908657295
1/7/49,1.295513432428752
1/8/49,1.2958668667303108
1/9/49,1.2962204939282351
1/10/49,1.296574314180421
1/11/49,1.2969283276450527
1/12/49,1.297282534480404
1/13/49,1.2976369348449701
1/14/49,1.297991528897402
1/15/49,1.298346316796506
1/16/49,1.298701298701288
1/17/49,1.2990564747709543
1/18/49,1.2994118451648218
1/19/49,1.2997674100424073
1/20/49,1.3001231695634496
1/21/49,1.3004791238877544
1/22/49,1.3008352731753936
1/23/49,1.301191617586639
1/24/49,1.3015481572818066
1/25/49,1.301904892421546
1/26/49,1.3022618231665506
1/27/49,1.3026189496777585
1/28/49,1.3029762721163074
1/29/49,1.3033337906434461
1/30/49,1.303691505420601
1/31/49,1.3040494166094874
2/1/49,1.2914587613736428
2/2/49,1.3063261412006533
2/3/49,1.3211978860833806
2/4/49,1.336073997944509
2/5/49,1.3509544787077887
2/6/49,1.3658393302981464
2/7/49,1.3807285546416193
2/8/49,1.3956221536653546
2/9/49,1.4105201292976766
2/10/49,1.4254224834680418
2/11/49,1.4403292181069949
2/12/49,1.4552403351462795
2/13/49,1.4701558365186829
2/14/49,1.4850757241582135
2/15/49,1.5000000000000124
2/16/49,1.5149286659803085
2/17/49,1.5298617240364853
2/18/49,1.5447991761071034
2/19/49,1.5597410241318554
2/20/49,1.5746872700515224
2/21/49,1.5896379158080842
2/22/49,1.604592963344631
2/23/49,1.6195524146054296
2/24/49,1.6345162715358574
2/25/49,1.6494845360824906
2/26/49,1.664457210192971
2/27/49,1.6794342958161401
2/28/49,1.6944157949020155
3/1/49,1.7094017094017255
3/2/49,1.6671259300082841
3/3/49,1.6248967226659472
3/4/49,1.5827140104596849
3/5/49,1.540577716643754
3/6/49,1.4984877646411876
3/7/49,1.4564440780434174
3/8/49,1.4144465806097406
3/9/49,1.3724951962668097
3/10/49,1.3305898491083656
3/11/49,1.2887304633945718
3/12/49,1.2469169635516586
3/13/49,1.2051492741714576
3/14/49,1.1634273200109568
3/15/49,1.1217510259917907
3/16/49,1.080120317199884
3/17/49,1.0385351188849423
3/18/49,0.9969953564599843
3/19/49,0.9555009555009653
3/20/49,0.914051842
3/21/49,0.8726479410962718
3/22/49,0.8312891796129707
3/23/49,0.7899754835194894
3/24/49,0.7487067791995816
3/25/49,0.7074829931972726
3/26/49,0.666304052
3/27/49,0.6251698831204244
3/28/49,0.5840804129312538
3/29/49,0.5430355688297528
3/30/49,0.5020352781546666
3/31/49,0.46107946840248104
4/1/49,0.42016806722688926
4/2/49,0.3921019465060738
4/3/49,0.3640436852422102
4/4/49,0.33599328013438345
4/5/49,0.3079507278835436
4/6/49,0.2799160251924393
4/7/49,0.25188916876572875
4/8/49,0.22387015530991317
4/9/49,0.1958589815332923
4/10/49,0.16785564414603105
4/11/49,0.13986013986013734
4/12/49,0.11187246538946205
4/13/49,0.083892617
4/14/49,0.055920593
4/15/49,0.027956388
4/16/49,0
4/17/49,-0.027948575
4/18/49,-0.055889339
4/19/49,-0.083822297
4/20/49,-0.111747451
4/21/49,-0.139664804
4/22/49,-0.167574361
4/23/49,-0.195476124
4/24/49,-0.223370096
4/25/49,-0.251256281
4/26/49,-0.279134682
4/27/49,-0.307005303
4/28/49,-0.334868146
4/29/49,-0.362723214
4/30/49,-0.390570512
5/1/49,-0.418410042
5/2/49,-0.431790582
5/3/49,-0.445163901
5/4/49,-0.458530007
5/5/49,-0.471888904
5/6/49,-0.485240598
5/7/49,-0.498585096
5/8/49,-0.511922403
5/9/49,-0.525252525
5/10/49,-0.538575468
5/11/49,-0.551891237
5/12/49,-0.565199839
5/13/49,-0.578501278
5/14/49,-0.591795562
5/15/49,-0.605082695
5/16/49,-0.618362683
5/17/49,-0.631635533
5/18/49,-0.644901249
5/19/49,-0.658159839
5/20/49,-0.671411307
5/21/49,-0.684655658
5/22/49,-0.6978929
5/23/49,-0.711123038
5/24/49,-0.724346076
5/25/49,-0.737562022
5/26/49,-0.750770881
5/27/49,-0.763972658
5/28/49,-0.777167359
5/29/49,-0.79035499
5/30/49,-0.803535556
5/31/49,-0.816709064
6/1/49,-0.829875519
6/2/49,-0.898658924
6/3/49,-0.967385296
6/4/49,-1.036054704
6/5/49,-1.104667219
6/6/49,-1.173222912
6/7/49,-1.241721854
6/8/49,-1.310164115
6/9/49,-1.378549766
6/10/49,-1.446878876
6/11/49,-1.515151515
6/12/49,-1.583367754
6/13/49,-1.651527663
6/14/49,-1.719631311
6/15/49,-1.787678768
6/16/49,-1.855670103
6/17/49,-1.923605386
6/18/49,-1.991484686
6/19/49,-2.059308072
6/20/49,-2.127075614
6/21/49,-2.19478738
6/22/49,-2.262443439
6/23/49,-2.33004386
6/24/49,-2.397588711
6/25/49,-2.465078061
6/26/49,-2.532511978
6/27/49,-2.599890531
6/28/49,-2.667213787
6/29/49,-2.734481816
6/30/49,-2.801694684
7/1/49,-2.868852459
7/2/49,-2.868473232
7/3/49,-2.868094105
7/4/49,-2.867715079
7/5/49,-2.867336152
7/6/49,-2.866957326
7/7/49,-2.8665786
7/8/49,-2.866199974
7/9/49,-2.865821447
7/10/49,-2.865443021
7/11/49,-2.865064695
7/12/49,-2.864686469
7/13/49,-2.864308342
7/14/49,-2.863930315
7/15/49,-2.863552388
7/16/49,-2.863174561
7/17/49,-2.862796834
7/18/49,-2.862419206
7/19/49,-2.862041678
7/20/49,-2.861664249
7/21/49,-2.86128692
7/22/49,-2.86090969
7/23/49,-2.86053256
7/24/49,-2.860155529
7/25/49,-2.859778598
7/26/49,-2.859401766
7/27/49,-2.859025033
7/28/49,-2.858648399
7/29/49,-2.858271865
7/30/49,-2.85789543
7/31/49,-2.857519094
8/1/49,-2.857142857
8/2/49,-2.8439763
8/3/49,-2.830809743
8/4/49,-2.817643186
8/5/49,-2.804476629
8/6/49,-2.791310072
8/7/49,-2.778143515
8/8/49,-2.764976959
8/9/49,-2.751810402
8/10/49,-2.738643845
8/11/49,-2.725477288
8/12/49,-2.712310731
8/13/49,-2.699144174
8/14/49,-2.685977617
8/15/49,-2.67281106
8/16/49,-2.659644503
8/17/49,-2.646477946
8/18/49,-2.633311389
8/19/49,-2.620144832
8/20/49,-2.606978275
8/21/49,-2.593811718
8/22/49,-2.580645161
8/23/49,-2.567478604
8/24/49,-2.554312047
8/25/49,-2.54114549
8/26/49,-2.527978934
8/27/49,-2.514812377
8/28/49,-2.50164582
8/29/49,-2.488479263
8/30/49,-2.475312706
8/31/49,-2.462146149
9/1/49,-2.448979592
9/2/49,-2.462920125
9/3/49,-2.476864453
9/4/49,-2.490812577
9/5/49,-2.504764498
9/6/49,-2.518720218
9/7/49,-2.532679739
9/8/49,-2.546643061
9/9/49,-2.560610188
9/10/49,-2.57458112
9/11/49,-2.588555858
9/12/49,-2.602534405
9/13/49,-2.616516762
9/14/49,-2.63050293
9/15/49,-2.644492912
9/16/49,-2.658486708
9/17/49,-2.67248432
9/18/49,-2.686485749
9/19/49,-2.700490998
9/20/49,-2.714500068
9/21/49,-2.72851296
9/22/49,-2.742529677
9/23/49,-2.756550218
9/24/49,-2.770574587
9/25/49,-2.784602785
9/26/49,-2.798634812
9/27/49,-2.812670672
9/28/49,-2.826710365
9/29/49,-2.840753892
9/30/49,-2.854801257
10/1/49,-2.868852459
10/2/49,-2.82993917
10/3/49,-2.791005291
10/4/49,-2.752050807
10/5/49,-2.713075701
10/6/49,-2.674079958
10/7/49,-2.635063559
10/8/49,-2.59602649
10/9/49,-2.556968733
10/10/49,-2.517890273
10/11/49,-2.478791092
10/12/49,-2.439671175
10/13/49,-2.400530504
10/14/49,-2.361369063
10/15/49,-2.322186837
10/16/49,-2.282983807
10/17/49,-2.243759958
10/18/49,-2.204515272
10/19/49,-2.165249734
10/20/49,-2.125963327
10/21/49,-2.086656034
10/22/49,-2.047327838
10/23/49,-2.007978723
10/24/49,-1.968608673
10/25/49,-1.929217669
10/26/49,-1.889805696
10/27/49,-1.850372737
10/28/49,-1.810918775
10/29/49,-1.771443793
10/30/49,-1.731947775
10/31/49,-1.692430704
11/1/49,-1.652892562
11/2/49,-1.666896267
11/3/49,-1.68090383
11/4/49,-1.694915254
11/5/49,-1.70893054
11/6/49,-1.72294969
11/7/49,-1.736972705
11/8/49,-1.750999586
11/9/49,-1.765030336
11/10/49,-1.779064957
11/11/49,-1.793103448
11/12/49,-1.807145813
11/13/49,-1.821192053
11/14/49,-1.835242169
11/15/49,-1.849296163
11/16/49,-1.863354037
11/17/49,-1.877415792
11/18/49,-1.89148143
11/19/49,-1.905550953
11/20/49,-1.919624361
11/21/49,-1.933701657
11/22/49,-1.947782843
11/23/49,-1.961867919
11/24/49,-1.975956888
11/25/49,-1.990049751
11/26/49,-2.00414651
11/27/49,-2.018247166
11/28/49,-2.032351721
11/29/49,-2.046460177
11/30/49,-2.060572535
12/1/49,-2.074688797
12/2/49,-2.074966533
12/3/49,-2.075244343
12/4/49,-2.075522228
12/5/49,-2.075800187
12/6/49,-2.076078221
12/7/49,-2.07635633
12/8/49,-2.076634512
12/9/49,-2.07691277
12/10/49,-2.077191102
12/11/49,-2.077469508
12/12/49,-2.077747989
12/13/49,-2.078026545
12/14/49,-2.078305176
12/15/49,-2.078583881
12/16/49,-2.078862661
12/17/49,-2.079141516
12/18/49,-2.079420445
12/19/49,-2.07969945
12/20/49,-2.079978529
12/21/49,-2.080257684
12/22/49,-2.080536913
12/23/49,-2.080816217
12/24/49,-2.081095596
12/25/49,-2.08137505
12/26/49,-2.08165458
12/27/49,-2.081934184
12/28/49,-2.082213864
12/29/49,-2.082493618
12/30/49,-2.082773448
12/31/49,-2.083053353
1/1/50,-2.083333333
1/2/50,-2.057004571
1/3/50,-2.030661646
1/4/50,-2.004304547
1/5/50,-1.977933262
1/6/50,-1.951547779
1/7/50,-1.925148088
1/8/50,-1.898734177
1/9/50,-1.872306034
1/10/50,-1.845863649
1/11/50,-1.819407008
1/12/50,-1.792936101
1/13/50,-1.766450917
1/14/50,-1.739951443
1/15/50,-1.713437669
1/16/50,-1.686909582
1/17/50,-1.660367171
1/18/50,-1.633810424
1/19/50,-1.60723933
1/20/50,-1.580653877
1/21/50,-1.554054054
1/22/50,-1.527439849
1/23/50,-1.500811249
1/24/50,-1.474168245
1/25/50,-1.447510823
1/26/50,-1.420838972
1/27/50,-1.39415268
1/28/50,-1.367451936
1/29/50,-1.340736728
1/30/50,-1.314007044
1/31/50,-1.287262873
2/1/50,-1.260504202
2/2/50,-1.245498199
2/3/50,-1.230492197
2/4/50,-1.215486194
2/5/50,-1.200480192
2/6/50,-1.18547419
2/7/50,-1.170468187
2/8/50,-1.155462185
2/9/50,-1.140456182
2/10/50,-1.12545018
2/11/50,-1.110444178
2/12/50,-1.095438175
2/13/50,-1.080432173
2/14/50,-1.06542617
2/15/50,-1.050420168
2/16/50,-1.035414166
2/17/50,-1.020408163
2/18/50,-1.005402161
2/19/50,-0.990396158
2/20/50,-0.975390156
2/21/50,-0.960384154
2/22/50,-0.945378151
2/23/50,-0.930372149
2/24/50,-0.915366146
2/25/50,-0.900360144
2/26/50,-0.885354142
2/27/50,-0.870348139
2/28/50,-0.855342137
3/1/50,-0.840336134
3/2/50,-0.853774224
3/3/50,-0.867208672
3/4/50,-0.88063948
3/5/50,-0.894066649
3/6/50,-0.90749018
3/7/50,-0.920910076
3/8/50,-0.934326337
3/9/50,-0.947738966
3/10/50,-0.961147963
3/11/50,-0.97455333
3/12/50,-0.987955068
3/13/50,-1.00135318
3/14/50,-1.014747666
3/15/50,-1.028138528
3/16/50,-1.041525768
3/17/50,-1.054909386
3/18/50,-1.068289385
3/19/50,-1.081665765
3/20/50,-1.095038529
3/21/50,-1.108407678
3/22/50,-1.121773213
3/23/50,-1.135135135
3/24/50,-1.148493447
3/25/50,-1.161848149
3/26/50,-1.175199244
3/27/50,-1.188546731
3/28/50,-1.201890614
3/29/50,-1.215230894
3/30/50,-1.228567571
3/31/50,-1.241900648
4/1/50,-1.255230126
4/2/50,-1.227507323
4/3/50,-1.199776786
4/4/50,-1.17203851
4/5/50,-1.144292492
4/6/50,-1.11653873
4/7/50,-1.088777219
4/8/50,-1.061007958
4/9/50,-1.033230941
4/10/50,-1.005446167
4/11/50,-0.977653631
4/12/50,-0.949853331
4/13/50,-0.922045264
4/14/50,-0.894229426
4/15/50,-0.866405813
4/16/50,-0.838574423
4/17/50,-0.810735253
4/18/50,-0.782888299
4/19/50,-0.755033557
4/20/50,-0.727171025
4/21/50,-0.699300699
4/22/50,-0.671422577
4/23/50,-0.643536654
4/24/50,-0.615642927
4/25/50,-0.587741394
4/26/50,-0.55983205
4/27/50,-0.531914894
4/28/50,-0.50398992
4/29/50,-0.476057127
4/30/50,-0.44811651
5/1/50,-0.420168067
5/2/50,-0.420111126
5/3/50,-0.420054201
5/4/50,-0.41999729
5/5/50,-0.419940396
5/6/50,-0.419883516
5/7/50,-0.419826652
5/8/50,-0.419769804
5/9/50,-0.41971297
5/10/50,-0.419656153
5/11/50,-0.41959935
5/12/50,-0.419542563
5/13/50,-0.419485792
5/14/50,-0.419429035
5/15/50,-0.419372294
5/16/50,-0.419315569
5/17/50,-0.419258859
5/18/50,-0.419202164
5/19/50,-0.419145484
5/20/50,-0.41908882
5/21/50,-0.419032171
5/22/50,-0.418975537
5/23/50,-0.418918919
5/24/50,-0.418862316
5/25/50,-0.418805728
5/26/50,-0.418749156
5/27/50,-0.418692599
5/28/50,-0.418636057
5/29/50,-0.41857953
5/30/50,-0.418523019
5/31/50,-0.418466523
6/1/50,-0.418410042
6/2/50,-0.348772321
6/3/50,-0.27909573
6/4/50,-0.209380235
6/5/50,-0.139625803
6/6/50,-0.069832402
6/7/50,0
6/8/50,0.069871437
6/9/50,0.13978194017334467
6/10/50,0.2097315436241587
6/11/50,0.2797202797202969
6/12/50,0.3497481813094616
6/13/50,0.4198152812762368
6/14/50,0.4899216125419992
6/15/50,0.5600672080649849
6/16/50,0.6302521008403561
6/17/50,0.7004763239002676
6/18/50,0.7707399103139112
6/19/50,0.8410428931875602
6/20/50,0.9113853056646137
6/21/50,0.9817671809256634
6/22/50,1.052188552
6/23/50,1.1226494527083908
6/24/50,1.1931499157776582
6/25/50,1.263689974726212
6/26/50,1.334269662921339
6/27/50,1.4048890137679182
6/28/50,1.475548060708265
6/29/50,1.546246837222398
6/30/50,1.6169853768278841
7/1/50,1.6877637130801704
7/2/50,1.7011431682090405
7/3/50,1.714518982174451
7/4/50,1.727891156462591
7/5/50,1.7412596925588497
7/6/50,1.7546245919477732
7/7/50,1.7679858561131523
7/8/50,1.7813434865379563
7/9/50,1.7946974847042885
7/10/50,1.8080478520935417
7/11/50,1.8213945901862205
7/12/50,1.8347377004620968
7/13/50,1.8480771844000543
7/14/50,1.861413043478266
7/15/50,1.8747452791740171
7/16/50,1.8880738929638818
7/17/50,1.9013988863235243
7/18/50,1.9147202607278757
7/19/50,1.928038017651068
7/20/50,1.9413521585663895
7/21/50,1.9546626849463733
7/22/50,1.9679695982627532
7/23/50,1.9812728999864415
7/24/50,1.994572591587529
7/25/50,2.007868674535329
7/26/50,2.021161150298423
7/27/50,2.0344500203445026
7/28/50,2.047735286140484
7/29/50,2.061016949
7/30/50,2.0742950108459945
7/31/50,2.087569473
8/1/50,2.1008403361344463
8/2/50,2.1005556308442808
8/3/50,2.100271002710019
8/4/50,2.0999864517003086
8/5/50,2.0997019777837966
8/6/50,2.0994175809291526
8/7/50,2.0991332611050906
8/8/50,2.098849018280302
8/9/50,2.098564852423501
8/10/50,2.098280763503446
8/11/50,2.0979967514888953
8/12/50,2.097712816348629
8/13/50,2.0974289580514283
8/14/50,2.0971451765660953
8/15/50,2.0968614718614775
8/16/50,2.096577844
8/17/50,2.0962942926697314
8/18/50,2.096010818120342
8/19/50,2.0957274202271448
8/20/50,2.0954440989590317
8/21/50,2.0951608542849387
8/22/50,2.0948776861738017
8/23/50,2.094594594594601
8/24/50,2.0943115795162726
8/25/50,2.0940286409078634
8/26/50,2.093745778738354
8/27/50,2.093462992976769
8/28/50,2.0931802835921776
8/29/50,2.0928976505536045
8/30/50,2.0926150938301635
8/31/50,2.0923326133909237
9/1/50,2.092050209205021
9/2/50,2.1484375
9/3/50,2.204856265699129
9/4/50,2.261306532663321
9/5/50,2.317788327282888
9/6/50,2.3743016759776525
9/7/50,2.430846605196968
9/8/50,2.4874231414197867
9/9/50,2.5440313111546153
9/10/50,2.6006711409396033
9/11/50,2.657342657342654
9/12/50,2.7140458869614026
9/13/50,2.7707808564231717
9/14/50,2.827547592385238
9/15/50,2.8843461215345867
9/16/50,2.941176470588247
9/17/50,2.9980386662930902
9/18/50,3.054932735426008
9/19/50,3.111858704793957
9/20/50,3.1688166012338703
9/21/50,3.2258064516129226
9/22/50,3.2828282828282873
9/23/50,3.3398821218074692
9/24/50,3.396967995508149
9/25/50,3.4540859309182936
9/26/50,3.511235955
9/27/50,3.5684180949705047
9/28/50,3.6256323777403177
9/29/50,3.6828788304751336
9/30/50,3.740157480314954
10/1/50,3.797468354430378
10/2/50,3.7969515514425733
10/3/50,3.796434889100575
10/4/50,3.795918367
10/5/50,3.795401986124336
10/6/50,3.7948857453754092
10/7/50,3.794369645
10/8/50,3.7938536850693483
10/9/50,3.7933378653976835
10/10/50,3.7928221859706346
10/11/50,3.792306646731003
10/12/50,3.7917912476216564
10/13/50,3.7912759885854186
10/14/50,3.7907608695652018
10/15/50,3.790245890504007
10/16/50,3.789731051344747
10/17/50,3.7892163520304223
10/18/50,3.788701792504079
10/19/50,3.7881873727087623
10/20/50,3.7876730925875624
10/21/50,3.7871589520836135
10/22/50,3.786644951
10/23/50,3.7861310897000955
10/24/50,3.7856173677069282
10/25/50,3.7851037851037717
10/26/50,3.784590342
10/27/50,3.7840770378407607
10/28/50,3.7835638730675303
10/29/50,3.783050847457625
10/30/50,3.7825379609544463
10/31/50,3.7820252135014165
11/1/50,3.7815126050420034
11/2/50,3.852619781451394
11/3/50,3.9237668161434813
11/4/50,3.994953742640872
11/5/50,4.066180594503632
11/6/50,4.137447405329597
11/7/50,4.208754208754195
11/8/50,4.280101038450734
11/9/50,4.351487928130271
11/10/50,4.422914911541698
11/11/50,4.494382022471899
11/12/50,4.565889294745706
11/13/50,4.637436762225966
11/14/50,4.709024458813604
11/15/50,4.780652418447695
11/16/50,4.8523206751054815
11/17/50,4.924029262802465
11/18/50,4.995778216
11/19/50,5.067567567567566
11/20/50,5.1393973528583325
11/21/50,5.211267605633796
11/22/50,5.283178360101437
11/23/50,5.3551296505073065
11/24/50,5.427121511136157
11/25/50,5.499153976311333
11/26/50,5.571227080394925
11/27/50,5.643340857787815
11/28/50,5.715495342929722
11/29/50,5.787690570299264
11/30/50,5.859926574413987
12/1/50,5.932203389830493
12/2/50,6.001367054
12/3/50,6.070549630844968
12/4/50,6.139751128
12/5/50,6.208971553610487
12/6/50,6.278210915
12/7/50,6.347469220246227
12/8/50,6.4167464769462335
12/9/50,6.486042692939242
12/10/50,6.555357876009316
12/11/50,6.624692034
12/12/50,6.694045174537977
12/13/50,6.763417305585961
12/14/50,6.832808434889781
12/15/50,6.902218570254726
12/16/50,6.971647719490481
12/17/50,7.041095890410953
12/18/50,7.110563090834354
12/19/50,7.180049329
12/20/50,7.249554611484177
12/21/50,7.319078947368429
12/22/50,7.388622344071272
12/23/50,7.458184809432389
12/24/50,7.5277663512957504
12/25/50,7.597366978
12/26/50,7.666986696
12/27/50,7.736625514403306
12/28/50,7.806283440801209
12/29/50,7.875960482985711
12/30/50,7.945656648826649
12/31/50,8.015371946
1/1/51,8.085106382978724
1/2/51,8.126286890871647
1/3/51,8.167467398764572
1/4/51,8.208647906657497
1/5/51,8.249828414550443
1/6/51,8.291008922443366
1/7/51,8.332189430336312
1/8/51,8.373369938229235
1/9/51,8.414550446
1/10/51,8.455730954015085
1/11/51,8.496911462
1/12/51,8.538091969800954
1/13/51,8.579272478
1/14/51,8.620452985586823
1/15/51,8.661633493479748
1/16/51,8.702814001372673
1/17/51,8.743994509265619
1/18/51,8.785175017158542
1/19/51,8.826355525051465
1/20/51,8.867536033
1/21/51,8.908716540837336
1/22/51,8.949897049
1/23/51,8.991077556623207
1/24/51,9.032258065
1/25/51,9.073438572409053
1/26/51,9.114619080301978
1/27/51,9.155799588194924
1/28/51,9.196980096087849
1/29/51,9.238160603980795
1/30/51,9.279341111873718
1/31/51,9.320521619766641
2/1/51,9.361702127659566
2/2/51,9.360279592767062
2/3/51,9.358857490124572
2/4/51,9.357435819535166
2/5/51,9.356014581
2/6/51,9.354593773728158
2/7/51,9.353173398
2/8/51,9.351753453772593
2/9/51,9.350333940497869
2/10/51,9.348914858096835
2/11/51,9.347496206373297
2/12/51,9.346077985
2/13/51,9.344660194174747
2/14/51,9.343242833308052
2/15/51,9.341825902335454
2/16/51,9.340409401
2/17/51,9.338993329290467
2/18/51,9.337577686827348
2/19/51,9.336162473476817
2/20/51,9.334747689043787
2/21/51,9.333333333333327
2/22/51,9.331919406150568
2/23/51,9.330505907300823
2/24/51,9.329092836589425
2/25/51,9.327680194
2/26/51,9.326267978803937
2/27/51,9.324856191341201
2/28/51,9.323444831239591
3/1/51,9.322033898305083
3/2/51,9.322033898305083
3/3/51,9.322033898305083
3/4/51,9.322033898305083
3/5/51,9.322033898305083
3/6/51,9.322033898305083
3/7/51,9.322033898305083
3/8/51,9.322033898305083
3/9/51,9.322033898305083
3/10/51,9.322033898305083
3/11/51,9.322033898305083
3/12/51,9.322033898305083
3/13/51,9.322033898305083
3/14/51,9.322033898305083
3/15/51,9.322033898305083
3/16/51,9.322033898305083
3/17/51,9.322033898305083
3/18/51,9.322033898305083
3/19/51,9.322033898305083
3/20/51,9.322033898305083
3/21/51,9.322033898305083
3/22/51,9.322033898305083
3/23/51,9.322033898305083
3/24/51,9.322033898305083
3/25/51,9.322033898305083
3/26/51,9.322033898305083
3/27/51,9.322033898305083
3/28/51,9.322033898305083
3/29/51,9.322033898305083
3/30/51,9.322033898305083
3/31/51,9.322033898305083
4/1/51,9.322033898305083
4/2/51,9.320717413
4/3/51,9.319401299068053
4/4/51,9.318085556967404
4/5/51,9.316770186335411
4/6/51,9.315455187
4/7/51,9.314140558848427
4/8/51,9.312826301679134
4/9/51,9.311512415349888
4/10/51,9.310198899703748
4/11/51,9.308885755
4/12/51,9.307572979833578
4/13/51,9.306260575296111
4/14/51,9.304948540814895
4/15/51,9.303636876233433
4/16/51,9.302325581395365
4/17/51,9.301014656144302
4/18/51,9.2997041
4/19/51,9.298393913778536
4/20/51,9.297084096351593
4/21/51,9.295774647887312
4/22/51,9.294465568229814
4/23/51,9.293156857223316
4/24/51,9.291848514712097
4/25/51,9.290540540540547
4/26/51,9.289232934553127
4/27/51,9.287925696594424
4/28/51,9.286618826509097
4/29/51,9.285312324141803
4/30/51,9.284006189337468
5/1/51,9.282700421940927
5/2/51,9.26782798
5/3/51,9.252959586338271
5/4/51,9.238095238095223
5/5/51,9.223234934022596
5/6/51,9.208378672470086
5/7/51,9.193526451788392
5/8/51,9.178678270329076
5/9/51,9.163834126444591
5/10/51,9.148994018488299
5/11/51,9.134157944814469
5/12/51,9.119325903778197
5/13/51,9.104497893735552
5/14/51,9.089673913043473
5/15/51,9.074853960059759
5/16/51,9.060038033143147
5/17/51,9.045226130653262
5/18/51,9.030418250950568
5/19/51,9.015614392396465
5/20/51,9.000814553353242
5/21/51,8.986018732184053
5/22/51,8.971226927252962
5/23/51,8.956439136924965
5/24/51,8.941655359565814
5/25/51,8.926875594
5/26/51,8.912099837
5/27/51,8.897328088973278
5/28/51,8.882560347165702
5/29/51,8.86779661
5/30/51,8.853036876355747
5/31/51,8.838281144096506
6/1/51,8.823529411764696
6/2/51,8.777824443511118
6/3/51,8.732157850545752
6/4/51,8.686529584557267
6/5/51,8.640939597315423
6/6/51,8.595387840670842
6/7/51,8.549874266554891
6/8/51,8.504398826979465
6/9/51,8.458961474
6/10/51,8.413562159899524
6/11/51,8.368200836820062
6/12/51,8.322877457130895
6/13/51,8.277591973244135
6/14/51,8.232344337651476
6/15/51,8.187134502923964
6/16/51,8.141962422
6/17/51,8.096828046744564
6/18/51,8.051731330830192
6/19/51,8.006672226855716
6/20/51,7.961650687786559
6/21/51,7.916666666666661
6/22/51,7.871720116618053
6/23/51,7.826810990840971
6/24/51,7.781939242613389
6/25/51,7.737104825291152
6/26/51,7.692307692307687
6/27/51,7.647547797173715
6/28/51,7.602825093477361
6/29/51,7.558139534883712
6/30/51,7.513491075134904
7/1/51,7.468879668049788
7/2/51,7.440117757259457
7/3/51,7.411371237458186
7/4/51,7.382640096295301
7/5/51,7.353924321433336
7/6/51,7.325223900548039
7/7/51,7.296538821328324
7/8/51,7.267869071476274
7/9/51,7.239214638707092
7/10/51,7.210575510749084
7/11/51,7.181951675343745
7/12/51,7.153343120245559
7/13/51,7.124749833222133
7/14/51,7.096171802054152
7/15/51,7.067609015
7/16/51,7.0390614584721956
7/17/51,7.010529122
7/18/51,6.982011992005321
7/19/51,6.953510057279866
7/20/51,6.925023305366884
7/21/51,6.896551724137923
7/22/51,6.868095301477428
7/23/51,6.839654025282771
7/24/51,6.811227883464133
7/25/51,6.782816863944663
7/26/51,6.7544209546602785
7/27/51,6.726040143559731
7/28/51,6.697674418604649
7/29/51,6.669323767769364
7/30/51,6.640988179041019
7/31/51,6.612667640419589
8/1/51,6.584362139917688
8/2/51,6.596761348553226
8/3/51,6.609157266091548
8/4/51,6.621549893842893
8/5/51,6.633939233116637
8/6/51,6.646325285221533
8/7/51,6.6587080514657115
8/8/51,6.671087533156483
8/9/51,6.683463731600581
8/10/51,6.695836648103959
8/11/51,6.708206283971907
8/12/51,6.720572640509004
8/13/51,6.732935719019206
8/14/51,6.745295520805739
8/15/51,6.757652047
8/16/51,6.770005299
8/17/51,6.782355278844876
8/18/51,6.794701986754981
8/19/51,6.807045424447078
8/20/51,6.819385593220351
8/21/51,6.831722494373116
8/22/51,6.844056129203069
8/23/51,6.856386499007283
8/24/51,6.868713605082055
8/25/51,6.8810374487230375
8/26/51,6.893358031225194
8/27/51,6.905675353882801
8/28/51,6.917989417989423
8/29/51,6.930300224837982
8/30/51,6.942607775720733
8/31/51,6.954912071929131
9/1/51,6.9672131147541005
9/2/51,6.9516525539470075
9/3/51,6.936100491534702
9/4/51,6.920556920556931
9/5/51,6.9050218340611424
9/6/51,6.889495225102316
9/7/51,6.873977086743066
9/8/51,6.8584674120534705
9/9/51,6.842966194111244
9/10/51,6.827473426001651
9/11/51,6.811989100817439
9/12/51,6.796513212
9/13/51,6.781045751633985
9/14/51,6.765586713857874
9/15/51,6.750136091453474
9/16/51,6.734693877551012
9/17/51,6.719260065288357
9/18/51,6.703834647810725
9/19/51,6.688417618270792
9/20/51,6.673008969828764
9/21/51,6.657608695652173
9/22/51,6.6422167889160555
9/23/51,6.626833242802821
9/24/51,6.611458050502295
9/25/51,6.596091205211718
9/26/51,6.580732700135683
9/27/51,6.565382528486174
9/28/51,6.550040683482483
9/29/51,6.534707158351383
9/30/51,6.519381946326908
10/1/51,6.5040650406503975
10/2/51,6.516323587255801
10/3/51,6.528578919769257
10/4/51,6.540831039454709
10/5/51,6.553079947575369
10/6/51,6.5653256453937825
10/7/51,6.577568134171896
10/8/51,6.589807415170967
10/9/51,6.602043489651566
10/10/51,6.614276358873616
10/11/51,6.626506024096379
10/12/51,6.638732486578491
10/13/51,6.650955747577902
10/14/51,6.663175808351873
10/15/51,6.675392670157065
10/16/51,6.687606334249452
10/17/51,6.699816801884317
10/18/51,6.712024074316347
10/19/51,6.724228152799583
10/20/51,6.7364290385873105
10/21/51,6.748626732932261
10/22/51,6.760821237086434
10/23/51,6.773012552
10/24/51,6.785200679827419
10/25/51,6.797385620915031
10/26/51,6.809567376813486
10/27/51,6.821745948771563
10/28/51,6.833921338037352
10/29/51,6.846093545858367
10/30/51,6.8582625734813885
10/31/51,6.8704284221525525
11/1/51,6.882591093117396
11/2/51,6.852826116282196
11/3/51,6.823085221143477
11/4/51,6.793368378487674
11/5/51,6.763675559148474
11/6/51,6.734006734006726
11/7/51,6.7043618739903055
11/8/51,6.67474095
11/9/51,6.645143933279529
11/10/51,6.615570794675274
11/11/51,6.586021505376349
11/12/51,6.556496036544424
11/13/51,6.526994359387572
11/14/51,6.497516445160434
11/15/51,6.468062265163721
11/16/51,6.438631790744465
11/17/51,6.409224993295792
11/18/51,6.379841844256795
11/19/51,6.350482315112549
11/20/51,6.321146377393849
11/21/51,6.291834002677366
11/22/51,6.262545162585309
11/23/51,6.233279828785454
11/24/51,6.204037973
11/25/51,6.174819567
11/26/51,6.1456245824983435
11/27/51,6.116452991453003
11/28/51,6.0873047657188595
11/29/51,6.058179877235115
11/30/51,6.029078297985868
12/1/51,6.000000000000005
12/2/51,5.945318545266964
12/3/51,5.890693477700437
12/4/51,5.836124710126245
12/5/51,5.781612155549842
12/6/51,5.727155727155742
12/7/51,5.672755338307178
12/8/51,5.618410902545645
12/9/51,5.564122333590338
12/10/51,5.509889545337776
12/11/51,5.455712451861361
12/12/51,5.401590967410841
12/13/51,5.347525006411913
12/14/51,5.293514483465778
12/15/51,5.239559313348718
12/16/51,5.185659411011523
12/17/51,5.131814691579217
12/18/51,5.078025070350467
12/19/51,5.024290462797243
12/20/51,4.970610784564267
12/21/51,4.916985951468722
12/22/51,4.863415879499633
12/23/51,4.809900484817575
12/24/51,4.756439683754143
12/25/51,4.7030333928116175
12/26/51,4.6496815286624305
12/27/51,4.596384008148702
12/28/51,4.543140748282015
12/29/51,4.489951666242686
12/30/51,4.436816679379629
12/31/51,4.383735705209668
1/1/52,4.330708661417337
1/2/52,4.265583343912671
1/3/52,4.200507614
1/4/52,4.135481416
1/5/52,4.070504691858989
1/6/52,4.005577386234016
1/7/52,3.9406994424733943
1/8/52,3.875870804306536
1/9/52,3.811091415548251
1/10/52,3.746361220098726
1/11/52,3.6816801619433237
1/12/52,3.617048185152405
1/13/52,3.5524652338811524
1/14/52,3.487931252369525
1/15/52,3.423446184941903
1/16/52,3.3590099760070657
1/17/52,3.294622570058081
1/18/52,3.2302839116719273
1/19/52,3.165993945509582
1/20/52,3.101752616315734
1/21/52,3.0375598689185823
1/22/52,2.9734156482298157
1/23/52,2.9093198992443448
1/24/52,2.845272567040169
1/25/52,2.7812735967782665
1/26/52,2.7173229337023708
1/27/52,2.6534205231388386
1/28/52,2.5895663104965605
1/29/52,2.525760241
1/30/52,2.462002261022489
1/31/52,2.3982923154193925
2/1/52,2.3346303501945664
2/2/52,2.320411282478818
2/3/52,2.3061961656015706
2/4/52,2.2919849979163853
2/5/52,2.2777777777777786
2/6/52,2.263574503541177
2/7/52,2.2493751735628953
2/8/52,2.235179786200181
2/9/52,2.220988339811214
2/10/52,2.2068008327550404
2/11/52,2.1926172633916385
2/12/52,2.1784376300818753
2/13/52,2.164261931187572
2/14/52,2.150090165071439
2/15/52,2.1359223300970953
2/16/52,2.1217584246290278
2/17/52,2.1075984470327214
2/18/52,2.093442395674483
2/19/52,2.079290269
2/20/52,2.065142065142078
2/21/52,2.0509977827050996
2/22/52,2.036857419980609
2/23/52,2.0227209753394426
2/24/52,2.0085884471533477
2/25/52,1.994459833795026
2/26/52,1.9803351336380004
2/27/52,1.9662143450567715
2/28/52,1.9520974664267055
2/29/52,1.9379844961240345
3/1/52,1.9379844961240345
3/2/52,1.9504876219054834
3/3/52,1.9629907476869324
3/4/52,1.9754938734683591
3/5/52,1.987996999249808
3/6/52,2.000500125031257
3/7/52,2.013003250812706
3/8/52,2.025506376594155
3/9/52,2.0380095023755818
3/10/52,2.0505126281570307
3/11/52,2.0630157539384797
3/12/52,2.0755188797199287
3/13/52,2.0880220055013776
3/14/52,2.1005251312828044
3/15/52,2.1130282570642533
3/16/52,2.1255313828457023
3/17/52,2.1380345086271513
3/18/52,2.1505376344086002
3/19/52,2.163040760190049
3/20/52,2.175543885971476
3/21/52,2.188047011752925
3/22/52,2.200550137534374
3/23/52,2.213053263315823
3/24/52,2.225556389097272
3/25/52,2.2380595148786986
3/26/52,2.2505626406601476
3/27/52,2.2630657664415965
3/28/52,2.2755688922230455
3/29/52,2.2880720180044944
3/30/52,2.3005751437859434
3/31/52,2.31307827
4/1/52,2.312362743831531
4/2/52,2.2991475071040934
4/3/52,2.285935683843454
4/4/52,2.2727272727272707
4/5/52,2.2595222724338226
4/6/52,2.246320681642122
4/7/52,2.233122499
4/8/52,2.2199277232834103
4/9/52,2.2067363530778206
4/10/52,2.1935483870967776
4/11/52,2.180363824022713
4/12/52,2.1671826625387025
4/13/52,2.154004901
4/14/52,2.140830539076588
4/15/52,2.127659574468077
4/16/52,2.1144920061887618
4/17/52,2.101327832925093
4/18/52,2.088167053364276
4/19/52,2.075009666194094
4/20/52,2.0618556701030855
4/21/52,2.048705063780454
4/22/52,2.035557845916003
4/23/52,2.0224140152003134
4/24/52,2.0092735703245657
4/25/52,1.9961365099806727
4/26/52,1.9830028328611915
4/27/52,1.969872537659323
4/28/52,1.9567456230690006
4/29/52,1.9436220877847799
4/30/52,1.9305019305019266
5/1/52,1.9305019305019266
5/2/52,1.9429567816664717
5/3/52,1.9554116328309945
5/4/52,1.9678664839955173
5/5/52,1.9803213351600402
5/6/52,1.992776186324563
5/7/52,2.005231037489108
5/8/52,2.017685888653631
5/9/52,2.0301407398181537
5/10/52,2.0425955909826987
5/11/52,2.0550504421472215
5/12/52,2.0675052933117444
5/13/52,2.079960144476267
5/14/52,2.0924149956408122
5/15/52,2.104869846805335
5/16/52,2.117324697969858
5/17/52,2.1297795491343807
5/18/52,2.1422344002989258
5/19/52,2.1546892514634486
5/20/52,2.1671441026279714
5/21/52,2.1795989537925164
5/22/52,2.1920538049570393
5/23/52,2.204508656121562
5/24/52,2.216963507286085
5/25/52,2.229418358
5/26/52,2.241873209615153
5/27/52,2.2543280607796756
5/28/52,2.2667829119442207
5/29/52,2.2792377631087213
5/30/52,2.2916926142732663
5/31/52,2.304147465437789
6/1/52,2.316602316602312
6/2/52,2.342342342342363
6/3/52,2.3680823680823693
6/4/52,2.393822393822398
6/5/52,2.4195624195624266
6/6/52,2.445302445302433
6/7/52,2.471042471042484
6/8/52,2.4967824967825125
6/9/52,2.522522522522541
6/10/52,2.5482625482625476
6/11/52,2.5740025740025763
6/12/52,2.599742599742605
6/13/52,2.6254826254826336
6/14/52,2.651222651222662
6/15/52,2.676962676962691
6/16/52,2.7027027027027195
6/17/52,2.728442728442726
6/18/52,2.7541827541827546
6/19/52,2.7799227799227832
6/20/52,2.805662805662812
6/21/52,2.8314028314028405
6/22/52,2.857142857142869
6/23/52,2.8828828828828756
6/24/52,2.9086229086229043
6/25/52,2.934362934362933
6/26/52,2.9601029601029616
6/27/52,2.9858429858429902
6/28/52,3.011583011583019
6/29/52,3.0373230373230475
6/30/52,3.063063063063054
7/1/52,3.0888030888030826
7/2/52,3.0888030888030826
7/3/52,3.0888030888030826
7/4/52,3.0888030888030826
7/5/52,3.0888030888030826
7/6/52,3.0888030888030826
7/7/52,3.0888030888030826
7/8/52,3.0888030888030826
7/9/52,3.0888030888030826
7/10/52,3.0888030888030826
7/11/52,3.0888030888030826
7/12/52,3.0888030888030826
7/13/52,3.0888030888030826
7/14/52,3.0888030888030826
7/15/52,3.0888030888030826
7/16/52,3.0888030888030826
7/17/52,3.0888030888030826
7/18/52,3.0888030888030826
7/19/52,3.0888030888030826
7/20/52,3.0888030888030826
7/21/52,3.0888030888030826
7/22/52,3.0888030888030826
7/23/52,3.0888030888030826
7/24/52,3.0888030888030826
7/25/52,3.0888030888030826
7/26/52,3.0888030888030826
7/27/52,3.0888030888030826
7/28/52,3.0888030888030826
7/29/52,3.0888030888030826
7/30/52,3.0888030888030826
7/31/52,3.0888030888030826
8/1/52,3.0631303698169576
8/2/52,3.0374704344578785
8/3/52,3.0118232731798367
8/4/52,2.9861888764464384
8/5/52,2.9605672347307044
8/6/52,2.9349583385151146
8/7/52,2.9093621782916745
8/8/52,2.883778744561849
8/9/52,2.858208027836451
8/10/52,2.8326500186358405
8/11/52,2.8071047074897493
8/12/52,2.7815720849373005
8/13/52,2.756052141526988
8/14/52,2.7305448678168087
8/15/52,2.7050502543739974
8/16/52,2.679568291775203
8/17/52,2.6540989706064666
8/18/52,2.6286422814631116
8/19/52,2.6031982149497868
8/20/52,2.577766761680489
8/21/52,2.5523479122785186
8/22/52,2.526941657376436
8/23/52,2.5015479876160818
8/24/52,2.4761668936486236
8/25/52,2.4507983661344213
8/26/52,2.4254423957430937
8/27/52,2.4000989731535194
8/28/52,2.3747680890537914
8/29/52,2.3494497341411957
8/30/52,2.324143899122255
8/31/52,2.298850574712641
9/1/52,2.2857872557783043
9/2/52,2.2727272727272707
9/3/52,2.259670624281873
9/4/52,2.2466173091651775
9/5/52,2.233567326100827
9/6/52,2.2205206738131533
9/7/52,2.207477351027176
9/8/52,2.1944373564684705
9/9/52,2.1814006888633664
9/10/52,2.168367346938771
9/11/52,2.1553373294222578
9/12/52,2.142310635042066
9/13/52,2.129287263
9/14/52,2.116267210606826
9/15/52,2.103250478011476
9/16/52,2.0902370634718226
9/17/52,2.077226965719392
9/18/52,2.064220183486243
9/19/52,2.051216715505144
9/20/52,2.0382165605095537
9/21/52,2.025219717233462
9/22/52,2.012226184411614
9/23/52,1.9992359607793109
9/24/52,1.9862490450725634
9/25/52,1.9732654360280044
9/26/52,1.9602851323828885
9/27/52,1.9473081328751585
9/28/52,1.9343344362433124
9/29/52,1.9213640412266253
9/30/52,1.9083969465648831
10/1/52,1.8833087149187522
10/2/52,1.8582328328821118
10/3/52,1.8331692913385877
10/4/52,1.8081180811807984
10/5/52,1.7830791933103773
10/6/52,1.7580526186378176
10/7/52,1.7330383480825828
10/8/52,1.7080363725731074
10/9/52,1.683046683046685
10/10/52,1.658069270449536
10/11/52,1.6331041257367396
10/12/52,1.6081512398723241
10/13/52,1.583210603829177
10/14/52,1.558282208588957
10/15/52,1.5333660451422926
10/16/52,1.508462104488606
10/17/52,1.4835703776360898
10/18/52,1.458690855601863
10/19/52,1.4338235294117707
10/20/52,1.4089683901004735
10/21/52,1.3841254287114024
10/22/52,1.3592946362968483
10/23/52,1.3344760039177173
10/24/52,1.3096695226438193
10/25/52,1.284875183553602
10/26/52,1.260092977734284
10/27/52,1.2353228962818097
10/28/52,1.210564930300806
10/29/52,1.1858190709046479
10/30/52,1.1610853092153484
10/31/52,1.1363636363636465
11/1/52,1.1235955056179803
11/2/52,1.1108305983337452
11/3/52,1.0980689132904065
11/4/52,1.085310449268051
11/5/52,1.0725552050473208
11/6/52,1.0598031794095464
11/7/52,1.0470543711366131
11/8/52,1.034308779011095
11/9/52,1.0215664018161208
11/10/52,1.0088272383354413
11/11/52,0.9960912873534067
11/12/52,0.9833585476550777
11/13/52,0.9706290180259813
11/14/52,0.957902697
11/15/52,0.945179584
11/16/52,0.9324596774193505
11/17/52,0.9197429759354891
11/18/52,0.9070294784580435
11/19/52,0.8943191837762932
11/20/52,0.881612091
11/21/52,0.868908198
11/22/52,0.8562075044069584
11/23/52,0.8435100088127978
11/24/52,0.8308157099697899
11/25/52,0.8181246066708558
11/26/52,0.8054366977095384
11/27/52,0.7927519818799578
11/28/52,0.7800704579768558
11/29/52,0.767392125
11/30/52,0.7547169811320753
12/1/52,0.7547169811320753
12/2/52,0.7425441265976884
12/3/52,0.7303712720633015
12/4/52,0.7181984175289147
12/5/52,0.7060255629945278
12/6/52,0.6938527084601409
12/7/52,0.6816798539257318
12/8/52,0.669506999
12/9/52,0.6573341448569803
12/10/52,0.6451612903225934
12/11/52,0.6329884357881843
12/12/52,0.6208155812537974
12/13/52,0.6086427267194106
12/14/52,0.5964698721850237
12/15/52,0.5842970176506368
12/16/52,0.5721241631162499
12/17/52,0.559951309
12/18/52,0.5477784540474762
12/19/52,0.5356055995130893
12/20/52,0.5234327449787024
12/21/52,0.5112598904443155
12/22/52,0.49908703590992864
12/23/52,0.48691418137554177
12/24/52,0.4747413268411327
12/25/52,0.462568472
12/26/52,0.45039561777238113
12/27/52,0.43822276323797205
12/28/52,0.42604990870358517
12/29/52,0.4138770541691983
12/30/52,0.4017041996348336
12/31/52,0.38953134510042453
1/1/53,0.40180202118593744
1/2/53,0.41407867494824835
1/3/53,0.42636131075648454
1/4/53,0.43864993298403654
1/5/53,0.45094454600853595
1/6/53,0.4632451542118776
1/7/53,0.47555176198026405
1/8/53,0.4878643737041166
1/9/53,0.5001829937782087
1/10/53,0.5125076266015771
1/11/53,0.5248382765775661
1/12/53,0.5371749481137833
1/13/53,0.5495176456221662
1/14/53,0.5618663735190044
1/15/53,0.5742211362248062
1/16/53,0.5865819381644766
1/17/53,0.5989487837672725
1/18/53,0.6113216774666919
1/19/53,0.6237006237006293
1/20/53,0.6360856269113091
1/21/53,0.6484766915453299
1/22/53,0.6608738220535981
1/23/53,0.6732770228914164
1/24/53,0.6856862985184176
1/25/53,0.6981016533986528
1/26/53,0.7105230920004812
1/27/53,0.7229506187967027
1/28/53,0.7353842382644915
1/29/53,0.7478239548853738
1/30/53,0.7602697731453167
1/31/53,0.7727216975346396
2/1/53,0.7604562737642651
2/2/53,0.7740358500814892
2/3/53,0.7876154263986912
2/4/53,0.8011950027159154
2/5/53,0.8147745790331395
2/6/53,0.8283541553503415
2/7/53,0.8419337316675657
2/8/53,0.8555133079847899
2/9/53,0.869092884
2/10/53,0.8826724606192382
2/11/53,0.8962520369364402
2/12/53,0.9098316132536644
2/13/53,0.9234111895708885
2/14/53,0.9369907658880905
2/15/53,0.9505703422053147
2/16/53,0.9641499185225388
2/17/53,0.977729495
2/18/53,0.9913090711569872
2/19/53,1.0048886474742114
2/20/53,1.0184682237914133
2/21/53,1.0320478001086375
2/22/53,1.0456273764258617
2/23/53,1.0592069527430636
2/24/53,1.0727865290602878
2/25/53,1.086366105377512
2/26/53,1.0999456816947362
2/27/53,1.1135252580119603
2/28/53,1.1271048343291623
3/1/53,1.1406844106463865
3/2/53,1.1282805984792699
3/3/53,1.1158798283261717
3/4/53,1.103482099068187
3/5/53,1.091087409586855
3/6/53,1.078695758764403
3/7/53,1.066307145483525
3/8/53,1.0539215686274472
3/9/53,1.0415390270800184
3/10/53,1.0291595197255754
3/11/53,1.016783045448988
3/12/53,1.0044096031357252
3/13/53,0.9920391916717675
3/14/53,0.9796718099436719
3/15/53,0.9673074568385065
3/16/53,0.9549461312438945
3/17/53,0.9425878320479919
3/18/53,0.9302325581395321
3/19/53,0.9178803084077813
3/20/53,0.9055310817425388
3/21/53,0.8931848770341366
3/22/53,0.8808416931734842
3/23/53,0.8685015290520015
3/24/53,0.8561643835616417
3/25/53,0.8438302555949795
3/26/53,0.8314991440450115
3/27/53,0.819171048
3/28/53,0.8068459657701865
3/29/53,0.7945238968341428
3/30/53,0.7822048398924641
3/31/53,0.7698887938409005
4/1/53,0.7575757575757791
4/2/53,0.7702020202020377
4/3/53,0.7828282828282962
4/4/53,0.7954545454545547
4/5/53,0.8080808080808133
4/6/53,0.8207070707070718
4/7/53,0.8333333333333526
4/8/53,0.8459595959596111
4/9/53,0.8585858585858697
4/10/53,0.8712121212121282
4/11/53,0.8838383838383868
4/12/53,0.8964646464646453
4/13/53,0.909090909
4/14/53,0.9217171717171846
4/15/53,0.9343434343434431
4/16/53,0.9469696969697017
4/17/53,0.9595959595959602
4/18/53,0.9722222222222188
4/19/53,0.9848484848484995
4/20/53,0.9974747474747581
4/21/53,1.0101010101010166
4/22/53,1.0227272727272751
4/23/53,1.0353535353535337
4/24/53,1.0479797979797922
4/25/53,1.060606060606073
4/26/53,1.0732323232323315
4/27/53,1.085858586
4/28/53,1.0984848484848486
4/29/53,1.1111111111111072
4/30/53,1.1237373737373657
5/1/53,1.1363636363636465
5/2/53,1.1362248014660903
5/3/53,1.1360860004886453
5/4/53,1.1359472334188325
5/5/53,1.135808500244262
5/6/53,1.135669800952499
5/7/53,1.1355311355311315
5/8/53,1.1353925039677693
5/9/53,1.135253906
5/10/53,1.1351153423654337
5/11/53,1.1349768123016801
5/12/53,1.1348383160463715
5/13/53,1.1346998535871178
5/14/53,1.134561424911551
5/15/53,1.1344230300073255
5/16/53,1.1342846688620511
5/17/53,1.1341463414634267
5/18/53,1.1340080477990622
5/19/53,1.133869787856634
5/20/53,1.1337315616237964
5/21/53,1.1335933690882483
5/22/53,1.133455210237666
5/23/53,1.133317085059704
5/24/53,1.1331789935421055
5/25/53,1.1330409356725246
5/26/53,1.1329029114386602
5/27/53,1.1327649208282553
5/28/53,1.1326269638290087
5/29/53,1.1324890404286414
5/30/53,1.1323511506148742
5/31/53,1.1322132943754504
6/1/53,1.132075471698113
6/2/53,1.106639839034207
6/3/53,1.081216998
6/4/53,1.0558069381598756
6/5/53,1.0304096506659866
6/6/53,1.005025125628145
6/7/53,0.9796533534287999
6/8/53,0.954294324
6/9/53,0.9289480291237773
6/10/53,0.9036144578313365
6/11/53,0.8782936010037767
6/12/53,0.8529854490717526
6/13/53,0.8276899924755554
6/14/53,0.8024072216650024
6/15/53,0.7771371270995253
6/16/53,0.7518796992481258
6/17/53,0.7266349285893314
6/18/53,0.7014028056112176
6/19/53,0.6761833208114298
6/20/53,0.6509764646970506
6/21/53,0.6257822277847325
6/22/53,0.6006006006006093
6/23/53,0.575431574
6/24/53,0.5502751375688009
6/25/53,0.5251312828207011
6/26/53,0.5000000000000115
6/27/53,0.47488127968009497
6/28/53,0.4497751124437732
6/29/53,0.42468148888332724
6/30/53,0.3996003996004083
7/1/53,0.3745318352059934
7/2/53,0.386613507
7/3/53,0.3986951794128446
7/4/53,0.410776852
7/5/53,0.4228585236196736
7/6/53,0.43494019572309917
7/7/53,0.44702186782650255
7/8/53,0.45910353992992814
7/9/53,0.47118521203335373
7/10/53,0.4832668841367571
7/11/53,0.4953485562401827
7/12/53,0.5074302283436083
7/13/53,0.5195119004470339
7/14/53,0.5315935725504373
7/15/53,0.5436752446538629
7/16/53,0.5557569167572884
7/17/53,0.5678385888606918
7/18/53,0.5799202609641174
7/19/53,0.592001933
7/20/53,0.6040836051709464
7/21/53,0.616165277
7/22/53,0.6282469493777976
7/23/53,0.6403286214812232
7/24/53,0.6524102935846265
7/25/53,0.6644919656880521
7/26/53,0.6765736377914777
7/27/53,0.6886553098948811
7/28/53,0.7007369819983067
7/29/53,0.7128186541017323
7/30/53,0.7249003262051357
7/31/53,0.7369819983085613
8/1/53,0.7490636704119868
8/2/53,0.7490636704119868
8/3/53,0.7490636704119868
8/4/53,0.7490636704119868
8/5/53,0.7490636704119868
8/6/53,0.7490636704119868
8/7/53,0.7490636704119868
8/8/53,0.7490636704119868
8/9/53,0.7490636704119868
8/10/53,0.7490636704119868
8/11/53,0.7490636704119868
8/12/53,0.7490636704119868
8/13/53,0.7490636704119868
8/14/53,0.7490636704119868
8/15/53,0.7490636704119868
8/16/53,0.7490636704119868
8/17/53,0.7490636704119868
8/18/53,0.7490636704119868
8/19/53,0.7490636704119868
8/20/53,0.7490636704119868
8/21/53,0.7490636704119868
8/22/53,0.7490636704119868
8/23/53,0.7490636704119868
8/24/53,0.7490636704119868
8/25/53,0.7490636704119868
8/26/53,0.7490636704119868
8/27/53,0.7490636704119868
8/28/53,0.7490636704119868
8/29/53,0.7490636704119868
8/30/53,0.7490636704119868
8/31/53,0.7490636704119868
9/1/53,0.7490636704119868
9/2/53,0.761548065
9/3/53,0.7740324594257109
9/4/53,0.786516854
9/5/53,0.7990012484394349
9/6/53,0.811485643
9/7/53,0.8239700374531811
9/8/53,0.8364544319600542
9/9/53,0.8489388264669051
9/10/53,0.8614232209737782
9/11/53,0.8739076154806513
9/12/53,0.8863920099875244
9/13/53,0.8988764044943753
9/14/53,0.9113607990012484
9/15/53,0.9238451935081216
9/16/53,0.9363295880149725
9/17/53,0.9488139825218456
9/18/53,0.9612983770287187
9/19/53,0.9737827715355918
9/20/53,0.9862671660424427
9/21/53,0.9987515605493158
9/22/53,1.011235955056189
9/23/53,1.0237203495630398
9/24/53,1.036204744069913
9/25/53,1.048689138576786
9/26/53,1.0611735330836591
9/27/53,1.073657928
9/28/53,1.0861423220973832
9/29/53,1.098626716604234
9/30/53,1.1111111111111072
10/1/53,1.1235955056179803
10/2/53,1.1115138335145547
10/3/53,1.099432161411129
10/4/53,1.0873504893077257
10/5/53,1.0752688172043001
10/6/53,1.0631871451008967
10/7/53,1.0511054729974711
10/8/53,1.0390238008940456
10/9/53,1.026942129
10/10/53,1.0148604566871944
10/11/53,1.002778784583791
10/12/53,0.9906971124803654
10/13/53,0.9786154403769398
10/14/53,0.9665337682735364
10/15/53,0.9544520961701108
10/16/53,0.9423704240666853
10/17/53,0.9302887519632819
10/18/53,0.9182070798598563
10/19/53,0.9061254077564307
10/20/53,0.8940437356530051
10/21/53,0.8819620635496017
10/22/53,0.8698803914461761
10/23/53,0.8577987193427727
10/24/53,0.8457170472393472
10/25/53,0.8336353751359216
10/26/53,0.821553703
10/27/53,0.8094720309290704
10/28/53,0.7973903588256448
10/29/53,0.7853086867222414
10/30/53,0.7732270146188158
10/31/53,0.7611453425154124
11/1/53,0.7490636704119868
11/2/53,0.7490636704119868
11/3/53,0.7490636704119868
11/4/53,0.7490636704119868
11/5/53,0.7490636704119868
11/6/53,0.7490636704119868
11/7/53,0.7490636704119868
11/8/53,0.7490636704119868
11/9/53,0.7490636704119868
11/10/53,0.7490636704119868
11/11/53,0.7490636704119868
11/12/53,0.7490636704119868
11/13/53,0.7490636704119868
11/14/53,0.7490636704119868
11/15/53,0.7490636704119868
11/16/53,0.7490636704119868
11/17/53,0.7490636704119868
11/18/53,0.7490636704119868
11/19/53,0.7490636704119868
11/20/53,0.7490636704119868
11/21/53,0.7490636704119868
11/22/53,0.7490636704119868
11/23/53,0.7490636704119868
11/24/53,0.7490636704119868
11/25/53,0.7490636704119868
11/26/53,0.7490636704119868
11/27/53,0.7490636704119868
11/28/53,0.7490636704119868
11/29/53,0.7490636704119868
11/30/53,0.7490636704119868
12/1/53,0.7490636704119868
12/2/53,0.7612373127114491
12/3/53,0.7734138972809612
12/4/53,0.7855934251873142
12/5/53,0.7977758974978766
12/6/53,0.8099613152804608
12/7/53,0.8221496796034344
12/8/53,0.8343409915356759
12/9/53,0.8465352521465519
12/10/53,0.8587324625060289
12/11/53,0.8709326236845172
12/12/53,0.8831357367529602
12/13/53,0.895341803
12/14/53,0.9075508228460594
12/15/53,0.9197627980152445
12/16/53,0.9319777293633313
12/17/53,0.9441956179639277
12/18/53,0.9564164648910412
12/19/53,0.9686402712192788
12/20/53,0.9808670380237139
12/21/53,0.9930967663800416
12/22/53,1.0053294573643345
12/23/53,1.017565112053287
12/24/53,1.0298037315241038
12/25/53,1.0420453168544563
12/26/53,1.0542898691226155
12/27/53,1.0665373894073404
12/28/53,1.078787878787879
12/29/53,1.0910413383440343
12/30/53,1.1032977691561419
12/31/53,1.1155571723050706
1/1/54,1.1278195488721776
1/2/54,1.1400848999393531
1/3/54,1.1523532265890202
1/4/54,1.1646245299041569
1/5/54,1.1768988109682077
1/6/54,1.1891760708651722
1/7/54,1.201456310679605
1/8/54,1.2137395314965271
1/9/54,1.226025734401559
1/10/54,1.2383149204807653
1/11/54,1.2506070908207656
1/12/54,1.2629022465088013
1/13/54,1.2752003886324914
1/14/54,1.2875015182800764
1/15/54,1.2998056365403299
1/16/54,1.3121127445024916
1/17/54,1.3244228432563565
1/18/54,1.336735933892319
1/19/54,1.3490520175011955
1/20/54,1.361371095174424
1/21/54,1.3736931680038866
1/22/54,1.386018237082065
1/23/54,1.3983463035019295
1/24/54,1.4106773683570273
1/25/54,1.4230114327414167
1/26/54,1.4353484977496667
1/27/54,1.4476885644768789
1/28/54,1.4600316340187325
1/29/54,1.472377707471395
1/30/54,1.4847267859315894
1/31/54,1.4970788704965932
2/1/54,1.5094339622641506
2/2/54,1.495755289044598
2/3/54,1.482080301805433
2/4/54,1.4684089990569804
2/5/54,1.4547413793103425
2/6/54,1.441077441077443
2/7/54,1.4274171828709825
2/8/54,1.413760603204528
2/9/54,1.4001077005923568
2/10/54,1.386458474
2/11/54,1.3728129205921924
2/12/54,1.3591710402368395
2/13/54,1.3455328310010728
2/14/54,1.3318982914031885
2/15/54,1.3182674199623268
2/16/54,1.3046402151983827
2/17/54,1.2910166756320507
2/18/54,1.2773967997848468
2/19/54,1.263780586179064
2/20/54,1.2501680333378173
2/21/54,1.2365591397849318
2/22/54,1.2229539040451431
2/23/54,1.2093523246438975
2/24/54,1.1957544001074627
2/25/54,1.182160128962928
2/26/54,1.168569509738071
2/27/54,1.154982541
2/28/54,1.1413992211628754
3/1/54,1.1278195488721776
3/2/54,1.1156924569488025
3/3/54,1.1035653650254496
3/4/54,1.0914382731020966
3/5/54,1.0793111811787437
3/6/54,1.0671840892553908
3/7/54,1.0550569973320378
3/8/54,1.0429299054086627
3/9/54,1.030802813485332
3/10/54,1.0186757215619568
3/11/54,1.006548629638604
3/12/54,0.994421538
3/13/54,0.9822944457918981
3/14/54,0.9701673538685451
3/15/54,0.9580402619451922
3/16/54,0.9459131700218171
3/17/54,0.9337860780984641
3/18/54,0.9216589861751112
3/19/54,0.9095318942517361
3/20/54,0.8974048023284054
3/21/54,0.8852777104050302
3/22/54,0.8731506184816773
3/23/54,0.8610235265583244
3/24/54,0.8488964346349714
3/25/54,0.8367693427116185
3/26/54,0.8246422507882656
3/27/54,0.8125151588648905
3/28/54,0.8003880669415375
3/29/54,0.7882609750181846
3/30/54,0.7761338830948317
3/31/54,0.7640067911714787
4/1/54,0.7518796992481258
4/2/54,0.7517854905400245
4/3/54,0.7516913054372409
4/4/54,0.7515971439308711
4/5/54,0.7515030060120109
4/6/54,0.7514088916718897
4/7/54,0.7513148009015813
4/8/54,0.7512207336922483
4/9/54,0.7511266900350533
4/10/54,0.7510326699211145
4/11/54,0.7509386733416834
4/12/54,0.7508447002878116
4/13/54,0.7507507507507505
4/14/54,0.7506568247216183
4/15/54,0.7505629221916443
4/16/54,0.7504690431519911
4/17/54,0.7503751875937992
4/18/54,0.7502813555083199
4/19/54,0.7501875468867159
4/20/54,0.7500937617202164
4/21/54,0.7500000000000062
4/22/54,0.7499062617172703
4/23/54,0.7498125468632821
4/24/54,0.7497188554292045
4/25/54,0.7496251874062887
4/26/54,0.7495315427857641
4/27/54,0.7494379215588376
4/28/54,0.7493443237167607
4/29/54,0.7492507492507405
4/30/54,0.7491571981520728
5/1/54,0.7490636704119868
5/2/54,0.7368929693162496
5/3/54,0.7247252083584899
5/4/54,0.7125603864734265
5/5/54,0.7003985025963111
5/6/54,0.688239556
5/7/54,0.6760835446094404
5/8/54,0.6639304683727643
5/9/54,0.651780326
5/10/54,0.6396331160994251
5/11/54,0.6274888379389498
5/12/54,0.6153474903474843
5/13/54,0.6032090722644323
5/14/54,0.5910735826296643
5/15/54,0.5789410203835388
5/16/54,0.5668113844669476
5/17/54,0.5546846738212929
5/18/54,0.5425608873884658
5/19/54,0.530440024
5/20/54,0.5183220829315216
5/21/54,0.506207063
5/22/54,0.49409496264158914
5/23/54,0.48198578141944726
5/24/54,0.46987951807229145
5/25/54,0.4577761715455875
5/26/54,0.4456757407853562
5/27/54,0.4335782247380404
5/28/54,0.42148362235066017
5/29/54,0.40939193257074624
5/30/54,0.3973031543462513
5/31/54,0.3852172866257275
6/1/54,0.3731343283581934
6/2/54,0.3731343283581934
6/3/54,0.3731343283581934
6/4/54,0.3731343283581934
6/5/54,0.3731343283581934
6/6/54,0.3731343283581934
6/7/54,0.3731343283581934
6/8/54,0.3731343283581934
6/9/54,0.3731343283581934
6/10/54,0.3731343283581934
6/11/54,0.3731343283581934
6/12/54,0.3731343283581934
6/13/54,0.3731343283581934
6/14/54,0.3731343283581934
6/15/54,0.3731343283581934
6/16/54,0.3731343283581934
6/17/54,0.3731343283581934
6/18/54,0.3731343283581934
6/19/54,0.3731343283581934
6/20/54,0.3731343283581934
6/21/54,0.3731343283581934
6/22/54,0.3731343283581934
6/23/54,0.3731343283581934
6/24/54,0.3731343283581934
6/25/54,0.3731343283581934
6/26/54,0.3731343283581934
6/27/54,0.3731343283581934
6/28/54,0.3731343283581934
6/29/54,0.3731343283581934
6/30/54,0.3731343283581934
7/1/54,0.3731343283581934
7/2/54,0.36105427849320026
7/3/54,0.34897713598074365
7/4/54,0.3369028997713963
7/5/54,0.32483156881617514
7/6/54,0.3127631420666299
7/7/54,0.30069761847484333
7/8/54,0.28863499699336437
7/9/54,0.2765752765752749
7/10/54,0.26451845617410097
7/11/54,0.2524645347439236
7/12/54,0.24041351123933463
7/13/54,0.22836538461536993
7/14/54,0.2163201538276649
7/15/54,0.20427781783225463
7/16/54,0.19223837558572932
7/17/54,0.18020182604516766
7/18/54,0.16816816816815905
7/19/54,0.1561374009128036
7/20/54,0.14410952323766768
7/21/54,0.1320845341018284
7/22/54,0.12006243246487358
7/23/54,0.1080432172869017
7/24/54,0.096026888
7/25/54,0.084013442
7/26/54,0.07200288
7/27/54,0.059995200383977654
7/28/54,0.047990402
7/29/54,0.035988483685223116
7/30/54,0.023989444644367808
7/31/54,0.011993283761091433
8/1/54,0
8/2/54,-0.011991846
8/3/54,-0.023983691
8/4/54,-0.035975537
8/5/54,-0.047967382
8/6/54,-0.059959228
8/7/54,-0.071951073
8/8/54,-0.083942919
8/9/54,-0.095934764
8/10/54,-0.10792661
8/11/54,-0.119918455
8/12/54,-0.131910301
8/13/54,-0.143902147
8/14/54,-0.155893992
8/15/54,-0.167885838
8/16/54,-0.179877683
8/17/54,-0.191869529
8/18/54,-0.203861374
8/19/54,-0.21585322
8/20/54,-0.227845065
8/21/54,-0.239836911
8/22/54,-0.251828756
8/23/54,-0.263820602
8/24/54,-0.275812448
8/25/54,-0.287804293
8/26/54,-0.299796139
8/27/54,-0.311787984
8/28/54,-0.32377983
8/29/54,-0.335771675
8/30/54,-0.347763521
8/31/54,-0.359755366
9/1/54,-0.371747212
9/2/54,-0.384091191
9/3/54,-0.396432111
9/4/54,-0.408769974
9/5/54,-0.421104781
9/6/54,-0.433436533
9/7/54,-0.44576523
9/8/54,-0.458090875
9/9/54,-0.470413469
9/10/54,-0.482733012
9/11/54,-0.495049505
9/12/54,-0.50736295
9/13/54,-0.519673348
9/14/54,-0.5319807
9/15/54,-0.544285007
9/16/54,-0.556586271
9/17/54,-0.568884492
9/18/54,-0.581179671
9/19/54,-0.59347181
9/20/54,-0.60576091
9/21/54,-0.618046972
9/22/54,-0.630329996
9/23/54,-0.642609985
9/24/54,-0.654886939
9/25/54,-0.66716086
9/26/54,-0.679431748
9/27/54,-0.691699605
9/28/54,-0.703964431
9/29/54,-0.716226229
9/30/54,-0.728484998
10/1/54,-0.740740741
10/2/54,-0.728880392
10/3/54,-0.717017208
10/4/54,-0.705151189
10/5/54,-0.693282333
10/6/54,-0.68141064
10/7/54,-0.669536107
10/8/54,-0.657658735
10/9/54,-0.645778522
10/10/54,-0.633895467
10/11/54,-0.622009569
10/12/54,-0.610120828
10/13/54,-0.598229241
10/14/54,-0.586334809
10/15/54,-0.57443753
10/16/54,-0.562537403
10/17/54,-0.550634427
10/18/54,-0.538728601
10/19/54,-0.526819923
10/20/54,-0.514908394
10/21/54,-0.502994012
10/22/54,-0.491076776
10/23/54,-0.479156684
10/24/54,-0.467233737
10/25/54,-0.455307932
10/26/54,-0.443379269
10/27/54,-0.431447747
10/28/54,-0.419513364
10/29/54,-0.407576121
10/30/54,-0.395636015
10/31/54,-0.383693046
11/1/54,-0.371747212
11/2/54,-0.384138786
11/3/54,-0.396530359
11/4/54,-0.408921933
11/5/54,-0.421313507
11/6/54,-0.433705081
11/7/54,-0.446096654
11/8/54,-0.458488228
11/9/54,-0.470879802
11/10/54,-0.483271375
11/11/54,-0.495662949
11/12/54,-0.508054523
11/13/54,-0.520446097
11/14/54,-0.53283767
11/15/54,-0.545229244
11/16/54,-0.557620818
11/17/54,-0.570012392
11/18/54,-0.582403965
11/19/54,-0.594795539
11/20/54,-0.607187113
11/21/54,-0.619578686
11/22/54,-0.63197026
11/23/54,-0.644361834
11/24/54,-0.656753408
11/25/54,-0.669144981
11/26/54,-0.681536555
11/27/54,-0.693928129
11/28/54,-0.706319703
11/29/54,-0.718711276
11/30/54,-0.73110285
12/1/54,-0.743494424
12/2/54,-0.743494424
12/3/54,-0.743494424
12/4/54,-0.743494424
12/5/54,-0.743494424
12/6/54,-0.743494424
12/7/54,-0.743494424
12/8/54,-0.743494424
12/9/54,-0.743494424
12/10/54,-0.743494424
12/11/54,-0.743494424
12/12/54,-0.743494424
12/13/54,-0.743494424
12/14/54,-0.743494424
12/15/54,-0.743494424
12/16/54,-0.743494424
12/17/54,-0.743494424
12/18/54,-0.743494424
12/19/54,-0.743494424
12/20/54,-0.743494424
12/21/54,-0.743494424
12/22/54,-0.743494424
12/23/54,-0.743494424
12/24/54,-0.743494424
12/25/54,-0.743494424
12/26/54,-0.743494424
12/27/54,-0.743494424
12/28/54,-0.743494424
12/29/54,-0.743494424
12/30/54,-0.743494424
12/31/54,-0.743494424
1/1/55,-0.743494424
1/2/55,-0.743494424
1/3/55,-0.743494424
1/4/55,-0.743494424
1/5/55,-0.743494424
1/6/55,-0.743494424
1/7/55,-0.743494424
1/8/55,-0.743494424
1/9/55,-0.743494424
1/10/55,-0.743494424
1/11/55,-0.743494424
1/12/55,-0.743494424
1/13/55,-0.743494424
1/14/55,-0.743494424
1/15/55,-0.743494424
1/16/55,-0.743494424
1/17/55,-0.743494424
1/18/55,-0.743494424
1/19/55,-0.743494424
1/20/55,-0.743494424
1/21/55,-0.743494424
1/22/55,-0.743494424
1/23/55,-0.743494424
1/24/55,-0.743494424
1/25/55,-0.743494424
1/26/55,-0.743494424
1/27/55,-0.743494424
1/28/55,-0.743494424
1/29/55,-0.743494424
1/30/55,-0.743494424
1/31/55,-0.743494424
2/1/55,-0.743494424
2/2/55,-0.743494424
2/3/55,-0.743494424
2/4/55,-0.743494424
2/5/55,-0.743494424
2/6/55,-0.743494424
2/7/55,-0.743494424
2/8/55,-0.743494424
2/9/55,-0.743494424
2/10/55,-0.743494424
2/11/55,-0.743494424
2/12/55,-0.743494424
2/13/55,-0.743494424
2/14/55,-0.743494424
2/15/55,-0.743494424
2/16/55,-0.743494424
2/17/55,-0.743494424
2/18/55,-0.743494424
2/19/55,-0.743494424
2/20/55,-0.743494424
2/21/55,-0.743494424
2/22/55,-0.743494424
2/23/55,-0.743494424
2/24/55,-0.743494424
2/25/55,-0.743494424
2/26/55,-0.743494424
2/27/55,-0.743494424
2/28/55,-0.743494424
3/1/55,-0.743494424
3/2/55,-0.731590309
3/3/55,-0.719683339
3/4/55,-0.707773512
3/5/55,-0.695860828
3/6/55,-0.683945284
3/7/55,-0.672026881
3/8/55,-0.660105617
3/9/55,-0.648181491
3/10/55,-0.636254502
3/11/55,-0.624324649
3/12/55,-0.612391931
3/13/55,-0.600456347
3/14/55,-0.588517896
3/15/55,-0.576576577
3/16/55,-0.564632388
3/17/55,-0.55268533
3/18/55,-0.5407354
3/19/55,-0.528782598
3/20/55,-0.516826923
3/21/55,-0.504868374
3/22/55,-0.492906949
3/23/55,-0.480942648
3/24/55,-0.468975469
3/25/55,-0.457005412
3/26/55,-0.445032475
3/27/55,-0.433056658
3/28/55,-0.42107796
3/29/55,-0.409096378
3/30/55,-0.397111913
3/31/55,-0.385124564
4/1/55,-0.373134328
4/2/55,-0.385524189
4/3/55,-0.397910967
4/4/55,-0.410294666
4/5/55,-0.422675286
4/6/55,-0.435052828
4/7/55,-0.447427293
4/8/55,-0.459798683
4/9/55,-0.472166998
4/10/55,-0.48453224
4/11/55,-0.49689441
4/12/55,-0.509253509
4/13/55,-0.521609538
4/14/55,-0.533962498
4/15/55,-0.546312391
4/16/55,-0.558659218
4/17/55,-0.571002979
4/18/55,-0.583343676
4/19/55,-0.59568131
4/20/55,-0.608015883
4/21/55,-0.620347395
4/22/55,-0.632675847
4/23/55,-0.64500124
4/24/55,-0.657323577
4/25/55,-0.669642857
4/26/55,-0.681959082
4/27/55,-0.694272254
4/28/55,-0.706582373
4/29/55,-0.71888944
4/30/55,-0.731193456
5/1/55,-0.743494424
5/2/55,-0.743494424
5/3/55,-0.743494424
5/4/55,-0.743494424
5/5/55,-0.743494424
5/6/55,-0.743494424
5/7/55,-0.743494424
5/8/55,-0.743494424
5/9/55,-0.743494424
5/10/55,-0.743494424
5/11/55,-0.743494424
5/12/55,-0.743494424
5/13/55,-0.743494424
5/14/55,-0.743494424
5/15/55,-0.743494424
5/16/55,-0.743494424
5/17/55,-0.743494424
5/18/55,-0.743494424
5/19/55,-0.743494424
5/20/55,-0.743494424
5/21/55,-0.743494424
5/22/55,-0.743494424
5/23/55,-0.743494424
5/24/55,-0.743494424
5/25/55,-0.743494424
5/26/55,-0.743494424
5/27/55,-0.743494424
5/28/55,-0.743494424
5/29/55,-0.743494424
5/30/55,-0.743494424
5/31/55,-0.743494424
6/1/55,-0.743494424
6/2/55,-0.73110285
6/3/55,-0.718711276
6/4/55,-0.706319703
6/5/55,-0.693928129
6/6/55,-0.681536555
6/7/55,-0.669144981
6/8/55,-0.656753408
6/9/55,-0.644361834
6/10/55,-0.63197026
6/11/55,-0.619578686
6/12/55,-0.607187113
6/13/55,-0.594795539
6/14/55,-0.582403965
6/15/55,-0.570012392
6/16/55,-0.557620818
6/17/55,-0.545229244
6/18/55,-0.53283767
6/19/55,-0.520446097
6/20/55,-0.508054523
6/21/55,-0.495662949
6/22/55,-0.483271375
6/23/55,-0.470879802
6/24/55,-0.458488228
6/25/55,-0.446096654
6/26/55,-0.433705081
6/27/55,-0.421313507
6/28/55,-0.408921933
6/29/55,-0.396530359
6/30/55,-0.384138786
7/1/55,-0.371747212
7/2/55,-0.371747212
7/3/55,-0.371747212
7/4/55,-0.371747212
7/5/55,-0.371747212
7/6/55,-0.371747212
7/7/55,-0.371747212
7/8/55,-0.371747212
7/9/55,-0.371747212
7/10/55,-0.371747212
7/11/55,-0.371747212
7/12/55,-0.371747212
7/13/55,-0.371747212
7/14/55,-0.371747212
7/15/55,-0.371747212
7/16/55,-0.371747212
7/17/55,-0.371747212
7/18/55,-0.371747212
7/19/55,-0.371747212
7/20/55,-0.371747212
7/21/55,-0.371747212
7/22/55,-0.371747212
7/23/55,-0.371747212
7/24/55,-0.371747212
7/25/55,-0.371747212
7/26/55,-0.371747212
7/27/55,-0.371747212
7/28/55,-0.371747212
7/29/55,-0.371747212
7/30/55,-0.371747212
7/31/55,-0.371747212
8/1/55,-0.371747212
8/2/55,-0.347805229
8/3/55,-0.323857503
8/4/55,-0.299904031
8/5/55,-0.275944811
8/6/55,-0.251979842
8/7/55,-0.22800912
8/8/55,-0.204032645
8/9/55,-0.180050414
8/10/55,-0.156062425
8/11/55,-0.132068676
8/12/55,-0.108069164
8/13/55,-0.084063889
8/14/55,-0.060052847
8/15/55,-0.036036036
8/16/55,-0.012013455
8/17/55,0.012014898474110858
8/18/55,0.036049026676288065
8/19/55,0.060088932
8/20/55,0.084134615
8/21/55,0.10818608005769281
8/22/55,0.13224332772301395
8/23/55,0.15630636046650714
8/24/55,0.18037518037519185
8/25/55,0.20444978953697568
8/26/55,0.2285301900408765
8/27/55,0.2526163839768891
8/28/55,0.2767083734359854
8/29/55,0.30080616051018083
8/30/55,0.3249097472924012
8/31/55,0.34901913587674915
9/1/55,0.3731343283581934
9/2/55,0.3731343283581934
9/3/55,0.3731343283581934
9/4/55,0.3731343283581934
9/5/55,0.3731343283581934
9/6/55,0.3731343283581934
9/7/55,0.3731343283581934
9/8/55,0.3731343283581934
9/9/55,0.3731343283581934
9/10/55,0.3731343283581934
9/11/55,0.3731343283581934
9/12/55,0.3731343283581934
9/13/55,0.3731343283581934
9/14/55,0.3731343283581934
9/15/55,0.3731343283581934
9/16/55,0.3731343283581934
9/17/55,0.3731343283581934
9/18/55,0.3731343283581934
9/19/55,0.3731343283581934
9/20/55,0.3731343283581934
9/21/55,0.3731343283581934
9/22/55,0.3731343283581934
9/23/55,0.3731343283581934
9/24/55,0.3731343283581934
9/25/55,0.3731343283581934
9/26/55,0.3731343283581934
9/27/55,0.3731343283581934
9/28/55,0.3731343283581934
9/29/55,0.3731343283581934
9/30/55,0.3731343283581934
10/1/55,0.3731343283581934
10/2/55,0.3731343283581934
10/3/55,0.3731343283581934
10/4/55,0.3731343283581934
10/5/55,0.3731343283581934
10/6/55,0.3731343283581934
10/7/55,0.3731343283581934
10/8/55,0.3731343283581934
10/9/55,0.3731343283581934
10/10/55,0.3731343283581934
10/11/55,0.3731343283581934
10/12/55,0.3731343283581934
10/13/55,0.3731343283581934
10/14/55,0.3731343283581934
10/15/55,0.3731343283581934
10/16/55,0.3731343283581934
10/17/55,0.3731343283581934
10/18/55,0.3731343283581934
10/19/55,0.3731343283581934
10/20/55,0.3731343283581934
10/21/55,0.3731343283581934
10/22/55,0.3731343283581934
10/23/55,0.3731343283581934
10/24/55,0.3731343283581934
10/25/55,0.3731343283581934
10/26/55,0.3731343283581934
10/27/55,0.3731343283581934
10/28/55,0.3731343283581934
10/29/55,0.3731343283581934
10/30/55,0.3731343283581934
10/31/55,0.3731343283581934
11/1/55,0.3731343283581934
11/2/55,0.37318074387360234
11/3/55,0.3732271709380397
11/4/55,0.3732736095558131
11/5/55,0.3733200597312081
11/6/55,0.37336652146857663
11/7/55,0.37341299477220424
11/8/55,0.37345948
11/9/55,0.37350597609560054
11/10/55,0.37355248412400677
11/11/55,0.37359900373599153
11/12/55,0.3736455349358625
11/13/55,0.37369207772794955
11/14/55,0.37373863211660474
11/15/55,0.37378519810615796
11/16/55,0.37383177570093906
11/17/55,0.37387836490530013
11/18/55,0.37392496572354883
11/19/55,0.37397157816005944
11/20/55,0.3740182022191618
11/21/55,0.37406483790523026
11/22/55,0.37411148522259463
11/23/55,0.374158144
11/24/55,0.37420481476861944
11/25/55,0.37425149700598404
11/26/55,0.37429819089207506
11/27/55,0.3743448964312446
11/28/55,0.3743916136278669
11/29/55,0.37443834248627184
11/30/55,0.3744850830108559
12/1/55,0.3745318352059934
12/2/55,0.3745318352059934
12/3/55,0.3745318352059934
12/4/55,0.3745318352059934
12/5/55,0.3745318352059934
12/6/55,0.3745318352059934
12/7/55,0.3745318352059934
12/8/55,0.3745318352059934
12/9/55,0.3745318352059934
12/10/55,0.3745318352059934
12/11/55,0.3745318352059934
12/12/55,0.3745318352059934
12/13/55,0.3745318352059934
12/14/55,0.3745318352059934
12/15/55,0.3745318352059934
12/16/55,0.3745318352059934
12/17/55,0.3745318352059934
12/18/55,0.3745318352059934
12/19/55,0.3745318352059934
12/20/55,0.3745318352059934
12/21/55,0.3745318352059934
12/22/55,0.3745318352059934
12/23/55,0.3745318352059934
12/24/55,0.3745318352059934
12/25/55,0.3745318352059934
12/26/55,0.3745318352059934
12/27/55,0.3745318352059934
12/28/55,0.3745318352059934
12/29/55,0.3745318352059934
12/30/55,0.3745318352059934
12/31/55,0.3745318352059934
1/1/56,0.3745318352059934
1/2/56,0.3745318352059934
1/3/56,0.3745318352059934
1/4/56,0.3745318352059934
1/5/56,0.3745318352059934
1/6/56,0.3745318352059934
1/7/56,0.3745318352059934
1/8/56,0.3745318352059934
1/9/56,0.3745318352059934
1/10/56,0.3745318352059934
1/11/56,0.3745318352059934
1/12/56,0.3745318352059934
1/13/56,0.3745318352059934
1/14/56,0.3745318352059934
1/15/56,0.3745318352059934
1/16/56,0.3745318352059934
1/17/56,0.3745318352059934
1/18/56,0.3745318352059934
1/19/56,0.3745318352059934
1/20/56,0.3745318352059934
1/21/56,0.3745318352059934
1/22/56,0.3745318352059934
1/23/56,0.3745318352059934
1/24/56,0.3745318352059934
1/25/56,0.3745318352059934
1/26/56,0.3745318352059934
1/27/56,0.3745318352059934
1/28/56,0.3745318352059934
1/29/56,0.3745318352059934
1/30/56,0.3745318352059934
1/31/56,0.3745318352059934
2/1/56,0.3745318352059934
2/2/56,0.3745318352059934
2/3/56,0.3745318352059934
2/4/56,0.3745318352059934
2/5/56,0.3745318352059934
2/6/56,0.3745318352059934
2/7/56,0.3745318352059934
2/8/56,0.3745318352059934
2/9/56,0.3745318352059934
2/10/56,0.3745318352059934
2/11/56,0.3745318352059934
2/12/56,0.3745318352059934
2/13/56,0.3745318352059934
2/14/56,0.3745318352059934
2/15/56,0.3745318352059934
2/16/56,0.3745318352059934
2/17/56,0.3745318352059934
2/18/56,0.3745318352059934
2/19/56,0.3745318352059934
2/20/56,0.3745318352059934
2/21/56,0.3745318352059934
2/22/56,0.3745318352059934
2/23/56,0.3745318352059934
2/24/56,0.3745318352059934
2/25/56,0.3745318352059934
2/26/56,0.3745318352059934
2/27/56,0.3745318352059934
2/28/56,0.3745318352059934
2/29/56,0.3745318352059934
3/1/56,0.3745318352059934
3/2/56,0.386613507
3/3/56,0.3986951794128446
3/4/56,0.410776852
3/5/56,0.4228585236196736
3/6/56,0.43494019572309917
3/7/56,0.44702186782650255
3/8/56,0.45910353992992814
3/9/56,0.47118521203335373
3/10/56,0.4832668841367571
3/11/56,0.4953485562401827
3/12/56,0.5074302283436083
3/13/56,0.5195119004470339
3/14/56,0.5315935725504373
3/15/56,0.5436752446538629
3/16/56,0.5557569167572884
3/17/56,0.5678385888606918
3/18/56,0.5799202609641174
3/19/56,0.592001933
3/20/56,0.6040836051709464
3/21/56,0.616165277
3/22/56,0.6282469493777976
3/23/56,0.6403286214812232
3/24/56,0.6524102935846265
3/25/56,0.6644919656880521
3/26/56,0.6765736377914777
3/27/56,0.6886553098948811
3/28/56,0.7007369819983067
3/29/56,0.7128186541017323
3/30/56,0.7249003262051357
3/31/56,0.7369819983085613
4/1/56,0.7490636704119868
4/2/56,0.761548065
4/3/56,0.7740324594257109
4/4/56,0.786516854
4/5/56,0.7990012484394349
4/6/56,0.811485643
4/7/56,0.8239700374531811
4/8/56,0.8364544319600542
4/9/56,0.8489388264669051
4/10/56,0.8614232209737782
4/11/56,0.8739076154806513
4/12/56,0.8863920099875244
4/13/56,0.8988764044943753
4/14/56,0.9113607990012484
4/15/56,0.9238451935081216
4/16/56,0.9363295880149725
4/17/56,0.9488139825218456
4/18/56,0.9612983770287187
4/19/56,0.9737827715355918
4/20/56,0.9862671660424427
4/21/56,0.9987515605493158
4/22/56,1.011235955056189
4/23/56,1.0237203495630398
4/24/56,1.036204744069913
4/25/56,1.048689138576786
4/26/56,1.0611735330836591
4/27/56,1.073657928
4/28/56,1.0861423220973832
4/29/56,1.098626716604234
4/30/56,1.1111111111111072
5/1/56,1.1235955056179803
5/2/56,1.1477588498248315
5/3/56,1.1719221940316604
5/4/56,1.1960855382384894
5/5/56,1.2202488824453406
5/6/56,1.2444122266521696
5/7/56,1.2685755708590207
5/8/56,1.2927389150658497
5/9/56,1.3169022592726787
5/10/56,1.3410656034795299
5/11/56,1.3652289476863588
5/12/56,1.3893922918931878
5/13/56,1.413555636100039
5/14/56,1.437718980306868
5/15/56,1.4618823245137191
5/16/56,1.486045668720548
5/17/56,1.510209012927377
5/18/56,1.5343723571342283
5/19/56,1.5585357013410794
5/20/56,1.5826990455479084
5/21/56,1.6068623897547374
5/22/56,1.6310257339615886
5/23/56,1.6551890781684175
5/24/56,1.6793524223752687
5/25/56,1.7035157665820977
5/26/56,1.7276791107889267
5/27/56,1.7518424549957778
5/28/56,1.7760057992026068
5/29/56,1.800169143409458
5/30/56,1.824332487616287
5/31/56,1.848495831823116
6/1/56,1.8599425789539437
6/2/56,1.8721917124313592
6/3/56,1.8844377885935293
6/4/56,1.896680808584983
6/5/56,1.908920773549605
6/6/56,1.9211576846307477
6/7/56,1.9333915429711857
6/8/56,1.9456223497131386
6/9/56,1.957850105998249
6/10/56,1.9700748129675594
6/11/56,1.9822964717616243
6/12/56,1.9945150835203318
6/13/56,2.006730649383015
6/14/56,2.0189431704885408
6/15/56,2.0311526479750874
6/16/56,2.0433590829803006
6/17/56,2.055562476641315
6/18/56,2.067762830094666
6/19/56,2.0799601444762894
6/20/56,2.0921544209215437
6/21/56,2.104345660565299
6/22/56,2.1165338645418252
6/23/56,2.128719033984794
6/24/56,2.140901170027365
6/25/56,2.1530802738020993
6/26/56,2.1652563464410024
6/27/56,2.1774293890755247
6/28/56,2.1895994028365173
6/29/56,2.2017663888543426
6/30/56,2.213930348258697
7/1/56,2.238805970149249
7/2/56,2.226769378911886
7/3/56,2.2147327876745226
7/4/56,2.2026961964371594
7/5/56,2.190659605199796
7/6/56,2.178623013962433
7/7/56,2.1665864227250697
7/8/56,2.1545498314877065
7/9/56,2.1425132402503655
7/10/56,2.1304766490130023
7/11/56,2.118440057775639
7/12/56,2.106403466538276
7/13/56,2.0943668753009126
7/14/56,2.0823302840635494
7/15/56,2.070293692826186
7/16/56,2.058257101588823
7/17/56,2.0462205103514597
7/18/56,2.0341839191140965
7/19/56,2.0221473278767332
7/20/56,2.010110736639392
7/21/56,1.998074145402029
7/22/56,1.9860375541646658
7/23/56,1.9740009629273025
7/24/56,1.9619643716899393
7/25/56,1.949927780452576
7/26/56,1.9378911892152129
7/27/56,1.9258545979778496
7/28/56,1.9138180067404864
7/29/56,1.9017814155031232
7/30/56,1.8897448242657822
7/31/56,1.877708233028419
8/1/56,1.8534119629317614
8/2/56,1.8531889290011927
8/3/56,1.8529659487426464
8/4/56,1.8527430221366714
8/5/56,1.8525201491639498
8/6/56,1.8522973298051415
8/7/56,1.8520745640408842
8/8/56,1.851851852
8/9/56,1.8516291932187068
8/10/56,1.8514065881221509
8/11/56,1.8511840365428522
8/12/56,1.8509615384615374
8/13/56,1.850739093858933
8/14/56,1.8505167027156988
8/15/56,1.8502943650126058
8/16/56,1.850072080730425
8/17/56,1.8498498498498384
8/18/56,1.8496276723516614
8/19/56,1.849405548216665
8/20/56,1.8491834774255533
8/21/56,1.8489614599591864
8/22/56,1.8487394957983128
8/23/56,1.848517585
8/24/56,1.8482957273163736
8/25/56,1.8480739229569165
8/26/56,1.8478521718262586
8/27/56,1.8476304739052152
8/28/56,1.8474088291746682
8/29/56,1.8471872376154552
8/30/56,1.846965699208436
8/31/56,1.8467442139345147
9/1/56,1.8587360594795488
9/2/56,1.871127633209424
9/3/56,1.883519206939277
9/4/56,1.8959107806691522
9/5/56,1.9083023543990052
9/6/56,1.9206939281288582
9/7/56,1.9330855018587334
9/8/56,1.9454770755886086
9/9/56,1.9578686493184616
9/10/56,1.9702602230483368
9/11/56,1.9826517967781898
9/12/56,1.995043370508065
9/13/56,2.007434944237918
9/14/56,2.019826517967771
9/15/56,2.0322180916976462
9/16/56,2.0446096654275214
9/17/56,2.0570012391573744
9/18/56,2.0693928128872496
9/19/56,2.0817843866171026
9/20/56,2.0941759603469556
9/21/56,2.106567534076831
9/22/56,2.118959107806684
9/23/56,2.131350681536559
9/24/56,2.1437422552664342
9/25/56,2.1561338289962872
9/26/56,2.1685254027261625
9/27/56,2.1809169764560155
9/28/56,2.1933085501858685
9/29/56,2.2057001239157437
9/30/56,2.2180916976455967
10/1/56,2.230483271375472
10/2/56,2.230483271375472
10/3/56,2.230483271375472
10/4/56,2.230483271375472
10/5/56,2.230483271375472
10/6/56,2.230483271375472
10/7/56,2.230483271375472
10/8/56,2.230483271375472
10/9/56,2.230483271375472
10/10/56,2.230483271375472
10/11/56,2.230483271375472
10/12/56,2.230483271375472
10/13/56,2.230483271375472
10/14/56,2.230483271375472
10/15/56,2.230483271375472
10/16/56,2.230483271375472
10/17/56,2.230483271375472
10/18/56,2.230483271375472
10/19/56,2.230483271375472
10/20/56,2.230483271375472
10/21/56,2.230483271375472
10/22/56,2.230483271375472
10/23/56,2.230483271375472
10/24/56,2.230483271375472
10/25/56,2.230483271375472
10/26/56,2.230483271375472
10/27/56,2.230483271375472
10/28/56,2.230483271375472
10/29/56,2.230483271375472
10/30/56,2.230483271375472
10/31/56,2.230483271375472
11/1/56,2.2431528070392837
11/2/56,2.2682201289043302
11/3/56,2.2932936655510217
11/4/56,2.3183734192908645
11/5/56,2.3434593924364533
11/6/56,2.3685515873015817
11/7/56,2.3936500062011756
11/8/56,2.4187546514512714
11/9/56,2.443865525369082
11/10/56,2.4689826302729534
11/11/56,2.494105968482452
11/12/56,2.519235542
11/13/56,2.544371354102015
11/14/56,2.569513406156898
11/15/56,2.594661700806955
11/16/56,2.6198162403774594
11/17/56,2.644977027194839
11/18/56,2.670144063586699
11/19/56,2.695317351881754
11/20/56,2.7204968944099406
11/21/56,2.745682693502305
11/22/56,2.770874751491048
11/23/56,2.7960730707095705
11/24/56,2.8212776534924267
11/25/56,2.8464885021752817
11/26/56,2.8717056190949997
11/27/56,2.896929006589577
11/28/56,2.9221586669982536
11/29/56,2.9473946026613573
11/30/56,2.972636815920393
12/1/56,2.9850746268656803
12/2/56,2.9850746268656803
12/3/56,2.9850746268656803
12/4/56,2.9850746268656803
12/5/56,2.9850746268656803
12/6/56,2.9850746268656803
12/7/56,2.9850746268656803
12/8/56,2.9850746268656803
12/9/56,2.9850746268656803
12/10/56,2.9850746268656803
12/11/56,2.9850746268656803
12/12/56,2.9850746268656803
12/13/56,2.9850746268656803
12/14/56,2.9850746268656803
12/15/56,2.9850746268656803
12/16/56,2.9850746268656803
12/17/56,2.9850746268656803
12/18/56,2.9850746268656803
12/19/56,2.9850746268656803
12/20/56,2.9850746268656803
12/21/56,2.9850746268656803
12/22/56,2.9850746268656803
12/23/56,2.9850746268656803
12/24/56,2.9850746268656803
12/25/56,2.9850746268656803
12/26/56,2.9850746268656803
12/27/56,2.9850746268656803
12/28/56,2.9850746268656803
12/29/56,2.9850746268656803
12/30/56,2.9850746268656803
12/31/56,2.9850746268656803
1/1/57,2.9850746268656803
1/2/57,2.9971112181030435
1/3/57,3.0091478093404067
1/4/57,3.0211844005777477
1/5/57,3.033220991815111
1/6/57,3.045257583052474
1/7/57,3.0572941742898374
1/8/57,3.0693307655272006
1/9/57,3.081367356764564
1/10/57,3.093403948001927
1/11/57,3.1054405392392903
1/12/57,3.1174771304766535
1/13/57,3.1295137217140168
1/14/57,3.141550312951358
1/15/57,3.153586904188721
1/16/57,3.1656234954260842
1/17/57,3.1776600866634475
1/18/57,3.1896966779008107
1/19/57,3.201733269138174
1/20/57,3.213769860375537
1/21/57,3.2258064516129004
1/22/57,3.2378430428502636
1/23/57,3.249879634087627
1/24/57,3.261916225
1/25/57,3.273952816562331
1/26/57,3.2859894077996943
1/27/57,3.2980259990370797
1/28/57,3.310062590274443
1/29/57,3.322099181511806
1/30/57,3.334135772749147
1/31/57,3.3461723639865104
2/1/57,3.3582089552238736
2/2/57,3.3715351812366734
2/3/57,3.384861407249451
2/4/57,3.3981876332622507
2/5/57,3.4115138592750505
2/6/57,3.4248400852878502
2/7/57,3.4381663113006278
2/8/57,3.4514925373134275
2/9/57,3.4648187633262273
2/10/57,3.478144989339027
2/11/57,3.4914712153518046
2/12/57,3.5047974413646044
2/13/57,3.518123667377404
2/14/57,3.5314498933901817
2/15/57,3.5447761194029814
2/16/57,3.558102345415781
2/17/57,3.5714285714285587
2/18/57,3.5847547974413585
2/19/57,3.5980810234541583
2/20/57,3.611407249466936
2/21/57,3.6247334754797356
2/22/57,3.6380597014925353
2/23/57,3.651385927505335
2/24/57,3.664712153518135
2/25/57,3.6780383795309124
2/26/57,3.691364605543712
2/27/57,3.704690831556512
2/28/57,3.7180170575692895
3/1/57,3.731343283582089
3/2/57,3.7308942110964027
3/3/57,3.730445246690728
3/4/57,3.7299963903260736
3/5/57,3.7295476419634266
3/6/57,3.729099001563818
3/7/57,3.7286504690882794
3/8/57,3.728202044497886
3/9/57,3.7277537277537354
3/10/57,3.7273055188168813
3/11/57,3.726857417648466
3/12/57,3.7264094242096313
3/13/57,3.725961538461542
3/14/57,3.72551376
3/15/57,3.725066089882234
3/16/57,3.7246185269734555
3/17/57,3.724171071600191
3/18/57,3.7237237237237153
3/19/57,3.7232764833053045
3/20/57,3.7228293503062337
3/21/57,3.7223823246878007
3/22/57,3.7219354064113253
3/23/57,3.7214885954381716
3/24/57,3.7210418917296817
3/25/57,3.720595295247242
3/26/57,3.720148805952239
3/27/57,3.719702423806104
3/28/57,3.7192561487702447
3/29/57,3.718809980806137
3/30/57,3.718363919875256
3/31/57,3.717917965939077
4/1/57,3.7174721189590976
4/2/57,3.7170115227357137
4/3/57,3.716551040634286
4/4/57,3.7160906726124043
4/5/57,3.7156304186277023
4/6/57,3.7151702786377694
4/7/57,3.714710252600306
4/8/57,3.7142503404729466
4/9/57,3.713790542213413
4/10/57,3.713330857779429
4/11/57,3.712871287128716
4/12/57,3.7124118302190423
4/13/57,3.7119524870081744
4/14/57,3.711493257453924
4/15/57,3.7110341415141024
4/16/57,3.710575139146566
4/17/57,3.71011625
4/18/57,3.7096574749598155
4/19/57,3.709198813
4/20/57,3.708740264556809
4/21/57,3.7082818294190467
4/22/57,3.707823507601038
4/23/57,3.707365299060794
4/24/57,3.7069072037563267
4/25/57,3.706449221645669
4/26/57,3.7059913526868327
4/27/57,3.705533597
4/28/57,3.705075954057069
4/29/57,3.7046184243022973
4/30/57,3.704161007531792
5/1/57,3.703703703703698
5/2/57,3.690874343048245
5/3/57,3.6780511105803715
5/4/57,3.6652340019102336
5/5/57,3.652423012652184
5/6/57,3.639618138424816
5/7/57,3.626819374850876
5/8/57,3.6140267175572394
5/9/57,3.601240162175068
5/10/57,3.5884597043395416
5/11/57,3.5756853396901045
5/12/57,3.5629170638703522
5/13/57,3.5501548725279886
5/14/57,3.537398761314914
5/15/57,3.524648725887114
5/16/57,3.5119047619047716
5/17/57,3.499166865032133
5/18/57,3.486435031
5/19/57,3.4737092552938442
5/20/57,3.460989533777359
5/21/57,3.4482758620689724
5/22/57,3.4355682358535367
5/23/57,3.4228666508200556
5/24/57,3.4101711026615966
5/25/57,3.397481587075335
5/26/57,3.384798099762487
5/27/57,3.3721206364283995
5/28/57,3.3594491927825487
5/29/57,3.3467837645383414
5/30/57,3.334124347413381
5/31/57,3.3214709371293116
6/1/57,3.308823529411775
6/2/57,3.3080127419750083
6/3/57,3.307202351788341
6/4/57,3.3063923585598953
6/5/57,3.3055827619980382
6/6/57,3.3047735618114915
6/7/57,3.3039647577092657
6/8/57,3.303156349400549
6/9/57,3.302348336594929
6/10/57,3.301540719002216
6/11/57,3.3007334963325308
6/12/57,3.2999266682962602
6/13/57,3.2991202346041026
6/14/57,3.2983141949670225
6/15/57,3.297508549096251
6/16/57,3.296703296703307
6/17/57,3.295898438
6/18/57,3.2950939711984484
6/19/57,3.2942898975109935
6/20/57,3.2934862161502876
6/21/57,3.292682926829271
6/22/57,3.291880029261174
6/23/57,3.291077523159447
6/24/57,3.290275408237875
6/25/57,3.289473684210531
6/26/57,3.2886723507917104
6/27/57,3.2878714076960636
6/28/57,3.287070854638441
6/29/57,3.286270691333981
6/30/57,3.285470917498179
7/1/57,3.284671532846728
7/2/57,3.2968326857412134
7/3/57,3.308996702779088
7/4/57,3.321163585
7/5/57,3.3333333333333437
7/6/57,3.345505948875016
7/7/57,3.3576814326107485
7/8/57,3.3698597855543966
7/9/57,3.382041008720238
7/10/57,3.3942251031231496
7/11/57,3.4064120697784084
7/12/57,3.4186019097017573
7/13/57,3.430794623909472
7/14/57,3.442990213418229
7/15/57,3.455188679
7/16/57,3.467390022408301
7/17/57,3.4795942439254546
7/18/57,3.491801344815393
7/19/57,3.504011326097234
7/20/57,3.516224188790562
7/21/57,3.528439933915517
7/22/57,3.540658562492638
7/23/57,3.5528800755429746
7/24/57,3.5651044740880655
7/25/57,3.5773317591499376
7/26/57,3.589561931751084
7/27/57,3.6017949929145088
7/28/57,3.6140309436636375
7/29/57,3.6262697850224512
7/30/57,3.6385115180153527
7/31/57,3.6507561436672997
8/1/57,3.663003663003672
8/2/57,3.6507561436672997
8/3/57,3.6385115180153527
8/4/57,3.6262697850224512
8/5/57,3.6140309436636375
8/6/57,3.6017949929145088
8/7/57,3.589561931751084
8/8/57,3.5773317591499376
8/9/57,3.5651044740880655
8/10/57,3.5528800755429746
8/11/57,3.540658562492638
8/12/57,3.528439933915517
8/13/57,3.516224188790562
8/14/57,3.504011326097234
8/15/57,3.491801344815393
8/16/57,3.4795942439254546
8/17/57,3.467390022408301
8/18/57,3.455188679
8/19/57,3.442990213418229
8/20/57,3.430794623909472
8/21/57,3.4186019097017573
8/22/57,3.4064120697784084
8/23/57,3.3942251031231496
8/24/57,3.382041008720238
8/25/57,3.3698597855543966
8/26/57,3.3576814326107485
8/27/57,3.345505948875016
8/28/57,3.3333333333333437
8/29/57,3.321163585
8/30/57,3.308996702779088
8/31/57,3.2968326857412134
9/1/57,3.284671532846728
9/2/57,3.272108016056441
9/3/57,3.2595475553393483
9/4/57,3.246990149580453
9/5/57,3.2344357976653804
9/6/57,3.2218844984802653
9/7/57,3.209336250911754
9/8/57,3.1967910538470923
9/9/57,3.1842489061740364
9/10/57,3.171709806780898
9/11/57,3.159173754556499
9/12/57,3.146640748390239
9/13/57,3.1341107871720286
9/14/57,3.1215838697923104
9/15/57,3.109059995142105
9/16/57,3.0965391621129434
9/17/57,3.08402137
9/18/57,3.0715066164865856
9/19/57,3.0589949016751605
9/20/57,3.0464862240563217
9/21/57,3.033980582524287
9/22/57,3.0214779759738075
9/23/57,3.0089784033001665
9/24/57,2.9964818633992474
9/25/57,2.9839883551673996
9/26/57,2.9714978775015055
9/27/57,2.959010429299047
9/28/57,2.946526009457995
9/29/57,2.9340446168768297
9/30/57,2.9215662504546103
10/1/57,2.9090909090909056
10/2/57,2.9208211143695095
10/3/57,2.9325513196480912
10/4/57,2.944281524926673
10/5/57,2.956011730205277
10/6/57,2.9677419354838808
10/7/57,2.9794721407624625
10/8/57,2.9912023460410664
10/9/57,3.002932551319648
10/10/57,3.014662757
10/11/57,3.0263929618768337
10/12/57,3.0381231671554376
10/13/57,3.0498533724340193
10/14/57,3.061583577712601
10/15/57,3.073313782991205
10/16/57,3.0850439882697867
10/17/57,3.0967741935483906
10/18/57,3.1085043988269723
10/19/57,3.120234604105576
10/20/57,3.131964809384158
10/21/57,3.143695014662762
10/22/57,3.1554252199413435
10/23/57,3.1671554252199474
10/24/57,3.178885630498529
10/25/57,3.190615835777111
10/26/57,3.2023460410557147
10/27/57,3.2140762463342964
10/28/57,3.2258064516129004
10/29/57,3.2375366568915043
10/30/57,3.249266862170086
10/31/57,3.2609970674486677
11/1/57,3.2727272727272716
11/2/57,3.2602108835292576
11/3/57,3.2476975278720177
11/4/57,3.235187204652834
11/5/57,3.222679912769566
11/6/57,3.2101756511205393
11/7/57,3.197674418604657
11/8/57,3.1851762141213547
11/9/57,3.1726810365706015
11/10/57,3.160188884852877
11/11/57,3.147699757869238
11/12/57,3.1352136545212295
11/13/57,3.1227305737109745
11/14/57,3.1102505143410397
11/15/57,3.0977734753146136
11/16/57,3.085299455535373
11/17/57,3.0728284539075723
11/18/57,3.060360469
11/19/57,3.0478955007256836
11/20/57,3.035433546982702
11/21/57,3.022974607013307
11/22/57,3.0105186797243277
11/23/57,2.9980657640231945
11/24/57,2.985615858817825
11/25/57,2.973168963
11/26/57,2.960725075528692
11/27/57,2.9482841952634065
11/28/57,2.9358463211308417
11/29/57,2.9234114520415577
11/30/57,2.9109795869066257
12/1/57,2.898550724637672
12/2/57,2.921926133707342
12/3/57,2.945301543
12/4/57,2.9686769518466383
12/5/57,2.9920523609163086
12/6/57,3.0154277699859566
12/7/57,3.038803179055627
12/8/57,3.062178588125297
12/9/57,3.0855539971949453
12/10/57,3.1089294062645934
12/11/57,3.1323048153342636
12/12/57,3.1556802244039117
12/13/57,3.179055633473582
12/14/57,3.202431043
12/15/57,3.2258064516129004
12/16/57,3.2491818606825484
12/17/57,3.2725572697522187
12/18/57,3.295932678821889
12/19/57,3.319308087891537
12/20/57,3.342683496961185
12/21/57,3.3660589060308554
12/22/57,3.3894343151005035
12/23/57,3.412809724170174
12/24/57,3.436185133239844
12/25/57,3.459560542309492
12/26/57,3.4829359513791402
12/27/57,3.5063113604488105
12/28/57,3.5296867695184586
12/29/57,3.553062178588129
12/30/57,3.576437587657777
12/31/57,3.5998129967274473
1/1/58,3.6231884057970953
1/2/58,3.6110786490592517
1/3/58,3.5989717223650297
1/4/58,3.5868676247225117
1/5/58,3.574766355
1/6/58,3.5626679126270266
1/7/58,3.550572296192467
1/8/58,3.5384795048464257
1/9/58,3.5263895375992504
1/10/58,3.5143023934617768
1/11/58,3.502218071445262
1/12/58,3.490136570561453
1/13/58,3.4780578898225833
1/14/58,3.4659820282413545
1/15/58,3.4539089848308224
1/16/58,3.4418387586045984
1/17/58,3.429771349
1/18/58,3.4177067537618067
1/19/58,3.405644973174704
1/20/58,3.3935860058309064
1/21/58,3.3815298507462677
1/22/58,3.3694765069371524
1/23/58,3.3574259734203693
1/24/58,3.3453782492131934
1/25/58,3.3333333333333437
1/26/58,3.3212912247989834
1/27/58,3.309251922628764
1/28/58,3.297215425841782
1/29/58,3.2851817334575983
1/30/58,3.273150844
1/31/58,3.261122757978119
2/1/58,3.2490974729241895
2/2/58,3.2615701946628883
2/3/58,3.274039700953857
2/4/58,3.286505993040345
2/5/58,3.298969072164959
2/6/58,3.3114289395696384
2/7/58,3.323885596495768
2/8/58,3.3363390441839558
2/9/58,3.3487892838742983
2/10/58,3.361236316806182
2/11/58,3.373680144218394
2/12/58,3.3861207673490545
2/13/58,3.3985581874356408
2/14/58,3.410992406
2/15/58,3.423423423423433
2/16/58,3.435851241796417
2/17/58,3.4482758620689724
2/18/58,3.460697285475356
2/19/58,3.473115513249292
2/20/58,3.485530546623794
2/21/58,3.4979423868312765
2/22/58,3.5103510351035094
2/23/58,3.5227564926716415
2/24/58,3.535158760766177
2/25/58,3.547557840616977
2/26/58,3.5599537334532805
2/27/58,3.5723464405037264
2/28/58,3.5847359629962883
3/1/58,3.597122302158273
3/2/58,3.596704954171015
3/3/58,3.596287703016232
3/4/58,3.5958705486602405
3/5/58,3.595453491069356
3/6/58,3.595036530209894
3/7/58,3.5946196660482377
3/8/58,3.5942028985507246
3/9/58,3.5937862276837373
3/10/58,3.5933696534137027
3/11/58,3.5929531757070032
3/12/58,3.5925367945300657
3/13/58,3.5921205098493614
3/14/58,3.5917043216313393
3/15/58,3.5912882298424487
3/16/58,3.590872234449205
3/17/58,3.590456335418124
3/18/58,3.5900405327156992
3/19/58,3.5896248263084685
3/20/58,3.589209216163014
3/21/58,3.588793702245896
3/22/58,3.5883782845236745
3/23/58,3.587962962962954
3/24/58,3.5875477375303833
3/25/58,3.5871326081925448
3/26/58,3.5867175749161095
3/27/58,3.5863026376677487
3/28/58,3.585887796414111
3/29/58,3.5854730511219124
3/30/58,3.5850584017578457
3/31/58,3.5846438482886267
4/1/58,3.584229390680993
4/2/58,3.5718552144307747
4/3/58,3.559483994266599
4/4/58,3.5471157291293354
4/5/58,3.534750417960364
4/6/58,3.5223880597014867
4/7/58,3.5100286532951275
4/8/58,3.497672197684132
4/9/58,3.4853186918118784
4/10/58,3.4729681346222563
4/11/58,3.4606205250596656
4/12/58,3.448275862
4/13/58,3.435934144595576
4/14/58,3.4235953715853418
4/15/58,3.4112595419847347
4/16/58,3.398926654740597
4/17/58,3.3865967088003712
4/18/58,3.374269703111943
4/19/58,3.361945636623731
4/20/58,3.3496245082846654
4/21/58,3.3373063170440975
4/22/58,3.3249910618519785
4/23/58,3.3126787416587256
4/24/58,3.3003693554152225
4/25/58,3.288062902072908
4/26/58,3.275759380583665
4/27/58,3.263458789899931
4/28/58,3.2511611289746334
4/29/58,3.238866396761142
4/30/58,3.2265745922133604
5/1/58,3.214285714285703
5/2/58,3.2023960373228855
5/3/58,3.1905090992858653
5/4/58,3.178624899228355
5/5/58,3.166743436204511
5/6/58,3.1548647092688453
5/7/58,3.1429887174764026
5/8/58,3.131115459882583
5/9/58,3.119244935543275
5/10/58,3.107377143514767
5/11/58,3.0955120828538574
5/12/58,3.0836497526176565
5/13/58,3.0717901518637847
5/14/58,3.0599332796502843
5/15/58,3.0480791350356418
5/16/58,3.0362277170787655
5/17/58,3.024379024839008
5/18/58,3.012533057376099
5/19/58,3.000689813750279
5/20/58,2.9888492930221666
5/21/58,2.977011494252868
5/22/58,2.9651764165038452
5/23/58,2.9533440588370485
5/24/58,2.941514420314828
5/25/58,2.9296875
5/26/58,2.9178632969557583
5/27/58,2.9060418102457852
5/28/58,2.894223038934185
5/29/58,2.882406982085439
5/30/58,2.870593638764496
5/31/58,2.858783008036725
6/1/58,2.8469750889679624
6/2/58,2.8344402277039826
6/3/58,2.8219113113587824
6/4/58,2.8093883357041216
6/5/58,2.796871296515735
6/6/58,2.7843601895734427
6/7/58,2.771855010660973
6/8/58,2.759355755566073
6/9/58,2.746862420080509
6/10/58,2.734375
6/11/58,2.721893491124261
6/12/58,2.709417889256982
6/13/58,2.6969481902058057
6/14/58,2.6844843897823933
6/15/58,2.6720264838023144
6/16/58,2.659574468085091
6/17/58,2.647128338454263
6/18/58,2.634688090737236
6/19/58,2.6222537207654106
6/20/58,2.609825224374096
6/21/58,2.5974025974025983
6/22/58,2.5849858356940425
6/23/58,2.572574935095595
6/24/58,2.5601698914582416
6/25/58,2.547770700636942
6/26/58,2.535377358490565
6/27/58,2.5229898608818635
6/28/58,2.510608204
6/29/58,2.4982323827480446
6/30/58,2.4858623939679525
7/1/58,2.473498233215543
7/2/58,2.4620996238458925
7/3/58,2.450701014
7/4/58,2.4393024051065693
7/5/58,2.4279037957369187
7/6/58,2.416505186367268
7/7/58,2.4051065769975954
7/8/58,2.393707967627945
7/9/58,2.3823093582582944
7/10/58,2.3709107488886216
7/11/58,2.359512139518971
7/12/58,2.3481135301493206
7/13/58,2.336714921
7/14/58,2.3253163114099973
7/15/58,2.3139177020403467
7/16/58,2.302519092670674
7/17/58,2.2911204833010457
7/18/58,2.279721873931373
7/19/58,2.2683232645617224
7/20/58,2.2569246551920497
7/21/58,2.245526045822399
7/22/58,2.2341274364527486
7/23/58,2.222728827083098
7/24/58,2.2113302177134253
7/25/58,2.1999316083437748
7/26/58,2.1885329989741242
7/27/58,2.1771343896044515
7/28/58,2.165735780234801
7/29/58,2.1543371708651504
7/30/58,2.142938561
7/31/58,2.131539952125827
8/1/58,2.1201413427561766
8/2/58,2.1201413427561766
8/3/58,2.1201413427561766
8/4/58,2.1201413427561766
8/5/58,2.1201413427561766
8/6/58,2.1201413427561766
8/7/58,2.1201413427561766
8/8/58,2.1201413427561766
8/9/58,2.1201413427561766
8/10/58,2.1201413427561766
8/11/58,2.1201413427561766
8/12/58,2.1201413427561766
8/13/58,2.1201413427561766
8/14/58,2.1201413427561766
8/15/58,2.1201413427561766
8/16/58,2.1201413427561766
8/17/58,2.1201413427561766
8/18/58,2.1201413427561766
8/19/58,2.1201413427561766
8/20/58,2.1201413427561766
8/21/58,2.1201413427561766
8/22/58,2.1201413427561766
8/23/58,2.1201413427561766
8/24/58,2.1201413427561766
8/25/58,2.1201413427561766
8/26/58,2.1201413427561766
8/27/58,2.1201413427561766
8/28/58,2.1201413427561766
8/29/58,2.1201413427561766
8/30/58,2.1201413427561766
8/31/58,2.1201413427561766
9/1/58,2.1201413427561766
9/2/58,2.1201413427561766
9/3/58,2.1201413427561766
9/4/58,2.1201413427561766
9/5/58,2.1201413427561766
9/6/58,2.1201413427561766
9/7/58,2.1201413427561766
9/8/58,2.1201413427561766
9/9/58,2.1201413427561766
9/10/58,2.1201413427561766
9/11/58,2.1201413427561766
9/12/58,2.1201413427561766
9/13/58,2.1201413427561766
9/14/58,2.1201413427561766
9/15/58,2.1201413427561766
9/16/58,2.1201413427561766
9/17/58,2.1201413427561766
9/18/58,2.1201413427561766
9/19/58,2.1201413427561766
9/20/58,2.1201413427561766
9/21/58,2.1201413427561766
9/22/58,2.1201413427561766
9/23/58,2.1201413427561766
9/24/58,2.1201413427561766
9/25/58,2.1201413427561766
9/26/58,2.1201413427561766
9/27/58,2.1201413427561766
9/28/58,2.1201413427561766
9/29/58,2.1201413427561766
9/30/58,2.1201413427561766
10/1/58,2.1201413427561766
10/2/58,2.119899703669925
10/3/58,2.1196581196581077
10/4/58,2.119416590701917
10/5/58,2.1191751167825013
10/6/58,2.1189336978810536
10/7/58,2.118692333978811
10/8/58,2.1184510250569444
10/9/58,2.1182097710966907
10/10/58,2.117968572079265
10/11/58,2.1177274279858826
10/12/58,2.1174863387978027
10/13/58,2.1172453044962847
10/14/58,2.1170043250626103
10/15/58,2.1167634004779945
10/16/58,2.116522530723719
10/17/58,2.1162817157810876
10/18/58,2.116040955631382
10/19/58,2.115800250255928
10/20/58,2.1155596
10/21/58,2.115319003752991
10/22/58,2.115078462588138
10/23/58,2.1148379761227964
10/24/58,2.114597544338337
10/25/58,2.1143571672161077
10/26/58,2.1141168447374348
10/27/58,2.113876576883733
10/28/58,2.113636363636373
10/29/58,2.113396204976703
10/30/58,2.113156101
10/31/58,2.1129160513461365
11/1/58,2.1126760563380254
11/2/58,2.1009389671361456
11/3/58,2.089201877934266
11/4/58,2.077464788732386
11/5/58,2.0657276995305285
11/6/58,2.0539906103286487
11/7/58,2.042253521126769
11/8/58,2.030516431924889
11/9/58,2.0187793427230094
11/10/58,2.0070422535211296
11/11/58,1.9953051643192499
11/12/58,1.983568075
11/13/58,1.9718309859154903
11/14/58,1.9600938967136106
11/15/58,1.9483568075117308
11/16/58,1.936619718309851
11/17/58,1.9248826291079713
11/18/58,1.9131455399060915
11/19/58,1.9014084507042117
11/20/58,1.8896713615023542
11/21/58,1.8779342723004744
11/22/58,1.8661971830985946
11/23/58,1.8544600938967148
11/24/58,1.842723004694835
11/25/58,1.8309859154929553
11/26/58,1.8192488262910755
11/27/58,1.8075117370891958
11/28/58,1.7957746478873382
11/29/58,1.7840375586854584
11/30/58,1.7723004694835787
12/1/58,1.760563380281699
12/2/58,1.748807631160565
12/3/58,1.737057220708449
12/4/58,1.7253121452894593
12/5/58,1.7135724012709908
12/6/58,1.7018379850238352
12/7/58,1.6901088929219599
12/8/58,1.678385121342707
12/9/58,1.666666666666683
12/10/58,1.6549535252777137
12/11/58,1.6432456935630002
12/12/58,1.6315431679129855
12/13/58,1.619845944721332
12/14/58,1.6081540203850553
12/15/58,1.596467391304346
12/16/58,1.5847860538827252
12/17/58,1.5731100045269342
12/18/58,1.5614392396469778
12/19/58,1.549773755656103
12/20/58,1.5381135489708209
12/21/58,1.5264586160108395
12/22/58,1.5148089531991982
12/23/58,1.5031645569620222
12/24/58,1.491525424
12/25/58,1.4798915499322218
12/26/58,1.4682629320081242
12/27/58,1.4566395663956566
12/28/58,1.4450214495371538
12/29/58,1.4334085778781036
12/30/58,1.421800948
12/31/58,1.4101985559566765
1/1/59,1.3986013986013957
1/2/59,1.387322355064291
1/3/59,1.3760433115271642
1/4/59,1.3647642679900596
1/5/59,1.353485224452955
1/6/59,1.3422061809158503
1/7/59,1.3309271373787457
1/8/59,1.319648093841641
1/9/59,1.3083690503045142
1/10/59,1.2970900067674096
1/11/59,1.2858109632303272
1/12/59,1.2745319196932003
1/13/59,1.2632528761560957
1/14/59,1.251973832618991
1/15/59,1.2406947890818865
1/16/59,1.2294157455447596
1/17/59,1.2181367020076772
1/18/59,1.2068576584705504
1/19/59,1.1955786149334457
1/20/59,1.1842995713963411
1/21/59,1.1730205278592365
1/22/59,1.1617414843221097
1/23/59,1.1504624407850272
1/24/59,1.1391833972479004
1/25/59,1.1279043537107958
1/26/59,1.1166253101736912
1/27/59,1.1053462666365865
1/28/59,1.0940672230994597
1/29/59,1.0827881795623773
1/30/59,1.0715091360252504
1/31/59,1.0602300924881458
2/1/59,1.0489510489510412
2/2/59,1.0237203495630398
2/3/59,0.9985022466300508
2/4/59,0.9732967307212181
2/5/59,0.948103792
2/6/59,0.9229234222998262
2/7/59,0.8977556109725615
2/8/59,0.8726003490401313
2/9/59,0.8474576271186418
2/10/59,0.8223274358335253
2/11/59,0.7972097658196287
2/12/59,0.7721046077210358
2/13/59,0.7470119521912233
2/14/59,0.7219317898929489
2/15/59,0.6968641114982521
2/16/59,0.6718089076884759
2/17/59,0.6467661691542226
2/18/59,0.6217358865953759
2/19/59,0.5967180507210346
2/20/59,0.5717126522495564
2/21/59,0.5467196819085363
2/22/59,0.52173913
2/23/59,0.4967709885742577
2/24/59,0.4718152470821746
2/25/59,0.4468718967229224
2/26/59,0.42194092827003704
2/27/59,0.3970223325062028
2/28/59,0.37211610022325203
3/1/59,0.3472222222222099
3/2/59,0.3471833351998965
3/3/59,0.3471444568868831
3/4/59,0.34710558728026086
3/5/59,0.3470667263770544
3/6/59,0.3470278741743993
3/7/59,0.3469890306693424
3/8/59,0.3469501958589749
3/9/59,0.34691136974038805
3/10/59,0.34687255231062863
3/11/59,0.34683374356678787
3/12/59,0.34679494350597917
3/13/59,0.34675615212527156
3/14/59,0.34671736942177844
3/15/59,0.34667859539252444
3/16/59,0.34663983003466736
3/17/59,0.34660107334525403
3/18/59,0.34656232532139786
3/19/59,0.34652358596019006
3/20/59,0.34648485525874406
3/21/59,0.34644613321412887
3/22/59,0.3464074198234579
3/23/59,0.3463687150838002
3/24/59,0.3463300189922913
3/25/59,0.34629133154602254
3/26/59,0.34625265274210726
3/27/59,0.3462139825776145
3/28/59,0.34617532104970206
3/29/59,0.34613666815541677
3/30/59,0.34609802389193867
3/31/59,0.34605938825631455
4/1/59,0.34602076124568004
4/2/59,0.34602076124568004
4/3/59,0.34602076124568004
4/4/59,0.34602076124568004
4/5/59,0.34602076124568004
4/6/59,0.34602076124568004
4/7/59,0.34602076124568004
4/8/59,0.34602076124568004
4/9/59,0.34602076124568004
4/10/59,0.34602076124568004
4/11/59,0.34602076124568004
4/12/59,0.34602076124568004
4/13/59,0.34602076124568004
4/14/59,0.34602076124568004
4/15/59,0.34602076124568004
4/16/59,0.34602076124568004
4/17/59,0.34602076124568004
4/18/59,0.34602076124568004
4/19/59,0.34602076124568004
4/20/59,0.34602076124568004
4/21/59,0.34602076124568004
4/22/59,0.34602076124568004
4/23/59,0.34602076124568004
4/24/59,0.34602076124568004
4/25/59,0.34602076124568004
4/26/59,0.34602076124568004
4/27/59,0.34602076124568004
4/28/59,0.34602076124568004
4/29/59,0.34602076124568004
4/30/59,0.34602076124568004
5/1/59,0.34602076124568004
5/2/59,0.3571827212858647
5/3/59,0.36834468132604936
5/4/59,0.379506641
5/5/59,0.3906686014064187
5/6/59,0.40183056144660334
5/7/59,0.412992521
5/8/59,0.42415448152697266
5/9/59,0.4353164415671573
5/10/59,0.446478402
5/11/59,0.45764036164750443
5/12/59,0.4688023216876891
5/13/59,0.47996428172787375
5/14/59,0.4911262417680584
5/15/59,0.5022882018082431
5/16/59,0.5134501618484277
5/17/59,0.5246121218886124
5/18/59,0.535774082
5/19/59,0.5469360419689817
5/20/59,0.5580980020091664
5/21/59,0.569259962
5/22/59,0.5804219220895357
5/23/59,0.5915838821296981
5/24/59,0.6027458421698828
5/25/59,0.6139078022100675
5/26/59,0.6250697622502521
5/27/59,0.6362317222904368
5/28/59,0.6473936823306214
5/29/59,0.6585556423708061
5/30/59,0.6697176024109908
5/31/59,0.6808795624511754
6/1/59,0.6920415224913601
6/2/59,0.6919617114519827
6/3/59,0.6918819188191927
6/4/59,0.6918021445866396
6/5/59,0.6917223887479951
6/6/59,0.6916426512968421
6/7/59,0.6915629322268524
6/8/59,0.6914832315316533
6/9/59,0.6914035492048942
6/10/59,0.691323885
6/11/59,0.69124424
6/12/59,0.6911646123718418
6/13/59,0.6910850034554272
6/14/59,0.6910054128757448
6/15/59,0.690925841
6/16/59,0.6908462867011966
6/17/59,0.6907667510937188
6/18/59,0.6906872337976155
6/19/59,0.6906077348066253
6/20/59,0.6905282541143976
6/21/59,0.6904487917146263
6/22/59,0.6903693476009831
6/23/59,0.6902899217671399
6/24/59,0.6902105142068349
6/25/59,0.6901311249137398
6/26/59,0.6900517538815487
6/27/59,0.6899724011039554
6/28/59,0.6898930665746761
6/29/59,0.6898137502874269
6/30/59,0.6897344522358795
7/1/59,0.6896551724137945
7/2/59,0.7008566025141771
7/3/59,0.712060525
7/4/59,0.7232669411372017
7/5/59,0.7344758513242677
7/6/59,0.7456872565386741
7/7/59,0.756901158
7/8/59,0.7681175553823971
7/9/59,0.7793364506791356
7/10/59,0.7905578443380579
7/11/59,0.801781737
7/12/59,0.8130081300812941
7/13/59,0.8242370238360497
7/14/59,0.8354684192937611
7/15/59,0.8467023172905597
7/16/59,0.8579387186629539
7/17/59,0.869177624
7/18/59,0.8804190348824292
7/19/59,0.8916629514043706
7/20/59,0.9029093746516503
7/21/59,0.9141583054626645
7/22/59,0.925409745
7/23/59,0.9366636931311234
7/24/59,0.9479201516672253
7/25/59,0.9591791211242429
7/26/59,0.9704406023424372
7/27/59,0.9817045961624249
7/28/59,0.9929711034251998
7/29/59,1.0042401249721111
7/30/59,1.0155116616449078
7/31/59,1.0267857142857162
8/1/59,1.038062283737018
8/2/59,1.0492242437772026
8/3/59,1.0603862038173872
8/4/59,1.071548163857572
8/5/59,1.0827101238977566
8/6/59,1.0938720839379412
8/7/59,1.1050340439781259
8/8/59,1.1161960040183105
8/9/59,1.1273579640584952
8/10/59,1.1385199240986799
8/11/59,1.1496818841388645
8/12/59,1.1608438441790492
8/13/59,1.1720058042192338
8/14/59,1.1831677642594185
8/15/59,1.1943297242996032
8/16/59,1.2054916843397878
8/17/59,1.2166536443799503
8/18/59,1.227815604420135
8/19/59,1.2389775644603196
8/20/59,1.2501395245005043
8/21/59,1.261301484540689
8/22/59,1.2724634445808736
8/23/59,1.2836254046210582
8/24/59,1.294787364661243
8/25/59,1.3059493247014275
8/26/59,1.3171112847416122
8/27/59,1.3282732447817969
8/28/59,1.3394352048219815
8/29/59,1.350597164862144
8/30/59,1.3617591249023286
8/31/59,1.3729210849425133
9/1/59,1.384083044982698
9/2/59,1.3956170703575577
9/3/59,1.4071510957324174
9/4/59,1.418685121107277
9/5/59,1.4302191464821146
9/6/59,1.4417531718569743
9/7/59,1.453287197231834
9/8/59,1.4648212226066937
9/9/59,1.4763552479815534
9/10/59,1.4878892733563909
9/11/59,1.4994232987312506
9/12/59,1.5109573241061103
9/13/59,1.522491349
9/14/59,1.5340253748558297
9/15/59,1.5455594002306894
9/16/59,1.557093425605549
9/17/59,1.5686274509803866
9/18/59,1.5801614763552463
9/19/59,1.591695501730106
9/20/59,1.6032295271049657
9/21/59,1.6147635524798254
9/22/59,1.626297577854663
9/23/59,1.6378316032295226
9/24/59,1.6493656286043823
9/25/59,1.660899653979242
9/26/59,1.6724336793541017
9/27/59,1.6839677047289614
9/28/59,1.695501730103821
9/29/59,1.7070357554786586
9/30/59,1.7185697808535183
10/1/59,1.730103806228378
10/2/59,1.7187499999999911
10/3/59,1.7073987278205527
10/4/59,1.6960499888417635
10/5/59,1.6847037822157906
10/6/59,1.6733601070950455
10/7/59,1.662018963
10/8/59,1.6506803479812593
10/9/59,1.6393442622950838
10/10/59,1.6280107047279113
10/11/59,1.6166796744341738
10/12/59,1.6053511705685697
10/13/59,1.5940251922862636
10/14/59,1.5827017387427533
10/15/59,1.5713808090939363
10/16/59,1.5600624024960874
10/17/59,1.548746518105859
10/18/59,1.5374331550802145
10/19/59,1.5261223125765833
10/20/59,1.514813989752728
10/21/59,1.5035081857667887
10/22/59,1.492204899777283
10/23/59,1.480904130943106
10/24/59,1.4696058784235078
10/25/59,1.4583101413781607
10/26/59,1.4470169189670479
10/27/59,1.4357262103505741
10/28/59,1.4244380146894997
10/29/59,1.4131523311449845
10/30/59,1.4018691588784993
10/31/59,1.3905884970519589
11/1/59,1.379310344827589
11/2/59,1.3909644786757047
11/3/59,1.4026212922510828
11/4/59,1.4142807864780949
11/5/59,1.425942962
11/6/59,1.4376078205865284
11/7/59,1.4492753623188248
11/8/59,1.4609455884044609
11/9/59,1.4726184997698955
11/10/59,1.484294097342076
11/11/59,1.4959723820483273
11/12/59,1.5076533548164406
11/13/59,1.5193370165745845
11/14/59,1.531023368251394
11/15/59,1.5427124107759482
11/16/59,1.5544041450777257
11/17/59,1.566098572086605
11/18/59,1.5777956927329306
11/19/59,1.5894955079474915
11/20/59,1.6011980186614316
11/21/59,1.6129032258064502
11/22/59,1.6246111303145572
11/23/59,1.636321733118229
11/24/59,1.648035035150408
11/25/59,1.6597510373443924
11/26/59,1.6714697406340129
11/27/59,1.6831911459534332
11/28/59,1.6949152542372836
11/29/59,1.7066420664206605
11/30/59,1.7183715834390378
12/1/59,1.730103806228378
12/2/59,1.7075892857142838
12/3/59,1.685079790201982
12/4/59,1.6625753180093739
12/5/59,1.640075867455093
12/6/59,1.6175814368585506
12/7/59,1.595092024539868
12/8/59,1.5726076288199886
12/9/59,1.5501282480205214
12/10/59,1.527653880463875
12/11/59,1.505184524473191
12/12/59,1.4827201783723654
12/13/59,1.4602608404860051
12/14/59,1.4378065091395609
12/15/59,1.4153571826590827
12/16/59,1.392912859371509
12/17/59,1.3704735376044663
12/18/59,1.3480392156862697
12/19/59,1.325609891946078
12/20/59,1.3031855647137602
12/21/59,1.280766232319852
12/22/59,1.258351893095755
12/23/59,1.2359425453735806
12/24/59,1.213538187486085
12/25/59,1.1911388177668902
12/26/59,1.1687444345503062
12/27/59,1.1463550361713981
12/28/59,1.1239706209659417
12/29/59,1.101591187270512
12/30/59,1.0792167334223501
12/31/59,1.0568472577594967
1/1/60,1.0344827586207028
1/2/60,1.0568472577594967
1/3/60,1.0792167334223501
1/4/60,1.101591187270512
1/5/60,1.1239706209659417
1/6/60,1.1463550361713981
1/7/60,1.1687444345503062
1/8/60,1.1911388177668902
1/9/60,1.213538187486085
1/10/60,1.2359425453735806
1/11/60,1.258351893095755
1/12/60,1.280766232319852
1/13/60,1.3031855647137602
1/14/60,1.325609891946078
1/15/60,1.3480392156862697
1/16/60,1.3704735376044663
1/17/60,1.392912859371509
1/18/60,1.4153571826590827
1/19/60,1.4378065091395609
1/20/60,1.4602608404860051
1/21/60,1.4827201783723654
1/22/60,1.505184524473191
1/23/60,1.527653880463875
1/24/60,1.5501282480205214
1/25/60,1.5726076288199886
1/26/60,1.595092024539868
1/27/60,1.6175814368585506
1/28/60,1.640075867455093
1/29/60,1.6625753180093739
1/30/60,1.685079790201982
1/31/60,1.7075892857142838
2/1/60,1.730103806228378
2/2/60,1.730103806228378
2/3/60,1.730103806228378
2/4/60,1.730103806228378
2/5/60,1.730103806228378
2/6/60,1.730103806228378
2/7/60,1.730103806228378
2/8/60,1.730103806228378
2/9/60,1.730103806228378
2/10/60,1.730103806228378
2/11/60,1.730103806228378
2/12/60,1.730103806228378
2/13/60,1.730103806228378
2/14/60,1.730103806228378
2/15/60,1.730103806228378
2/16/60,1.730103806228378
2/17/60,1.730103806228378
2/18/60,1.730103806228378
2/19/60,1.730103806228378
2/20/60,1.730103806228378
2/21/60,1.730103806228378
2/22/60,1.730103806228378
2/23/60,1.730103806228378
2/24/60,1.730103806228378
2/25/60,1.730103806228378
2/26/60,1.730103806228378
2/27/60,1.730103806228378
2/28/60,1.730103806228378
2/29/60,1.730103806228378
3/1/60,1.7187499999999911
3/2/60,1.718558196629849
3/3/60,1.7183664360633788
3/4/60,1.7181747182863027
3/5/60,1.7179830432842547
3/6/60,1.7177914110429349
3/7/60,1.717599821548066
3/8/60,1.7174082747853259
3/9/60,1.7172167707404151
3/10/60,1.7170253093990562
3/11/60,1.7168338907469272
3/12/60,1.7166425147698172
3/13/60,1.7164511814534045
3/14/60,1.7162598907834559
3/15/60,1.7160686427457161
3/16/60,1.7158774373259078
3/17/60,1.7156862745097978
3/18/60,1.7154951542831753
3/19/60,1.7153040766317629
3/20/60,1.7151130415413718
3/21/60,1.714922048997769
3/22/60,1.714731098986766
3/23/60,1.7145401914941072
3/24/60,1.7143493265056264
3/25/60,1.7141585040071128
3/26/60,1.713967723984422
3/27/60,1.713776986423321
3/28/60,1.7135862913096878
3/29/60,1.7133956386292892
3/30/60,1.7132050283680034
3/31/60,1.713014460511686
4/1/60,1.724137931034475
4/2/60,1.724137931034475
4/3/60,1.724137931034475
4/4/60,1.724137931034475
4/5/60,1.724137931034475
4/6/60,1.724137931034475
4/7/60,1.724137931034475
4/8/60,1.724137931034475
4/9/60,1.724137931034475
4/10/60,1.724137931034475
4/11/60,1.724137931034475
4/12/60,1.724137931034475
4/13/60,1.724137931034475
4/14/60,1.724137931034475
4/15/60,1.724137931034475
4/16/60,1.724137931034475
4/17/60,1.724137931034475
4/18/60,1.724137931034475
4/19/60,1.724137931034475
4/20/60,1.724137931034475
4/21/60,1.724137931034475
4/22/60,1.724137931034475
4/23/60,1.724137931034475
4/24/60,1.724137931034475
4/25/60,1.724137931034475
4/26/60,1.724137931034475
4/27/60,1.724137931034475
4/28/60,1.724137931034475
4/29/60,1.724137931034475
4/30/60,1.724137931034475
5/1/60,1.7128239350461483
5/2/60,1.7126334519572906
5/3/60,1.7124430112309463
5/4/60,1.7122526128530158
5/5/60,1.7120622568093324
5/6/60,1.7118719430858187
5/7/60,1.7116816716683303
5/8/60,1.7114914425427896
5/9/60,1.7113012556950746
5/10/60,1.711111111
5/11/60,1.7109210087768112
5/12/60,1.710730948678063
5/13/60,1.7105409308008523
5/14/60,1.710350955131057
5/15/60,1.7101610216546437
5/16/60,1.709971130357557
5/17/60,1.7097812812257196
5/18/60,1.7095914742451201
5/19/60,1.7094017094017033
5/20/60,1.7092119866814581
5/21/60,1.7090223060703513
5/22/60,1.708832667554372
5/23/60,1.7086430711194867
5/24/60,1.7084535167517068
5/25/60,1.7082640044370434
5/26/60,1.7080745341614856
5/27/60,1.7078851059110445
5/28/60,1.7076957196717757
5/29/60,1.707506375429646
5/30/60,1.7073170731707332
5/31/60,1.7071278128810485
6/1/60,1.7065628221280438
6/2/60,1.6949152542372836
6/3/60,1.6832703538303129
6/4/60,1.6716281199908423
6/5/60,1.6599885518030932
6/6/60,1.6483516483516425
6/7/60,1.636717408721533
6/8/60,1.6250858319981631
6/9/60,1.6134569172674196
6/10/60,1.6018306636155666
6/11/60,1.5902070701292903
6/12/60,1.5785861358956765
6/13/60,1.5669678600022996
6/14/60,1.5553522415370447
6/15/60,1.543739279588352
6/16/60,1.5321289732449284
6/17/60,1.5205213215959912
6/18/60,1.5089163237311354
6/19/60,1.4973139787404222
6/20/60,1.4857142857142902
6/21/60,1.4741172437435779
6/22/60,1.4625228519195677
6/23/60,1.4509311093339416
6/24/60,1.439342015078826
6/25/60,1.4277555682467247
6/26/60,1.416171767930563
6/27/60,1.4045906132237107
6/28/60,1.393012103219915
6/29/60,1.381436237013367
6/30/60,1.3698630136986356
7/1/60,1.3698630136986356
7/2/60,1.3698630136986356
7/3/60,1.3698630136986356
7/4/60,1.3698630136986356
7/5/60,1.3698630136986356
7/6/60,1.3698630136986356
7/7/60,1.3698630136986356
7/8/60,1.3698630136986356
7/9/60,1.3698630136986356
7/10/60,1.3698630136986356
7/11/60,1.3698630136986356
7/12/60,1.3698630136986356
7/13/60,1.3698630136986356
7/14/60,1.3698630136986356
7/15/60,1.3698630136986356
7/16/60,1.3698630136986356
7/17/60,1.3698630136986356
7/18/60,1.3698630136986356
7/19/60,1.3698630136986356
7/20/60,1.3698630136986356
7/21/60,1.3698630136986356
7/22/60,1.3698630136986356
7/23/60,1.3698630136986356
7/24/60,1.3698630136986356
7/25/60,1.3698630136986356
7/26/60,1.3698630136986356
7/27/60,1.3698630136986356
7/28/60,1.3698630136986356
7/29/60,1.3698630136986356
7/30/60,1.3698630136986356
7/31/60,1.3698630136986356
8/1/60,1.3586656357008842
8/2/60,1.347470731168543
8/3/60,1.3362782992821565
8/4/60,1.3250883392226243
8/5/60,1.3139008501711569
8/6/60,1.3027158313093423
8/7/60,1.2915332818191905
8/8/60,1.2803532008829999
8/9/60,1.2691755876834687
8/10/60,1.2580004414036727
8/11/60,1.2468277612269762
8/12/60,1.2356575463371655
8/13/60,1.224489795918382
8/14/60,1.2133245091550782
8/15/60,1.2021616852321504
8/16/60,1.191001323334806
8/17/60,1.1798434226485854
8/18/60,1.1686879823594287
8/19/60,1.1575350016536312
8/20/60,1.1463844797178213
8/21/60,1.135236415739005
8/22/60,1.1240908089045654
8/23/60,1.112947658402219
8/24/60,1.1018069634200156
8/25/60,1.0906687231464263
8/26/60,1.0795329367702111
8/27/60,1.068399603480552
8/28/60,1.0572687224669641
8/29/60,1.0461402929192953
8/30/60,1.035014314027749
8/31/60,1.0238907849829282
9/1/60,1.0123990444772968
9/2/60,1.0236578707916388
9/3/60,1.0349141362447245
9/4/60,1.046167841710255
9/5/60,1.0574189880613982
9/6/60,1.0686675761709896
9/7/60,1.0799136069114423
9/8/60,1.0911570811548144
9/9/60,1.1023979997727196
9/10/60,1.1136363636363722
9/11/60,1.1248721736166312
9/12/60,1.1361054305839557
9/13/60,1.1473361354083833
9/14/60,1.1585642889595738
9/15/60,1.169789892106765
9/16/60,1.181012946
9/17/60,1.1922334506642596
9/18/60,1.2034514078110847
9/19/60,1.2146668180270215
9/20/60,1.2258796821793316
9/21/60,1.2370900011349661
9/22/60,1.248297775760343
9/23/60,1.2595030069215918
9/24/60,1.2707056954844642
9/25/60,1.281905842314246
9/26/60,1.2931034482758674
9/27/60,1.3042985142338592
9/28/60,1.3154910410523968
9/29/60,1.3266810295952114
9/30/60,1.3378684807256347
10/1/60,1.3605442176870763
10/2/60,1.3605442176870763
10/3/60,1.3605442176870763
10/4/60,1.3605442176870763
10/5/60,1.3605442176870763
10/6/60,1.3605442176870763
10/7/60,1.3605442176870763
10/8/60,1.3605442176870763
10/9/60,1.3605442176870763
10/10/60,1.3605442176870763
10/11/60,1.3605442176870763
10/12/60,1.3605442176870763
10/13/60,1.3605442176870763
10/14/60,1.3605442176870763
10/15/60,1.3605442176870763
10/16/60,1.3605442176870763
10/17/60,1.3605442176870763
10/18/60,1.3605442176870763
10/19/60,1.3605442176870763
10/20/60,1.3605442176870763
10/21/60,1.3605442176870763
10/22/60,1.3605442176870763
10/23/60,1.3605442176870763
10/24/60,1.3605442176870763
10/25/60,1.3605442176870763
10/26/60,1.3605442176870763
10/27/60,1.3605442176870763
10/28/60,1.3605442176870763
10/29/60,1.3605442176870763
10/30/60,1.3605442176870763
10/31/60,1.3605442176870763
11/1/60,1.3605442176870763
11/2/60,1.3605442176870763
11/3/60,1.3605442176870763
11/4/60,1.3605442176870763
11/5/60,1.3605442176870763
11/6/60,1.3605442176870763
11/7/60,1.3605442176870763
11/8/60,1.3605442176870763
11/9/60,1.3605442176870763
11/10/60,1.3605442176870763
11/11/60,1.3605442176870763
11/12/60,1.3605442176870763
11/13/60,1.3605442176870763
11/14/60,1.3605442176870763
11/15/60,1.3605442176870763
11/16/60,1.3605442176870763
11/17/60,1.3605442176870763
11/18/60,1.3605442176870763
11/19/60,1.3605442176870763
11/20/60,1.3605442176870763
11/21/60,1.3605442176870763
11/22/60,1.3605442176870763
11/23/60,1.3605442176870763
11/24/60,1.3605442176870763
11/25/60,1.3605442176870763
11/26/60,1.3605442176870763
11/27/60,1.3605442176870763
11/28/60,1.3605442176870763
11/29/60,1.3605442176870763
11/30/60,1.3605442176870763
12/1/60,1.3716668495555862
12/2/60,1.382791922739246
12/3/60,1.393919438041924
12/4/60,1.4050493962678434
12/5/60,1.4161817982215386
12/6/60,1.4273166447079655
12/7/60,1.4384539365323468
12/8/60,1.4495936745003268
12/9/60,1.4607358594179054
12/10/60,1.471880492091393
12/11/60,1.4830275733274778
12/12/60,1.494177103933203
12/13/60,1.5053290847159673
12/14/60,1.5164835164835244
12/15/60,1.5276404000439614
12/16/60,1.5387997362057648
12/17/60,1.5499615257777322
12/18/60,1.5611257695690606
12/19/60,1.5722924683892137
12/20/60,1.5834616230481657
12/21/60,1.594633234356091
12/22/60,1.6058073031236297
12/23/60,1.6169838301617112
12/24/60,1.6281628162816197
12/25/60,1.6393442622950838
12/26/60,1.650528169014076
12/27/60,1.6617145372510134
12/28/60,1.6729033678186234
12/29/60,1.684094661529989
12/30/60,1.6952884191985929
12/31/60,1.7064846416382284
1/1/61,1.6952884191985929
1/2/61,1.684094661529989
1/3/61,1.6729033678186234
1/4/61,1.6617145372510134
1/5/61,1.650528169014076
1/6/61,1.6393442622950838
1/7/61,1.6281628162816197
1/8/61,1.6169838301617112
1/9/61,1.6058073031236297
1/10/61,1.594633234356091
1/11/61,1.5834616230481657
1/12/61,1.5722924683892137
1/13/61,1.5611257695690606
1/14/61,1.5499615257777322
1/15/61,1.5387997362057648
1/16/61,1.5276404000439614
1/17/61,1.5164835164835244
1/18/61,1.5053290847159673
1/19/61,1.494177103933203
1/20/61,1.4830275733274778
1/21/61,1.471880492091393
1/22/61,1.4607358594179054
1/23/61,1.4495936745003268
1/24/61,1.4384539365323468
1/25/61,1.4273166447079655
1/26/61,1.4161817982215386
1/27/61,1.4050493962678434
1/28/61,1.393919438041924
1/29/61,1.382791922739246
1/30/61,1.3716668495555862
1/31/61,1.3605442176870763
2/1/61,1.3605442176870763
2/2/61,1.3605442176870763
2/3/61,1.3605442176870763
2/4/61,1.3605442176870763
2/5/61,1.3605442176870763
2/6/61,1.3605442176870763
2/7/61,1.3605442176870763
2/8/61,1.3605442176870763
2/9/61,1.3605442176870763
2/10/61,1.3605442176870763
2/11/61,1.3605442176870763
2/12/61,1.3605442176870763
2/13/61,1.3605442176870763
2/14/61,1.3605442176870763
2/15/61,1.3605442176870763
2/16/61,1.3605442176870763
2/17/61,1.3605442176870763
2/18/61,1.3605442176870763
2/19/61,1.3605442176870763
2/20/61,1.3605442176870763
2/21/61,1.3605442176870763
2/22/61,1.3605442176870763
2/23/61,1.3605442176870763
2/24/61,1.3605442176870763
2/25/61,1.3605442176870763
2/26/61,1.3605442176870763
2/27/61,1.3605442176870763
2/28/61,1.3605442176870763
3/1/61,1.3605442176870763
3/2/61,1.349424026330226
3/3/61,1.3383062746818775
3/4/61,1.3271909619392286
3/5/61,1.3160780872998545
3/6/61,1.3049676499616192
3/7/61,1.2938596491228083
3/8/61,1.2827540839820184
3/9/61,1.2716509537382237
3/10/61,1.260550257590709
3/11/61,1.2494519947391591
3/12/61,1.2383561643835694
3/13/61,1.227262765724313
3/14/61,1.2161717979620956
3/15/61,1.2050832602979789
3/16/61,1.1939971519334014
3/17/61,1.1829134720701129
3/18/61,1.171832219910196
3/19/61,1.1607533946561555
3/20/61,1.1496769955107844
3/21/61,1.1386030216772536
3/22/61,1.1275314723590668
3/23/61,1.1164623467600832
3/24/61,1.1053956440844948
3/25/61,1.0943313635368934
3/26/61,1.0832695043221374
3/27/61,1.072210065645507
3/28/61,1.0611530467126151
3/29/61,1.0500984467293861
3/30/61,1.0390462649021215
3/31/61,1.0279965004374558
4/1/61,1.016949152542379
4/2/61,1.016949152542379
4/3/61,1.016949152542379
4/4/61,1.016949152542379
4/5/61,1.016949152542379
4/6/61,1.016949152542379
4/7/61,1.016949152542379
4/8/61,1.016949152542379
4/9/61,1.016949152542379
4/10/61,1.016949152542379
4/11/61,1.016949152542379
4/12/61,1.016949152542379
4/13/61,1.016949152542379
4/14/61,1.016949152542379
4/15/61,1.016949152542379
4/16/61,1.016949152542379
4/17/61,1.016949152542379
4/18/61,1.016949152542379
4/19/61,1.016949152542379
4/20/61,1.016949152542379
4/21/61,1.016949152542379
4/22/61,1.016949152542379
4/23/61,1.016949152542379
4/24/61,1.016949152542379
4/25/61,1.016949152542379
4/26/61,1.016949152542379
4/27/61,1.016949152542379
4/28/61,1.016949152542379
4/29/61,1.016949152542379
4/30/61,1.016949152542379
5/1/61,1.016949152542379
5/2/61,1.0059042204242363
5/3/61,0.9948617032906837
5/4/61,0.9838216
5/5/61,0.9727839108099268
5/6/61,0.9617486338797887
5/7/61,0.9507157687684398
5/8/61,0.9396853146853124
5/9/61,0.9286572708401497
5/10/61,0.9176316364430726
5/11/61,0.9066084107045347
5/12/61,0.8955875928353008
5/13/61,0.8845691820465129
5/14/61,0.8735531775496908
5/15/61,0.8625395785565981
5/16/61,0.8515283842794652
5/17/61,0.8405195939307886
5/18/61,0.8295132067234201
5/19/61,0.818509222
5/20/61,0.8075076385857693
5/21/61,0.7965084560829228
5/22/61,0.7855116735762557
5/23/61,0.7745172902803521
5/24/61,0.7635253054101288
5/25/61,0.7525357181808356
5/26/61,0.741548528
5/27/61,0.7305637335077941
5/28/61,0.7195813344962776
5/29/61,0.7086013299901994
5/30/61,0.6976237192064527
5/31/61,0.6866485013623969
6/1/61,0.6756756756756799
6/2/61,0.6981981981982077
6/3/61,0.7207207207207134
6/4/61,0.7432432432432412
6/5/61,0.765765766
6/6/61,0.7882882882882969
6/7/61,0.8108108108108025
6/8/61,0.8333333333333304
6/9/61,0.8558558558558582
6/10/61,0.8783783783783639
6/11/61,0.9009009009008917
6/12/61,0.9234234234234195
6/13/61,0.9459459459459474
6/14/61,0.968468468
6/15/61,0.9909909909909809
6/16/61,1.0135135135135087
6/17/61,1.0360360360360366
6/18/61,1.0585585585585644
6/19/61,1.0810810810810922
6/20/61,1.1036036036035979
6/21/61,1.1261261261261257
6/22/61,1.1486486486486536
6/23/61,1.1711711711711592
6/24/61,1.193693693693687
6/25/61,1.216216216216215
6/26/61,1.2387387387387427
6/27/61,1.2612612612612484
6/28/61,1.2837837837837762
6/29/61,1.306306306306304
6/30/61,1.3288288288288097
7/1/61,1.3513513513513375
7/2/61,1.3404533565823717
7/3/61,1.3295553618134281
7/4/61,1.3186573670444623
7/5/61,1.3077593722754965
7/6/61,1.2968613775065307
7/7/61,1.285963382737565
7/8/61,1.2750653879685991
7/9/61,1.2641673931996333
7/10/61,1.2532693984306675
7/11/61,1.242371403661724
7/12/61,1.2314734088927581
7/13/61,1.2205754141237923
7/14/61,1.2096774193548265
7/15/61,1.1987794245858607
7/16/61,1.187881429816895
7/17/61,1.1769834350479513
7/18/61,1.1660854402789855
7/19/61,1.1551874455100197
7/20/61,1.144289450741054
7/21/61,1.1333914559720881
7/22/61,1.1224934612031223
7/23/61,1.1115954664341787
7/24/61,1.100697471665213
7/25/61,1.0897994768962471
7/26/61,1.0789014821272813
7/27/61,1.0680034873583155
7/28/61,1.0571054925893497
7/29/61,1.0462074978204061
7/30/61,1.0353095030514403
7/31/61,1.0244115082824745
8/1/61,1.0135135135135087
8/2/61,1.0244115082824745
8/3/61,1.0353095030514403
8/4/61,1.0462074978204061
8/5/61,1.0571054925893497
8/6/61,1.0680034873583155
8/7/61,1.0789014821272813
8/8/61,1.0897994768962471
8/9/61,1.100697471665213
8/10/61,1.1115954664341787
8/11/61,1.1224934612031223
8/12/61,1.1333914559720881
8/13/61,1.144289450741054
8/14/61,1.1551874455100197
8/15/61,1.1660854402789855
8/16/61,1.1769834350479513
8/17/61,1.187881429816895
8/18/61,1.1987794245858607
8/19/61,1.2096774193548265
8/20/61,1.2205754141237923
8/21/61,1.2314734088927581
8/22/61,1.242371403661724
8/23/61,1.2532693984306675
8/24/61,1.2641673931996333
8/25/61,1.2750653879685991
8/26/61,1.285963382737565
8/27/61,1.2968613775065307
8/28/61,1.3077593722754965
8/29/61,1.3186573670444623
8/30/61,1.3295553618134281
8/31/61,1.3404533565823717
9/1/61,1.3513513513513375
9/2/61,1.3285296104480926
9/3/61,1.3057181449797284
9/4/61,1.282916948008106
9/5/61,1.2601260126012592
9/6/61,1.2373453318335281
9/7/61,1.2145748987854255
9/8/61,1.1918147065437257
9/9/61,1.1690647482014205
9/10/61,1.1463250168577188
9/11/61,1.1235955056179803
9/12/61,1.1008762075937817
9/13/61,1.0781671159029615
9/14/61,1.0554682236694424
9/15/61,1.0327795240233417
9/16/61,1.0101010101009944
9/17/61,0.9874326750448859
9/18/61,0.9647745120035855
9/19/61,0.9421265141318802
9/20/61,0.9194886745907072
9/21/61,0.8968609865470878
9/22/61,0.8742434431741719
9/23/61,0.8516360376512822
9/24/61,0.8290387631637808
9/25/61,0.8064516129032251
9/26/61,0.7838745800671898
9/27/61,0.761307658
9/28/61,0.738750839
9/29/61,0.716204118
9/30/61,0.6936674871335979
10/1/61,0.6711409395973034
10/2/61,0.6711409395973034
10/3/61,0.6711409395973034
10/4/61,0.6711409395973034
10/5/61,0.6711409395973034
10/6/61,0.6711409395973034
10/7/61,0.6711409395973034
10/8/61,0.6711409395973034
10/9/61,0.6711409395973034
10/10/61,0.6711409395973034
10/11/61,0.6711409395973034
10/12/61,0.6711409395973034
10/13/61,0.6711409395973034
10/14/61,0.6711409395973034
10/15/61,0.6711409395973034
10/16/61,0.6711409395973034
10/17/61,0.6711409395973034
10/18/61,0.6711409395973034
10/19/61,0.6711409395973034
10/20/61,0.6711409395973034
10/21/61,0.6711409395973034
10/22/61,0.6711409395973034
10/23/61,0.6711409395973034
10/24/61,0.6711409395973034
10/25/61,0.6711409395973034
10/26/61,0.6711409395973034
10/27/61,0.6711409395973034
10/28/61,0.6711409395973034
10/29/61,0.6711409395973034
10/30/61,0.6711409395973034
10/31/61,0.6711409395973034
11/1/61,0.6711409395973034
11/2/61,0.6711409395973034
11/3/61,0.6711409395973034
11/4/61,0.6711409395973034
11/5/61,0.6711409395973034
11/6/61,0.6711409395973034
11/7/61,0.6711409395973034
11/8/61,0.6711409395973034
11/9/61,0.6711409395973034
11/10/61,0.6711409395973034
11/11/61,0.6711409395973034
11/12/61,0.6711409395973034
11/13/61,0.6711409395973034
11/14/61,0.6711409395973034
11/15/61,0.6711409395973034
11/16/61,0.6711409395973034
11/17/61,0.6711409395973034
11/18/61,0.6711409395973034
11/19/61,0.6711409395973034
11/20/61,0.6711409395973034
11/21/61,0.6711409395973034
11/22/61,0.6711409395973034
11/23/61,0.6711409395973034
11/24/61,0.6711409395973034
11/25/61,0.6711409395973034
11/26/61,0.6711409395973034
11/27/61,0.6711409395973034
11/28/61,0.6711409395973034
11/29/61,0.6711409395973034
11/30/61,0.6711409395973034
12/1/61,0.6711409395973034
12/2/61,0.6711409395973034
12/3/61,0.6711409395973034
12/4/61,0.6711409395973034
12/5/61,0.6711409395973034
12/6/61,0.6711409395973034
12/7/61,0.6711409395973034
12/8/61,0.6711409395973034
12/9/61,0.6711409395973034
12/10/61,0.6711409395973034
12/11/61,0.6711409395973034
12/12/61,0.6711409395973034
12/13/61,0.6711409395973034
12/14/61,0.6711409395973034
12/15/61,0.6711409395973034
12/16/61,0.6711409395973034
12/17/61,0.6711409395973034
12/18/61,0.6711409395973034
12/19/61,0.6711409395973034
12/20/61,0.6711409395973034
12/21/61,0.6711409395973034
12/22/61,0.6711409395973034
12/23/61,0.6711409395973034
12/24/61,0.6711409395973034
12/25/61,0.6711409395973034
12/26/61,0.6711409395973034
12/27/61,0.6711409395973034
12/28/61,0.6711409395973034
12/29/61,0.6711409395973034
12/30/61,0.6711409395973034
12/31/61,0.6711409395973034
1/1/62,0.6711409395973034
1/2/62,0.6819657934617807
1/3/62,0.692790647
1/4/62,0.7036155011907352
1/5/62,0.7144403550551903
1/6/62,0.7252652089196676
1/7/62,0.7360900627841449
1/8/62,0.7469149166486222
1/9/62,0.7577397705130995
1/10/62,0.7685646243775768
1/11/62,0.7793894782420319
1/12/62,0.7902143321065092
1/13/62,0.8010391859709864
1/14/62,0.8118640398354637
1/15/62,0.822688894
1/16/62,0.8335137475644183
1/17/62,0.8443386014288734
1/18/62,0.8551634552933507
1/19/62,0.865988309
1/20/62,0.8768131630223053
1/21/62,0.8876380168867826
1/22/62,0.8984628707512599
1/23/62,0.9092877246157149
1/24/62,0.9201125784801922
1/25/62,0.9309374323446695
1/26/62,0.9417622862091468
1/27/62,0.9525871400736019
1/28/62,0.9634119939380792
1/29/62,0.9742368478025565
1/30/62,0.9850617016670338
1/31/62,0.9958865555315111
2/1/62,1.0067114093959662
2/2/62,1.0067114093959662
2/3/62,1.0067114093959662
2/4/62,1.0067114093959662
2/5/62,1.0067114093959662
2/6/62,1.0067114093959662
2/7/62,1.0067114093959662
2/8/62,1.0067114093959662
2/9/62,1.0067114093959662
2/10/62,1.0067114093959662
2/11/62,1.0067114093959662
2/12/62,1.0067114093959662
2/13/62,1.0067114093959662
2/14/62,1.0067114093959662
2/15/62,1.0067114093959662
2/16/62,1.0067114093959662
2/17/62,1.0067114093959662
2/18/62,1.0067114093959662
2/19/62,1.0067114093959662
2/20/62,1.0067114093959662
2/21/62,1.0067114093959662
2/22/62,1.0067114093959662
2/23/62,1.0067114093959662
2/24/62,1.0067114093959662
2/25/62,1.0067114093959662
2/26/62,1.0067114093959662
2/27/62,1.0067114093959662
2/28/62,1.0067114093959662
3/1/62,1.0067114093959662
3/2/62,1.0175362632604434
3/3/62,1.0283611171249207
3/4/62,1.039185970989398
3/5/62,1.050010824853853
3/6/62,1.0608356787183304
3/7/62,1.0716605325828077
3/8/62,1.082485386447285
3/9/62,1.09331024
3/10/62,1.1041350941762174
3/11/62,1.1149599480406946
3/12/62,1.125784801905172
3/13/62,1.1366096557696492
3/14/62,1.1474345096341043
3/15/62,1.1582593634985816
3/16/62,1.169084217363059
3/17/62,1.1799090712275362
3/18/62,1.1907339250920135
3/19/62,1.2015587789564908
3/20/62,1.2123836328209459
3/21/62,1.2232084866854231
3/22/62,1.2340333405499004
3/23/62,1.2448581944143777
3/24/62,1.255683048278855
3/25/62,1.266507902
3/26/62,1.2773327560077874
3/27/62,1.2881576098722647
3/28/62,1.298982463736742
3/29/62,1.3098073176012193
3/30/62,1.3206321714656744
3/31/62,1.3314570253301516
4/1/62,1.342281879194629
4/2/62,1.342281879194629
4/3/62,1.342281879194629
4/4/62,1.342281879194629
4/5/62,1.342281879194629
4/6/62,1.342281879194629
4/7/62,1.342281879194629
4/8/62,1.342281879194629
4/9/62,1.342281879194629
4/10/62,1.342281879194629
4/11/62,1.342281879194629
4/12/62,1.342281879194629
4/13/62,1.342281879194629
4/14/62,1.342281879194629
4/15/62,1.342281879194629
4/16/62,1.342281879194629
4/17/62,1.342281879194629
4/18/62,1.342281879194629
4/19/62,1.342281879194629
4/20/62,1.342281879194629
4/21/62,1.342281879194629
4/22/62,1.342281879194629
4/23/62,1.342281879194629
4/24/62,1.342281879194629
4/25/62,1.342281879194629
4/26/62,1.342281879194629
4/27/62,1.342281879194629
4/28/62,1.342281879194629
4/29/62,1.342281879194629
4/30/62,1.342281879194629
5/1/62,1.342281879194629
5/2/62,1.342281879194629
5/3/62,1.342281879194629
5/4/62,1.342281879194629
5/5/62,1.342281879194629
5/6/62,1.342281879194629
5/7/62,1.342281879194629
5/8/62,1.342281879194629
5/9/62,1.342281879194629
5/10/62,1.342281879194629
5/11/62,1.342281879194629
5/12/62,1.342281879194629
5/13/62,1.342281879194629
5/14/62,1.342281879194629
5/15/62,1.342281879194629
5/16/62,1.342281879194629
5/17/62,1.342281879194629
5/18/62,1.342281879194629
5/19/62,1.342281879194629
5/20/62,1.342281879194629
5/21/62,1.342281879194629
5/22/62,1.342281879194629
5/23/62,1.342281879194629
5/24/62,1.342281879194629
5/25/62,1.342281879194629
5/26/62,1.342281879194629
5/27/62,1.342281879194629
5/28/62,1.342281879194629
5/29/62,1.342281879194629
5/30/62,1.342281879194629
5/31/62,1.342281879194629
6/1/62,1.342281879194629
6/2/62,1.330798479087436
6/3/62,1.3193202146690508
6/4/62,1.3078470824949617
6/5/62,1.2963790791238106
6/6/62,1.2849162011173032
6/7/62,1.2734584450402098
6/8/62,1.2620058074603424
6/9/62,1.2505582849486219
6/10/62,1.2391158740790331
6/11/62,1.227678571428581
6/12/62,1.2162463735773343
6/13/62,1.2048192771084265
6/14/62,1.193397278608077
6/15/62,1.1819803746654811
6/16/62,1.170568562
6/17/62,1.1591618368256729
6/18/62,1.1477601961221273
6/19/62,1.1363636363636465
6/20/62,1.124972154154591
6/21/62,1.1135857461024523
6/22/62,1.1022044088176308
6/23/62,1.0908281389136354
6/24/62,1.079456933006906
6/25/62,1.0680907877169465
6/26/62,1.0567296996663034
6/27/62,1.0453736654804313
6/28/62,1.0340226817878495
6/29/62,1.0226767452200969
6/30/62,1.0113358524116434
7/1/62,1.0000000000000009
7/2/62,1.0108613829444169
7/3/62,1.0217251021725104
7/4/62,1.032591158438212
7/5/62,1.0434595524956958
7/6/62,1.054330285099514
7/7/62,1.0652033570045294
7/8/62,1.0760787689658935
7/9/62,1.0869565217391353
7/10/62,1.0978366160800945
7/11/62,1.1087190527448776
7/12/62,1.1196038324900348
7/13/62,1.1304909560723608
7/14/62,1.1413804242489611
7/15/62,1.1522722377772965
7/16/62,1.1631663974152051
7/17/62,1.174062903920725
7/18/62,1.1849617580523608
7/19/62,1.1958629605688387
7/20/62,1.2067665122292848
7/21/62,1.2176724137931139
7/22/62,1.2285806660200516
7/23/62,1.2394912696701788
7/24/62,1.2504042255039316
7/25/62,1.2613195342820127
7/26/62,1.2722371967655022
7/27/62,1.2831572137157687
7/28/62,1.2940795858945364
7/29/62,1.305004314
7/30/62,1.3159313989860921
7/31/62,1.3268608414239491
8/1/62,1.3377926421404673
8/2/62,1.337648327939589
8/3/62,1.3375040448711184
8/4/62,1.3373597929249303
8/5/62,1.3372155720910328
8/6/62,1.3370713823593006
8/7/62,1.336927223719675
8/8/62,1.3367830961621419
8/9/62,1.3366389996766204
8/10/62,1.336494934253074
8/11/62,1.3363508998814666
8/12/62,1.3362068965517393
8/13/62,1.3360629242538558
8/14/62,1.3359189829778018
8/15/62,1.335775072713563
8/16/62,1.3356311934511034
8/17/62,1.3354873451804083
8/18/62,1.3353435278914638
8/19/62,1.3351997415742556
8/20/62,1.3350559862187694
8/21/62,1.3349122618150355
8/22/62,1.334768568353062
8/23/62,1.3346249058228565
8/24/62,1.334481274214383
8/25/62,1.3343376735176937
8/26/62,1.3341941037228189
8/27/62,1.3340505648197887
8/28/62,1.333907056798611
8/29/62,1.3337635796493608
8/30/62,1.3336201333620012
8/31/62,1.3334767179266516
9/1/62,1.3333333333333197
9/2/62,1.3333333333333197
9/3/62,1.3333333333333197
9/4/62,1.3333333333333197
9/5/62,1.3333333333333197
9/6/62,1.3333333333333197
9/7/62,1.3333333333333197
9/8/62,1.3333333333333197
9/9/62,1.3333333333333197
9/10/62,1.3333333333333197
9/11/62,1.3333333333333197
9/12/62,1.3333333333333197
9/13/62,1.3333333333333197
9/14/62,1.3333333333333197
9/15/62,1.3333333333333197
9/16/62,1.3333333333333197
9/17/62,1.3333333333333197
9/18/62,1.3333333333333197
9/19/62,1.3333333333333197
9/20/62,1.3333333333333197
9/21/62,1.3333333333333197
9/22/62,1.3333333333333197
9/23/62,1.3333333333333197
9/24/62,1.3333333333333197
9/25/62,1.3333333333333197
9/26/62,1.3333333333333197
9/27/62,1.3333333333333197
9/28/62,1.3333333333333197
9/29/62,1.3333333333333197
9/30/62,1.3333333333333197
10/1/62,1.3333333333333197
10/2/62,1.3333333333333197
10/3/62,1.3333333333333197
10/4/62,1.3333333333333197
10/5/62,1.3333333333333197
10/6/62,1.3333333333333197
10/7/62,1.3333333333333197
10/8/62,1.3333333333333197
10/9/62,1.3333333333333197
10/10/62,1.3333333333333197
10/11/62,1.3333333333333197
10/12/62,1.3333333333333197
10/13/62,1.3333333333333197
10/14/62,1.3333333333333197
10/15/62,1.3333333333333197
10/16/62,1.3333333333333197
10/17/62,1.3333333333333197
10/18/62,1.3333333333333197
10/19/62,1.3333333333333197
10/20/62,1.3333333333333197
10/21/62,1.3333333333333197
10/22/62,1.3333333333333197
10/23/62,1.3333333333333197
10/24/62,1.3333333333333197
10/25/62,1.3333333333333197
10/26/62,1.3333333333333197
10/27/62,1.3333333333333197
10/28/62,1.3333333333333197
10/29/62,1.3333333333333197
10/30/62,1.3333333333333197
10/31/62,1.3333333333333197
11/1/62,1.3333333333333197
11/2/62,1.3333333333333197
11/3/62,1.3333333333333197
11/4/62,1.3333333333333197
11/5/62,1.3333333333333197
11/6/62,1.3333333333333197
11/7/62,1.3333333333333197
11/8/62,1.3333333333333197
11/9/62,1.3333333333333197
11/10/62,1.3333333333333197
11/11/62,1.3333333333333197
11/12/62,1.3333333333333197
11/13/62,1.3333333333333197
11/14/62,1.3333333333333197
11/15/62,1.3333333333333197
11/16/62,1.3333333333333197
11/17/62,1.3333333333333197
11/18/62,1.3333333333333197
11/19/62,1.3333333333333197
11/20/62,1.3333333333333197
11/21/62,1.3333333333333197
11/22/62,1.3333333333333197
11/23/62,1.3333333333333197
11/24/62,1.3333333333333197
11/25/62,1.3333333333333197
11/26/62,1.3333333333333197
11/27/62,1.3333333333333197
11/28/62,1.3333333333333197
11/29/62,1.3333333333333197
11/30/62,1.3333333333333197
12/1/62,1.3333333333333197
12/2/62,1.3333333333333197
12/3/62,1.3333333333333197
12/4/62,1.3333333333333197
12/5/62,1.3333333333333197
12/6/62,1.3333333333333197
12/7/62,1.3333333333333197
12/8/62,1.3333333333333197
12/9/62,1.3333333333333197
12/10/62,1.3333333333333197
12/11/62,1.3333333333333197
12/12/62,1.3333333333333197
12/13/62,1.3333333333333197
12/14/62,1.3333333333333197
12/15/62,1.3333333333333197
12/16/62,1.3333333333333197
12/17/62,1.3333333333333197
12/18/62,1.3333333333333197
12/19/62,1.3333333333333197
12/20/62,1.3333333333333197
12/21/62,1.3333333333333197
12/22/62,1.3333333333333197
12/23/62,1.3333333333333197
12/24/62,1.3333333333333197
12/25/62,1.3333333333333197
12/26/62,1.3333333333333197
12/27/62,1.3333333333333197
12/28/62,1.3333333333333197
12/29/62,1.3333333333333197
12/30/62,1.3333333333333197
12/31/62,1.3333333333333197
1/1/63,1.3333333333333197
1/2/63,1.3224384474787687
1/3/63,1.3115459041066257
1/4/63,1.3006557024615617
1/5/63,1.2897678417884695
1/6/63,1.2788823213326195
1/7/63,1.2679991403395707
1/8/63,1.2571182980552154
1/9/63,1.246239793725823
1/10/63,1.2353636265979073
1/11/63,1.2244897959183598
1/12/63,1.2136183009343826
1/13/63,1.2027491408934665
1/14/63,1.1918823150434799
1/15/63,1.1810178226325796
1/16/63,1.170155662909278
1/17/63,1.1592958351223759
1/18/63,1.148438338520985
1/19/63,1.1375831723545726
1/20/63,1.1267303358729386
1/21/63,1.1158798283261717
1/22/63,1.1050316489646939
1/23/63,1.0941857970392599
1/24/63,1.0833422718009134
1/25/63,1.0725010725010753
1/26/63,1.061662198391411
1/27/63,1.0508256487239853
1/28/63,1.0399914227511298
1/29/63,1.0291595197255532
1/30/63,1.0183299389002087
1/31/63,1.0075026795284048
2/1/63,0.9966777408637828
2/2/63,1.0085429520645395
2/3/63,1.0204081632652962
2/4/63,1.0322733744660528
2/5/63,1.0441385856668317
2/6/63,1.0560037968675662
2/7/63,1.067869008068345
2/8/63,1.0797342192690795
2/9/63,1.0915994304698584
2/10/63,1.103464641670615
2/11/63,1.1153298528713718
2/12/63,1.1271950640721284
2/13/63,1.1390602752728851
2/14/63,1.1509254864736418
2/15/63,1.1627906976744207
2/16/63,1.1746559088751773
2/17/63,1.186521120075934
2/18/63,1.1983863312766907
2/19/63,1.2102515424774474
2/20/63,1.222116753678204
2/21/63,1.2339819648789607
2/22/63,1.2458471760797396
2/23/63,1.2577123872804963
2/24/63,1.269577598481253
2/25/63,1.2814428096820096
2/26/63,1.2933080208827663
2/27/63,1.305173232083523
2/28/63,1.3170384432842797
3/1/63,1.3289036544850363
3/2/63,1.318045435062154
3/3/63,1.3071895424836555
3/4/63,1.2963359760017168
3/5/63,1.2854847348687803
3/6/63,1.2746358183376216
3/7/63,1.2637892256613492
3/8/63,1.2529449560933825
3/9/63,1.242103008887474
3/10/63,1.2312633832976427
3/11/63,1.2204260785783072
3/12/63,1.2095910939841525
3/13/63,1.198758428770197
3/14/63,1.1879280821917915
3/15/63,1.177100053504554
3/16/63,1.1662743419644794
3/17/63,1.1554509468278518
3/18/63,1.144629867
3/19/63,1.1338111027917375
3/20/63,1.1229946524064172
3/21/63,1.1121805154528985
3/22/63,1.101368691189042
3/23/63,1.090559178873085
3/24/63,1.079751978
3/25/63,1.0689470871191986
3/26/63,1.0581445061992323
3/27/63,1.0473442342631145
3/28/63,1.0365462705706374
3/29/63,1.0257506143818818
3/30/63,1.0149572649572614
3/31/63,1.004166221557523
4/1/63,0.9933774834437026
4/2/63,0.9933774834437026
4/3/63,0.9933774834437026
4/4/63,0.9933774834437026
4/5/63,0.9933774834437026
4/6/63,0.9933774834437026
4/7/63,0.9933774834437026
4/8/63,0.9933774834437026
4/9/63,0.9933774834437026
4/10/63,0.9933774834437026
4/11/63,0.9933774834437026
4/12/63,0.9933774834437026
4/13/63,0.9933774834437026
4/14/63,0.9933774834437026
4/15/63,0.9933774834437026
4/16/63,0.9933774834437026
4/17/63,0.9933774834437026
4/18/63,0.9933774834437026
4/19/63,0.9933774834437026
4/20/63,0.9933774834437026
4/21/63,0.9933774834437026
4/22/63,0.9933774834437026
4/23/63,0.9933774834437026
4/24/63,0.9933774834437026
4/25/63,0.9933774834437026
4/26/63,0.9933774834437026
4/27/63,0.9933774834437026
4/28/63,0.9933774834437026
4/29/63,0.9933774834437026
4/30/63,0.9933774834437026
5/1/63,0.9933774834437026
5/2/63,1.0040589617603013
5/3/63,1.0147404400769222
5/4/63,1.025421918393521
5/5/63,1.0361033967100974
5/6/63,1.0467848750266961
5/7/63,1.0574663533432949
5/8/63,1.0681478316599158
5/9/63,1.0788293099765145
5/10/63,1.0895107882931132
5/11/63,1.1001922666096897
5/12/63,1.1108737449262884
5/13/63,1.1215552232429093
5/14/63,1.132236701559508
5/15/63,1.1429181798761068
5/16/63,1.1535996581927055
5/17/63,1.164281136509282
5/18/63,1.174962614825903
5/19/63,1.1856440931425016
5/20/63,1.1963255714591003
5/21/63,1.207007049775699
5/22/63,1.2176885280922978
5/23/63,1.2283700064088965
5/24/63,1.2390514847254952
5/25/63,1.249732963042094
5/26/63,1.2604144413586926
5/27/63,1.2710959196752913
5/28/63,1.281777398
5/29/63,1.2924588763084888
5/30/63,1.3031403546250875
5/31/63,1.3138218329416862
6/1/63,1.324503311258285
6/2/63,1.3243571349740746
6/3/63,1.3242109909512356
6/4/63,1.3240648791790655
6/5/63,1.3239187996469726
6/6/63,1.3237727523441878
6/7/63,1.3236267372600974
6/8/63,1.3234807543840432
6/9/63,1.323334803705345
6/10/63,1.3231888852133666
6/11/63,1.3230429988974501
6/12/63,1.3228971447469817
6/13/63,1.3227513227513255
6/14/63,1.3226055328998232
6/15/63,1.322459775181839
6/16/63,1.3223140495867813
6/17/63,1.3221683561040143
6/18/63,1.322022694722924
6/19/63,1.3218770654329193
6/20/63,1.321731468223386
6/21/63,1.3215859030837107
6/22/63,1.3214403700033017
6/23/63,1.3212948689715898
6/24/63,1.3211493999779833
6/25/63,1.3210039630118908
6/26/63,1.320858558062743
6/27/63,1.3207131851199705
6/28/63,1.3205678441729818
6/29/63,1.320422535211252
6/30/63,1.3202772582242117
7/1/63,1.320132013201314
7/2/63,1.320132013201314
7/3/63,1.320132013201314
7/4/63,1.320132013201314
7/5/63,1.320132013201314
7/6/63,1.320132013201314
7/7/63,1.320132013201314
7/8/63,1.320132013201314
7/9/63,1.320132013201314
7/10/63,1.320132013201314
7/11/63,1.320132013201314
7/12/63,1.320132013201314
7/13/63,1.320132013201314
7/14/63,1.320132013201314
7/15/63,1.320132013201314
7/16/63,1.320132013201314
7/17/63,1.320132013201314
7/18/63,1.320132013201314
7/19/63,1.320132013201314
7/20/63,1.320132013201314
7/21/63,1.320132013201314
7/22/63,1.320132013201314
7/23/63,1.320132013201314
7/24/63,1.320132013201314
7/25/63,1.320132013201314
7/26/63,1.320132013201314
7/27/63,1.320132013201314
7/28/63,1.320132013201314
7/29/63,1.320132013201314
7/30/63,1.320132013201314
7/31/63,1.320132013201314
8/1/63,1.320132013201314
8/2/63,1.3093463913135928
8/3/63,1.2985630654603453
8/4/63,1.287782034908469
8/5/63,1.2770032989251945
8/6/63,1.266226856778041
8/7/63,1.255452707734861
8/8/63,1.2446808510638174
8/9/63,1.2339112860334067
8/10/63,1.2231440119123693
8/11/63,1.212379027969801
8/12/63,1.2016163334751084
8/13/63,1.1908559276980313
8/14/63,1.1800978099085757
8/15/63,1.1693419793770587
8/16/63,1.1585884353741527
8/17/63,1.1478371771707963
8/18/63,1.1370882040382613
8/19/63,1.1263415152481082
8/20/63,1.1155971100722528
8/21/63,1.104854987782855
8/22/63,1.0941151476524302
8/23/63,1.0833775889538044
8/24/63,1.0726423109600702
8/25/63,1.0619093129446755
8/26/63,1.0511785941813567
8/27/63,1.0404501539441613
8/28/63,1.0297239915074252
8/29/63,1.0190001061458398
8/30/63,1.0082784971343628
8/31/63,0.997559164
9/1/63,0.9868421052631637
9/2/63,0.9978070175438614
9/3/63,1.008771929824559
9/4/63,1.0197368421052788
9/5/63,1.0307017543859542
9/6/63,1.041666666666674
9/7/63,1.0526315789473717
9/8/63,1.0635964912280693
9/9/63,1.074561403508767
9/10/63,1.0855263157894868
9/11/63,1.0964912280701844
9/12/63,1.107456140350882
9/13/63,1.1184210526315796
9/14/63,1.1293859649122773
9/15/63,1.140350877192975
9/16/63,1.1513157894736947
9/17/63,1.1622807017543924
9/18/63,1.173245614
9/19/63,1.1842105263158098
9/20/63,1.1951754385964852
9/21/63,1.206140350877205
9/22/63,1.2171052631579027
9/23/63,1.2280701754386003
9/24/63,1.239035087719298
9/25/63,1.2500000000000178
9/26/63,1.2609649122807154
9/27/63,1.271929824561413
9/28/63,1.2828947368421106
9/29/63,1.2938596491228083
9/30/63,1.304824561403506
10/1/63,1.3157894736842257
10/2/63,1.3157894736842257
10/3/63,1.3157894736842257
10/4/63,1.3157894736842257
10/5/63,1.3157894736842257
10/6/63,1.3157894736842257
10/7/63,1.3157894736842257
10/8/63,1.3157894736842257
10/9/63,1.3157894736842257
10/10/63,1.3157894736842257
10/11/63,1.3157894736842257
10/12/63,1.3157894736842257
10/13/63,1.3157894736842257
10/14/63,1.3157894736842257
10/15/63,1.3157894736842257
10/16/63,1.3157894736842257
10/17/63,1.3157894736842257
10/18/63,1.3157894736842257
10/19/63,1.3157894736842257
10/20/63,1.3157894736842257
10/21/63,1.3157894736842257
10/22/63,1.3157894736842257
10/23/63,1.3157894736842257
10/24/63,1.3157894736842257
10/25/63,1.3157894736842257
10/26/63,1.3157894736842257
10/27/63,1.3157894736842257
10/28/63,1.3157894736842257
10/29/63,1.3157894736842257
10/30/63,1.3157894736842257
10/31/63,1.3157894736842257
11/1/63,1.3157894736842257
11/2/63,1.3267543859649233
11/3/63,1.337719298245621
11/4/63,1.3486842105263186
11/5/63,1.3596491228070162
11/6/63,1.3706140350877138
11/7/63,1.3815789473684337
11/8/63,1.3925438596491313
11/9/63,1.403508771929829
11/10/63,1.4144736842105265
11/11/63,1.4254385964912242
11/12/63,1.4364035087719218
11/13/63,1.4473684210526416
11/14/63,1.4583333333333393
11/15/63,1.4692982456140369
11/16/63,1.4802631578947567
11/17/63,1.4912280701754321
11/18/63,1.502192982456152
11/19/63,1.5131578947368496
11/20/63,1.5241228070175472
11/21/63,1.5350877192982448
11/22/63,1.5460526315789425
11/23/63,1.557017544
11/24/63,1.567982456
11/25/63,1.5789473684210575
11/26/63,1.5899122807017552
11/27/63,1.6008771929824528
11/28/63,1.6118421052631726
11/29/63,1.622807017543848
11/30/63,1.6337719298245679
12/1/63,1.6447368421052655
12/2/63,1.6447368421052655
12/3/63,1.6447368421052655
12/4/63,1.6447368421052655
12/5/63,1.6447368421052655
12/6/63,1.6447368421052655
12/7/63,1.6447368421052655
12/8/63,1.6447368421052655
12/9/63,1.6447368421052655
12/10/63,1.6447368421052655
12/11/63,1.6447368421052655
12/12/63,1.6447368421052655
12/13/63,1.6447368421052655
12/14/63,1.6447368421052655
12/15/63,1.6447368421052655
12/16/63,1.6447368421052655
12/17/63,1.6447368421052655
12/18/63,1.6447368421052655
12/19/63,1.6447368421052655
12/20/63,1.6447368421052655
12/21/63,1.6447368421052655
12/22/63,1.6447368421052655
12/23/63,1.6447368421052655
12/24/63,1.6447368421052655
12/25/63,1.6447368421052655
12/26/63,1.6447368421052655
12/27/63,1.6447368421052655
12/28/63,1.6447368421052655
12/29/63,1.6447368421052655
12/30/63,1.6447368421052655
12/31/63,1.6447368421052655
1/1/64,1.6447368421052655
1/2/64,1.6447368421052655
1/3/64,1.6447368421052655
1/4/64,1.6447368421052655
1/5/64,1.6447368421052655
1/6/64,1.6447368421052655
1/7/64,1.6447368421052655
1/8/64,1.6447368421052655
1/9/64,1.6447368421052655
1/10/64,1.6447368421052655
1/11/64,1.6447368421052655
1/12/64,1.6447368421052655
1/13/64,1.6447368421052655
1/14/64,1.6447368421052655
1/15/64,1.6447368421052655
1/16/64,1.6447368421052655
1/17/64,1.6447368421052655
1/18/64,1.6447368421052655
1/19/64,1.6447368421052655
1/20/64,1.6447368421052655
1/21/64,1.6447368421052655
1/22/64,1.6447368421052655
1/23/64,1.6447368421052655
1/24/64,1.6447368421052655
1/25/64,1.6447368421052655
1/26/64,1.6447368421052655
1/27/64,1.6447368421052655
1/28/64,1.6447368421052655
1/29/64,1.6447368421052655
1/30/64,1.6447368421052655
1/31/64,1.6447368421052655
2/1/64,1.6447368421052655
2/2/64,1.6327968988605557
2/3/64,1.620859760394655
2/4/64,1.6089254257193097
2/5/64,1.5969938938468653
2/6/64,1.585065163790067
2/7/64,1.5731392345621042
2/8/64,1.561216105176677
2/9/64,1.5492957746478853
2/10/64,1.5373782419903836
2/11/64,1.5254635062192046
2/12/64,1.5135515663498689
2/13/64,1.501642421398408
2/14/64,1.4897360703812312
2/15/64,1.477832512315258
2/16/64,1.4659317462178967
2/17/64,1.4540337711069329
2/18/64,1.4421385860007074
2/19/64,1.4302461899179386
2/20/64,1.4183565818778554
2/21/64,1.4064697609001309
2/22/64,1.3945857260049044
2/23/64,1.3827044762128038
2/24/64,1.3708260105448122
2/25/64,1.3589503280224902
2/26/64,1.3470774276677977
2/27/64,1.3352073085031613
2/28/64,1.3233399695514736
2/29/64,1.3114754098360715
3/1/64,1.3114754098360715
3/2/64,1.3114754098360715
3/3/64,1.3114754098360715
3/4/64,1.3114754098360715
3/5/64,1.3114754098360715
3/6/64,1.3114754098360715
3/7/64,1.3114754098360715
3/8/64,1.3114754098360715
3/9/64,1.3114754098360715
3/10/64,1.3114754098360715
3/11/64,1.3114754098360715
3/12/64,1.3114754098360715
3/13/64,1.3114754098360715
3/14/64,1.3114754098360715
3/15/64,1.3114754098360715
3/16/64,1.3114754098360715
3/17/64,1.3114754098360715
3/18/64,1.3114754098360715
3/19/64,1.3114754098360715
3/20/64,1.3114754098360715
3/21/64,1.3114754098360715
3/22/64,1.3114754098360715
3/23/64,1.3114754098360715
3/24/64,1.3114754098360715
3/25/64,1.3114754098360715
3/26/64,1.3114754098360715
3/27/64,1.3114754098360715
3/28/64,1.3114754098360715
3/29/64,1.3114754098360715
3/30/64,1.3114754098360715
3/31/64,1.3114754098360715
4/1/64,1.3114754098360715
4/2/64,1.3114754098360715
4/3/64,1.3114754098360715
4/4/64,1.3114754098360715
4/5/64,1.3114754098360715
4/6/64,1.3114754098360715
4/7/64,1.3114754098360715
4/8/64,1.3114754098360715
4/9/64,1.3114754098360715
4/10/64,1.3114754098360715
4/11/64,1.3114754098360715
4/12/64,1.3114754098360715
4/13/64,1.3114754098360715
4/14/64,1.3114754098360715
4/15/64,1.3114754098360715
4/16/64,1.3114754098360715
4/17/64,1.3114754098360715
4/18/64,1.3114754098360715
4/19/64,1.3114754098360715
4/20/64,1.3114754098360715
4/21/64,1.3114754098360715
4/22/64,1.3114754098360715
4/23/64,1.3114754098360715
4/24/64,1.3114754098360715
4/25/64,1.3114754098360715
4/26/64,1.3114754098360715
4/27/64,1.3114754098360715
4/28/64,1.3114754098360715
4/29/64,1.3114754098360715
4/30/64,1.3114754098360715
5/1/64,1.300761421319785
5/2/64,1.3006238764935896
5/3/64,1.300486360752795
5/4/64,1.3003488740881641
5/5/64,1.300211416490482
5/6/64,1.300073987950534
5/7/64,1.299936588459083
5/8/64,1.2997992180069584
5/9/64,1.2996618765849455
5/10/64,1.2995245641838293
5/11/64,1.2993872807944173
5/12/64,1.2992500264075169
5/13/64,1.2991128010139352
5/14/64,1.298975604604502
5/15/64,1.2988384371700024
5/16/64,1.2987012987013102
5/17/64,1.2985641891891886
5/18/64,1.2984271086245114
5/19/64,1.298290056998086
5/20/64,1.2981530343007863
5/21/64,1.2980160405234198
5/22/64,1.2978790756568603
5/23/64,1.2977421396919153
5/24/64,1.2976052326194587
5/25/64,1.2974683544303645
5/26/64,1.2973315051154843
5/27/64,1.2971946846656701
5/28/64,1.297057893071818
5/29/64,1.2969211303247574
5/30/64,1.2967843964153847
5/31/64,1.296647691334596
6/1/64,1.2961551029299523
6/2/64,1.296013940317997
6/3/64,1.2958728084504045
6/4/64,1.2957317073170715
6/5/64,1.2955906369080061
6/6/64,1.2954495972131497
6/7/64,1.295308588222488
6/8/64,1.2951676099259846
6/9/64,1.2950266623136253
6/10/64,1.2948857453754181
6/11/64,1.2947448591013044
6/12/64,1.2946040034812922
6/13/64,1.2944631785053673
6/14/64,1.294322384163582
6/15/64,1.29418162
6/16/64,1.2940408873423292
6/17/64,1.2939001848428777
6/18/64,1.2937595129375978
6/19/64,1.2936188716164754
6/20/64,1.2934782608695627
6/21/64,1.293337680686868
6/22/64,1.2931971310584656
6/23/64,1.2930566119743636
6/24/64,1.2929161234245923
6/25/64,1.2927756653992484
6/26/64,1.292635238
6/27/64,1.2924948408819636
6/28/64,1.2923544743701276
6/29/64,1.2922141383429286
6/30/64,1.2920738327904413
7/1/64,1.3029315960912058
7/2/64,1.292424083219501
7/3/64,1.2819165703477964
7/4/64,1.2714090574760917
7/5/64,1.2609015446044092
7/6/64,1.2503940317327045
7/7/64,1.2398865188609998
7/8/64,1.229379005989295
7/9/64,1.2188714931175904
7/10/64,1.2083639802458856
7/11/64,1.197856467374181
7/12/64,1.1873489545024762
7/13/64,1.1768414416307715
7/14/64,1.1663339287590668
7/15/64,1.1558264158873621
7/16/64,1.1453189030156574
7/17/64,1.1348113901439527
7/18/64,1.124303877272248
7/19/64,1.1137963644005433
7/20/64,1.1032888515288386
7/21/64,1.092781338657134
7/22/64,1.0822738257854292
7/23/64,1.0717663129137467
7/24/64,1.061258800042042
7/25/64,1.0507512871703373
7/26/64,1.0402437742986326
7/27/64,1.0297362614269279
7/28/64,1.0192287485552232
7/29/64,1.0087212356835185
7/30/64,0.9982137228118138
7/31/64,0.98770621
8/1/64,0.9771986970684043
8/2/64,0.98770621
8/3/64,0.9982137228118138
8/4/64,1.0087212356835185
8/5/64,1.0192287485552232
8/6/64,1.0297362614269279
8/7/64,1.0402437742986326
8/8/64,1.0507512871703373
8/9/64,1.061258800042042
8/10/64,1.0717663129137467
8/11/64,1.0822738257854292
8/12/64,1.092781338657134
8/13/64,1.1032888515288386
8/14/64,1.1137963644005433
8/15/64,1.124303877272248
8/16/64,1.1348113901439527
8/17/64,1.1453189030156574
8/18/64,1.1558264158873621
8/19/64,1.1663339287590668
8/20/64,1.1768414416307715
8/21/64,1.1873489545024762
8/22/64,1.197856467374181
8/23/64,1.2083639802458856
8/24/64,1.2188714931175904
8/25/64,1.229379005989295
8/26/64,1.2398865188609998
8/27/64,1.2503940317327045
8/28/64,1.2609015446044092
8/29/64,1.2714090574760917
8/30/64,1.2819165703477964
8/31/64,1.292424083219501
9/1/64,1.2919335577027624
9/2/64,1.2809379070777283
9/3/64,1.2699446434386141
9/4/64,1.258953766008264
9/5/64,1.2479652740097658
9/6/64,1.236979166666674
9/7/64,1.2259954432027875
9/8/64,1.215014103
9/9/64,1.2040351448096454
9/10/64,1.193058568329719
9/11/64,1.1820843726277008
9/12/64,1.1711125569290992
9/13/64,1.1601431204597334
9/14/64,1.1491760624458003
9/15/64,1.1382113821138296
9/16/64,1.127249078690662
9/17/64,1.1162891514034934
9/18/64,1.105331599479853
9/19/64,1.0943764221475805
9/20/64,1.0834236186348933
9/21/64,1.0724731881702976
9/22/64,1.0615251299826767
9/23/64,1.0505794433012028
9/24/64,1.0396361273554255
9/25/64,1.0286951813752054
9/26/64,1.017756604590736
9/27/64,1.006820396232544
9/28/64,0.9958865555315111
9/29/64,0.984955082
9/30/64,0.9740259740259827
10/1/64,0.9740259740259827
10/2/64,0.9844993715961481
10/3/64,0.9949727691663135
10/4/64,1.005446166736479
10/5/64,1.0159195643066665
10/6/64,1.026392961876832
10/7/64,1.0368663594469973
10/8/64,1.047339757017185
10/9/64,1.0578131545873504
10/10/64,1.0682865521575158
10/11/64,1.0787599497276812
10/12/64,1.0892333472978688
10/13/64,1.0997067448680342
10/14/64,1.1101801424381996
10/15/64,1.120653540008365
10/16/64,1.1311269375785526
10/17/64,1.141600335148718
10/18/64,1.1520737327189057
10/19/64,1.162547130289071
10/20/64,1.1730205278592365
10/21/64,1.183493925429402
10/22/64,1.1939673229995895
10/23/64,1.204440720569755
10/24/64,1.2149141181399203
10/25/64,1.2253875157100858
10/26/64,1.2358609132802734
10/27/64,1.2463343108504388
10/28/64,1.2568077084206042
10/29/64,1.2672811059907918
10/30/64,1.2777545035609572
10/31/64,1.2882279011311226
11/1/64,1.2877394221404437
11/2/64,1.2767799177667127
11/3/64,1.2658227848101111
11/4/64,1.2548680225010767
11/5/64,1.2439156300703136
11/6/64,1.2329656067488592
11/7/64,1.2220179517681284
11/8/64,1.2110726643598468
11/9/64,1.2001297437560954
11/10/64,1.1891891891891992
11/11/64,1.1782509998919055
11/12/64,1.1673151750972721
11/13/64,1.156381714
11/14/64,1.1454506159498612
11/15/64,1.1345218800648205
11/16/64,1.1235955056179803
11/17/64,1.1126714918440195
11/18/64,1.1017498379779722
11/19/64,1.0908305432552057
11/20/64,1.0799136069114423
11/21/64,1.0689990281827155
11/22/64,1.0580868063053472
11/23/64,1.047176940516037
11/24/64,1.0362694300518172
11/25/64,1.0253642741500313
11/26/64,1.0144614720483558
11/27/64,1.003561022984778
11/28/64,0.9926629261976849
11/29/64,0.9817671809256634
11/30/64,0.9708737864077666
12/1/64,0.9708737864077666
12/2/64,0.9708737864077666
12/3/64,0.9708737864077666
12/4/64,0.9708737864077666
12/5/64,0.9708737864077666
12/6/64,0.9708737864077666
12/7/64,0.9708737864077666
12/8/64,0.9708737864077666
12/9/64,0.9708737864077666
12/10/64,0.9708737864077666
12/11/64,0.9708737864077666
12/12/64,0.9708737864077666
12/13/64,0.9708737864077666
12/14/64,0.9708737864077666
12/15/64,0.9708737864077666
12/16/64,0.9708737864077666
12/17/64,0.9708737864077666
12/18/64,0.9708737864077666
12/19/64,0.9708737864077666
12/20/64,0.9708737864077666
12/21/64,0.9708737864077666
12/22/64,0.9708737864077666
12/23/64,0.9708737864077666
12/24/64,0.9708737864077666
12/25/64,0.9708737864077666
12/26/64,0.9708737864077666
12/27/64,0.9708737864077666
12/28/64,0.9708737864077666
12/29/64,0.9708737864077666
12/30/64,0.9708737864077666
12/31/64,0.9708737864077666
1/1/65,0.9708737864077666
1/2/65,0.9708737864077666
1/3/65,0.9708737864077666
1/4/65,0.9708737864077666
1/5/65,0.9708737864077666
1/6/65,0.9708737864077666
1/7/65,0.9708737864077666
1/8/65,0.9708737864077666
1/9/65,0.9708737864077666
1/10/65,0.9708737864077666
1/11/65,0.9708737864077666
1/12/65,0.9708737864077666
1/13/65,0.9708737864077666
1/14/65,0.9708737864077666
1/15/65,0.9708737864077666
1/16/65,0.9708737864077666
1/17/65,0.9708737864077666
1/18/65,0.9708737864077666
1/19/65,0.9708737864077666
1/20/65,0.9708737864077666
1/21/65,0.9708737864077666
1/22/65,0.9708737864077666
1/23/65,0.9708737864077666
1/24/65,0.9708737864077666
1/25/65,0.9708737864077666
1/26/65,0.9708737864077666
1/27/65,0.9708737864077666
1/28/65,0.9708737864077666
1/29/65,0.9708737864077666
1/30/65,0.9708737864077666
1/31/65,0.9708737864077666
2/1/65,0.9708737864077666
2/2/65,0.982431808
2/3/65,0.9939898289412774
2/4/65,1.005547850208055
2/5/65,1.0171058714748105
2/6/65,1.0286638927415659
2/7/65,1.0402219140083213
2/8/65,1.051779935275099
2/9/65,1.0633379565418322
2/10/65,1.0748959778086098
2/11/65,1.0864539990753652
2/12/65,1.0980120203421206
2/13/65,1.109570041608876
2/14/65,1.1211280628756315
2/15/65,1.1326860841424091
2/16/65,1.1442441054091645
2/17/65,1.155802127
2/18/65,1.1673601479426754
2/19/65,1.1789181692094308
2/20/65,1.1904761904761862
2/21/65,1.2020342117429639
2/22/65,1.2135922330097193
2/23/65,1.2251502542764747
2/24/65,1.2367082755432302
2/25/65,1.2482662968099856
2/26/65,1.259824318076741
2/27/65,1.2713823393435186
2/28/65,1.282940360610274
3/1/65,1.2944983818770295
3/2/65,1.3049378849566917
3/3/65,1.3153773880363318
3/4/65,1.325816891115994
3/5/65,1.336256394195634
3/6/65,1.3466958972752963
3/7/65,1.3571354003549585
3/8/65,1.3675749034345985
3/9/65,1.3780144065142608
3/10/65,1.3884539095939008
3/11/65,1.398893412673563
3/12/65,1.4093329157532253
3/13/65,1.4197724188328653
3/14/65,1.4302119219125053
3/15/65,1.4406514249921676
3/16/65,1.4510909280718298
3/17/65,1.461530431151492
3/18/65,1.471969934231132
3/19/65,1.4824094373107943
3/20/65,1.4928489403904344
3/21/65,1.5032884434700966
3/22/65,1.5137279465497366
3/23/65,1.5241674496293989
3/24/65,1.5346069527090611
3/25/65,1.5450464557887011
3/26/65,1.5554859588683634
3/27/65,1.5659254619480034
3/28/65,1.5763649650276657
3/29/65,1.586804468107328
3/30/65,1.597243971186968
3/31/65,1.6076834742666302
4/1/65,1.6181229773462702
4/2/65,1.6181229773462702
4/3/65,1.6181229773462702
4/4/65,1.6181229773462702
4/5/65,1.6181229773462702
4/6/65,1.6181229773462702
4/7/65,1.6181229773462702
4/8/65,1.6181229773462702
4/9/65,1.6181229773462702
4/10/65,1.6181229773462702
4/11/65,1.6181229773462702
4/12/65,1.6181229773462702
4/13/65,1.6181229773462702
4/14/65,1.6181229773462702
4/15/65,1.6181229773462702
4/16/65,1.6181229773462702
4/17/65,1.6181229773462702
4/18/65,1.6181229773462702
4/19/65,1.6181229773462702
4/20/65,1.6181229773462702
4/21/65,1.6181229773462702
4/22/65,1.6181229773462702
4/23/65,1.6181229773462702
4/24/65,1.6181229773462702
4/25/65,1.6181229773462702
4/26/65,1.6181229773462702
4/27/65,1.6181229773462702
4/28/65,1.6181229773462702
4/29/65,1.6181229773462702
4/30/65,1.6181229773462702
5/1/65,1.6181229773462702
5/2/65,1.6283924843423891
5/3/65,1.638659847615065
5/4/65,1.648925067835516
5/5/65,1.6591881456746504
5/6/65,1.6694490818029983
5/7/65,1.679707876890979
5/8/65,1.6899645316085898
5/9/65,1.7002190466256284
5/10/65,1.7104714226116036
5/11/65,1.7207216602356912
5/12/65,1.730969760166845
5/13/65,1.741215723073708
5/14/65,1.751459549624701
5/15/65,1.7617012404878452
5/16/65,1.7719407963310285
5/17/65,1.7821782178217838
5/18/65,1.792413505627355
5/19/65,1.8026466604147195
5/20/65,1.8128776828505888
5/21/65,1.8231065736014296
5/22/65,1.8333333333333313
5/23/65,1.8435579627122278
5/24/65,1.8537804624036758
5/25/65,1.8640008330730096
5/26/65,1.8742190753852528
5/27/65,1.884435190005207
5/28/65,1.8946491775973406
5/29/65,1.9048610388258558
5/30/65,1.9150707743547102
5/31/65,1.9252783848475508
6/1/65,1.9354838709677358
6/2/65,1.9245242447048838
6/3/65,1.9135669748441275
6/4/65,1.902612060625608
6/5/65,1.8916595012897774
6/6/65,1.8807092960773764
6/7/65,1.8697614442295452
6/8/65,1.8588159449876462
6/9/65,1.847872797593464
6/10/65,1.836932001289071
6/11/65,1.8259935553168738
6/12/65,1.8150574589195445
6/13/65,1.804123711340222
6/14/65,1.7931923118222004
6/15/65,1.7822632596091958
6/16/65,1.7713365539452575
6/17/65,1.7604121940747008
6/18/65,1.7494901792422413
6/19/65,1.7385705086928605
6/20/65,1.727653181671851
6/21/65,1.7167381974249052
6/22/65,1.7058255551979373
6/23/65,1.6949152542372836
6/24/65,1.6840072937895467
6/25/65,1.6731016731016624
6/26/65,1.6621983914208993
6/27/65,1.6512974479948372
6/28/65,1.640398842071411
6/29/65,1.629502573
6/30/65,1.6186086397255828
7/1/65,1.6077170418006492
7/2/65,1.6182572614107826
7/3/65,1.6287996680153682
7/4/65,1.6393442622950838
7/5/65,1.6498910449309845
7/6/65,1.660440016604392
7/7/65,1.6709911779968945
7/8/65,1.6815445297903242
7/9/65,1.692100072666869
7/10/65,1.7026578073089826
7/11/65,1.7132177343993416
7/12/65,1.723779854620977
7/13/65,1.734344168657187
7/14/65,1.7449106771915357
7/15/65,1.7554793809078761
7/16/65,1.76605028
7/17/65,1.7766233766233652
7/18/65,1.7871986699916853
7/19/65,1.7977761612802734
7/20/65,1.8083558511744036
7/21/65,1.8189377403596385
7/22/65,1.8295218295218296
7/23/65,1.840108119347117
7/24/65,1.8506966105219291
7/25/65,1.8612873037329836
7/26/65,1.8718801996672196
7/27/65,1.8824752990119764
7/28/65,1.8930726024547706
7/29/65,1.903672110683452
7/30/65,1.9142738243861812
7/31/65,1.9248777442513854
8/1/65,1.9354838709677358
8/2/65,1.9248777442513854
8/3/65,1.9142738243861812
8/4/65,1.903672110683452
8/5/65,1.8930726024547706
8/6/65,1.8824752990119764
8/7/65,1.8718801996672196
8/8/65,1.8612873037329836
8/9/65,1.8506966105219291
8/10/65,1.840108119347117
8/11/65,1.8295218295218296
8/12/65,1.8189377403596385
8/13/65,1.8083558511744036
8/14/65,1.7977761612802734
8/15/65,1.7871986699916853
8/16/65,1.7766233766233652
8/17/65,1.76605028
8/18/65,1.7554793809078761
8/19/65,1.7449106771915357
8/20/65,1.734344168657187
8/21/65,1.723779854620977
8/22/65,1.7132177343993416
8/23/65,1.7026578073089826
8/24/65,1.692100072666869
8/25/65,1.6815445297903242
8/26/65,1.6709911779968945
8/27/65,1.660440016604392
8/28/65,1.6498910449309845
8/29/65,1.6393442622950838
8/30/65,1.6287996680153682
8/31/65,1.6182572614107826
9/1/65,1.6077170418006492
9/2/65,1.6184351554126453
9/3/65,1.6291532690246635
9/4/65,1.6398713826366595
9/5/65,1.6505894962486556
9/6/65,1.6613076098606516
9/7/65,1.6720257234726699
9/8/65,1.682743837084666
9/9/65,1.6934619506966841
9/10/65,1.7041800643086802
9/11/65,1.7148981779206762
9/12/65,1.7256162915326945
9/13/65,1.7363344051446905
9/14/65,1.7470525187567087
9/15/65,1.7577706323687048
9/16/65,1.7684887459807008
9/17/65,1.7792068595926969
9/18/65,1.789924973204715
9/19/65,1.8006430868167111
9/20/65,1.8113612004287294
9/21/65,1.8220793140407254
9/22/65,1.8327974276527437
9/23/65,1.8435155412647175
9/24/65,1.8542336548767357
9/25/65,1.8649517684887318
9/26/65,1.875669882
9/27/65,1.886387995712746
9/28/65,1.897106109324742
9/29/65,1.9078242229367603
9/30/65,1.9185423365487564
10/1/65,1.9292604501607746
10/2/65,1.9186890686579527
10/3/65,1.9081198797054721
10/4/65,1.8975528826213228
10/5/65,1.8869880767236946
10/6/65,1.8764254613311104
10/7/65,1.865865035762404
10/8/65,1.8553067993366312
10/9/65,1.844750751373203
10/10/65,1.8341968911917084
10/11/65,1.8236452181121132
10/12/65,1.813095731454606
10/13/65,1.802548431
10/14/65,1.7920033146882064
10/15/65,1.781460383221134
10/16/65,1.7709196354598111
10/17/65,1.7603810707258916
10/18/65,1.7498446883412733
10/19/65,1.7393104876281207
10/20/65,1.728778467908909
10/21/65,1.718248628506358
10/22/65,1.7077209687435202
10/23/65,1.6971954879436923
10/24/65,1.686672185
10/25/65,1.6761510605276753
10/26/65,1.6656321125594786
10/27/65,1.6551153408503216
10/28/65,1.6446007447248556
10/29/65,1.6340883235081094
10/30/65,1.6235780765253338
10/31/65,1.6130700031020684
11/1/65,1.6025641025640969
11/2/65,1.6132478632478575
11/3/65,1.6239316239316182
11/4/65,1.6346153846153788
11/5/65,1.6452991452991395
11/6/65,1.655982906
11/7/65,1.6666666666666607
11/8/65,1.6773504273504214
11/9/65,1.688034188034182
11/10/65,1.6987179487179427
11/11/65,1.7094017094017255
11/12/65,1.7200854700854862
11/13/65,1.7307692307692246
11/14/65,1.7414529914529853
11/15/65,1.752136752136746
11/16/65,1.7628205128205066
11/17/65,1.7735042735042672
11/18/65,1.784188034
11/19/65,1.7948717948718107
11/20/65,1.8055555555555491
11/21/65,1.8162393162393098
11/22/65,1.8269230769230704
11/23/65,1.837606837606831
11/24/65,1.8482905982905917
11/25/65,1.8589743589743746
11/26/65,1.8696581196581352
11/27/65,1.8803418803418959
11/28/65,1.8910256410256343
11/29/65,1.901709401709395
11/30/65,1.9123931623931556
12/1/65,1.9230769230769384
12/2/65,1.9230769230769384
12/3/65,1.9230769230769384
12/4/65,1.9230769230769384
12/5/65,1.9230769230769384
12/6/65,1.9230769230769384
12/7/65,1.9230769230769384
12/8/65,1.9230769230769384
12/9/65,1.9230769230769384
12/10/65,1.9230769230769384
12/11/65,1.9230769230769384
12/12/65,1.9230769230769384
12/13/65,1.9230769230769384
12/14/65,1.9230769230769384
12/15/65,1.9230769230769384
12/16/65,1.9230769230769384
12/17/65,1.9230769230769384
12/18/65,1.9230769230769384
12/19/65,1.9230769230769384
12/20/65,1.9230769230769384
12/21/65,1.9230769230769384
12/22/65,1.9230769230769384
12/23/65,1.9230769230769384
12/24/65,1.9230769230769384
12/25/65,1.9230769230769384
12/26/65,1.9230769230769384
12/27/65,1.9230769230769384
12/28/65,1.9230769230769384
12/29/65,1.9230769230769384
12/30/65,1.9230769230769384
12/31/65,1.9230769230769384
1/1/66,1.9230769230769384
1/2/66,1.9437551695616229
1/3/66,1.9644334160463295
1/4/66,1.985111662531014
1/5/66,2.0057899090157205
1/6/66,2.026468155500405
1/7/66,2.0471464019851116
1/8/66,2.067824648469818
1/9/66,2.0885028949545026
1/10/66,2.109181141439209
1/11/66,2.1298593879238936
1/12/66,2.1505376344086002
1/13/66,2.171215880893307
1/14/66,2.1918941273779913
1/15/66,2.212572373862698
1/16/66,2.2332506203474045
1/17/66,2.253928866832089
1/18/66,2.2746071133167955
1/19/66,2.295285359801502
1/20/66,2.3159636062861866
1/21/66,2.336641852770893
1/22/66,2.357320099
1/23/66,2.3779983457402842
1/24/66,2.398676592224991
1/25/66,2.4193548387096753
1/26/66,2.440033085194382
1/27/66,2.4607113316790885
1/28/66,2.481389578163773
1/29/66,2.5020678246484795
1/30/66,2.522746071133164
1/31/66,2.5434243176178706
2/1/66,2.564102564102577
2/2/66,2.563809087787572
2/3/66,2.563515678645012
2/4/66,2.5632223366517826
2/5/66,2.562929062
2/6/66,2.562635854
2/7/66,2.562342713337906
2/8/66,2.562049639711761
2/9/66,2.5617566331198605
2/10/66,2.5614636935391566
2/11/66,2.561170820946712
2/12/66,2.5608780153195454
2/13/66,2.5605852766346526
2/14/66,2.560292604869141
2/15/66,2.5599999999999845
2/16/66,2.5597074620043347
2/17/66,2.5594149908592323
2/18/66,2.559122587
2/19/66,2.5588302490290094
2/20/66,2.5585379782981255
2/21/66,2.5582457743261733
2/22/66,2.557953637090349
2/23/66,2.557661566567715
2/24/66,2.5573695627354676
2/25/66,2.5570776255707806
2/26/66,2.5567857550508055
2/27/66,2.556493951152694
2/28/66,2.556202213853709
3/1/66,2.5559105431310014
3/2/66,2.5659521846661315
3/3/66,2.575991757
3/4/66,2.586029260251377
3/5/66,2.5960646955805133
3/6/66,2.606098063452822
3/7/66,2.6161293645071693
3/8/66,2.626158599382089
3/9/66,2.636185768715893
3/10/66,2.646210873146626
3/11/66,2.656233913312045
3/12/66,2.6662548898497063
3/13/66,2.6762738033968114
3/14/66,2.686290654590362
3/15/66,2.696305444067093
3/16/66,2.7063181724634733
3/17/66,2.7163288404156827
3/18/66,2.726337448559679
3/19/66,2.736343997531132
3/20/66,2.7463484879654443
3/21/66,2.7563509204977743
3/22/66,2.7663512957630587
3/23/66,2.776349614395879
3/24/66,2.786345877030638
3/25/66,2.7963400843014297
3/26/66,2.8063322368421018
3/27/66,2.8163223352862587
3/28/66,2.8263103802672163
3/29/66,2.8362963724180457
3/30/66,2.846280312371552
3/31/66,2.8562622007602956
4/1/66,2.8662420382165488
4/2/66,2.8662420382165488
4/3/66,2.8662420382165488
4/4/66,2.8662420382165488
4/5/66,2.8662420382165488
4/6/66,2.8662420382165488
4/7/66,2.8662420382165488
4/8/66,2.8662420382165488
4/9/66,2.8662420382165488
4/10/66,2.8662420382165488
4/11/66,2.8662420382165488
4/12/66,2.8662420382165488
4/13/66,2.8662420382165488
4/14/66,2.8662420382165488
4/15/66,2.8662420382165488
4/16/66,2.8662420382165488
4/17/66,2.8662420382165488
4/18/66,2.8662420382165488
4/19/66,2.8662420382165488
4/20/66,2.8662420382165488
4/21/66,2.8662420382165488
4/22/66,2.8662420382165488
4/23/66,2.8662420382165488
4/24/66,2.8662420382165488
4/25/66,2.8662420382165488
4/26/66,2.8662420382165488
4/27/66,2.8662420382165488
4/28/66,2.8662420382165488
4/29/66,2.8662420382165488
4/30/66,2.8662420382165488
5/1/66,2.8662420382165488
5/2/66,2.8553820870994118
5/3/66,2.844526596837138
5/4/66,2.8336755646817036
5/5/66,2.8228289878875046
5/6/66,2.8119868637110024
5/7/66,2.8011491894110563
5/8/66,2.7903159622486573
5/9/66,2.7794871794871723
5/10/66,2.768662838392122
5/11/66,2.7578429362312695
5/12/66,2.74702747
5/13/66,2.736216437794625
5/14/66,2.725409836065551
5/15/66,2.7146076623642657
5/16/66,2.703809913969679
5/17/66,2.693016588163011
5/18/66,2.682227682227656
5/19/66,2.671443193449341
5/20/66,2.660663119115836
5/21/66,2.6498874565172637
5/22/66,2.6391162029459903
5/23/66,2.6283493556964466
5/24/66,2.6175869120654394
5/25/66,2.6068288693518626
5/26/66,2.5960752248568975
5/27/66,2.585325975883901
5/28/66,2.5745811197384505
5/29/66,2.563840654
5/30/66,2.5531045751633785
5/31/66,2.5423728813559254
6/1/66,2.5316455696202445
6/2/66,2.542194092826988
6/3/66,2.552742616033754
6/4/66,2.563291139240498
6/5/66,2.5738396624472637
6/6/66,2.5843881856540074
6/7/66,2.594936708860751
6/8/66,2.605485232067495
6/9/66,2.6160337552742385
6/10/66,2.6265822784810045
6/11/66,2.637130801687748
6/12/66,2.647679324894514
6/13/66,2.658227848101258
6/14/66,2.6687763713080237
6/15/66,2.6793248945147674
6/16/66,2.6898734177215333
6/17/66,2.700421940928255
6/18/66,2.7109704641349985
6/19/66,2.7215189873417645
6/20/66,2.732067510548508
6/21/66,2.742616033755274
6/22/66,2.753164556962018
6/23/66,2.7637130801687837
6/24/66,2.7742616033755274
6/25/66,2.784810126582271
6/26/66,2.795358649789037
6/27/66,2.8059071729957585
6/28/66,2.8164556962025245
6/29/66,2.827004219409268
6/30/66,2.837552742616034
7/1/66,2.848101265822778
7/2/66,2.868517762351974
7/3/66,2.8889342588811706
7/4/66,2.9093507554103892
7/5/66,2.9297672519395634
7/6/66,2.950183748
7/7/66,2.9706002449979563
7/8/66,2.9910167415271527
7/9/66,3.011433238056349
7/10/66,3.0318497345855455
7/11/66,3.0522662311147197
7/12/66,3.0726827276439383
7/13/66,3.0930992241731348
7/14/66,3.113515720702331
7/15/66,3.1339322172315276
7/16/66,3.154348713760724
7/17/66,3.174765210289898
7/18/66,3.1951817068190946
7/19/66,3.2155982033483133
7/20/66,3.2360146998775097
7/21/66,3.256431196406706
7/22/66,3.2768476929359025
7/23/66,3.2972641894650767
7/24/66,3.317680685994273
7/25/66,3.3380971825234695
7/26/66,3.358513679052688
7/27/66,3.3789301755818846
7/28/66,3.399346672111081
7/29/66,3.419763168640255
7/30/66,3.4401796651694516
7/31/66,3.460596161698648
8/1/66,3.4810126582278444
8/2/66,3.4810126582278444
8/3/66,3.4810126582278444
8/4/66,3.4810126582278444
8/5/66,3.4810126582278444
8/6/66,3.4810126582278444
8/7/66,3.4810126582278444
8/8/66,3.4810126582278444
8/9/66,3.4810126582278444
8/10/66,3.4810126582278444
8/11/66,3.4810126582278444
8/12/66,3.4810126582278444
8/13/66,3.4810126582278444
8/14/66,3.4810126582278444
8/15/66,3.4810126582278444
8/16/66,3.4810126582278444
8/17/66,3.4810126582278444
8/18/66,3.4810126582278444
8/19/66,3.4810126582278444
8/20/66,3.4810126582278444
8/21/66,3.4810126582278444
8/22/66,3.4810126582278444
8/23/66,3.4810126582278444
8/24/66,3.4810126582278444
8/25/66,3.4810126582278444
8/26/66,3.4810126582278444
8/27/66,3.4810126582278444
8/28/66,3.4810126582278444
8/29/66,3.4810126582278444
8/30/66,3.4810126582278444
8/31/66,3.4810126582278444
9/1/66,3.4810126582278444
9/2/66,3.491192912140084
9/3/66,3.5013710187724145
9/4/66,3.511546978804181
9/5/66,3.5217207929143735
9/6/66,3.5318924617817604
9/7/66,3.5420619860847546
9/8/66,3.5522293665015248
9/9/66,3.5623946037099508
9/10/66,3.572557698387624
9/11/66,3.5827186512118026
9/12/66,3.592877462859545
9/13/66,3.6030341340075767
9/14/66,3.6131886653323564
9/15/66,3.623341058
9/16/66,3.633491311216419
9/17/66,3.643639427127199
9/18/66,3.6537854059176533
9/19/66,3.6639292482627983
9/20/66,3.6740709548373607
9/21/66,3.684210526315801
9/22/66,3.694347963372291
9/23/66,3.7044832666806915
9/24/66,3.714616436914664
9/25/66,3.7247474747474696
9/26/66,3.7348763808521923
9/27/66,3.7450031559015384
9/28/66,3.7551278005679922
9/29/66,3.7652503155237715
9/30/66,3.775370701440739
10/1/66,3.785488958990535
10/2/66,3.785488958990535
10/3/66,3.785488958990535
10/4/66,3.785488958990535
10/5/66,3.785488958990535
10/6/66,3.785488958990535
10/7/66,3.785488958990535
10/8/66,3.785488958990535
10/9/66,3.785488958990535
10/10/66,3.785488958990535
10/11/66,3.785488958990535
10/12/66,3.785488958990535
10/13/66,3.785488958990535
10/14/66,3.785488958990535
10/15/66,3.785488958990535
10/16/66,3.785488958990535
10/17/66,3.785488958990535
10/18/66,3.785488958990535
10/19/66,3.785488958990535
10/20/66,3.785488958990535
10/21/66,3.785488958990535
10/22/66,3.785488958990535
10/23/66,3.785488958990535
10/24/66,3.785488958990535
10/25/66,3.785488958990535
10/26/66,3.785488958990535
10/27/66,3.785488958990535
10/28/66,3.785488958990535
10/29/66,3.785488958990535
10/30/66,3.785488958990535
10/31/66,3.785488958990535
11/1/66,3.785488958990535
11/2/66,3.7745768058037976
11/3/66,3.763666947014288
11/4/66,3.7527593818984517
11/5/66,3.7418541097330227
11/6/66,3.730951129795068
11/7/66,3.7200504413619218
11/8/66,3.709152044
11/9/66,3.698255936121031
11/10/66,3.687362117869508
11/11/66,3.676470588235281
11/12/66,3.6655813464972153
11/13/66,3.6546943919344654
11/14/66,3.643809723826519
11/15/66,3.6329273414531738
11/16/66,3.622047244094473
11/17/66,3.6111694310308584
11/18/66,3.6002939015429725
11/19/66,3.5894206549118346
11/20/66,3.578549690418731
11/21/66,3.5676810073452137
11/22/66,3.556814604973235
11/23/66,3.5459504825849697
11/24/66,3.535088639462902
11/25/66,3.524229074889851
11/26/66,3.5133717881489224
11/27/66,3.502516778523468
11/28/66,3.4916640452972603
11/29/66,3.480813588
11/30/66,3.469965405178743
12/1/66,3.459119496855334
12/2/66,3.459119496855334
12/3/66,3.459119496855334
12/4/66,3.459119496855334
12/5/66,3.459119496855334
12/6/66,3.459119496855334
12/7/66,3.459119496855334
12/8/66,3.459119496855334
12/9/66,3.459119496855334
12/10/66,3.459119496855334
12/11/66,3.459119496855334
12/12/66,3.459119496855334
12/13/66,3.459119496855334
12/14/66,3.459119496855334
12/15/66,3.459119496855334
12/16/66,3.459119496855334
12/17/66,3.459119496855334
12/18/66,3.459119496855334
12/19/66,3.459119496855334
12/20/66,3.459119496855334
12/21/66,3.459119496855334
12/22/66,3.459119496855334
12/23/66,3.459119496855334
12/24/66,3.459119496855334
12/25/66,3.459119496855334
12/26/66,3.459119496855334
12/27/66,3.459119496855334
12/28/66,3.459119496855334
12/29/66,3.459119496855334
12/30/66,3.459119496855334
12/31/66,3.459119496855334
1/1/67,3.459119496855334
1/2/67,3.4381338742393464
1/3/67,3.417156763334006
1/4/67,3.396188158961877
1/5/67,3.3752280559497194
1/6/67,3.3542764491284904
1/7/67,3.3333333333333215
1/8/67,3.312398703403563
1/9/67,3.291472554182695
1/10/67,3.270554880518417
1/11/67,3.2496456772626026
1/12/67,3.2287449392712553
1/13/67,3.2078526614045755
1/14/67,3.1869688385269157
1/15/67,3.1660934655067807
1/16/67,3.1452265372168275
1/17/67,3.1243680485338654
1/18/67,3.103517994338856
1/19/67,3.082676369516868
1/20/67,3.0618431689571457
1/21/67,3.0410183875530405
1/22/67,3.020202020202012
1/23/67,2.9993940618056936
1/24/67,2.978594507269783
1/25/67,2.957803351504129
1/26/67,2.9370205894226897
1/27/67,2.9162462159434854
1/28/67,2.8954802259887114
1/29/67,2.8747226144845595
1/30/67,2.8539733763614183
1/31/67,2.833232507
2/1/67,2.8124999999999956
2/2/67,2.812186139939743
2/3/67,2.8118723499218845
2/4/67,2.8115586299230166
2/5/67,2.8112449799196693
2/6/67,2.810931399888461
2/7/67,2.810617889805922
2/8/67,2.810304449648715
2/9/67,2.8099910793933924
2/10/67,2.809677779016617
2/11/67,2.809364548494986
2/12/67,2.8090513878051393
2/13/67,2.808738296923763
2/14/67,2.8084252758274753
2/15/67,2.808112324493006
2/16/67,2.807799443
2/17/67,2.807486631016043
2/18/67,2.807173888827008
2/19/67,2.806861216306533
2/20/67,2.8065486134313256
2/21/67,2.8062360801781594
2/22/67,2.8059236165237644
2/23/67,2.8056112224448926
2/24/67,2.805298897918296
2/25/67,2.804986642920748
2/26/67,2.804674457429046
2/27/67,2.804362341419986
2/28/67,2.804050294870364
3/1/67,2.8037383177569986
3/2/67,2.7931277001908894
3/3/67,2.782521346057254
3/4/67,2.771919252786992
3/5/67,2.761321417813045
3/6/67,2.7507278385704215
3/7/67,2.7401385124962374
3/8/67,2.729553437029586
3/9/67,2.718972609611714
3/10/67,2.7083960276858443
3/11/67,2.6978236886972207
3/12/67,2.6872555900932626
3/13/67,2.6766917293232995
3/14/67,2.6661321038388364
3/15/67,2.6555767110933104
3/16/67,2.6450255485422236
3/17/67,2.6344786136432097
3/18/67,2.6239359038557897
3/19/67,2.6133974166416385
3/20/67,2.6028631494644294
3/21/67,2.592333099789812
3/22/67,2.5818072650855672
3/23/67,2.571285642821408
3/24/67,2.560768230469157
3/25/67,2.550255025502568
3/26/67,2.539746025
3/27/67,2.5292412276317178
3/28/67,2.5187406296851567
3/29/67,2.508244229
3/30/67,2.4977520231791672
3/31/67,2.487264009589474
4/1/67,2.4767801857585203
4/2/67,2.487100103199169
4/3/67,2.4974200206398622
4/4/67,2.507739938080511
4/5/67,2.518059855521182
4/6/67,2.5283797729618307
4/7/67,2.5386996904025017
4/8/67,2.5490196078431504
4/9/67,2.559339525283799
4/10/67,2.569659443
4/11/67,2.579979360165119
4/12/67,2.590299278
4/13/67,2.6006191950464608
4/14/67,2.6109391124871317
4/15/67,2.6212590299277805
4/16/67,2.6315789473684514
4/17/67,2.641898865
4/18/67,2.652218782249749
4/19/67,2.6625387
4/20/67,2.6728586171310686
4/21/67,2.6831785345717396
4/22/67,2.6934984520123884
4/23/67,2.7038183694530815
4/24/67,2.7141382868937303
4/25/67,2.724458204334379
4/26/67,2.734778122
4/27/67,2.7450980392156987
4/28/67,2.7554179566563697
4/29/67,2.7657378740970184
4/30/67,2.7760577915376894
5/1/67,2.786377708978338
5/2/67,2.786099460754965
5/3/67,2.7858212680978767
5/4/67,2.785543130990442
5/5/67,2.785265049416008
5/6/67,2.7849870233579654
5/7/67,2.784709052799683
5/8/67,2.7844311377245745
5/9/67,2.784153278115964
5/10/67,2.783875473957287
5/11/67,2.783597725231979
5/12/67,2.7833200319233864
5/13/67,2.7830423940149895
5/14/67,2.782764811490135
5/15/67,2.7824872843323023
5/16/67,2.7822098125249495
5/17/67,2.7819323960514453
5/18/67,2.781655034895336
5/19/67,2.781377729039969
5/20/67,2.7811004784688897
5/21/67,2.780823283165579
5/22/67,2.780546143113405
5/23/67,2.780269058295981
5/24/67,2.7799920286966984
5/25/67,2.779715054299081
5/26/67,2.779438135086698
5/27/67,2.779161271042918
5/28/67,2.7788844621513986
5/29/67,2.778607708395575
5/30/67,2.7783310097590164
5/31/67,2.7780543662252244
6/1/67,2.777777777777768
6/2/67,2.777492027569184
6/3/67,2.777206336144822
6/4/67,2.776920703486585
6/5/67,2.7766351295763103
6/6/67,2.776349614395879
6/7/67,2.776064157927194
6/8/67,2.775778760152159
6/9/67,2.7754934210526327
6/10/67,2.775208140610541
6/11/67,2.7749229188078095
6/12/67,2.7746377556263413
6/13/67,2.7743526510480843
6/14/67,2.774067605054964
6/15/67,2.773782617628928
6/16/67,2.7734976887519025
6/17/67,2.7732128184059013
6/18/67,2.7729280065728723
6/19/67,2.772643253234741
6/20/67,2.7723585583735444
6/21/67,2.772073921971252
6/22/67,2.771789344009856
6/23/67,2.771504824471349
6/24/67,2.7712203633377674
6/25/67,2.7709359605911255
6/26/67,2.7706516162134376
6/27/67,2.7703673301867404
6/28/67,2.7700831024930705
6/29/67,2.7697989331144868
6/30/67,2.7695148220330257
7/1/67,2.7692307692307683
7/2/67,2.758757566736114
7/3/67,2.7482885206865593
7/4/67,2.7378236286082602
7/5/67,2.727362888029372
7/6/67,2.716906296479915
7/7/67,2.706453851492019
7/8/67,2.696005550599656
7/9/67,2.6855613913387977
7/10/67,2.675121371247391
7/11/67,2.6646854878652704
7/12/67,2.6542537387342913
7/13/67,2.6438261213981518
7/14/67,2.633402633402615
7/15/67,2.622983272295354
7/16/67,2.6125680356259062
7/17/67,2.6021569209458972
7/18/67,2.591749925808684
7/19/67,2.5813470477697553
7/20/67,2.5709482843864206
7/21/67,2.5605536332179657
7/22/67,2.550163092
7/23/67,2.5397766577724967
7/24/67,2.5293943286236686
7/25/67,2.5190161019460477
7/26/67,2.508641975308623
7/27/67,2.4982719462822045
7/28/67,2.4879060124395114
7/29/67,2.4775441713552615
7/30/67,2.467186420605927
7/31/67,2.456832757770111
8/1/67,2.4464831804281273
8/2/67,2.456348031962108
8/3/67,2.4662128834960884
8/4/67,2.476077735030069
8/5/67,2.4859425865640716
8/6/67,2.495807438098052
8/7/67,2.5056722896320327
8/8/67,2.5155371411660132
8/9/67,2.5254019926999938
8/10/67,2.5352668442339965
8/11/67,2.545131695767977
8/12/67,2.5549965473019576
8/13/67,2.564861398835938
8/14/67,2.5747262503699186
8/15/67,2.5845911019039214
8/16/67,2.5944559534378797
8/17/67,2.6043208049718825
8/18/67,2.614185656505863
8/19/67,2.6240505080398657
8/20/67,2.633915359573824
8/21/67,2.6437802111078046
8/22/67,2.6536450626418073
8/23/67,2.663509914175788
8/24/67,2.6733747657097684
8/25/67,2.683239617243749
8/26/67,2.6931044687777295
8/27/67,2.702969320311732
8/28/67,2.7128341718456905
8/29/67,2.7226990233796933
8/30/67,2.732563874913674
8/31/67,2.7424287264476765
9/1/67,2.752293577981657
9/2/67,2.741540970240508
9/3/67,2.730792745058075
9/4/67,2.7200488997555006
9/5/67,2.7093094316561483
9/6/67,2.6985743380855354
9/7/67,2.6878436163714214
9/8/67,2.6771172638436536
9/9/67,2.666395277834299
9/10/67,2.6556776556776462
9/11/67,2.644964395
9/12/67,2.6342554922701433
9/13/67,2.623550945698594
9/14/67,2.612850752338347
9/15/67,2.60215491
9/16/67,2.5914634146341653
9/17/67,2.580776264986806
9/18/67,2.5700934579439227
9/19/67,2.5594149908592323
9/20/67,2.5487408610885387
9/21/67,2.538071065989844
9/22/67,2.5274056029232606
9/23/67,2.5167444692510976
9/24/67,2.506087662337686
9/25/67,2.495435179549599
9/26/67,2.4847870182555853
9/27/67,2.474143175826393
9/28/67,2.463503649635057
9/29/67,2.4528684370565657
9/30/67,2.4422375354681947
10/1/67,2.4316109422492627
10/2/67,2.4414158250808837
10/3/67,2.451220707912549
10/4/67,2.4610255907441925
10/5/67,2.470830473575858
10/6/67,2.480635356407501
10/7/67,2.4904402392391445
10/8/67,2.500245122
10/9/67,2.5100500049024532
10/10/67,2.5198548877340965
10/11/67,2.529659770565762
10/12/67,2.539464653397383
10/13/67,2.5492695362290485
10/14/67,2.5590744190606918
10/15/67,2.568879301892335
10/16/67,2.5786841847240005
10/17/67,2.588489067555644
10/18/67,2.5982939503873093
10/19/67,2.6080988332189525
10/20/67,2.617903716050596
10/21/67,2.6277085988822613
10/22/67,2.6375134817138823
10/23/67,2.647318364545548
10/24/67,2.657123247377191
10/25/67,2.6669281302088343
10/26/67,2.676733013
10/27/67,2.686537895872143
10/28/67,2.6963427787037864
10/29/67,2.706147661535452
10/30/67,2.715952544367095
10/31/67,2.7257574271987606
11/1/67,2.7355623100303816
11/2/67,2.7456940222897463
11/3/67,2.7558257345491333
11/4/67,2.765957446808498
11/5/67,2.776089159067885
11/6/67,2.7862208713272496
11/7/67,2.7963525835866365
11/8/67,2.8064842958460012
11/9/67,2.816616008105366
11/10/67,2.8267477203647307
11/11/67,2.8368794326240954
11/12/67,2.8470111448834823
11/13/67,2.857142857142847
11/14/67,2.867274569402234
11/15/67,2.8774062816615986
11/16/67,2.8875379939209633
11/17/67,2.8976697061803502
11/18/67,2.907801418439715
11/19/67,2.917933130699102
11/20/67,2.9280648429584444
11/21/67,2.9381965552178313
11/22/67,2.948328267477196
11/23/67,2.958459979736583
11/24/67,2.9685916919959476
11/25/67,2.9787234042553123
11/26/67,2.9888551165146993
11/27/67,2.998986828774064
11/28/67,3.009118541033451
11/29/67,3.0192502532927934
11/30/67,3.0293819655521803
12/1/67,3.039513677811545
12/2/67,3.0591234434748538
12/3/67,3.0787332091381625
12/4/67,3.0983429748014713
12/5/67,3.1179527404647356
12/6/67,3.1375625061280443
12/7/67,3.157172271791353
12/8/67,3.176782037454662
12/9/67,3.1963918031179706
12/10/67,3.216001568781257
12/11/67,3.2356113344445436
12/12/67,3.2552211001078524
12/13/67,3.274830865771161
12/14/67,3.294440631
12/15/67,3.3140503970977564
12/16/67,3.333660162761065
12/17/67,3.3532699284243517
12/18/67,3.3728796940876604
12/19/67,3.392489459750969
12/20/67,3.4120992254142557
12/21/67,3.4317089910775644
12/22/67,3.451318756740873
12/23/67,3.4709285224041597
12/24/67,3.4905382880674685
12/25/67,3.510148053730755
12/26/67,3.5297578193940637
12/27/67,3.5493675850573725
12/28/67,3.5689773507206812
12/29/67,3.5885871163839678
12/30/67,3.6081968820472543
12/31/67,3.627806647710563
1/1/68,3.647416413373872
1/2/68,3.657221296205515
1/3/68,3.6670261790371805
1/4/68,3.676831061868824
1/5/68,3.686635944700467
1/6/68,3.6964408275321103
1/7/68,3.706245710363776
1/8/68,3.716050593195419
1/9/68,3.7258554760270624
1/10/68,3.735660358858728
1/11/68,3.745465241690371
1/12/68,3.7552701245220366
1/13/68,3.765075007
1/14/68,3.774879890185323
1/15/68,3.7846847730169664
1/16/68,3.7944896558486096
1/17/68,3.804294538680275
1/18/68,3.8140994215119184
1/19/68,3.823904304343584
1/20/68,3.833709187175227
1/21/68,3.8435140700068704
1/22/68,3.853318952838536
1/23/68,3.863123835670179
1/24/68,3.8729287185018446
1/25/68,3.8827336013334657
1/26/68,3.892538484165109
1/27/68,3.9023433669967744
1/28/68,3.9121482498284177
1/29/68,3.921953132660083
1/30/68,3.9317580154917264
1/31/68,3.941562898323392
2/1/68,3.951367781155035
2/2/68,3.9505646069833977
2/3/68,3.949761607149549
2/4/68,3.948958781596734
2/5/68,3.948156130268199
2/6/68,3.947353653107255
2/7/68,3.946551350057237
2/8/68,3.9457492210614564
2/9/68,3.944947266
2/10/68,3.944145485006123
2/11/68,3.943343877833394
2/12/68,3.9425424444884616
2/13/68,3.941741184914904
2/14/68,3.940940099056167
2/15/68,3.940139186855718
2/16/68,3.939338448257179
2/17/68,3.9385378832040407
2/18/68,3.9377374916399477
2/19/68,3.936937273508434
2/20/68,3.9361372287531893
2/21/68,3.9353373573178807
2/22/68,3.9345376591461534
2/23/68,3.9337381341817634
2/24/68,3.9329387823684447
2/25/68,3.932139603649887
2/26/68,3.9313405979699345
2/27/68,3.930541765272366
2/28/68,3.929743105501027
2/29/68,3.9289446185997834
3/1/68,3.929234678917015
3/2/68,3.9288506645816845
3/3/68,3.9284667253004946
3/4/68,3.928082861051374
3/5/68,3.927699071812407
3/6/68,3.9273153575615227
3/7/68,3.9269317182768493
3/8/68,3.9265481539363156
3/9/68,3.926164664518006
3/10/68,3.9257812500000044
3/11/68,3.9253979103602843
3/12/68,3.9250146455770407
3/13/68,3.9246314556282247
3/14/68,3.924248340491965
3/15/68,3.923865300146412
3/16/68,3.9234823345695613
3/17/68,3.9230994437396305
3/18/68,3.922716627634637
3/19/68,3.9223338862327983
3/20/68,3.9219512195121986
3/21/68,3.9215686274509665
3/22/68,3.9211861100273193
3/23/68,3.920803667219319
3/24/68,3.9204212990052723
3/25/68,3.9200390053632406
3/26/68,3.9196567862714193
3/27/68,3.9192746417080926
3/28/68,3.9188925716513667
3/29/68,3.918510576079548
3/30/68,3.918128654970743
3/31/68,3.9177468083032796
4/1/68,3.9170274896787927
4/2/68,3.916633105114764
4/3/68,3.916238799959726
4/4/68,3.915844574189631
4/5/68,3.9154504277805646
4/6/68,3.9150563607085243
4/7/68,3.9146623729495733
4/8/68,3.9142684644797754
4/9/68,3.9138746352751497
4/10/68,3.9134808853118708
4/11/68,3.9130872145659135
4/12/68,3.9126936230134746
4/13/68,3.9123001106305733
4/14/68,3.9119066773934064
4/15/68,3.9115133232780153
4/16/68,3.911120048260597
4/17/68,3.910726852317281
4/18/68,3.9103337354241763
4/19/68,3.9099406975575457
4/20/68,3.909547738693453
4/21/68,3.9091548588081615
4/22/68,3.9087620578778015
4/23/68,3.9083693358786364
4/24/68,3.9079766927868187
4/25/68,3.9075841285785895
4/26/68,3.9071916432302123
4/27/68,3.9067992367178617
4/28/68,3.9064069090178677
4/29/68,3.906014660106405
4/30/68,3.905622489959848
5/1/68,3.905566890119494
5/2/68,3.9149018845929584
5/3/68,3.9242350655658065
5/4/68,3.9335664335664378
5/5/68,3.9428959891230297
5/6/68,3.952223732763649
5/7/68,3.9615496650160065
5/8/68,3.9708737864077692
5/9/68,3.980196097466271
5/10/68,3.989516598718712
5/11/68,3.9988352906920266
5/12/68,4.008152173913038
5/13/68,4.017467248908302
5/14/68,4.026780516204176
5/15/68,4.036091976326772
5/16/68,4.0454016298021145
5/17/68,4.054709477155871
5/18/68,4.064015518913666
5/19/68,4.073319755600835
5/20/68,4.082622187742446
5/21/68,4.091922816
5/22/68,4.1012216404886725
5/23/68,4.110518662142515
5/24/68,4.119813881349366
5/25/68,4.129107298633317
5/26/68,4.138398914518326
5/27/68,4.147688729528087
5/28/68,4.156976744186069
5/29/68,4.166262959
5/30/68,4.175547374539823
5/31/68,4.1848299912816245
6/1/68,4.193774396957295
6/2/68,4.203362690152135
6/3/68,4.212949064345062
6/4/68,4.2225335201120595
6/5/68,4.232116058029023
6/6/68,4.241696678671469
6/7/68,4.251275382614805
6/8/68,4.260852170434104
6/9/68,4.270427042704283
6/10/68,4.280000000000039
6/11/68,4.289571042895712
6/12/68,4.299140171965621
6/13/68,4.308707387783661
6/14/68,4.318272690923641
6/15/68,4.327836081959058
6/16/68,4.337397561463119
6/17/68,4.34695713
6/18/68,4.356514788169474
6/19/68,4.3660705365171415
6/20/68,4.375624375624376
6/21/68,4.385176306063343
6/22/68,4.394726328405918
6/23/68,4.404274443223799
6/24/68,4.413820651088485
6/25/68,4.4233649525711405
6/26/68,4.4329073482428205
6/27/68,4.442447838674246
6/28/68,4.451986424436005
6/29/68,4.461523106098397
6/30/68,4.471057884231544
7/1/68,4.480927088363118
7/2/68,4.480494399381985
7/3/68,4.480061793955792
7/4/68,4.479629272060226
7/5/68,4.479196833671217
7/6/68,4.478764478764474
7/7/68,4.478332207315905
7/8/68,4.477900019301306
7/9/68,4.477467914696498
7/10/68,4.477035893477432
7/11/68,4.476603955619862
7/12/68,4.476172101099762
7/13/68,4.47574033
7/14/68,4.475308641975295
7/15/68,4.474877037322789
7/16/68,4.474445515911274
7/17/68,4.474014077716726
7/18/68,4.473582722714986
7/19/68,4.473151450882096
7/20/68,4.472720262193963
7/21/68,4.472289156626497
7/22/68,4.4718581341557595
7/23/68,4.471427194757616
7/24/68,4.470996338408173
7/25/68,4.470565565
7/26/68,4.470134874759135
7/27/68,4.469704267411623
7/28/68,4.469273743016755
7/29/68,4.468843301550618
7/30/68,4.468412942989208
7/31/68,4.467982667308634
8/1/68,4.467552474484893
8/2/68,4.467122364494069
8/3/68,4.466692337312295
8/4/68,4.466262392915565
8/5/68,4.465832531280078
8/6/68,4.465402752381853
8/7/68,4.464973056197086
8/8/68,4.464543442701818
8/9/68,4.464113911872225
8/10/68,4.463684463684481
8/11/68,4.463255098114649
8/12/68,4.462825815138993
8/13/68,4.462396614733621
8/14/68,4.461967496874686
8/15/68,4.461538461538472
8/16/68,4.461109508701067
8/17/68,4.460680638338799
8/18/68,4.460251850427754
8/19/68,4.459823144944264
8/20/68,4.4593945218645015
8/21/68,4.458965981164709
8/22/68,4.458537522821193
8/23/68,4.458109147
8/24/68,4.457680853107893
8/25/68,4.457252641690701
8/26/68,4.456824512534796
8/27/68,4.456396465616597
8/28/68,4.455968501
8/29/68,4.455540618398324
8/30/68,4.455112818050866
8/31/68,4.454685099846389
9/1/68,4.453923221902589
9/2/68,4.463400119023997
9/3/68,4.472875136
9/4/68,4.482348274494252
9/5/68,4.4918195339613165
9/6/68,4.501288915328172
9/7/68,4.510756419153372
9/8/68,4.520222045995248
9/9/68,4.529685796411931
9/10/68,4.539147671
9/11/68,4.548607670201155
9/12/68,4.558065794688848
9/13/68,4.567522044981653
9/14/68,4.576976421636614
9/15/68,4.586428925210484
9/16/68,4.5958795562599075
9/17/68,4.605328315341173
9/18/68,4.614775203010479
9/19/68,4.624220219823738
9/20/68,4.633663366336616
9/21/68,4.643104643104645
9/22/68,4.652544050683005
9/23/68,4.661981589626829
9/24/68,4.6714172604908955
9/25/68,4.680851063829761
9/26/68,4.690283000197892
9/27/68,4.699713070149381
9/28/68,4.709141274238227
9/29/68,4.7185676130180765
9/30/68,4.727992087
10/1/68,4.737748851454815
10/2/68,4.737295434969835
10/3/68,4.736842105
10/4/68,4.736388862309804
10/5/68,4.735935706084948
10/6/68,4.735482636563648
10/7/68,4.735029653721057
10/8/68,4.734576757532283
10/9/68,4.734123947972457
10/10/68,4.733671225016733
10/11/68,4.7332185886402645
10/12/68,4.732766038818226
10/13/68,4.732313575525815
10/14/68,4.731861198738163
10/15/68,4.731408908430512
10/16/68,4.730956704578038
10/17/68,4.730504587155959
10/18/68,4.730052556139497
10/19/68,4.729600611503937
10/20/68,4.729148753
10/21/68,4.728696981
10/22/68,4.728245295634714
10/23/68,4.727793696275073
10/24/68,4.727342183172589
10/25/68,4.726890756302504
10/26/68,4.726439415640216
10/27/68,4.725988161160988
10/28/68,4.725536992840085
10/29/68,4.725085910652926
10/30/68,4.724634914574777
10/31/68,4.7241840045810335
11/1/68,4.723400059165783
11/2/68,4.722934332
11/3/68,4.722468697623983
11/4/68,4.722003154574117
11/5/68,4.7215377033021255
11/6/68,4.7210723437807856
11/7/68,4.720607075983052
11/8/68,4.720141899881769
11/9/68,4.719676815
11/10/68,4.719211822660108
11/11/68,4.718746921
11/12/68,4.7182821118991525
11/13/68,4.717817393873713
11/14/68,4.717352767382321
11/15/68,4.716888232397842
11/16/68,4.716423788893276
11/17/68,4.715959436841599
11/18/68,4.715495176215789
11/19/68,4.715031007
11/20/68,4.7145669291338566
11/21/68,4.714102942623777
11/22/68,4.713639047431606
11/23/68,4.713175243530476
11/24/68,4.712711530893365
11/25/68,4.712247909493361
11/26/68,4.711784379303574
11/27/68,4.711320940297026
11/28/68,4.710857592446915
11/29/68,4.710394336
11/30/68,4.709931170108184
12/1/68,4.699838264675105
12/2/68,4.689432132
12/3/68,4.679029957203995
12/4/68,4.668631739089091
12/5/68,4.658237475045168
12/6/68,4.647847162817231
12/7/68,4.6374608
12/8/68,4.627078385
12/9/68,4.616699914505551
12/10/68,4.606325387026322
12/11/68,4.595954800113944
12/12/68,4.5855881515237895
12/13/68,4.575225439012809
12/14/68,4.56486666
12/15/68,4.554511813265005
12/16/68,4.544160896
12/17/68,4.533813905
12/18/68,4.523470839260324
12/19/68,4.513131696216943
12/20/68,4.502796473599391
12/21/68,4.492465169178272
12/22/68,4.482137780725881
12/23/68,4.471814306016109
12/24/68,4.461494742824668
12/25/68,4.451179088928869
12/26/68,4.440867342107735
12/27/68,4.430559500141995
12/28/68,4.4202555608140015
12/29/68,4.409955521907838
12/30/68,4.399659381209187
12/31/68,4.389367136505551
1/1/69,4.388951949
1/2/69,4.3979948926510914
1/3/69,4.407036126347652
1/4/69,4.41607565
1/5/69,4.425113464447805
1/6/69,4.4341495698212885
1/7/69,4.443183966723385
1/8/69,4.452216656
1/9/69,4.461247637051025
1/10/69,4.470276911445037
1/11/69,4.479304479304469
1/12/69,4.4883303411131115
1/13/69,4.497354497354511
1/14/69,4.506376948512014
1/15/69,4.515397695068946
1/16/69,4.524416737508252
1/17/69,4.533434076312792
1/18/69,4.542449711965224
1/19/69,4.551463644948073
1/20/69,4.560475875743553
1/21/69,4.569486404833811
1/22/69,4.578495232700841
1/23/69,4.587502359826301
1/24/69,4.596507786691828
1/25/69,4.6055115137787705
1/26/69,4.614513541568344
1/27/69,4.623513870541607
1/28/69,4.632512501179331
1/29/69,4.641509433962265
1/30/69,4.650504669370781
1/31/69,4.659498207885293
2/1/69,4.667809254965194
2/2/69,4.688580069124404
2/3/69,4.709346696041572
2/4/69,4.730109136982752
2/5/69,4.750867393213465
2/6/69,4.771621465998721
2/7/69,4.792371356603087
2/8/69,4.813117066290551
2/9/69,4.833858596324592
2/10/69,4.854595947968221
2/11/69,4.875329122
2/12/69,4.896058121133651
2/13/69,4.916782945178877
2/14/69,4.937503595880566
2/15/69,4.958220074499153
2/16/69,4.978932382294565
2/17/69,4.999640520526261
2/18/69,5.020344490453166
2/19/69,5.0410442933337185
2/20/69,5.061739930425779
2/21/69,5.082431402986787
2/22/69,5.1031187122736466
2/23/69,5.1238018595427315
2/24/69,5.144480846049948
2/25/69,5.165155673
2/26/69,5.185826341799804
2/27/69,5.206492853551703
2/28/69,5.227155209560208
3/1/69,5.247813411078739
3/2/69,5.2567237163814395
3/3/69,5.2656323460272825
3/4/69,5.274539300488912
3/5/69,5.283444580238794
3/6/69,5.292348185749218
3/7/69,5.301250117492251
3/8/69,5.3101503759398705
3/9/69,5.319048961563766
3/10/69,5.327945875
3/11/69,5.336841116226632
3/12/69,5.345734686208203
3/13/69,5.354626585251299
3/14/69,5.363516813826785
3/15/69,5.3724053724053755
3/16/69,5.381292261
3/17/69,5.390177481453651
3/18/69,5.399061032863872
3/19/69,5.407942916158115
3/20/69,5.416823131806225
3/21/69,5.425701680277872
3/22/69,5.434578562042414
3/23/69,5.443453777569229
3/24/69,5.452327327327322
3/25/69,5.461199211785672
3/26/69,5.470069431413038
3/27/69,5.478937986677912
3/28/69,5.487804878048785
3/29/69,5.496670105993817
3/30/69,5.505533670981055
3/31/69,5.514395573
4/1/69,5.523255813953476
4/2/69,5.522720666602066
4/3/69,5.522185622941289
4/4/69,5.521650682940993
4/5/69,5.521115847
4/6/69,5.520581113801448
4/7/69,5.520046484601981
4/8/69,5.519511959
4/9/69,5.518977536793179
4/10/69,5.518443218123714
4/11/69,5.517909002904164
4/12/69,5.517374891104443
4/13/69,5.516840882694529
4/14/69,5.516306977644425
4/15/69,5.515773175924132
4/16/69,5.515239477503608
4/17/69,5.514705882352944
4/18/69,5.514172390442096
4/19/69,5.513639001741155
4/20/69,5.513105716220124
4/21/69,5.512572533849136
4/22/69,5.512039454598194
4/23/69,5.5115064784374335
4/24/69,5.510973605336944
4/25/69,5.510440835266817
4/26/69,5.509908168197186
4/27/69,5.509375604098188
4/28/69,5.508843142939979
4/29/69,5.508310784692694
4/30/69,5.507778529
5/1/69,5.507246376811592
5/2/69,5.506216696269983
5/3/69,5.505187400691658
5/4/69,5.5041584898607665
5/5/69,5.503129963561615
5/6/69,5.5021018215786865
5/7/69,5.501074063696643
5/8/69,5.500046689700255
5/9/69,5.499019699374474
5/10/69,5.497993092504427
5/11/69,5.496966868875397
5/12/69,5.495941028272844
5/13/69,5.494915570482317
5/14/69,5.493890495289611
5/15/69,5.492865802480651
5/16/69,5.491841491841476
5/17/69,5.490817563
5/18/69,5.4897940162177195
5/19/69,5.4887708508060795
5/20/69,5.487748066710152
5/21/69,5.486725663716818
5/22/69,5.4857036416131155
5/23/69,5.484682000186236
5/24/69,5.483660739223528
5/25/69,5.482639858512517
5/26/69,5.481619357840861
5/27/69,5.480599236996375
5/28/69,5.479579495767051
5/29/69,5.478560133941035
5/30/69,5.477541151306609
5/31/69,5.476522547652252
6/1/69,5.475504322766556
6/2/69,5.474452554744524
6/3/69,5.4734011907048075
6/4/69,5.472350230414769
6/5/69,5.471299673641772
6/6/69,5.470249520153536
6/7/69,5.469199769717892
6/8/69,5.468150422102824
6/9/69,5.467101477076541
6/10/69,5.466052934407339
6/11/69,5.465004793863848
6/12/69,5.463957055214719
6/13/69,5.462909718
6/14/69,5.461862782675353
6/15/69,5.460816248323419
6/16/69,5.4597701149425415
6/17/69,5.458724382302238
6/18/69,5.457679050172337
6/19/69,5.456634118322801
6/20/69,5.455589586523724
6/21/69,5.454545454545445
6/22/69,5.453501722158416
6/23/69,5.452458389133352
6/24/69,5.4514154552410155
6/25/69,5.450372920252433
6/26/69,5.4493307839388105
6/27/69,5.448289046071486
6/28/69,5.447247706422043
6/29/69,5.446206764762085
6/30/69,5.445166220863573
7/1/69,5.4441260744985565
7/2/69,5.452865064695023
7/3/69,5.461602439700575
7/4/69,5.470338199963054
7/5/69,5.479072345929947
7/6/69,5.487804878048785
7/7/69,5.496535796766722
7/8/69,5.505265102530932
7/9/69,5.513992795788325
7/10/69,5.522718876985588
7/11/69,5.531443346569387
7/12/69,5.540166204986141
7/13/69,5.548887452682116
7/14/69,5.55760709
7/15/69,5.566325117695925
7/16/69,5.5750415359054895
7/17/69,5.583756345177648
7/18/69,5.592469545957912
7/19/69,5.601181138691502
7/20/69,5.609891123823574
7/21/69,5.618599502
7/22/69,5.627306273062738
7/23/69,5.6360114380592075
7/24/69,5.644714997232958
7/25/69,5.6534169510283006
7/26/69,5.6621172998893465
7/27/69,5.670816044
7/28/69,5.679513184584195
7/29/69,5.688208721305421
7/30/69,5.696902654867264
7/31/69,5.705594985712947
8/1/69,5.714285714285716
8/2/69,5.713759100543725
8/3/69,5.713232583855521
8/4/69,5.712706164194237
8/5/69,5.712179841533072
8/6/69,5.711653615845225
8/7/69,5.711127487103895
8/8/69,5.710601455282305
8/9/69,5.710075520353652
8/10/69,5.709549682291182
8/11/69,5.7090239410681365
8/12/69,5.708498297
8/13/69,5.707972749033319
8/14/69,5.707447298
8/15/69,5.706921944035348
8/16/69,5.706396686608373
8/17/69,5.705871525860484
8/18/69,5.705346461764971
8/19/69,5.704821494295187
8/20/69,5.704296623424421
8/21/69,5.703771849126027
8/22/69,5.703247171373382
8/23/69,5.702722590139819
8/24/69,5.7021981053986925
8/25/69,5.701673717123423
8/26/69,5.701149425287366
8/27/69,5.70062523
8/28/69,5.700101130826507
8/29/69,5.6995771281485474
8/30/69,5.699053221803485
8/31/69,5.698529411764697
9/1/69,5.698005698005693
9/2/69,5.696923661222941
9/3/69,5.695842035314214
9/4/69,5.6947608200455635
9/5/69,5.693680015183156
9/6/69,5.692599620493355
9/7/69,5.691519635742748
9/8/69,5.690440060698032
9/9/69,5.689360895126105
9/10/69,5.688282138794087
9/11/69,5.687203791469186
9/12/69,5.686125852918877
9/13/69,5.685048322910746
9/14/69,5.683971201212579
9/15/69,5.682894487592338
9/16/69,5.681818181818188
9/17/69,5.680742283658402
9/18/69,5.679666792881477
9/19/69,5.678591709256109
9/20/69,5.677517032551105
9/21/69,5.676442762535472
9/22/69,5.675368898978439
9/23/69,5.674295441649324
9/24/69,5.6732223903177115
9/25/69,5.672149744753252
9/26/69,5.671077504725908
9/27/69,5.670005670005662
9/28/69,5.668934240362811
9/29/69,5.667863215567737
9/30/69,5.666792595391001
10/1/69,5.665722379603411
10/2/69,5.674342105263164
10/3/69,5.682960255824576
10/4/69,5.691576831719369
10/5/69,5.700191833378998
10/6/69,5.708805261234917
10/7/69,5.717417115718315
10/8/69,5.726027397260269
10/9/69,5.7346361062916795
10/10/69,5.743243243243246
10/11/69,5.751848808545601
10/12/69,5.760452802629157
10/13/69,5.769055225924236
10/14/69,5.7776560788609155
10/15/69,5.786255361869119
10/16/69,5.794853075378725
10/17/69,5.803449219819323
10/18/69,5.812043795620436
10/19/69,5.8206368032113875
10/20/69,5.829228243021345
10/21/69,5.837818115479365
10/22/69,5.846406421014239
10/23/69,5.854993160054711
10/24/69,5.863578333029351
10/25/69,5.872161940366549
10/26/69,5.880743982494541
10/27/69,5.889324459841383
10/28/69,5.897903372835023
10/29/69,5.9064807219031845
10/30/69,5.915056507473571
10/31/69,5.923630729973572
11/1/69,5.932203389830515
11/2/69,5.941060163826406
11/3/69,5.949915270193951
11/4/69,5.958768709
11/5/69,5.9676204819276935
11/6/69,5.976470588235294
11/7/69,5.985319028797287
11/8/69,5.994165804
11/9/69,6.003010914565321
11/10/69,6.011854360711277
11/11/69,6.020696142991544
11/12/69,6.0295362618756565
11/13/69,6.0383747178329505
11/14/69,6.047211511332629
11/15/69,6.056046642843715
11/16/69,6.064880112834969
11/17/69,6.0737119217751045
11/18/69,6.082542070132568
11/19/69,6.091370558375653
11/20/69,6.100197386972472
11/21/69,6.109022556390964
11/22/69,6.117846067098953
11/23/69,6.126667919563977
11/24/69,6.135488114253507
11/25/69,6.1443066516347455
11/26/69,6.153123532174742
11/27/69,6.161938756340435
11/28/69,6.170752324598472
11/29/69,6.179564237
11/30/69,6.188374495257776
12/1/69,6.197183098591563
12/2/69,6.196620025
12/3/69,6.1960570546016225
12/4/69,6.195494186046524
12/5/69,6.194931419747496
12/6/69,6.194368755676671
12/7/69,6.193806193806184
12/8/69,6.193243734108256
12/9/69,6.192681376554998
12/10/69,6.192119121118567
12/11/69,6.191556967771228
12/12/69,6.190994916485093
12/13/69,6.190432967232473
12/14/69,6.1898711199854795
12/15/69,6.1893093747163785
12/16/69,6.188747731397459
12/17/69,6.188186190000899
12/18/69,6.18762475
12/19/69,6.187063412863991
12/20/69,6.186502177068198
12/21/69,6.185941043083898
12/22/69,6.185380010883357
12/23/69,6.18481908
12/24/69,6.184258251722885
12/25/69,6.1836975247075765
12/26/69,6.183136899365382
12/27/69,6.182576375668547
12/28/69,6.182015953589537
12/29/69,6.181455633100685
12/30/69,6.180895414174348
12/31/69,6.180335296782946
1/1/70,6.179775280898858
1/2/70,6.178655553542289
1/3/70,6.177536232
1/4/70,6.176417315703686
1/5/70,6.175298804780871
1/6/70,6.174180698895526
1/7/70,6.173062998
1/8/70,6.171945701357462
1/9/70,6.170828809265294
1/10/70,6.169712321331655
1/11/70,6.168596237337187
1/12/70,6.167480557062754
1/13/70,6.16636528
1/14/70,6.165250406798051
1/15/70,6.164135936370219
1/16/70,6.163021868787277
1/17/70,6.161908203830846
1/18/70,6.160794941282743
1/19/70,6.159682080924833
1/20/70,6.158569622539289
1/21/70,6.157457565908286
1/22/70,6.156345910814243
1/23/70,6.155234657
1/24/70,6.1541238043674396
1/25/70,6.153013352580294
1/26/70,6.1519033014613145
1/27/70,6.150793650793651
1/28/70,6.1496844
1/29/70,6.1485755499459005
1/30/70,6.147467099332982
1/31/70,6.146359048305694
2/1/70,6.145251396648055
2/2/70,6.1334397127755125
2/3/70,6.121635095
2/4/70,6.109837536130769
2/5/70,6.098047030689524
2/6/70,6.0862635720689395
2/7/70,6.074487153953401
2/8/70,6.062717770034842
2/9/70,6.050955414012726
2/10/70,6.039200079594065
2/11/70,6.02745176
2/12/70,6.015710450432521
2/13/70,6.003976143141165
2/14/70,5.992248832
2/15/70,5.980528511821981
2/16/70,5.968815175290509
2/17/70,5.957108816521051
2/18/70,5.945409429280413
2/19/70,5.933717007342754
2/20/70,5.922031544489648
2/21/70,5.910353035
2/22/70,5.898681471200584
2/23/70,5.887016848364723
2/24/70,5.875359159813742
2/25/70,5.863708399366074
2/26/70,5.852064560847614
2/27/70,5.840427638091472
2/28/70,5.8287976249381535
3/1/70,5.817174515235468
3/2/70,5.825069239703384
3/3/70,5.832961143367554
3/4/70,5.840850227739591
3/5/70,5.848736494329865
3/6/70,5.856619944647812
3/7/70,5.864500580201737
3/8/70,5.872378402498879
3/9/70,5.880253413045433
3/10/70,5.888125613346418
3/11/70,5.895995004905896
3/12/70,5.903861589226778
3/13/70,5.911725367810972
3/14/70,5.919586342159233
3/15/70,5.927444513771296
3/16/70,5.935299884145806
3/17/70,5.943152454780365
3/18/70,5.951002227171487
3/19/70,5.958849202814642
3/20/70,5.9666933832042135
3/21/70,5.974534769833517
3/22/70,5.982373364194804
3/23/70,5.990209167779259
3/24/70,5.998042182077068
3/25/70,6.005872408577284
3/26/70,6.013699848767917
3/27/70,6.021524504135911
3/28/70,6.029346376167188
3/29/70,6.0371654663465835
3/30/70,6.044981776157909
3/31/70,6.052795307083825
4/1/70,6.060606060606077
4/2/70,6.060049582223859
4/3/70,6.059493206
4/4/70,6.058936931974679
4/5/70,6.058380760051407
4/6/70,6.057824690224889
4/7/70,6.057268722466969
4/8/70,6.056712857
4/9/70,6.056157093044612
4/10/70,6.055601431323976
4/11/70,6.055045872
4/12/70,6.054490413723523
4/13/70,6.053935057787574
4/14/70,6.053379803723757
4/15/70,6.052824651504052
4/16/70,6.052269601100413
4/17/70,6.051714652484885
4/18/70,6.051159805629425
4/19/70,6.0506050605060535
4/20/70,6.050050417086816
4/21/70,6.049495875343736
4/22/70,6.0489414352488335
4/23/70,6.048387096774199
4/24/70,6.047832859891877
4/25/70,6.047278724573957
4/26/70,6.046724690792504
4/27/70,6.046170758519609
4/28/70,6.045616927727404
4/29/70,6.045063198388001
4/30/70,6.044509570473489
5/1/70,6.043956043956045
5/2/70,6.042884990253428
5/3/70,6.041814316087879
5/4/70,6.040744021257738
5/5/70,6.039674105561477
5/6/70,6.038604569
5/7/70,6.037535410764883
5/8/70,6.036466631262183
5/9/70,6.035398230088473
5/10/70,6.034330207042982
5/11/70,6.033262561925001
5/12/70,6.032195294533893
5/13/70,6.0311284046692615
5/14/70,6.030061892130845
5/15/70,6.028995756718514
5/16/70,6.027929998232273
5/17/70,6.026864616472261
5/18/70,6.025799611238747
5/19/70,6.024734982332158
5/20/70,6.023670729553077
5/21/70,6.022606852702217
5/22/70,6.021543351580427
5/23/70,6.020480225988711
5/24/70,6.0194174757281615
5/25/70,6.018355100600048
5/26/70,6.0172931004058405
5/27/70,6.016231474947054
5/28/70,6.015170224025379
5/29/70,6.0141093474426865
5/30/70,6.013048845000868
5/31/70,6.0119887165021035
6/1/70,6.010928961748618
6/2/70,6.009834274266979
6/3/70,6.008739985433342
6/4/70,6.007646095030017
6/5/70,6.006552602839443
6/6/70,6.0054595086442175
6/7/70,6.004366812227069
6/8/70,6.003274513370926
6/9/70,6.002182611858853
6/10/70,6.001091107474088
6/11/70,6.000000000000005
6/12/70,5.998909289220156
6/13/70,5.997818974918201
6/14/70,5.996729056878047
6/15/70,5.995639534883712
6/16/70,5.9945504087193235
6/17/70,5.993461678169276
6/18/70,5.992373343017987
6/19/70,5.991285403050117
6/20/70,5.990197858050461
6/21/70,5.989110707803991
6/22/70,5.988023952095811
6/23/70,5.986937590711183
6/24/70,5.985851623435523
6/25/70,5.984766050054424
6/26/70,5.9836808703535915
6/27/70,5.982596084
6/28/70,5.981511691136476
6/29/70,5.980427691192469
6/30/70,5.979344084073213
7/1/70,5.978260869565233
7/2/70,5.959684487
7/3/70,5.941114616193488
7/4/70,5.9225512528473745
7/5/70,5.903994393833223
7/6/70,5.885444035733056
7/7/70,5.866900175131362
7/8/70,5.848362809
7/9/70,5.829831932773111
7/10/70,5.8113075441974305
7/11/70,5.792789639481977
7/12/70,5.7742782152231165
7/13/70,5.755773268019593
7/14/70,5.737274794472635
7/15/70,5.718782791185739
7/16/70,5.700297254764819
7/17/70,5.681818181818188
7/18/70,5.663345569
7/19/70,5.644879412792725
7/20/70,5.626419709942332
7/21/70,5.607966457023061
7/22/70,5.589519650655017
7/23/70,5.571079287460723
7/24/70,5.552645364064968
7/25/70,5.534217877094982
7/26/70,5.515796823180308
7/27/70,5.497382198952883
7/28/70,5.478974001046932
7/29/70,5.460572226099103
7/30/70,5.442176870748305
7/31/70,5.423787931635871
8/1/70,5.405405405405395
8/2/70,5.413651817627074
8/3/70,5.421896792189673
8/4/70,5.430140329469202
8/5/70,5.43838243
8/6/70,5.446623093681913
8/7/70,5.454862321366316
8/8/70,5.463100113270025
8/9/70,5.471336469768273
8/10/70,5.479571391236182
8/11/70,5.487804878048785
8/12/70,5.496036930580939
8/13/70,5.504267549207453
8/14/70,5.512496734302896
8/15/70,5.520724486241724
8/16/70,5.528950805398369
8/17/70,5.537175692146956
8/18/70,5.545399146861674
8/19/70,5.553621169916423
8/20/70,5.561841761685082
8/21/70,5.570060922541353
8/22/70,5.578278652858759
8/23/70,5.586494953010779
8/24/70,5.594709823370736
8/25/70,5.602923264311821
8/26/70,5.611135276207069
8/27/70,5.619345859429381
8/28/70,5.627555014351593
8/29/70,5.635762741346317
8/30/70,5.643969040786145
8/31/70,5.652173913043468
9/1/70,5.660377358490565
9/2/70,5.659360402443414
9/3/70,5.658343811747812
9/4/70,5.657327586206873
9/5/70,5.656311725623997
9/6/70,5.65529623
9/7/70,5.654281098546043
9/8/70,5.653266331658302
9/9/70,5.6522519289431195
9/10/70,5.651237890204541
9/11/70,5.650224215246635
9/12/70,5.649210903873758
9/13/70,5.648197955890266
9/14/70,5.647185371
9/15/70,5.646173149309908
9/16/70,5.645161290322576
9/17/70,5.644149793943742
9/18/70,5.643138659978497
9/19/70,5.642127888232129
9/20/70,5.641117478510038
9/21/70,5.640107430617736
9/22/70,5.6390977443609325
9/23/70,5.638088419545384
9/24/70,5.637079456
9/25/70,5.636070853462161
9/26/70,5.635062611806796
9/27/70,5.634054730817395
9/28/70,5.633047210300424
9/29/70,5.632040050062592
9/30/70,5.631033249910633
10/1/70,5.630026809651478
10/2/70,5.629053177691312
10/3/70,5.628079882424131
10/4/70,5.627106924
10/5/70,5.6261343012704135
10/6/70,5.625162015035001
10/7/70,5.624190064794821
10/8/70,5.623218450375744
10/9/70,5.622247171603778
10/10/70,5.621276228304994
10/11/70,5.620305620305621
10/12/70,5.619335347
10/13/70,5.618365409510662
10/14/70,5.617395806368108
10/15/70,5.616426537831076
10/16/70,5.615457603726393
10/17/70,5.614489003880996
10/18/70,5.613520738121935
10/19/70,5.612552806276416
10/20/70,5.611585208
10/21/70,5.6106179436352654
10/22/70,5.609651012494621
10/23/70,5.608684414577425
10/24/70,5.607718149711438
10/25/70,5.606752217724575
10/26/70,5.605786618444841
10/27/70,5.604821351700395
10/28/70,5.603856417319442
10/29/70,5.602891815130384
10/30/70,5.601927544961716
10/31/70,5.600963606642018
11/1/70,5.600000000000005
11/2/70,5.599004621400638
11/3/70,5.598009596587894
11/4/70,5.597014925373145
11/5/70,5.596020607567964
11/6/70,5.595026642984013
11/7/70,5.594033031433132
11/8/70,5.593039772727271
11/9/70,5.592046866678513
11/10/70,5.591054313099031
11/11/70,5.5900621118012195
11/12/70,5.589070262597562
11/13/70,5.588078765300697
11/14/70,5.587087619723308
11/15/70,5.586096825678322
11/16/70,5.585106382978733
11/17/70,5.5841162914376685
11/18/70,5.583126550868478
11/19/70,5.5821371610845105
11/20/70,5.581148122
11/21/70,5.5801594331266635
11/22/70,5.579171094580215
11/23/70,5.578183106074008
11/24/70,5.577195467
11/25/70,5.576208178438646
11/26/70,5.575221238938033
11/27/70,5.574234648734722
11/28/70,5.573248407643305
11/29/70,5.572262515478488
11/30/70,5.5712769720551725
12/1/70,5.570291777188308
12/2/70,5.561259411362074
12/3/70,5.552228590982966
12/4/70,5.543199316
12/5/70,5.534171584979886
12/6/70,5.525145398563103
12/7/70,5.5161207560078696
12/8/70,5.5070976569180585
12/9/70,5.4980761008978085
12/10/70,5.489056087551303
12/11/70,5.480037616482836
12/12/70,5.471020687296968
12/13/70,5.462005299598238
12/14/70,5.452991452991451
12/15/70,5.443979147081457
12/16/70,5.4349683814732375
12/17/70,5.425959156
12/18/70,5.416951469583031
12/19/70,5.407945322511742
12/20/70,5.398940714163669
12/21/70,5.389937644144527
12/22/70,5.380936112
12/23/70,5.371936117516429
12/24/70,5.362937660119549
12/25/70,5.353940739475704
12/26/70,5.344945355191255
12/27/70,5.335951506872694
12/28/70,5.326959194
12/29/70,5.317968416559959
12/30/70,5.308979174
12/31/70,5.299991465392151
1/1/71,5.291005291005302
1/2/71,5.281569965870303
1/3/71,5.272137860433368
1/4/71,5.262708973046726
1/5/71,5.253283302063805
1/6/71,5.243860846
1/7/71,5.234441602728057
1/8/71,5.225025571087616
1/9/71,5.215612749
1/10/71,5.206203135650989
1/11/71,5.196796728573871
1/12/71,5.1873935264054705
1/13/71,5.177993527508096
1/14/71,5.168596730245212
1/15/71,5.159203132981438
1/16/71,5.149812734082371
1/17/71,5.140425531914916
1/18/71,5.131041524846824
1/19/71,5.1216607112472445
1/20/71,5.112283089486214
1/21/71,5.1029086579350125
1/22/71,5.093537414965987
1/23/71,5.0841693589525505
1/24/71,5.074804488269313
1/25/71,5.065442801291864
1/26/71,5.056084296
1/27/71,5.046728971962611
1/28/71,5.0373768263676455
1/29/71,5.028027858
1/30/71,5.018682065217384
1/31/71,5.0093394464255425
2/1/71,5.000000000000004
2/2/71,4.989663597068206
2/3/71,4.979331078541915
2/4/71,4.969002442231818
2/5/71,4.958677685950397
2/6/71,4.9483568075117335
2/7/71,4.938039804731509
2/8/71,4.927726675427069
2/9/71,4.9174174174174246
2/10/71,4.907112028523164
2/11/71,4.896810506566607
2/12/71,4.886512849371605
2/13/71,4.876219054763675
2/14/71,4.865929120570023
2/15/71,4.855643044619429
2/16/71,4.845360824742251
2/17/71,4.835082458770601
2/18/71,4.824807944538123
2/19/71,4.8145372798801045
2/20/71,4.804270462633453
2/21/71,4.794007490636676
2/22/71,4.783748361730011
2/23/71,4.773493073755142
2/24/71,4.763241624555481
2/25/71,4.752994011976064
2/26/71,4.742750233863413
2/27/71,4.732510288065828
2/28/71,4.7222741724331385
3/1/71,4.712041884816753
3/2/71,4.693963698
3/3/71,4.675894665766389
3/4/71,4.657834781874937
3/5/71,4.6397840391429135
3/6/71,4.621742430631692
3/7/71,4.6037099494097955
3/8/71,4.585686588552629
3/9/71,4.567672341142748
3/10/71,4.549667200269614
3/11/71,4.531671159029638
3/12/71,4.513684210526336
3/13/71,4.495706347869999
3/14/71,4.477737564178086
3/15/71,4.459777852574898
3/16/71,4.441827206
3/17/71,4.423885618166512
3/18/71,4.405953081644665
3/19/71,4.388029589778086
3/20/71,4.370115135725694
3/21/71,4.352209713
3/22/71,4.334313313733729
3/23/71,4.316425932
3/24/71,4.298547561078014
3/25/71,4.280678193721688
3/26/71,4.262817823277665
3/27/71,4.244966442953024
3/28/71,4.227124045961594
3/29/71,4.209290625524087
3/30/71,4.191466174867964
3/31/71,4.173650687227637
4/1/71,4.155844155844157
4/2/71,4.1641416327590886
4/3/71,4.172437673130203
4/4/71,4.180732277330579
4/5/71,4.1890254457330744
4/6/71,4.197317178710525
4/7/71,4.205607476635498
4/8/71,4.213896339880585
4/9/71,4.222183768818155
4/10/71,4.230469763820377
4/11/71,4.238754325259508
4/12/71,4.247037453507474
4/13/71,4.255319148936176
4/14/71,4.263599411917318
4/15/71,4.271878242822558
4/16/71,4.280155642023353
4/17/71,4.288431609891052
4/18/71,4.296706146796914
4/19/71,4.304979253112018
4/20/71,4.313250929207357
4/21/71,4.321521175453746
4/22/71,4.329789992221911
4/23/71,4.338057379882443
4/24/71,4.346323338805824
4/25/71,4.3545878693623585
4/26/71,4.362850971922239
4/27/71,4.371112646855568
4/28/71,4.379372894532252
4/29/71,4.387631715322149
4/30/71,4.3958891095949415
5/1/71,4.404145077720201
5/2/71,4.411764705882337
5/3/71,4.419381787802834
5/4/71,4.4269963247577815
5/5/71,4.434608318022382
5/6/71,4.442217769
5/7/71,4.4498246785773965
5/8/71,4.457429048414019
5/9/71,4.46503088
5/10/71,4.472630174
5/11/71,4.480226931420006
5/12/71,4.4878211544878255
5/13/71,4.495412844036695
5/14/71,4.503002001334222
5/15/71,4.510588627647172
5/16/71,4.5181727242414205
5/17/71,4.525754292382067
5/18/71,4.533333333333323
5/19/71,4.540909848358599
5/20/71,4.548483838720441
5/21/71,4.556055305680506
5/22/71,4.563624250499654
5/23/71,4.571190674437964
5/24/71,4.578754578754585
5/25/71,4.586315964707843
5/26/71,4.593874833555267
5/27/71,4.601431186553517
5/28/71,4.608985024958412
5/29/71,4.616536350024947
5/30/71,4.624085163007319
5/31/71,4.631631465158836
6/1/71,4.6391752577319645
6/2/71,4.629788696100334
6/3/71,4.620405358983182
6/4/71,4.6110252447192135
6/5/71,4.601648352
6/6/71,4.5922746781116075
6/7/71,4.582904222451112
6/8/71,4.573536983010129
6/9/71,4.564172958133161
6/10/71,4.554812146165732
6/11/71,4.545454545454541
6/12/71,4.536100154347467
6/13/71,4.526748971193428
6/14/71,4.517400994342546
6/15/71,4.508056222146051
6/16/71,4.498714652956326
6/17/71,4.489376285
6/18/71,4.480041117012168
6/19/71,4.470709146968144
6/20/71,4.461380373
6/21/71,4.452054794520577
6/22/71,4.442732408834105
6/23/71,4.433413214652537
6/24/71,4.424097210337163
6/25/71,4.414784394250515
6/26/71,4.405474764756212
6/27/71,4.3961683202189406
6/28/71,4.386865059
6/29/71,4.377564979480164
6/30/71,4.368268080013693
7/1/71,4.358974358974366
7/2/71,4.367245657568231
7/3/71,4.375516956162118
7/4/71,4.383788254756005
7/5/71,4.392059553349892
7/6/71,4.400330851943757
7/7/71,4.408602150537644
7/8/71,4.416873449131531
7/9/71,4.425144747725396
7/10/71,4.433416046319261
7/11/71,4.441687344913148
7/12/71,4.449958643507035
7/13/71,4.458229942100922
7/14/71,4.466501240694787
7/15/71,4.474772539288652
7/16/71,4.483043837882561
7/17/71,4.491315136476426
7/18/71,4.499586435070313
7/19/71,4.507857733664178
7/20/71,4.516129032258065
7/21/71,4.524400330851952
7/22/71,4.532671629445817
7/23/71,4.540942928039704
7/24/71,4.549214226633569
7/25/71,4.557485525227456
7/26/71,4.565756823821343
7/27/71,4.574028122415208
7/28/71,4.582299421009095
7/29/71,4.590570719602982
7/30/71,4.598842018196847
7/31/71,4.607113316790734
8/1/71,4.615384615384599
8/2/71,4.598081376116436
8/3/71,4.5807838597651696
8/4/71,4.563492063492047
8/5/71,4.546205984
8/6/71,4.528925619834712
8/7/71,4.5116509667823435
8/8/71,4.494382022471899
8/9/71,4.477118784073997
8/10/71,4.459861248761121
8/11/71,4.442609413707688
8/12/71,4.425363276089822
8/13/71,4.408122833
8/14/71,4.390888081875199
8/15/71,4.373659019640197
8/16/71,4.356435643564338
8/17/71,4.339217950833185
8/18/71,4.322005938634099
8/19/71,4.304799604156351
8/20/71,4.287598944591009
8/21/71,4.270403957131053
8/22/71,4.253214638971303
8/23/71,4.236030987308381
8/24/71,4.218852999340794
8/25/71,4.201680672268893
8/26/71,4.184514003
8/27/71,4.167352989622786
8/28/71,4.150197628458474
8/29/71,4.133047917009702
8/30/71,4.115903852485991
8/31/71,4.098765432
9/1/71,4.081632653061207
9/2/71,4.072436660431866
9/3/71,4.063243794627658
9/4/71,4.054054054054035
9/5/71,4.044867437117605
9/6/71,4.035683942225976
9/7/71,4.026503567787976
9/8/71,4.017326312213343
9/9/71,4.0081521739130155
9/10/71,3.998981151299019
9/11/71,3.989813242784379
9/12/71,3.9806484467832304
9/13/71,3.971486761710774
9/14/71,3.962328185983366
9/15/71,3.9531727180183163
9/16/71,3.9440203562340903
9/17/71,3.9348710990501967
9/18/71,3.925724945
9/19/71,3.916581892166837
9/20/71,3.907441939
9/21/71,3.8983050847457568
9/22/71,3.8891713268937256
9/23/71,3.8800406641816387
9/24/71,3.8709130950364212
9/25/71,3.861788617886175
9/26/71,3.852667231160023
9/27/71,3.8435489332881767
9/28/71,3.834433722701891
9/29/71,3.825321597833442
9/30/71,3.816212557116283
10/1/71,3.8071065989847774
10/2/71,3.7901113294040556
10/3/71,3.773121623833675
10/4/71,3.7561374795417324
10/5/71,3.739158893798078
10/6/71,3.722185863874339
10/7/71,3.705218387044007
10/8/71,3.688256460582262
10/9/71,3.671300081766149
10/10/71,3.654349247874422
10/11/71,3.637403956187679
10/12/71,3.6204642039882273
10/13/71,3.603529988560217
10/14/71,3.5866013071895297
10/15/71,3.569678157163847
10/16/71,3.5527605357726033
10/17/71,3.5358484403070323
10/18/71,3.5189418680600992
10/19/71,3.5020408163265238
10/20/71,3.4851452824028684
10/21/71,3.468255263587383
10/22/71,3.451370757180139
10/23/71,3.4344917604829606
10/24/71,3.4176182707993386
10/25/71,3.4007502854346727
10/26/71,3.383887801696006
10/27/71,3.3670308168922025
10/28/71,3.3501793283338577
10/29/71,3.3333333333333437
10/30/71,3.316492829204698
10/31/71,3.299657813263801
11/1/71,3.282828282828265
11/2/71,3.2822757111597323
11/3/71,3.281723325479624
11/4/71,3.2811711256940823
11/5/71,3.280619111709271
11/6/71,3.2800672834314426
11/7/71,3.2795156407668946
11/8/71,3.2789641836219907
11/9/71,3.2784129119031613
11/10/71,3.2778618255169034
11/11/71,3.2773109243697585
11/12/71,3.2767602083683567
11/13/71,3.2762096774193505
11/14/71,3.2756593314295257
11/15/71,3.275109170305668
11/16/71,3.2745591939546514
11/17/71,3.2740094022834176
11/18/71,3.2734597951989297
11/19/71,3.272910372608262
11/20/71,3.272361134418511
11/21/71,3.2718120805369066
11/22/71,3.2712632108706785
11/23/71,3.2707145253270786
11/24/71,3.2701660238135366
11/25/71,3.2696177062374376
11/26/71,3.269069573
11/27/71,3.2685216225276648
11/28/71,3.2679738562091387
11/29/71,3.2674262734584625
11/30/71,3.2668788741832877
12/1/71,3.266331658291466
12/2/71,3.266331658291466
12/3/71,3.266331658291466
12/4/71,3.266331658291466
12/5/71,3.266331658291466
12/6/71,3.266331658291466
12/7/71,3.266331658291466
12/8/71,3.266331658291466
12/9/71,3.266331658291466
12/10/71,3.266331658291466
12/11/71,3.266331658291466
12/12/71,3.266331658291466
12/13/71,3.266331658291466
12/14/71,3.266331658291466
12/15/71,3.266331658291466
12/16/71,3.266331658291466
12/17/71,3.266331658291466
12/18/71,3.266331658291466
12/19/71,3.266331658291466
12/20/71,3.266331658291466
12/21/71,3.266331658291466
12/22/71,3.266331658291466
12/23/71,3.266331658291466
12/24/71,3.266331658291466
12/25/71,3.266331658291466
12/26/71,3.266331658291466
12/27/71,3.266331658291466
12/28/71,3.266331658291466
12/29/71,3.266331658291466
12/30/71,3.266331658291466
12/31/71,3.266331658291466
1/1/72,3.266331658291466
1/2/72,3.2741713266877692
1/3/72,3.282009724473278
1/4/72,3.2898468519569013
1/5/72,3.2976827094474137
1/6/72,3.305517297253524
1/7/72,3.313350615683741
1/8/72,3.321182665046596
1/9/72,3.3290134456504195
1/10/72,3.336842957803521
1/11/72,3.3446712018140756
1/12/72,3.3524981779901264
1/13/72,3.3603238866396934
1/14/72,3.368148328070597
1/15/72,3.375971503
1/16/72,3.383793410507585
1/17/72,3.3916140521288662
1/18/72,3.3994334277620553
1/19/72,3.407251537714484
1/20/72,3.4150683822934402
1/21/72,3.4228839618061224
1/22/72,3.430698276559596
1/23/72,3.4385113268608603
1/24/72,3.446323113016758
1/25/72,3.454133635334089
1/26/72,3.461942894119563
1/27/72,3.4697508896797125
1/28/72,3.4775576223210702
1/29/72,3.485363092349991
1/30/72,3.4931673000727637
1/31/72,3.500970245795587
2/1/72,3.50877193
2/2/72,3.508149263773208
2/3/72,3.507526709170916
2/4/72,3.506904265987809
2/5/72,3.5062819341939777
2/6/72,3.505659713759446
2/7/72,3.5050376046544596
2/8/72,3.504415606849043
2/9/72,3.503793720313353
2/10/72,3.503171945017547
2/11/72,3.5025502809318043
2/12/72,3.5019287280262157
2/13/72,3.501307286271027
2/14/72,3.5006859556363956
2/15/72,3.500064736092523
2/16/72,3.499443627609611
2/17/72,3.4988226301579273
2/18/72,3.498201743707652
2/19/72,3.497580968229008
2/20/72,3.496960303692309
2/21/72,3.4963397500677784
2/22/72,3.4957193073256843
2/23/72,3.4950989754363615
2/24/72,3.494478754370034
2/25/72,3.4938586440970365
2/26/72,3.4932386445876817
2/27/72,3.4926187558123045
2/28/72,3.4919989777412175
2/29/72,3.491379310344822
3/1/72,3.4916538988791324
3/2/72,3.4913723592968626
3/3/72,3.4910908651132777
3/4/72,3.4908094163172976
3/5/72,3.490528013
3/6/72,3.490246654844409
3/7/72,3.4899653421455623
3/8/72,3.4896840747904667
3/9/72,3.489402852768131
3/10/72,3.489121676067697
3/11/72,3.4888405446780846
3/12/72,3.4885594585884583
3/13/72,3.4882784177878046
3/14/72,3.4879974222651766
3/15/72,3.487716472009672
3/16/72,3.4874355670102997
3/17/72,3.4871547072561793
3/18/72,3.486873892736342
3/19/72,3.486593123439885
3/20/72,3.486312399355884
3/21/72,3.4860317204733704
3/22/72,3.485751087
3/23/72,3.4854704982693274
3/24/72,3.485189954925949
3/25/72,3.484909456740448
3/26/72,3.484629004
3/27/72,3.484348595799469
3/28/72,3.484068233022186
3/29/72,3.4837879153592377
3/30/72,3.4835076427996547
3/31/72,3.483227415332646
4/1/72,3.474069148936154
4/2/72,3.4651819843775744
4/3/72,3.456297773346617
4/4/72,3.447416514371149
4/5/72,3.4385382059800795
4/6/72,3.4296628467032075
4/7/72,3.420790435071419
4/8/72,3.4119209696164665
4/9/72,3.403054449
4/10/72,3.394190871369296
4/11/72,3.385330235645534
4/12/72,3.376472540235609
4/13/72,3.367617784
4/14/72,3.358765964504906
4/15/72,3.3499170812603563
4/16/72,3.3410711324821873
4/17/72,3.332228116710878
4/18/72,3.3233880324879728
4/19/72,3.314550878355993
4/20/72,3.305716652858326
4/21/72,3.296885354539447
4/22/72,3.288056981944676
4/23/72,3.279231533620419
4/24/72,3.270409008113928
4/25/72,3.261589403973497
4/26/72,3.252772719748398
4/27/72,3.243958953988746
4/28/72,3.2351481052457665
4/29/72,3.2263401720714846
4/30/72,3.2175351530190355
5/1/72,3.201024327784907
5/2/72,3.184254740379222
5/3/72,3.1674932010878454
5/4/72,3.150739704118366
5/5/72,3.1339942436840573
5/6/72,3.117256814003677
5/7/72,3.100527409301601
5/8/72,3.0838060238076226
5/9/72,3.0670926517571973
5/10/72,3.0503872873911986
5/11/72,3.0336899249560956
5/12/72,3.0170005587038196
5/13/72,3.0003191828918085
5/14/72,2.9836457917830073
5/15/72,2.9669803796458893
5/16/72,2.950322940754324
5/17/72,2.9336734693877764
5/18/72,2.91703196
5/19/72,2.9003984063745047
5/20/72,2.8837728033139554
5/21/72,2.867155144950617
5/22/72,2.850545425591222
5/23/72,2.8339436395478534
5/24/72,2.817349781138101
5/25/72,2.800763844684928
5/26/72,2.7841858245167384
5/27/72,2.7676157149673974
5/28/72,2.751053510376078
5/29/72,2.7344992050874595
5/30/72,2.7179527934514836
5/31/72,2.701414269823621
6/1/72,2.700927674246789
6/2/72,2.7089147923165413
6/3/72,2.716900599195604
6/4/72,2.724885095206808
6/5/72,2.732868280672962
6/6/72,2.7408501559166076
6/7/72,2.7488307212603535
6/8/72,2.7568099770265864
6/9/72,2.764787923537626
6/10/72,2.7727645611156815
6/11/72,2.7807398900828284
6/12/72,2.7887139107611647
6/13/72,2.7966866234724774
6/14/72,2.8046580285386202
6/15/72,2.812628126281247
6/16/72,2.820596917021967
6/17/72,2.828564401082234
6/18/72,2.8365305787833917
6/19/72,2.84449545
6/20/72,2.8524590163934382
6/21/72,2.8604212769445247
6/22/72,2.8683822324209185
6/23/72,2.876341883143474
6/24/72,2.884300229432979
6/25/72,2.892257271609977
6/26/72,2.9002130099950785
6/27/72,2.908167444908649
6/28/72,2.9161205766710108
6/29/72,2.924072405602396
6/30/72,2.9320229320229263
7/1/72,2.9402440957362552
7/2/72,2.9400110943814672
7/3/72,2.939778129952453
7/4/72,2.9395452024403523
7/5/72,2.9393123118364617
7/6/72,2.939079458131988
7/7/72,2.938846641318116
7/8/72,2.9386138613861412
7/9/72,2.938381118327249
7/10/72,2.938148412132735
7/11/72,2.937915742793784
7/12/72,2.937683110301692
7/13/72,2.937450514647666
7/14/72,2.9372179558229794
7/15/72,2.9369854338188617
7/16/72,2.9367529486266086
7/17/72,2.9365205002374495
7/18/72,2.936288088642658
7/19/72,2.9360557138335075
7/20/72,2.9358233758012053
7/21/72,2.935591074537114
7/22/72,2.93535881
7/23/72,2.935126582
7/24/72,2.9348943912665293
7/25/72,2.9346622369878173
7/26/72,2.934430119433684
7/27/72,2.9341980385954036
7/28/72,2.933965994464205
7/29/72,2.933733987031495
7/30/72,2.933502016288436
7/31/72,2.933270082226458
8/1/72,2.941176470588247
8/2/72,2.949082858950036
8/3/72,2.9569892473118475
8/4/72,2.9648956356736367
8/5/72,2.972802024035426
8/6/72,2.980708412397215
8/7/72,2.9886148007590263
8/8/72,2.9965211891208154
8/9/72,3.0044275774826046
8/10/72,3.012333965844416
8/11/72,3.020240354206205
8/12/72,3.0281467425680164
8/13/72,3.0360531309298056
8/14/72,3.0439595192915947
8/15/72,3.051865907653384
8/16/72,3.059772296015173
8/17/72,3.0676786843769843
8/18/72,3.0755850727387735
8/19/72,3.083491461100585
8/20/72,3.091397849462374
8/21/72,3.099304237824163
8/22/72,3.1072106261859744
8/23/72,3.1151170145477636
8/24/72,3.123023402909575
8/25/72,3.130929791271364
8/26/72,3.138836179633153
8/27/72,3.1467425679949423
8/28/72,3.1546489563567315
8/29/72,3.162555344718543
8/30/72,3.170461733080332
8/31/72,3.1783681214421433
9/1/72,3.1778449473082393
9/2/72,3.185753961770965
9/3/72,3.1936616842277443
9/4/72,3.2015681149951236
9/5/72,3.209473254389561
9/6/72,3.2173771027274256
9/7/72,3.2252796603249756
9/8/72,3.2331809274983803
9/9/72,3.2410809045636535
9/10/72,3.2489795918367426
9/11/72,3.256876989633506
9/12/72,3.2647730982696688
9/13/72,3.2726679180608897
9/14/72,3.280561449322672
9/15/72,3.2884536923704744
9/16/72,3.296344648
9/17/72,3.3042343150852638
9/18/72,3.3121226953826133
9/19/72,3.3200097887266633
9/20/72,3.3278955954322953
9/21/72,3.3357801158143685
9/22/72,3.3436633501875646
9/23/72,3.3515452988664984
9/24/72,3.3594259621656963
9/25/72,3.367305340399507
9/26/72,3.3751834338822784
9/27/72,3.383060242928182
9/28/72,3.390935767851322
9/29/72,3.398810008965669
9/30/72,3.4066829665851506
10/1/72,3.4229828850855792
10/2/72,3.430869942424475
10/3/72,3.4387569997633927
10/4/72,3.4466440571022883
10/5/72,3.454531114441206
10/6/72,3.4624181717801017
10/7/72,3.4703052291190195
10/8/72,3.478192286457915
10/9/72,3.4860793437968107
10/10/72,3.4939664011357285
10/11/72,3.5018534584746464
10/12/72,3.509740515813564
10/13/72,3.5176275731524598
10/14/72,3.5255146304913554
10/15/72,3.533401687830273
10/16/72,3.541288745169169
10/17/72,3.5491758025080866
10/18/72,3.5570628598469822
10/19/72,3.564949917
10/20/72,3.5728369745247957
10/21/72,3.5807240318637135
10/22/72,3.5886110892026313
10/23/72,3.596498146541527
10/24/72,3.6043852038804447
10/25/72,3.6122722612193403
10/26/72,3.620159318558236
10/27/72,3.6280463758971537
10/28/72,3.6359334332360493
10/29/72,3.643820490574967
10/30/72,3.6517075479138628
10/31/72,3.6595946052527806
11/1/72,3.6505867014341664
11/2/72,3.6418445494541096
11/3/72,3.633105246008461
11/4/72,3.624368789705157
11/5/72,3.6156351791531094
11/6/72,3.606904412962053
11/7/72,3.598176489742766
11/8/72,3.5894514081067808
11/9/72,3.580729166666652
11/10/72,3.5720097640357995
11/11/72,3.5632931988284877
11/12/72,3.554579469660002
11/13/72,3.5458685751463825
11/14/72,3.5371605139047135
11/15/72,3.528455284552834
11/16/72,3.5197528857096483
11/17/72,3.5110533159947943
11/18/72,3.5023565740289087
11/19/72,3.4936626584335384
11/20/72,3.484971568
11/21/72,3.476283300844707
11/22/72,3.4675978560987364
11/23/72,3.4589152322182626
11/24/72,3.4502354278291847
11/25/72,3.4415584415584233
11/26/72,3.4328842720337427
11/27/72,3.4242129178837954
11/28/72,3.4155443777381223
11/29/72,3.4068786502271298
11/30/72,3.3982157339821573
12/1/72,3.406326034063256
12/2/72,3.414174711561091
12/3/72,3.422023389058948
12/4/72,3.429872066556783
12/5/72,3.437720744
12/6/72,3.4455694215524746
12/7/72,3.4534180990503094
12/8/72,3.461266776548144
12/9/72,3.469115454045979
12/10/72,3.476964131543836
12/11/72,3.484812809041671
12/12/72,3.492661486539528
12/13/72,3.5005101640373626
12/14/72,3.5083588415351974
12/15/72,3.516207519033032
12/16/72,3.524056196530867
12/17/72,3.531904874028724
12/18/72,3.539753551526559
12/19/72,3.547602229024416
12/20/72,3.5554509065222506
12/21/72,3.5632995840200854
12/22/72,3.5711482615179424
12/23/72,3.578996939015777
12/24/72,3.586845616513612
12/25/72,3.594694294011447
12/26/72,3.6025429715092816
12/27/72,3.6103916490071386
12/28/72,3.6182403265049734
12/29/72,3.6260890040028304
12/30/72,3.633937681500665
12/31/72,3.641786358998522
1/1/73,3.6333673389311816
1/2/73,3.640643389564535
1/3/73,3.647917157
1/4/73,3.655188642246454
1/5/73,3.662457846443412
1/6/73,3.669724770642202
1/7/73,3.6769894159153216
1/8/73,3.6842517833346466
1/9/73,3.6915118739713204
1/10/73,3.6987696888958643
1/11/73,3.7060252291780893
1/12/73,3.7132784958871845
1/13/73,3.720529490091651
1/14/73,3.7277782128592785
1/15/73,3.735024665257214
1/16/73,3.7422688483519817
1/17/73,3.749510763209396
1/18/73,3.7567504108945826
1/19/73,3.7639877924720233
1/20/73,3.771222909005556
1/21/73,3.7784557615583303
1/22/73,3.7856863511928074
1/23/73,3.792914678970827
1/24/73,3.800140745953562
1/25/73,3.8073645532014755
1/26/73,3.8145861017744087
1/27/73,3.8218053927315365
1/28/73,3.8290224271313456
1/29/73,3.836237206031723
1/30/73,3.843449730489823
1/31/73,3.850660001562134
2/1/73,3.8654199365503406
2/2/73,3.8913336433997525
2/3/73,3.917243024
2/4/73,3.9431480796976226
2/5/73,3.9690488113122147
2/6/73,3.994945220014068
2/7/73,4.020837306885361
2/8/73,4.046725073
2/9/73,4.072608519463183
2/10/73,4.098487647332227
2/11/73,4.124362457695807
2/12/73,4.150232951634236
2/13/73,4.176099130227562
2/14/73,4.2019609945554315
2/15/73,4.227818545697137
2/16/73,4.253671784731572
2/17/73,4.279520712737317
2/18/73,4.305365330792599
2/19/73,4.331205639975244
2/20/73,4.357041641362724
2/21/73,4.382873336
2/22/73,4.408700725
2/23/73,4.434523809523783
2/24/73,4.460342590498412
2/25/73,4.486157069059926
2/26/73,4.511967246283666
2/27/73,4.537773123244637
2/28/73,4.5635747010174255
3/1/73,4.589371980676327
3/2/73,4.604596805609651
3/3/73,4.619819258335922
3/4/73,4.635039339409519
3/5/73,4.650257049384621
3/6/73,4.665472388815317
3/7/73,4.680685358255454
3/8/73,4.695895958
3/9/73,4.711104189378612
3/10/73,4.726310052168481
3/11/73,4.741513547181575
3/12/73,4.756714674970808
3/13/73,4.771913436089048
3/14/73,4.787109831088965
3/15/73,4.8023038605230495
3/16/73,4.817495524943594
3/17/73,4.832684824902711
3/18/73,4.847871760952449
3/19/73,4.8630563336445665
3/20/73,4.8782385435306885
3/21/73,4.893418391162285
3/22/73,4.908595877090627
3/23/73,4.923771002
3/24/73,4.938943766041848
3/25/73,4.954114170166424
3/26/73,4.969282214791204
3/27/73,4.984447900466571
3/28/73,4.999611227742795
3/29/73,5.014772197169948
3/30/73,5.029930809297989
3/31/73,5.045087064676612
4/1/73,5.060240963855422
4/2/73,5.0758975182716215
4/3/73,5.091551557982665
4/4/73,5.107203083594336
4/5/73,5.122852095712216
4/6/73,5.138498594941798
4/7/73,5.154142581888244
4/8/73,5.169784057156623
4/9/73,5.185423021351743
4/10/73,5.201059475078251
4/11/73,5.216693418940621
4/12/73,5.232324853543058
4/13/73,5.247953779489656
4/14/73,5.263580197384243
4/15/73,5.279204108
4/16/73,5.294825511432011
4/17/73,5.3104444087919145
4/18/73,5.326060800513366
4/19/73,5.341674687199216
4/20/73,5.3572860694522495
4/21/73,5.3728949478748955
4/22/73,5.388501323069517
4/23/73,5.404105195638209
4/24/73,5.419706566182958
4/25/73,5.4353054353054375
4/26/73,5.450901803607211
4/27/73,5.466495671689642
4/28/73,5.482087040153871
4/29/73,5.497675909600885
4/30/73,5.513262280631448
5/1/73,5.528846153846145
5/2/73,5.543924943785372
5/3/73,5.559001396
5/4/73,5.574075509729437
5/5/73,5.589147286821694
5/6/73,5.604216727385469
5/7/73,5.619283831964039
5/8/73,5.634348601100525
5/9/73,5.649411035
5/10/73,5.664471135218885
5/11/73,5.679528901286224
5/12/73,5.6945843340822755
5/13/73,5.709637434149362
5/14/73,5.724688202029582
5/15/73,5.739736638264903
5/16/73,5.754782743397113
5/17/73,5.769826518
5/18/73,5.784867962518381
5/19/73,5.799907077590216
5/20/73,5.814943863724342
5/21/73,5.829978321461748
5/22/73,5.845010451
5/23/73,5.860040253909271
5/24/73,5.875067729700434
5/25/73,5.890092879
5/26/73,5.905115703118957
5/27/73,5.920136201826343
5/28/73,5.935154375918916
5/29/73,5.950170225936224
5/30/73,5.965183752417791
5/31/73,5.980194955902829
6/1/73,5.995203836930463
6/2/73,5.986253196930935
6/3/73,5.977305417931911
6/4/73,5.968360498561842
6/5/73,5.9594184374500925
6/6/73,5.950479233226846
6/7/73,5.941542884523221
6/8/73,5.932609389971244
6/9/73,5.923678748
6/10/73,5.914750957854409
6/11/73,5.905826017557869
6/12/73,5.896903926
6/13/73,5.887984682
6/14/73,5.879068283343969
6/15/73,5.870154729621957
6/16/73,5.861244019138767
6/17/73,5.852336150534199
6/18/73,5.843431122448983
6/19/73,5.834528934
6/20/73,5.825629582
6/21/73,5.816733067729074
6/22/73,5.807839388145308
6/23/73,5.7989485422972775
6/24/73,5.790060528830843
6/25/73,5.781175346392753
6/26/73,5.772292993630557
6/27/73,5.763413469
6/28/73,5.754536771728769
6/29/73,5.745662899888582
6/30/73,5.736791852323364
7/1/73,5.727923627684972
7/2/73,5.781370284834497
7/3/73,5.834808713724882
7/4/73,5.888238916256161
7/5/73,5.941660894327705
7/6/73,5.995074649838394
7/7/73,6.048480185
7/8/73,6.101877501
7/9/73,6.155266599984621
7/10/73,6.208647484228336
7/11/73,6.262020155396564
7/12/73,6.315384615384612
7/13/73,6.368740866
7/14/73,6.422088909398549
7/15/73,6.475428747212186
7/16/73,6.528760381421117
7/17/73,6.582083813917716
7/18/73,6.635399046593871
7/19/73,6.688706081340823
7/20/73,6.742004920049194
7/21/73,6.795295564609116
7/22/73,6.8485780169100785
7/23/73,6.901852278840992
7/24/73,6.9551183522901905
7/25/73,7.008376239145475
7/26/73,7.061625941294003
7/27/73,7.114867460622354
7/28/73,7.168100799016619
7/29/73,7.221325958362135
7/30/73,7.274542941
7/31/73,7.327751747446043
8/1/73,7.380952380952377
8/2/73,7.380385531065214
8/3/73,7.3798187682383665
8/4/73,7.379252092451827
8/5/73,7.378685504
8/6/73,7.378119001919381
8/7/73,7.377552587133418
8/8/73,7.376986259307605
8/9/73,7.376420018
8/10/73,7.3758538644562055
8/11/73,7.3752877973906505
8/12/73,7.374721817205132
8/13/73,7.374155923879688
8/14/73,7.373590117394313
8/15/73,7.373024397729022
8/16/73,7.372458764863832
8/17/73,7.371893219
8/18/73,7.371327759453861
8/19/73,7.370762386869156
8/20/73,7.370197101004683
8/21/73,7.369631901840501
8/22/73,7.369066789356649
8/23/73,7.368501763533208
8/24/73,7.367936824350219
8/25/73,7.367371971787806
8/26/73,7.366807205825987
8/27/73,7.366242526444888
8/28/73,7.3656779336245926
8/29/73,7.365113427345182
8/30/73,7.364549007586785
8/31/73,7.3639846743295045
9/1/73,7.3634204275534465
9/2/73,7.378087397086763
9/3/73,7.392749722969749
9/4/73,7.407407407407396
9/5/73,7.422060452603274
9/6/73,7.436708860759489
9/7/73,7.451352634
9/8/73,7.465991774754821
9/9/73,7.480626285
9/10/73,7.495256166982922
9/11/73,7.509881422924902
9/12/73,7.524502055011073
9/13/73,7.5391180654338585
9/14/73,7.553729456384328
9/15/73,7.568336230052153
9/16/73,7.582938388625604
9/17/73,7.597535934291599
9/18/73,7.612128869235635
9/19/73,7.626717195641897
9/20/73,7.641300915693083
9/21/73,7.655880032
9/22/73,7.670454545454564
9/23/73,7.685024459523437
9/24/73,7.699589775954574
9/25/73,7.714150496923811
9/26/73,7.728706624605675
9/27/73,7.7432581611733164
9/28/73,7.757805108798488
9/29/73,7.772347469651608
9/30/73,7.7868852459016535
10/1/73,7.801418439716312
10/2/73,7.816074424279407
10/3/73,7.830728173846735
10/4/73,7.845379688929577
10/5/73,7.860028970038879
10/6/73,7.874676017685633
10/7/73,7.889320832
10/8/73,7.903963414634152
10/9/73,7.918603764956966
10/10/73,7.933241883859177
10/11/73,7.947877771850953
10/12/73,7.962511429442243
10/13/73,7.977142857
10/14/73,7.991772055462465
10/15/73,8.006399024910493
10/16/73,8.021023765996338
10/17/73,8.035646279
10/18/73,8.050266565118068
10/19/73,8.064884624171809
10/20/73,8.079500457
10/21/73,8.094114063808755
10/22/73,8.108725445
10/23/73,8.123334602207844
10/24/73,8.137941534713766
10/25/73,8.152546243434578
10/26/73,8.167148728878072
10/27/73,8.181748991551864
10/28/73,8.196347032
10/29/73,8.210942850620185
10/30/73,8.225536448029235
10/31/73,8.240127824697563
11/1/73,8.254716981
11/2/73,8.269790110840347
11/3/73,8.284860870932253
11/4/73,8.299929261966522
11/5/73,8.314995284501725
11/6/73,8.330058939096286
11/7/73,8.345120226308333
11/8/73,8.360179146696002
11/9/73,8.375235700817107
11/10/73,8.390289889229319
11/11/73,8.405341712490188
11/12/73,8.420391171157004
11/13/73,8.435438266
11/14/73,8.450482996937092
11/15/73,8.465525365
11/16/73,8.480565371024728
11/17/73,8.495603015075393
11/18/73,8.510638297872353
11/19/73,8.525671219971741
11/20/73,8.540701781929517
11/21/73,8.555729984301408
11/22/73,8.570755828
11/23/73,8.585779313
11/24/73,8.600800439456968
11/25/73,8.615819209039554
11/26/73,8.630835621812484
11/27/73,8.645849678330464
11/28/73,8.660861379148033
11/29/73,8.675870724819589
11/30/73,8.690877715899292
12/1/73,8.705882352941185
12/2/73,8.727990285367348
12/3/73,8.750094862259994
12/4/73,8.772196084383065
12/5/73,8.794293952500198
12/6/73,8.816388467374825
12/7/73,8.838479629770113
12/8/73,8.860567440449119
12/9/73,8.882651900174476
12/10/73,8.904733009708732
12/11/73,8.926810769814185
12/12/73,8.948885181
12/13/73,8.970956244786542
12/14/73,8.993023961176828
12/15/73,9.015088331185073
12/16/73,9.037149355572428
12/17/73,9.059207035099682
12/18/73,9.081261370527605
12/19/73,9.103312362616546
12/20/73,9.125360012126716
12/21/73,9.147404319818131
12/22/73,9.169445286
12/23/73,9.191482913
12/24/73,9.213517199575683
12/25/73,9.235548147586936
12/26/73,9.257575757575776
12/27/73,9.279600030300728
12/28/73,9.301620966520229
12/29/73,9.323638566992344
12/30/73,9.345652832475015
12/31/73,9.367663763725842
1/1/74,9.389671362
1/2/74,9.410250587
1/3/74,9.430820466242817
1/4/74,9.451381006
1/5/74,9.471932214
1/6/74,9.492474094244008
1/7/74,9.513006655
1/8/74,9.533529900960147
1/9/74,9.55404384
1/10/74,9.574548477291621
1/11/74,9.595043819885163
1/12/74,9.615529873857543
1/13/74,9.636006645521821
1/14/74,9.656474141185356
1/15/74,9.676932367149771
1/16/74,9.697381329710964
1/17/74,9.717821035
1/18/74,9.738251489778982
1/19/74,9.7586727
1/20/74,9.779084671642924
1/21/74,9.799487411427709
1/22/74,9.819880925465373
1/23/74,9.840265220012068
1/24/74,9.860640301
1/25/74,9.881006175628881
1/26/74,9.901362849183037
1/27/74,9.921710328214406
1/28/74,9.942048619
1/29/74,9.962377727614768
1/30/74,9.98269766
1/31/74,10.003008423586056
2/1/74,10.023310023310028
2/2/74,10.036617842876172
2/3/74,10.049916805324454
2/4/74,10.06320691949436
2/5/74,10.076488194213496
2/6/74,10.089760638297873
2/7/74,10.103024260551695
2/8/74,10.116279069767442
2/9/74,10.12952507472602
2/10/74,10.142762284196571
2/11/74,10.155990706936603
2/12/74,10.169210351692094
2/13/74,10.182421227197347
2/14/74,10.195623342175075
2/15/74,10.208816705336442
2/16/74,10.222001325381047
2/17/74,10.235177210997026
2/18/74,10.248344370860952
2/19/74,10.261502813637847
2/20/74,10.274652547981455
2/21/74,10.287793582533912
2/22/74,10.300925925925931
2/23/74,10.314049586776864
2/24/74,10.327164573694647
2/25/74,10.34027089527585
2/26/74,10.353368560105668
2/27/74,10.366457576758004
2/28/74,10.379537953795381
3/1/74,10.39260969976905
3/2/74,10.382839267093713
3/3/74,10.373073199791483
3/4/74,10.363311494937477
3/5/74,10.353554149609234
3/6/74,10.343801160887045
3/7/74,10.334052525853732
3/8/74,10.32430824159476
3/9/74,10.31456830519819
3/10/74,10.304832713754664
3/11/74,10.29510146435737
3/12/74,10.285374554102255
3/13/74,10.275651980087662
3/14/74,10.265933739414645
3/15/74,10.256219829186787
3/16/74,10.246510246510244
3/17/74,10.236804988493798
3/18/74,10.22710405224878
3/19/74,10.217407434889058
3/20/74,10.20771513353116
3/21/74,10.198027145294075
3/22/74,10.188343467299443
3/23/74,10.17866409667134
3/24/74,10.16898903
3/25/74,10.159318266024453
3/26/74,10.149651800266701
3/27/74,10.13998963039775
3/28/74,10.130331753554511
3/29/74,10.120678166876429
3/30/74,10.111028867505546
3/31/74,10.101383852586387
4/1/74,10.091743119266061
4/2/74,10.11235955
4/3/74,10.132966529115063
4/4/74,10.153564061425623
4/5/74,10.174152153987158
4/6/74,10.194730813287523
4/7/74,10.215300045808506
4/8/74,10.235859858026108
4/9/74,10.256410256410264
4/10/74,10.276951247425048
4/11/74,10.297482837528605
4/12/74,10.318005033173172
4/13/74,10.338517840805128
4/14/74,10.359021266864854
4/15/74,10.379515317786915
4/16/74,10.399999999999988
4/17/74,10.420475319926869
4/18/74,10.440941283984472
4/19/74,10.461397898583824
4/20/74,10.481845170130178
4/21/74,10.502283105022837
4/22/74,10.52271170965533
4/23/74,10.543130990415328
4/24/74,10.563540953684702
4/25/74,10.583941605839442
4/26/74,10.604332953249717
4/27/74,10.624715002279995
4/28/74,10.645087759288806
4/29/74,10.665451230629008
4/30/74,10.68580542264752
5/1/74,10.70615034168565
5/2/74,10.711137231854263
5/3/74,10.716121924348144
5/4/74,10.721104420619776
5/5/74,10.726084722120266
5/6/74,10.731062830299475
5/7/74,10.736038746606003
5/8/74,10.741012472487178
5/9/74,10.745984009388977
5/10/74,10.750953358756243
5/11/74,10.755920522032403
5/12/74,10.760885500659722
5/13/74,10.765848296079161
5/14/74,10.770808909730366
5/15/74,10.77576734305179
5/16/74,10.780723597480591
5/17/74,10.785677674452664
5/18/74,10.790629575402644
5/19/74,10.79557930176389
5/20/74,10.800526854968528
5/21/74,10.805472236447432
5/22/74,10.810415447630195
5/23/74,10.815356489945138
5/24/74,10.82029536481941
5/25/74,10.825232073678826
5/26/74,10.830166617947977
5/27/74,10.835098999050196
5/28/74,10.840029218407587
5/29/74,10.844957277441036
5/30/74,10.849883177570096
5/31/74,10.854806920213145
6/1/74,10.859728506787313
6/2/74,10.881532312796939
6/3/74,10.90333283064393
6/4/74,10.925130061072142
6/5/74,10.946924004825087
6/6/74,10.96871466264604
6/7/74,10.99050203527816
6/8/74,11.012286123464232
6/9/74,11.03406692794695
6/10/74,11.055844449468676
6/11/74,11.077618688771661
6/12/74,11.099389646597846
6/13/74,11.121157323688946
6/14/74,11.14292172078657
6/15/74,11.16468284
6/16/74,11.186440677966104
6/17/74,11.208195239529983
6/18/74,11.229946524064172
6/19/74,11.251694532309099
6/20/74,11.273439265004882
6/21/74,11.295180722891573
6/22/74,11.31691890670885
6/23/74,11.338653817196187
6/24/74,11.36038545509297
6/25/74,11.382113821138207
6/26/74,11.403838916070752
6/27/74,11.425560740629237
6/28/74,11.447279295552049
6/29/74,11.468994581577373
6/30/74,11.490706599443135
7/1/74,11.512415349887139
7/2/74,11.491157848773748
7/3/74,11.469925085460764
7/4/74,11.448717016791443
7/5/74,11.427533599709427
7/6/74,11.406374791258255
7/7/74,11.385240548581388
7/8/74,11.364130828921603
7/9/74,11.343045589620937
7/10/74,11.321984788120233
7/11/74,11.300948381959032
7/12/74,11.279936328775042
7/13/74,11.25894858630414
7/14/74,11.237985112379857
7/15/74,11.217045864933194
7/16/74,11.196130801992332
7/17/74,11.17523988168243
7/18/74,11.154373062225108
7/19/74,11.133530301938466
7/20/74,11.112711559236587
7/21/74,11.091916792629398
7/22/74,11.071145960722252
7/23/74,11.050399022215828
7/24/74,11.029675935905736
7/25/74,11.008976660682235
7/26/74,10.988301155530046
7/27/74,10.967649379528034
7/28/74,10.94702129184888
7/29/74,10.926416851758969
7/30/74,10.905836018617986
7/31/74,10.885278751878612
8/1/74,10.864745011086473
8/2/74,10.899728221999716
8/3/74,10.934706429235487
8/4/74,10.96967963386728
8/5/74,11.004647836968173
8/6/74,11.039611039611042
8/7/74,11.07456924286836
8/8/74,11.109522447812402
8/9/74,11.144470655515049
8/10/74,11.179413867047883
8/11/74,11.214352083482249
8/12/74,11.249285305889067
8/13/74,11.284213535339106
8/14/74,11.319136772902683
8/15/74,11.354055019649877
8/16/74,11.38896827665048
8/17/74,11.423876544973922
8/18/74,11.45877982568937
8/19/74,11.493678119865702
8/20/74,11.528571428571421
8/21/74,11.563459752874806
8/22/74,11.598343093843733
8/23/74,11.633221452545882
8/24/74,11.668094830048537
8/25/74,11.702963227418772
8/26/74,11.73782664572327
8/27/74,11.772685086028423
8/28/74,11.807538549400354
8/29/74,11.842387036904857
8/30/74,11.877230549607432
8/31/74,11.91206908857325
9/1/74,11.946902654867241
9/2/74,11.950751990563235
9/3/74,11.954599056603765
9/4/74,11.958443854995583
9/5/74,11.962286387743081
9/6/74,11.966126656848308
9/7/74,11.96996466431095
9/8/74,11.973800412128345
9/9/74,11.977633902295448
9/10/74,11.981465136804935
9/11/74,11.985294117647062
9/12/74,11.989120846809742
9/13/74,11.992945326278681
9/14/74,11.996767558037025
9/15/74,12.00058754406581
9/16/74,12.004405286343612
9/17/74,12.008220786846735
9/18/74,12.012034047549157
9/19/74,12.015845070422525
9/20/74,12.019653857436218
9/21/74,12.023460410557195
9/22/74,12.02726473175022
9/23/74,12.031066822977742
9/24/74,12.03486668619982
9/25/74,12.038664323374327
9/26/74,12.042459736456813
9/27/74,12.04625292740047
9/28/74,12.050043898156272
9/29/74,12.053832650672902
9/30/74,12.057619186896762
10/1/74,12.061403508771939
10/2/74,12.065916967253699
10/3/74,12.070428510818832
10/4/74,12.074938140685742
10/5/74,12.079445858071814
10/6/74,12.083951664193338
10/7/74,12.088455560265654
10/8/74,12.092957547503014
10/9/74,12.097457627118647
10/10/74,12.101955800324804
10/11/74,12.10645206833263
10/12/74,12.110946432352332
10/13/74,12.115438893593012
10/14/74,12.11992945326279
10/15/74,12.124418112568769
10/16/74,12.128904872717028
10/17/74,12.133389734912559
10/18/74,12.137872700359488
10/19/74,12.142353770260762
10/20/74,12.146832945818353
10/21/74,12.151310228233303
10/22/74,12.15578561870554
10/23/74,12.160259118434013
10/24/74,12.164730728616702
10/25/74,12.169200450450447
10/26/74,12.173668285131223
10/27/74,12.178134233853942
10/28/74,12.182598297812476
10/29/74,12.18706047819973
10/30/74,12.191520776207554
10/31/74,12.19597919302684
11/1/74,12.200435729847502
11/2/74,12.20503884
11/3/74,12.209639953542384
11/4/74,12.214239059438281
11/5/74,12.218836163111302
11/6/74,12.22343126586869
11/7/74,12.228024369016532
11/8/74,12.232615473859765
11/9/74,12.23720458170221
11/10/74,12.241791693846471
11/11/74,12.246376811594196
11/12/74,12.250959936245742
11/13/74,12.255541069100385
11/14/74,12.260120211456282
11/15/74,12.264697364610488
11/16/74,12.269272529858855
11/17/74,12.273845708496145
11/18/74,12.27841690181608
11/19/74,12.282986111111116
11/20/74,12.287553337672662
11/21/74,12.292118582791023
11/22/74,12.296681847755364
11/23/74,12.301243133853701
11/24/74,12.305802442373004
11/25/74,12.310359774599045
11/26/74,12.314915131816505
11/27/74,12.319468515309051
11/28/74,12.324019926359098
11/29/74,12.328569366248022
11/30/74,12.33311683625602
12/1/74,12.337662337662337
12/2/74,12.320256875610758
12/3/74,12.302861130495458
12/4/74,12.285475094181653
12/5/74,12.268098758543712
12/6/74,12.250732115465057
12/7/74,12.233375156838132
12/8/74,12.216027874564439
12/9/74,12.198690260554557
12/10/74,12.18136230672795
12/11/74,12.164044005013231
12/12/74,12.146735347347892
12/13/74,12.129436325678489
12/14/74,12.112146931960478
12/15/74,12.094867158158307
12/16/74,12.07759699624531
12/17/74,12.060336438203812
12/18/74,12.043085476025016
12/19/74,12.025844101709037
12/20/74,12.00861230726491
12/21/74,11.991390084710464
12/22/74,11.974177426072474
12/23/74,11.956974323386538
12/24/74,11.939780768697084
12/25/74,11.922596754057423
12/26/74,11.905422271529599
12/27/74,11.888257313184525
12/28/74,11.871101871101875
12/29/74,11.853955937370086
12/30/74,11.836819504086439
12/31/74,11.819692563356888
1/1/75,11.802575107296143
1/2/75,11.783836147246074
1/3/75,11.765112740351347
1/4/75,11.746404867256643
1/5/75,11.727712508638577
1/6/75,11.709035645205867
1/7/75,11.69037425769921
1/8/75,11.671728326891229
1/9/75,11.653097833586301
1/10/75,11.63448275862069
1/11/75,11.615883082862254
1/12/75,11.597298787210587
1/13/75,11.57872985259678
1/14/75,11.560176259983468
1/15/75,11.541637990364762
1/16/75,11.523115024766106
1/17/75,11.504607344244256
1/18/75,11.48611492988727
1/19/75,11.467637762814341
1/20/75,11.449175824175818
1/21/75,11.43072909515308
1/22/75,11.412297556958562
1/23/75,11.393881190835486
1/24/75,11.375479978058145
1/25/75,11.357093899931447
1/26/75,11.338722937791168
1/27/75,11.320367073003679
1/28/75,11.302026286966038
1/29/75,11.28370056110577
1/30/75,11.265389876880993
1/31/75,11.247094215780095
2/1/75,11.228813559322038
2/2/75,11.193465436393879
2/3/75,11.158149380102799
2/4/75,11.12286534683391
2/5/75,11.08761329305137
2/6/75,11.052393175298203
2/7/75,11.017204950196202
2/8/75,10.982048574445603
2/9/75,10.946924004825087
2/10/75,10.911831198191413
2/11/75,10.876770111479338
2/12/75,10.841740701701564
2/13/75,10.806742925948232
2/14/75,10.771776741387097
2/15/75,10.736842105263156
2/16/75,10.70193897489855
2/17/75,10.667067307692314
2/18/75,10.63222706112028
2/19/75,10.597418192734942
2/20/75,10.562640660165057
2/21/75,10.527894421115791
2/22/75,10.493179433368315
2/23/75,10.458495654779743
2/24/75,10.423843043282922
2/25/75,10.38922155688622
2/26/75,10.354631153673521
2/27/75,10.320071791803787
2/28/75,10.285543429511158
3/1/75,10.251046025104603
3/2/75,10.249662618083688
3/3/75,10.248279584401576
3/4/75,10.246896923907167
3/5/75,10.245514636449492
3/6/75,10.244132721877541
3/7/75,10.242751180040477
3/8/75,10.24137001078751
3/9/75,10.239989213967915
3/10/75,10.238608789431103
3/11/75,10.237228737026571
3/12/75,10.235849056603797
3/13/75,10.234469748012408
3/14/75,10.23309081110213
3/15/75,10.231712245722747
3/16/75,10.230334051724132
3/17/75,10.228956228956232
3/18/75,10.227578777269075
3/19/75,10.226201696512739
3/20/75,10.224824986537428
3/21/75,10.223448647193422
3/22/75,10.222072678331084
3/23/75,10.220697079800845
3/24/75,10.219321851453177
3/25/75,10.217946993138693
3/26/75,10.216572504708088
3/27/75,10.215198386012103
3/28/75,10.213824636901547
3/29/75,10.212451257227384
3/30/75,10.211078246840554
3/31/75,10.209705605592156
4/1/75,10.20833333333333
4/2/75,10.18325697625988
4/3/75,10.15820149875104
4/4/75,10.133166874739906
4/5/75,10.108153078202985
4/6/75,10.083160083160081
4/7/75,10.058187863674162
4/8/75,10.033236393851253
4/9/75,10.00830564784052
4/10/75,9.983395599833965
4/11/75,9.958506224066376
4/12/75,9.933637494815418
4/13/75,9.908789386401317
4/14/75,9.883961873
4/15/75,9.859154929577452
4/16/75,9.83436853
4/17/75,9.809602649006631
4/18/75,9.784857261067437
4/19/75,9.760132340777506
4/20/75,9.735427862753209
4/21/75,9.710743801652889
4/22/75,9.686080132176777
4/23/75,9.661436829066904
4/24/75,9.636813867106886
4/25/75,9.612211221122102
4/26/75,9.587628865979392
4/27/75,9.563066776586982
4/28/75,9.538524927894532
4/29/75,9.514003294892914
4/30/75,9.489501852614257
5/1/75,9.465020576
5/2/75,9.462508294625094
5/3/75,9.459997346
5/4/75,9.45748773
5/5/75,9.454979445696864
5/6/75,9.452472491
5/7/75,9.449966865473836
5/8/75,9.447462567907783
5/9/75,9.444959597297654
5/10/75,9.442457952589066
5/11/75,9.439957632728714
5/12/75,9.437458636664452
5/13/75,9.434960963
5/14/75,9.432464611721137
5/15/75,9.429969580743292
5/16/75,9.427475869
5/17/75,9.424983476536685
5/18/75,9.422492401215798
5/19/75,9.420002642356984
5/20/75,9.417514199
5/21/75,9.415027069853421
5/22/75,9.412541254125406
5/23/75,9.410056750692885
5/24/75,9.407573558516958
5/25/75,9.405091677
5/26/75,9.402611103784775
5/27/75,9.400131839156224
5/28/75,9.397653881639645
5/29/75,9.39517723
5/30/75,9.392701883809785
5/31/75,9.390227841432907
6/1/75,9.387755102040817
6/2/75,9.398803046789993
6/3/75,9.409844982322557
6/4/75,9.420880913539985
6/5/75,9.431910845
6/6/75,9.442934782608713
6/7/75,9.453952730236349
6/8/75,9.464964693101585
6/9/75,9.475970676079282
6/10/75,9.486970684039097
6/11/75,9.497964721845321
6/12/75,9.508952794357018
6/13/75,9.519934906427995
6/14/75,9.530911062906732
6/15/75,9.541881268636487
6/16/75,9.552845528
6/17/75,9.563803847195885
6/18/75,9.574756229685821
6/19/75,9.585702680747366
6/20/75,9.596643205
6/21/75,9.607577807848443
6/22/75,9.618506493506507
6/23/75,9.629429266973233
6/24/75,9.640346133044897
6/25/75,9.651257096512577
6/26/75,9.662162162
6/27/75,9.673061334774392
6/28/75,9.683954619
6/29/75,9.694842019983806
6/30/75,9.705723542
7/1/75,9.716599190283404
7/2/75,9.680156657963469
7/3/75,9.643742659532828
7/4/75,9.607357161492324
7/5/75,9.571000130395113
7/6/75,9.534671532846728
7/7/75,9.498371335504885
7/8/75,9.462099505079458
7/9/75,9.425856008332257
7/10/75,9.389640812
7/11/75,9.353453883179409
7/12/75,9.317295188556574
7/13/75,9.281164695177434
7/14/75,9.245062370062374
7/15/75,9.20898818
7/16/75,9.172942092962867
7/17/75,9.136924075275799
7/18/75,9.100934094447343
7/19/75,9.064972117753856
7/20/75,9.029038112522692
7/21/75,8.993132046131924
7/22/75,8.957253886010363
7/23/75,8.921403599637445
7/24/75,8.885581154543098
7/25/75,8.849786518307656
7/26/75,8.814019658561833
7/27/75,8.778280542986415
7/28/75,8.742569139312483
7/29/75,8.706885415321008
7/30/75,8.671229338842966
7/31/75,8.635600878
8/1/75,8.599999999999985
8/2/75,8.577324906487815
8/3/75,8.554667354306345
8/4/75,8.532027323108649
8/5/75,8.509404792579222
8/6/75,8.486799742434004
8/7/75,8.464212152420192
8/8/75,8.441642002316318
8/9/75,8.419089271932068
8/10/75,8.396553941108387
8/11/75,8.374035989717221
8/12/75,8.351535398
8/13/75,8.329052144875405
8/14/75,8.306586211323651
8/15/75,8.284137577
8/16/75,8.261706221937137
8/17/75,8.239292126186193
8/18/75,8.216895269837199
8/19/75,8.194515633008702
8/20/75,8.172153195849873
8/21/75,8.149807939
8/22/75,8.127479841290143
8/23/75,8.105168884339808
8/24/75,8.082875047960103
8/25/75,8.060598312
8/26/75,8.038338658146959
8/27/75,8.016096065
8/28/75,7.993870514621371
8/29/75,7.971661986213929
8/30/75,7.949470460635433
8/31/75,7.927295918367339
9/1/75,7.905138339920947
9/2/75,7.889364504445173
9/3/75,7.873601053324575
9/4/75,7.857847976307997
9/5/75,7.842105263157895
9/6/75,7.826372903650114
9/7/75,7.8106508875739555
9/8/75,7.794939204732176
9/9/75,7.779237844940856
9/10/75,7.7635467980295525
9/11/75,7.7478660538411015
9/12/75,7.732195602231706
9/13/75,7.716535433070848
9/14/75,7.700885536241375
9/15/75,7.685245901639348
9/16/75,7.669616519174038
9/17/75,7.653997378768018
9/18/75,7.638388470357027
9/19/75,7.622789783889994
9/20/75,7.607201309328948
9/21/75,7.591623036649198
9/22/75,7.576054955839062
9/23/75,7.560497057
9/24/75,7.544949329846351
9/25/75,7.529411764705873
9/26/75,7.513884351519118
9/27/75,7.498367080339641
9/28/75,7.482859941234077
9/29/75,7.467362924281962
9/30/75,7.451876019575843
10/1/75,7.4363992172211235
10/2/75,7.434521931208571
10/3/75,7.432645592781872
10/4/75,7.430770201223735
10/5/75,7.428895755817622
10/6/75,7.427022255847682
10/7/75,7.425149700598799
10/8/75,7.423278089356611
10/9/75,7.421407421407422
10/10/75,7.419537696038292
10/11/75,7.417668913
10/12/75,7.415801070191996
10/13/75,7.413934168292524
10/14/75,7.412068206128475
10/15/75,7.410203182990505
10/16/75,7.408339098169914
10/17/75,7.406475950958802
10/18/75,7.404613740649935
10/19/75,7.402752466536788
10/20/75,7.400892128
10/21/75,7.399032724075116
10/22/75,7.397174254317096
10/23/75,7.395316717935829
10/24/75,7.393460114228323
10/25/75,7.391604442492317
10/26/75,7.389749702026216
10/27/75,7.3878958921291815
10/28/75,7.386043012101062
10/29/75,7.3841910612423955
10/30/75,7.382340038854407
10/31/75,7.380489944239077
11/1/75,7.378640777
11/2/75,7.363789310210933
11/3/75,7.348945529822748
11/4/75,7.334109429569269
11/5/75,7.319281003491507
11/6/75,7.3044602456367125
11/7/75,7.289647150058154
11/8/75,7.2748417108153385
11/9/75,7.260043921973902
11/10/75,7.245253777605587
11/11/75,7.230471271788241
11/12/75,7.215696398605909
11/13/75,7.200929152148672
11/14/75,7.186169526512698
11/15/75,7.171417515800327
11/16/75,7.156673114119916
11/17/75,7.141936315585928
11/18/75,7.1272071143188676
11/19/75,7.112485504445298
11/20/75,7.097771480097892
11/21/75,7.083065035415315
11/22/75,7.068366164542295
11/23/75,7.053674861629555
11/24/75,7.038991120833882
11/25/75,7.024314936318032
11/26/75,7.009646302250827
11/27/75,6.9949852128070145
11/28/75,6.980331662167361
11/29/75,6.965685644518693
11/30/75,6.951047154053702
12/1/75,6.936416184971095
12/2/75,6.929339382263366
12/3/75,6.922264338532291
12/4/75,6.915191053122083
12/5/75,6.908119525377421
12/6/75,6.901049755
12/7/75,6.8939817402645875
12/8/75,6.886915481587286
12/9/75,6.879850977957158
12/10/75,6.872788228720439
12/11/75,6.865727233223673
12/12/75,6.858667990813738
12/13/75,6.851610500837846
12/14/75,6.8445547626434955
12/15/75,6.837500775578587
12/16/75,6.830448538991241
12/17/75,6.823398052230023
12/18/75,6.816349314643677
12/19/75,6.809302325581412
12/20/75,6.802257084392638
12/21/75,6.795213590427163
12/22/75,6.788171843035151
12/23/75,6.781131842
12/24/75,6.774093585
12/25/75,6.767057073805538
12/26/75,6.760022306214752
12/27/75,6.7529892819527815
12/28/75,6.745958000371677
12/29/75,6.738928460823801
12/30/75,6.731900662661805
12/31/75,6.724874605238718
1/1/76,6.717850287907878
1/2/76,6.703806871
1/3/76,6.689770406584583
1/4/76,6.675740889686321
1/5/76,6.661718315086285
1/6/76,6.647702677632794
1/7/76,6.633693972179278
1/8/76,6.619692194
1/9/76,6.605697336711369
1/10/76,6.591709396429235
1/11/76,6.577728367611635
1/12/76,6.563754245137399
1/13/76,6.549787023890352
1/14/76,6.535826698759495
1/15/76,6.521873264638733
1/16/76,6.507926716427104
1/17/76,6.493987049028682
1/18/76,6.480054257352497
1/19/76,6.466128336312638
1/20/76,6.452209280828236
1/21/76,6.438297085823419
1/22/76,6.424391746227287
1/23/76,6.410493256973959
1/24/76,6.396601613002528
1/25/76,6.382716809257083
1/26/76,6.368838841
1/27/76,6.354967702245462
1/28/76,6.341103388892311
1/29/76,6.327245895591216
1/30/76,6.313395217311113
1/31/76,6.299551349025867
2/1/76,6.285714285714272
2/2/76,6.277822862477067
2/3/76,6.269933585981757
2/4/76,6.262046455352488
2/5/76,6.25416147
2/6/76,6.246278628191004
2/7/76,6.238397929909412
2/8/76,6.230519373995214
2/9/76,6.222642959574842
2/10/76,6.214768685775329
2/11/76,6.206896551724128
2/12/76,6.199026556549181
2/13/76,6.191158699378918
2/14/76,6.183292979342192
2/15/76,6.175429395568366
2/16/76,6.167567947187291
2/17/76,6.159708633329264
2/18/76,6.151851453125068
2/19/76,6.1439964057059315
2/20/76,6.136143490203594
2/21/76,6.128292705750238
2/22/76,6.120444051478513
2/23/76,6.1125975265216015
2/24/76,6.104753130013041
2/25/76,6.096910861086946
2/26/76,6.0890707188778315
2/27/76,6.081232702520745
2/28/76,6.073396811151155
2/29/76,6.065563043904976
3/1/76,6.059122345308765
3/2/76,6.058380760051385
3/3/76,6.057639356299327
3/4/76,6.056898133985933
3/5/76,6.056157093
3/6/76,6.055416233
3/7/76,6.0546755550119125
3/8/76,6.053935057787574
3/9/76,6.053194742
3/10/76,6.052454606590452
3/11/76,6.051714652484863
3/12/76,6.050974879286097
3/13/76,6.050235287
3/14/76,6.049495875343736
3/15/76,6.0487566444675345
3/16/76,6.048017594233013
3/17/76,6.047278724573935
3/18/76,6.046540035424153
3/19/76,6.045801526717565
3/20/76,6.045063198387979
3/21/76,6.044325050369381
3/22/76,6.043587082595692
3/23/76,6.042849295000896
3/24/76,6.0421116875190695
3/25/76,6.04137426
3/26/76,6.040637012630423
3/27/76,6.039899945
3/28/76,6.039163057402552
3/29/76,6.038426349496806
3/30/76,6.037689821308789
3/31/76,6.0369534727727325
4/1/76,6.029106029106046
4/2/76,6.0342655580750915
4/3/76,6.039423137477162
4/4/76,6.044578768417086
4/5/76,6.049732451998735
4/6/76,6.054884189325294
4/7/76,6.060033981498969
4/8/76,6.065181829621258
4/9/76,6.070327734792724
4/10/76,6.0754716981131995
4/11/76,6.080613720681649
4/12/76,6.085753803596128
4/13/76,6.090891948
4/14/76,6.096028154851685
4/15/76,6.101162425384876
4/16/76,6.106294760648323
4/17/76,6.1114251617360615
4/18/76,6.116553629741284
4/19/76,6.121680165756271
4/20/76,6.1268047708725515
4/21/76,6.131927446180874
4/22/76,6.137048192771077
4/23/76,6.142167011732225
4/24/76,6.147283904152556
4/25/76,6.152398871119469
4/26/76,6.157511913719582
4/27/76,6.162623033038672
4/28/76,6.1677322301617155
4/29/76,6.172839506172845
4/30/76,6.177944862155371
5/1/76,6.177255092
5/2/76,6.169696969696958
5/3/76,6.162142510906432
5/4/76,6.154591713108792
5/5/76,6.147044573643412
5/6/76,6.139501089852262
5/7/76,6.131961259079888
5/8/76,6.124425078673457
5/9/76,6.116892545982577
5/10/76,6.109363658359546
5/11/76,6.101838413159166
5/12/76,6.094316807738798
5/13/76,6.086798839458418
5/14/76,6.079284505680449
5/15/76,6.071773803769931
5/16/76,6.064266731094459
5/17/76,6.056763285024158
5/18/76,6.049263462931642
5/19/76,6.041767262192166
5/20/76,6.034274680183427
5/21/76,6.026785714285698
5/22/76,6.019300361881785
5/23/76,6.011818620356957
5/24/76,6.004340487099102
5/25/76,5.996865959498532
5/26/76,5.989395034948175
5/27/76,5.981927710843382
5/28/76,5.974463984582012
5/29/76,5.967003853564523
5/30/76,5.959547315193836
5/31/76,5.9520943668752935
6/1/76,5.930622901902272
6/2/76,5.9097688292319095
6/3/76,5.888930301900852
6/4/76,5.868107302533532
6/5/76,5.847299813780249
6/6/76,5.826507818317195
6/7/76,5.805731298846295
6/8/76,5.784970238095233
6/9/76,5.764224618817404
6/10/76,5.743494423791806
6/11/76,5.722779635823105
6/12/76,5.702080237741436
6/13/76,5.681396212402534
6/14/76,5.660727542687449
6/15/76,5.640074211502766
6/16/76,5.619436201780426
6/17/76,5.5988134964775504
6/18/76,5.578206078576731
6/19/76,5.557613931085581
6/20/76,5.537037037037051
6/21/76,5.516475379489072
6/22/76,5.495928941524797
6/23/76,5.475397706252316
6/24/76,5.454881656804722
6/25/76,5.434380776340109
6/26/76,5.413895048041373
6/27/76,5.393424455116369
6/28/76,5.372968980797621
6/29/76,5.352528608342566
6/30/76,5.332103321033221
7/1/76,5.344283758852586
7/2/76,5.355867650559376
7/3/76,5.367450163641774
7/4/76,5.379031298345827
7/5/76,5.390611054917582
7/6/76,5.402189433603044
7/7/76,5.413766434648104
7/8/76,5.425342058298632
7/9/76,5.436916304800432
7/10/76,5.448489174
7/11/76,5.460060667340749
7/12/76,5.4716307838705625
7/13/76,5.483199524234328
7/14/76,5.494766888677449
7/15/76,5.506332877445441
7/16/76,5.517897490783685
7/17/76,5.529460728937519
7/18/76,5.541022592152212
7/19/76,5.552583080672968
7/20/76,5.564142195
7/21/76,5.575699934613332
7/22/76,5.587256300523058
7/23/76,5.598811292719175
7/24/76,5.610364911446575
7/25/76,5.621917156950129
7/26/76,5.633468029474686
7/27/76,5.645017529264962
7/28/76,5.656565656565649
7/29/76,5.668112411621418
7/30/76,5.679657794676807
7/31/76,5.691201805976354
8/1/76,5.6901876930387285
8/2/76,5.683235346517002
8/3/76,5.676285476784226
8/4/76,5.669338082517084
8/5/76,5.6623931623931645
8/6/76,5.6554507150910815
8/7/76,5.648510739
8/8/76,5.641573233671471
8/9/76,5.634638196915787
8/10/76,5.627705627705626
8/11/76,5.620775524724286
8/12/76,5.613847886655998
8/13/76,5.606922712
8/14/76,5.600000000000005
8/15/76,5.593079748785401
8/16/76,5.586161957230029
8/17/76,5.579246624022738
8/18/76,5.572333747853375
8/19/76,5.565423327412677
8/20/76,5.558515361392291
8/21/76,5.551609848484862
8/22/76,5.544706787
8/23/76,5.5378061767838105
8/24/76,5.530908015380054
8/25/76,5.524012301868941
8/26/76,5.517119034947671
8/27/76,5.5102282133144165
8/28/76,5.503339835668264
8/29/76,5.496453900709231
8/30/76,5.489570407
8/31/76,5.482689354
9/1/76,5.475187694561434
9/2/76,5.474185280117161
9/3/76,5.473183232656043
9/4/76,5.472181551976574
9/5/76,5.471180237877404
9/6/76,5.470179290157318
9/7/76,5.469178708615341
9/8/76,5.4681784930504795
9/9/76,5.467178643262027
9/10/76,5.466179159049345
9/11/76,5.4651800402120365
9/12/76,5.4641812865497075
9/13/76,5.463182897862229
9/14/76,5.462184874
9/15/76,5.4611872146118845
9/16/76,5.460189919649383
9/17/76,5.459192988862505
9/18/76,5.458196422051853
9/19/76,5.457200219018077
9/20/76,5.456204379562046
9/21/76,5.455208903484765
9/22/76,5.454213791
9/23/76,5.453219040671176
9/24/76,5.452224653537563
9/25/76,5.451230628988135
9/26/76,5.450236966824651
9/27/76,5.449243666848913
9/28/76,5.448250728862969
9/29/76,5.4472581526689545
9/30/76,5.446265938069228
10/1/76,5.43969923
10/2/76,5.4208022552416635
10/3/76,5.401914156538079
10/4/76,5.383034928089225
10/5/76,5.3641645636480995
10/6/76,5.345303056973538
10/7/76,5.3264504018302405
10/8/76,5.307606591988745
10/9/76,5.288771621225452
10/10/76,5.269945483322602
10/11/76,5.251128172068209
10/12/76,5.232319681256237
10/13/76,5.213520004686312
10/14/76,5.194729136163989
10/15/76,5.175947069500553
10/16/76,5.157173798513148
10/17/76,5.138409317
10/18/76,5.119653618863729
10/19/76,5.100906697864893
10/20/76,5.082168547868293
10/21/76,5.063439162719985
10/22/76,5.044718536271708
10/23/76,5.026006662380933
10/24/76,5.007303534910923
10/25/76,4.988609147730605
10/26/76,4.969923494714701
10/27/76,4.951246569743684
10/28/76,4.932578366703644
10/29/76,4.913918879486445
10/30/76,4.895268101989614
10/31/76,4.876626028116449
11/1/76,4.869816779170688
11/2/76,4.869229842
11/3/76,4.868643047
11/4/76,4.868056392336451
11/5/76,4.8674698795180715
11/6/76,4.866883508011077
11/7/76,4.866297277764398
11/8/76,4.865711188726962
11/9/76,4.865125241
11/10/76,4.864539434075854
11/11/76,4.8639537683602185
11/12/76,4.863368243649946
11/13/76,4.862782859894077
11/14/76,4.862197617041764
11/15/76,4.861612515042113
11/16/76,4.861027553844299
11/17/76,4.860442733397496
11/18/76,4.859858053650901
11/19/76,4.859273514553775
11/20/76,4.858689116055315
11/21/76,4.8581048581048725
11/22/76,4.8575207406516885
11/23/76,4.856936763645114
11/24/76,4.856352927034502
11/25/76,4.855769230769225
11/26/76,4.855185674798701
11/27/76,4.854602259072349
11/28/76,4.8540189835395875
11/29/76,4.853435848149923
11/30/76,4.8528528528528625
12/1/76,4.8587701964431185
12/2/76,4.870111001336674
12/3/76,4.881450488145056
12/4/76,4.892788657098035
12/5/76,4.904125508425339
12/6/76,4.915461042356628
12/7/76,4.926795259121541
12/8/76,4.938128158949651
12/9/76,4.949459742070417
12/10/76,4.960790008713345
12/11/76,4.972118959107807
12/12/76,4.983446593483176
12/13/76,4.994772912068779
12/14/76,5.006097915093788
12/15/76,5.017421602787464
12/16/76,5.028743975378891
12/17/76,5.0400650330972185
12/18/76,5.051384776171397
12/19/76,5.062703204830465
12/20/76,5.0740203193033295
12/21/76,5.085336119818873
12/22/76,5.0966506066059125
12/23/76,5.107963779893199
12/24/76,5.11927564
12/25/76,5.130586186883335
12/26/76,5.141895421043463
12/27/76,5.153203342618395
12/28/76,5.164509951836593
12/29/76,5.175815248926541
12/30/76,5.187119234116611
12/31/76,5.198421907635176
1/1/77,5.203619909502266
1/2/77,5.226218097447788
1/3/77,5.248811042802459
1/4/77,5.271398747390399
1/5/77,5.293981213034904
1/6/77,5.316558441558428
1/7/77,5.339130434782602
1/8/77,5.361697195
1/9/77,5.384258722615054
1/10/77,5.406815021
1/11/77,5.429366091088195
1/12/77,5.451911935110076
1/13/77,5.474452554744547
1/14/77,5.496987951807242
1/15/77,5.519518128113066
1/16/77,5.542043085476034
1/17/77,5.564562825709318
1/18/77,5.587077350625291
1/19/77,5.609586662035437
1/20/77,5.632090761750419
1/21/77,5.654589651580055
1/22/77,5.6770833333333215
1/23/77,5.699571808818438
1/24/77,5.722055079842647
1/25/77,5.744533148212438
1/26/77,5.767006015733456
1/27/77,5.789473684210544
1/28/77,5.811936155447617
1/29/77,5.834393431247853
1/30/77,5.856845513413522
1/31/77,5.879292403746117
2/1/77,5.907433726750311
2/2/77,5.926488242355776
2/3/77,5.945540403371741
2/4/77,5.964590210234588
2/5/77,5.983637663380681
2/6/77,6.002682763246159
2/7/77,6.021725510267117
2/8/77,6.040765904879564
2/9/77,6.059803947519349
2/10/77,6.078839638622258
2/11/77,6.097872978623942
2/12/77,6.116903967959919
2/13/77,6.135932607065664
2/14/77,6.154958896376517
2/15/77,6.173982836327729
2/16/77,6.193004427354354
2/17/77,6.212023669891442
2/18/77,6.231040564373891
2/19/77,6.250055111
2/20/77,6.269067310914012
2/21/77,6.288077163840922
2/22/77,6.307084670451735
2/23/77,6.326089831180837
2/24/77,6.345092646462502
2/25/77,6.364093116730873
2/26/77,6.383091242
2/27/77,6.402087023963765
2/28/77,6.421080462
3/1/77,6.440071556350624
3/2/77,6.456638394
3/3/77,6.4732014077193645
3/4/77,6.489760599942307
3/5/77,6.506315972
3/6/77,6.522867524078668
3/7/77,6.539415258635595
3/8/77,6.5559591766130465
3/9/77,6.572499279331212
3/10/77,6.589035568109769
3/11/77,6.6055680442676845
3/12/77,6.622096709123393
3/13/77,6.638621563994707
3/14/77,6.655142610198794
3/15/77,6.671659849052247
3/16/77,6.688173281871079
3/17/77,6.704682909970638
3/18/77,6.721188734665673
3/19/77,6.737690757270376
3/20/77,6.7541889790982745
3/21/77,6.770683401462363
3/22/77,6.787174025674969
3/23/77,6.8036608530478215
3/24/77,6.820143884892094
3/25/77,6.8366231225182705
3/26/77,6.8530985672363265
3/27/77,6.86957022
3/28/77,6.886038083184709
3/29/77,6.902502157
3/30/77,6.918962443
3/31/77,6.935418943009952
4/1/77,6.951871657754016
4/2/77,6.944279434
4/3/77,6.936690818386992
4/4/77,6.929105806911284
4/5/77,6.921524397483081
4/6/77,6.913946587537079
4/7/77,6.9063723745105055
4/8/77,6.898801756
4/9/77,6.891234728976392
4/10/77,6.883671291355387
4/11/77,6.876111440426791
4/12/77,6.868555173639912
4/13/77,6.861002488446499
4/14/77,6.853453382300656
4/15/77,6.8459078526589945
4/16/77,6.838365896980458
4/17/77,6.830827512726412
4/18/77,6.823292697360639
4/19/77,6.815761448
4/20/77,6.808233763160998
4/21/77,6.800709639266689
4/22/77,6.793189074139772
4/23/77,6.785672065255932
4/24/77,6.7781586100933655
4/25/77,6.770648706132554
4/26/77,6.763142350856466
4/27/77,6.7556395417503134
4/28/77,6.748140276301795
4/29/77,6.740644552000918
4/30/77,6.733152366340134
5/1/77,6.725663716814156
5/2/77,6.730220344788229
5/3/77,6.734775412362315
5/4/77,6.739328920337817
5/5/77,6.743880869515606
5/6/77,6.748431260695953
5/7/77,6.752980094678618
5/8/77,6.757527372262762
5/9/77,6.762073094247101
5/10/77,6.766617261429708
5/11/77,6.771159874608146
5/12/77,6.775700934579443
5/13/77,6.780240442140051
5/14/77,6.784778398085911
5/15/77,6.789314803212387
5/16/77,6.793849658314355
5/17/77,6.798382964186067
5/18/77,6.8029147216213115
5/19/77,6.807444931413298
5/20/77,6.811973594354659
5/21/77,6.816500711237561
5/22/77,6.821026282853571
5/23/77,6.825550309993744
5/24/77,6.830072793448605
5/25/77,6.8345937340080765
5/26/77,6.839113132461638
5/27/77,6.843630989598148
5/28/77,6.848147306205954
5/29/77,6.8526620830729135
5/30/77,6.857175320986264
5/31/77,6.861687020732754
6/1/77,6.866197183098599
6/2/77,6.864988558352403
6/3/77,6.863780359028526
6/4/77,6.862572584902349
6/5/77,6.8613652357494725
6/6/77,6.860158311345654
6/7/77,6.8589518114667625
6/8/77,6.857745735888887
6/9/77,6.856540084388185
6/10/77,6.855334857
6/11/77,6.854130052724083
6/12/77,6.852925672113885
6/13/77,6.851721714687287
6/14/77,6.850518180221332
6/15/77,6.849315068493156
6/16/77,6.848112379280069
6/17/77,6.846910112359539
6/18/77,6.845708267509232
6/19/77,6.844506844506859
6/20/77,6.843305843130376
6/21/77,6.842105263157894
6/22/77,6.840905104367656
6/23/77,6.8397053665380625
6/24/77,6.838506049447646
6/25/77,6.837307152875183
6/26/77,6.836108676599495
6/27/77,6.834910620399581
6/28/77,6.833712984054663
6/29/77,6.832515767344072
6/30/77,6.831318970047295
7/1/77,6.8301225919439545
7/2/77,6.823316764572973
7/3/77,6.816513243350086
7/4/77,6.809712027103321
7/5/77,6.802913114661546
7/6/77,6.796116504854366
7/7/77,6.789322196512226
7/8/77,6.782530188466307
7/9/77,6.775740479548653
7/10/77,6.768953068592065
7/11/77,6.762167954430098
7/12/77,6.755385135897152
7/13/77,6.748604611828379
7/14/77,6.741826381059757
7/15/77,6.735050442428014
7/16/77,6.728276795
7/17/77,6.721505436926023
7/18/77,6.7147363677332095
7/19/77,6.707969586032103
7/20/77,6.701205090663365
7/21/77,6.694442880468432
7/22/77,6.687682954289587
7/23/77,6.680925310969776
7/24/77,6.674169949352837
7/25/77,6.667416868
7/26/77,6.660666066606669
7/27/77,6.653917543168908
7/28/77,6.647171296817023
7/29/77,6.640427326398646
7/30/77,6.633685630762298
7/31/77,6.626946208757234
8/1/77,6.620209059233462
8/2/77,6.619465048325468
8/3/77,6.618721204629741
8/4/77,6.617977528
8/5/77,6.617234018649598
8/6/77,6.616490676
8/7/77,6.615747500842417
8/8/77,6.615004492362986
8/9/77,6.614261650758002
8/10/77,6.613518975971244
8/11/77,6.612776467946557
8/12/77,6.612034126627764
8/13/77,6.611291951958709
8/14/77,6.6105499438832815
8/15/77,6.609808102345416
8/16/77,6.609066427289045
8/17/77,6.608324918658148
8/18/77,6.607583576396681
8/19/77,6.606842400448687
8/20/77,6.606101391
8/21/77,6.605360547269257
8/22/77,6.604619869925976
8/23/77,6.603879358672504
8/24/77,6.603139013
8/25/77,6.602398834211409
8/26/77,6.6016588208921645
8/27/77,6.600918973439418
8/28/77,6.600179291797392
8/29/77,6.599439775910376
8/30/77,6.598700425722592
8/31/77,6.5979612411784405
9/1/77,6.597222222
9/2/77,6.590291037435625
9/3/77,6.583362258475067
9/4/77,6.576435884088139
9/5/77,6.5695119130233515
9/6/77,6.5625903440300615
9/7/77,6.5556711758584685
9/8/77,6.548754407259683
9/9/77,6.541840036985658
9/10/77,6.534928063789214
9/11/77,6.5280184864240365
9/12/77,6.5211113036446555
9/13/77,6.514206514206511
9/14/77,6.507304116865864
9/15/77,6.500404110379865
9/16/77,6.493506493506485
9/17/77,6.486611265004627
9/18/77,6.479718423633951
9/19/77,6.472827968
9/20/77,6.465939897329398
9/21/77,6.459054209919257
9/22/77,6.452170904687771
9/23/77,6.445289980398949
9/24/77,6.438411435817626
9/25/77,6.431535269709565
9/26/77,6.424661480841265
9/27/77,6.417790068
9/28/77,6.410921029894601
9/29/77,6.404054365353606
9/30/77,6.397190073127201
10/1/77,6.390328151986191
10/2/77,6.4011142061281445
10/3/77,6.411899058548265
10/4/77,6.422682709447436
10/5/77,6.433465159026341
10/6/77,6.444246407485799
10/7/77,6.455026455026447
10/8/77,6.465805302
10/9/77,6.476582948153942
10/10/77,6.4873593941418894
10/11/77,6.498134640013364
10/12/77,6.508908685968806
10/13/77,6.5196815322086765
10/14/77,6.530453178933304
10/15/77,6.541223626
10/16/77,6.551992874638168
10/17/77,6.562760924018929
10/18/77,6.573527774685517
10/19/77,6.584293426838084
10/20/77,6.595057880676758
10/21/77,6.605821136401602
10/22/77,6.616583194212566
10/23/77,6.627344054309714
10/24/77,6.638103716892929
10/25/77,6.6488621821621186
10/26/77,6.659619450317145
10/27/77,6.670375521557714
10/28/77,6.681130396083668
10/29/77,6.691884074094667
10/30/77,6.702636556
10/31/77,6.713387841370477
11/1/77,6.7241379310344795
11/2/77,6.723365130444781
11/3/77,6.722592507469538
11/4/77,6.7218200620475566
11/5/77,6.7210477941176405
11/6/77,6.720275703618617
11/7/77,6.719503790489312
11/8/77,6.7187320546686635
11/9/77,6.717960496095543
11/10/77,6.717189115
11/11/77,6.716417910447747
11/12/77,6.7156468832510585
11/13/77,6.714876033057848
11/14/77,6.714105359807188
11/15/77,6.713334863438147
11/16/77,6.712564543889843
11/17/77,6.711794401101412
11/18/77,6.711024435012036
11/19/77,6.710254645560898
11/20/77,6.7094850326872235
11/21/77,6.708715596330284
11/22/77,6.707946336429305
11/23/77,6.707177252923646
11/24/77,6.706408345752601
11/25/77,6.705639614855574
11/26/77,6.704871060171924
11/27/77,6.704102681641078
11/28/77,6.703334479202483
11/29/77,6.702566452795589
11/30/77,6.701798602359954
12/1/77,6.701030928
12/2/77,6.7054585757827745
12/3/77,6.709884751773054
12/4/77,6.714309456539791
12/5/77,6.718732690816442
12/6/77,6.723154455335867
12/7/77,6.727574750830567
12/8/77,6.731993578032447
12/9/77,6.736410937672965
12/10/77,6.74082683
12/11/77,6.745241257193446
12/12/77,6.749654218533885
12/13/77,6.754065715233981
12/14/77,6.758475748022774
12/15/77,6.762884317628837
12/16/77,6.767291424780231
12/17/77,6.77169707
12/18/77,6.7761012546288635
12/19/77,6.7805039787798504
12/20/77,6.784905243383621
12/21/77,6.789305049165839
12/22/77,6.793703396851702
12/23/77,6.798100287165898
12/24/77,6.802495720832646
12/25/77,6.806889699
12/26/77,6.811282221118287
12/27/77,6.815673289183222
12/28/77,6.820062903492796
12/29/77,6.824451064768833
12/30/77,6.828837773732688
12/31/77,6.833223031105229
1/1/78,6.8376068376068355
1/2/78,6.824320599746447
1/3/78,6.8110431476277045
1/4/78,6.7977744725389755
1/5/78,6.784514565780064
1/6/78,6.7712634186622545
1/7/78,6.758021022508398
1/8/78,6.744787368652694
1/9/78,6.731562448440842
1/10/78,6.718346253229979
1/11/78,6.705138774388564
1/12/78,6.691940003296515
1/13/78,6.678749931345096
1/14/78,6.665568549936851
1/15/78,6.652395850485759
1/16/78,6.639231824417013
1/17/78,6.626076463
1/18/78,6.612929758183905
1/19/78,6.599791700926372
1/20/78,6.586662282864819
1/21/78,6.573541495480684
1/22/78,6.560429330266682
1/23/78,6.547325778726654
1/24/78,6.5342308323756315
1/25/78,6.521144482739749
1/26/78,6.508066721356309
1/27/78,6.49499754
1/28/78,6.48193693
1/29/78,6.468884882259718
1/30/78,6.455841389480588
1/31/78,6.442806442806437
2/1/78,6.429780033840937
2/2/78,6.434267762203971
2/3/78,6.438753322058455
2/4/78,6.443236714975842
2/5/78,6.447717942525943
2/6/78,6.452197006277172
2/7/78,6.456673907796273
2/8/78,6.461148649
2/9/78,6.4656212303980665
2/10/78,6.470091654606858
2/11/78,6.4745599228357875
2/12/78,6.479026036644164
2/13/78,6.483489997589786
2/14/78,6.487951807
2/15/78,6.492411467116366
2/16/78,6.496868978805392
2/17/78,6.501324343847825
2/18/78,6.505777563793935
2/19/78,6.510228640192528
2/20/78,6.5146775745909435
2/21/78,6.519124369
2/22/78,6.523569023569031
2/23/78,6.528011541235879
2/24/78,6.532451923076921
2/25/78,6.536890170632059
2/26/78,6.541326285439686
2/27/78,6.545760269036749
2/28/78,6.550192122958687
3/1/78,6.554621848739495
3/2/78,6.552845528455276
3/3/78,6.551070170685458
3/4/78,6.549295775
3/5/78,6.547522339561329
3/6/78,6.545749864645378
3/7/78,6.543978349120438
3/8/78,6.542207792207799
3/9/78,6.540438193129572
3/10/78,6.538669551108711
3/11/78,6.536901865369016
3/12/78,6.535135135135128
3/13/78,6.533369359632535
3/14/78,6.531604538087521
3/15/78,6.529840669727238
3/16/78,6.528077753779704
3/17/78,6.526315789473691
3/18/78,6.524554776
3/19/78,6.522794712705693
3/20/78,6.5210355987054935
3/21/78,6.519277433270432
3/22/78,6.517520216
3/23/78,6.515763945028286
3/24/78,6.514008620689649
3/25/78,6.512254241852955
3/26/78,6.510500807754438
3/27/78,6.508748317631219
3/28/78,6.506996770721196
3/29/78,6.505246166263112
3/30/78,6.503496503496509
3/31/78,6.501747781661726
4/1/78,6.499999999999995
4/2/78,6.5155807365439244
4/3/78,6.531156281
4/4/78,6.5467266366816546
4/5/78,6.562291805463016
4/6/78,6.577851790174849
4/7/78,6.593406593406592
4/8/78,6.608956217745954
4/9/78,6.624500665778976
4/10/78,6.640039940089859
4/11/78,6.655574043261225
4/12/78,6.6711029778738995
4/13/78,6.686626746506996
4/14/78,6.702145351737898
4/15/78,6.717658796142323
4/16/78,6.733167082294278
4/17/78,6.748670212765973
4/18/78,6.7641681901279505
4/19/78,6.779661016949157
4/20/78,6.795148695796649
4/21/78,6.810631229235886
4/22/78,6.826108619830573
4/23/78,6.841580870142816
4/24/78,6.857047982732856
4/25/78,6.8725099601593564
4/26/78,6.887966804979273
4/27/78,6.9034185197477616
4/28/78,6.918865107018424
4/29/78,6.934306569343063
4/30/78,6.949742909271861
5/1/78,6.9651741293532465
5/2/78,6.979729368347853
5/3/78,6.9942783808352615
5/4/78,7.008821170809942
5/5/78,7.023357742263081
5/6/78,7.037888099182399
5/7/78,7.052412245552175
5/8/78,7.066930185353337
5/9/78,7.081441922563436
5/10/78,7.095947461156493
5/11/78,7.110446805
5/12/78,7.124939958371157
5/13/78,7.139426924923953
5/14/78,7.153907708722329
5/15/78,7.168382313723409
5/16/78,7.182850743880986
5/17/78,7.197313003145478
5/18/78,7.2117690954639935
5/19/78,7.226219024780178
5/20/78,7.240662795034369
5/21/78,7.255100410163529
5/22/78,7.269531874101287
5/23/78,7.283957190777923
5/24/78,7.298376364120296
5/25/78,7.312789398052066
5/26/78,7.327196296493366
5/27/78,7.341597063361172
5/28/78,7.355991703
5/29/78,7.370380218027139
5/30/78,7.384762613642404
5/31/78,7.399138893318469
6/1/78,7.413509060955525
6/2/78,7.423269093504636
6/3/78,7.433025911286761
6/4/78,7.442779515890008
6/5/78,7.452529908901329
6/6/78,7.462277091906722
6/7/78,7.472021066491097
6/8/78,7.481761834238365
6/9/78,7.491499396731394
6/10/78,7.501233755551917
6/11/78,7.510964912280715
6/12/78,7.520692868497503
6/13/78,7.530417625780994
6/14/78,7.540139185708816
6/15/78,7.549857549857553
6/16/78,7.559572719802787
6/17/78,7.569284697119083
6/18/78,7.578993483
6/19/78,7.58869908
6/20/78,7.598401489023909
6/21/78,7.608100711548982
6/22/78,7.617796749
6/23/78,7.6274896038520446
6/24/78,7.637179276765704
6/25/78,7.646865769609468
6/26/78,7.656549083948594
6/27/78,7.666229221347343
6/28/78,7.675906183368886
6/29/78,7.685579971575396
6/30/78,7.695250587528002
7/1/78,7.7049180327869005
7/2/78,7.7093908629441765
7/3/78,7.713862747171407
7/4/78,7.7183336857686635
7/5/78,7.722803679035839
7/6/78,7.727272727272738
7/7/78,7.731740830778988
7/8/78,7.736207989854149
7/9/78,7.740674204797626
7/10/78,7.745139475908713
7/11/78,7.749603803486527
7/12/78,7.754067187830138
7/13/78,7.758529629238398
7/14/78,7.762991128010133
7/15/78,7.767451684443971
7/16/78,7.771911299
7/17/78,7.7763699714919365
7/18/78,7.780827702702697
7/19/78,7.785284492768918
7/20/78,7.789740341988605
7/21/78,7.794195251
7/22/78,7.7986492190797785
7/23/78,7.803102247546678
7/24/78,7.807554336357869
7/25/78,7.812005485810736
7/26/78,7.816455696202529
7/27/78,7.820904967830389
7/28/78,7.8253533009913445
7/29/78,7.829800695982292
7/30/78,7.834247153099971
7/31/78,7.838692673
8/1/78,7.843137254901955
8/2/78,7.858121640139126
8/3/78,7.873102866779069
8/4/78,7.888080936
8/5/78,7.903055848
8/6/78,7.918027605099565
8/7/78,7.932996207332477
8/8/78,7.947961655957014
8/9/78,7.962923951969669
8/10/78,7.9778830963665115
8/11/78,7.992839090143211
8/12/78,8.007791934295039
8/13/78,8.02274163
8/14/78,8.037688177702918
8/15/78,8.052631578947356
8/16/78,8.067571834543719
8/17/78,8.082508945485166
8/18/78,8.097442912764397
8/19/78,8.112373737373746
8/20/78,8.12730142
8/21/78,8.142225962549986
8/22/78,8.157147365099405
8/23/78,8.172065628944058
8/24/78,8.186980755074135
8/25/78,8.201892744479512
8/26/78,8.216801598149527
8/27/78,8.231707317073166
8/28/78,8.246609902239044
8/29/78,8.261509354635276
8/30/78,8.276405675
8/31/78,8.291298865069363
9/1/78,8.306188925081436
9/2/78,8.327000325697531
9/3/78,8.347807207989577
9/4/78,8.368609573428841
9/5/78,8.389407423485995
9/6/78,8.410200759631037
9/7/78,8.430989583333348
9/8/78,8.451773896
9/9/78,8.472553699284013
9/10/78,8.493328994
9/11/78,8.514099783080265
9/12/78,8.534866066587131
9/13/78,8.555627846
9/14/78,8.576385124146135
9/15/78,8.597137901127505
9/16/78,8.617886178861788
9/17/78,8.638629959
9/18/78,8.659369242440661
9/19/78,8.680104031209357
9/20/78,8.700834326579265
9/21/78,8.721560130010818
9/22/78,8.742281443
9/23/78,8.762998266897748
9/24/78,8.783710603270855
9/25/78,8.804418454
9/26/78,8.825121819166215
9/27/78,8.845820701602403
9/28/78,8.866515102
9/29/78,8.887205023
9/30/78,8.907890464335955
10/1/78,8.928571429
10/2/78,8.927168962
10/3/78,8.925766935399416
10/4/78,8.924365349384967
10/5/78,8.922964203474981
10/6/78,8.921563497
10/7/78,8.920163231139489
10/8/78,8.918763404299845
10/9/78,8.917364016736396
10/10/78,8.915965068242437
10/11/78,8.914566558611291
10/12/78,8.913168487636568
10/13/78,8.911770855111856
10/14/78,8.910373660830917
10/15/78,8.908976904587739
10/16/78,8.907580586
10/17/78,8.906184705390707
10/18/78,8.904789262025382
10/19/78,8.903394255874675
10/20/78,8.901999686733152
10/21/78,8.900605554
10/22/78,8.899211859
10/23/78,8.897818599311137
10/24/78,8.896425776154459
10/25/78,8.895033388981632
10/26/78,8.893641437588018
10/27/78,8.892249921769068
10/28/78,8.890858841320327
10/29/78,8.889468196037553
10/30/78,8.888077985716535
10/31/78,8.886688210153238
11/1/78,8.885298869
11/2/78,8.889726469954784
11/3/78,8.894153117260695
11/4/78,8.898578811369507
11/5/78,8.903003552589105
11/6/78,8.907427341227137
11/7/78,8.911850178
11/8/78,8.916272061988817
11/9/78,8.920692994727219
11/10/78,8.925112976113624
11/11/78,8.929532006455076
11/12/78,8.933950086058529
11/13/78,8.938367215230736
11/14/78,8.942783394278342
11/15/78,8.947198623507923
11/16/78,8.951612903225815
11/17/78,8.956026233738301
11/18/78,8.960438615
11/19/78,8.964850048371487
11/20/78,8.969260533104052
11/21/78,8.973670069854943
11/22/78,8.978078658929721
11/23/78,8.982486301
11/24/78,8.986892995272889
11/25/78,8.991298743151788
11/26/78,8.995703545
11/27/78,9.000107399849622
11/28/78,9.004510309278357
11/29/78,9.008912273166558
11/30/78,9.013313291818758
12/1/78,9.017713365539448
12/2/78,9.026226954037897
12/3/78,9.034737006075066
12/4/78,9.043243523854038
12/5/78,9.051746509575963
12/6/78,9.060245965440306
12/7/78,9.068741893644617
12/8/78,9.077234296384674
12/9/78,9.085723175854387
12/10/78,9.094208534245851
12/11/78,9.102690373749422
12/12/78,9.111168696553506
12/13/78,9.119643505
12/14/78,9.128114800808174
12/15/78,9.136582586626618
12/16/78,9.145046864481365
12/17/78,9.153507636551916
12/18/78,9.161964905015797
12/19/78,9.170418672048841
12/20/78,9.178868939825113
12/21/78,9.187315710516785
12/22/78,9.195758986294278
12/23/78,9.204198769326233
12/24/78,9.212635061779451
12/25/78,9.221067865818977
12/26/78,9.229497183608082
12/27/78,9.237923017
12/28/78,9.246345369078979
12/29/78,9.254764241
12/30/78,9.263179635462393
12/31/78,9.271591554385417
1/1/79,9.28
1/2/79,9.298725424428511
1/3/79,9.317443120260016
1/4/79,9.336153092278332
1/5/79,9.354855345263257
1/6/79,9.373549883990705
1/7/79,9.392236713232638
1/8/79,9.410915837757038
1/9/79,9.429587262
1/10/79,9.448250992
1/11/79,9.466907030646388
1/12/79,9.485555383902366
1/13/79,9.504196056221993
1/14/79,9.522829052349824
1/15/79,9.541454377026405
1/16/79,9.560072034988432
1/17/79,9.578682030968654
1/18/79,9.597284369696023
1/19/79,9.615879055895515
1/20/79,9.634466094288197
1/21/79,9.65304549
1/22/79,9.671617246518327
1/23/79,9.69018137
1/24/79,9.708737864077666
1/25/79,9.727286734117403
1/26/79,9.745827984595623
1/27/79,9.764361620206374
1/28/79,9.782887645639772
1/29/79,9.801406065582174
1/30/79,9.819916884716019
1/31/79,9.838420107719914
2/1/79,9.856915739268679
2/2/79,9.865470852017943
2/3/79,9.87402111
2/4/79,9.882566517274638
2/5/79,9.891107078039907
2/6/79,9.899642796393927
2/7/79,9.908173676453934
2/8/79,9.916699722
2/9/79,9.925220938137326
2/10/79,9.933737327971892
2/11/79,9.942248895934757
2/12/79,9.950755646119891
2/13/79,9.959257582616555
2/14/79,9.967754709509546
2/15/79,9.976247030878849
2/16/79,9.984734551
2/17/79,9.993217273
2/18/79,10.001695202576698
2/19/79,10.010168342560167
2/20/79,10.018636697351324
2/21/79,10.027100271002709
2/22/79,10.03555906756224
2/23/79,10.044013091073234
2/24/79,10.052462345574554
2/25/79,10.060906835100392
2/26/79,10.069346563680437
2/27/79,10.07778153533987
2/28/79,10.086211754099272
3/1/79,10.094637223974768
3/2/79,10.107329976092384
3/3/79,10.120016273392984
3/4/79,10.132696120799235
3/5/79,10.145369523228641
3/6/79,10.158036485593769
3/7/79,10.170697012802288
3/8/79,10.183351109756721
3/9/79,10.19599878135471
3/10/79,10.208640032488958
3/11/79,10.22127486804707
3/12/79,10.233903292911851
3/13/79,10.24652531196104
3/14/79,10.259140930067435
3/15/79,10.271750152098956
3/16/79,10.284352982918543
3/17/79,10.296949427384195
3/18/79,10.309539490349051
3/19/79,10.322123176661279
3/20/79,10.334700491164096
3/21/79,10.347271438695959
3/22/79,10.359836024090296
3/23/79,10.372394252175665
3/24/79,10.384946127775807
3/25/79,10.39749165570949
3/26/79,10.410030840790728
3/27/79,10.422563687828546
3/28/79,10.43509020162714
3/29/79,10.44761038698594
3/30/79,10.46012424869942
3/31/79,10.47263179155724
4/1/79,10.485133020344284
4/2/79,10.497496871088853
4/3/79,10.509852987175483
4/4/79,10.522201375859908
4/5/79,10.534542044388884
4/6/79,10.546875
4/7/79,10.559200249921918
4/8/79,10.571517801374153
4/9/79,10.58382766156727
4/10/79,10.596129837702861
4/11/79,10.608424336973465
4/12/79,10.620711166562668
4/13/79,10.632990333645132
4/14/79,10.645261845386521
4/15/79,10.657525708943606
4/16/79,10.669781931464172
4/17/79,10.682030520087205
4/18/79,10.69427148194273
4/19/79,10.706504824151875
4/20/79,10.718730553827015
4/21/79,10.730948678071538
4/22/79,10.743159203980124
4/23/79,10.75536213863848
4/24/79,10.767557489123657
4/25/79,10.77974526250387
4/26/79,10.791925465838492
4/27/79,10.804098106178195
4/28/79,10.816263190564857
4/29/79,10.828420726031652
4/30/79,10.84057071960296
5/1/79,10.852713178294572
5/2/79,10.853914608539172
5/3/79,10.855115198160824
5/4/79,10.856314948041579
5/5/79,10.857513859062085
5/6/79,10.858711932101839
5/7/79,10.859909168039117
5/8/79,10.86110556775095
5/9/79,10.862301132113107
5/10/79,10.863495862000194
5/11/79,10.86468975828554
5/12/79,10.865882821841355
5/13/79,10.867075053538544
5/14/79,10.868266454246722
5/15/79,10.869457024834528
5/16/79,10.870646766169155
5/17/79,10.871835679116714
5/18/79,10.87302376454209
5/19/79,10.874211023308987
5/20/79,10.875397456279789
5/21/79,10.87658306431587
5/22/79,10.877767848277253
5/23/79,10.878951809022762
5/24/79,10.880134947410202
5/25/79,10.881317264295976
5/26/79,10.88249876053544
5/27/79,10.883679436982696
5/28/79,10.884859294490678
5/29/79,10.88603833391113
5/30/79,10.887216556094659
5/31/79,10.888393961890586
6/1/79,10.889570552147232
6/2/79,10.902121134679277
6/3/79,10.914665304036774
6/4/79,10.927203065134083
6/5/79,10.939734422880498
6/6/79,10.952259382180252
6/7/79,10.964777947932625
6/8/79,10.977290125031903
6/9/79,10.989795918367328
6/10/79,11.002295332823241
6/11/79,11.014788373278916
6/12/79,11.027275044608697
6/13/79,11.039755351681935
6/14/79,11.052229299363049
6/15/79,11.06469689251146
6/16/79,11.077158135981646
6/17/79,11.089613034623213
6/18/79,11.102061593280732
6/19/79,11.114503816793885
6/20/79,11.126939709997451
6/21/79,11.139369277721256
6/22/79,11.151792524790238
6/23/79,11.164209456024388
6/24/79,11.176620076238851
6/25/79,11.189024390243873
6/26/79,11.201422402844784
6/27/79,11.213814118842036
6/28/79,11.226199543031212
6/29/79,11.238578680203037
6/30/79,11.25095153514335
7/1/79,11.263318112633169
7/2/79,11.281296023564025
7/3/79,11.299268639866478
7/4/79,11.317235963879057
7/5/79,11.335197997939051
7/6/79,11.353154744382277
7/7/79,11.371106205543269
7/8/79,11.38905238375514
7/9/79,11.40699328134962
7/10/79,11.424928900657028
7/11/79,11.442859244006476
7/12/79,11.46078431372548
7/13/79,11.47870411214036
7/14/79,11.496618641576006
7/15/79,11.514527904355898
7/16/79,11.532431902802266
7/17/79,11.550330639235828
7/18/79,11.568224115976111
7/19/79,11.58611233534106
7/20/79,11.603995299647462
7/21/79,11.62187301121065
7/22/79,11.639745472344565
7/23/79,11.657612685361919
7/24/79,11.67547465257388
7/25/79,11.693331376290406
7/26/79,11.711182858820068
7/27/79,11.729029102470045
7/28/79,11.746870109546137
7/29/79,11.764705882352944
7/30/79,11.782536423193491
7/31/79,11.80036173436967
8/1/79,11.818181818181817
8/2/79,11.829953579281693
8/3/79,11.841719589643374
8/4/79,11.853479853479843
8/5/79,11.86523438
8/6/79,11.876983158408594
8/7/79,11.88872620790631
8/8/79,11.900463527689698
8/9/79,11.912195121951207
8/10/79,11.92392099487931
8/11/79,11.935641150658217
8/12/79,11.94735559
8/13/79,11.959064327485391
8/14/79,11.97076735688185
8/15/79,11.982464685825622
8/16/79,11.994156318480664
8/17/79,12.005842259006783
8/18/79,12.017522511559964
8/19/79,12.029197080291954
8/20/79,12.04086597
8/21/79,12.052529182879358
8/22/79,12.064186725018233
8/23/79,12.075838599902756
8/24/79,12.08748481166464
8/25/79,12.099125364431472
8/26/79,12.110760262326913
8/27/79,12.12238951
8/28/79,12.134013109978126
8/29/79,12.14563106796116
8/30/79,12.157243387527306
8/31/79,12.168850072780192
9/1/79,12.180451127819536
9/2/79,12.176788935658433
9/3/79,12.173128944995494
9/4/79,12.169471153846146
9/5/79,12.165815560228289
9/6/79,12.162162162162149
9/7/79,12.158510957670355
9/8/79,12.154861944777906
9/9/79,12.151215121512138
9/10/79,12.147570485902826
9/11/79,12.143928035982011
9/12/79,12.140287769784175
9/13/79,12.136649685346136
9/14/79,12.133013780707014
9/15/79,12.129380053908356
9/16/79,12.125748502994016
9/17/79,12.122119126010201
9/18/79,12.118491921005381
9/19/79,12.114866886030494
9/20/79,12.111244019138766
9/21/79,12.107623318385663
9/22/79,12.104004781829047
9/23/79,12.100388407529138
9/24/79,12.096774193548399
9/25/79,12.09316213795164
9/26/79,12.089552238805968
9/27/79,12.085944494180856
9/28/79,12.082338902147981
9/29/79,12.078735460781399
9/30/79,12.075134168157442
10/1/79,12.071535022354718
10/2/79,12.08902134204961
10/3/79,12.106502619310833
10/4/79,12.123978856319084
10/5/79,12.141450055253934
10/6/79,12.158916218293637
10/7/79,12.176377347615164
10/8/79,12.193833445394286
10/9/79,12.211284513805554
10/10/79,12.228730555022093
10/11/79,12.246171571216014
10/12/79,12.263607564557955
10/13/79,12.281038537217448
10/14/79,12.298464491362783
10/15/79,12.315885429160867
10/16/79,12.333301352777525
10/17/79,12.350712264377206
10/18/79,12.368118166123153
10/19/79,12.385519060177419
10/20/79,12.402914948700761
10/21/79,12.420305833852652
10/22/79,12.437691717791388
10/23/79,12.45507260267409
10/24/79,12.47244849065643
10/25/79,12.489819383893085
10/26/79,12.50718528453727
10/27/79,12.524546194741127
10/28/79,12.54190211665549
10/29/79,12.559253052429975
10/30/79,12.57659900421293
10/31/79,12.593939974151569
11/1/79,12.611275964391687
11/2/79,12.63412945655935
11/3/79,12.656976169287049
11/4/79,12.67981610559097
11/5/79,12.702649268485565
11/6/79,12.725475660983431
11/7/79,12.748295286095445
11/8/79,12.771108146830713
11/9/79,12.793914246196403
11/10/79,12.816713587198091
11/11/79,12.83950617283951
11/12/79,12.862292006122544
11/13/79,12.885071090047372
11/14/79,12.90784342761242
11/15/79,12.930609021814243
11/16/79,12.95336787564767
11/17/79,12.976119992105772
11/18/79,12.998865374179868
11/19/79,13.021604024859435
11/20/79,13.044335947132213
11/21/79,13.067061143984215
11/22/79,13.089779618399655
11/23/79,13.112491373360925
11/24/79,13.13519641184877
11/25/79,13.157894736842124
11/26/79,13.180586351318047
11/27/79,13.203271258252048
11/28/79,13.225949460617702
11/29/79,13.248620961386926
11/30/79,13.271285763529828
12/1/79,13.293943870014768
12/2/79,13.313961796789409
12/3/79,13.333968284204033
12/4/79,13.353963342061403
12/5/79,13.373946980153239
12/6/79,13.393919208259986
12/7/79,13.413880036150893
12/8/79,13.43382947358409
12/9/79,13.453767530306626
12/10/79,13.473694216054355
12/11/79,13.493609540552121
12/12/79,13.51351351351353
12/13/79,13.533406144641248
12/14/79,13.55328744362685
12/15/79,13.573157420150928
12/16/79,13.593016083882926
12/17/79,13.612863444481317
12/18/79,13.632699511593716
12/19/79,13.652524294856615
12/20/79,13.672337803895562
12/21/79,13.692140048325196
12/22/79,13.711931037749236
12/23/79,13.731710781760498
12/24/79,13.751479289940827
12/25/79,13.771236571861255
12/26/79,13.790982637081871
12/27/79,13.810717495152058
12/28/79,13.830441155610206
12/29/79,13.850153627983941
12/30/79,13.86985492179007
12/31/79,13.889545046534701
1/1/80,13.90922401171304
1/2/80,13.918134176856611
1/3/80,13.927037613856253
1/4/80,13.935934330329758
1/5/80,13.94482433388351
1/6/80,13.953707632112389
1/7/80,13.962584232599795
1/8/80,13.971454142917693
1/9/80,13.98031737062675
1/10/80,13.989173923276077
1/11/80,13.998023808403538
1/12/80,14.006867033535597
1/13/80,14.015703606187401
1/14/80,14.024533533862883
1/15/80,14.033356824054511
1/16/80,14.042173484243637
1/17/80,14.050983521900395
1/18/80,14.059786944483555
1/19/80,14.068583759440823
1/20/80,14.077373974208696
1/21/80,14.086157596212455
1/22/80,14.094934632866307
1/23/80,14.103705091573392
1/24/80,14.112468979725623
1/25/80,14.121226304703981
1/26/80,14.129977073878264
1/27/80,14.138721294607382
1/28/80,14.147458974239125
1/29/80,14.156190120110313
1/30/80,14.164914739546841
1/31/80,14.173632839863659
2/1/80,14.18234443
2/2/80,14.20091039471223
2/3/80,14.219462936644511
2/4/80,14.238002068716282
2/5/80,14.256527805461449
2/6/80,14.275040161392782
2/7/80,14.293539151002133
2/8/80,14.312024788760457
2/9/80,14.330497089117777
2/10/80,14.348956066503371
2/11/80,14.36740173532558
2/12/80,14.385834109972029
2/13/80,14.404253204809713
2/14/80,14.42265903418476
2/15/80,14.44105161242275
2/16/80,14.459430953828601
2/17/80,14.477797072686682
2/18/80,14.496149983260809
2/19/80,14.514489699794254
2/20/80,14.532816236509838
2/21/80,14.55112960760998
2/22/80,14.56942982727667
2/23/80,14.587716909671533
2/24/80,14.605990868935814
2/25/80,14.624251719190596
2/26/80,14.642499474536663
2/27/80,14.660734149054488
2/28/80,14.678955756804513
2/29/80,14.697164311826905
3/1/80,14.714034925621355
3/2/80,14.71321695760599
3/3/80,14.71239959375865
3/4/80,14.71158283341023
3/5/80,14.710766675892595
3/6/80,14.709951120538589
3/7/80,14.709136166682013
3/8/80,14.708321813657733
3/9/80,14.707508060801477
3/10/80,14.706694907450046
3/11/80,14.705882352941192
3/12/80,14.705070396613596
3/13/80,14.70425903780701
3/14/80,14.703448275862074
3/15/80,14.702638110120404
3/16/80,14.701828539924655
3/17/80,14.701019564618356
3/18/80,14.700211183546052
3/19/80,14.699403396053246
3/20/80,14.698596201486392
3/21/80,14.697789599192879
3/22/80,14.696983588521139
3/23/80,14.69617816882045
3/24/80,14.695373339441154
3/25/80,14.694569099734412
3/26/80,14.693765449052453
3/27/80,14.692962386748443
3/28/80,14.692159912176406
3/29/80,14.691358024691347
3/30/80,14.69055672364934
3/31/80,14.689756008407207
4/1/80,14.682146396715279
4/2/80,14.671195395792068
4/3/80,14.660253689819402
4/4/80,14.649321266968318
4/5/80,14.63839811542993
4/6/80,14.627484223415266
4/7/80,14.616579579155475
4/8/80,14.60568417090158
4/9/80,14.594797986924446
4/10/80,14.583921015514822
4/11/80,14.573053244983324
4/12/80,14.56219466366029
4/13/80,14.551345259895765
4/14/80,14.540505022059524
4/15/80,14.529673938540943
4/16/80,14.518851997749028
4/17/80,14.50803919
4/18/80,14.497235498078908
4/19/80,14.48644091611635
4/20/80,14.475655430711587
4/21/80,14.46487903037108
4/22/80,14.454111703620542
4/23/80,14.443353439005001
4/24/80,14.432604225088808
4/25/80,14.421864050455513
4/26/80,14.411132903707857
4/27/80,14.400410773467765
4/28/80,14.389697648376254
4/29/80,14.37899351709342
4/30/80,14.36829836829836
5/1/80,14.364316962070966
5/2/80,14.363644560660038
5/3/80,14.362972644102934
5/4/80,14.362301211875472
5/5/80,14.361630263454161
5/6/80,14.360959798316287
5/7/80,14.360289815939865
5/8/80,14.359620315803689
5/9/80,14.358951297387224
5/10/80,14.358282760170837
5/11/80,14.35761470363548
5/12/80,14.35694712726292
5/13/80,14.356280030535729
5/14/80,14.355613412937096
5/15/80,14.35494727395108
5/16/80,14.354281613062403
5/17/80,14.35361642975652
5/18/80,14.352951723519647
5/19/80,14.352287493838789
5/20/80,14.35162374020158
5/21/80,14.35096046209643
5/22/80,14.35029765901259
5/23/80,14.349635330439847
5/24/80,14.348973475868876
5/25/80,14.348312094790971
5/26/80,14.34765118669825
5/27/80,14.34699075108352
5/28/80,14.346330787440277
5/29/80,14.34567129526274
5/30/80,14.345012274045988
5/31/80,14.344353723285597
6/1/80,14.342335699142783
6/2/80,14.300193494886226
6/3/80,14.258082343188727
6/4/80,14.216002209741285
6/5/80,14.173953060285328
6/6/80,14.131934860612771
6/7/80,14.089947576565809
6/8/80,14.047991174036966
6/9/80,14.006065618968865
6/10/80,13.964170877354176
6/11/80,13.922306915235572
6/12/80,13.88047369870562
6/13/80,13.838671193906581
6/14/80,13.796899367030546
6/15/80,13.75515818431914
6/16/80,13.713447612063456
6/17/80,13.671767616604068
6/18/80,13.630118164330863
6/19/80,13.588499221683016
6/20/80,13.546910755148755
6/21/80,13.505352731265452
6/22/80,13.463825116619432
6/23/80,13.422327877845852
6/24/80,13.38086098162874
6/25/80,13.339424394700771
6/26/80,13.29801808
6/27/80,13.256642015886078
6/28/80,13.215296157707401
6/29/80,13.173980476233949
6/30/80,13.132694938440515
7/1/80,13.097758955355587
7/2/80,13.089305402425587
7/3/80,13.080857067278018
7/4/80,13.07241394508354
7/5/80,13.063976031018697
7/6/80,13.05554332026604
7/7/80,13.047115808014098
7/8/80,13.038693489457254
7/9/80,13.030276359795835
7/10/80,13.021864414236074
7/11/80,13.013457647990156
7/12/80,13.00505605627611
7/13/80,12.996659634317865
7/14/80,12.988268377345236
7/15/80,12.979882280593857
7/16/80,12.971501339305313
7/17/80,12.96312554872696
7/18/80,12.954754904111997
7/19/80,12.946389400719482
7/20/80,12.938029033814313
7/21/80,12.929673798667164
7/22/80,12.921323690554477
7/23/80,12.912978704758583
7/24/80,12.904638836567518
7/25/80,12.89630408127518
7/26/80,12.88797443418115
7/27/80,12.879649890590827
7/28/80,12.871330445815277
7/29/80,12.863016095171442
7/30/80,12.854706833981888
7/31/80,12.846402657574973
8/1/80,12.833173118937324
8/2/80,12.82432078273783
8/3/80,12.815474631036583
8/4/80,12.806634657354854
8/5/80,12.797800855222974
8/6/80,12.788973218180221
8/7/80,12.780151739775004
8/8/80,12.771336413564649
8/9/80,12.762527233115485
8/10/80,12.753724192002803
8/11/80,12.74492728381087
8/12/80,12.736136502132855
8/13/80,12.727351840570877
8/14/80,12.718573292735979
8/15/80,12.709800852248021
8/16/80,12.70103451273583
8/17/80,12.692274267836968
8/18/80,12.683520111197977
8/19/80,12.674772036474181
8/20/80,12.666030037329644
8/21/80,12.65729411
8/22/80,12.648564240478887
8/23/80,12.639840430144833
8/24/80,12.631122670134376
8/25/80,12.622410954155484
8/26/80,12.613705275924803
8/27/80,12.605005629167776
8/28/80,12.596312007618394
8/29/80,12.587624405019483
8/30/80,12.57894281512244
8/31/80,12.570267231687303
9/1/80,12.570356472795519
9/2/80,12.575919971418358
9/3/80,12.581480489329412
9/4/80,12.587038028923425
9/5/80,12.592592592592622
9/6/80,12.598144182726623
9/7/80,12.603692801712608
9/8/80,12.60923845193509
9/9/80,12.614781135776054
9/10/80,12.620320855614974
9/11/80,12.62585761382875
9/12/80,12.631391412791725
9/13/80,12.63692225487576
9/14/80,12.642450142450157
9/15/80,12.647975077881624
9/16/80,12.653497063534447
9/17/80,12.659016101770293
9/18/80,12.66453219494843
9/19/80,12.67004534542544
9/20/80,12.675555555555551
9/21/80,12.681062827690393
9/22/80,12.686567164179108
9/23/80,12.69206856736831
9/24/80,12.697567039602209
9/25/80,12.70306258322238
9/26/80,12.70855520056795
9/27/80,12.714044893975673
9/28/80,12.719531665779682
9/29/80,12.72501552
9/30/80,12.730496453900697
10/1/80,12.732106865646031
10/2/80,12.728286032753132
10/3/80,12.724467492392755
10/4/80,12.720651242502123
10/5/80,12.71683728102111
10/6/80,12.713025605891914
10/7/80,12.709216215059293
10/8/80,12.705409106470377
10/9/80,12.701604278074875
10/10/80,12.697801727824798
10/11/80,12.694001453674808
10/12/80,12.690203453581805
10/13/80,12.686407725505266
10/14/80,12.68261426740709
10/15/80,12.678823077251543
10/16/80,12.675034153005459
10/17/80,12.67124749263795
10/18/80,12.667463094120656
10/19/80,12.66368095542758
10/20/80,12.65990107453523
10/21/80,12.656123449422395
10/22/80,12.652348078070386
10/23/80,12.648574958462921
10/24/80,12.644804088586014
10/25/80,12.64103546642823
10/26/80,12.637269089980396
10/27/80,12.633504957235854
10/28/80,12.629743066190224
10/29/80,12.625983414841603
10/30/80,12.622226001190363
10/31/80,12.618470823239413
11/1/80,12.608657476512409
11/2/80,12.60423066795402
11/3/80,12.59980696674563
11/4/80,12.59538636961668
11/5/80,12.59096887
11/6/80,12.586554474537625
11/7/80,12.582143170069205
11/8/80,12.577734956643582
11/9/80,12.573329831013048
11/10/80,12.568927789934348
11/11/80,12.564528830168854
11/12/80,12.560132948482462
11/13/80,12.555740141645533
11/14/80,12.55135040643298
11/15/80,12.546963739624273
11/16/80,12.542580138003334
11/17/80,12.53819959835849
11/18/80,12.533822117482751
11/19/80,12.529447692173456
11/20/80,12.525076319232431
11/21/80,12.52070799546603
11/22/80,12.516342717685003
11/23/80,12.511980482704521
11/24/80,12.507621287344284
11/25/80,12.503265128428387
11/26/80,12.498912002785257
11/27/80,12.49456190724787
11/28/80,12.490214838653557
11/29/80,12.485870793844022
11/30/80,12.481529769665345
12/1/80,12.464267697998999
12/2/80,12.44169923106011
12/3/80,12.41915161696765
12/4/80,12.396624826833458
12/5/80,12.374118831822756
12/6/80,12.351633603153944
12/7/80,12.329169112098604
12/8/80,12.306725329981138
12/9/80,12.284302228178934
12/10/80,12.261899778121975
12/11/80,12.239517951292989
12/12/80,12.217156719227074
12/13/80,12.194816053511692
12/14/80,12.17249592578662
12/15/80,12.150196307743698
12/16/80,12.12791717
12/17/80,12.105658487731596
12/18/80,12.083420229405629
12/19/80,12.061202368048018
12/20/80,12.039004875609471
12/21/80,12.016827724091982
12/22/80,11.994670885548931
12/23/80,11.972534332084894
12/24/80,11.950418035855414
12/25/80,11.928321969067035
12/26/80,11.906246103977058
12/27/80,11.884190412893592
12/28/80,11.862154868175212
12/29/80,11.840139442231102
12/30/80,11.818144107520624
12/31/80,11.796168836553633
1/1/81,11.77421360188986
1/2/81,11.760563380281685
1/3/81,11.746925593143143
1/4/81,11.733300223491439
1/5/81,11.719687254374712
1/6/81,11.706086668871961
1/7/81,11.692498450092991
1/8/81,11.67892258117822
1/9/81,11.66535904529875
1/10/81,11.651807825656268
1/11/81,11.638268905482917
1/12/81,11.624742268041267
1/13/81,11.61122789662421
1/14/81,11.597725774555045
1/15/81,11.584235885187177
1/16/81,11.570758211904163
1/17/81,11.55729273811974
1/18/81,11.543839447277527
1/19/81,11.530398322851143
1/20/81,11.516969348344164
1/21/81,11.503552507289827
1/22/81,11.490147783251237
1/23/81,11.476755159821096
1/24/81,11.463374620621769
1/25/81,11.450006149305135
1/26/81,11.436649729552517
1/27/81,11.423305345074741
1/28/81,11.409972979611904
1/29/81,11.396652616933345
1/30/81,11.38334424083769
1/31/81,11.370047835152697
2/1/81,11.34844712
2/2/81,11.317242024511165
2/3/81,11.28606960522134
2/4/81,11.254929814395997
2/5/81,11.223822600833188
2/6/81,11.192747913438028
2/7/81,11.161705701222369
2/8/81,11.130695913304622
2/9/81,11.099718498909406
2/10/81,11.068773407367383
2/11/81,11.03786059
2/12/81,11.006979990693333
2/13/81,10.976131564749881
2/14/81,10.945315260036082
2/15/81,10.914531026408225
2/16/81,10.883778813826916
2/17/81,10.853058572356833
2/18/81,10.822370252166325
2/19/81,10.791713803527392
2/20/81,10.761089176815153
2/21/81,10.730496322507733
2/22/81,10.699935191185993
2/23/81,10.66940573353321
2/24/81,10.638907900334814
2/25/81,10.60844164247814
2/26/81,10.578006910952208
2/27/81,10.547603656847372
2/28/81,10.517231831355112
3/1/81,10.486891385767795
3/2/81,10.471014492753628
3/3/81,10.455149100567418
3/4/81,10.439295196717357
3/5/81,10.423452768729668
3/6/81,10.407621804148581
3/7/81,10.391802290536468
3/8/81,10.375994215473616
3/9/81,10.36019756655826
3/10/81,10.344412331406549
3/11/81,10.328638497652577
3/12/81,10.312876052948239
3/13/81,10.297124984963336
3/14/81,10.28138528138529
3/15/81,10.265656929919453
3/16/81,10.249939918288863
3/17/81,10.23423423423424
3/18/81,10.218539865513932
3/19/81,10.202856799903959
3/20/81,10.187185025197977
3/21/81,10.171524529207154
3/22/81,10.155875299760208
3/23/81,10.14023732470335
3/24/81,10.124610591900307
3/25/81,10.10899508923222
3/26/81,10.093390804597702
3/27/81,10.077797725912617
3/28/81,10.062215841110289
3/29/81,10.046645138141375
3/30/81,10.0310856
3/31/81,10.015537229592454
4/1/81,9.999999999999986
4/2/81,9.992595030442653
4/3/81,9.985194933377194
4/4/81,9.977799703996038
4/5/81,9.970409337497932
4/6/81,9.963023829087936
4/7/81,9.955643173977325
4/8/81,9.948267367383789
4/9/81,9.940896404531262
4/10/81,9.933530280649938
4/11/81,9.926168990976203
4/12/81,9.918812530752819
4/13/81,9.911460895228718
4/14/81,9.904114079659077
4/15/81,9.896772079305261
4/16/81,9.889434889434877
4/17/81,9.882102505321754
4/18/81,9.874774922245866
4/19/81,9.867452135493359
4/20/81,9.860134140356603
4/21/81,9.852820932134087
4/22/81,9.845512506130461
4/23/81,9.838208857656493
4/24/81,9.830909982029068
4/25/81,9.823615874571278
4/26/81,9.816326530612262
4/27/81,9.809041945487195
4/28/81,9.801762114537427
4/29/81,9.794487033
4/30/81,9.787216697
5/1/81,9.7799511
5/2/81,9.772539126
5/3/81,9.765132408575017
5/4/81,9.757730943470545
5/5/81,9.750334724738142
5/6/81,9.742943746801558
5/7/81,9.735558004
5/8/81,9.728177491050705
5/9/81,9.720802202
5/10/81,9.713432131766186
5/11/81,9.706067274441988
5/12/81,9.698707624621905
5/13/81,9.691353176784734
5/14/81,9.684003925417063
5/15/81,9.676659865013338
5/16/81,9.669320990075715
5/17/81,9.661987295114095
5/18/81,9.654658774646219
5/19/81,9.647335423
5/20/81,9.640017235301013
5/21/81,9.632704205497689
5/22/81,9.625396328336011
5/23/81,9.618093598372202
5/24/81,9.61079601
5/25/81,9.603503558301373
5/26/81,9.596216237
5/27/81,9.588934041888075
5/28/81,9.581656967
5/29/81,9.574385005857078
5/30/81,9.567118154494715
5/31/81,9.559856407054767
6/1/81,9.552599758162028
6/2/81,9.592906086255537
6/3/81,9.633212414349046
6/4/81,9.673518742442555
6/5/81,9.713825070536064
6/6/81,9.754131398629573
6/7/81,9.794437726723082
6/8/81,9.834744054816591
6/9/81,9.875050383
6/10/81,9.915356711003609
6/11/81,9.955663039097118
6/12/81,9.995969367190627
6/13/81,10.036275695284157
6/14/81,10.076582023377668
6/15/81,10.116888351471175
6/16/81,10.157194679564686
6/17/81,10.197501007658193
6/18/81,10.237807335751704
6/19/81,10.278113663845211
6/20/81,10.318419991938722
6/21/81,10.358726320032229
6/22/81,10.39903264812574
6/23/81,10.439338976219247
6/24/81,10.479645304312758
6/25/81,10.519951632406265
6/26/81,10.560257960499776
6/27/81,10.600564288593283
6/28/81,10.640870616686815
6/29/81,10.681176944780324
6/30/81,10.721483272873833
7/1/81,10.761789600967342
7/2/81,10.763171235814827
7/3/81,10.76455222425825
7/4/81,10.76593256675109
7/5/81,10.767312263746543
7/6/81,10.768691315697199
7/7/81,10.770069723055343
7/8/81,10.771447486272812
7/9/81,10.772824605801045
7/10/81,10.774201082090995
7/11/81,10.775576915593277
7/12/81,10.776952106757975
7/13/81,10.778326656034842
7/14/81,10.779700563873229
7/15/81,10.781073830721976
7/16/81,10.782446457029593
7/17/81,10.783818443244076
7/18/81,10.785189789813131
7/19/81,10.786560497183917
7/20/81,10.787930565803272
7/21/81,10.789299996117553
7/22/81,10.790668788572733
7/23/81,10.792036943614413
7/24/81,10.793404461687683
7/25/81,10.794771343237276
7/26/81,10.796137588707477
7/27/81,10.797503198542246
7/28/81,10.798868173185006
7/29/81,10.800232513078868
7/30/81,10.801596218666454
7/31/81,10.802959290390056
8/1/81,10.80432172869148
8/2/81,10.809136662795215
8/3/81,10.813948987885592
8/4/81,10.818758706082665
8/5/81,10.823565819504077
8/6/81,10.82837033026529
8/7/81,10.833172240479394
8/8/81,10.837971552257276
8/9/81,10.842768267707402
8/10/81,10.847562388936115
8/11/81,10.852353918047353
8/12/81,10.857142857142854
8/13/81,10.861929208322074
8/14/81,10.86671297368218
8/15/81,10.871494155318096
8/16/81,10.876272755322436
8/17/81,10.881048775785619
8/18/81,10.88582221879577
8/19/81,10.890593086438805
8/20/81,10.895361380798274
8/21/81,10.900127103955626
8/22/81,10.904890257989997
8/23/81,10.909650844978259
8/24/81,10.914408866995085
8/25/81,10.919164326112885
8/26/81,10.92391722440189
8/27/81,10.928667563930027
8/28/81,10.933415346763041
8/29/81,10.938160574964439
8/30/81,10.942903250595549
8/31/81,10.947643375715433
9/1/81,10.952380952380958
9/2/81,10.925103141859726
9/3/81,10.897842639593925
9/4/81,10.870599429115124
9/5/81,10.843373493975905
9/6/81,10.816164817749607
9/7/81,10.788973384030442
9/8/81,10.761799176433318
9/9/81,10.734642178594033
9/10/81,10.707502374169064
9/11/81,10.680379746835445
9/12/81,10.653274280291058
9/13/81,10.626185958254286
9/14/81,10.599114764464135
9/15/81,10.572060682680151
9/16/81,10.545023696682465
9/17/81,10.518003790271656
9/18/81,10.491000947268713
9/19/81,10.46401515151516
9/20/81,10.43704638687284
9/21/81,10.410094637223999
9/22/81,10.383159886471137
9/23/81,10.356242118537228
9/24/81,10.32934131736527
9/25/81,10.302457466918714
9/26/81,10.275590551181125
9/27/81,10.24874055415619
9/28/81,10.221907459867818
9/29/81,10.195091252359978
9/30/81,10.168291915696791
10/1/81,10.14150943396228
10/2/81,10.123597642137305
10/3/81,10.10569538438142
10/4/81,10.087802653084509
10/5/81,10.069919440644481
10/6/81,10.052045739467408
10/7/81,10.034181541967357
10/8/81,10.016326840566503
10/9/81,9.998481628
10/10/81,9.980645896
10/11/81,9.962819637301767
10/12/81,9.945002845
10/13/81,9.927195510389808
10/14/81,9.909397626900196
10/15/81,9.891609186689942
10/16/81,9.873830182245303
10/17/81,9.856060606060613
10/18/81,9.838300450638071
10/19/81,9.820549708487935
10/20/81,9.802808372128236
10/21/81,9.785076434
10/22/81,9.767353886892405
10/23/81,9.749640723092057
10/24/81,9.731936935233865
10/25/81,9.714242515875426
10/26/81,9.696557457582289
10/27/81,9.678881752927836
10/28/81,9.661215394
10/29/81,9.643558374867833
10/30/81,9.625910686648309
10/31/81,9.608272322439415
11/1/81,9.590643274853793
11/2/81,9.568165874191292
11/3/81,9.545702485778861
11/4/81,9.523253096517891
11/5/81,9.500817693
11/6/81,9.478396263137423
11/7/81,9.455988792902193
11/8/81,9.43359527
11/9/81,9.411215680174223
11/10/81,9.388850011663186
11/11/81,9.366498251068789
11/12/81,9.344160385
11/13/81,9.321836401771154
11/14/81,9.299526287178693
11/15/81,9.277230028724471
11/16/81,9.254947614
11/17/81,9.232679028629075
11/18/81,9.210424261227024
11/19/81,9.188183298441487
11/20/81,9.165956127431985
11/21/81,9.143742735373905
11/22/81,9.121543109458518
11/23/81,9.099357236893058
11/24/81,9.077185105
11/25/81,9.055026701
11/26/81,9.032882011605437
11/27/81,9.010751024827911
11/28/81,8.988633728
11/29/81,8.966530107
11/30/81,8.944440151456611
12/1/81,8.922363847
12/2/81,8.905082212
12/3/81,8.887809616
12/4/81,8.870546052
12/5/81,8.853291512639561
12/6/81,8.836045990742125
12/7/81,8.818809479380473
12/8/81,8.801581971494654
12/9/81,8.784363460032086
12/10/81,8.767153937947514
12/11/81,8.749953398203015
12/12/81,8.732761833768166
12/13/81,8.715579237619696
12/14/81,8.698405602741776
12/15/81,8.681240922
12/16/81,8.664085188770553
12/17/81,8.646938395682113
12/18/81,8.629800535873766
12/19/81,8.612671602366163
12/20/81,8.595551588187167
12/21/81,8.578440486371907
12/22/81,8.561338289962839
12/23/81,8.544244992009498
12/24/81,8.527160585568861
12/25/81,8.510085064
12/26/81,8.493018419488996
12/27/81,8.475960645999624
12/28/81,8.458911736322472
12/29/81,8.441871683550396
12/30/81,8.424840480783491
12/31/81,8.407818121
1/1/82,8.390804597701141
1/2/82,8.365765966121796
1/3/82,8.340744034
1/4/82,8.315738785791016
1/5/82,8.290750203658437
1/6/82,8.265778271330749
1/7/82,8.240822972172879
1/8/82,8.215884289572006
1/9/82,8.190962206937357
1/10/82,8.166056707700275
1/11/82,8.141167775314106
1/12/82,8.116295393
1/13/82,8.091439545018098
1/14/82,8.066600214124865
1/15/82,8.041777384115733
1/16/82,8.016971038553766
1/17/82,7.992181161023826
1/18/82,7.9674077351325145
1/19/82,7.942650744508306
1/20/82,7.917910172801279
1/21/82,7.893186003683228
1/22/82,7.868478220847597
1/23/82,7.843786808009412
1/24/82,7.819111748905305
1/25/82,7.7944530272934465
1/26/82,7.769810626953455
1/27/82,7.745184531686489
1/28/82,7.720574725315088
1/29/82,7.695981191683199
1/30/82,7.671403914656083
1/31/82,7.646842878120386
2/1/82,7.622298065984068
2/2/82,7.592005849378491
2/3/82,7.561728395061729
2/4/82,7.5314656922452095
2/5/82,7.5012177301509775
2/6/82,7.4709844980115125
2/7/82,7.440765985069753
2/8/82,7.410562180579183
2/9/82,7.380373073803725
2/10/82,7.350198654
2/11/82,7.320038910505833
2/12/82,7.289893832563421
2/13/82,7.259763409496012
2/14/82,7.229647630619684
2/15/82,7.199546485260755
2/16/82,7.169459962756042
2/17/82,7.139388052452644
2/18/82,7.109330743708009
2/19/82,7.0792880258899515
2/20/82,7.049259888376591
2/21/82,7.019246320556349
2/22/82,6.989247311827973
2/23/82,6.959262851600401
2/24/82,6.929292929292941
2/25/82,6.899337534335115
2/26/82,6.869396656166704
2/27/82,6.839470284237725
2/28/82,6.809558408008409
3/1/82,6.779661016949157
3/2/82,6.770890273678076
3/3/82,6.762123365030792
3/4/82,6.753360288493071
3/5/82,6.744601041552856
3/6/82,6.735845621700354
3/7/82,6.727094026427882
3/8/82,6.718346253229979
3/9/82,6.709602299603401
3/10/82,6.700862163047039
3/11/82,6.692125841062024
3/12/82,6.683393331151599
3/13/82,6.674664630821248
3/14/82,6.665939737578608
3/15/82,6.657218648933472
3/16/82,6.6485013623978295
3/17/82,6.639787875485803
3/18/82,6.631078185713757
3/19/82,6.622372290600165
3/20/82,6.613670187665632
3/21/82,6.604971874432963
3/22/82,6.5962773484271375
3/23/82,6.587586607175244
3/24/82,6.578899648206593
3/25/82,6.570216469052559
3/26/82,6.561537067246692
3/27/82,6.552861440324764
3/28/82,6.544189585824567
3/29/82,6.535521501286112
3/30/82,6.526857184251522
3/31/82,6.518196632265072
4/1/82,6.509539842873191
4/2/82,6.515315854433945
4/3/82,6.521088842357181
4/4/82,6.526858809016511
4/5/82,6.532625756783039
4/6/82,6.5383896880254255
4/7/82,6.544150605109822
4/8/82,6.54990851
4/9/82,6.555663406257017
4/10/82,6.561415295039752
4/11/82,6.567164179104479
4/12/82,6.572910060805026
4/13/82,6.578652942492735
4/14/82,6.584392827
4/15/82,6.5901297152229255
4/16/82,6.595863610955854
4/17/82,6.601594516
4/18/82,6.607322432865281
4/19/82,6.613047363717617
4/20/82,6.618769310948158
4/21/82,6.624488276888729
4/22/82,6.630204263868733
4/23/82,6.635917274215153
4/24/82,6.641627310252507
4/25/82,6.647334374302938
4/26/82,6.653038468686123
4/27/82,6.658739595719387
4/28/82,6.664437757717612
4/29/82,6.6701329569932355
4/30/82,6.675825195856366
5/1/82,6.681514476614692
5/2/82,6.693959635136082
5/3/82,6.706397644862494
5/4/82,6.718828511951758
5/5/82,6.731252242554708
5/6/82,6.743668843
5/7/82,6.756078318869685
5/8/82,6.768480676848054
5/9/82,6.780875922872909
5/10/82,6.793264063059823
5/11/82,6.805645103517466
5/12/82,6.818019050347335
5/13/82,6.830385909644154
5/14/82,6.842745687495522
5/15/82,6.855098389982128
5/16/82,6.867444023177627
5/17/82,6.879782593148831
5/18/82,6.892114105955538
5/19/82,6.904438567650639
5/20/82,6.9167559842800985
5/21/82,6.929066361882996
5/22/82,6.941369706491463
5/23/82,6.953666024130811
5/24/82,6.965955320819361
5/25/82,6.978237602568704
5/26/82,6.9905128753834145
5/27/82,7.002781145261361
5/28/82,7.015042418193507
5/29/82,7.027296700163932
5/30/82,7.0395439971499885
5/31/82,7.051784315122189
6/1/82,7.064017660044164
6/2/82,7.043030525928651
6/3/82,7.022058824
6/4/82,7.001102535832415
6/5/82,6.980161645848626
6/6/82,6.959236136614022
6/7/82,6.938325991
6/8/82,6.917431193
6/9/82,6.896551724137945
6/10/82,6.875687568756894
6/11/82,6.854838709677447
6/12/82,6.834005130084297
6/13/82,6.813186813186811
6/14/82,6.792383742218977
6/15/82,6.771595900439253
6/16/82,6.750823271130635
6/17/82,6.730065837600585
6/18/82,6.709323583180993
6/19/82,6.688596491228083
6/20/82,6.667884545122393
6/21/82,6.647187728
6/22/82,6.626506024096379
6/23/82,6.605839416
6/24/82,6.585187887632271
6/25/82,6.564551422319487
6/26/82,6.543930003645659
6/27/82,6.523323615
6/28/82,6.502732240437159
6/29/82,6.482155863073569
6/30/82,6.461594466690945
7/1/82,6.4410480349345045
7/2/82,6.421856846
7/3/82,6.402675114396339
7/4/82,6.383502833
7/5/82,6.364339994
7/6/82,6.3451865921001716
7/7/82,6.326042619030892
7/8/82,6.306908068
7/9/82,6.287782932658503
7/10/82,6.268667205453471
7/11/82,6.249560879645899
7/12/82,6.230463948301912
7/13/82,6.211376404494384
7/14/82,6.192298241303051
7/15/82,6.1732294518144215
7/16/82,6.154170029121775
7/17/82,6.135119966325253
7/18/82,6.116079256531659
7/19/82,6.097047892854657
7/20/82,6.078025868414594
7/21/82,6.059013176338657
7/22/82,6.040009809760738
7/23/82,6.021015761821369
7/24/82,6.0020310256679865
7/25/82,5.983055594454556
7/26/82,5.964089461341926
7/27/82,5.945132619497517
7/28/82,5.926185062095501
7/29/82,5.907246782316733
7/30/82,5.888317773348728
7/31/82,5.869398028385664
8/1/82,5.850487540628402
8/2/82,5.824191181608551
8/3/82,5.7979113548251915
8/4/82,5.771648044692723
8/5/82,5.745401235645242
8/6/82,5.719170912136229
8/7/82,5.692957058638859
8/8/82,5.666759659645715
8/9/82,5.640578699668808
8/10/82,5.6144141632397115
8/11/82,5.588266034909251
8/12/82,5.562134299247701
8/13/82,5.536018941
8/14/82,5.509919944309094
8/15/82,5.483837294269112
8/16/82,5.4577709753722115
8/17/82,5.431720972285015
8/18/82,5.405687269693393
8/19/82,5.379669852
8/20/82,5.353668704836023
8/21/82,5.3276838120376535
8/22/82,5.301715158669551
8/23/82,5.275762729513045
8/24/82,5.249826509368494
8/25/82,5.223906483055263
8/26/82,5.198002635411592
8/27/82,5.172114951294771
8/28/82,5.146243415580809
8/29/82,5.120388013164745
8/30/82,5.094548728960313
8/31/82,5.068725547900166
9/1/82,5.042918455
9/2/82,5.046134039053007
9/3/82,5.049349163209826
9/4/82,5.052563828
9/5/82,5.055778032036629
9/6/82,5.058991776903832
9/7/82,5.062205062
9/8/82,5.065417888038892
9/9/82,5.068630254503859
9/10/82,5.071842161698492
9/11/82,5.075053609721225
9/12/82,5.078264598670579
9/13/82,5.081475128644941
9/14/82,5.084685199742722
9/15/82,5.087894812
9/16/82,5.091103965702026
9/17/82,5.094312660760214
9/18/82,5.0975208973351505
9/19/82,5.100728675525068
9/20/82,5.103935995428244
9/21/82,5.107142857142866
9/22/82,5.1103492607670775
9/23/82,5.1135552063990675
9/24/82,5.116760694136979
9/25/82,5.119965724078845
9/26/82,5.123170296322743
9/27/82,5.1263744109667275
9/28/82,5.129578068108787
9/29/82,5.132781267846953
9/30/82,5.135984010279082
10/1/82,5.139186295503206
10/2/82,5.121386884000412
10/3/82,5.103591160220988
10/4/82,5.085799123
10/5/82,5.068010771249054
10/6/82,5.050226103766087
10/7/82,5.032445119425644
10/8/82,5.0146678170836845
10/9/82,4.996894195596657
10/10/82,4.979124253821454
10/11/82,4.9613579906155225
10/12/82,4.943595404836643
10/13/82,4.9258364953432165
10/14/82,4.908081260994046
10/15/82,4.890329700648355
10/16/82,4.872581813165966
10/17/82,4.854837597407058
10/18/82,4.837097052232386
10/19/82,4.819360176503018
10/20/82,4.801626969080686
10/21/82,4.783897428827477
10/22/82,4.7661715546059025
10/23/82,4.748449345279115
10/24/82,4.7307307997105585
10/25/82,4.713015916764274
10/26/82,4.695304695304703
10/27/82,4.677597134196754
10/28/82,4.659893232305823
10/29/82,4.6421929884978175
10/30/82,4.624496401639067
10/31/82,4.606803470596343
11/1/82,4.589114194236932
11/2/82,4.563724967097071
11/3/82,4.538341158059467
11/4/82,4.512962765
11/5/82,4.487589787355084
11/6/82,4.462222222222234
11/7/82,4.436860068259385
11/8/82,4.4115033237353884
11/9/82,4.386151987
11/10/82,4.360806056082733
11/11/82,4.335465529495375
11/12/82,4.310130405429402
11/13/82,4.284800682157308
11/14/82,4.259476357952319
11/15/82,4.234157431
11/16/82,4.208843899840176
11/17/82,4.183535762483137
11/18/82,4.158233017293411
11/19/82,4.132935662547932
11/20/82,4.107643696524299
11/21/82,4.082357118
11/22/82,4.057075923756792
11/23/82,4.031800113571826
11/24/82,4.0065296852265675
11/25/82,3.9812646370023463
11/26/82,3.956004967181115
11/27/82,3.930750674045691
11/28/82,3.905501755879537
11/29/82,3.8802582109668693
11/30/82,3.855020038
12/1/82,3.8297872340425476
12/2/82,3.8259616374429317
12/3/82,3.822136828381262
12/4/82,3.818312806614288
12/5/82,3.814489571899027
12/6/82,3.8106671239924506
12/7/82,3.8068454626517534
12/8/82,3.803024587634174
12/9/82,3.7992044986970175
12/10/82,3.795385195597767
12/11/82,3.7915666780939272
12/12/82,3.787748945943159
12/13/82,3.7839319989032116
12/14/82,3.780115836731879
12/15/82,3.776300459187154
12/16/82,3.7724858660270533
12/17/82,3.7686720570097254
12/18/82,3.764859031893386
12/19/82,3.7610467904364064
12/20/82,3.7572353323971575
12/21/82,3.7534246575342323
12/22/82,3.7496147656062684
12/23/82,3.745805656
12/24/82,3.7419973295901965
12/25/82,3.738189785019852
12/26/82,3.734383022419996
12/27/82,3.730577041549732
12/28/82,3.726771842168297
12/29/82,3.7229674240350397
12/30/82,3.719163786909352
12/31/82,3.715360930550826
1/1/83,3.711558854718988
1/2/83,3.7043371186208596
1/3/83,3.6971168644618357
1/4/83,3.6898980917857926
1/5/83,3.682680800136784
1/6/83,3.675464989059085
1/7/83,3.6682506580971497
1/8/83,3.661037806795675
1/9/83,3.653826434699403
1/10/83,3.646616541353387
1/11/83,3.6394081263028344
1/12/83,3.6322011890931316
1/13/83,3.6249957292698864
1/14/83,3.6177917463787956
1/15/83,3.6105892399658446
1/16/83,3.603388209577152
1/17/83,3.5961886547590582
1/18/83,3.5889905750580597
1/19/83,3.58179397
1/20/83,3.574598839194265
1/21/83,3.5674051821254382
1/22/83,3.560212998361556
1/23/83,3.5530222874500916
1/24/83,3.5458330489386514
1/25/83,3.538645282375019
1/26/83,3.5314589873072455
1/27/83,3.524274163283425
1/28/83,3.5170908098519416
1/29/83,3.5099089265614003
1/30/83,3.5027285129604513
1/31/83,3.4955495685980553
2/1/83,3.488372093023262
2/2/83,3.4922792313210493
2/3/83,3.4961866646530337
2/4/83,3.5000943930526773
2/5/83,3.504002416553398
2/6/83,3.507910735188613
2/7/83,3.511819348991785
2/8/83,3.515728257996309
2/9/83,3.5196374622356474
2/10/83,3.5235469617432846
2/11/83,3.527456756552616
2/12/83,3.531366846697148
2/13/83,3.535277232210321
2/14/83,3.5391879131255966
2/15/83,3.5430988894764814
2/16/83,3.5470101612964378
2/17/83,3.5509217286189276
2/18/83,3.554833591
2/19/83,3.5587457499055786
2/20/83,3.562658203936686
2/21/83,3.5665709536043533
2/22/83,3.5704839989420867
2/23/83,3.5743973399833706
2/24/83,3.5783109767617782
2/25/83,3.5822249093107716
2/26/83,3.586139137663924
2/27/83,3.590053661854742
2/28/83,3.593968481916776
3/1/83,3.597883598
3/2/83,3.6076316597836167
3/3/83,3.6173770603692423
3/4/83,3.627119800730183
3/5/83,3.6368598819555897
3/6/83,3.646597305133903
3/7/83,3.6563320713530523
3/8/83,3.666064181700368
3/9/83,3.675793637262581
3/10/83,3.6855204391258445
3/11/83,3.695244588375668
3/12/83,3.7049660860970057
3/13/83,3.714684933374235
3/14/83,3.7244011312910885
3/15/83,3.734114680930789
3/16/83,3.7438255833758927
3/17/83,3.753533839708445
3/18/83,3.763239451009781
3/19/83,3.7729424183607474
3/20/83,3.7826427428415688
3/21/83,3.7923404255318927
3/22/83,3.8020354675107892
3/23/83,3.811727869856707
3/24/83,3.821417633647539
3/25/83,3.8311047599605352
3/26/83,3.8407892498724117
3/27/83,3.850471104
3/28/83,3.860150324796763
3/29/83,3.8698269119597395
3/30/83,3.879500867022534
3/31/83,3.889172191058976
4/1/83,3.898840885142252
4/2/83,3.8870746866111805
4/3/83,3.875315922493683
4/4/83,3.863564586
4/5/83,3.8518206693327617
4/6/83,3.8400841662282748
4/7/83,3.8283550694152346
4/8/83,3.816633371885181
4/9/83,3.8049190666386234
4/10/83,3.793212146684888
4/11/83,3.7815126050420034
4/12/83,3.769820434736948
4/13/83,3.7581356288053813
4/14/83,3.746458180291734
4/15/83,3.734788082249252
4/16/83,3.723125327739907
4/17/83,3.711469909834353
4/18/83,3.6998218216119927
4/19/83,3.688181056160933
4/20/83,3.6765476065779845
4/21/83,3.664921465968596
4/22/83,3.653302627446875
4/23/83,3.6416910841356342
4/24/83,3.6300868291662347
4/25/83,3.6184898556787193
4/26/83,3.606900156821724
4/27/83,3.5953177257525226
4/28/83,3.5837425556368263
4/29/83,3.5721746396490506
4/30/83,3.5606139709721374
5/1/83,3.549060542797511
5/2/83,3.5173342308987054
5/3/83,3.4856335374470193
5/4/83,3.453958431
5/5/83,3.422308881866476
5/6/83,3.3906848578533655
5/7/83,3.3590863285186456
5/8/83,3.327513263
5/9/83,3.2959656306638996
5/10/83,3.264443400657613
5/11/83,3.2329465423569737
5/12/83,3.2014750251424973
5/13/83,3.170028818443793
5/14/83,3.1386078917398086
5/15/83,3.1072122145583636
5/16/83,3.0758417564763496
5/17/83,3.0444964871194413
5/18/83,3.013176376162119
5/19/83,2.9818813933275345
5/20/83,2.9506115083873574
5/21/83,2.919366691161729
5/22/83,2.888146911519196
5/23/83,2.856952139376534
5/24/83,2.8257823446987462
5/25/83,2.794637497498842
5/26/83,2.7635175678378587
5/27/83,2.732422525824729
5/28/83,2.701352341616148
5/29/83,2.6703069854165262
5/30/83,2.6392864274778605
5/31/83,2.608290638099664
6/1/83,2.577319587628857
6/2/83,2.5734409895207033
6/3/83,2.5695637238062563
6/4/83,2.565687789799087
6/5/83,2.561813186813189
6/6/83,2.5579399141630876
6/7/83,2.5540679711637537
6/8/83,2.5501973571306014
6/9/83,2.5463280713795333
6/10/83,2.542460113226963
6/11/83,2.538593481989704
6/12/83,2.5347281769850794
6/13/83,2.5308641975308577
6/14/83,2.5270015429453174
6/15/83,2.523140212547137
6/16/83,2.5192802056555275
6/17/83,2.5154215215901443
6/18/83,2.5115641596710647
6/19/83,2.507708119218921
6/20/83,2.503853399554723
6/21/83,2.5000000000000133
6/22/83,2.4961479198767345
6/23/83,2.4922971585073617
6/24/83,2.488447715214792
6/25/83,2.4845995893223893
6/26/83,2.480752780153983
6/27/83,2.4769072870338693
6/28/83,2.4730631092868105
6/29/83,2.4692202462380353
6/30/83,2.465378697213194
7/1/83,2.4615384615384706
7/2/83,2.464683891884767
7/3/83,2.4678289060173997
7/4/83,2.4709735040190584
7/5/83,2.474117685972277
7/6/83,2.477261451959656
7/7/83,2.480404802063707
7/8/83,2.4835477363669423
7/9/83,2.4866902549518954
7/10/83,2.4898323579010118
7/11/83,2.4929740452967586
7/12/83,2.4961153172215367
7/13/83,2.4992561737578134
7/14/83,2.502396614987945
7/15/83,2.505536640994288
7/16/83,2.5086762518591987
7/17/83,2.511815447665011
7/18/83,2.514954228493993
7/19/83,2.518092594428478
7/20/83,2.521230546
7/21/83,2.5243680819428516
7/22/83,2.527505203687186
7/23/83,2.530641910865894
7/24/83,2.5337782035611545
7/25/83,2.536914081855124
7/26/83,2.540049545829892
7/27/83,2.5431845955675936
7/28/83,2.546319231150318
7/29/83,2.5494534526600887
7/30/83,2.5525872601789734
7/31/83,2.5557206537889954
8/1/83,2.5588536335721557
8/2/83,2.568589256825926
8/3/83,2.5783235944669913
8/4/83,2.588056646750081
8/5/83,2.5977884139296803
8/6/83,2.6075188962603635
8/7/83,2.6172480939964826
8/8/83,2.626976007392501
8/9/83,2.636702636702637
8/10/83,2.6464279821811543
8/11/83,2.6561520440822273
8/12/83,2.6658748226599194
8/13/83,2.6755963181683162
8/14/83,2.685316530861348
8/15/83,2.6950354609929006
8/16/83,2.7047531088168375
8/17/83,2.714469474586889
8/18/83,2.724184558556786
8/19/83,2.7338983609801026
8/20/83,2.743610882110481
8/21/83,2.7533221222013404
8/22/83,2.763032081506145
8/23/83,2.7727407602782694
8/24/83,2.782448158770978
8/25/83,2.792154277237513
8/26/83,2.801859115931049
8/27/83,2.8115626751046507
8/28/83,2.821264955011382
8/29/83,2.8309659559041522
8/30/83,2.840665678035914
8/31/83,2.8503641216594655
9/1/83,2.860061287027582
9/2/83,2.859769175773663
9/3/83,2.8594771241829964
9/4/83,2.8591851322373074
9/5/83,2.858893199918322
9/6/83,2.858601327207766
9/7/83,2.858309514087387
9/8/83,2.8580177605389334
9/9/83,2.8577260665441973
9/10/83,2.8574344320849043
9/11/83,2.857142857142847
9/12/83,2.8568513416998176
9/13/83,2.8565598857376084
9/14/83,2.8562684892379897
9/15/83,2.855977152182776
9/16/83,2.8556858745537816
9/17/83,2.8553946563328436
9/18/83,2.8551034975017764
9/19/83,2.8548123980424167
9/20/83,2.854521357936579
9/21/83,2.854230377166145
9/22/83,2.8539394557129727
9/23/83,2.8536485935588995
9/24/83,2.8533577906858287
9/25/83,2.853067047075597
9/26/83,2.852776363
9/27/83,2.8524857375713086
9/28/83,2.8521951716410365
9/29/83,2.8519046649011948
9/30/83,2.851614217333731
10/1/83,2.851323828920571
10/2/83,2.8646517739815858
10/3/83,2.8779814705302664
10/4/83,2.8913129189118036
10/5/83,2.9046461194716544
10/6/83,2.917981072555209
10/7/83,2.931317778508058
10/8/83,2.9446562376758356
10/9/83,2.9579964504042433
10/10/83,2.971338417039182
10/11/83,2.9846821379264865
10/12/83,2.9980276134122352
10/13/83,3.0113748438424626
10/14/83,3.0247238295633805
10/15/83,3.0380745709212897
10/16/83,3.0514270682625133
10/17/83,3.064781321933574
10/18/83,3.0781373322809724
10/19/83,3.091495099651409
10/20/83,3.104854624
10/21/83,3.1182159068482207
10/22/83,3.1315789473684186
10/23/83,3.1449437462991003
10/24/83,3.1583103039873883
10/25/83,3.171678620780427
10/26/83,3.1850486970255165
10/27/83,3.198420533
10/28/83,3.211794129261536
10/29/83,3.2251694859474878
10/30/83,3.2385466034755117
10/31/83,3.2519254821934185
11/1/83,3.2653061224489743
11/2/83,3.2827595591236935
11/3/83,3.300217746
11/4/83,3.3176806859942953
11/5/83,3.335148380070785
11/6/83,3.352620830496944
11/7/83,3.3700980392156854
11/8/83,3.387580008171054
11/9/83,3.4050667393080936
11/10/83,3.422558234572959
11/11/83,3.4400544959128254
11/12/83,3.457555525275935
11/13/83,3.4750613246115947
11/14/83,3.4925718958702445
11/15/83,3.510087241003279
11/16/83,3.527607361963203
11/17/83,3.545132260703565
11/18/83,3.562661939179046
11/19/83,3.580196399345348
11/20/83,3.5977356431591945
11/21/83,3.615279672578442
11/22/83,3.632828489562012
11/23/83,3.6503820960698707
11/24/83,3.667940494063071
11/25/83,3.6855036855036882
11/26/83,3.7030716723549517
11/27/83,3.7206444565811125
11/28/83,3.7382220401474653
11/29/83,3.7558044250204814
11/30/83,3.7733916131676093
12/1/83,3.7909836065573854
12/2/83,3.8039526736730833
12/3/83,3.8169200264375425
12/4/83,3.8298856651906688
12/5/83,3.8428495902722792
12/6/83,3.855811802
12/7/83,3.8687723007797103
12/8/83,3.881731086884721
12/9/83,3.8946881606765515
12/10/83,3.9076435224945527
12/11/83,3.920597172678053
12/12/83,3.933549111566159
12/13/83,3.946499339498022
12/14/83,3.959447856812637
12/15/83,3.9723946638489105
12/16/83,3.985339760945661
12/17/83,3.998283148441617
12/18/83,4.0112248266754635
12/19/83,4.024164795985752
12/20/83,4.037103057
12/21/83,4.050039609189349
12/22/83,4.062974453759316
12/23/83,4.075907590759087
12/24/83,4.088839020526702
12/25/83,4.101768743400225
12/26/83,4.114696759717562
12/27/83,4.127623069816555
12/28/83,4.140547674034978
12/29/83,4.1534705727104715
12/30/83,4.166391766180655
12/31/83,4.179311254782969
1/1/84,4.192229038854811
1/2/84,4.205283815429284
1/3/84,4.218337730870725
1/4/84,4.231390785264333
1/5/84,4.244442978695351
1/6/84,4.257494311248888
1/7/84,4.270544783010166
1/8/84,4.283594394064294
1/9/84,4.296643144
1/10/84,4.309691034391805
1/11/84,4.322738063835407
1/12/84,4.335784233
1/13/84,4.348829541707877
1/14/84,4.3618739903069415
1/15/84,4.374917578794668
1/16/84,4.387960307256122
1/17/84,4.4010021757763695
1/18/84,4.414043184
1/19/84,4.427083333333348
1/20/84,4.440122622540144
1/21/84,4.453161052145815
1/22/84,4.466198622235407
1/23/84,4.479235332893872
1/24/84,4.492271184206209
1/25/84,4.505306176257351
1/26/84,4.518340309132252
1/27/84,4.531373583
1/28/84,4.5444059976931905
1/29/84,4.557437553549071
1/30/84,4.570468250568416
1/31/84,4.583498088836158
2/1/84,4.596527068437184
2/2/84,4.603571554365815
2/3/84,4.6106160402944685
2/4/84,4.617660526
2/5/84,4.624705012151731
2/6/84,4.631749498080362
2/7/84,4.638793984009015
2/8/84,4.6458384699376465
2/9/84,4.652882956
2/10/84,4.659927441794931
2/11/84,4.666971927723584
2/12/84,4.674016413652193
2/13/84,4.681060899580847
2/14/84,4.688105385509478
2/15/84,4.695149871438131
2/16/84,4.702194357366762
2/17/84,4.709238843295416
2/18/84,4.716283329224047
2/19/84,4.723327815152678
2/20/84,4.730372301081309
2/21/84,4.737416787009963
2/22/84,4.744461272938594
2/23/84,4.751505758867247
2/24/84,4.758550244795878
2/25/84,4.7655947307245095
2/26/84,4.772639216653163
2/27/84,4.779683702581794
2/28/84,4.786728188510425
2/29/84,4.7937726744390785
3/1/84,4.776650415074446
3/2/84,4.768962223759177
3/3/84,4.761277577
3/4/84,4.753596471014232
3/5/84,4.7459189046866745
3/6/84,4.738244875127484
3/7/84,4.730574379893393
3/8/84,4.722907416543332
3/9/84,4.715243982638406
3/10/84,4.707584075742122
3/11/84,4.699927693420092
3/12/84,4.6922748332402175
3/13/84,4.684625492772665
3/14/84,4.676979669589754
3/15/84,4.669337361266157
3/16/84,4.661698565378658
3/17/84,4.654063279506371
3/18/84,4.646431501230519
3/19/84,4.638803228134636
3/20/84,4.631178457804452
3/21/84,4.623557188
3/22/84,4.615939415795167
3/23/84,4.608325139298586
3/24/84,4.600714355932767
3/25/84,4.593107063294455
3/26/84,4.585503258982682
3/27/84,4.5779029405986105
3/28/84,4.570306105745625
3/29/84,4.562712752
3/30/84,4.5551228770574825
3/31/84,4.547536478440106
4/1/84,4.542689109714049
4/2/84,4.531630170316303
4/3/84,4.520575714575292
4/4/84,4.509525739764908
4/5/84,4.498480243161107
4/6/84,4.487439222042133
4/7/84,4.476402673688473
4/8/84,4.465370595382767
4/9/84,4.454342984409787
4/10/84,4.443319838056681
4/11/84,4.432301153612639
4/12/84,4.4212869283690726
4/13/84,4.410277159619658
4/14/84,4.399271844660202
4/15/84,4.388270980788667
4/16/84,4.377274565
4/17/84,4.3662825955124385
4/18/84,4.3552950687146375
4/19/84,4.344311982218629
4/20/84,4.333333333333345
4/21/84,4.322359119369823
4/22/84,4.311389337641347
4/23/84,4.300423985463353
4/24/84,4.289463060153409
4/25/84,4.278506559031281
4/26/84,4.267554479418889
4/27/84,4.256606818640307
4/28/84,4.245663574021785
4/29/84,4.2347247428917045
4/30/84,4.223790322580645
5/1/84,4.223703462851569
5/2/84,4.223291501398019
5/3/84,4.222879620298436
5/4/84,4.22246782
5/5/84,4.222056099067184
5/6/84,4.221644458888529
5/7/84,4.2212328989698955
5/8/84,4.220821419287746
5/9/84,4.220410019818699
5/10/84,4.219998700539285
5/11/84,4.219587461426011
5/12/84,4.2191763024555184
5/13/84,4.218765223604293
5/14/84,4.218354224848997
5/15/84,4.217943306166205
5/16/84,4.217532468
5/17/84,4.217121708924476
5/18/84,4.216711030318776
5/19/84,4.216300431692033
5/20/84,4.215889913020909
5/21/84,4.215479474282002
5/22/84,4.215069115452019
5/23/84,4.214658836507579
5/24/84,4.2142486374253885
5/25/84,4.213838518182134
5/26/84,4.213428478754455
5/27/84,4.213018519119127
5/28/84,4.212608639252835
5/29/84,4.212198839132264
5/30/84,4.2117891187342105
5/31/84,4.2113794780353375
6/1/84,4.207141421585048
6/2/84,4.2065778015942135
6/3/84,4.206014332596619
6/4/84,4.205451015
6/5/84,4.2048878473384566
6/6/84,4.204324830956696
6/7/84,4.203761965325659
6/8/84,4.203199250384837
6/9/84,4.202636686073746
6/10/84,4.202074272331879
6/11/84,4.201512009098796
6/12/84,4.200949896314143
6/13/84,4.200387934
6/14/84,4.199826122
6/15/84,4.199264460046814
6/16/84,4.198702948452238
6/17/84,4.198141587004467
6/18/84,4.197580375643328
6/19/84,4.197019314308625
6/20/84,4.196458402940184
6/21/84,4.195897641477919
6/22/84,4.195337029861701
6/23/84,4.194776568031511
6/24/84,4.194216256
6/25/84,4.193656093
6/26/84,4.193096080656988
6/27/84,4.192536217
6/28/84,4.191976503571193
6/29/84,4.191416939197734
6/30/84,4.190857524190839
7/1/84,4.19411081
7/2/84,4.196933010492332
7/3/84,4.1997546646006745
7/4/84,4.202575772247519
7/5/84,4.205396333591516
7/6/84,4.208216348791405
7/7/84,4.211035818005793
7/8/84,4.213854741393219
7/9/84,4.216673119112135
7/10/84,4.219490951321014
7/11/84,4.222308238178174
7/12/84,4.225124979841954
7/13/84,4.227941176470584
7/14/84,4.230756828222226
7/15/84,4.233571935255043
7/16/84,4.2363864977270405
7/17/84,4.239200515796249
7/18/84,4.2420139896205855
7/19/84,4.244826919357947
7/20/84,4.247639305
7/21/84,4.250451147202883
7/22/84,4.253262445625916
7/23/84,4.256073200592803
7/24/84,4.258883412261194
7/25/84,4.2616930807885645
7/26/84,4.264502206332321
7/27/84,4.267310789049916
7/28/84,4.270118829098646
7/29/84,4.272926327
7/30/84,4.275733281818472
7/31/84,4.278539695
8/1/84,4.274632246435117
8/2/84,4.273944387229656
8/3/84,4.2732567493644735
8/4/84,4.272569332732767
8/5/84,4.271882137227778
8/6/84,4.271195162742836
8/7/84,4.270508409171292
8/8/84,4.269821876406654
8/9/84,4.269135564
8/10/84,4.268449472872193
8/11/84,4.267763601889629
8/12/84,4.267077951288467
8/13/84,4.266392520962503
8/14/84,4.265707311
8/15/84,4.265022320711687
8/16/84,4.264337550574759
8/17/84,4.263653000288947
8/18/84,4.262968669748335
8/19/84,4.262284558847118
8/20/84,4.261600667479626
8/21/84,4.260916995540143
8/22/84,4.260233542923131
8/23/84,4.2595503095230525
8/24/84,4.258867295234436
8/25/84,4.2581845
8/26/84,4.257501923570151
8/27/84,4.256819565983916
8/28/84,4.256137427088014
8/29/84,4.255455506777328
8/30/84,4.254773805
8/31/84,4.254092321491498
9/1/84,4.259755734286563
9/2/84,4.2593328038125655
9/3/84,4.2589099573116185
9/4/84,4.258487194758787
9/5/84,4.258064516129045
9/6/84,4.257641921
9/7/84,4.257219410538848
9/8/84,4.256796983528477
9/9/84,4.256374640341298
9/10/84,4.255952380952377
9/11/84,4.255530205336755
9/12/84,4.255108113469541
9/13/84,4.254686105
9/14/84,4.254264180880596
9/15/84,4.253842340109082
9/16/84,4.2534205829863225
9/17/84,4.252998909487449
9/18/84,4.252577319587636
9/19/84,4.252155813261971
9/20/84,4.251734390485629
9/21/84,4.251313051233785
9/22/84,4.250891795481571
9/23/84,4.250470623204183
9/24/84,4.250049534376865
9/25/84,4.249628528974725
9/26/84,4.249207606973071
9/27/84,4.248786768347035
9/28/84,4.248366013
9/29/84,4.247945341122894
9/30/84,4.247524752475229
10/1/84,4.250766479305068
10/2/84,4.244108066679431
10/3/84,4.237450504534435
10/4/84,4.230793792707055
10/5/84,4.224137931034488
10/6/84,4.217482919353799
10/7/84,4.210828757502227
10/8/84,4.204175445316993
10/9/84,4.197522982635338
10/10/84,4.190871369294613
10/11/84,4.184220605132127
10/12/84,4.1775706899853216
10/13/84,4.1709216236915925
10/14/84,4.164273406088448
10/15/84,4.1576260370133955
10/16/84,4.1509795163039875
10/17/84,4.144333843797843
10/18/84,4.137689019332602
10/19/84,4.131045042745951
10/20/84,4.124401913875597
10/21/84,4.117759632559315
10/22/84,4.111118198634944
10/23/84,4.104477611940283
10/24/84,4.097837872313281
10/25/84,4.091198979591848
10/26/84,4.084560933613912
10/27/84,4.077923734217581
10/28/84,4.071287381240829
10/29/84,4.064651874521807
10/30/84,4.058017213898624
10/31/84,4.051383399209474
11/1/84,4.047956259675245
11/2/84,4.044529346
11/3/84,4.041102657840123
11/4/84,4.037676195494666
11/5/84,4.0342499588341685
11/6/84,4.030823947836404
11/7/84,4.027398162479012
11/8/84,4.023972602739723
11/9/84,4.020547268596264
11/10/84,4.017122160026343
11/11/84,4.013697277007666
11/12/84,4.010272619517985
11/13/84,4.006848187534984
11/14/84,4.003423981036414
11/15/84,4.0000000000000036
11/16/84,3.9965762444034825
11/17/84,3.9931527142245793
11/18/84,3.989729409441045
11/19/84,3.986306330030609
11/20/84,3.982883475971022
11/21/84,3.979460847240057
11/22/84,3.9760384438154217
11/23/84,3.9726162656748665
11/24/84,3.9691943127962093
11/25/84,3.965772585157157
11/26/84,3.9623510827354824
11/27/84,3.9589298055089372
11/28/84,3.9555087534552946
11/29/84,3.9520879265523723
11/30/84,3.948667324777877
12/1/84,3.9288102136330494
12/2/84,3.9153270730542644
12/3/84,3.901849081824249
12/4/84,3.8883762369936736
12/5/84,3.874908535615451
12/6/84,3.861445974744737
12/7/84,3.847988551439019
12/8/84,3.834536262757937
12/9/84,3.821089106
12/10/84,3.807647077519616
12/11/84,3.794210175092938
12/12/84,3.780778396
12/13/84,3.767351735967739
12/14/84,3.7539301934131464
12/15/84,3.740513764963649
12/16/84,3.7271024476967396
12/17/84,3.713696238692288
12/18/84,3.7002951350322055
12/19/84,3.686899133800803
12/20/84,3.673508232084499
12/21/84,3.660122426972001
12/22/84,3.646741715554147
12/23/84,3.633366094924062
12/24/84,3.6199955621770696
12/25/84,3.6066301144106694
12/26/84,3.5932697487246035
12/27/84,3.5799144622208123
12/28/84,3.5665642520034124
12/29/84,3.553219115178785
12/30/84,3.5398790488553766
12/31/84,3.5265440501440315
1/1/85,3.5164904728745894
1/2/85,3.5159340485458435
1/3/85,3.515377800278441
1/4/85,3.5148217279888483
1/5/85,3.5142658315935993
1/6/85,3.513710111009205
1/7/85,3.513154566152288
1/8/85,3.5125991969395143
1/9/85,3.5120440032875955
1/10/85,3.511488985113309
1/11/85,3.510934142333455
1/12/85,3.510379474864922
1/13/85,3.509824982624621
1/14/85,3.5092706655295514
1/15/85,3.5087165234967133
1/16/85,3.508162556443195
1/17/85,3.507608764286152
1/18/85,3.5070551469427613
1/19/85,3.506501704330245
1/20/85,3.5059484363659354
1/21/85,3.5053953429671214
1/22/85,3.5048424240512244
1/23/85,3.5042896795357104
1/24/85,3.5037371093380454
1/25/85,3.5031847133757843
1/26/85,3.5026324915665707
1/27/85,3.502080443828004
1/28/85,3.5015285700778387
1/29/85,3.5009768702338073
1/30/85,3.500425344213731
1/31/85,3.499873991935476
2/1/85,3.508653781399418
2/2/85,3.5156325156325163
2/3/85,3.522610310032026
2/4/85,3.5295871647878174
2/5/85,3.5365630800896497
2/6/85,3.543538056
2/7/85,3.550512093090341
2/8/85,3.5574851911685412
2/9/85,3.564457350551442
2/10/85,3.5714285714285587
2/11/85,3.5783988539894063
2/12/85,3.5853681984233887
2/13/85,3.592336604919888
2/14/85,3.599304073668219
2/15/85,3.6062706048576976
2/16/85,3.6132361986775496
2/17/85,3.6202008553168907
2/18/85,3.627164574964925
2/19/85,3.6341273578107014
2/20/85,3.641089204043202
2/21/85,3.648050113851453
2/22/85,3.6550100874243485
2/23/85,3.6619691249507813
2/24/85,3.668927226619534
2/25/85,3.6758843926194107
2/26/85,3.6828406231391497
2/27/85,3.6897959183673557
2/28/85,3.6967502784926998
3/1/85,3.703703704
3/2/85,3.7031215617239432
3/3/85,3.7025396027156265
3/4/85,3.7019578265925057
3/5/85,3.7013762332684053
3/6/85,3.700794822657172
3/7/85,3.700213594672719
3/8/85,3.699632549229004
3/9/85,3.6990516862400513
3/10/85,3.698471006
3/11/85,3.697890507282775
3/12/85,3.6973101911427886
3/13/85,3.6967300571141726
3/14/85,3.696150105
3/15/85,3.695570335048326
3/16/85,3.6949907468398324
3/17/85,3.6944113404001833
3/18/85,3.6938321156439136
3/19/85,3.6932530724855805
3/20/85,3.692674210839786
3/21/85,3.692095531
3/22/85,3.691517031744551
3/23/85,3.690938714124581
3/24/85,3.690360577676155
3/25/85,3.6897826223141195
3/26/85,3.689204847953409
3/27/85,3.688627254509025
3/28/85,3.688049841896013
3/29/85,3.687472610029441
3/30/85,3.6868955588244656
3/31/85,3.6863186881962884
4/1/85,3.6857419980601547
4/2/85,3.688617334238531
4/3/85,3.6914921127489286
4/4/85,3.694366333753507
4/5/85,3.6972399974145143
4/6/85,3.7001131038940205
4/7/85,3.7029856533540295
4/8/85,3.705857645956523
4/9/85,3.7087290818634155
4/10/85,3.711599961236556
4/11/85,3.7144702842377253
4/12/85,3.7173400510286614
4/13/85,3.720209261770968
4/14/85,3.723077916626294
4/15/85,3.7259460157561763
4/16/85,3.7288135593220195
4/17/85,3.7316805474852943
4/18/85,3.7345469804073383
4/19/85,3.7374128582494226
4/20/85,3.7402781811727515
4/21/85,3.743142949338507
4/22/85,3.7460071629077607
4/23/85,3.748870822041539
4/24/85,3.7517339269008687
4/25/85,3.754596477646599
4/26/85,3.757458474439601
4/27/85,3.7603199174406576
4/28/85,3.763180806810462
4/29/85,3.7660411427097307
4/30/85,3.7689009252990235
5/1/85,3.771760154738879
5/2/85,3.771407180958919
5/3/85,3.771054273237673
5/4/85,3.7707014315566223
5/5/85,3.7703486558972044
5/6/85,3.7699959462409005
5/7/85,3.7696433025692144
5/8/85,3.769290724863583
5/9/85,3.768938213105555
5/10/85,3.7685857672765666
5/11/85,3.7682333873581664
5/12/85,3.767881073
5/13/85,3.767528825179167
5/14/85,3.767176643
5/15/85,3.766824526
5/16/85,3.766472476
5/17/85,3.766120490935143
5/18/85,3.765768572
5/19/85,3.765416718574799
5/20/85,3.765064931020512
5/21/85,3.7647132091922497
5/22/85,3.7643615530715824
5/23/85,3.7640099626401025
5/24/85,3.7636584378794025
5/25/85,3.763306978771075
5/26/85,3.7629555852967567
5/27/85,3.7626042574380625
5/28/85,3.762252995176585
5/29/85,3.761901798493983
5/30/85,3.7615506673718935
5/31/85,3.7611996017919314
6/1/85,3.760848601735778
6/2/85,3.7539371344089245
6/3/85,3.7470274439231233
6/4/85,3.740119529593189
6/5/85,3.7332133907344467
6/6/85,3.7263090266623777
6/7/85,3.7194064366929958
6/8/85,3.712505620142581
6/9/85,3.705606576327769
6/10/85,3.698709304565595
6/11/85,3.6918138041733606
6/12/85,3.684920074468767
6/13/85,3.6780281147698712
6/14/85,3.671137924395085
6/15/85,3.6642495026631527
6/16/85,3.657362848893153
6/17/85,3.6504779624045636
6/18/85,3.6435948425171505
6/19/85,3.636713489
6/20/85,3.6298338998268287
6/21/85,3.6229560756652734
6/22/85,3.6160800153875794
6/23/85,3.6092057183152892
6/24/85,3.602333183770279
6/25/85,3.595462411074779
6/26/85,3.5885933995514208
6/27/85,3.581726148523101
6/28/85,3.5748606573130948
6/29/85,3.5679969252450316
6/30/85,3.5611349516428747
7/1/85,3.5542747358309423
7/2/85,3.547637490317568
7/3/85,3.541001889773532
7/4/85,3.5343679335873235
7/5/85,3.5277356211478317
7/6/85,3.5211049518441673
7/7/85,3.5144759250658186
7/8/85,3.507848540202474
7/9/85,3.5012227966442655
7/10/85,3.4945986937815254
7/11/85,3.487976231004919
7/12/85,3.481355408
7/13/85,3.474736223274233
7/14/85,3.4681186771029937
7/15/85,3.4615027685835464
7/16/85,3.454888497108022
7/17/85,3.4482758620689724
7/18/85,3.441664862859084
7/19/85,3.4350554988714865
7/20/85,3.4284477694994875
7/21/85,3.421841674136794
7/22/85,3.415237212177402
7/23/85,3.408634383015552
7/24/85,3.402033186045794
7/25/85,3.395433620663013
7/26/85,3.3888356862623814
7/27/85,3.3822393822393826
7/28/85,3.3756447079897445
7/29/85,3.3690516629095724
7/30/85,3.3624602463951714
7/31/85,3.3558704578432463
8/1/85,3.349282296650724
8/2/85,3.342592592592597
8/3/85,3.3359049529393614
8/4/85,3.3292193767355815
8/5/85,3.322535863026377
8/6/85,3.3158544108574883
8/7/85,3.3091750192752567
8/8/85,3.3024976873265555
8/9/85,3.295822414058902
8/10/85,3.289149198520347
8/11/85,3.2824780397595843
8/12/85,3.275808936825886
8/13/85,3.269141888769056
8/14/85,3.2624768946395655
8/15/85,3.2558139534883734
8/16/85,3.249153064367105
8/17/85,3.242494226327941
8/18/85,3.235837438423639
8/19/85,3.2291826997075557
8/20/85,3.222530009233604
8/21/85,3.2158793660562957
8/22/85,3.2092307692307642
8/23/85,3.202584217812632
8/24/85,3.1959397108581866
8/25/85,3.189297247424272
8/26/85,3.182656826568264
8/27/85,3.1760184473481834
8/28/85,3.169382108822627
8/29/85,3.1627478100507034
8/30/85,3.1561155500921867
8/31/85,3.149485328007362
9/1/85,3.142857142857136
9/2/85,3.145732152493408
9/3/85,3.148606614613092
9/4/85,3.1514805293725523
9/5/85,3.1543538969281304
9/6/85,3.1572267174361457
9/7/85,3.1600989910527177
9/8/85,3.162970717934077
9/9/85,3.165841898236277
9/10/85,3.1687125321153253
9/11/85,3.1715826197272534
9/12/85,3.1744521612279364
9/13/85,3.177321156773205
9/14/85,3.180189606518913
9/15/85,3.183057510620757
9/16/85,3.1859248692344133
9/17/85,3.188791682515535
9/18/85,3.191657950619642
9/19/85,3.194523673702232
9/20/85,3.1973888519187366
9/21/85,3.2002534854245868
9/22/85,3.2031175743750584
9/23/85,3.2059811189254273
9/24/85,3.2088441192308803
9/25/85,3.2117065754466045
9/26/85,3.2145684877276315
9/27/85,3.217429856229037
9/28/85,3.2202906811057197
9/29/85,3.2231509625126664
9/30/85,3.2260107006046868
10/1/85,3.228869895536568
10/2/85,3.2380602273075487
10/3/85,3.2472505590785072
10/4/85,3.256440891
10/5/85,3.2656312226204687
10/6/85,3.2748215543914494
10/7/85,3.284011886
10/8/85,3.293202217933411
10/9/85,3.3023925497043916
10/10/85,3.3115828814753723
10/11/85,3.320773213246331
10/12/85,3.3299635450173115
10/13/85,3.3391538767882922
10/14/85,3.348344208559273
10/15/85,3.3575345403302537
10/16/85,3.366724872101212
10/17/85,3.375915203872193
10/18/85,3.3851055356431736
10/19/85,3.3942958674141543
10/20/85,3.403486199185135
10/21/85,3.4126765309560936
10/22/85,3.4218668627270743
10/23/85,3.431057194498055
10/24/85,3.4402475262690357
10/25/85,3.4494378580400165
10/26/85,3.458628189810975
10/27/85,3.4678185215819557
10/28/85,3.4770088533529586
10/29/85,3.486199185123917
10/30/85,3.495389516894898
10/31/85,3.5045798486658786
11/1/85,3.5137701804368593
11/2/85,3.5232668566002046
11/3/85,3.5327635327635276
11/4/85,3.542260208926873
11/5/85,3.551756885090218
11/6/85,3.5612535612535634
11/7/85,3.5707502374169087
11/8/85,3.580246913580254
11/9/85,3.589743589743599
11/10/85,3.5992402659069445
11/11/85,3.6087369420702675
11/12/85,3.618233618233613
11/13/85,3.627730294396958
11/14/85,3.6372269705603033
11/15/85,3.6467236467236486
11/16/85,3.656220322886994
11/17/85,3.665716999050339
11/18/85,3.6752136752136844
11/19/85,3.6847103513770074
11/20/85,3.6942070275403527
11/21/85,3.703703704
11/22/85,3.713200379867043
11/23/85,3.7226970560303885
11/24/85,3.7321937321937337
11/25/85,3.741690408357079
11/26/85,3.7511870845204243
11/27/85,3.7606837606837473
11/28/85,3.7701804368470926
11/29/85,3.779677113
11/30/85,3.789173789173783
12/1/85,3.7986704653371284
12/2/85,3.8015009955582935
12/3/85,3.8043311789750955
12/4/85,3.807161015651328
12/5/85,3.809990505650651
12/6/85,3.812819649036836
12/7/85,3.8156484458735207
12/8/85,3.8184768962243876
12/9/85,3.821305000153097
12/10/85,3.8241327577232864
12/11/85,3.826960169
12/12/85,3.8297872340425476
12/13/85,3.8326139529188508
12/14/85,3.8354403256910308
12/15/85,3.838266352422637
12/16/85,3.8410920331772402
12/17/85,3.843917368018368
12/18/85,3.8467423570095027
12/19/85,3.8495670002141935
12/20/85,3.8523912976959007
12/21/85,3.855215249518107
12/22/85,3.858038855744228
12/23/85,3.8608621164377244
12/24/85,3.863685031662012
12/25/85,3.866507601480529
12/26/85,3.8693298259566244
12/27/85,3.8721517051536924
12/28/85,3.8749732391351044
12/29/85,3.877794427964143
12/30/85,3.880615271704224
12/31/85,3.8834357704186084
1/1/86,3.8862559241706007
1/2/86,3.8612045246102067
1/3/86,3.836160782515674
1/4/86,3.811124694376522
1/5/86,3.7860962566844902
1/6/86,3.7610754659333834
1/7/86,3.7360623186192043
1/8/86,3.7110568112400655
1/9/86,3.686058940296233
1/10/86,3.661068702
1/11/86,3.636086093726143
1/12/86,3.6111111111110983
1/13/86,3.586143750953763
1/14/86,3.5611840097650393
1/15/86,3.536231884057961
1/16/86,3.511287370347782
1/17/86,3.486350465151733
1/18/86,3.461421164989331
1/19/86,3.4364994663820703
1/20/86,3.411585365853642
1/21/86,3.3866788599298925
1/22/86,3.3617799451386654
1/23/86,3.3368886180100477
1/24/86,3.312004875076169
1/25/86,3.287128712871268
1/26/86,3.262260128
1/27/86,3.2373991167961025
1/28/86,3.212545676004863
1/29/86,3.187699802100785
1/30/86,3.162861492
1/31/86,3.1380307411353003
2/1/86,3.113207547169816
2/2/86,3.082468669990557
2/3/86,3.0517380759902846
2/4/86,3.021015761821366
2/5/86,2.9903017241379226
2/6/86,2.959595959595962
2/7/86,2.9288984648532024
2/8/86,2.8982092365692713
2/9/86,2.867528271405484
2/10/86,2.8368555660250205
2/11/86,2.806191117
2/12/86,2.775534921275735
2/13/86,2.744886975
2/14/86,2.7142472756625846
2/15/86,2.683615819
2/16/86,2.6529926025554706
2/17/86,2.622377622377625
2/18/86,2.591770875352961
2/19/86,2.5611723581607793
2/20/86,2.530582067482201
2/21/86,2.499999999999991
2/22/86,2.469426152398868
2/23/86,2.438860521365216
2/24/86,2.4083031035872393
2/25/86,2.3777538957549638
2/26/86,2.3472128945601023
2/27/86,2.316680096696211
2/28/86,2.2861554988585997
3/1/86,2.2556390977443552
3/2/86,2.234078026008657
3/3/86,2.2125234891192225
3/4/86,2.190975484105584
3/5/86,2.169434007999027
3/6/86,2.147899057832703
3/7/86,2.1263706306415386
3/8/86,2.104848723462238
3/9/86,2.083333333333326
3/10/86,2.0618244572951028
3/11/86,2.040322092389668
3/12/86,2.0188262356608755
3/13/86,1.9973368841544659
3/14/86,1.9758540349178455
3/15/86,1.954377685000308
3/16/86,1.932907831452857
3/17/86,1.9114444713283163
3/18/86,1.8899876016813089
3/19/86,1.8685372195682115
3/20/86,1.8470933220471997
3/21/86,1.825655906178203
3/22/86,1.8042249690229273
3/23/86,1.7828005076448772
3/24/86,1.7613825191093113
3/25/86,1.739971000483309
3/26/86,1.7185659488356597
3/27/86,1.6971673612369287
3/28/86,1.6757752347595023
3/29/86,1.6543895664774544
3/30/86,1.6330103534667462
3/31/86,1.6116375928049598
4/1/86,1.5902712815715425
4/2/86,1.5869551661781944
4/3/86,1.583639878
4/4/86,1.5803254161211866
4/5/86,1.5770117808389994
4/6/86,1.5736989716422567
4/7/86,1.5703869882220944
4/8/86,1.567075830269804
4/9/86,1.5637654974767878
4/10/86,1.5604559895346481
4/11/86,1.5571473061351648
4/12/86,1.5538394469701622
4/13/86,1.550532411731731
4/14/86,1.547226200112073
4/15/86,1.543920811803523
4/16/86,1.540616246498594
4/17/86,1.537312503889976
4/18/86,1.534009583670426
4/19/86,1.530707485532945
4/20/86,1.5274062091706675
4/21/86,1.5241057542768166
4/22/86,1.520806120544882
4/23/86,1.5175073076683976
4/24/86,1.5142093153410974
4/25/86,1.5109121432568484
4/26/86,1.5076157911097399
4/27/86,1.504320258593883
4/28/86,1.5010255454037003
4/29/86,1.4977316512336136
4/30/86,1.4944385757782896
5/1/86,1.491146318732528
5/2/86,1.5000300607226569
5/3/86,1.5089122005470523
5/4/86,1.517792738639101
5/5/86,1.526671675432012
5/6/86,1.535549011358861
5/7/86,1.5444247468525463
5/8/86,1.5532988823458993
5/9/86,1.5621714182713964
5/10/86,1.5710423550615804
5/11/86,1.5799116931487056
5/12/86,1.5887794329649152
5/13/86,1.597645574942197
5/14/86,1.6065101195123388
5/15/86,1.6153730671070399
5/16/86,1.6242344181577995
5/17/86,1.6330941730959836
5/18/86,1.6419523323527807
5/19/86,1.6508088963592238
5/20/86,1.6596638655462126
5/21/86,1.6685172403445137
5/22/86,1.6773690211846715
5/23/86,1.6862192084971195
5/24/86,1.6950678027121135
5/25/86,1.7039148042597763
5/26/86,1.7127602135701192
5/27/86,1.7216040310728653
5/28/86,1.730446257197693
5/29/86,1.7392868923741256
5/30/86,1.748125937031486
5/31/86,1.7569633915989646
6/1/86,1.7657992565055736
6/2/86,1.7594944551143188
6/3/86,1.7531904348903504
6/4/86,1.7468871956885401
6/5/86,1.7405847373637373
6/6/86,1.7342830597708359
6/7/86,1.727982162764774
6/8/86,1.7216820462005344
6/9/86,1.715382709933122
6/10/86,1.709084153817586
6/11/86,1.702786377708998
6/12/86,1.6964893814624515
6/13/86,1.6901931649331514
6/14/86,1.6838977279762357
6/15/86,1.6776030704469536
6/16/86,1.6713091922005763
6/17/86,1.665016093092353
6/18/86,1.658723772977666
6/19/86,1.6524322317118534
6/20/86,1.6461414691503196
6/21/86,1.6398514851485135
6/22/86,1.6335622795619065
6/23/86,1.627273852246014
6/24/86,1.6209862030563738
6/25/86,1.614699331848568
6/26/86,1.6084132384782013
6/27/86,1.6021279228009444
6/28/86,1.5958433846724907
6/29/86,1.5895596239485554
6/30/86,1.5832766404848764
7/1/86,1.5769944341373021
7/2/86,1.5769000598444105
7/3/86,1.576805696846395
7/4/86,1.576711345141213
7/5/86,1.5766170047268657
7/6/86,1.5765226756012884
7/7/86,1.5764283577624827
7/8/86,1.5763340512084278
7/9/86,1.576239755937081
7/10/86,1.5761454719463996
7/11/86,1.5760511992344073
7/12/86,1.575956937799039
7/13/86,1.5758626876382964
7/14/86,1.5757684487501589
7/15/86,1.5756742211325836
7/16/86,1.575580005
7/17/86,1.5754857997010596
7/18/86,1.5753916058830697
7/19/86,1.5752974233275596
7/20/86,1.575203252032531
7/21/86,1.575109091995941
7/22/86,1.5750149432157912
7/23/86,1.5749208056900388
7/24/86,1.5748266794166854
7/25/86,1.5747325643937105
7/26/86,1.5746384606190933
7/27/86,1.5745443680908355
7/28/86,1.5744502868068944
7/29/86,1.5743562167652492
7/30/86,1.5742621579639238
7/31/86,1.5741681104008531
8/1/86,1.5740740740740833
8/2/86,1.5799062210674064
8/3/86,1.5857373230603988
8/4/86,1.591567380333836
8/5/86,1.5973963931685153
8/6/86,1.603224361845057
8/7/86,1.609051287
8/8/86,1.6148771678457408
8/9/86,1.6207020057306565
8/10/86,1.6265258005789818
8/11/86,1.632348552670848
8/12/86,1.638170262286276
8/13/86,1.643990929705219
8/14/86,1.6498105552074982
8/15/86,1.655629139072845
8/16/86,1.6614466815809026
8/17/86,1.667263183011225
8/18/86,1.673078643643211
8/19/86,1.6788930637561927
8/20/86,1.6847064436294357
8/21/86,1.6905187835420499
8/22/86,1.6963300837730788
8/23/86,1.702140344601455
8/24/86,1.7079495663059996
8/25/86,1.7137577491654676
8/26/86,1.7195648934585028
8/27/86,1.7253709994636157
8/28/86,1.7311760674592502
8/29/86,1.7369800977237615
8/30/86,1.7427830905353492
8/31/86,1.7485850461721908
9/1/86,1.7543859649122862
9/2/86,1.7449375269280587
9/3/86,1.7354914148562939
9/4/86,1.7260476278383008
9/5/86,1.7166061650156994
9/6/86,1.7071670255306204
9/7/86,1.6977302085255719
9/8/86,1.688295713143484
9/9/86,1.678863538527775
9/10/86,1.6694336838221746
9/11/86,1.6600061481709227
9/12/86,1.6505809307186148
9/13/86,1.6411580306103568
9/14/86,1.631737446991588
9/15/86,1.6223191790081692
9/16/86,1.6129032258064502
9/17/86,1.6034895865331356
9/18/86,1.5940782603353965
9/19/86,1.5846692463607814
9/20/86,1.5752625437573053
9/21/86,1.565858151673316
9/22/86,1.5564560692576945
9/23/86,1.5470562956596323
9/24/86,1.537658830028854
9/25/86,1.528263671515373
9/26/86,1.5188708192697131
9/27/86,1.5094802724427758
9/28/86,1.5000920301859066
9/29/86,1.4907060916508286
9/30/86,1.4813224559896865
10/1/86,1.4719411223550916
10/2/86,1.4658753709198669
10/3/86,1.459810699344266
10/4/86,1.4537471073399422
10/5/86,1.447684594618659
10/6/86,1.4416231608922692
10/7/86,1.4355628058727365
10/8/86,1.4295035292722025
10/9/86,1.423445330802764
10/10/86,1.4173882101767177
10/11/86,1.4113321671064716
10/12/86,1.4052772013044557
10/13/86,1.399223312483322
10/14/86,1.3931705003557004
10/15/86,1.3871187646343985
10/16/86,1.3810681050322904
10/17/86,1.3750185212624055
10/18/86,1.368970013037818
10/19/86,1.3629225800717126
10/20/86,1.3568762220773856
10/21/86,1.350830938768266
10/22/86,1.3447867298578275
10/23/86,1.3387435950596993
10/24/86,1.3327015340875548
10/25/86,1.3266605466552006
10/26/86,1.3206206324766212
10/27/86,1.3145817912657343
10/28/86,1.3085440227366796
10/29/86,1.302507326603708
10/30/86,1.2964717025811145
10/31/86,1.2904371503833056
11/1/86,1.2844036697247763
11/2/86,1.2781701984527327
11/3/86,1.271937871
11/4/86,1.265706686233159
11/5/86,1.2594766446563987
11/6/86,1.2532477456824065
11/7/86,1.247019988996878
11/8/86,1.2407933742856425
11/9/86,1.2345679012345734
11/10/86,1.228343569529744
11/11/86,1.2221203788573165
11/12/86,1.215898328903564
11/13/86,1.2096774193548265
11/14/86,1.2034576498976879
11/15/86,1.1972390202186878
11/16/86,1.1910215300045879
11/17/86,1.1848051789422387
11/18/86,1.1785899667185795
11/19/86,1.172375893020705
11/20/86,1.166162957535799
11/21/86,1.1599511599511558
11/22/86,1.1537404999542256
11/23/86,1.1475309772325026
11/24/86,1.141322591473659
11/25/86,1.1351153423654337
11/26/86,1.1289092295957204
11/27/86,1.1227042528525244
11/28/86,1.1165004118239175
11/29/86,1.110297706198149
11/30/86,1.1040961356635348
12/1/86,1.097895699908502
12/2/86,1.1096027858112478
12/3/86,1.1213077989908227
12/4/86,1.1330107399976308
12/5/86,1.144711609381921
12/6/86,1.1564104076936754
12/7/86,1.1681071354827433
12/8/86,1.1798017932987293
12/9/86,1.191494381691105
12/10/86,1.2031849012090756
12/11/86,1.2148733524017352
12/12/86,1.2265597358179114
12/13/86,1.2382440520062543
12/14/86,1.2499263015152362
12/15/86,1.2616064848931519
12/16/86,1.2732846026880518
12/17/86,1.284960655447831
12/18/86,1.2966346437201848
12/19/86,1.308306568052564
12/20/86,1.3199764289923532
12/21/86,1.3316442270866036
12/22/86,1.3433099628822331
12/23/86,1.3549736369259824
12/24/86,1.3666352497643697
12/25/86,1.378294801943758
12/26/86,1.389952294010266
12/27/86,1.4016077265098348
12/28/86,1.4132610999882278
12/29/86,1.4249124149910308
12/30/86,1.4365616720635854
12/31/86,1.4482088717511221
1/1/87,1.4598540145985384
1/2/87,1.480587525387822
1/3/87,1.5013246982631845
1/4/87,1.5220655341949607
1/5/87,1.5428100341537965
1/6/87,1.5635581991107594
1/7/87,1.5843100300371171
1/8/87,1.6050655279045811
1/9/87,1.625824693685196
1/10/87,1.646587528351362
1/11/87,1.6673540328757452
1/12/87,1.6881242082314563
1/13/87,1.708898055391872
1/14/87,1.729675575330747
1/15/87,1.750456769022235
1/16/87,1.7712416374406903
1/17/87,1.7920301815609552
1/18/87,1.8128224023581385
1/19/87,1.833618300807749
1/20/87,1.8544178778855613
1/21/87,1.8752211345677505
1/22/87,1.8960280718308686
1/23/87,1.916838690651712
1/24/87,1.9376529920075658
1/25/87,1.9584709768758923
1/26/87,1.9792926462346205
1/27/87,2.0001180010620123
1/28/87,2.0209470423366405
1/29/87,2.041779771037411
1/30/87,2.062616188143651
1/31/87,2.0834562946349333
2/1/87,2.1043000914912957
2/2/87,2.137324749174807
2/3/87,2.1703602013466883
2/4/87,2.2034064533002162
2/5/87,2.2364635103321984
2/6/87,2.269531377742884
2/7/87,2.302610060836008
2/8/87,2.335699564918703
2/9/87,2.3687998953016542
2/10/87,2.401911057299011
2/11/87,2.4350330562283196
2/12/87,2.4681658974107012
2/13/87,2.5013095861707635
2/14/87,2.534464127836533
2/15/87,2.5676295277395678
2/16/87,2.6008057912149107
2/17/87,2.633992923601114
2/18/87,2.667190930240171
2/19/87,2.700399816477672
2/20/87,2.733619588
2/21/87,2.7668502491476676
2/22/87,2.8000918062887292
2/23/87,2.8333442644454587
2/24/87,2.866607628980944
2/25/87,2.899881905261781
2/26/87,2.933167098658096
2/27/87,2.9664632145435244
2/28/87,2.999770258
3/1/87,3.0330882352941124
3/2/87,3.056988673427008
3/3/87,3.080891946388342
3/4/87,3.1047980546824006
3/5/87,3.1287069988137572
3/6/87,3.152618779287031
3/7/87,3.176533396606973
3/8/87,3.2004508512784025
3/9/87,3.2243711438063594
3/10/87,3.2482942746959287
3/11/87,3.2722202444523507
3/12/87,3.2961490535809768
3/13/87,3.3200807025872248
3/14/87,3.3440151919767347
3/15/87,3.367952522255191
3/16/87,3.3918926939284333
3/17/87,3.4158357075023904
3/18/87,3.439781563483102
3/19/87,3.4637302623768296
3/20/87,3.487681804689835
3/21/87,3.511636190928513
3/22/87,3.535593421599481
3/23/87,3.5595534972093557
3/24/87,3.5835164182649537
3/25/87,3.6074821852731587
3/26/87,3.6314507987410094
3/27/87,3.655422259175678
3/28/87,3.679396567084403
3/29/87,3.703373722974579
3/30/87,3.7273537273537327
3/31/87,3.751336580729503
4/1/87,3.7753222836095945
4/2/87,3.7780437651536047
4/3/87,3.7807647455962767
4/4/87,3.7834852250759665
4/5/87,3.7862052037309635
4/6/87,3.788924681699646
4/7/87,3.791643659120192
4/8/87,3.794362136130802
4/9/87,3.7970801128695886
4/10/87,3.7997975894746405
4/11/87,3.8025145660840254
4/12/87,3.8052310428356773
4/13/87,3.8079470198675525
4/14/87,3.8106624973175185
4/15/87,3.8133774753234206
4/16/87,3.816091954022993
4/17/87,3.8188059335539926
4/18/87,3.821519414054131
4/19/87,3.8242323956609647
4/20/87,3.8269448785121174
4/21/87,3.829656862745101
4/22/87,3.8323683484973614
4/23/87,3.835079335906366
4/24/87,3.8377898251094944
4/25/87,3.840499816244014
4/26/87,3.8432093094472375
4/27/87,3.8459183048563883
4/28/87,3.8486268026086234
4/29/87,3.8513348028410332
4/30/87,3.8540423056907525
5/1/87,3.8567493112947604
5/2/87,3.8501406782170733
5/3/87,3.8435343934144717
5/4/87,3.836930456
5/5/87,3.8303288636296173
5/6/87,3.8237296161472534
5/7/87,3.8171327119396414
5/8/87,3.8105381497588686
5/9/87,3.8039459283580213
5/10/87,3.797356046490985
5/11/87,3.790768502912556
5/12/87,3.7841832963784183
5/13/87,3.777600426
5/14/87,3.7710198894701064
5/15/87,3.764441686611697
5/16/87,3.757865815829131
5/17/87,3.751292275882423
5/18/87,3.744721065532608
5/19/87,3.738152183541499
5/20/87,3.7315856286717963
5/21/87,3.7250213996871118
5/22/87,3.7184594953519223
5/23/87,3.711899914431549
5/24/87,3.7053426556922453
5/25/87,3.698787717901064
5/26/87,3.692235099825991
5/27/87,3.6856848002358777
5/28/87,3.679136817900419
5/29/87,3.6725911515901766
5/30/87,3.6660478000766217
5/31/87,3.6595067621320476
6/1/87,3.652968037
6/2/87,3.662100456621009
6/3/87,3.671232876712316
6/4/87,3.680365296803645
6/5/87,3.689497716894974
6/6/87,3.698630136986303
6/7/87,3.707762557077632
6/8/87,3.7168949771689386
6/9/87,3.7260273972602675
6/10/87,3.7351598173515965
6/11/87,3.7442922374429255
6/12/87,3.7534246575342545
6/13/87,3.7625570776255834
6/14/87,3.771689498
6/15/87,3.780821917808219
6/16/87,3.789954337899548
6/17/87,3.799086757990855
6/18/87,3.808219178082184
6/19/87,3.817351598173513
6/20/87,3.826484018264842
6/21/87,3.835616438356171
6/22/87,3.8447488584474776
6/23/87,3.8538812785388066
6/24/87,3.8630136986301356
6/25/87,3.8721461187214645
6/26/87,3.8812785388127935
6/27/87,3.8904109589041003
6/28/87,3.8995433789954292
6/29/87,3.908675799086758
6/30/87,3.917808219178065
7/1/87,3.926940639269394
7/2/87,3.9384923557309826
7/3/87,3.950042711125512
7/4/87,3.9615917056935013
7/5/87,3.9731393396754244
7/6/87,3.9846856133117337
7/7/87,3.996230527
7/8/87,4.007774080508852
7/9/87,4.019316274550233
7/10/87,4.0308571092070755
7/11/87,4.042396584719565
7/12/87,4.053934701327755
7/13/87,4.065471459271697
7/14/87,4.077006858791332
7/15/87,4.0885409001265804
7/16/87,4.100073583517294
7/17/87,4.111604909203281
7/18/87,4.123134877424284
7/19/87,4.134663488419998
7/20/87,4.146190742430034
7/21/87,4.157716639693976
7/22/87,4.169241180451344
7/23/87,4.180764364941614
7/24/87,4.192286193404127
7/25/87,4.2038066660783135
7/26/87,4.215325783203405
7/27/87,4.226843545018677
7/28/87,4.238359951763293
7/29/87,4.249875003676351
7/30/87,4.261388700996971
7/31/87,4.272901043964117
8/1/87,4.284412032816776
8/2/87,4.286722333294124
8/3/87,4.289031954610922
8/4/87,4.291340897
8/5/87,4.293649160960422
8/6/87,4.295956746591445
8/7/87,4.298263654258605
8/8/87,4.300569884260619
8/9/87,4.302875437
8/10/87,4.305180312463297
8/11/87,4.307484511260529
8/12/87,4.309788033585815
8/13/87,4.312090879737007
8/14/87,4.3143930500117555
8/15/87,4.316694544707578
8/16/87,4.318995364121836
8/17/87,4.321295508551648
8/18/87,4.323594978294021
8/19/87,4.325893773645761
8/20/87,4.328191894903521
8/21/87,4.330489342
8/22/87,4.332786116322707
8/23/87,4.335082217076525
8/24/87,4.337377644921148
8/25/87,4.339672400152361
8/26/87,4.341966483065751
8/27/87,4.344259893956703
8/28/87,4.346552633120493
8/29/87,4.348844700852195
8/30/87,4.351136097446706
8/31/87,4.353426823198769
9/1/87,4.355716878402904
9/2/87,4.361634554308713
9/3/87,4.3675518722400275
9/4/87,4.373468832229377
9/5/87,4.379385434309224
9/6/87,4.385301679
9/7/87,4.3912175648702645
9/8/87,4.3971330934164055
9/9/87,4.403048264182896
9/10/87,4.4089630772022215
9/11/87,4.414877533
9/12/87,4.420791630129117
9/13/87,4.4267053701016135
9/14/87,4.432618752456685
9/15/87,4.438531777226817
9/16/87,4.444444444444451
9/17/87,4.450356754141982
9/18/87,4.456268706351851
9/19/87,4.462180301106455
9/20/87,4.468091538438279
9/21/87,4.474002418379697
9/22/87,4.479912940963082
9/23/87,4.485823106220921
9/24/87,4.491732914185542
9/25/87,4.497642364889365
9/26/87,4.5035514583648295
9/27/87,4.509460194644266
9/28/87,4.515368573760092
9/29/87,4.521276595744683
9/30/87,4.5271842606304125
10/1/87,4.533091568449676
10/2/87,4.532958998654735
10/3/87,4.532826436613546
10/4/87,4.532693882325423
10/5/87,4.532561335789698
10/6/87,4.532428797005683
10/7/87,4.532296265972691
10/8/87,4.532163742690054
10/9/87,4.532031227157107
10/10/87,4.531898719
10/11/87,4.531766219337485
10/12/87,4.531633727049478
10/13/87,4.531501242508407
10/14/87,4.531368765713628
10/15/87,4.5312362966644315
10/16/87,4.531103835360151
10/17/87,4.530971382
10/18/87,4.530838935983628
10/19/87,4.530706497910031
10/20/87,4.530574067578619
10/21/87,4.5304416449887475
10/22/87,4.530309230139706
10/23/87,4.530176823030829
10/24/87,4.530044424
10/25/87,4.529912032030858
10/26/87,4.529779648
10/27/87,4.529647271983395
10/28/87,4.529514903565168
10/29/87,4.529382543
10/30/87,4.529250189936307
10/31/87,4.529117844724317
11/1/87,4.528985507246386
11/2/87,4.525829534132431
11/3/87,4.522673752
11/4/87,4.519518159586999
11/5/87,4.516362758120995
11/6/87,4.513207547169817
11/7/87,4.510052526716168
11/8/87,4.506897697
11/9/87,4.5037430572325565
11/10/87,4.500588608168066
11/11/87,4.497434349532137
11/12/87,4.494280281307539
11/13/87,4.491126403477019
11/14/87,4.487972716023303
11/15/87,4.4848192189292035
11/16/87,4.481665912177468
11/17/87,4.478512795750844
11/18/87,4.475359869632145
11/19/87,4.472207133804096
11/20/87,4.469054588249488
11/21/87,4.465902232951113
11/22/87,4.462750067891741
11/23/87,4.459598093
11/24/87,4.456446308
11/25/87,4.453294713975375
11/26/87,4.450143309699817
11/27/87,4.446992095577151
11/28/87,4.443841071590193
11/29/87,4.440690237721734
11/30/87,4.437539593954565
12/1/87,4.43438914
12/2/87,4.421808417488782
12/3/87,4.409232834340071
12/4/87,4.396662387676509
12/5/87,4.384097074351723
12/6/87,4.371536891221939
12/7/87,4.358981835145936
12/8/87,4.346431902985071
12/9/87,4.333887091603272
12/10/87,4.321347397867026
12/11/87,4.308812818645302
12/12/87,4.2962833508097376
12/13/87,4.283758991234454
12/14/87,4.271239736796129
12/15/87,4.258725584374012
12/16/87,4.246216530849822
12/17/87,4.2337125731079395
12/18/87,4.221213708035143
12/19/87,4.208719932520877
12/20/87,4.196231243457027
12/21/87,4.183747637738033
12/22/87,4.1712691122609336
12/23/87,4.158795663925141
12/24/87,4.146327289632734
12/25/87,4.133863986288233
12/26/87,4.121405750798712
12/27/87,4.108952580073755
12/28/87,4.096504471025431
12/29/87,4.084061420568341
12/30/87,4.071623425619597
12/31/87,4.059190483098796
1/1/88,4.046762589928066
1/2/88,4.043392504930976
1/3/88,4.040023201856147
1/4/88,4.036654680431506
1/5/88,4.03328694
1/6/88,4.029919981444974
1/7/88,4.0265538033395165
1/8/88,4.023188405797096
1/9/88,4.019823788546262
1/10/88,4.016459951315654
1/11/88,4.013096893834023
1/12/88,4.009734616
1/13/88,4.006373117033601
1/14/88,4.003012397
1/15/88,3.9996524559777757
1/16/88,3.9962932931773443
1/17/88,3.9929349085012777
1/18/88,3.9895773016792146
1/19/88,3.986220472440949
1/20/88,3.9828644205163855
1/21/88,3.9795091456355625
1/22/88,3.9761546475286513
1/23/88,3.9728009259259123
1/24/88,3.9694479805578053
1/25/88,3.966095811154835
1/26/88,3.962744417447639
1/27/88,3.9593937991670547
1/28/88,3.956043956043964
1/29/88,3.9526948878093826
1/30/88,3.949346594194525
1/31/88,3.9459990749306284
2/1/88,3.942652329749108
2/2/88,3.941469894752192
2/3/88,3.9402878380375927
2/4/88,3.9391061594238774
2/5/88,3.937924858729658
2/6/88,3.9367439357736345
2/7/88,3.935563390374641
2/8/88,3.9343832223516895
2/9/88,3.933203431523835
2/10/88,3.932024017710267
2/11/88,3.930844980730286
2/12/88,3.929666320403369
2/13/88,3.928488036549016
2/14/88,3.9273101289868606
2/15/88,3.9261325975367356
2/16/88,3.924955442018496
2/17/88,3.923778662252131
2/18/88,3.9226022580577613
2/19/88,3.9214262292556645
2/20/88,3.920250576
2/21/88,3.919075297109642
2/22/88,3.9179003934067813
2/23/88,3.9167258643782343
2/24/88,3.915551709844789
2/25/88,3.9143779296273884
2/26/88,3.9132045235470425
2/27/88,3.912031491424939
2/28/88,3.9108588330822647
2/29/88,3.909686548340452
3/1/88,3.907126621975432
3/2/88,3.906452262462956
3/3/88,3.9057781356955923
3/4/88,3.905104241552837
3/5/88,3.9044305799143197
3/6/88,3.9037571506597146
3/7/88,3.903083953668829
3/8/88,3.9024109888215364
3/9/88,3.901738255997711
3/10/88,3.901065755077404
3/11/88,3.9003934859407785
3/12/88,3.899721448467952
3/13/88,3.899049642539265
3/14/88,3.8983780680350133
3/15/88,3.897706725
3/16/88,3.897035612821753
3/17/88,3.8963647318738692
3/18/88,3.8956940818726915
3/19/88,3.895023662698982
3/20/88,3.8943534742335917
3/21/88,3.8936835163574823
3/22/88,3.893013788951638
3/23/88,3.892344291897154
3/24/88,3.891675025075214
3/25/88,3.891005988367091
3/26/88,3.890337181654102
3/27/88,3.8896686048176754
3/28/88,3.889000257739328
3/29/88,3.8883321403006432
3/30/88,3.8876642523832716
3/31/88,3.886996593868952
4/1/88,3.891879103329976
4/2/88,3.8914187710686443
4/3/88,3.890958547690837
4/4/88,3.8904984331579184
4/5/88,3.890038427431275
4/6/88,3.889578530472293
4/7/88,3.889118742242448
4/8/88,3.888659062703148
4/9/88,3.888199491815869
4/10/88,3.8877400295421083
4/11/88,3.887280675843341
4/12/88,3.8868214306810867
4/13/88,3.8863622940168874
4/14/88,3.885903265812307
4/15/88,3.8854443460289323
4/16/88,3.884985534628327
4/17/88,3.8845268315721215
4/18/88,3.884068236821925
4/19/88,3.8836097503393674
4/20/88,3.8831513720861466
4/21/88,3.8826931020239597
4/22/88,3.8822349401144596
4/23/88,3.881776886319388
4/24/88,3.8813189406004867
4/25/88,3.8808611029194973
4/26/88,3.8804033732381837
4/27/88,3.8799457515183766
4/28/88,3.879488238
4/29/88,3.879030831810404
4/30/88,3.8785735337459437
5/1/88,3.878511336090118
5/2/88,3.880920471071314
5/3/88,3.8833290565392087
5/4/88,3.885737092681829
5/5/88,3.888144579687025
5/6/88,3.890551517742624
5/7/88,3.8929579070363873
5/8/88,3.8953637477559644
5/9/88,3.8977690400888942
5/10/88,3.9001737842226714
5/11/88,3.902577980344679
5/12/88,3.9049816286422345
5/13/88,3.907384729302543
5/14/88,3.9097872825127444
5/15/88,3.9121892884598886
5/16/88,3.9145907473309594
5/17/88,3.9169916593128296
5/18/88,3.919392024592283
5/19/88,3.921791843356015
5/20/88,3.924191115790676
5/21/88,3.926589842082806
5/22/88,3.9289880224188556
5/23/88,3.931385656985187
5/24/88,3.933782745968095
5/25/88,3.936179289553765
5/26/88,3.9385752879283364
5/27/88,3.9409707412778383
5/28/88,3.9433656497881886
5/29/88,3.945760013645283
5/30/88,3.948153833034884
5/31/88,3.9505471081426657
6/1/88,3.9555986256717413
6/2/88,3.9611228564716994
6/3/88,3.9666461140961173
6/4/88,3.972168398802167
6/5/88,3.977689711
6/6/88,3.9832100504872514
6/7/88,3.988729417980097
6/8/88,3.994247813582197
6/9/88,3.999765237550257
6/10/88,4.0052816901408494
6/11/88,4.010797171610481
6/12/88,4.016311682215568
6/13/88,4.021825222212461
6/14/88,4.027337791857333
6/15/88,4.032849391406357
6/16/88,4.038360021115617
6/17/88,4.043869681241019
6/18/88,4.049378372
6/19/88,4.054886093763743
6/20/88,4.0603928466725225
6/21/88,4.065898631020426
6/22/88,4.071403447
6/23/88,4.076907295055521
6/24/88,4.082410175253504
6/25/88,4.087912087912082
6/26/88,4.093413033286453
6/27/88,4.098913011631655
6/28/88,4.104412023202664
6/29/88,4.109910068254385
6/30/88,4.115407147041594
7/1/88,4.112345539054529
7/2/88,4.108812694814401
7/3/88,4.105281051677245
7/4/88,4.101750609030641
7/5/88,4.098221366262611
7/6/88,4.094693322761511
7/7/88,4.091166477916186
7/8/88,4.087640831
7/9/88,4.084116381750258
7/10/88,4.080593129209342
7/11/88,4.077071072883642
7/12/88,4.073550212164068
7/13/88,4.070030546441905
7/14/88,4.0665120751088635
7/15/88,4.062994797557096
7/16/88,4.059478713179154
7/17/88,4.055963821368014
7/18/88,4.052450121516982
7/19/88,4.048937613019898
7/20/88,4.045426295270915
7/21/88,4.041916167664672
7/22/88,4.038407229596164
7/23/88,4.034899480460807
7/24/88,4.031392919654464
7/25/88,4.027887546573328
7/26/88,4.024383360614103
7/27/88,4.020880361173806
7/28/88,4.017378547649941
7/29/88,4.013877919440367
7/30/88,4.010378475943366
7/31/88,4.006880217
8/1/88,4.003383140682271
8/2/88,4.008343668959302
8/3/88,4.013302519587381
8/4/88,4.018259693417492
8/5/88,4.023215191299934
8/6/88,4.028169014084515
8/7/88,4.033121162620401
8/8/88,4.0380716377562464
8/9/88,4.043020440340106
8/10/88,4.047967571219457
8/11/88,4.052913031241201
8/12/88,4.057856821251682
8/13/88,4.062798942096668
8/14/88,4.067739395
8/15/88,4.072678179670364
8/16/88,4.0776152980877445
8/17/88,4.082550750716973
8/18/88,4.087484538400998
8/19/88,4.092416661982123
8/20/88,4.097347122302142
8/21/88,4.102275920202292
8/22/88,4.107203056523212
8/23/88,4.112128532104942
8/24/88,4.117052347787009
8/25/88,4.1219745044083655
8/26/88,4.126895002807407
8/27/88,4.131813844
8/28/88,4.136731028289176
8/29/88,4.1416465570458305
8/30/88,4.146560431
8/31/88,4.151472650771382
9/1/88,4.164855229980002
9/2/88,4.167391178345792
9/3/88,4.1699266857921025
9/4/88,4.172461752433931
9/5/88,4.174996378386209
9/6/88,4.1775305637638205
9/7/88,4.180064308681675
9/8/88,4.182597613254546
9/9/88,4.185130477597232
9/10/88,4.187662901824507
9/11/88,4.190194886051035
9/12/88,4.19272643
9/13/88,4.195257534960484
9/14/88,4.197788199872621
9/15/88,4.200318425242422
9/16/88,4.202848211
9/17/88,4.205377557813095
9/18/88,4.207906465242828
9/19/88,4.210434933587992
9/20/88,4.212962962962963
9/21/88,4.215490553482049
9/22/88,4.218017705259514
9/23/88,4.220544418409555
9/24/88,4.2230706930463935
9/25/88,4.225596529284159
9/26/88,4.228121927236983
9/27/88,4.230646887018885
9/28/88,4.233171409
9/29/88,4.235695492526093
9/30/88,4.238219138479327
10/1/88,4.246866606982991
10/2/88,4.246747796894668
10/3/88,4.246628993453805
10/4/88,4.2465101966598695
10/5/88,4.246391406512262
10/6/88,4.246272623
10/7/88,4.246153846153833
10/8/88,4.246035075941923
10/9/88,4.245916312374143
10/10/88,4.245797555449893
10/11/88,4.245678805168662
10/12/88,4.245560061529852
10/13/88,4.245441325
10/14/88,4.245322594177381
10/15/88,4.245203870462566
10/16/88,4.245085153387951
10/17/88,4.244966442953024
10/18/88,4.244847739157187
10/19/88,4.244729041999884
10/20/88,4.244610351480582
10/21/88,4.244491667598704
10/22/88,4.244372990353695
10/23/88,4.24425432
10/24/88,4.2441356557720855
10/25/88,4.244016998434352
10/26/88,4.2438983477312675
10/27/88,4.243779703662276
10/28/88,4.243661066226823
10/29/88,4.243542435
10/30/88,4.243423811254288
10/31/88,4.243305193716096
11/1/88,4.246100519930662
11/2/88,4.251877527440784
11/3/88,4.257654534950883
11/4/88,4.263431542461005
11/5/88,4.269208549971104
11/6/88,4.274985557481226
11/7/88,4.280762564991325
11/8/88,4.286539572501447
11/9/88,4.292316580011546
11/10/88,4.2980935875216675
11/11/88,4.303870595031767
11/12/88,4.309647602541888
11/13/88,4.315424610051988
11/14/88,4.321201617562109
11/15/88,4.326978625072209
11/16/88,4.332755633
11/17/88,4.33853264
11/18/88,4.344309647602529
11/19/88,4.3500866551126505
11/20/88,4.355863663
11/21/88,4.361640670132871
11/22/88,4.367417677642971
11/23/88,4.373194685153092
11/24/88,4.378971692663192
11/25/88,4.384748700173291
11/26/88,4.3905257076834125
11/27/88,4.396302715193512
11/28/88,4.4020797227036335
11/29/88,4.407856730213733
11/30/88,4.413633737723854
12/1/88,4.410654890013133
12/2/88,4.4186696478479615
12/3/88,4.426683061789105
12/4/88,4.434695132174604
12/5/88,4.442705859342255
12/6/88,4.450715243629855
12/7/88,4.458723285375044
12/8/88,4.466729984915352
12/9/88,4.474735342588176
12/10/88,4.4827393587308695
12/11/88,4.4907420336805615
12/12/88,4.4987433677743605
12/13/88,4.506743361349219
12/14/88,4.514742014742001
12/15/88,4.522739328
12/16/88,4.5307353023281705
12/17/88,4.538729937194708
12/18/88,4.546723233225403
12/19/88,4.554715190756586
12/20/88,4.562705810124457
12/21/88,4.5706950916650335
12/22/88,4.578683035714293
12/23/88,4.586669642608032
12/24/88,4.594654912682006
12/25/88,4.602638846271856
12/26/88,4.610621443713048
12/27/88,4.618602705340935
12/28/88,4.626582631490872
12/29/88,4.634561222497968
12/30/88,4.642538478697311
12/31/88,4.650514400423789
1/1/89,4.658488988012244
1/2/89,4.663674629944525
1/3/89,4.668859404615899
1/4/89,4.674043312243925
1/5/89,4.679226353046095
1/6/89,4.684408527239792
1/7/89,4.6895898350423515
1/8/89,4.694770276671023
1/9/89,4.699949852342988
1/10/89,4.705128562275385
1/11/89,4.710306406685216
1/12/89,4.715483385789487
1/13/89,4.720659499805024
1/14/89,4.725834748948721
1/15/89,4.731009133437292
1/16/89,4.736182653487386
1/17/89,4.741355309315676
1/18/89,4.746527101138609
1/19/89,4.751698029172702
1/20/89,4.756868093634314
1/21/89,4.762037294739763
1/22/89,4.767205632705318
1/23/89,4.7723731077470966
1/24/89,4.777539720081236
1/25/89,4.782705469923765
1/26/89,4.787870357490598
1/27/89,4.793034382997652
1/28/89,4.798197546660732
1/29/89,4.803359848695554
1/30/89,4.808521289317791
1/31/89,4.813681868743047
2/1/89,4.812007727745571
2/2/89,4.8179791976225905
2/3/89,4.823948893180807
2/4/89,4.829916815210922
2/5/89,4.835882964503169
2/6/89,4.8418473418473384
2/7/89,4.847809948032666
2/8/89,4.853770783847966
2/9/89,4.859729850081629
2/10/89,4.8656871475215135
2/11/89,4.871642676955035
2/12/89,4.877596439169141
2/13/89,4.883548434950291
2/14/89,4.889498665084546
2/15/89,4.895447130357389
2/16/89,4.9013938315539685
2/17/89,4.907338769458858
2/18/89,4.913281944856207
2/19/89,4.919223358529701
2/20/89,4.925163011262601
2/21/89,4.931100903837593
2/22/89,4.937037037037029
2/23/89,4.942971411642705
2/24/89,4.948904028436019
2/25/89,4.954834888197834
2/26/89,4.960763991708617
2/27/89,4.966691339748319
2/28/89,4.972616933096496
3/1/89,4.978540772532192
3/2/89,4.983250740566425
3/3/89,4.987959144130438
3/4/89,4.9926659840035414
3/5/89,4.997371261
3/6/89,5.002074975791948
3/7/89,5.006777129263362
3/8/89,5.011477722156155
3/9/89,5.016176755247059
3/10/89,5.020874229312389
3/11/89,5.025570145127856
3/12/89,5.030264503468684
3/13/89,5.034957305109566
3/14/89,5.039648550824749
3/15/89,5.044338241
3/16/89,5.049026377572163
3/17/89,5.053712960150225
3/18/89,5.058397989894248
3/19/89,5.063081467575858
3/20/89,5.0677633939661515
3/21/89,5.072443769835799
3/22/89,5.077122595954853
3/23/89,5.081799873
3/24/89,5.086475602019158
3/25/89,5.091149783502025
3/26/89,5.095822418309659
3/27/89,5.100493507209625
3/28/89,5.1051630509689305
3/29/89,5.109831050354163
3/30/89,5.1144975061313325
3/31/89,5.119162419065981
4/1/89,5.123825789923142
4/2/89,5.131781180622763
4/3/89,5.139734760088799
4/4/89,5.147686529
4/5/89,5.155636488
4/6/89,5.163584637268848
4/7/89,5.171530977982597
4/8/89,5.179475510552356
4/9/89,5.187418235595254
4/10/89,5.195359153728041
4/11/89,5.203298265567247
4/12/89,5.2112355717291114
4/13/89,5.219171072829609
4/14/89,5.227104769484403
4/15/89,5.235036662308867
4/16/89,5.242966751918154
4/17/89,5.250895038927084
4/18/89,5.258821524
4/19/89,5.266746207601836
4/20/89,5.274669090495943
4/21/89,5.282590173246238
4/22/89,5.290509456466186
4/23/89,5.298426940768919
4/24/89,5.306342626767346
4/25/89,5.3142565150740895
4/26/89,5.322168606301458
4/27/89,5.330078901061475
4/28/89,5.337987399965938
4/29/89,5.3458941036263585
4/30/89,5.353799012653915
5/1/89,5.361702127659562
5/2/89,5.355476255833103
5/3/89,5.349252092767931
5/4/89,5.343029637760699
5/5/89,5.336808890108369
5/6/89,5.330589849108369
5/7/89,5.324372514
5/8/89,5.3181568842567195
5/9/89,5.311942959001792
5/10/89,5.305730737592551
5/11/89,5.299520219328313
5/12/89,5.293311403508771
5/13/89,5.287104289434019
5/14/89,5.280898876404505
5/15/89,5.274695163721055
5/16/89,5.268493150684939
5/17/89,5.262292836597715
5/18/89,5.256094220761431
5/19/89,5.2498973024784235
5/20/89,5.243702081051471
5/21/89,5.237508555783688
5/22/89,5.231316725978652
5/23/89,5.225126590940188
5/24/89,5.2189381499726295
5/25/89,5.212751402380622
5/26/89,5.206566347
5/27/89,5.200382984543839
5/28/89,5.194201312910285
5/29/89,5.188021331874726
5/30/89,5.181843040743783
5/31/89,5.175666438824322
6/1/89,5.1694915254237195
6/2/89,5.163112554723903
6/3/89,5.156735385484312
6/4/89,5.150360016941979
6/5/89,5.143986448
6/6/89,5.137614678899083
6/7/89,5.131244707874694
6/8/89,5.124876534
6/9/89,5.118510158013523
6/10/89,5.112145577655514
6/11/89,5.105782792665714
6/12/89,5.099421802284576
6/13/89,5.0930626057529516
6/14/89,5.086705202312136
6/15/89,5.0803495912038255
6/16/89,5.073995771670181
6/17/89,5.067643742953787
6/18/89,5.0612935042975815
6/19/89,5.054945054945059
6/20/89,5.048598394140025
6/21/89,5.042253521126772
6/22/89,5.035910435149993
6/23/89,5.029569135454803
6/24/89,5.023229621286762
6/25/89,5.016891891891895
6/26/89,5.010555946516537
6/27/89,5.0042217844075365
6/28/89,4.997889404812161
6/29/89,4.991558806978058
6/30/89,4.985229990153317
7/1/89,4.978902953586495
7/2/89,4.97005988
7/3/89,4.961219213498436
7/4/89,4.9523809523809526
7/5/89,4.943545095905333
7/6/89,4.934711643090317
7/7/89,4.925880592955267
7/8/89,4.917051945
7/9/89,4.908225696804891
7/10/89,4.899401848830887
7/11/89,4.890580399619426
7/12/89,4.881761348192448
7/13/89,4.872944693572512
7/14/89,4.864130434782621
7/15/89,4.855318570846356
7/16/89,4.8465091007878325
7/17/89,4.837702023631674
7/18/89,4.828897338403038
7/19/89,4.820095044127615
7/20/89,4.811295139831651
7/21/89,4.802497624541879
7/22/89,4.793702497285546
7/23/89,4.784909757090516
7/24/89,4.7761194029850795
7/25/89,4.767331433998101
7/26/89,4.758545849158979
7/27/89,4.749762647497624
7/28/89,4.740981828044477
7/29/89,4.732203389830514
7/30/89,4.723427331887198
7/31/89,4.714653653
8/1/89,4.705882352941182
8/2/89,4.694021356171052
8/3/89,4.682165501544477
8/4/89,4.670314785718155
8/5/89,4.658469205351801
8/6/89,4.646628757
8/7/89,4.634793437652274
8/8/89,4.622963244
8/9/89,4.611138171781137
8/10/89,4.599318218711113
8/11/89,4.587503381119817
8/12/89,4.575693655687152
8/13/89,4.563889039095859
8/14/89,4.5520895280315665
8/15/89,4.540295119182747
8/16/89,4.528505809240735
8/17/89,4.516721594899775
8/18/89,4.504942473
8/19/89,4.4931684398120675
8/20/89,4.481399492468019
8/21/89,4.469635627530355
8/22/89,4.457876841707598
8/23/89,4.4461231317109995
8/24/89,4.4343744942547225
8/25/89,4.422630926055771
8/26/89,4.410892423833923
8/27/89,4.399158984311824
8/28/89,4.387430604214959
8/29/89,4.37570728
8/30/89,4.363989009212865
8/31/89,4.352275787772686
9/1/89,4.340567612687818
9/2/89,4.345648787
9/3/89,4.350728830533002
9/4/89,4.355807743658202
9/5/89,4.360885526754932
9/6/89,4.365962180200222
9/7/89,4.371037704371039
9/8/89,4.376112099644125
9/9/89,4.381185366
9/10/89,4.3862575050033215
9/11/89,4.391328515842141
9/12/89,4.396398399288559
9/13/89,4.401467155718564
9/14/89,4.406534785507876
9/15/89,4.411601289032108
9/16/89,4.416666666666669
9/17/89,4.421730918786793
9/18/89,4.426794045767601
9/19/89,4.431856047983995
9/20/89,4.436916925810741
9/21/89,4.441976679622428
9/22/89,4.447035309793468
9/23/89,4.452092816698117
9/24/89,4.457149200710475
9/25/89,4.462204462204444
9/26/89,4.467258601553814
9/27/89,4.472311619132152
9/28/89,4.477363515312915
9/29/89,4.4824142904693165
9/30/89,4.487463944974479
10/1/89,4.492512479201327
10/2/89,4.497759171295934
10/3/89,4.503005582
10/4/89,4.508251710720512
10/5/89,4.513497558095847
10/6/89,4.518743123943425
10/7/89,4.523988408285917
10/8/89,4.529233411145994
10/9/89,4.534478132546282
10/10/89,4.5397225725094525
10/11/89,4.544966731058153
10/12/89,4.550210608215055
10/13/89,4.555454204002785
10/14/89,4.560697518
10/15/89,4.5659405515613205
10/16/89,4.571183303377424
10/17/89,4.576425773914905
10/18/89,4.581667963196434
10/19/89,4.586909871244638
10/20/89,4.592151498
10/21/89,4.597392843731551
10/22/89,4.602633908215559
10/23/89,4.6078746915567015
10/24/89,4.613115193777673
10/25/89,4.618355414901032
10/26/89,4.623595355
10/27/89,4.628835013945509
10/28/89,4.6340743919118355
10/29/89,4.639313488871011
10/30/89,4.644552304845684
10/31/89,4.649790839858414
11/1/89,4.655029093931851
11/2/89,4.654771140418945
11/3/89,4.654513215492884
11/4/89,4.654255319148937
11/5/89,4.653997451382352
11/6/89,4.653739612188379
11/7/89,4.653481801562243
11/8/89,4.653224019499236
11/9/89,4.652966265994585
11/10/89,4.652708541043538
11/11/89,4.652450844641387
11/12/89,4.652193176783337
11/13/89,4.651935537464702
11/14/89,4.651677926680686
11/15/89,4.6514203444266045
11/16/89,4.6511627906976605
11/17/89,4.650905265489169
11/18/89,4.650647768796379
11/19/89,4.650390300614515
11/20/89,4.650132860938894
11/21/89,4.64987545
11/22/89,4.649618067087347
11/23/89,4.649360712901962
11/24/89,4.649103387203901
11/25/89,4.64884609
11/26/89,4.6485888212506765
11/27/89,4.648331580986098
11/28/89,4.648074369189903
11/29/89,4.647817185857361
11/30/89,4.647560030983722
12/1/89,4.647302904564321
12/2/89,4.665292684885314
12/3/89,4.683276687986715
12/4/89,4.701254916651054
12/5/89,4.719227373658996
12/6/89,4.737194061789496
12/7/89,4.755154983819643
12/8/89,4.773110142524795
12/9/89,4.791059540678555
12/10/89,4.8090031810526845
12/11/89,4.826941066417212
12/12/89,4.844873199540367
12/13/89,4.862799583188604
12/14/89,4.880720220126622
12/15/89,4.8986351131173445
12/16/89,4.916544264921896
12/17/89,4.934447678299647
12/18/89,4.952345356008214
12/19/89,4.9702373008034595
12/20/89,4.988123515439424
12/21/89,5.0060040026684405
12/22/89,5.023878765241063
12/23/89,5.041747805906049
12/24/89,5.059611127410446
12/25/89,5.077468732499546
12/26/89,5.095320623916821
12/27/89,5.113166804404035
12/28/89,5.131007276701238
12/29/89,5.148842043546642
12/30/89,5.166671107676746
12/31/89,5.184494471826295
1/1/90,5.202312138728327
1/2/90,5.204282746497646
1/3/90,5.206252829485236
1/4/90,5.208222387900752
1/5/90,5.210191421953625
1/6/90,5.2121599318532885
1/7/90,5.214127917808953
1/8/90,5.216095380029828
1/9/90,5.218062318724903
1/10/90,5.220028734103144
1/11/90,5.2219946263733386
1/12/90,5.223959995744232
1/13/90,5.225924842424412
1/14/90,5.227889166622357
1/15/90,5.229852968546456
1/16/90,5.231816248404941
1/17/90,5.233779006406003
1/18/90,5.235741242757674
1/19/90,5.237702957667878
1/20/90,5.2396641513444475
1/21/90,5.241624823995128
1/22/90,5.243584975827442
1/23/90,5.2455446070489575
1/24/90,5.247503717866997
1/25/90,5.249462308488884
1/26/90,5.251420379121763
1/27/90,5.253377929972669
1/28/90,5.255334961248548
1/29/90,5.257291473156234
1/30/90,5.259247465902472
1/31/90,5.261202939693832
2/1/90,5.263157894736836
2/2/90,5.2620760534429545
2/3/90,5.260994657
2/4/90,5.259913704540775
2/5/90,5.258833196
2/6/90,5.2577531320599835
2/7/90,5.256673511293641
2/8/90,5.2555943338123745
2/9/90,5.254515599343179
2/10/90,5.2534373076133845
2/11/90,5.252359458350431
2/12/90,5.251282051282047
2/13/90,5.2502050861361615
2/14/90,5.249128563
2/15/90,5.248052480524801
2/16/90,5.246976839516293
2/17/90,5.245901639344264
2/18/90,5.244826879737752
2/19/90,5.24375256
2/20/90,5.242678681138635
2/21/90,5.2416052416052406
2/22/90,5.240532241555762
2/23/90,5.239459680720415
2/24/90,5.238387558829549
2/25/90,5.237315875613735
2/26/90,5.236244630803855
2/27/90,5.2351738241308565
2/28/90,5.234103455326111
3/1/90,5.233033524121011
3/2/90,5.216107170169537
3/3/90,5.199187956444917
3/4/90,5.182275878430032
3/5/90,5.165370931611535
3/6/90,5.148473111
3/7/90,5.131582413529667
3/8/90,5.114698833258702
3/9/90,5.0978223661690025
3/10/90,5.080953007766209
3/11/90,5.064090753559869
3/12/90,5.047235599063171
3/13/90,5.030387539793213
3/14/90,5.013546571270755
3/15/90,4.996712689020377
3/16/90,4.9798858885704345
3/17/90,4.963066165453078
3/18/90,4.946253515
3/19/90,4.929447933363118
3/20/90,4.912649415473536
3/21/90,4.895857957
3/22/90,4.879073553740709
3/23/90,4.862296201002914
3/24/90,4.845525894427372
3/25/90,4.8287626295761665
3/26/90,4.812006402015068
3/27/90,4.795257207313552
3/28/90,4.778515041044895
3/29/90,4.761779898785967
3/30/90,4.745051776117459
3/31/90,4.728330668623726
4/1/90,4.711616571892785
4/2/90,4.699894414814421
4/3/90,4.688176699870095
4/4/90,4.676463424535204
4/5/90,4.664754586287145
4/6/90,4.653050182605156
4/7/90,4.641350210970474
4/8/90,4.629654668866112
4/9/90,4.617963553777105
4/10/90,4.606276863190328
4/11/90,4.594594594594592
4/12/90,4.582916745480592
4/13/90,4.571243313340911
4/14/90,4.559574295670021
4/15/90,4.547909689964347
4/16/90,4.536249493722178
4/17/90,4.524593704443602
4/18/90,4.512942319630753
4/19/90,4.5012953367875586
4/20/90,4.489652753419859
4/21/90,4.478014567035338
4/22/90,4.466380775143608
4/23/90,4.454751375256172
4/24/90,4.443126364886374
4/25/90,4.431505741549402
4/26/90,4.419889503
4/27/90,4.408277646044412
4/28/90,4.396670168916184
4/29/90,4.3850670689004945
4/30/90,4.373468343521925
5/1/90,4.3618739903069415
5/2/90,4.371954873505124
5/3/90,4.3820341809087004
5/4/90,4.392111912887153
5/5/90,4.402188069809854
5/6/90,4.412262652045951
5/7/90,4.422335659964571
5/8/90,4.4324070939347315
5/9/90,4.442476954325292
5/10/90,4.4525452415050015
5/11/90,4.4626119558425215
5/12/90,4.472677097706379
5/13/90,4.482740667464991
5/14/90,4.492802665486639
5/15/90,4.502863092139497
5/16/90,4.512921947791693
5/17/90,4.522979232811131
5/18/90,4.533034947565651
5/19/90,4.5430890924229805
5/20/90,4.5531416677507375
5/21/90,4.563192674
5/22/90,4.5732421112874455
5/23/90,4.583289980230987
5/24/90,4.593336281114269
5/25/90,4.603381014304309
5/26/90,4.613424180168013
5/27/90,4.623465779072178
5/28/90,4.633505811383554
5/29/90,4.643544277468692
5/30/90,4.653581177694033
5/31/90,4.663616512425928
6/1/90,4.673650282030639
6/2/90,4.678645287782368
6/3/90,4.683639488666902
6/4/90,4.688632884878774
6/5/90,4.693625476612429
6/6/90,4.698617264
6/7/90,4.703608247422686
6/8/90,4.708598426887889
6/9/90,4.713587802652075
6/10/90,4.718576374909422
6/11/90,4.723564143853998
6/12/90,4.728551109679846
6/13/90,4.733537272580901
6/14/90,4.738522632751074
6/15/90,4.743507190384211
6/16/90,4.748490945674044
6/17/90,4.753473898814331
6/18/90,4.758456049998672
6/19/90,4.763437399420667
6/20/90,4.768417947273851
6/21/90,4.773397693751691
6/22/90,4.7783766390475435
6/23/90,4.783354783354787
6/24/90,4.788332126866668
6/25/90,4.79330867
6/26/90,4.798284412277165
6/27/90,4.803259354562028
6/28/90,4.808233496823977
6/29/90,4.8132068392560345
6/30/90,4.818179382051069
7/1/90,4.8231511254019255
7/2/90,4.848830576155172
7/3/90,4.874507363617497
7/4/90,4.900181488203281
7/5/90,4.925852950326659
7/6/90,4.9515217504018105
7/7/90,4.9771878888428045
7/8/90,5.0028513660635765
7/9/90,5.028512182477973
7/10/90,5.054170338499819
7/11/90,5.079825834542806
7/12/90,5.105478671
7/13/90,5.131128848346633
7/14/90,5.156776366934435
7/15/90,5.182421227197342
7/16/90,5.208063429548626
7/17/90,5.233702974401511
7/18/90,5.259339862169021
7/19/90,5.284974093
7/20/90,5.310605668100088
7/21/90,5.336234587089428
7/22/90,5.361860850644984
7/23/90,5.387484459179448
7/24/90,5.413105413105401
7/25/90,5.4387237128353805
7/26/90,5.464339358781789
7/27/90,5.489952351356964
7/28/90,5.515562691
7/29/90,5.541170378042448
7/30/90,5.566775412977076
7/31/90,5.592377796188908
8/1/90,5.617977528089879
8/2/90,5.635516438001553
8/3/90,5.653051716104973
8/4/90,5.6705833635281255
8/5/90,5.688111381398486
8/6/90,5.705635770843043
8/7/90,5.7231565329883605
8/8/90,5.7406736689605165
8/9/90,5.758187179885144
8/10/90,5.775697066887364
8/11/90,5.793203331091901
8/12/90,5.810705973622943
8/13/90,5.828204996
8/14/90,5.845700398
8/15/90,5.863192182410426
8/16/90,5.880680349480416
8/17/90,5.898164900491087
8/18/90,5.915645837
8/19/90,5.933123158819575
8/20/90,5.950596868378888
8/21/90,5.968066966361807
8/22/90,5.985533453887881
8/23/90,6.002996332
8/24/90,6.020455602
8/25/90,6.037911264913998
8/26/90,6.055363321799301
8/27/90,6.0728117738187315
8/28/90,6.0902566220891075
8/29/90,6.107697868
8/30/90,6.1251355118476125
8/31/90,6.142569555567023
9/1/90,6.159999999999988
9/2/90,6.164347037807283
9/3/90,6.168692685
9/4/90,6.173036942267718
9/5/90,6.177379810254746
9/6/90,6.181721289634945
9/7/90,6.186061381074159
9/8/90,6.190400085237857
9/9/90,6.194737402791084
9/10/90,6.199073334398464
9/11/90,6.203407880724177
9/12/90,6.207741042432002
9/13/90,6.212072820185233
9/14/90,6.216403214646871
9/15/90,6.220732226479342
9/16/90,6.225059856344761
9/17/90,6.229386104904777
9/18/90,6.233710972820594
9/19/90,6.238034460753039
9/20/90,6.2423565693624505
9/21/90,6.246677299308878
9/22/90,6.2509966512517945
9/23/90,6.255314625850339
9/24/90,6.259631223763229
9/25/90,6.263946445648716
9/26/90,6.2682602921646735
9/27/90,6.272572763968576
9/28/90,6.276883861717386
9/29/90,6.281193586067757
9/30/90,6.2855019376758525
10/1/90,6.289808917197459
10/2/90,6.289324327794743
10/3/90,6.288839813055325
10/4/90,6.288355372961885
10/5/90,6.287871007
10/6/90,6.2873867166439945
10/7/90,6.286902500385083
10/8/90,6.286418358703183
10/9/90,6.285934292
10/10/90,6.285450299001627
10/11/90,6.284966380947488
10/12/90,6.284482537401548
10/13/90,6.283998768
10/14/90,6.283515073765233
10/15/90,6.283031453640531
10/16/90,6.282547907955172
10/17/90,6.282064436691992
10/18/90,6.2815810398337835
10/19/90,6.281097717363426
10/20/90,6.280614469263712
10/21/90,6.280131295517477
10/22/90,6.279648196107601
10/23/90,6.279165171016876
10/24/90,6.27868222
10/25/90,6.278199343724378
10/26/90,6.2777165414882985
10/27/90,6.277233813502847
10/28/90,6.276751159750904
10/29/90,6.276268580215283
10/30/90,6.2757860748789085
10/31/90,6.275303643724706
11/1/90,6.274821287
11/2/90,6.269194112040677
11/3/90,6.263567533223924
11/4/90,6.2579415501906155
11/5/90,6.252316162846094
11/6/90,6.246691371095814
11/7/90,6.241067174845183
11/8/90,6.235443573999588
11/9/90,6.229820568464528
11/10/90,6.224198158145455
11/11/90,6.218576342947868
11/12/90,6.2129551227773305
11/13/90,6.207334497539296
11/14/90,6.2017144671393964
11/15/90,6.196095031483151
11/16/90,6.190476190476191
11/17/90,6.184857944024147
11/18/90,6.179240292032606
11/19/90,6.173623234407244
11/20/90,6.168006771053758
11/21/90,6.162390901877823
11/22/90,6.156775627
11/23/90,6.151160945681511
11/24/90,6.145546858472617
11/25/90,6.139933365064265
11/26/90,6.134320465362264
11/27/90,6.128708159
11/28/90,6.123096446700527
11/29/90,6.1174853275524965
11/30/90,6.111874801734163
12/1/90,6.106264869
12/2/90,6.091448445171865
12/3/90,6.076641869264021
12/4/90,6.0618451316125865
12/5/90,6.047058222415247
12/6/90,6.032281131882722
12/7/90,6.01751385
12/8/90,6.002756367719897
12/9/90,5.988008674575829
12/10/90,5.9732707610691715
12/11/90,5.958542617475349
12/12/90,5.943824234082684
12/13/90,5.929115601192447
12/14/90,5.914416709118697
12/15/90,5.899727548188327
12/16/90,5.885048109
12/17/90,5.870378381129293
12/18/90,5.8557183557183645
12/19/90,5.841068023
12/20/90,5.826427373023546
12/21/90,5.811796396533753
12/22/90,5.7971750838329505
12/23/90,5.782563425349818
12/24/90,5.767961411525779
12/25/90,5.753369032814759
12/26/90,5.738786279683361
12/27/90,5.724213142610779
12/28/90,5.709649612088641
12/29/90,5.695095678621209
12/30/90,5.6805513327252255
12/31/90,5.666016564929954
1/1/91,5.651491365777073
1/2/91,5.6405063291139035
1/3/91,5.629524629170235
1/4/91,5.618546264425994
1/5/91,5.6075712333619965
1/6/91,5.596599534460078
1/7/91,5.585631166202876
1/8/91,5.574666127074068
1/9/91,5.563704415558135
1/10/91,5.552746030140576
1/11/91,5.5417909693077805
1/12/91,5.530839231547002
1/13/91,5.519890815346518
1/14/91,5.5089457191953795
1/15/91,5.498003941583707
1/16/91,5.487065481002418
1/17/91,5.476130336
1/18/91,5.465198504899482
1/19/91,5.454269986364335
1/20/91,5.443344778832548
1/21/91,5.4324228807997255
1/22/91,5.421504290762247
1/23/91,5.410589007217492
1/24/91,5.3996770286637075
1/25/91,5.388768353600071
1/26/91,5.377862980526693
1/27/91,5.366960907944529
1/28/91,5.356062134355466
1/29/91,5.345166658262324
1/30/91,5.334274478
1/31/91,5.323385592579544
2/1/91,5.312500000000009
2/2/91,5.297514436354511
2/3/91,5.282534724159071
2/4/91,5.267560859987186
2/5/91,5.2525928404148825
2/6/91,5.237630662020898
2/7/91,5.222674321386767
2/8/91,5.207723815096554
2/9/91,5.192779139737036
2/10/91,5.1778402918976285
2/11/91,5.162907268170414
2/12/91,5.147980065150204
2/13/91,5.133058679434388
2/14/91,5.118143107622952
2/15/91,5.1032333463186585
2/16/91,5.088329392126867
2/17/91,5.073431241655535
2/18/91,5.058538891515352
2/19/91,5.0436523383195375
2/20/91,5.0287715786840215
2/21/91,5.013896609227353
2/22/91,4.9990274265707235
2/23/91,4.984164027337901
2/24/91,4.969306408155338
2/25/91,4.954454565652067
2/26/91,4.939608496459802
2/27/91,4.9247681972128365
2/28/91,4.909933664548016
3/1/91,4.895104895104896
3/2/91,4.894859520288741
3/3/91,4.894614170070932
3/4/91,4.894368844447805
3/5/91,4.894123543415629
3/6/91,4.893878266970719
3/7/91,4.893633015109389
3/8/91,4.8933877878279075
3/9/91,4.893142585122656
3/10/91,4.892897407
3/11/91,4.892652253425878
3/12/91,4.8924071244269784
3/13/91,4.892162019989477
3/14/91,4.891916940109731
3/15/91,4.891671884783988
3/16/91,4.891426854008585
3/17/91,4.891181847779791
3/18/91,4.890936866094009
3/19/91,4.890691908947464
3/20/91,4.890446976
3/21/91,4.890202068257499
3/22/91,4.889957184706661
3/23/91,4.889712325680362
3/24/91,4.889467491174915
3/25/91,4.8892226811866335
3/26/91,4.888977896
3/27/91,4.888733134746781
3/28/91,4.888488398287882
3/29/91,4.888243686331428
3/30/91,4.8879989988737105
3/31/91,4.8877543359110875
4/1/91,4.8875096974398735
4/2/91,4.889716339565053
4/3/91,4.891922639362889
4/4/91,4.894128596913028
4/5/91,4.896334212295117
4/6/91,4.898539485588738
4/7/91,4.900744416873448
4/8/91,4.9029490062288295
4/9/91,4.905153253734418
4/10/91,4.907357159469705
4/11/91,4.909560723514206
4/12/91,4.911763945947345
4/13/91,4.913966826848526
4/14/91,4.9161693662972406
4/15/91,4.918371564372803
4/16/91,4.920573421154573
4/17/91,4.922774937
4/18/91,4.924976111154145
4/19/91,4.927176944530531
4/20/91,4.929377436930293
4/21/91,4.931577588432745
4/22/91,4.933777399117045
4/23/91,4.935976869062375
4/24/91,4.938175998347916
4/25/91,4.940374787052804
4/26/91,4.942573235256176
4/27/91,4.944771343037058
4/28/91,4.946969110474586
4/29/91,4.949166537647742
4/30/91,4.951363624635552
5/1/91,4.953560371517041
5/2/91,4.945205821413401
5/3/91,4.936854191
5/4/91,4.928505477503564
5/5/91,4.920159680638725
5/6/91,4.911816798463331
5/7/91,4.903476829450826
5/8/91,4.8951397720755185
5/9/91,4.8868056248130065
5/10/91,4.878474386139842
5/11/91,4.870146054533686
5/12/91,4.861820628473179
5/13/91,4.853498106438114
5/14/91,4.845178486909285
5/15/91,4.836861768368639
5/16/91,4.828547949298989
5/17/91,4.8202370281844376
5/18/91,4.811929003509974
5/19/91,4.8036238737617865
5/20/91,4.795321637426908
5/21/91,4.787022292993615
5/22/91,4.778725838951203
5/23/91,4.770432273789993
5/24/91,4.762141596001301
5/25/91,4.753853804077557
5/26/91,4.7455688965122755
5/27/91,4.737286871799973
5/28/91,4.729007728436163
5/29/91,4.720731464917516
5/30/91,4.712458079741633
5/31/91,4.704187571407292
6/1/91,4.695919938414161
6/2/91,4.687620269403436
6/3/91,4.679322729604918
6/4/91,4.671027318199306
6/5/91,4.662734034367788
6/6/91,4.654442877291953
6/7/91,4.646153846153833
6/8/91,4.63786694
6/9/91,4.629582158420931
6/10/91,4.621299500192233
6/11/91,4.613018964633531
6/12/91,4.604740550928876
6/13/91,4.596464258262878
6/14/91,4.588190085820409
6/15/91,4.5799180327869005
6/16/91,4.571648098348047
6/17/91,4.563380281690121
6/18/91,4.555114581999731
6/19/91,4.5468509984638805
6/20/91,4.538589530270065
6/21/91,4.530330176606068
6/22/91,4.522072936660249
6/23/91,4.513817809621257
6/24/91,4.505564794678274
6/25/91,4.4973138910207044
6/26/91,4.489065097838596
6/27/91,4.480818414322241
6/28/91,4.4725738396624415
6/29/91,4.464331373050356
6/30/91,4.456091014
7/1/91,4.447852760736182
7/2/91,4.426748441982364
7/3/91,4.405656645569622
7/4/91,4.38457736
7/5/91,4.3635105752124925
7/6/91,4.342456279
7/7/91,4.321414460687478
7/8/91,4.300385109114235
7/9/91,4.2793682132280075
7/10/91,4.258363761965844
7/11/91,4.237371744277807
7/12/91,4.216392149127146
7/13/91,4.1954249654900355
7/14/91,4.174470182355816
7/15/91,4.153527788726841
7/16/91,4.132597773618363
7/17/91,4.111680126058692
7/18/91,4.090774835089084
7/19/91,4.069881889763782
7/20/91,4.049001279149866
7/21/91,4.028132992327338
7/22/91,4.007277018
7/23/91,3.9864333464411983
7/24/91,3.9656019656019836
7/25/91,3.9447828650029493
7/26/91,3.923976033788401
7/27/91,3.903181461115479
7/28/91,3.8823991361539134
7/29/91,3.861629048086379
7/30/91,3.840871186108097
7/31/91,3.8201255394272327
8/1/91,3.7993920972644313
8/2/91,3.7861151273065996
8/3/91,3.7728453133421436
8/4/91,3.759582649587312
8/5/91,3.746327130264415
8/6/91,3.7330787496022033
8/7/91,3.7198375018354435
8/8/91,3.706603381205187
8/9/91,3.693376381958724
8/10/91,3.6801564983494517
8/11/91,3.666943724636984
8/12/91,3.6537380550871523
8/13/91,3.6405394839718275
8/14/91,3.627348005569253
8/15/91,3.6141636141636235
8/16/91,3.600986304045306
8/17/91,3.587816069510885
8/18/91,3.574652904862985
8/19/91,3.5614968044104023
8/20/91,3.548347762468018
8/21/91,3.535205773356731
8/22/91,3.522070831403701
8/23/91,3.5089429309420384
8/24/91,3.495822066310983
8/25/91,3.4827082318558356
8/26/91,3.4696014219278704
8/27/91,3.4565016308845786
8/28/91,3.443408853089358
8/29/91,3.430323082911624
8/30/91,3.417244314726986
8/31/91,3.4041725429168723
9/1/91,3.3911077618688834
9/2/91,3.3753578783464633
9/3/91,3.359614322302007
9/4/91,3.343877089923186
9/5/91,3.328146177400737
9/6/91,3.312421580928482
9/7/91,3.296703296703285
9/8/91,3.2809913209251196
9/9/91,3.2652856497968674
9/10/91,3.2495862795245856
9/11/91,3.233893206317351
9/12/91,3.2182064263872823
9/13/91,3.202525935949496
9/14/91,3.186851731222129
9/15/91,3.1711838084264254
9/16/91,3.1555221637866504
9/17/91,3.1398667935299773
9/18/91,3.124217693886755
9/19/91,3.108574861090241
9/20/91,3.092938291376801
9/21/91,3.077307980985755
9/22/91,3.0616839261593976
9/23/91,3.0460661231431096
9/24/91,3.0304545681852257
9/25/91,3.014849257537122
9/26/91,2.9992501874531285
9/27/91,2.9836573541906164
9/28/91,2.9680707540099105
9/29/91,2.952490383174311
9/30/91,2.936916238
10/1/91,2.921348314606753
10/2/91,2.923552720595346
10/3/91,2.9257568070353512
10/4/91,2.9279605739962244
10/5/91,2.9301640215474656
10/6/91,2.9323671497584414
10/7/91,2.934569958698652
10/8/91,2.9367724484374413
10/9/91,2.9389746190441546
10/10/91,2.941176470588247
10/11/91,2.9433780031389523
10/12/91,2.945579216765659
10/13/91,2.9477801115376234
10/14/91,2.949980687524145
10/15/91,2.952180944794458
10/16/91,2.9543808834177954
10/17/91,2.956580503463435
10/18/91,2.958779805
10/19/91,2.9609787880981786
10/20/91,2.9631774528256383
10/21/91,2.9653757992520235
10/22/91,2.9675738274464347
10/23/91,2.9697715374779943
10/24/91,2.971968929415758
10/25/91,2.9741660033287376
10/26/91,2.9763627592860553
10/27/91,2.9785591973567005
10/28/91,2.980755317609596
10/29/91,2.9829511201138192
10/30/91,2.9851466049382713
10/31/91,2.987341772151897
11/1/91,2.9895366218236186
11/2/91,2.9920279023418095
11/3/91,2.994519182859978
11/4/91,2.997010463378169
11/5/91,2.999501744
11/6/91,3.0019930244145288
11/7/91,3.004484304932742
11/8/91,3.006975585450933
11/9/91,3.0094668659691015
11/10/91,3.0119581464872924
11/11/91,3.0144494270054834
11/12/91,3.0169407075236743
11/13/91,3.019431988041843
11/14/91,3.021923268560034
11/15/91,3.024414549078225
11/16/91,3.0269058295964157
11/17/91,3.0293971101146067
11/18/91,3.0318883906327976
11/19/91,3.0343796711509663
11/20/91,3.036870951669157
11/21/91,3.039362232187348
11/22/91,3.041853512705517
11/23/91,3.0443447932237078
11/24/91,3.0468360737418987
11/25/91,3.0493273542600674
11/26/91,3.0518186347782583
11/27/91,3.0543099152964714
11/28/91,3.056801196
11/29/91,3.059292476332831
11/30/91,3.061783756851022
12/1/91,3.064275037369213
12/2/91,3.0492214240948723
12/3/91,3.0341736154624543
12/4/91,3.0191316081152886
12/5/91,3.004095398699125
12/6/91,2.9890649838624217
12/7/91,2.9740403602562138
12/8/91,2.959021524534089
12/9/91,2.9440084733522776
12/10/91,2.9290012033694524
12/11/91,2.9139997112469285
12/12/91,2.899003993648641
12/13/91,2.884014047241057
12/14/91,2.869029868693196
12/15/91,2.8540514546766094
12/16/91,2.839078801865469
12/17/91,2.8241119069364995
12/18/91,2.8091507665689353
12/19/91,2.794195377444608
12/20/91,2.779245736247904
12/21/91,2.764301839665695
12/22/91,2.7493636843874514
12/23/91,2.7344312671051973
12/24/91,2.7195045845134436
12/25/91,2.704583633309343
12/26/91,2.689668410192425
12/27/91,2.674758911864883
12/28/91,2.6598551350314192
12/29/91,2.6449570763992014
12/30/91,2.630064732678039
12/31/91,2.6151781005800956
1/1/92,2.600297176820199
1/2/92,2.6073619631902023
1/3/92,2.614426072370013
1/4/92,2.6214895044570197
1/5/92,2.6285522595485666
1/6/92,2.6356143377419983
1/7/92,2.6426757391346145
1/8/92,2.649736463823671
1/9/92,2.6567965119064674
1/10/92,2.6638558834802595
1/11/92,2.6709145786422583
1/12/92,2.6779725974897195
1/13/92,2.685029940119743
1/14/92,2.692086606629629
1/15/92,2.699142597116433
1/16/92,2.706197911677366
1/17/92,2.713252550409484
1/18/92,2.7203065134099536
1/19/92,2.727359800775808
1/20/92,2.7344124126041702
1/21/92,2.7414643489919843
1/22/92,2.748515610036373
1/23/92,2.7555661958343025
1/24/92,2.762616106482807
1/25/92,2.7696653420787865
1/26/92,2.7767139027192522
1/27/92,2.7837617885011046
1/28/92,2.790808999521288
1/29/92,2.797855535876681
1/30/92,2.8049013976641612
1/31/92,2.8119465849805847
2/1/92,2.8189910979228294
2/2/92,2.831448685131277
2/3/92,2.8439049522605453
2/4/92,2.856359899520422
2/5/92,2.868813527120717
2/6/92,2.8812658352711518
2/7/92,2.8937168241814026
2/8/92,2.906166494
2/9/92,2.9186148451198157
2/10/92,2.9310618775671093
2/11/92,2.9435075916125264
2/12/92,2.955951987465455
2/13/92,2.9683950653353497
2/14/92,2.980836825431621
2/15/92,2.993277267963501
2/16/92,3.005716393140312
2/17/92,3.0181542011713303
2/18/92,3.030590692
2/19/92,3.043025866632587
2/20/92,3.0554597244811132
2/21/92,3.067892266020289
2/22/92,3.0803234914591693
2/23/92,3.092753401006698
2/24/92,3.1051819948718418
2/25/92,3.1176092732634775
2/26/92,3.130035236390394
2/27/92,3.1424598844614238
2/28/92,3.1548832176853114
2/29/92,3.1673052362707566
3/1/92,3.1802542291885727
3/2/92,3.1801022602379936
3/3/92,3.1799503058103973
3/4/92,3.1797983659037854
3/5/92,3.1796464405160263
3/6/92,3.1794945296450328
3/7/92,3.179342633288762
3/8/92,3.1791907514450823
3/9/92,3.179038884111973
3/10/92,3.178887031287325
3/11/92,3.178735192969051
3/12/92,3.178583369155108
3/13/92,3.178431559843342
3/14/92,3.1782797650317773
3/15/92,3.1781279847182597
3/16/92,3.1779762189007243
3/17/92,3.1778244675771283
3/18/92,3.1776727307453623
3/19/92,3.177521008403361
3/20/92,3.177369301
3/21/92,3.1772176071803715
3/22/92,3.1770659282952307
3/23/92,3.1769142638915504
3/24/92,3.1767626139672434
3/25/92,3.176610978520289
3/26/92,3.1764593575485778
3/27/92,3.1763077510500226
3/28/92,3.1761561590225806
3/29/92,3.1760045814641424
3/30/92,3.1758530183727096
3/31/92,3.1757014697461505
4/1/92,3.1702987871018884
4/2/92,3.165056201932548
4/3/92,3.159814650497883
4/4/92,3.154574132492116
4/5/92,3.1493346476096695
4/6/92,3.144096195545032
4/7/92,3.1388587759929143
4/8/92,3.1336223886480274
4/9/92,3.128387033
4/10/92,3.123152709359611
4/11/92,3.1179194168062363
4/12/92,3.1126871552403568
4/13/92,3.1074559243573274
4/14/92,3.1022257238526807
4/15/92,3.096996553421971
4/16/92,3.0917684127609313
4/17/92,3.0865413015654264
4/18/92,3.0813152195313886
4/19/92,3.0760901663549722
4/20/92,3.070866141732287
4/21/92,3.065643145359709
4/22/92,3.0604211769336587
4/23/92,3.0552002361507347
4/24/92,3.0499803227076017
4/25/92,3.0447614363010356
4/26/92,3.039543577
4/27/92,3.0343267433854404
4/28/92,3.0291109362706514
4/29/92,3.0238961549808208
4/30/92,3.0186823992133682
5/1/92,3.013796384395828
5/2/92,3.015888117210541
5/3/92,3.0179794520547976
5/4/92,3.0200703890421288
5/5/92,3.0221609282860884
5/6/92,3.0242510699001413
5/7/92,3.0263408139977077
5/8/92,3.0284301606922304
5/9/92,3.030519110096974
5/10/92,3.032607662325315
5/11/92,3.0346958174904737
5/12/92,3.036783575705737
5/13/92,3.038870937084215
5/14/92,3.0409579017390387
5/15/92,3.0430444697833403
5/16/92,3.0451306413301626
5/17/92,3.047216416492482
5/18/92,3.049301795383297
5/19/92,3.0513867781154946
5/20/92,3.053471364801985
5/21/92,3.0555555555555447
5/22/92,3.0576393504890387
5/23/92,3.0597227497151325
5/24/92,3.0618057533466247
5/25/92,3.063888361496092
5/26/92,3.065970574276222
5/27/92,3.068052391799525
5/28/92,3.0701338141785994
5/29/92,3.0722148415258888
5/30/92,3.0742954739538586
5/31/92,3.076375712
6/1/92,3.0831821969511175
6/2/92,3.085481815508273
6/3/92,3.087781208645768
6/4/92,3.0900803763967755
6/5/92,3.0923793187944026
6/6/92,3.0946780358718007
6/7/92,3.0969765276620764
6/8/92,3.0992747941983367
6/9/92,3.101572835513733
6/10/92,3.1038706516413495
6/11/92,3.106168242614271
6/12/92,3.108465608465627
6/13/92,3.110762749228413
6/14/92,3.1130596649358244
6/15/92,3.1153563556208796
6/16/92,3.117652821316619
6/17/92,3.1199490620561265
6/18/92,3.1222450778724653
6/19/92,3.1245408687986753
6/20/92,3.1268364348677746
6/21/92,3.129131776112848
6/22/92,3.1314268925668465
6/23/92,3.133721784262833
6/24/92,3.1360164512338473
6/25/92,3.1383108935128634
6/26/92,3.140605111132877
6/27/92,3.142899104126906
6/28/92,3.145192872527902
6/29/92,3.147486416368883
6/30/92,3.149779735682845
7/1/92,3.147349974
7/2/92,3.1470518588680996
7/3/92,3.1467538002557305
7/4/92,3.1464557980964925
7/5/92,3.1461578523744205
7/6/92,3.1458599630734163
7/7/92,3.145562130177537
7/8/92,3.145264353670685
7/9/92,3.144966634
7/10/92,3.1446689697600894
7/11/92,3.1443713623243275
7/12/92,3.1440738112136435
7/13/92,3.143776316412006
7/14/92,3.143478877903405
7/15/92,3.143181495671943
7/16/92,3.142884169701543
7/17/92,3.142586899976374
7/18/92,3.1422896864803374
7/19/92,3.1419925291976236
7/20/92,3.1416954281121567
7/21/92,3.1413983832080605
7/22/92,3.1411013944694144
7/23/92,3.140804461880231
7/24/92,3.1405075854246567
7/25/92,3.140210765086726
7/26/92,3.139914000850541
7/27/92,3.1396172927002253
7/28/92,3.139320640619836
7/29/92,3.139024044593519
7/30/92,3.138727504605354
7/31/92,3.1384310206395094
8/1/92,3.133264072534936
8/2/92,3.128098588224182
8/3/92,3.122934567085278
8/4/92,3.1177720084965888
8/5/92,3.1126109118368994
8/6/92,3.107451276485307
8/7/92,3.1022931018213074
8/8/92,3.0971363872246194
8/9/92,3.091981132075472
8/10/92,3.086827335754383
8/11/92,3.081674997642181
8/12/92,3.0765241171201163
8/13/92,3.071374693569684
8/14/92,3.066226726372845
8/15/92,3.061080214911893
8/16/92,3.055935158569345
8/17/92,3.0507915567282495
8/18/92,3.0456494087718555
8/19/92,3.040508714083856
8/20/92,3.035369472048255
8/21/92,3.0302316820493447
8/22/92,3.0250953434719507
8/23/92,3.0199604557009874
8/24/92,3.014827018121924
8/25/92,3.009695030120496
8/26/92,3.004564491082773
8/27/92,2.999435400395223
8/28/92,2.9943077574446253
8/29/92,2.9891815616180706
8/30/92,2.984056812303093
8/31/92,2.978933508887449
9/1/92,2.983334143141758
9/2/92,2.990477115926571
9/3/92,2.997619394646067
9/4/92,3.0047609794014996
9/5/92,3.0119018702939204
9/6/92,3.0190420674244933
9/7/92,3.0261815708942486
9/8/92,3.033320380804372
9/9/92,3.040458497255827
9/10/92,3.0475959203497105
9/11/92,3.0547326501869643
9/12/92,3.0618686868687073
9/13/92,3.069004030495792
9/14/92,3.0761386811692937
9/15/92,3.0832726389900422
9/16/92,3.090405904059046
9/17/92,3.0975384764771796
9/18/92,3.104670356345296
9/19/92,3.111801543764292
9/20/92,3.118932038834954
9/21/92,3.1260618416581787
9/22/92,3.133190952
9/23/92,3.1403193709654165
9/24/92,3.147447097650935
9/25/92,3.154574132492116
9/26/92,3.161700475589635
9/27/92,3.168826127044233
9/28/92,3.175951086956519
9/29/92,3.183075355427234
9/30/92,3.190198932557009
10/1/92,3.1926381520259284
10/2/92,3.187643772592841
10/3/92,3.182650330939296
10/4/92,3.177657826801217
10/5/92,3.1726662599145916
10/6/92,3.1676756300154763
10/7/92,3.162685936840126
10/8/92,3.157697180124819
10/9/92,3.152709359605921
10/10/92,3.147722475019954
10/11/92,3.1427365261034623
10/12/92,3.137751512593212
10/13/92,3.132767434225947
10/14/92,3.1277842907385667
10/15/92,3.122802081868059
10/16/92,3.117820807351479
10/17/92,3.112840466926059
10/18/92,3.1078610603290535
10/19/92,3.1028825872978505
10/20/92,3.097905047569971
10/21/92,3.0929284408828916
10/22/92,3.087952766974378
10/23/92,3.0829780255821504
10/24/92,3.078004216444108
10/25/92,3.073031339298282
10/26/92,3.068059393882616
10/27/92,3.0630883799353636
10/28/92,3.0581182971947563
10/29/92,3.053149145399181
10/30/92,3.048180924287114
10/31/92,3.043213633597075
11/1/92,3.045402868822711
11/2/92,3.0404915098447116
11/3/92,3.0355803884575483
11/4/92,3.030669504643968
11/5/92,3.0257588583867623
11/6/92,3.020848449668634
11/7/92,3.0159382784724187
11/8/92,3.011028344780864
11/9/92,3.006118648576739
11/10/92,3.0012091898427906
11/11/92,2.996299968561811
11/12/92,2.991390984716591
11/13/92,2.986482238289856
11/14/92,2.9815737292644195
11/15/92,2.9766654576230067
11/16/92,2.9717574233484534
11/17/92,2.966849626423551
11/18/92,2.961942066831069
11/19/92,2.957034744553777
11/20/92,2.952127659574466
11/21/92,2.947220811875928
11/22/92,2.942314201440932
11/23/92,2.937407828252314
11/24/92,2.9325016922928215
11/25/92,2.927595794
11/26/92,2.922690131992467
11/27/92,2.917784707617166
11/28/92,2.912879520402223
11/29/92,2.9079745703304294
11/30/92,2.903069857384577
12/1/92,2.8958386938317204
12/2/92,2.9073983112296364
12/3/92,2.918956847152354
12/4/92,2.930514301751752
12/5/92,2.9420706751794867
12/6/92,2.9536259675873033
12/7/92,2.965180179126814
12/8/92,2.9767333099497195
12/9/92,2.988285360207632
12/10/92,2.9998363300521413
12/11/92,3.011386219634793
12/12/92,3.0229350291071544
12/13/92,3.0344827586206824
12/14/92,3.046029408
12/15/92,3.057574978377242
12/16/92,3.0691194689231205
12/17/92,3.0806628801159253
12/18/92,3.0922052121070465
12/19/92,3.1037464650477853
12/20/92,3.115286639089465
12/21/92,3.126825734383387
12/22/92,3.138363751080786
12/23/92,3.149900689332874
12/24/92,3.161436549290819
12/25/92,3.172971331105856
12/26/92,3.184505034929086
12/27/92,3.1960376609116103
12/28/92,3.2075692092045305
12/29/92,3.219099679958881
12/30/92,3.230629073325697
12/31/92,3.2421573894559685
1/1/93,3.246449925261574
1/2/93,3.2460708530861027
1/3/93,3.245691869425116
1/4/93,3.2453129742476383
1/5/93,3.2449341675226284
1/6/93,3.244555449219222
1/7/93,3.2441768193063325
1/8/93,3.2437982777531627
1/9/93,3.2434198245286483
1/10/93,3.2430414596019697
1/11/93,3.2426631829421737
1/12/93,3.2422849945184407
1/13/93,3.2419068942998397
1/14/93,3.241528882255551
1/15/93,3.2411509583546882
1/16/93,3.2407731225665204
1/17/93,3.2403953748601166
1/18/93,3.2400177152047904
1/19/93,3.2396401435696554
1/20/93,3.239262659924047
1/21/93,3.2388852642371013
1/22/93,3.2385079564781982
1/23/93,3.2381307366164958
1/24/93,3.237753604621374
1/25/93,3.2373765604620797
1/26/93,3.2369996041079707
1/27/93,3.2366227355283383
1/28/93,3.2362459546925626
1/29/93,3.235869261569979
1/30/93,3.235492656
1/31/93,3.2351161383419313
2/1/93,3.2287754035969174
2/2/93,3.2236832755386136
2/3/93,3.2185929201967944
2/4/93,3.2135043366458893
2/5/93,3.208417523961038
2/6/93,3.2033324812179576
2/7/93,3.1982492074930535
2/8/93,3.193167701863353
2/9/93,3.1880879634065495
2/10/93,3.1830099912009358
2/11/93,3.1779337843254707
2/12/93,3.1728593418598017
2/13/93,3.1677866628840867
2/14/93,3.162715746479261
2/15/93,3.157646591726837
2/16/93,3.152579197708949
2/17/93,3.1475135635083973
2/18/93,3.142449688208604
2/19/93,3.137387570893657
2/20/93,3.1323272106482225
2/21/93,3.127268606557676
2/22/93,3.1222117577079267
2/23/93,3.1171566631856384
2/24/93,3.1121033220780303
2/25/93,3.1070517334729653
2/26/93,3.1020018964589946
2/27/93,3.0969538101252025
2/28/93,3.0919074735613394
3/1/93,3.086862885857844
3/2/93,3.091351163598466
3/3/93,3.0958390256327073
3/4/93,3.100326472018322
3/5/93,3.1048135028130863
3/6/93,3.109300118074665
3/7/93,3.113786317860856
3/8/93,3.1182721022293247
3/9/93,3.122757471237736
3/10/93,3.1272424249438657
3/11/93,3.1317269634053124
3/12/93,3.1362110866797854
3/13/93,3.1406947948249053
3/14/93,3.145178087898337
3/15/93,3.1496609659577235
3/16/93,3.154143429060685
3/17/93,3.1586254772648426
3/18/93,3.1631071106277497
3/19/93,3.1675883292070717
3/20/93,3.172069133060318
3/21/93,3.176549522245087
3/22/93,3.1810294968189767
3/23/93,3.185509056839475
3/24/93,3.189988202364158
3/25/93,3.1944669334505127
3/26/93,3.1989452501561155
3/27/93,3.2034231525384538
3/28/93,3.2079006406549926
3/29/93,3.2123777145632637
3/30/93,3.2168543743206657
3/31/93,3.2213306199847525
4/1/93,3.2258064516129004
4/2/93,3.225652298575943
4/3/93,3.2254981602714228
4/4/93,3.225344036697253
4/5/93,3.225189927851302
4/6/93,3.225035833731482
4/7/93,3.2248817543356845
4/8/93,3.224727689661755
4/9/93,3.2245736397076286
4/10/93,3.224419604471196
4/11/93,3.2242655839503254
4/12/93,3.2241115781429075
4/13/93,3.223957587046855
4/14/93,3.2238036106600365
4/15/93,3.2236496489803645
4/16/93,3.2234957020057298
4/17/93,3.2233417697340228
4/18/93,3.223187852163112
4/19/93,3.223033949290932
4/20/93,3.222880061115352
4/21/93,3.222726187634284
4/22/93,3.2225723288455965
4/23/93,3.222418484747225
4/24/93,3.222264655337015
4/25/93,3.222110840612924
4/26/93,3.221957040572798
4/27/93,3.2218032552145504
4/28/93,3.2216494845360932
4/29/93,3.221495728535295
4/30/93,3.221341987210069
5/1/93,3.2211882605583497
5/2/93,3.213889915035084
5/3/93,3.2065932543804854
5/4/93,3.1992982780111756
5/5/93,3.1920049853440213
5/6/93,3.1847133757961776
5/7/93,3.1774234487851105
5/8/93,3.170135203728486
5/9/93,3.1628486400443023
5/10/93,3.155563757150759
5/11/93,3.1482805544664094
5/12/93,3.1409990314099856
5/13/93,3.1337191874005743
5/14/93,3.126441021857418
5/15/93,3.1191645342001584
5/16/93,3.111889723848593
5/17/93,3.1046165902228973
5/18/93,3.0973451327433787
5/19/93,3.0900753508307233
5/20/93,3.0828072439058163
5/21/93,3.0755408113898985
5/22/93,3.068276052704322
5/23/93,3.061012967270904
5/24/93,3.053751555
5/25/93,3.0464918138485286
5/26/93,3.039233744704384
5/27/93,3.0319773465018462
5/28/93,3.0247226186639775
5/29/93,3.0174695606141055
5/30/93,3.0102181717757803
5/31/93,3.0029684515728405
6/1/93,2.9957203994293913
6/2/93,2.9883745809856865
6/3/93,2.981029810298108
6/4/93,2.9736860871425685
6/5/93,2.966343411294936
6/6/93,2.959001783
6/7/93,2.951661201
6/8/93,2.9443216653596727
6/9/93,2.9369831765041488
6/10/93,2.929645733837072
6/11/93,2.922309337134732
6/12/93,2.914973986173486
6/13/93,2.907639680729779
6/14/93,2.900306420580079
6/15/93,2.892974206
6/16/93,2.885643035
6/17/93,2.878312909660896
6/18/93,2.870983828453366
6/19/93,2.863655791423292
6/20/93,2.856328798347474
6/21/93,2.8490028490028463
6/22/93,2.841677943166454
6/23/93,2.834354081
6/24/93,2.8270312611265336
6/25/93,2.819709484477362
6/26/93,2.812388750445005
6/27/93,2.805069058806775
6/28/93,2.797750409340072
6/29/93,2.790432802
6/30/93,2.7831162360310246
7/1/93,2.775800712
7/2/93,2.7755458114281817
7/3/93,2.7752909579230156
7/4/93,2.775036151215371
7/5/93,2.774781391292369
7/6/93,2.7745266781411315
7/7/93,2.7742720117487796
7/8/93,2.7740173921024347
7/9/93,2.7737628191892183
7/10/93,2.773508292996274
7/11/93,2.773253813510723
7/12/93,2.772999380719754
7/13/93,2.7727449946104654
7/14/93,2.7724906551700457
7/15/93,2.7722363623856383
7/16/93,2.771982116244409
7/17/93,2.7717279167335462
7/18/93,2.771473763840171
7/19/93,2.771219657551516
7/20/93,2.7709655978547465
7/21/93,2.770711584737029
7/22/93,2.7704576181855733
7/23/93,2.7702036981875677
7/24/93,2.7699498247302223
7/25/93,2.7696959978007474
7/26/93,2.769442217386331
7/27/93,2.7691884834742053
7/28/93,2.768934796051581
7/29/93,2.768681155
7/30/93,2.768427560623765
7/31/93,2.7681740125930165
8/1/93,2.767920511000721
8/2/93,2.7653778357713543
8/3/93,2.7628356261588216
8/4/93,2.760293882035203
8/5/93,2.7577526032726674
8/6/93,2.7552117897434725
8/7/93,2.7526714413198095
8/8/93,2.750131557874025
8/9/93,2.747592139278443
8/10/93,2.745053185405477
8/11/93,2.7425146961275404
8/12/93,2.7399766713171347
8/13/93,2.737439110846829
8/14/93,2.7349020145892133
8/15/93,2.7323653824168126
8/16/93,2.729829214202417
8/17/93,2.7272935098187068
8/18/93,2.7247582691384498
8/19/93,2.722223492034459
8/20/93,2.719689178379614
8/21/93,2.7171553280468164
8/22/93,2.714621940908968
8/23/93,2.712089017
8/24/93,2.7095565557103907
8/25/93,2.7070245573957763
8/26/93,2.704493021768428
8/27/93,2.701961948701559
8/28/93,2.699431338068381
8/29/93,2.6969011897421735
8/30/93,2.6943715035962823
8/31/93,2.6918422795040753
9/1/93,2.689313517338987
9/2/93,2.6913551126311885
9/3/93,2.693396226415068
9/4/93,2.6954368588609556
9/5/93,2.6974770101391154
9/6/93,2.6995166804196336
9/7/93,2.701555869872707
9/8/93,2.7035945786682003
9/9/93,2.705632806976177
9/10/93,2.7076705549664126
9/11/93,2.709707823
9/12/93,2.7117446106726284
9/13/93,2.713780918727915
9/14/93,2.7158167471440064
9/15/93,2.717852096090434
9/16/93,2.719886965736462
9/17/93,2.7219213562514444
9/18/93,2.7239552678045786
9/19/93,2.725988700564952
9/20/93,2.728021654701651
9/21/93,2.730054130383608
9/22/93,2.7320861277797315
9/23/93,2.734117647058798
9/24/93,2.736148688389606
9/25/93,2.7381792519406867
9/26/93,2.740209338
9/27/93,2.7422389463781505
9/28/93,2.7442680776013972
9/29/93,2.746296731718778
9/30/93,2.748324908898536
10/1/93,2.7503526093088704
10/2/93,2.7479526842584034
10/3/93,2.7455529775715304
10/4/93,2.7431534892184306
10/5/93,2.740754219
10/6/93,2.7383551673944684
10/7/93,2.735956333863987
10/8/93,2.733557718548174
10/9/93,2.731159321417187
10/10/93,2.728761142441316
10/11/93,2.726363181590785
10/12/93,2.723965438835818
10/13/93,2.7215679141467053
10/14/93,2.719170607493626
10/15/93,2.7167735188468933
10/16/93,2.714376648176775
10/17/93,2.7119799954535173
10/18/93,2.7095835606473884
10/19/93,2.707187343728701
10/20/93,2.7047913446676786
10/21/93,2.7023955634347008
10/22/93,2.7000000000000135
10/23/93,2.697604654333907
10/24/93,2.6952095264066944
10/25/93,2.692814616188688
10/26/93,2.6904199236502446
10/27/93,2.688025448761633
10/28/93,2.685631191493232
10/29/93,2.683237151815354
10/30/93,2.6808433296982903
10/31/93,2.678449725112464
11/1/93,2.6760563380281877
11/2/93,2.678466630672083
11/3/93,2.680877036480589
11/4/93,2.6832875554616553
11/5/93,2.6856981876232533
11/6/93,2.6881089329733543
11/7/93,2.690519791519952
11/8/93,2.692930763270973
11/9/93,2.6953418482344116
11/10/93,2.697753046418261
11/11/93,2.7001643578304924
11/12/93,2.7025757824790553
11/13/93,2.7049873203719432
11/14/93,2.7073989715171276
11/15/93,2.709810735922602
11/16/93,2.712222614
11/17/93,2.7146346045463288
11/18/93,2.7170467087805017
11/19/93,2.7194589263068947
11/20/93,2.721871257133479
11/21/93,2.724283701268204
11/22/93,2.7266962587190857
11/23/93,2.729108929494095
11/24/93,2.731521713601248
11/25/93,2.733934611048472
11/26/93,2.7363476218438043
11/27/93,2.738760745995217
11/28/93,2.7411739835106808
11/29/93,2.743587334398212
11/30/93,2.7460007986657597
12/1/93,2.748414376321362
12/2/93,2.741158287117007
12/3/93,2.7339045065109424
12/4/93,2.726653033401494
12/5/93,2.719403866687875
12/6/93,2.712157005269855
12/7/93,2.704912448047958
12/8/93,2.6976701939234404
12/9/93,2.6904302417981585
12/10/93,2.6831925905747678
12/11/93,2.675957239
12/12/93,2.668724186447591
12/13/93,2.661493431352535
12/14/93,2.6542649727767653
12/15/93,2.647038809626401
12/16/93,2.6398149408082716
12/17/93,2.6325933652298072
12/18/93,2.6253740817992366
12/19/93,2.618157089425366
12/20/93,2.6109423870178228
12/21/93,2.6037299734868347
12/22/93,2.5965198477433393
12/23/93,2.5893120086990074
12/24/93,2.5821064552661532
12/25/93,2.5749031863577576
12/26/93,2.5677022008876005
12/27/93,2.560503497770039
12/28/93,2.5533070759201415
12/29/93,2.546112934253708
12/30/93,2.5389210716871613
12/31/93,2.531731487137723
1/1/94,2.524544179523147
1/2/94,2.524258668657109
1/3/94,2.523973222362952
1/4/94,2.5236878406187158
1/5/94,2.5234025234025292
1/6/94,2.5231172706924987
1/7/94,2.522832082466775
1/8/94,2.5225469587034643
1/9/94,2.522261899
1/10/94,2.5219769044767304
1/11/94,2.521691973969631
1/12/94,2.521407107837592
1/13/94,2.5211223060588317
1/14/94,2.5208375686115003
1/15/94,2.5205528954738377
1/16/94,2.520268286624061
1/17/94,2.519983742040366
1/18/94,2.519699261701014
1/19/94,2.5194148455842447
1/20/94,2.519130494
1/21/94,2.518846206
1/22/94,2.518561982352008
1/23/94,2.5182778229082103
1/24/94,2.5179937275783493
1/25/94,2.517709696340753
1/26/94,2.5174257291737057
1/27/94,2.517141826
1/28/94,2.516857987
1/29/94,2.516574211879319
1/30/94,2.5162905007778846
1/31/94,2.5160068536387303
2/1/94,2.515723270440251
2/2/94,2.515409377885347
2/3/94,2.515095563650882
2/4/94,2.514781827707502
2/5/94,2.514468170025941
2/6/94,2.5141545905769114
2/7/94,2.513841089331126
2/8/94,2.5135276662593853
2/9/94,2.513214321332402
2/10/94,2.5129010545209773
2/11/94,2.512587866
2/12/94,2.5122747551279856
2/13/94,2.511961722488043
2/14/94,2.511648767846908
2/15/94,2.511335891175448
2/16/94,2.5110230924445087
2/17/94,2.510710372
2/18/94,2.5103977286877743
2/19/94,2.510085163603759
2/20/94,2.509772676343891
2/21/94,2.5094602668791044
2/22/94,2.5091479351803336
2/23/94,2.5088356812185797
2/24/94,2.508523504964777
2/25/94,2.5082114063899708
2/26/94,2.5078993854651177
2/27/94,2.5075874421613076
2/28/94,2.507275576449519
3/1/94,2.506963788300842
3/2/94,2.502246181491463
3/3/94,2.4975294223340105
3/4/94,2.4928135106000893
3/5/94,2.488098446
3/6/94,2.483384228489305
3/7/94,2.478670857656029
3/8/94,2.473958333333348
3/9/94,2.469246655293178
3/10/94,2.464535823
3/11/94,2.4598258371487436
3/12/94,2.455116696588844
3/13/94,2.450408401400228
3/14/94,2.445700951355234
3/15/94,2.440994346226333
3/16/94,2.4362885857860617
3/17/94,2.4315836698070914
3/18/94,2.4268795980620927
3/19/94,2.4221763703238475
3/20/94,2.4174739863652706
3/21/94,2.412772445959299
3/22/94,2.408071748878937
3/23/94,2.4033718948973215
3/24/94,2.398672883787656
3/25/94,2.3939747153232327
3/26/94,2.389277389277411
3/27/94,2.3845809054235723
3/28/94,2.3798852635353196
3/29/94,2.375190463386212
3/30/94,2.3704965047499638
3/31/94,2.3658033874003115
4/1/94,2.361111111111125
4/2/94,2.358687097819545
4/3/94,2.3562633089528884
4/4/94,2.353839744479913
4/5/94,2.351416404369555
4/6/94,2.3489932885906173
4/7/94,2.3465703971119245
4/8/94,2.3441477299023683
4/9/94,2.3417252869307736
4/10/94,2.3393030681660543
4/11/94,2.3368810735770573
4/12/94,2.3344593031326744
4/13/94,2.332037756801797
4/14/94,2.329616434553272
4/15/94,2.3271953363560582
4/16/94,2.3247744621790467
4/17/94,2.322353811991129
4/18/94,2.319933385761219
4/19/94,2.3175131834582308
4/20/94,2.315093205051122
4/21/94,2.3126734505087843
4/22/94,2.310253919800198
4/23/94,2.3078346128942773
4/24/94,2.30541553
4/25/94,2.302996670366264
4/26/94,2.300578034682088
4/27/94,2.2981596226764323
4/28/94,2.2957414343182325
4/29/94,2.2933234695764693
4/30/94,2.2909057284201895
5/1/94,2.288488210818307
5/2/94,2.295096635647842
5/3/94,2.301704469198773
5/4/94,2.308311711550526
5/5/94,2.314918363
5/6/94,2.3215244229737086
5/7/94,2.3281298922037896
5/8/94,2.3347347705519272
5/9/94,2.3413390580974136
5/10/94,2.3479427549195186
5/11/94,2.3545458610974457
5/12/94,2.361148376710509
5/13/94,2.3677503018378454
5/14/94,2.374351636558769
5/15/94,2.3809523809523725
5/16/94,2.3875525350979254
5/17/94,2.394152099
5/18/94,2.4007510729613823
5/19/94,2.407349456837582
5/20/94,2.413947251
5/21/94,2.420544454874607
5/22/94,2.427141069193639
5/23/94,2.4337370938184444
5/24/94,2.4403325288281152
5/25/94,2.4469273743016773
5/26/94,2.4535216303182006
5/27/94,2.4601152969566886
5/28/94,2.4667083742961893
5/29/94,2.4733008624156616
5/30/94,2.479892761394087
5/31/94,2.4864840713104686
6/1/94,2.4930747922437657
6/2/94,2.502308402585407
6/3/94,2.5115420129270483
6/4/94,2.5207756232686895
6/5/94,2.530009233610353
6/6/94,2.539242843951972
6/7/94,2.5484764542936356
6/8/94,2.557710064635277
6/9/94,2.566943674976896
6/10/94,2.5761772853185594
6/11/94,2.5854108956602007
6/12/94,2.594644506001842
6/13/94,2.603878116343483
6/14/94,2.6131117266851467
6/15/94,2.6223453370267658
6/16/94,2.631578947368407
6/17/94,2.6408125577100705
6/18/94,2.6500461680516896
6/19/94,2.659279778393353
6/20/94,2.6685133887349943
6/21/94,2.6777469990766356
6/22/94,2.686980609418277
6/23/94,2.6962142197599404
6/24/94,2.7054478301015594
6/25/94,2.7146814404432007
6/26/94,2.723915050784864
6/27/94,2.7331486611265055
6/28/94,2.7423822714681467
6/29/94,2.751615881809788
6/30/94,2.7608494921514293
7/1/94,2.7700831024930705
7/2/94,2.7743030736240293
7/3/94,2.778522291
7/4/94,2.7827407539753546
7/5/94,2.786958463599798
7/6/94,2.7911754197927907
7/7/94,2.7953916227560827
7/8/94,2.7996070726915345
7/9/94,2.803821769800874
7/10/94,2.808035714285717
7/11/94,2.8122489063476364
7/12/94,2.8164613461881816
7/13/94,2.820673034008747
7/14/94,2.8248839700107276
7/15/94,2.829094154395362
7/16/94,2.833303587363911
7/17/94,2.8375122691175036
7/18/94,2.841720199857245
7/19/94,2.8459273797840856
7/20/94,2.8501338090990203
7/21/94,2.854339488002844
7/22/94,2.858544416696396
7/23/94,2.862748595
7/24/94,2.866952024255376
7/25/94,2.871154703522061
7/26/94,2.8753566333808767
7/27/94,2.879557814032263
7/28/94,2.883758245676593
7/29/94,2.8879579285141066
7/30/94,2.8921568627450878
7/31/94,2.896355048569621
8/1/94,2.900552486187835
8/2/94,2.9025862645073452
8/3/94,2.904619771016148
8/4/94,2.9066530057687556
8/5/94,2.908685968819613
8/6/94,2.910718660223144
8/7/94,2.9127510800338374
8/8/94,2.914783228306117
8/9/94,2.916815105094406
8/10/94,2.91884671
8/11/94,2.9208780444365257
8/12/94,2.9229091070991364
8/13/94,2.924939898495249
8/14/94,2.9269704186791756
8/15/94,2.929000667705317
8/16/94,2.931030645627941
8/17/94,2.9330603525013377
8/18/94,2.9350897883797966
8/19/94,2.937118953
8/20/94,2.9391478473689947
8/21/94,2.941176470588225
8/22/94,2.9432048230295216
8/23/94,2.945232904747086
8/24/94,2.947260715795097
8/25/94,2.9492882562277556
8/26/94,2.9513155260992407
8/27/94,2.953342525463687
8/28/94,2.9553692543752286
8/29/94,2.9573957128880224
8/30/94,2.9594219010561584
8/31/94,2.9614478189337046
9/1/94,2.963473466574773
9/2/94,2.951580301359802
9/3/94,2.939690413853291
9/4/94,2.9278038027004794
9/5/94,2.9159204665472727
9/6/94,2.904040404
9/7/94,2.8921636138273144
9/8/94,2.8802900945561705
9/9/94,2.868419844875869
9/10/94,2.856552863436135
9/11/94,2.8446891488873804
9/12/94,2.8328286998807295
9/13/94,2.8209715150681047
9/14/94,2.809117593102184
9/15/94,2.797266932636311
9/16/94,2.785419532324629
9/17/94,2.773575390822014
9/18/94,2.7617345067840304
9/19/94,2.749896878867064
9/20/94,2.738062505728167
9/21/94,2.7262313860251908
9/22/94,2.7144035184167192
9/23/94,2.7025789015620028
9/24/94,2.690757534121091
9/25/94,2.6789394147547885
9/26/94,2.667124542124566
9/27/94,2.6553129148926713
9/28/94,2.643504531722063
9/29/94,2.6316993912764985
9/30/94,2.619897492220402
10/1/94,2.6080988332189525
10/2/94,2.6102550478214637
10/3/94,2.612411167
10/4/94,2.6145671906132595
10/5/94,2.6167231188151785
10/6/94,2.6188789515629196
10/7/94,2.621034688862811
10/8/94,2.6231903307212034
10/9/94,2.625345877144447
10/10/94,2.627501328138848
10/11/94,2.629656683710735
10/12/94,2.631811944
10/13/94,2.6339671086123895
10/14/94,2.6361221779548583
10/15/94,2.638277151900126
10/16/94,2.640432030454609
10/17/94,2.6425868136245922
10/18/94,2.6447415014164255
10/19/94,2.646896093836437
10/20/94,2.649050591
10/21/94,2.6512049925863534
10/22/94,2.6533592989289145
10/23/94,2.655513509924967
10/24/94,2.657667625580862
10/25/94,2.659821645902949
10/26/94,2.661975571
10/27/94,2.6641294005708804
10/28/94,2.6662831349294036
10/29/94,2.668436773979388
10/30/94,2.6705903177272283
10/31/94,2.672743766179164
11/1/94,2.674897119341546
11/2/94,2.674897119341546
11/3/94,2.674897119341546
11/4/94,2.674897119341546
11/5/94,2.674897119341546
11/6/94,2.674897119341546
11/7/94,2.674897119341546
11/8/94,2.674897119341546
11/9/94,2.674897119341546
11/10/94,2.674897119341546
11/11/94,2.674897119341546
11/12/94,2.674897119341546
11/13/94,2.674897119341546
11/14/94,2.674897119341546
11/15/94,2.674897119341546
11/16/94,2.674897119341546
11/17/94,2.674897119341546
11/18/94,2.674897119341546
11/19/94,2.674897119341546
11/20/94,2.674897119341546
11/21/94,2.674897119341546
11/22/94,2.674897119341546
11/23/94,2.674897119341546
11/24/94,2.674897119341546
11/25/94,2.674897119341546
11/26/94,2.674897119341546
11/27/94,2.674897119341546
11/28/94,2.674897119341546
11/29/94,2.674897119341546
11/30/94,2.674897119341546
12/1/94,2.674897119341546
12/2/94,2.6790849962391006
12/3/94,2.6832721320178443
12/4/94,2.6874585268745754
12/5/94,2.691644181
12/6/94,2.6958290946083263
12/7/94,2.700013267878476
12/8/94,2.7041967010126955
12/9/94,2.708379394207383
12/10/94,2.7125613476588484
12/11/94,2.716742561563268
12/12/94,2.7209230361168846
12/13/94,2.7251027715157194
12/14/94,2.7292817679557935
12/15/94,2.7334600256331054
12/16/94,2.7376375447434764
12/17/94,2.741814325
12/18/94,2.745990368046658
12/19/94,2.7501656726308887
12/20/94,2.754340239431019
12/21/94,2.7585140686426035
12/22/94,2.7626871604611303
12/23/94,2.7668595150819097
12/24/94,2.7710311327003856
12/25/94,2.775202013511735
12/26/94,2.7793721577111574
12/27/94,2.783541565493808
12/28/94,2.787710237054708
12/29/94,2.7918781725888353
12/30/94,2.796045372291145
12/31/94,2.8002118363564144
1/1/95,2.8043775649794878
1/2/95,2.806274406
1/3/95,2.808170828553802
1/4/95,2.8100668328297163
1/5/95,2.811962418949321
1/6/95,2.813857587050972
1/7/95,2.8157523372729143
1/8/95,2.817646669753282
1/9/95,2.819540585
1/10/95,2.821434082042029
1/11/95,2.823327162126432
1/12/95,2.8252198250215077
1/13/95,2.827112070865101
1/14/95,2.8290038997951017
1/15/95,2.8308953119492664
1/16/95,2.8327863074652626
1/17/95,2.8346768864808025
1/18/95,2.8365670491333983
1/19/95,2.838456795560673
1/20/95,2.8403461259000062
1/21/95,2.842235040288865
1/22/95,2.8441235388645625
1/23/95,2.8460116217644105
1/24/95,2.8478992891256105
1/25/95,2.849786541085364
1/26/95,2.851673377780717
1/27/95,2.8535597993487816
1/28/95,2.855445805926493
1/29/95,2.8573313976508086
1/30/95,2.859216574658552
1/31/95,2.861101337086569
2/1/95,2.862985685071595
2/2/95,2.8626372288892865
2/3/95,2.8622888575183802
2/4/95,2.8619405709279455
2/5/95,2.8615923690870293
2/6/95,2.8612442519646786
2/7/95,2.860896219530007
2/8/95,2.860548271752106
2/9/95,2.8602004086000665
2/10/95,2.859852630043047
2/11/95,2.8595049360502056
2/12/95,2.8591573265906556
2/13/95,2.8588098016336216
2/14/95,2.858462361148262
2/15/95,2.8581150051037785
2/16/95,2.8577677334694185
2/17/95,2.8574205462144064
2/18/95,2.857073443307989
2/19/95,2.8567264247194357
2/20/95,2.856379490418015
2/21/95,2.8560326403730407
2/22/95,2.855685874553804
2/23/95,2.855339193
2/24/95,2.854992595469885
2/25/95,2.854646082143919
2/26/95,2.854299652921055
2/27/95,2.853953307770718
2/28/95,2.853607047
3/1/95,2.853260869565233
3/2/95,2.859709865451232
3/3/95,2.8661582960820553
3/4/95,2.8726061615320653
3/5/95,2.879053461875558
3/6/95,2.885500197
3/7/95,2.8919463675401103
3/8/95,2.898391973009695
3/9/95,2.9048370136698143
3/10/95,2.9112814895947636
3/11/95,2.917725400858684
3/12/95,2.924168747535827
3/13/95,2.9306115297003554
3/14/95,2.9370537474265213
3/15/95,2.943495400788443
3/16/95,2.9499364898603053
3/17/95,2.9563770147161827
3/18/95,2.9628169754303046
3/19/95,2.969256372076723
3/20/95,2.9756952047296004
3/21/95,2.9821334734629446
3/22/95,2.9885711783509183
3/23/95,2.9950083194675514
3/24/95,3.001444896886918
3/25/95,3.007880910683025
3/26/95,3.014316360929903
3/27/95,3.020751247701603
3/28/95,3.0271855710721107
3/29/95,3.033619331115389
3/30/95,3.040052527905446
3/31/95,3.0464851615162214
4/1/95,3.0529172320217013
4/2/95,3.0573709323624465
4/3/95,3.061824431278559
4/4/95,3.066277728783673
4/5/95,3.0707308248914655
4/6/95,3.0751837196155707
4/7/95,3.079636412969733
4/8/95,3.0840889049675413
4/9/95,3.088541195622674
4/10/95,3.0929932849487862
4/11/95,3.0974451729595343
4/12/95,3.1018968596685514
4/13/95,3.106348345089538
4/14/95,3.110799629236105
4/15/95,3.1152507121219086
4/16/95,3.1197015937606043
4/17/95,3.1241522741658256
4/18/95,3.1286027533512506
4/19/95,3.1330530313305127
4/20/95,3.1375031081172677
4/21/95,3.141952983725127
4/22/95,3.1464026581677462
4/23/95,3.1508521314588034
4/24/95,3.1553014036118654
4/25/95,3.1597504746406324
4/26/95,3.1641993445586714
4/27/95,3.168648013379727
4/28/95,3.1730964811173434
4/29/95,3.1775447477851992
4/30/95,3.1819928133969055
5/1/95,3.186440677966096
5/2/95,3.1817187841679084
5/3/95,3.176997922816227
5/4/95,3.172278093572345
5/5/95,3.1675592960979326
5/6/95,3.1628415300546386
5/7/95,3.1581247951043556
5/8/95,3.153409090909065
5/9/95,3.1486944171309927
5/10/95,3.1439807734323644
5/11/95,3.1392681594756944
5/12/95,3.1345565749235416
5/13/95,3.129846019438687
5/14/95,3.1251364926839775
5/15/95,3.1204279943225277
5/16/95,3.1157205240174513
5/17/95,3.1110140814321507
5/18/95,3.106308666230073
5/19/95,3.1016042780748654
5/20/95,3.096900916630285
5/21/95,3.092198581560268
5/22/95,3.087497272528905
5/23/95,3.082796989200398
5/24/95,3.0780977312390823
5/25/95,3.073399498309537
5/26/95,3.0687022900763417
5/27/95,3.064006106204342
5/28/95,3.0593109463584955
5/29/95,3.0546168102038695
5/30/95,3.049923697
5/31/95,3.0452316076294395
6/1/95,3.0405405405405483
6/2/95,3.0312584451851254
6/3/95,3.0219780219780112
6/4/95,3.012699270467456
6/5/95,3.003422190201732
6/6/95,2.994146780729401
6/7/95,2.9848730415991342
6/8/95,2.975600972359782
6/9/95,2.9663305725603273
6/10/95,2.9570618417499306
6/11/95,2.9477947794779524
6/12/95,2.938529385293842
6/13/95,2.929265658747293
6/14/95,2.920003599388088
6/15/95,2.910743206766231
6/16/95,2.9014844804318596
6/17/95,2.8922274199352227
6/18/95,2.8829720248268575
6/19/95,2.8737182946573014
6/20/95,2.8644662289774248
6/21/95,2.855215827
6/22/95,2.845967089290524
6/23/95,2.836720014385885
6/24/95,2.8274746021756725
6/25/95,2.818230852211445
6/26/95,2.8089887640449396
6/27/95,2.799748337228114
6/28/95,2.7905095713130157
6/29/95,2.781272465851914
6/30/95,2.7720370203971445
7/1/95,2.7628032345013542
7/2/95,2.7580960660725795
7/3/95,2.753390125
7/4/95,2.7486854113250025
7/5/95,2.743981924046235
7/6/95,2.739279662857874
7/7/95,2.734578627280615
7/8/95,2.7298788168353516
7/9/95,2.725180231043156
7/10/95,2.720482869
7/11/95,2.7157867315039885
7/12/95,2.711091816800515
7/13/95,2.7063981248372393
7/14/95,2.701705655136477
7/15/95,2.6970144072209656
7/16/95,2.692324380613531
7/17/95,2.6876355748373104
7/18/95,2.682947989415707
7/19/95,2.6782616238723245
7/20/95,2.6735764777310322
7/21/95,2.668892550515989
7/22/95,2.6642098417515747
7/23/95,2.659528351
7/24/95,2.6548480776732886
7/25/95,2.6501690214093765
7/26/95,2.645491181696058
7/27/95,2.640814558058935
7/28/95,2.6361391500238085
7/29/95,2.631464957
7/30/95,2.6267919788643956
7/31/95,2.6221202147930223
8/1/95,2.6174496644295386
8/2/95,2.6150582326709193
8/3/95,2.6126672150309505
8/4/95,2.610276611402118
8/5/95,2.6078864216768416
8/6/95,2.6054966457476736
8/7/95,2.6031072835071667
8/8/95,2.6007183348478957
8/9/95,2.598329799662502
8/10/95,2.5959416778436495
8/11/95,2.5935539692840237
8/12/95,2.591166673876355
8/13/95,2.5887797915134625
8/14/95,2.586393322088165
8/15/95,2.5840072654932156
8/16/95,2.5816216216216104
8/17/95,2.579236390366235
8/18/95,2.5768515716200424
8/19/95,2.5744671652760287
8/20/95,2.5720831712272574
8/21/95,2.5696995893667696
8/22/95,2.5673164195876508
8/23/95,2.5649336617831198
8/24/95,2.5625513158463287
8/25/95,2.560169381670474
8/26/95,2.557787859148841
8/27/95,2.5554067481747156
8/28/95,2.5530260486414047
8/29/95,2.550645760442305
8/30/95,2.5482658834708127
8/31/95,2.545886417620369
9/1/95,2.5435073627844584
9/2/95,2.5523750027888648
9/3/95,2.5612422471107843
9/4/95,2.570109095776729
9/5/95,2.5789755488131227
9/6/95,2.5878416062464993
9/7/95,2.5967072681033043
9/8/95,2.605572534
9/9/95,2.6144374051931596
9/10/95,2.6233018804791453
9/11/95,2.6321659602944303
9/12/95,2.641029644665527
9/13/95,2.649892933618836
9/14/95,2.658755827
9/15/95,2.6676183253780517
9/16/95,2.6764804282368715
9/17/95,2.6853421357837304
9/18/95,2.6942034480451182
9/19/95,2.703064365047503
9/20/95,2.711924886817263
9/21/95,2.720785013380911
9/22/95,2.7296447447648253
9/23/95,2.7385040809954964
9/24/95,2.747363022099325
9/25/95,2.756221568102757
9/26/95,2.765079719032193
9/27/95,2.7739374749141454
9/28/95,2.782794835774949
9/29/95,2.791651801641093
9/30/95,2.8005083725389346
10/1/95,2.809364548494986
10/2/95,2.802770405851507
10/3/95,2.796176832294117
10/4/95,2.7895838277491203
10/5/95,2.7829913921429084
10/6/95,2.776399525401785
10/7/95,2.769808227452164
10/8/95,2.763217498220416
10/9/95,2.756627337632911
10/10/95,2.7500377456161074
10/11/95,2.7434487220963977
10/12/95,2.7368602670002407
10/13/95,2.7302723802540507
10/14/95,2.7236850617842867
10/15/95,2.717098311517474
10/16/95,2.7105121293800494
10/17/95,2.703926515298516
10/18/95,2.6973414691994213
10/19/95,2.6907569910092466
10/20/95,2.6841730806545394
10/21/95,2.6775897380618696
10/22/95,2.671006963157785
10/23/95,2.664424755868855
10/24/95,2.657843116121672
10/25/95,2.651262043842828
10/26/95,2.6446815389589373
10/27/95,2.6381016013966363
10/28/95,2.6315222310825614
10/29/95,2.6249434279433714
10/30/95,2.6183651919056805
10/31/95,2.611787522896236
11/1/95,2.605210420841697
11/2/95,2.602983745268328
11/3/95,2.600757069694959
11/4/95,2.598530394
11/5/95,2.5963037185482207
11/6/95,2.5940770429748294
11/7/95,2.5918503674014604
11/8/95,2.5896236918280913
11/9/95,2.587397016254722
11/10/95,2.5851703406813753
11/11/95,2.582943665108006
11/12/95,2.580716989534637
11/13/95,2.578490313961268
11/14/95,2.576263638387899
11/15/95,2.574036963
11/16/95,2.571810287241161
11/17/95,2.5695836116677695
11/18/95,2.5673569360944004
11/19/95,2.5651302605210535
11/20/95,2.5629035849476844
11/21/95,2.5606769093743154
11/22/95,2.5584502338009463
11/23/95,2.556223558227577
11/24/95,2.553996882654208
11/25/95,2.551770207080839
11/26/95,2.5495435315074477
11/27/95,2.547316855934101
11/28/95,2.5450901803607318
11/29/95,2.5428635047873627
11/30/95,2.5406368292139936
12/1/95,2.5384101536406245
12/2/95,2.5445457091763046
12/3/95,2.5506796785799146
12/4/95,2.5568120624663626
12/5/95,2.5629428614503347
12/6/95,2.569072076146184
12/7/95,2.575199707
12/8/95,2.5813257551292823
12/9/95,2.587450220643639
12/10/95,2.593573104324043
12/11/95,2.599694406783315
12/12/95,2.605814128633832
12/13/95,2.611932270487749
12/14/95,2.618048832956865
12/15/95,2.6241638166526915
12/16/95,2.6302772221863835
12/17/95,2.636389050168808
12/18/95,2.6424993012105213
12/19/95,2.6486079759217462
12/20/95,2.654715074912417
12/21/95,2.660820598792113
12/22/95,2.6669245481701243
12/23/95,2.6730269236554305
12/24/95,2.6791277258567003
12/25/95,2.6852269553822694
12/26/95,2.6913246128401624
12/27/95,2.6974206988381155
12/28/95,2.703515213983554
12/29/95,2.7096081588835252
12/30/95,2.715699534144811
12/31/95,2.7217893403739257
1/1/96,2.727877578176985
1/2/96,2.725380372969366
1/3/96,2.722883810749921
1/4/96,2.720387891270293
1/5/96,2.7178926142823467
1/6/96,2.7153979795379923
1/7/96,2.7129039867893168
1/8/96,2.710410635788585
1/9/96,2.707917926288017
1/10/96,2.705425858040167
1/11/96,2.7029344307975878
1/12/96,2.7004436443129887
1/13/96,2.697953498339234
1/14/96,2.6954639926292545
1/15/96,2.692975126936159
1/16/96,2.6904869010132337
1/17/96,2.6879993146137204
1/18/96,2.685512367491172
1/19/96,2.6830260593991406
1/20/96,2.6805403900914238
1/21/96,2.678055359321818
1/22/96,2.6755709668443206
1/23/96,2.673087212413061
1/24/96,2.6706040957822363
1/25/96,2.6681216167062427
1/26/96,2.6656397749395655
1/27/96,2.663158570236779
1/28/96,2.660678002352679
1/29/96,2.658198071042106
1/30/96,2.6557187760600343
1/31/96,2.653240117161615
2/1/96,2.6507620941020438
2/2/96,2.6568950420783333
2/3/96,2.663026538881441
2/4/96,2.669156585
2/5/96,2.675285181027953
2/6/96,2.681412327400645
2/7/96,2.687538024658731
2/8/96,2.693662273316244
2/9/96,2.6997850738869733
2/10/96,2.7059064268844413
2/11/96,2.7120263328219707
2/12/96,2.7181447922125734
2/13/96,2.724261805569128
2/14/96,2.7303773734041803
2/15/96,2.7364914962300535
2/16/96,2.742604174558827
2/17/96,2.748715408902358
2/18/96,2.7548251997722817
2/19/96,2.760933547679878
2/20/96,2.767040453136338
2/21/96,2.773145916652542
2/22/96,2.7792499387391034
2/23/96,2.7853525199064144
2/24/96,2.7914536606646445
2/25/96,2.797553361523697
2/26/96,2.803651622993253
2/27/96,2.8097484455827715
2/28/96,2.815843829801401
2/29/96,2.8219377761581343
3/1/96,2.8292038603293435
3/2/96,2.8310327198364016
3/3/96,2.832861189801683
3/4/96,2.8346892703496884
3/5/96,2.8365169616047847
3/6/96,2.838344263691317
3/7/96,2.8401711767335858
3/8/96,2.841997700855803
3/9/96,2.8438238361821133
3/10/96,2.8456495828367068
3/11/96,2.847474940943595
3/12/96,2.849299910626879
3/13/96,2.8511244920104595
3/14/96,2.8529486852182817
3/15/96,2.85477249
3/16/96,2.8565959076019887
3/17/96,2.858418937025453
3/18/96,2.8602415787682967
3/19/96,2.8620638329541315
3/20/96,2.863885699706592
3/21/96,2.865707179149224
3/22/96,2.867528271405506
3/23/96,2.869348976598851
3/24/96,2.871169294852738
3/25/96,2.872989226290401
3/26/96,2.8748087710351866
3/27/96,2.876627929210307
3/28/96,2.8784467009389525
3/29/96,2.8802650863442247
3/30/96,2.8820830855492474
3/31/96,2.8839006986769666
4/1/96,2.889869001382417
4/2/96,2.889678778304372
4/3/96,2.88948858
4/4/96,2.889298407266039
4/5/96,2.889108259295825
4/6/96,2.8889181363516814
4/7/96,2.888728038428656
4/8/96,2.888537965521798
4/9/96,2.888347917626155
4/10/96,2.8881578947368425
4/11/96,2.8879678968489086
4/12/96,2.8877779239573576
4/13/96,2.887587976057371
4/14/96,2.8873980531439303
4/15/96,2.8872081552120843
4/16/96,2.8870182822569923
4/17/96,2.8868284342737027
4/18/96,2.8866386112572417
4/19/96,2.886448813202702
4/20/96,2.886259040105199
4/21/96,2.886069291959781
4/22/96,2.8858795687614958
4/23/96,2.8856898705055034
4/24/96,2.8855001971868077
4/25/96,2.885310548800546
4/26/96,2.8851209253417442
4/27/96,2.884931326805562
4/28/96,2.8847417531870256
4/29/96,2.8845522044812277
4/30/96,2.884362680683328
5/1/96,2.8843912260252402
5/2/96,2.879969483767053
5/3/96,2.8755483037019802
5/4/96,2.871127685722774
5/5/96,2.8667076297222094
5/6/96,2.862288135593216
5/7/96,2.8578692032286135
5/8/96,2.853450832521287
5/9/96,2.849033023364189
5/10/96,2.844615775650272
5/11/96,2.840199089272466
5/12/96,2.8357829641238563
5/13/96,2.8313674000974176
5/14/96,2.826952397086213
5/15/96,2.822537954983373
5/16/96,2.8181240736819824
5/17/96,2.8137107530751937
5/18/96,2.809297993056137
5/19/96,2.804885793518075
5/20/96,2.8004741543541822
5/21/96,2.796063075457722
5/22/96,2.7916525567219796
5/23/96,2.7872425980402626
5/24/96,2.7828331993058564
5/25/96,2.7784243604122016
5/26/96,2.774016081252628
5/27/96,2.769608361720577
5/28/96,2.7652012017094663
5/29/96,2.7607946011127815
5/30/96,2.7563885598239857
5/31/96,2.7519830777366527
6/1/96,2.7540983606557212
6/2/96,2.760655737704898
6/3/96,2.767213114754097
6/4/96,2.7737704918032735
6/5/96,2.780327869
6/6/96,2.786885245901649
6/7/96,2.7934426229508036
6/8/96,2.7999999999999803
6/9/96,2.806557377049179
6/10/96,2.813114754098356
6/11/96,2.8196721311475326
6/12/96,2.8262295081967315
6/13/96,2.832786885245908
6/14/96,2.8393442622950626
6/15/96,2.8459016393442615
6/16/96,2.8524590163934382
6/17/96,2.859016393442615
6/18/96,2.865573770491814
6/19/96,2.8721311475409905
6/20/96,2.878688524590145
6/21/96,2.885245901639344
6/22/96,2.8918032786885206
6/23/96,2.8983606557376973
6/24/96,2.904918032786896
6/25/96,2.911475409836073
6/26/96,2.9180327868852274
6/27/96,2.9245901639344263
6/28/96,2.931147540983603
6/29/96,2.9377049180327797
6/30/96,2.9442622950819786
7/1/96,2.942109604687082
7/2/96,2.9397457860118825
7/3/96,2.9373823672468324
7/4/96,2.9350193482903686
7/5/96,2.9326567290411276
7/6/96,2.9302945093976573
7/7/96,2.9279326892586166
7/8/96,2.925571268522642
7/9/96,2.9232102470884147
7/10/96,2.9208496248547045
7/11/96,2.9184894017202367
7/12/96,2.916129577583848
7/13/96,2.9137701523443305
7/14/96,2.911411125900565
7/15/96,2.9090524981514987
7/16/96,2.9066942689959685
7/17/96,2.9043364383330106
7/18/96,2.901979006061617
7/19/96,2.899621972080846
7/20/96,2.897265336289734
7/21/96,2.8949090985873838
7/22/96,2.892553258872965
7/23/96,2.8901978170456255
7/24/96,2.8878427730045786
7/25/96,2.885488126649083
7/26/96,2.8831338778783744
7/27/96,2.8807800265918226
7/28/96,2.878426572688708
7/29/96,2.876073516068467
7/30/96,2.873720856630424
7/31/96,2.8713685942741485
8/1/96,2.87118687
8/2/96,2.8752241324754735
8/3/96,2.8792608842389544
8/4/96,2.883297125
8/5/96,2.8873328552748267
8/6/96,2.8913680747411297
8/7/96,2.8954027836356033
8/8/96,2.899436982055148
8/9/96,2.903470670096575
8/10/96,2.907503847856807
8/11/96,2.9115365154326334
8/12/96,2.915568672920865
8/13/96,2.9196003204182253
8/14/96,2.9236314580215472
8/15/96,2.9276620858275093
8/16/96,2.931692203932812
8/17/96,2.9357218124341555
8/18/96,2.939750911428174
8/19/96,2.9437795010114565
8/20/96,2.9478075812807036
8/21/96,2.951835152332394
8/22/96,2.9558622142631608
8/23/96,2.9598887671694607
8/24/96,2.963914811147883
8/25/96,2.9679403462948173
8/26/96,2.9719653727067863
8/27/96,2.975989890480202
8/28/96,2.9800138997114978
8/29/96,2.984037400496997
8/30/96,2.9880603929331118
8/31/96,2.9920828771161423
9/1/96,2.991406504949423
9/2/96,2.9910811398738524
9/3/96,2.9907558455682492
9/4/96,2.9904306220095878
9/5/96,2.990105469174731
9/6/96,2.989780387040697
9/7/96,2.9894553755843045
9/8/96,2.9891304347826386
9/9/96,2.988805565
9/10/96,2.9884807650510936
9/11/96,2.988156036075207
9/12/96,2.9878313776619203
9/13/96,2.9875067897881635
9/14/96,2.9871822724310437
9/15/96,2.9868578255675127
9/16/96,2.986533449174633
9/17/96,2.986209143229468
9/18/96,2.9858849077090133
9/19/96,2.9855607425903985
9/20/96,2.985236647850642
9/21/96,2.9849126234668732
9/22/96,2.9845886694161106
9/23/96,2.984264786
9/24/96,2.983940972222232
9/25/96,2.9836172290333307
9/26/96,2.983293556085931
9/27/96,2.9829699533572285
9/28/96,2.9826464208243086
9/29/96,2.9823229584643896
9/30/96,2.981999566254623
10/1/96,2.9950048272677776
10/2/96,3.0034631126036437
10/3/96,3.0119217530014453
10/4/96,3.020380748
10/5/96,3.0288400990722497
10/6/96,3.0372998047899946
10/7/96,3.0457598656591367
10/8/96,3.0542202817019914
10/9/96,3.062681052940941
10/10/96,3.0711421793983895
10/11/96,3.0796036610966526
10/12/96,3.0880654980581568
10/13/96,3.0965276903052397
10/14/96,3.1049902378603056
10/15/96,3.1134531407457144
10/16/96,3.1219163989838705
10/17/96,3.1303800125971337
10/18/96,3.138843981607864
10/19/96,3.1473083060384655
10/20/96,3.155772985911365
10/21/96,3.1642380212488996
10/22/96,3.1727034120734965
10/23/96,3.1811691584075152
10/24/96,3.1896352602734046
10/25/96,3.1981017176935023
10/26/96,3.206568530690257
10/27/96,3.2150356992860285
10/28/96,3.2235032235032435
10/29/96,3.231971103364284
10/30/96,3.2404393388915764
10/31/96,3.248907930107525
11/1/96,3.257449163
11/2/96,3.259690090715739
11/3/96,3.2619311153069708
11/4/96,3.2641722371733684
11/5/96,3.2664134563212155
11/6/96,3.268654772756885
11/7/96,3.2708961864866604
11/8/96,3.273137697516937
11/9/96,3.275379305853998
11/10/96,3.2776210115042392
11/11/96,3.279862814473944
11/12/96,3.2821047147694626
11/13/96,3.284346712397146
11/14/96,3.2865888073633442
11/15/96,3.2888309996743637
11/16/96,3.291073289336577
11/17/96,3.293315676
11/18/96,3.2955581607398754
11/19/96,3.2978007424936395
11/20/96,3.300043421623977
11/21/96,3.302286198137172
11/22/96,3.304529072039597
11/23/96,3.3067720433376024
11/24/96,3.3090151120375166
11/25/96,3.3112582781457123
11/26/96,3.313501541668473
11/27/96,3.3157449026122165
11/28/96,3.317988360983226
11/29/96,3.320231916787897
11/30/96,3.322475570032579
12/1/96,3.3029373450434774
12/2/96,3.293910047686066
12/3/96,3.2848861631521453
12/4/96,3.2758656895067295
12/5/96,3.2668486248162765
12/6/96,3.257834967148754
12/7/96,3.2488247145735283
12/8/96,3.239817865161476
12/9/96,3.2308144169848507
12/10/96,3.2218143681174594
12/11/96,3.2128177166345084
12/12/96,3.203824461
12/13/96,3.1948345981300585
12/14/96,3.1858481272662553
12/15/96,3.176865046102262
12/16/96,3.1678853527205675
12/17/96,3.1589090452050606
12/18/96,3.1499361216411392
12/19/96,3.1409665801155784
12/20/96,3.1320004187166184
12/21/96,3.123037635533943
12/22/96,3.114078228658723
12/23/96,3.1051221961834408
12/24/96,3.0961695362021757
12/25/96,3.087220246810274
12/26/96,3.0782743261046797
12/27/96,3.0693317721836477
12/28/96,3.0603925831469425
12/29/96,3.0514567570956608
12/30/96,3.0425242921324758
12/31/96,3.0335951863613486
1/1/97,3.0332783220873516
1/2/97,3.0329615240004992
1/3/97,3.032644792080008
1/4/97,3.0323281263052504
1/5/97,3.032011526655376
1/6/97,3.031694993109779
1/7/97,3.031378525647699
1/8/97,3.031062124248507
1/9/97,3.030745789
1/10/97,3.0304295195558772
1/11/97,3.030113316221117
1/12/97,3.0297971788665334
1/13/97,3.0294811074714545
1/14/97,3.0291651020152743
1/15/97,3.0288491624772984
1/16/97,3.0285332888369876
1/17/97,3.028217481073625
1/18/97,3.027901739166694
1/19/97,3.0275860630955442
1/20/97,3.0272704528396366
1/21/97,3.026954908378321
1/22/97,3.0266394296910804
1/23/97,3.026324016757309
1/24/97,3.0260086695565125
1/25/97,3.0256933880680847
1/26/97,3.025378172271531
1/27/97,3.025063022146268
1/28/97,3.024747937671868
1/29/97,3.024432918827702
1/30/97,3.0241179655933648
1/31/97,3.023803077948295
2/1/97,3.015869482961997
2/2/97,3.006749131323505
2/3/97,2.9976320264450296
2/4/97,2.988518166593046
2/5/97,2.9794075500354067
2/6/97,2.9703001750412072
2/7/97,2.961196039880698
2/8/97,2.9520951428253728
2/9/97,2.942997482148013
2/10/97,2.9339030561225554
2/11/97,2.9248118630242237
2/12/97,2.915723901129419
2/13/97,2.9066391687157855
2/14/97,2.8975576640622114
2/15/97,2.8884793854488278
2/16/97,2.879404331156876
2/17/97,2.8703324994689305
2/18/97,2.8612638886687414
2/19/97,2.852198497041325
2/20/97,2.843136322872808
2/21/97,2.8340773644506267
2/22/97,2.825021620063417
2/23/97,2.8159690880010357
2/24/97,2.806919766554472
2/25/97,2.7978736540160476
2/26/97,2.788830748679194
2/27/97,2.7797910488386313
2/28/97,2.7707545527902333
3/1/97,2.7617212588310958
3/2/97,2.753091790441853
3/3/97,2.744464466952512
3/4/97,2.7358392875634463
3/5/97,2.7272162514754283
3/6/97,2.7185953578897415
3/7/97,2.7099766060079133
3/8/97,2.701359995
3/9/97,2.6927455241643417
3/10/97,2.6841331926077627
3/11/97,2.6755229995654606
3/12/97,2.6669149442409834
3/13/97,2.6583090258383457
3/14/97,2.6497052435619173
3/15/97,2.641103596616423
3/16/97,2.6325040842070324
3/17/97,2.6239067055393583
3/18/97,2.615311459819303
3/19/97,2.6067183462532117
3/20/97,2.5981273640478753
3/21/97,2.589538512
3/22/97,2.5809517905482027
3/23/97,2.5723671976693563
3/24/97,2.5637847329821106
3/25/97,2.5552043956952097
3/26/97,2.546626185017664
3/27/97,2.538050100158995
3/28/97,2.5294761403291233
3/29/97,2.5209043047382806
3/30/97,2.512334592597165
3/31/97,2.503767003116808
4/1/97,2.4952015355086177
4/2/97,2.486511846117745
4/3/97,2.4778232685090273
4/4/97,2.4691358024691246
4/5/97,2.4604494477847405
4/6/97,2.4517642042426013
4/7/97,2.443080071629544
4/8/97,2.4343970497324507
4/9/97,2.4257151383382247
4/10/97,2.4170343372338143
4/11/97,2.408354646206301
4/12/97,2.399676065042722
4/13/97,2.3909985935302247
4/14/97,2.3823222314560244
4/15/97,2.3736469786073577
4/16/97,2.364972834771484
4/17/97,2.356299799735795
4/18/97,2.3476278732877276
4/19/97,2.3389570552147187
4/20/97,2.3302873453042716
4/21/97,2.3216187433439783
4/22/97,2.3129512491214754
4/23/97,2.3042848624243994
4/24/97,2.295619583
4/25/97,2.2869554107576517
4/26/97,2.278292345363564
4/27/97,2.269630386646204
4/28/97,2.2609695343935643
4/29/97,2.2523097883935916
4/30/97,2.2436511484343225
5/1/97,2.2349936143039484
5/2/97,2.2370074360928527
5/3/97,2.239021174919653
5/4/97,2.2410348307895234
5/5/97,2.243048403707526
5/6/97,2.2450618936788125
5/7/97,2.247075300708512
5/8/97,2.249088624801776
5/9/97,2.2511018659636672
5/10/97,2.253115024199359
5/11/97,2.255128099513959
5/12/97,2.2571410919125956
5/13/97,2.2591540014003986
5/14/97,2.261166827982475
5/15/97,2.2631795716639314
5/16/97,2.2651922324499196
5/17/97,2.2672048103455467
5/18/97,2.2692173053559417
5/19/97,2.2712297174862117
5/20/97,2.273242046741486
5/21/97,2.2752542931268938
5/22/97,2.277266456647542
5/23/97,2.279278537308538
5/24/97,2.2812905351150103
5/25/97,2.2833024500720667
5/26/97,2.285314282184858
5/27/97,2.287326031
5/28/97,2.2893376978980085
5/29/97,2.2913492815086256
5/30/97,2.2933607822954283
5/31/97,2.2953722002635235
6/1/97,2.2973835354180183
6/2/97,2.2951098632293387
6/3/97,2.2928364811978907
6/4/97,2.2905633892681854
6/5/97,2.288290587384645
6/6/97,2.286018075491758
6/7/97,2.2837458535340804
6/8/97,2.2814739214560786
6/9/97,2.279202279202286
6/10/97,2.276930927
6/11/97,2.274659863945594
6/12/97,2.2723890908317834
6/13/97,2.2701186073204926
6/14/97,2.2678484133562993
6/15/97,2.265578508883803
6/16/97,2.2633088938476265
6/17/97,2.2610395681924578
6/18/97,2.258770531862897
6/19/97,2.2565017848036772
6/20/97,2.254233326959465
6/21/97,2.2519651582749045
6/22/97,2.2496972786947955
6/23/97,2.2474296881638267
6/24/97,2.245162386626731
6/25/97,2.2428953740283086
6/26/97,2.24062865
6/27/97,2.238362215426437
6/28/97,2.2360960693126097
6/29/97,2.233830212
6/30/97,2.231564643183215
7/1/97,2.2292993630573354
7/2/97,2.229161958375281
7/3/97,2.2290245706303002
7/4/97,2.2288871998192183
7/5/97,2.2287498459389488
7/6/97,2.2286125089863384
7/7/97,2.2284751889582566
7/8/97,2.2283378858515945
7/9/97,2.2282005996631993
7/10/97,2.228063330389962
7/11/97,2.2279260780287524
7/12/97,2.227788842576439
7/13/97,2.2276516240298916
7/14/97,2.227514422386001
7/15/97,2.227377237641659
7/16/97,2.22724007
7/17/97,2.227102919
7/18/97,2.226965784774526
7/19/97,2.2268286675970694
7/20/97,2.2266915673035514
7/21/97,2.226554483890819
7/22/97,2.226417417355786
7/23/97,2.2262803676953435
7/24/97,2.2261433349063386
7/25/97,2.226006318985685
7/26/97,2.2258693199302515
7/27/97,2.225732338
7/28/97,2.225595372402611
7/29/97,2.225458423924187
7/30/97,2.2253214922985487
7/31/97,2.2251845775225654
8/1/97,2.2250476795931284
8/2/97,2.222769028871374
8/3/97,2.220490845344769
8/4/97,2.2182131288695617
8/5/97,2.215935879302222
8/6/97,2.213659096499132
8/7/97,2.2113827803168506
8/8/97,2.209106930611915
8/9/97,2.2068315472409505
8/10/97,2.204556630060628
8/11/97,2.2022821789277502
8/12/97,2.2000081936990323
8/13/97,2.197734674231411
8/14/97,2.1954616203817334
8/15/97,2.1931890320070258
8/16/97,2.1909169089643132
8/17/97,2.188645251110688
8/18/97,2.1863740583033087
8/19/97,2.1841033303993562
8/20/97,2.1818330672561004
8/21/97,2.179563268730944
8/22/97,2.177293934681157
8/23/97,2.1750250649642977
8/24/97,2.172756659437769
8/25/97,2.170488717959196
8/26/97,2.168221240386181
8/27/97,2.1659542265763942
8/28/97,2.163687676387571
8/29/97,2.1614215896775146
8/30/97,2.1591559663040716
8/31/97,2.1568908061251557
9/1/97,2.154626108998725
9/2/97,2.1522864082796245
9/3/97,2.1499472016895282
9/4/97,2.1476084890718727
9/5/97,2.145270270270272
9/6/97,2.142932545128229
9/7/97,2.1405953134895572
9/8/97,2.138258575197871
9/9/97,2.135922330097073
9/10/97,2.1335865780309993
9/11/97,2.131251318843619
9/12/97,2.1289165523789233
9/13/97,2.126582278480993
9/14/97,2.1242484969939746
9/15/97,2.1219152077620596
9/16/97,2.119582410629528
9/17/97,2.1172501054407267
9/18/97,2.1149182920400467
9/19/97,2.112586970271968
9/20/97,2.110256139981015
9/21/97,2.1079258010118007
9/22/97,2.1055959532089608
9/23/97,2.1032665964172637
9/24/97,2.1009377304815002
9/25/97,2.0986093552465057
9/26/97,2.0962814705572486
9/27/97,2.093954076258675
9/28/97,2.091627172195887
9/29/97,2.0893007582139633
9/30/97,2.0869748341581618
10/1/97,2.0846493998736504
10/2/97,2.0763713424077013
10/3/97,2.0680942969498073
10/4/97,2.059818263
10/5/97,2.0515432413160894
10/6/97,2.043269230769229
10/7/97,2.0349962314884396
10/8/97,2.0267242432883803
10/9/97,2.0184532659836663
10/10/97,2.010183299388979
10/11/97,2.0019143433191333
10/12/97,1.9936463975888774
10/13/97,1.9853794620130705
10/14/97,1.9771135364065717
10/15/97,1.9688486205843514
10/16/97,1.9605847143613353
10/17/97,1.9523218175525603
10/18/97,1.9440599299731298
10/19/97,1.935799051438103
10/20/97,1.9275391817626497
10/21/97,1.9192803207620068
10/22/97,1.9110224682513888
10/23/97,1.9027656240460766
10/24/97,1.8945097879614181
10/25/97,1.8862549598128053
10/26/97,1.8780011394156526
10/27/97,1.8697483265853965
10/28/97,1.861496521137651
10/29/97,1.8532457228878974
10/30/97,1.8449959316517495
10/31/97,1.836747147244866
11/1/97,1.828499369482972
11/2/97,1.8242959226565825
11/3/97,1.8200924758301928
11/4/97,1.815889029003781
11/5/97,1.8116855821773914
11/6/97,1.8074821353510018
11/7/97,1.803278689
11/8/97,1.7990752416982003
11/9/97,1.7948717948717885
11/10/97,1.7906683480453989
11/11/97,1.7864649012190092
11/12/97,1.7822614543926196
11/13/97,1.7780580075662078
11/14/97,1.773854560739796
11/15/97,1.7696511139134063
11/16/97,1.7654476670870167
11/17/97,1.761244220260627
11/18/97,1.7570407734342375
11/19/97,1.7528373266078257
11/20/97,1.748633879781436
11/21/97,1.7444304329550242
11/22/97,1.7402269861286346
11/23/97,1.736023539302245
11/24/97,1.7318200924758331
11/25/97,1.7276166456494435
11/26/97,1.7234131988230539
11/27/97,1.719209751996642
11/28/97,1.7150063051702524
11/29/97,1.7108028583438406
11/30/97,1.706599411517451
12/1/97,1.7023959646910614
12/2/97,1.6981554168107094
12/3/97,1.693915731251039
12/4/97,1.689676907748927
12/5/97,1.685438946041562
12/6/97,1.6812018458661093
12/7/97,1.6769656069599348
12/8/97,1.6727302290603818
12/9/97,1.6684957119050603
12/10/97,1.664262055231558
12/11/97,1.660029259
12/12/97,1.6557973222811384
12/13/97,1.6515662454800406
12/14/97,1.6473360281123783
12/15/97,1.6431066699163388
12/16/97,1.6388781706301536
12/17/97,1.6346505299922987
12/18/97,1.630423747741161
12/19/97,1.626197823615394
12/20/97,1.6219727573536957
12/21/97,1.6177485486948529
12/22/97,1.6135251973777631
12/23/97,1.609302703141502
12/24/97,1.6050810657251446
12/25/97,1.600860284867922
12/26/97,1.596640360309176
12/27/97,1.592421291788404
12/28/97,1.5882030790450585
12/29/97,1.583985721818859
12/30/97,1.579769219849525
12/31/97,1.5755535728769754
1/1/98,1.5713387806411072
1/2/98,1.5671248428820395
1/3/98,1.562911759
1/4/98,1.5586995297551365
1/5/98,1.5544881538679833
1/6/98,1.5502776314189504
1/7/98,1.5460679621486895
1/8/98,1.5418591457978748
1/9/98,1.5376511821073358
1/10/98,1.5334440708179686
1/11/98,1.529237811670825
1/12/98,1.5250324044070007
1/13/98,1.5208278487677473
1/14/98,1.5166241444943829
1/15/98,1.512421291328403
1/16/98,1.508219289011259
1/17/98,1.5040181372846684
1/18/98,1.4998178358903713
1/19/98,1.4956183845702409
1/20/98,1.4914197830662168
1/21/98,1.487222031120372
1/22/98,1.4830251284748908
1/23/98,1.4788290748720456
1/24/98,1.4746338700541983
1/25/98,1.4704395137638882
1/26/98,1.4662460057436322
1/27/98,1.4620533457361917
1/28/98,1.4578615334843281
1/29/98,1.453670568730936
1/30/98,1.4494804512190207
1/31/98,1.4452911806917434
2/1/98,1.441102756892243
2/2/98,1.438736239147942
2/3/98,1.4363701449794153
2/4/98,1.4340044742729319
2/5/98,1.431639226914827
2/6/98,1.4292744027914361
2/7/98,1.4269100017892278
2/8/98,1.4245460237946261
2/9/98,1.4221824686940998
2/10/98,1.4198193363742062
2/11/98,1.417456626721525
2/12/98,1.4150943396226356
2/13/98,1.4127324749642511
2/14/98,1.4103710326329955
2/15/98,1.408010012515648
2/16/98,1.4056494144989662
2/17/98,1.4032892384697737
2/18/98,1.4009294843149611
2/19/98,1.3985701519213523
2/20/98,1.3962112411759486
2/21/98,1.3938527519656851
2/22/98,1.3914946841776077
2/23/98,1.3891370376987622
2/24/98,1.3867798124162611
2/25/98,1.384423008217217
2/26/98,1.3820666249888314
2/27/98,1.3797106626183275
2/28/98,1.3773551209929513
3/1/98,1.374999999999993
3/2/98,1.3769606064271578
3/3/98,1.3789210547536568
3/4/98,1.3808813449985857
3/5/98,1.3828414771810849
3/6/98,1.3848014513202944
3/7/98,1.386761267435288
3/8/98,1.388720925545206
3/9/98,1.390680425669144
3/10/98,1.392639767826176
3/11/98,1.394598952035464
3/12/98,1.396557978316082
3/13/98,1.3985168466871034
3/14/98,1.400475557167602
3/15/98,1.40243411
3/16/98,1.404392504533547
3/17/98,1.4063507414571186
3/18/98,1.4083088205665506
3/19/98,1.4102667418809167
3/20/98,1.412224505419224
3/21/98,1.4141821112006348
3/22/98,1.4161395592442005
3/23/98,1.4180968495689283
3/24/98,1.4200539821939362
3/25/98,1.4220109571382533
3/26/98,1.4239677744209533
3/27/98,1.4259244340610655
3/28/98,1.4278809360776634
3/29/98,1.4298372804897763
3/30/98,1.4317934673164334
3/31/98,1.4337494965767306
4/1/98,1.4357053682896526
4/2/98,1.4440583449510047
4/3/98,1.4524116692330225
4/4/98,1.4607653411573773
4/5/98,1.4691193607457853
4/6/98,1.4774737280199846
4/7/98,1.4858284430016466
4/8/98,1.494183505712443
4/9/98,1.5025389161741565
4/10/98,1.5108946744084584
4/11/98,1.5192507804370425
4/12/98,1.5276072342816915
4/13/98,1.5359640359640325
4/14/98,1.544321185505848
4/15/98,1.5526786829288763
4/16/98,1.561036528254789
4/17/98,1.5693947215053017
4/18/98,1.577753262702175
4/19/98,1.586112151867125
4/20/98,1.5944713890218898
4/21/98,1.6028309741881852
4/22/98,1.6111909073877495
4/23/98,1.6195511886423208
4/24/98,1.6279118179736596
4/25/98,1.6362727954034595
4/26/98,1.6446341209534587
4/27/98,1.6529957946454843
4/28/98,1.6613578165011633
4/29/98,1.6697201865423228
4/30/98,1.6780829047906787
5/1/98,1.6864459712679691
5/2/98,1.6863780146273655
5/3/98,1.6863100634632922
5/4/98,1.6862421177750608
5/5/98,1.6861741775620054
5/6/98,1.6861062428234819
5/7/98,1.6860383135588242
5/8/98,1.685970389767344
5/9/98,1.6859024714484416
5/10/98,1.6858345586013845
5/11/98,1.6857666512255731
5/12/98,1.6856987493202968
5/13/98,1.6856308528848896
5/14/98,1.685562961918774
5/15/98,1.6854950764211951
5/16/98,1.6854271963915535
5/17/98,1.6853593218291163
5/18/98,1.6852914527333063
5/19/98,1.6852235891034129
5/20/98,1.6851557309388365
5/21/98,1.6850878782388001
5/22/98,1.6850200310027486
5/23/98,1.6849521892299935
5/24/98,1.6848843529198465
5/25/98,1.6848165220717082
5/26/98,1.6847486966848457
5/27/98,1.6846808767586374
5/28/98,1.6846130622924393
5/29/98,1.6845452532855631
5/30/98,1.684477449737365
5/31/98,1.6844096516471785
6/1/98,1.6843418590143378
6/2/98,1.684271812359639
6/3/98,1.6842017715307467
6/4/98,1.6841317365269282
6/5/98,1.684061707347495
6/6/98,1.6839916839916702
6/7/98,1.6839216664587653
6/8/98,1.6838516547480475
6/9/98,1.683781648858762
6/10/98,1.6837116487902204
6/11/98,1.6836416545416677
6/12/98,1.6835716661123934
6/13/98,1.683501683501687
6/14/98,1.6834317067087712
6/15/98,1.683361736
6/16/98,1.6832917705735584
6/17/98,1.6832218112297737
6/18/98,1.6831518577009374
6/19/98,1.6830819099862726
6/20/98,1.6830119680850908
6/21/98,1.6829420319966593
6/22/98,1.6828721017202675
6/23/98,1.6828021772551605
6/24/98,1.6827322586006277
6/25/98,1.6826623457559364
6/26/98,1.6825924387203983
6/27/98,1.6825225374932362
6/28/98,1.6824526420737618
6/29/98,1.6823827524612645
6/30/98,1.682312868654967
7/1/98,1.6822429906542036
7/2/98,1.680131838096388
7/3/98,1.6780209400936164
7/4/98,1.6759102965999473
7/5/98,1.6737999075692622
7/6/98,1.6716897729555757
7/7/98,1.6695798927129024
7/8/98,1.6674702667952568
7/9/98,1.6653608951565868
7/10/98,1.6632517777509959
7/11/98,1.6611429145324763
7/12/98,1.6590343054551093
7/13/98,1.656925950472976
7/14/98,1.6548178495401134
7/15/98,1.652710003
7/16/98,1.6506024096385463
7/17/98,1.648495070578071
7/18/98,1.6463879853833019
7/19/98,1.644281154008298
7/20/98,1.6421745764072737
7/21/98,1.640068252534399
7/22/98,1.637962182343733
7/23/98,1.6358563657895342
7/24/98,1.6337508028259506
7/25/98,1.6316454934071745
7/26/98,1.6295404374874645
7/27/98,1.6274356350209684
7/28/98,1.6253310859619452
7/29/98,1.6232267902646536
7/30/98,1.621122748
7/31/98,1.6190189587721893
8/1/98,1.6169154228855787
8/2/98,1.612773810479018
8/3/98,1.6086328626444102
8/4/98,1.604492579221839
8/5/98,1.6003529600513433
8/6/98,1.5962140049731177
8/7/98,1.592075713827401
8/8/98,1.587938086454388
8/9/98,1.5838011226944726
8/10/98,1.5796648223879606
8/11/98,1.5755291853752462
8/12/98,1.571394211496835
8/13/98,1.567259900593232
8/14/98,1.5631262525050094
8/15/98,1.5589932670727835
8/16/98,1.5548609441372152
8/17/98,1.5507292835390318
8/18/98,1.546598285118983
8/19/98,1.5424679487179294
8/20/98,1.5383382741767537
8/21/98,1.5342092613363167
8/22/98,1.5300809100376567
8/23/98,1.5259532201217452
8/24/98,1.5218261914297093
8/25/98,1.5176998238026762
8/26/98,1.513574117081773
8/27/98,1.5094490711082598
8/28/98,1.5053246857234415
8/29/98,1.5012009607686005
8/30/98,1.4970778960851971
8/31/98,1.4929554915145582
9/1/98,1.488833746898277
9/2/98,1.4887106111984183
9/3/98,1.4885874958650458
9/4/98,1.4884644008930747
9/5/98,1.488341326277487
9/6/98,1.488218272013242
9/7/98,1.4880952380952328
9/8/98,1.4879722245184857
9/9/98,1.4878492312778935
9/10/98,1.4877262583684603
9/11/98,1.4876033057851235
9/12/98,1.4874803735228426
9/13/98,1.4873574615765994
9/14/98,1.4872345699413314
9/15/98,1.4871116986120425
9/16/98,1.4869888475836701
9/17/98,1.4868660168511516
9/18/98,1.4867432064095132
9/19/98,1.4866204162537144
9/20/98,1.4864976463787372
9/21/98,1.4863748967795187
9/22/98,1.4862521674510853
9/23/98,1.4861294583883744
9/24/98,1.4860067695863899
9/25/98,1.4858841010401136
9/26/98,1.4857614527445273
9/27/98,1.4856388246946128
9/28/98,1.4855162168853742
9/29/98,1.4853936293117709
9/30/98,1.485271061968807
10/1/98,1.4851485148514865
10/2/98,1.4871743686994732
10/3/98,1.489200303429561
10/4/98,1.491226319046568
10/5/98,1.4932524155553795
10/6/98,1.4952785929608137
10/7/98,1.4973048512677334
10/8/98,1.499331190480957
10/9/98,1.5013576106053472
10/10/98,1.5033841116457447
10/11/98,1.505410694
10/12/98,1.507437356493968
10/13/98,1.509464100311475
10/14/98,1.511490925064396
10/15/98,1.5135178307575492
10/16/98,1.5155448173958197
10/17/98,1.5175718849840258
10/18/98,1.5195990335270304
10/19/98,1.521626263029674
10/20/98,1.5236535734968193
10/21/98,1.525680964933307
10/22/98,1.5277084373439775
10/23/98,1.529735990733716
10/24/98,1.5317636251073408
10/25/98,1.5337913404697145
10/26/98,1.5358191368257001
10/27/98,1.5378470141801603
10/28/98,1.5398749725379135
10/29/98,1.5419030119038224
10/30/98,1.5439311322827498
10/31/98,1.5459593336795363
11/1/98,1.5479876160990669
11/2/98,1.5501155878467676
11/3/98,1.552243735292902
11/4/98,1.5543720584592746
11/5/98,1.5565005573675794
11/6/98,1.5586292320396433
11/7/98,1.5607580824972045
11/8/98,1.5628871087620677
11/9/98,1.5650163108560156
11/10/98,1.5671456888007862
11/11/98,1.5692752426182066
11/12/98,1.5714049723300594
11/13/98,1.573534877958127
11/14/98,1.5756649595242145
11/15/98,1.5777952170501042
11/16/98,1.579925650557601
11/17/98,1.582056260068554
11/18/98,1.5841870456047458
11/19/98,1.5863180071880034
11/20/98,1.5884491448401317
11/21/98,1.5905804585829353
11/22/98,1.5927119484382635
11/23/98,1.5948436144279654
11/24/98,1.5969754565738459
11/25/98,1.5991074748977319
11/26/98,1.6012396694214948
11/27/98,1.6033720401669393
11/28/98,1.605504587155937
11/29/98,1.6076373104103814
11/30/98,1.609770209952055
12/1/98,1.6119032858028515
12/2/98,1.6138063432387995
12/3/98,1.615709172348967
12/4/98,1.6176117731744322
12/5/98,1.6195141457562734
12/6/98,1.6214162901355467
12/7/98,1.6233182063533302
12/8/98,1.625219894450658
12/9/98,1.6271213544685859
12/10/98,1.6290225864481256
12/11/98,1.630923590430311
12/12/98,1.6328243664561537
12/13/98,1.6347249145666432
12/14/98,1.6366252348027466
12/15/98,1.638525327
12/16/98,1.640425191815864
12/17/98,1.642324828674746
12/18/98,1.6442242378231553
12/19/98,1.6461234193020147
12/20/98,1.6480223731522248
12/21/98,1.6499210994147306
12/22/98,1.6518195981304773
12/23/98,1.653717869340321
12/24/98,1.6556159130851622
12/25/98,1.6575137294059017
12/26/98,1.6594113183433956
12/27/98,1.6613086799385002
12/28/98,1.6632058142320938
12/29/98,1.6651027212650105
12/30/98,1.6669994010780842
12/31/98,1.6688958537121046
1/1/99,1.6707920792079278
1/2/99,1.6686959819557368
1/3/99,1.6666001357231286
1/4/99,1.6645045404650505
1/5/99,1.6624091961363607
1/6/99,1.6603141026920287
1/7/99,1.6582192600870016
1/8/99,1.6561246682762487
1/9/99,1.654030327214695
1/10/99,1.651936236857332
1/11/99,1.6498423971591736
1/12/99,1.6477488080751668
1/13/99,1.6456554695603476
1/14/99,1.6435623815697742
1/15/99,1.6414695440583937
1/16/99,1.6393769569813088
1/17/99,1.6372846202935554
1/18/99,1.6351925339501916
1/19/99,1.6331006979062757
1/20/99,1.6310091121169323
1/21/99,1.6289177765372198
1/22/99,1.6268266911222184
1/23/99,1.6247358558271197
1/24/99,1.6226452706070038
1/25/99,1.6205549354169957
1/26/99,1.6184648502122867
1/27/99,1.6163750149479794
1/28/99,1.6142854295792874
1/29/99,1.612196094
1/30/99,1.6101070083494484
1/31/99,1.608018172398662
2/1/99,1.6059295861643008
2/2/99,1.610234917833897
2/3/99,1.6145396797388356
2/4/99,1.618843871992226
2/5/99,1.6231474947071334
2/6/99,1.6274505479965784
2/7/99,1.6317530319735374
2/8/99,1.6360549467510532
2/9/99,1.6403562924420134
2/10/99,1.644657069159372
2/11/99,1.6489572770159944
2/12/99,1.6532569161247679
2/13/99,1.6575559865984912
2/14/99,1.661854488549963
2/15/99,1.6661524220919377
2/16/99,1.6704497873371915
2/17/99,1.6747465843984122
2/18/99,1.679042813388265
2/19/99,1.683338474419438
2/20/99,1.6876335676044851
2/21/99,1.6919280930560499
2/22/99,1.6962220508866643
2/23/99,1.7005154412088608
2/24/99,1.7048082641351492
2/25/99,1.7091005197779952
2/26/99,1.713392208249842
2/27/99,1.717683329663089
2/28/99,1.7219738841300902
3/1/99,1.7262638717632672
3/2/99,1.7440588644725086
3/3/99,1.7618517340120876
3/4/99,1.779642480761967
3/5/99,1.7974311051020209
3/6/99,1.8152176074119675
3/7/99,1.8330019880715698
3/8/99,1.850784247460413
3/9/99,1.868564385957927
3/10/99,1.8863424039436305
3/11/99,1.9041183017967978
3/12/99,1.9218920798966366
3/13/99,1.939663738622377
3/14/99,1.9574332783529824
3/15/99,1.9752006994674387
3/16/99,1.992966002344665
3/17/99,2.0107291873634026
3/18/99,2.028490254902371
3/19/99,2.0462492053401116
3/20/99,2.0640060390552106
3/21/99,2.0817607564260543
3/22/99,2.099513357830962
3/23/99,2.1172638436482094
3/24/99,2.135012214255916
3/25/99,2.1527584700321567
3/26/99,2.1705026113549186
3/27/99,2.188244638602077
3/28/99,2.2059845521513743
3/29/99,2.2237223523805527
3/30/99,2.2414580396672656
3/31/99,2.2591916143889446
4/1/99,2.2769230769230653
4/2/99,2.270629499723098
4/3/99,2.264336697021885
4/4/99,2.258044669
4/5/99,2.251753414544111
4/6/99,2.245462934
4/7/99,2.2391732283464583
4/8/99,2.232884295995574
4/9/99,2.226596137286241
4/10/99,2.2203087520757725
4/11/99,2.2140221402213944
4/12/99,2.207736301580443
4/13/99,2.201451236010321
4/14/99,2.1951669433683874
4/15/99,2.1888834235120447
4/16/99,2.182600676298785
4/17/99,2.176318701586122
4/18/99,2.1700374992315474
4/19/99,2.1637570690926866
4/20/99,2.157477411027098
4/21/99,2.151198524892428
4/22/99,2.1449204105463693
4/23/99,2.1386430678465906
4/24/99,2.1323664966508726
4/25/99,2.1260906968169957
4/26/99,2.1198156682027625
4/27/99,2.1135414106659978
4/28/99,2.1072679240646153
4/29/99,2.1009952082565286
4/30/99,2.0947232630996737
5/1/99,2.088452088452075
5/2/99,2.084406578165243
5/3/99,2.080361388492613
5/4/99,2.076316519396104
5/5/99,2.0722719708376136
5/6/99,2.0682277427790163
5/7/99,2.0641838351822317
5/8/99,2.060140248009179
5/9/99,2.0560969812217555
5/10/99,2.0520540347819027
5/11/99,2.048011409
5/12/99,2.043969102792631
5/13/99,2.039927117167073
5/14/99,2.0358854517368297
5/15/99,2.031844106463865
5/16/99,2.027803081310142
5/17/99,2.0237623762376256
5/18/99,2.0197219912082565
5/19/99,2.0156819261840653
5/20/99,2.0116421811269714
5/21/99,2.0076027559990273
5/22/99,2.003563650762219
5/23/99,1.9995248653785103
5/24/99,1.9954863998099537
5/25/99,1.991448254018513
5/26/99,1.987410427966263
5/27/99,1.9833729216151896
5/28/99,1.9793357349273455
5/29/99,1.9752988678647831
5/30/99,1.9712623203894886
5/31/99,1.967226092463581
6/1/99,1.9631901840490684
6/2/99,1.9692446116723383
6/3/99,1.975298544086379
6/4/99,1.9813519813519642
6/5/99,1.9874049235298896
6/6/99,1.993457371
6/7/99,1.9995093228655447
6/8/99,2.005560780144755
6/9/99,2.011611742579089
6/10/99,2.017662210229365
6/11/99,2.0237121831561566
6/12/99,2.029761661420215
6/13/99,2.035810645082159
6/14/99,2.0418591342026726
6/15/99,2.0479071288423745
6/16/99,2.053954629061927
6/17/99,2.0600016349219485
6/18/99,2.0660481464830127
6/19/99,2.072094163805782
6/20/99,2.0781396869508306
6/21/99,2.084184715978754
6/22/99,2.090229250950104
6/23/99,2.0962732919254767
6/24/99,2.102316838965379
6/25/99,2.108359892130429
6/26/99,2.114402451
6/27/99,2.1204445170779573
6/28/99,2.126486088981494
6/29/99,2.1325271672522295
6/30/99,2.1385677519506485
7/1/99,2.1446078431372584
7/2/99,2.1484761038858435
7/3/99,2.1523440588189002
7/4/99,2.156211707972644
7/5/99,2.160079051383401
7/6/99,2.1639460890873874
7/7/99,2.1678128211208625
7/8/99,2.171679247520042
7/9/99,2.175545368321208
7/10/99,2.1794111835605534
7/11/99,2.1832766932743164
7/12/99,2.1871418974987344
7/13/99,2.1910067962699564
7/14/99,2.194871389624242
7/15/99,2.198735677597785
7/16/99,2.2025996602267783
7/17/99,2.206463337547393
7/18/99,2.2103267095958445
7/19/99,2.2141897764083263
7/20/99,2.2180525380209426
7/21/99,2.221914994469887
7/22/99,2.225777145791352
7/23/99,2.2296389920214876
7/24/99,2.2335005331964197
7/25/99,2.2373617693522974
7/26/99,2.241222700525225
7/27/99,2.2450833267514403
7/28/99,2.248943648066959
7/29/99,2.252803664507974
7/30/99,2.256663376110546
7/31/99,2.2605227829108454
8/1/99,2.2643818849449104
8/2/99,2.2761370814908366
8/3/99,2.2878913498361575
8/4/99,2.2996446900908074
8/5/99,2.311397102364676
8/6/99,2.3231485867677204
8/7/99,2.3348991434097854
8/8/99,2.346648772400739
8/9/99,2.3583974738504043
8/10/99,2.370145247868649
8/11/99,2.381892094565252
8/12/99,2.393638014050037
8/13/99,2.405383006432782
8/14/99,2.4171270718231996
8/15/99,2.428870210331091
8/16/99,2.4406124220661463
8/17/99,2.4523537071380552
8/18/99,2.4640940656565746
8/19/99,2.4758334977313057
8/20/99,2.4875720034719384
8/21/99,2.4993095829881184
8/22/99,2.511046236389469
8/23/99,2.5227819637855475
8/24/99,2.534516765285999
8/25/99,2.5462506410003583
8/26/99,2.557983591038182
8/27/99,2.5697156155090273
8/28/99,2.581446714522384
8/29/99,2.5931768881877426
8/30/99,2.604906136614593
8/31/99,2.616634459912448
9/1/99,2.6283618581907087
9/2/99,2.6261103414554787
9/3/99,2.6238591916558196
9/4/99,2.6216084087020475
9/5/99,2.6193579925044785
9/6/99,2.617107942973518
9/7/99,2.614858260019548
9/8/99,2.6126089435529964
9/9/99,2.6103599934842903
9/10/99,2.6081114097239233
9/11/99,2.6058631921824116
9/12/99,2.6036153407702933
9/13/99,2.601367855398151
9/14/99,2.5991207359765456
9/15/99,2.596873982416148
9/16/99,2.5946275946275854
9/17/99,2.5923815725215738
9/18/99,2.5901359160087845
9/19/99,2.587890624999978
9/20/99,2.5856456994059807
9/21/99,2.583401139137509
9/22/99,2.581156944105434
9/23/99,2.5789131142206267
9/24/99,2.576669649393959
9/25/99,2.5744265495363683
9/26/99,2.5721838145587483
9/27/99,2.569941444372148
9/28/99,2.5676994388875274
9/29/99,2.5654577980159354
9/30/99,2.563216521668421
10/1/99,2.56097561
10/2/99,2.5629425649095205
10/3/99,2.5649095200629413
10/4/99,2.566876475216362
10/5/99,2.5688434303697827
10/6/99,2.5708103855232034
10/7/99,2.572777340676624
10/8/99,2.574744295830045
10/9/99,2.5767112509834655
10/10/99,2.5786782061368863
10/11/99,2.580645161290307
10/12/99,2.5826121164437277
10/13/99,2.5845790715971706
10/14/99,2.5865460267505913
10/15/99,2.588512981904012
10/16/99,2.5904799370574327
10/17/99,2.5924468922108534
10/18/99,2.594413847364274
10/19/99,2.596380802517695
10/20/99,2.5983477576711156
10/21/99,2.6003147128245585
10/22/99,2.602281667977979
10/23/99,2.604248623
10/24/99,2.6062155782848206
10/25/99,2.6081825334382414
10/26/99,2.610149488591662
10/27/99,2.612116443745083
10/28/99,2.6140833988985035
10/29/99,2.6160503540519464
10/30/99,2.618017309205367
10/31/99,2.619984264358788
11/1/99,2.6219512195122086
11/2/99,2.624037073924268
11/3/99,2.626123013
11/4/99,2.6282090371364086
11/5/99,2.630295145946815
11/6/99,2.632381339567025
11/7/99,2.634467618002212
11/8/99,2.6365539812575056
11/9/99,2.638640429338124
11/10/99,2.640726962249196
11/11/99,2.6428135799959396
11/12/99,2.6449002825835066
11/13/99,2.6469870700170706
11/14/99,2.6490739423018272
11/15/99,2.651160899442928
11/16/99,2.653247941445569
11/17/99,2.6553350683149013
11/18/99,2.657422280056121
11/19/99,2.6595095766744015
11/20/99,2.6615969581749166
11/21/99,2.663684425
11/22/99,2.665771975843345
11/23/99,2.667859612021628
11/24/99,2.6699473331028623
11/25/99,2.6720351390922437
11/26/99,2.6741230299949015
11/27/99,2.676211005816098
11/28/99,2.6782990665609185
11/29/99,2.680387212234603
11/30/99,2.6824754428423248
12/1/99,2.684563758389258
12/2/99,2.6863204298112953
12/3/99,2.688076825
12/4/99,2.6898329430747214
12/5/99,2.691588785046717
12/6/99,2.6933443506659716
12/7/99,2.6950996399976335
12/8/99,2.696854653107006
12/9/99,2.6986093900592145
12/10/99,2.700363850919474
12/11/99,2.7021180357529095
12/12/99,2.703871944624714
12/13/99,2.705625577599946
12/14/99,2.7073789347437316
12/15/99,2.7091320161211074
12/16/99,2.710884821797177
12/17/99,2.7126373518369107
12/18/99,2.714389606305412
12/19/99,2.716141585267584
12/20/99,2.717893288788442
12/21/99,2.719644716932934
12/22/99,2.7213958697659857
12/23/99,2.7231467473525006
12/24/99,2.7248973497573603
12/25/99,2.7266476770454684
12/26/99,2.728397729281662
12/27/99,2.7301475065307335
12/28/99,2.7318970088575645
12/29/99,2.7336462363268366
12/30/99,2.735395189003431
12/31/99,2.7371438669520076
1/1/00,2.738892270237381
1/2/00,2.754491017964078
1/3/00,2.7700885407464293
1/4/00,2.785684838728675
1/5/00,2.8012799120551213
1/6/00,2.8168737608699868
1/7/00,2.832466385317489
1/8/00,2.8480577855418465
1/9/00,2.8636479616871657
1/10/00,2.879236913897665
1/11/00,2.8948246423174284
1/12/00,2.9104111470905636
1/13/00,2.9259964283611772
1/14/00,2.9415804862732653
1/15/00,2.9571633209709347
1/16/00,2.972744932598159
1/17/00,2.9883253212989347
1/18/00,3.003904487217235
1/19/00,3.019482430496989
1/20/00,3.0350591512821046
1/21/00,3.0506346497165326
1/22/00,3.0662089259440917
1/23/00,3.0817819801086888
1/24/00,3.097353812
1/25/00,3.1129244228241815
1/26/00,3.1284938116627137
1/27/00,3.144061979013446
1/28/00,3.159628925020108
1/29/00,3.1751946498264516
1/30/00,3.190759153576117
1/31/00,3.206322436412834
2/1/00,3.221884498480243
2/2/00,3.240024403298203
2/3/00,3.258160370650365
2/4/00,3.276292401818637
2/5/00,3.294420498084283
2/6/00,3.312544660728123
2/7/00,3.3306648910303105
2/8/00,3.3487811902704667
2/9/00,3.366893559727746
2/10/00,3.3850020006806147
2/11/00,3.403106514407095
2/12/00,3.4212071021845647
2/13/00,3.439303765289936
2/14/00,3.4573965049995437
2/15/00,3.475485322589078
2/16/00,3.4935702193338303
2/17/00,3.5116511965083808
2/18/00,3.529728255386888
2/19/00,3.547801397242867
2/20/00,3.565870623349343
2/21/00,3.583935934978788
2/22/00,3.601997333403051
2/23/00,3.6200548198934923
2/24/00,3.638108395720918
2/25/00,3.656158062155579
2/26/00,3.674203820467148
2/27/00,3.6922456719247876
2/28/00,3.7102836177971055
2/29/00,3.7283176593521317
3/1/00,3.7332395137015695
3/2/00,3.7108688005627943
3/3/00,3.688508576563887
3/4/00,3.666158834329458
3/5/00,3.6438195664909356
3/6/00,3.621490766
3/7/00,3.599172424561803
3/8/00,3.5768645357686424
3/9/00,3.554567091966132
3/10/00,3.532280085820161
3/11/00,3.510003510003523
3/12/00,3.4877373571957637
3/13/00,3.4654816200834215
3/14/00,3.4432362913597636
3/15/00,3.4210013637249403
3/16/00,3.3987768298858523
3/17/00,3.376562682556372
3/18/00,3.354358914457034
3/19/00,3.332165518315233
3/20/00,3.3099824868651373
3/21/00,3.287809812847753
3/22/00,3.2656474890107923
3/23/00,3.2434955081087624
3/24/00,3.2213538629029204
3/25/00,3.1992225461613177
3/26/00,3.177101550658734
3/27/00,3.154990869176677
3/28/00,3.1328904945033598
3/29/00,3.110800419433768
3/30/00,3.0887206367695708
3/31/00,3.066651139319143
4/1/00,3.0685920577617543
4/2/00,3.0726032892097965
4/3/00,3.076614520657839
4/4/00,3.0806257521059255
4/5/00,3.0846369835539678
4/6/00,3.088648215
4/7/00,3.0926594464500745
4/8/00,3.096670677898117
4/9/00,3.1006819093461813
4/10/00,3.1046931407942457
4/11/00,3.108704372242288
4/12/00,3.1127156036903303
4/13/00,3.1167268351383948
4/14/00,3.1207380665864592
4/15/00,3.1247492980345015
4/16/00,3.128760529482566
4/17/00,3.1327717609306083
4/18/00,3.1367829923786728
4/19/00,3.1407942238267372
4/20/00,3.1448054552747795
4/21/00,3.148816686722844
4/22/00,3.1528279181708863
4/23/00,3.1568391496189285
4/24/00,3.160850381066993
4/25/00,3.1648616125150575
4/26/00,3.1688728439630998
4/27/00,3.1728840754111642
4/28/00,3.1768953068592065
4/29/00,3.180906538307271
4/30/00,3.1849177697553355
5/1/00,3.1889290012033777
5/2/00,3.2063972671868335
5/3/00,3.2238655331703114
5/4/00,3.241333799153767
5/5/00,3.258802065137245
5/6/00,3.276270331120701
5/7/00,3.2937385971041566
5/8/00,3.3112068630876346
5/9/00,3.328675129071068
5/10/00,3.346143395054546
5/11/00,3.363611661038002
5/12/00,3.3810799270214797
5/13/00,3.3985481930049355
5/14/00,3.4160164589883912
5/15/00,3.433484724971869
5/16/00,3.450952990955325
5/17/00,3.468421256938803
5/18/00,3.4858895229222586
5/19/00,3.5033577889057144
5/20/00,3.5208260548891923
5/21/00,3.538294320872648
5/22/00,3.555762586856126
5/23/00,3.5732308528395818
5/24/00,3.5906991188230375
5/25/00,3.6081673848064932
5/26/00,3.625635650789949
5/27/00,3.643103916773427
5/28/00,3.6605721827568827
5/29/00,3.6780404487403606
5/30/00,3.6955087147238164
5/31/00,3.712976980707272
6/1/00,3.720044119121635
6/2/00,3.7176659314217098
6/3/00,3.7152882205513826
6/4/00,3.7129109863672793
6/5/00,3.710534229
6/6/00,3.7081579474844695
6/7/00,3.7057821424992587
6/8/00,3.7034068136272635
6/9/00,3.701031960725376
6/10/00,3.6986575836505997
6/11/00,3.696283682259849
6/12/00,3.693910256410282
6/13/00,3.6915373059589474
6/14/00,3.689164830763092
6/15/00,3.686792830679897
6/16/00,3.6844213055666986
6/17/00,3.682050255280833
6/18/00,3.6796796796796816
6/19/00,3.677309579
6/20/00,3.6749399519615755
6/21/00,3.6725707995597157
6/22/00,3.670202121272781
6/23/00,3.6678339169585072
6/24/00,3.6654661864746085
6/25/00,3.6630989296789096
6/26/00,3.660732146429302
6/27/00,3.658365836583677
6/28/00,3.656000000000015
6/29/00,3.6536346365363626
6/30/00,3.6512697460508114
7/1/00,3.6512451384454803
7/2/00,3.643223372351767
7/3/00,3.635202848
7/4/00,3.6271835645058426
7/5/00,3.6191655221773145
7/6/00,3.611148720527657
7/7/00,3.6031331592689453
7/8/00,3.595118838113298
7/9/00,3.587105756772968
7/10/00,3.579093914960274
7/11/00,3.571083312387624
7/12/00,3.5630739487675367
7/13/00,3.5550658238125754
7/14/00,3.5470589372354366
7/15/00,3.5390532887488835
7/16/00,3.531048878065768
7/17/00,3.5230457048990305
7/18/00,3.515043768961723
7/19/00,3.507043069966964
7/20/00,3.499043607627983
7/21/00,3.491045381658009
7/22/00,3.4830483917705157
7/23/00,3.4750526376789326
7/24/00,3.467058119096844
7/25/00,3.4590648357379017
7/26/00,3.451072787315823
7/27/00,3.4430819735444818
7/28/00,3.435092394137751
7/29/00,3.4271040488097038
7/30/00,3.419116937274369
7/31/00,3.4111310592459754
8/1/00,3.3951630025671253
8/2/00,3.3965686936719752
8/3/00,3.3979739507959517
8/4/00,3.3993787741400494
8/5/00,3.400783163905041
8/6/00,3.402187120291633
8/7/00,3.403590643500398
8/8/00,3.404993733731798
8/9/00,3.4063963911861617
8/10/00,3.407798616063684
8/11/00,3.409200409
8/12/00,3.4106017688883883
8/13/00,3.412002697235339
8/14/00,3.4134031938050313
8/15/00,3.4148032587970167
8/16/00,3.4162028924108023
8/17/00,3.417602094845673
8/18/00,3.419000866300892
8/19/00,3.420399206975522
8/20/00,3.421797117068559
8/21/00,3.4231945967788446
8/22/00,3.4245916463051085
8/23/00,3.425988265845925
8/24/00,3.4273844555998023
8/25/00,3.4287802157650704
8/26/00,3.430175546540015
8/27/00,3.4315704481227005
8/28/00,3.432964921
8/29/00,3.4343589645032813
8/30/00,3.4357525796967714
8/31/00,3.437145766489258
9/1/00,3.448275862
9/2/00,3.448070509766543
9/3/00,3.4478651819210393
9/4/00,3.447659878528042
9/5/00,3.4474545995831996
9/6/00,3.4472493450821595
9/7/00,3.4470441150205255
9/8/00,3.4468389093939678
9/9/00,3.446633728198112
9/10/00,3.4464285714285614
9/11/00,3.4462234390810087
9/12/00,3.4460183311510573
9/13/00,3.445813247634355
9/14/00,3.4456081885265277
9/15/00,3.4454031538232677
9/16/00,3.445198143520156
9/17/00,3.4449931576128856
9/18/00,3.444788196097104
9/19/00,3.4445832589684144
9/20/00,3.4443783462224875
9/21/00,3.444173457854993
9/22/00,3.4439685938615128
9/23/00,3.443763754237783
9/24/00,3.4435589389794297
9/25/00,3.4433541480820784
9/26/00,3.443149381541377
9/27/00,3.4429446393530405
9/28/00,3.442739921512672
9/29/00,3.4425352280159194
9/30/00,3.4423305588585196
10/1/00,3.4462919279673265
10/2/00,3.4462258361460663
10/3/00,3.446159746859734
10/4/00,3.4460936601081515
10/5/00,3.4460275758912307
10/6/00,3.4459614942087713
10/7/00,3.445895415060707
10/8/00,3.445829338446793
10/9/00,3.445763264366941
10/10/00,3.4456971928209956
10/11/00,3.445631123808801
10/12/00,3.445565057330202
10/13/00,3.4454989933850877
10/14/00,3.4454329319733024
10/15/00,3.4453668730946907
10/16/00,3.4453008167490973
10/17/00,3.445234762936411
10/18/00,3.4451687116564544
10/19/00,3.445102662909072
10/20/00,3.4450366166941304
10/21/00,3.4449705730115188
10/22/00,3.444904531861037
10/23/00,3.444838493242597
10/24/00,3.444772457155998
10/25/00,3.4447064236011293
10/26/00,3.4446403925778135
10/27/00,3.4445743640859616
10/28/00,3.4445083381253516
10/29/00,3.4444423146958947
10/30/00,3.4443762937974354
10/31/00,3.4443102754298183
11/1/00,3.446226975638722
11/2/00,3.4442463854228444
11/3/00,3.442265795206967
11/4/00,3.4402852049910893
11/5/00,3.4383046147751894
11/6/00,3.4363240245592896
11/7/00,3.434343434343412
11/8/00,3.4323628441275345
11/9/00,3.430382253911657
11/10/00,3.4284016636957793
11/11/00,3.4264210734798795
11/12/00,3.424440483264002
11/13/00,3.4224598930481243
11/14/00,3.4204793028322467
11/15/00,3.418498712616347
11/16/00,3.4165181224004693
11/17/00,3.4145375321845695
11/18/00,3.412556941968692
11/19/00,3.4105763517528143
11/20/00,3.4085957615369367
11/21/00,3.406615171321037
11/22/00,3.4046345811051593
11/23/00,3.4026539908892817
11/24/00,3.400673400673404
11/25/00,3.3986928104575265
11/26/00,3.3967122202416267
11/27/00,3.394731630025727
11/28/00,3.3927510398098493
11/29/00,3.3907704495939717
11/30/00,3.388789859378094
12/1/00,3.3769021426654833
12/2/00,3.3880765766628906
12/3/00,3.3992488694718936
12/4/00,3.410419021707889
12/5/00,3.421587033985962
12/6/00,3.432752906921066
12/7/00,3.4439166411277755
12/8/00,3.4550782372206212
12/9/00,3.466237696
12/10/00,3.477395017521001
12/11/00,3.488550202956242
12/12/00,3.499703252732944
12/13/00,3.5108541674642835
12/14/00,3.5220029477633474
12/15/00,3.5331495942428237
12/16/00,3.5442941075153556
12/17/00,3.5554364881931866
12/18/00,3.566576736888427
12/19/00,3.5777148542128767
12/20/00,3.5888508407782016
12/21/00,3.599984697195757
12/22/00,3.6111164240766547
12/23/00,3.6222460220318053
12/24/00,3.6333734916719207
12/25/00,3.6444988336074013
12/26/00,3.655622048448448
12/27/00,3.666743136805062
12/28/00,3.677862099286977
12/29/00,3.688978936503684
12/30/00,3.700093649064473
12/31/00,3.711206237578346
1/1/01,3.7124078107684477
1/2/01,3.7059677542599534
1/3/01,3.6995301577600115
1/4/01,3.693095019859438
1/5/01,3.6866623391500264
1/6/01,3.6802321142246353
1/7/01,3.673804343677234
1/8/01,3.6673790261028794
1/9/01,3.6609561600976726
1/10/01,3.6545357442588022
1/11/01,3.6481177771844786
1/12/01,3.6417022574740665
1/13/01,3.635289184
1/14/01,3.6288785545475433
1/15/01,3.622470369
1/16/01,3.616064624295068
1/17/01,3.6096613204312344
1/18/01,3.6032604555496173
1/19/01,3.596862028256953
1/20/01,3.590466037161111
1/21/01,3.584072480870981
1/22/01,3.5776813579964983
1/23/01,3.5712926671486622
1/24/01,3.564906406939583
1/25/01,3.558522575982348
1/26/01,3.5521411728911545
1/27/01,3.5457621962812214
1/28/01,3.5393856447688554
1/29/01,3.533011516971385
1/30/01,3.5266398115071818
1/31/01,3.5202705269957058
2/1/01,3.5041416274159465
2/2/01,3.4831395517411323
2/3/01,3.4621494080953497
2/4/01,3.4411711863129746
2/5/01,3.4202048762399073
2/6/01,3.3992504677335944
2/7/01,3.378307950663051
2/8/01,3.357377314908616
2/9/01,3.336458550362287
2/10/01,3.3155516469274504
2/11/01,3.294656594518952
2/12/01,3.2737733830630056
2/13/01,3.2529020024973265
2/14/01,3.2320424427710437
2/15/01,3.2111946938445435
2/16/01,3.190358745689692
2/17/01,3.1695345882896575
2/18/01,3.1487222116389324
2/19/01,3.127921605743378
2/20/01,3.1071327606200905
2/21/01,3.0863556662975355
2/22/01,3.065590312815347
2/23/01,3.044836690224484
2/24/01,3.024094788587117
2/25/01,3.003364597976632
2/26/01,2.982646108477671
2/27/01,2.9619393101859792
2/28/01,2.941244193208581
3/1/01,2.9205607476635587
3/2/01,2.931810901965215
3/3/01,2.943060632324679
3/4/01,2.954309938765909
3/5/01,2.9655588213128192
3/6/01,2.9768072799894574
3/7/01,2.988055314819693
3/8/01,2.9993029258275294
3/9/01,3.010550113036925
3/10/01,3.021796876471816
3/11/01,3.0330432161561394
3/12/01,3.044289132113853
3/13/01,3.0555346243689163
3/14/01,3.066779692945265
3/15/01,3.078024337866836
3/16/01,3.0892685591576097
3/17/01,3.1005123568414783
3/18/01,3.1117557309423782
3/19/01,3.122998681484268
3/20/01,3.1342412084910842
3/21/01,3.145483311986741
3/22/01,3.1567249919951745
3/23/01,3.1679662485403215
3/24/01,3.179207081646096
3/25/01,3.1904474913364567
3/26/01,3.2016874776352733
3/27/01,3.2129270405665045
3/28/01,3.2241661801540644
3/29/01,3.235404896421845
3/30/01,3.2466431893938053
3/31/01,3.2578810590938145
4/1/01,3.2691185055458316
4/2/01,3.2806662515566742
4/3/01,3.292213098805319
4/4/01,3.3037590473966816
4/5/01,3.3153040974356784
4/6/01,3.3268482490272255
4/7/01,3.3383915022761723
4/8/01,3.3499338572873683
4/9/01,3.361475314165663
4/10/01,3.373015873015861
4/11/01,3.3845555339428124
4/12/01,3.3960942970512775
4/13/01,3.4076321624460393
4/14/01,3.419169130231836
4/15/01,3.4307052005134286
4/16/01,3.4422403733955775
4/17/01,3.453774649
4/18/01,3.4653080273802095
4/19/01,3.4768405086920806
4/20/01,3.488372093
4/21/01,3.4999027804783145
4/22/01,3.511432571
4/23/01,3.5229614651786756
4/24/01,3.5344894626331502
4/25/01,3.5460165636299834
4/26/01,3.5575427682737137
4/27/01,3.569068077
4/28/01,3.580592488919998
4/29/01,3.592116005131585
4/30/01,3.6036386254081565
5/1/01,3.6151603498542295
5/2/01,3.603264753450919
5/3/01,3.5913731831600293
5/4/01,3.5794856369378847
5/5/01,3.5676021127422297
5/6/01,3.555722609
5/7/01,3.543847122268362
5/8/01,3.531975652
5/9/01,3.5201081954280067
5/10/01,3.508244750779399
5/11/01,3.4963853159327707
5/12/01,3.4845298888555254
5/13/01,3.472678467516377
5/14/01,3.4608310498855044
5/15/01,3.4489876339344416
5/16/01,3.437148218
5/17/01,3.4253127989645193
5/18/01,3.413481375895566
5/19/01,3.4016539464061246
5/20/01,3.3898305084745672
5/21/01,3.378011060080599
5/22/01,3.3661955992053016
5/23/01,3.354384123831111
5/24/01,3.342576631941818
5/25/01,3.3307731215226566
5/26/01,3.318973590560037
5/27/01,3.307178037
5/28/01,3.295386458957461
5/29/01,3.2835988542973205
5/30/01,3.271815221
5/31/01,3.2600355572190542
6/1/01,3.248259860788849
6/2/01,3.2306086149562985
6/3/01,3.2129600989792673
6/4/01,3.1953143122245287
6/5/01,3.1776712540590557
6/6/01,3.1600309238500213
6/7/01,3.1423933209647315
6/8/01,3.1247584447708032
6/9/01,3.1071262946359646
6/10/01,3.089496869928121
6/11/01,3.071870170015467
6/12/01,3.0542461942662857
6/13/01,3.0366249420491487
6/14/01,3.0190064127327387
6/15/01,3.0013906056860273
6/16/01,2.983777520278097
6/17/01,2.966167155878252
6/18/01,2.9485595118560415
6/19/01,2.9309545875810805
6/20/01,2.913352382423362
6/21/01,2.895752895752879
6/22/01,2.8781561269400013
6/23/01,2.860562075355144
6/24/01,2.842970740369033
6/25/01,2.825382121352482
6/26/01,2.8077962176765725
6/27/01,2.7902130287125626
6/28/01,2.7726325538319108
6/29/01,2.7550547924062307
6/30/01,2.7374797438073806
7/1/01,2.719907407407396
7/2/01,2.719907407407396
7/3/01,2.719907407407396
7/4/01,2.719907407407396
7/5/01,2.719907407407396
7/6/01,2.719907407407396
7/7/01,2.719907407407396
7/8/01,2.719907407407396
7/9/01,2.719907407407396
7/10/01,2.719907407407396
7/11/01,2.719907407407396
7/12/01,2.719907407407396
7/13/01,2.719907407407396
7/14/01,2.719907407407396
7/15/01,2.719907407407396
7/16/01,2.719907407407396
7/17/01,2.719907407407396
7/18/01,2.719907407407396
7/19/01,2.719907407407396
7/20/01,2.719907407407396
7/21/01,2.719907407407396
7/22/01,2.719907407407396
7/23/01,2.719907407407396
7/24/01,2.719907407407396
7/25/01,2.719907407407396
7/26/01,2.719907407407396
7/27/01,2.719907407407396
7/28/01,2.719907407407396
7/29/01,2.719907407407396
7/30/01,2.719907407407396
7/31/01,2.719907407407396
8/1/01,2.719907407407396
8/2/01,2.7175840379267235
8/3/01,2.7152614488858973
8/4/01,2.712939639891787
8/5/01,2.7106186105514407
8/6/01,2.708298360472261
8/7/01,2.705978889261873
8/8/01,2.7036601965281237
8/9/01,2.7013422818791932
8/10/01,2.6990251449234837
8/11/01,2.6967087852696636
8/12/01,2.6943932025266903
8/13/01,2.692078396303743
8/14/01,2.689764366
8/15/01,2.687451111856065
8/16/01,2.6851386328510474
8/17/01,2.682826928805482
8/18/01,2.680515999
8/19/01,2.6782058440349976
8/20/01,2.6758964625318793
8/21/01,2.6735878544318137
8/22/01,2.6712800193463337
8/23/01,2.668972956887261
8/24/01,2.6666666666666616
8/25/01,2.664361148
8/26/01,2.6620564013905224
8/27/01,2.659752425560402
8/28/01,2.6574492204196387
8/29/01,2.655146785581586
8/30/01,2.6528451206598858
8/31/01,2.650544225268403
9/1/01,2.648244099021313
9/2/01,2.6308214840826682
9/3/01,2.613400874971239
9/4/01,2.595982271340591
9/5/01,2.5785656728444906
9/6/01,2.561151079136703
9/7/01,2.5437384898711057
9/8/01,2.5263279047016196
9/9/01,2.5089193232823215
9/10/01,2.491512745267288
9/11/01,2.474108170310707
9/12/01,2.456705598066855
9/13/01,2.4393050281900974
9/14/01,2.4219064603348217
9/15/01,2.4045098941555487
9/16/01,2.387115329306888
9/17/01,2.3697227654434716
9/18/01,2.352332202220042
9/19/01,2.3349436392914757
9/20/01,2.317557076312604
9/21/01,2.300172512938481
9/22/01,2.2827899488240933
9/23/01,2.2654093836246503
9/24/01,2.248030816995339
9/25/01,2.230654248591457
9/26/01,2.213279678068414
9/27/01,2.195907105081618
9/28/01,2.1785365292866565
9/29/01,2.1611679503391157
9/30/01,2.143801367894693
10/1/01,2.126436781609198
10/2/01,2.1189818505404023
10/3/01,2.1115271958770387
10/4/01,2.1040728176037637
10/5/01,2.0966187157051897
10/6/01,2.0891648901659288
10/7/01,2.0817113409705934
10/8/01,2.0742580681038625
10/9/01,2.0668050715503705
10/10/01,2.059352351
10/11/01,2.051899907321597
10/12/01,2.0444477396155847
10/13/01,2.036995848161327
10/14/01,2.029544232943481
10/15/01,2.022092893946703
10/16/01,2.014641831155606
10/17/01,2.0071910445548014
10/18/01,1.999740534129013
10/19/01,1.9922902998628533
10/20/01,1.9848403417409344
10/21/01,1.9773906597479574
10/22/01,1.9699412538685346
10/23/01,1.9624921240873228
10/24/01,1.9550432703889786
10/25/01,1.9475946927581367
10/26/01,1.9401463911794758
10/27/01,1.9326983656376084
10/28/01,1.9252506161172578
10/29/01,1.9178031426030362
10/30/01,1.9103559450796004
10/31/01,1.9029090235315849
11/1/01,1.895462377943713
11/2/01,1.8840107985984789
11/3/01,1.8725587807306265
11/4/01,1.8611063243150205
11/5/01,1.8496534293263922
11/6/01,1.838200095739606
11/7/01,1.8267463235294157
11/8/01,1.8152921126706856
11/9/01,1.803837463138147
11/10/01,1.7923823749066425
11/11/01,1.780926848
11/12/01,1.769470882245927
11/13/01,1.7580144777662898
11/14/01,1.746557634486856
11/15/01,1.7351003523824016
11/16/01,1.7236426314277464
11/17/01,1.7121844715976664
11/18/01,1.700725872866915
11/19/01,1.6892668352102902
11/20/01,1.677807359
11/21/01,1.6663474430185898
11/22/01,1.6548870884330213
11/23/01,1.6434262948207046
11/24/01,1.631965062156393
11/25/01,1.6205033904148847
11/26/01,1.609041279570933
11/27/01,1.5975787295992694
11/28/01,1.5861157404746695
11/29/01,1.5746523121719536
11/30/01,1.5631884446658084
12/1/01,1.551724137931032
12/2/01,1.538433022557495
12/3/01,1.5251473258959924
12/4/01,1.5118670446334193
12/5/01,1.498592175459379
12/6/01,1.4853227150662063
12/7/01,1.4720586601488783
12/8/01,1.458800007405081
12/9/01,1.4455467535351874
12/10/01,1.4322988952423232
12/11/01,1.4190564292321906
12/12/01,1.4058193522132445
12/13/01,1.3925876608965604
12/14/01,1.379361351995989
12/15/01,1.3661404222279794
12/16/01,1.3529248683116002
12/17/01,1.3397146869687404
12/18/01,1.326509874923798
12/19/01,1.3133104289039244
12/20/01,1.300116345638891
12/21/01,1.2869276218611336
12/22/01,1.2737442543057975
12/23/01,1.2605662397106032
12/24/01,1.247393574815936
12/25/01,1.2342262563648454
12/26/01,1.2210642811030015
12/27/01,1.207907645778783
12/28/01,1.194756347
12/29/01,1.1816103819495716
12/30/01,1.1684697469544147
12/31/01,1.1553344389165332
1/1/02,1.142204454597362
1/2/02,1.1420571765399457
1/3/02,1.1419099364582408
1/4/02,1.1417627343375925
1/5/02,1.1416155701633235
1/6/02,1.1414684439207567
1/7/02,1.1413213555952373
1/8/02,1.141174305172088
1/9/02,1.1410272926366982
1/10/02,1.140880317974391
1/11/02,1.1407333811705334
1/12/02,1.1405864822105372
1/13/02,1.1404396210797474
1/14/02,1.1402927977635535
1/15/02,1.1401460122473672
1/16/02,1.1399992645166002
1/17/02,1.1398525545566418
1/18/02,1.1397058823529482
1/19/02,1.1395592478908867
1/20/02,1.1394126511559577
1/21/02,1.1392660921335507
1/22/02,1.139119570809144
1/23/02,1.1389730871681714
1/24/02,1.1388266411961334
1/25/02,1.138680232878464
1/26/02,1.1385338622006858
1/27/02,1.1383875291482326
1/28/02,1.1382412337066272
1/29/02,1.138094976
1/30/02,1.137948755597984
1/31/02,1.137802572901947
2/1/02,1.1376564277588264
2/2/02,1.1497521735597704
2/3/02,1.1618459538511594
2/4/02,1.1739377691120323
2/5/02,1.186027619821295
2/6/02,1.198115506457631
2/7/02,1.210201429
2/8/02,1.2222853894258146
2/9/02,1.234367386714319
2/10/02,1.2464474218432775
2/11/02,1.2585254952906855
2/12/02,1.2706016075343163
2/13/02,1.282675759
2/14/02,1.2947479503206516
2/15/02,1.3068181818181923
2/16/02,1.318886454021606
2/17/02,1.3309527674078891
2/18/02,1.3430171224539489
2/19/02,1.3550795196364929
2/20/02,1.367139959432051
2/21/02,1.3791984423170645
2/22/02,1.3912549687677522
2/23/02,1.4033095392602224
2/24/02,1.4153621542704276
2/25/02,1.4274128142741427
2/26/02,1.4394615197469873
2/27/02,1.451508271
2/28/02,1.4635530690018772
3/1/02,1.4755959137344066
3/2/02,1.4808984239140566
3/3/02,1.4861995753715718
3/4/02,1.4914993686291123
3/5/02,1.496797804208616
3/6/02,1.5020948826316882
3/7/02,1.5073906044197338
3/8/02,1.5126849700938472
3/9/02,1.517977980174856
3/10/02,1.523269635183322
3/11/02,1.528559935639584
3/12/02,1.5338488820636709
3/13/02,1.5391364749753222
3/14/02,1.5444227148940781
3/15/02,1.5497076023391898
3/16/02,1.5549911378295977
3/17/02,1.5602733218840426
3/18/02,1.5655541550209318
3/19/02,1.570833637758473
3/20/02,1.5761117706145633
3/21/02,1.5813885541068773
3/22/02,1.5866639887527567
3/23/02,1.591938075069388
3/24/02,1.5972108135735574
3/25/02,1.6024822047818965
3/26/02,1.6077522492107255
3/27/02,1.6130209473761203
3/28/02,1.6182882997938464
3/29/02,1.623554306979469
3/30/02,1.6288189694482424
3/31/02,1.6340822877152217
4/1/02,1.6393442622950838
4/2/02,1.6240250197822048
4/3/02,1.6087103944542713
4/4/02,1.5934003842241973
4/5/02,1.578094987
4/6/02,1.5627942007155005
4/7/02,1.547498023268945
4/8/02,1.5322064525844281
4/9/02,1.516919486581103
4/10/02,1.5016371231794112
4/11/02,1.4863593603010372
4/12/02,1.4710861958689314
4/13/02,1.4558176278072432
4/14/02,1.4405536540414543
4/15/02,1.4252942724982232
4/16/02,1.410039481105474
4/17/02,1.3947892777924187
4/18/02,1.379543660489424
4/19/02,1.364302627128211
4/20/02,1.3490661756416555
4/21/02,1.3338343039639433
4/22/02,1.318607010030437
4/23/02,1.3033842917778093
4/24/02,1.2881661471438877
4/25/02,1.2729525740678316
4/26/02,1.2577435704899553
4/27/02,1.2425391343519054
4/28/02,1.2273392635964386
4/29/02,1.2121439561676883
4/30/02,1.1969532100108982
5/1/02,1.1817670230725996
5/2/02,1.178072245416617
5/3/02,1.1743778701468477
5/4/02,1.170683897197633
5/5/02,1.1669903265032033
5/6/02,1.1632971579979001
5/7/02,1.1596043916160204
5/8/02,1.1559120272918832
5/9/02,1.152220064959808
5/10/02,1.1485285045542026
5/11/02,1.1448373460094086
5/12/02,1.1411465892597894
5/13/02,1.1374562342397976
5/14/02,1.1337662808837967
5/15/02,1.130076729126217
5/16/02,1.1263875789015332
5/17/02,1.1226988301442198
5/18/02,1.1190104827886627
5/19/02,1.1153225367693809
5/20/02,1.1116349920208934
5/21/02,1.1079478484777194
5/22/02,1.1042611060743557
5/23/02,1.1005747647453434
5/24/02,1.0968888244252684
5/25/02,1.0932032850486717
5/26/02,1.0895181465501613
5/27/02,1.085833408864345
5/28/02,1.0821490719257643
5/29/02,1.0784651356691155
5/30/02,1.0747816000290067
5/31/02,1.0710984649401123
6/1/02,1.0674157303370846
6/2/02,1.0806255267347131
6/3/02,1.0938377973403135
6/4/02,1.1070525428491296
6/5/02,1.1202697639565384
6/6/02,1.1334894613583169
6/7/02,1.1467116357504192
6/8/02,1.1599362878291108
6/9/02,1.1731634182908568
6/10/02,1.1863930278324553
6/11/02,1.199625117150882
6/12/02,1.2128596869434904
6/13/02,1.2260967379077448
6/14/02,1.2393362707415534
6/15/02,1.2525782861428691
6/16/02,1.2658227848101333
6/17/02,1.2790697674418539
6/18/02,1.2923192347369383
6/19/02,1.3055711873944942
6/20/02,1.318825626113873
6/21/02,1.3320825515947599
6/22/02,1.3453419645369946
6/23/02,1.3586038656408395
6/24/02,1.3718682556066453
6/25/02,1.3851351351351404
6/26/02,1.398404504927253
6/27/02,1.4116763656842446
6/28/02,1.4249507181075538
6/29/02,1.4382275628989971
6/30/02,1.4515069007604797
7/1/02,1.4647887323943731
7/2/02,1.4756928668786973
7/3/02,1.4865970013629992
7/4/02,1.4975011358473456
7/5/02,1.5084052703316475
7/6/02,1.5193094048159939
7/7/02,1.530213539300318
7/8/02,1.5411176737846422
7/9/02,1.5520218082689663
7/10/02,1.5629259427532904
7/11/02,1.5738300772376146
7/12/02,1.5847342117219387
7/13/02,1.5956383462062629
7/14/02,1.606542480690587
7/15/02,1.6174466151749334
7/16/02,1.6283507496592353
7/17/02,1.6392548841435595
7/18/02,1.6501590186278836
7/19/02,1.6610631531122078
7/20/02,1.671967287596554
7/21/02,1.682871422080856
7/22/02,1.6937755565652024
7/23/02,1.7046796910495043
7/24/02,1.7155838255338507
7/25/02,1.7264879600181748
7/26/02,1.737392094502499
7/27/02,1.7482962289868231
7/28/02,1.7592003634711473
7/29/02,1.7701044979554714
7/30/02,1.7810086324397956
7/31/02,1.7919127669241197
8/1/02,1.8028169014084439
8/2/02,1.7934693729216855
8/3/02,1.784124562
8/4/02,1.7747824665298007
8/5/02,1.7654430862560577
8/6/02,1.7561064196858212
8/7/02,1.7467724656365036
8/8/02,1.7374412229262282
8/9/02,1.728112690373762
8/10/02,1.7187868667985384
8/11/02,1.7094637510207678
8/12/02,1.7001433418612821
8/13/02,1.6908256381415354
8/14/02,1.681510638683803
8/15/02,1.6721983423109599
8/16/02,1.6628887478465693
8/17/02,1.653581854114905
8/18/02,1.6442776599408848
8/19/02,1.6349761641501592
8/20/02,1.6256773655689782
8/21/02,1.6163812630243468
8/22/02,1.6070878553439583
8/23/02,1.5977971413561276
8/24/02,1.5885091198898582
8/25/02,1.5792237897748862
8/26/02,1.5699411498415472
8/27/02,1.5606611989209096
8/28/02,1.5513839358447523
8/29/02,1.5421093594454316
8/30/02,1.5328374685560142
8/31/02,1.523568262010322
9/1/02,1.5143017386427315
9/2/02,1.5312990800987247
9/3/02,1.548300236
9/4/02,1.5653052064631856
9/5/02,1.5823139939400654
9/6/02,1.5993265993266004
9/7/02,1.6163430239084065
9/8/02,1.6333632689716993
9/9/02,1.6503873358032939
9/10/02,1.6674152256905383
9/11/02,1.6844469399214024
9/12/02,1.7014824797843664
9/13/02,1.718521846568577
9/14/02,1.7355650415636914
9/15/02,1.7526120660599886
9/16/02,1.769662921348325
9/17/02,1.7867176087200898
9/18/02,1.8037761294672938
9/19/02,1.8208384848825476
9/20/02,1.8379046762589946
9/21/02,1.8549747048903997
9/22/02,1.8720485720710611
9/23/02,1.8891262790959207
9/24/02,1.9062078272604754
9/25/02,1.9232932178607776
9/26/02,1.9403824521934787
9/27/02,1.9574755315558745
9/28/02,1.9745724572457268
9/29/02,1.9916732305615081
9/30/02,2.0087778528021794
10/1/02,2.025886325267323
10/2/02,2.0314428872267865
10/3/02,2.0370000544652545
10/4/02,2.0425578270816036
10/5/02,2.048116205174777
10/6/02,2.0536751888436955
10/7/02,2.059234778187391
10/8/02,2.064794973304762
10/9/02,2.0703557742949075
10/10/02,2.0759171812568367
10/11/02,2.0814791942895594
10/12/02,2.0870418134922186
10/13/02,2.0926050389638684
10/14/02,2.098168870803674
10/15/02,2.1037333091107335
10/16/02,2.1092983539842347
10/17/02,2.1148640055233647
10/18/02,2.120430263827311
10/19/02,2.1259971289953272
10/20/02,2.1315646011266676
10/21/02,2.137132680320586
10/22/02,2.1427013666763584
10/23/02,2.14827066
10/24/02,2.153840561270859
10/25/02,2.1594110697082725
10/26/02,2.1649821857049334
10/27/02,2.1705539093602955
10/28/02,2.176126240773746
10/29/02,2.181699180044716
10/30/02,2.1872727272727266
10/31/02,2.192846882557231
11/1/02,2.198421646
11/2/02,2.204348561
11/3/02,2.2102770364244684
11/4/02,2.2162070715614934
11/5/02,2.222138667468787
11/6/02,2.228071824762634
11/7/02,2.2340065440595858
11/8/02,2.239942825976571
11/9/02,2.245880671130851
11/10/02,2.251820080139977
11/11/02,2.2577610536218318
11/12/02,2.2637035921946325
11/13/02,2.269647696476973
11/14/02,2.275593367087647
11/15/02,2.2815406046459152
11/16/02,2.2874894097712595
11/17/02,2.2934397830835396
11/18/02,2.299391725202926
11/19/02,2.3053452367499228
11/20/02,2.311300318345366
11/21/02,2.317256970610404
11/22/02,2.323215194166539
11/23/02,2.3291749896355407
11/24/02,2.3351363576396222
11/25/02,2.3410992988011747
11/26/02,2.3470638137430555
11/27/02,2.353029903088366
11/28/02,2.3589975674605412
11/29/02,2.364966807483415
11/30/02,2.3709376237810442
12/1/02,2.376910016977929
12/2/02,2.384038261441024
12/3/02,2.391165464999556
12/4/02,2.3982916278815214
12/5/02,2.405416750314826
12/6/02,2.4125408325273323
12/7/02,2.4196638747468135
12/8/02,2.4267858772009987
12/9/02,2.4339068401175057
12/10/02,2.4410267637239302
12/11/02,2.4481456482478237
12/12/02,2.4552634939165596
12/13/02,2.4623803009576006
12/14/02,2.4694960695982093
12/15/02,2.4766108000656484
12/16/02,2.483724492587136
12/17/02,2.490837147389735
12/18/02,2.4979487647005305
12/19/02,2.5050593447464964
12/20/02,2.512168888
12/21/02,2.5192773939515467
12/22/02,2.5263848635642905
12/23/02,2.533491296819479
12/24/02,2.540596693943753
12/25/02,2.5477010551637314
12/26/02,2.554804380705944
12/27/02,2.5619066707968097
12/28/02,2.5690079256627474
12/29/02,2.576108145530065
12/30/02,2.583207330625026
12/31/02,2.590305481173827
1/1/03,2.5974025974025983
1/2/03,2.6098200626502255
1/3/03,2.6222343621961297
1/4/03,2.6346454972506317
1/5/03,2.6470534690236525
1/6/03,2.6594582787243137
1/7/03,2.671859927561293
1/8/03,2.684258416742491
1/9/03,2.696653747475297
1/10/03,2.7090459209664353
1/11/03,2.721434938422096
1/12/03,2.7338208010476928
1/13/03,2.746203510048173
1/14/03,2.758583066627862
1/15/03,2.7709594719903974
1/16/03,2.7833327273388386
1/17/03,2.795702833875624
1/18/03,2.8080697928026144
1/19/03,2.8204336053210266
1/20/03,2.832794272631456
1/21/03,2.845151796
1/22/03,2.8575061764278153
1/23/03,2.8698574153119605
1/24/03,2.8822055137844416
1/25/03,2.8945504730429006
1/26/03,2.906892294284247
1/27/03,2.9192309787048565
1/28/03,2.931566528
1/29/03,2.943898941866152
1/30/03,2.9562282229965042
1/31/03,2.968554372
2/1/03,2.9808773903261976
2/2/03,2.9822870225328257
2/3/03,2.9836960886675534
2/4/03,2.985104589
2/5/03,2.9865125240847723
2/6/03,2.987919894048252
2/7/03,2.9893266993018086
2/8/03,2.9907329401853255
2/9/03,2.9921386170383313
2/10/03,2.993543730200088
2/11/03,2.9949482800096128
2/12/03,2.996352266805613
2/13/03,2.9977556909265735
2/14/03,2.9991585527106457
2/15/03,3.0005608524957816
2/16/03,3.0019625906196223
2/17/03,3.003363767419498
2/18/03,3.004764383232561
2/19/03,3.006164438395631
2/20/03,3.007563933245283
2/21/03,3.0089628681177816
2/22/03,3.010361243349191
2/23/03,3.011759059275243
2/24/03,3.0131563162314245
2/25/03,3.014553014553001
2/26/03,3.0159491545748818
2/27/03,3.017344736631755
2/28/03,3.0187397610580424
3/1/03,3.0201342281878985
3/2/03,2.994336015007759
3/3/03,2.968547107199515
3/4/03,2.942767499729526
3/5/03,2.9169971875675937
3/6/03,2.8912361656872942
3/7/03,2.8654844290657344
3/8/03,2.839741972683685
3/9/03,2.814008791525535
3/10/03,2.7882848805792726
3/11/03,2.762570234836481
3/12/03,2.7368648492923864
3/13/03,2.7111687189457667
3/14/03,2.6854818387990864
3/15/03,2.6598042038583403
3/16/03,2.634135809133098
3/17/03,2.608476649636593
3/18/03,2.5828267203856115
3/19/03,2.5571860164005145
3/20/03,2.531554532705238
3/21/03,2.505932264327293
3/22/03,2.480319206297854
3/23/03,2.4547153536515154
3/24/03,2.429120701426557
3/25/03,2.4035352446647895
3/26/03,2.377958978411576
3/27/03,2.352391897715833
3/28/03,2.3268339976300734
3/29/03,2.301285273210296
3/30/03,2.2757457195161424
3/31/03,2.250215331610672
4/1/03,2.2246941045606317
4/2/03,2.219132369299226
4/3/03,2.2135706340378203
4/4/03,2.2080088987764146
4/5/03,2.202447163515031
4/6/03,2.1968854282536032
4/7/03,2.1913236929922197
4/8/03,2.185761957730814
4/9/03,2.1802002224694084
4/10/03,2.1746384872080027
4/11/03,2.169076751946619
4/12/03,2.1635150166851913
4/13/03,2.157953281423808
4/14/03,2.152391546162402
4/15/03,2.1468298109009964
4/16/03,2.1412680756395908
4/17/03,2.1357063403782073
4/18/03,2.1301446051167794
4/19/03,2.124582869855396
4/20/03,2.119021135
4/21/03,2.1134593993325845
4/22/03,2.107897664071179
4/23/03,2.1023359288097954
4/24/03,2.0967741935483675
4/25/03,2.091212458286984
4/26/03,2.0856507230255783
4/27/03,2.0800889877641726
4/28/03,2.074527252502767
4/29/03,2.0689655172413834
4/30/03,2.0634037819799556
5/1/03,2.057842046718572
5/2/03,2.0595992034302624
5/3/03,2.0613562970936306
5/4/03,2.063113327712096
5/5/03,2.064870295289012
5/6/03,2.066627199827775
5/7/03,2.0683840413317833
5/8/03,2.0701408198044557
5/9/03,2.0718975352491675
5/10/03,2.0736541876692938
5/11/03,2.0754107770682317
5/12/03,2.0771673034493787
5/13/03,2.078923766816132
5/14/03,2.080680167171889
5/15/03,2.0824365045200244
5/16/03,2.0841927788639136
5/17/03,2.085948990206954
5/18/03,2.087705138552587
5/19/03,2.0894612239041432
5/20/03,2.0912172462650425
5/21/03,2.0929732056386374
5/22/03,2.094729102
5/23/03,2.0964849354375703
5/24/03,2.0982407058696806
5/25/03,2.0999964133280757
5/26/03,2.1017520578161086
5/27/03,2.1035076393371988
5/28/03,2.105263157894721
5/29/03,2.107018613492073
5/30/03,2.108774006132652
5/31/03,2.1105293358198107
6/1/03,2.1122846025569686
6/2/03,2.112206329207722
6/3/03,2.112128061659302
6/4/03,2.1120497999110643
6/5/03,2.111971543962343
6/6/03,2.111893293812517
6/7/03,2.111815049460919
6/8/03,2.111736811
6/9/03,2.1116585781498776
6/10/03,2.111580351189146
6/11/03,2.1115021300240677
6/12/03,2.1114239146540204
6/13/03,2.111345705078338
6/14/03,2.1112675012963766
6/15/03,2.1111893033075146
6/16/03,2.111111111111108
6/17/03,2.1110329247064907
6/18/03,2.110954744093041
6/19/03,2.1108765692700704
6/20/03,2.1107984002370017
6/21/03,2.1107202369931466
6/22/03,2.1106420795378833
6/23/03,2.110563927870568
6/24/03,2.110485781990512
6/25/03,2.1104076418971607
6/26/03,2.110329507589781
6/27/03,2.1102513790677957
6/28/03,2.1101732563305164
6/29/03,2.1100951393773437
6/30/03,2.1100170282076114
7/1/03,2.1099389228206533
7/2/03,2.1115031251679017
7/3/03,2.1130669913865585
7/4/03,2.1146305215849814
7/5/03,2.1161937158714617
7/6/03,2.1177565743542237
7/7/03,2.1193190971414255
7/8/03,2.1208812843412916
7/9/03,2.1224431360618468
7/10/03,2.124004652411182
7/11/03,2.125565833497345
7/12/03,2.1271266794282484
7/13/03,2.1286871903118065
7/14/03,2.1302473662558885
7/15/03,2.131807207368319
7/16/03,2.1333667137569234
7/17/03,2.1349258855293485
7/18/03,2.1364847227933526
7/19/03,2.1380432256565163
7/20/03,2.1396013942264647
7/21/03,2.141159228610756
7/22/03,2.1427167289168603
7/23/03,2.1442738952522467
7/24/03,2.145830727724274
7/25/03,2.147387226440367
7/26/03,2.1489433915078404
7/27/03,2.1504992230339193
7/28/03,2.152054721125851
7/29/03,2.153609885890817
7/30/03,2.1551647174359534
7/31/03,2.156719215868308
8/1/03,2.158273381294973
8/2/03,2.163513031060349
8/3/03,2.1687521196651405
8/4/03,2.1739906471995196
8/5/03,2.179228613753592
8/6/03,2.1844660194174637
8/7/03,2.189702864281262
8/8/03,2.1949391484349823
8/9/03,2.2001748719687297
8/10/03,2.2054100349725214
8/11/03,2.210644637536352
8/12/03,2.215878679750216
8/13/03,2.2211121617040863
8/14/03,2.226345083487935
8/15/03,2.231577445191668
8/16/03,2.2368092469052137
8/17/03,2.2420404887184553
8/18/03,2.2472711707212767
8/19/03,2.252501293003517
8/20/03,2.257730855655038
8/21/03,2.262959858765634
8/22/03,2.2681883024251004
8/23/03,2.2734161867232316
8/24/03,2.2786435117498227
8/25/03,2.283870277594535
8/26/03,2.2890964843471417
8/27/03,2.2943221320973484
8/28/03,2.2995472209347945
8/29/03,2.304771750949164
8/30/03,2.3099957222301404
8/31/03,2.315219134867297
9/1/03,2.3204419889502725
9/2/03,2.3111062003940974
9/3/03,2.301771443302769
9/4/03,2.292437718
9/5/03,2.2831050228310446
9/6/03,2.2737733591088993
9/7/03,2.2644427261681255
9/8/03,2.2551131238379263
9/9/03,2.2457845519475494
9/10/03,2.2364570103263537
9/11/03,2.227130498803609
9/12/03,2.217805017208696
9/13/03,2.2084805653710182
9/14/03,2.199157143120045
9/15/03,2.1898347502852245
9/16/03,2.1805133866960924
9/17/03,2.171193052
9/18/03,2.161873746573195
9/19/03,2.152555469698636
9/20/03,2.1432382213882217
9/21/03,2.1339220014716664
9/22/03,2.1246068097787063
9/23/03,2.115292646139144
9/24/03,2.1059795103827383
9/25/03,2.096667402339425
9/26/03,2.0873563218390734
9/27/03,2.0780462687115975
9/28/03,2.068737243
9/29/03,2.059429243895261
9/30/03,2.050122271866428
10/1/03,2.0408163265306145
10/2/03,2.0319200042702157
10/3/03,2.0230236820098613
10/4/03,2.0141273597494624
10/5/03,2.005231037489086
10/6/03,1.9963347152287092
10/7/03,1.9874383929683326
10/8/03,1.978542070707956
10/9/03,1.9696457484475793
10/10/03,1.9607494261872027
10/11/03,1.951853103926826
10/12/03,1.9429567816664495
10/13/03,1.9340604594060729
10/14/03,1.9251641371456962
10/15/03,1.9162678148853196
10/16/03,1.907371492624943
10/17/03,1.8984751703645664
10/18/03,1.8895788481041897
10/19/03,1.8806825258438131
10/20/03,1.8717862035834365
10/21/03,1.8628898813230599
10/22/03,1.8539935590626833
10/23/03,1.8450972368023066
10/24/03,1.836200915
10/25/03,1.8273045922815534
10/26/03,1.8184082700211546
10/27/03,1.8095119477608002
10/28/03,1.8006156255004013
10/29/03,1.791719303240047
10/30/03,1.782822980979648
10/31/03,1.7739266587192937
11/1/03,1.7650303364588948
11/2/03,1.7688375684918878
11/3/03,1.7726453605972692
11/4/03,1.7764537128985847
11/5/03,1.7802626255195353
11/6/03,1.7840720985837777
11/7/03,1.7878821322149907
11/8/03,1.7916927265369198
11/9/03,1.7955038816733326
11/10/03,1.7993155977480857
11/11/03,1.803127874884991
11/12/03,1.8069407132079718
11/13/03,1.8107541128409066
11/14/03,1.814568073907763
11/15/03,1.8183825965325529
11/16/03,1.8221976808393103
11/17/03,1.826013326952114
11/18/03,1.829829535
11/19/03,1.8336463050922402
11/20/03,1.8374636373678976
11/21/03,1.8412815319462483
11/22/03,1.845099988951504
11/23/03,1.8489190085079876
11/24/03,1.8527385907399774
11/25/03,1.856558735771907
11/26/03,1.8603794437281218
11/27/03,1.8642007147330775
11/28/03,1.8680225489112523
11/29/03,1.8718449463871023
11/30/03,1.8756679072852611
12/1/03,1.8794914317302513
12/2/03,1.8810062937935745
12/3/03,1.8825207237721742
12/4/03,1.8840347218509024
12/5/03,1.8855482882144337
12/6/03,1.8870614230474647
12/7/03,1.8885741265344702
12/8/03,1.8900863988598804
12/9/03,1.8915982402080367
12/10/03,1.893109650763125
12/11/03,1.8946206307092428
12/12/03,1.896131180230376
12/13/03,1.8976412995104663
12/14/03,1.8991509887332558
12/15/03,1.900660248082442
12/16/03,1.9021690777416111
12/17/03,1.9036774778941945
12/18/03,1.9051854487236453
12/19/03,1.9066929904131724
12/20/03,1.9082001031459628
12/21/03,1.9097067871050255
12/22/03,1.9112130424733698
12/23/03,1.912718869433827
12/24/03,1.9142242681691402
12/25/03,1.9157292388619407
12/26/03,1.9172337816947715
12/27/03,1.9187378968500646
12/28/03,1.9202415845101628
12/29/03,1.921744844857276
12/30/03,1.9232476780735697
12/31/03,1.924750084340987
1/1/04,1.9262520638414937
1/2/04,1.9186737899575812
1/3/04,1.9110992813414995
1/4/04,1.9035285351877818
1/5/04,1.8959615486937587
1/6/04,1.8883983190595366
1/7/04,1.880838843487953
1/8/04,1.8732831191847543
1/9/04,1.8657311433583068
1/10/04,1.8581829132198413
1/11/04,1.8506384259832975
1/12/04,1.8430976788654574
1/13/04,1.8355606690857673
1/14/04,1.8280273938664493
1/15/04,1.8204978504325675
1/16/04,1.8129720360118062
1/17/04,1.8054499478347141
1/18/04,1.7979315831344378
1/19/04,1.7904169391470326
1/20/04,1.7829060131111518
1/21/04,1.7753988022682687
1/22/04,1.7678953038625433
1/23/04,1.7603955151408224
1/24/04,1.7528994333527503
1/25/04,1.7454070557506585
1/26/04,1.7379183795896092
1/27/04,1.7304334021273071
1/28/04,1.722952120624277
1/29/04,1.7154745323436416
1/30/04,1.708000634551321
1/31/04,1.7005304245158337
2/1/04,1.6930638995084513
2/2/04,1.693843887159563
2/3/04,1.6946235402478083
2/4/04,1.6954028589884373
2/5/04,1.696181843596456
2/6/04,1.696960494
2/7/04,1.697738811273819
2/8/04,1.6985167947723534
2/9/04,1.6992944449965242
2/10/04,1.700071762160471
2/11/04,1.700848746478112
2/12/04,1.7016253981631868
2/13/04,1.702401717429236
2/14/04,1.7031777044896668
2/15/04,1.7039533595576417
2/16/04,1.7047286828461683
2/17/04,1.7055036745681207
2/18/04,1.7062783349361288
2/19/04,1.7070526641626005
2/20/04,1.7078266624598992
2/21/04,1.7086003300400776
2/22/04,1.709373667115055
2/23/04,1.7101466738966176
2/24/04,1.7109193505962628
2/25/04,1.711691697425377
2/26/04,1.7124637145951693
2/27/04,1.713235402316693
2/28/04,1.7140067608007348
2/29/04,1.7147777902579708
3/1/04,1.7443693299239893
3/2/04,1.7620065155708353
3/3/04,1.779646172709759
3/4/04,1.797288301860367
3/5/04,1.8149329035422657
3/6/04,1.8325799782753505
3/7/04,1.8502295265795388
3/8/04,1.8678815489749478
3/9/04,1.8855360459818504
3/10/04,1.9031930181206524
3/11/04,1.9208524659118709
3/12/04,1.938514389876267
3/13/04,1.956178790534624
3/14/04,1.9738456684079475
3/15/04,1.9915150240173984
3/16/04,2.0091868578842043
3/17/04,2.026861170529859
3/18/04,2.0445379624758786
3/19/04,2.0622172342440237
3/20/04,2.0798989863561435
3/21/04,2.0975832193342425
3/22/04,2.115269933700503
3/23/04,2.1329591299771966
3/24/04,2.1506508086867937
3/25/04,2.168344970351921
3/26/04,2.186041615495271
3/27/04,2.2037407446397816
3/28/04,2.2214423583084786
3/29/04,2.239146457024521
3/30/04,2.256853041311291
3/31/04,2.2745621116922132
4/1/04,2.2906578159856306
4/2/04,2.3161751369390915
4/3/04,2.3416952349857523
4/4/04,2.3672181105790058
4/5/04,2.3927437641723337
4/6/04,2.4182721962192844
4/7/04,2.4438034071735615
4/8/04,2.4693373974889354
4/9/04,2.494874167619243
4/10/04,2.5204137180184993
4/11/04,2.545956049140763
4/12/04,2.5715011614401817
4/13/04,2.597049055371037
4/14/04,2.622599731387698
4/15/04,2.6481531899446242
4/16/04,2.673709431496407
4/17/04,2.699268456497683
4/18/04,2.7248302654031775
4/19/04,2.750394858667815
4/20/04,2.775962236746543
4/21/04,2.8015324000943975
4/22/04,2.827105349
4/23/04,2.852681084418296
4/24/04,2.8782596063049226
4/25/04,2.903840915
4/26/04,2.929425011804865
4/27/04,2.9550118963293848
4/28/04,2.9806015693112364
4/29/04,3.0061940312062996
4/30/04,3.031789282470476
5/1/04,3.048148083041813
5/2/04,3.055072158
5/3/04,3.061995746251589
5/4/04,3.068918847661406
5/5/04,3.0758414623428987
5/6/04,3.0827635903474704
5/7/04,3.089685231726391
5/8/04,3.0966063865309756
5/9/04,3.1035270548125604
5/10/04,3.110447236622438
5/11/04,3.117366932011878
5/12/04,3.124286141032173
5/13/04,3.1312048637345935
5/14/04,3.1381231001704313
5/15/04,3.1450408503909344
5/16/04,3.1519581144473507
5/17/04,3.1588748923909504
5/18/04,3.165791184272937
5/19/04,3.1727069901445804
5/20/04,3.179622310057084
5/21/04,3.1865371440616963
5/22/04,3.193451492209598
5/23/04,3.200365354551993
5/24/04,3.2072787311401063
5/25/04,3.214191622
5/26/04,3.2211040272581926
5/27/04,3.228015946890528
5/28/04,3.234927380973307
5/29/04,3.2418383295576225
5/30/04,3.248748793
5/31/04,3.2556587704356543
6/1/04,3.2624473798809728
6/2/04,3.2532568857277733
6/3/04,3.244067058567368
6/4/04,3.2348778983272153
6/5/04,3.225689404934684
6/6/04,3.216501578317188
6/7/04,3.2073144184021407
6/8/04,3.1981279251170003
6/9/04,3.1889420983892025
6/10/04,3.1797569381462054
6/11/04,3.170572444315445
6/12/04,3.1613886168244676
6/13/04,3.1522054556006873
6/14/04,3.143022960571651
6/15/04,3.1338411316648385
6/16/04,3.124659968807819
6/17/04,3.1154794719280288
6/18/04,3.106299640953103
6/19/04,3.0971204758105664
6/20/04,3.0879419764279215
6/21/04,3.078764142732804
6/22/04,3.069586974652805
6/23/04,3.060410472115449
6/24/04,3.0512346350483943
6/25/04,3.042059463379254
6/26/04,3.032884957035642
6/27/04,3.0237111159451935
6/28/04,3.014537940035522
6/29/04,3.005365429
6/30/04,2.9961935834692754
7/1/04,2.9781114073242465
7/2/04,2.9672237518194367
7/3/04,2.9563387690689114
7/4/04,2.9454564580886133
7/5/04,2.9345768178949516
7/6/04,2.923699847504868
7/7/04,2.9128255459357266
7/8/04,2.9019539122053795
7/9/04,2.891084945332212
7/10/04,2.880218644335053
7/11/04,2.8693550082331987
7/12/04,2.858494036046433
7/13/04,2.8476357267950947
7/14/04,2.8367800794998788
7/15/04,2.825927093182057
7/16/04,2.8150767668633225
7/17/04,2.8042290995659025
7/18/04,2.793384090312423
7/19/04,2.7825417381260875
7/20/04,2.7717020420304994
7/21/04,2.7608650010497504
7/22/04,2.7500306142084874
7/23/04,2.739198880531757
7/24/04,2.7283697990450717
7/25/04,2.7175433687744777
7/26/04,2.7067195887464868
7/27/04,2.695898457988055
7/28/04,2.6850799755266275
7/29/04,2.674264140390137
7/30/04,2.663450951607005
7/31/04,2.652640408206075
8/1/04,2.643625943528094
8/2/04,2.6398546420210334
8/3/04,2.636084131087979
8/4/04,2.632314410480352
8/5/04,2.6285454799497066
8/6/04,2.6247773392476637
8/7/04,2.621009988126022
8/8/04,2.6172434263365574
8/9/04,2.6134776536312687
8/10/04,2.6097126697622652
8/11/04,2.605948474481612
8/12/04,2.6021850675416403
8/13/04,2.5984224486946816
8/14/04,2.594660617693245
8/15/04,2.5908995742899066
8/16/04,2.5871393182373303
8/17/04,2.583379849288314
8/18/04,2.5796211671957447
8/19/04,2.5758632717125973
8/20/04,2.5721061625920028
8/21/04,2.568349839587114
8/22/04,2.564594302451284
8/23/04,2.5608395509378656
8/24/04,2.5570855848004337
8/25/04,2.553332403792541
8/26/04,2.5495800076679176
8/27/04,2.545828396180383
8/28/04,2.5420775690838893
8/29/04,2.538327526132411
8/30/04,2.534578267080101
8/31/04,2.5308297916811995
9/1/04,2.5414881745203344
9/2/04,2.5631794945640385
9/3/04,2.584872376
9/4/04,2.6065668202765124
9/5/04,2.6282628262826346
9/6/04,2.6499603946136707
9/7/04,2.6716595254383746
9/8/04,2.6933602189255446
9/9/04,2.715062475243979
9/10/04,2.736766294562498
9/11/04,2.7584716770499673
9/12/04,2.780178622875251
9/13/04,2.8018871322073036
9/14/04,2.8235972052150338
9/15/04,2.845308842067351
9/16/04,2.867022042933298
9/17/04,2.888736807981851
9/18/04,2.910453137382052
9/19/04,2.9321710313029214
9/20/04,2.9538904899135465
9/21/04,2.9756115133830363
9/22/04,2.997334101880522
9/23/04,3.019058256
9/24/04,3.0407839746361187
9/25/04,3.062511259232581
9/26/04,3.0842401095337646
9/27/04,3.1059705257089343
9/28/04,3.127702507927377
9/29/04,3.1494360563583346
9/30/04,3.171171171171183
10/1/04,3.198186415554982
10/2/04,3.2089291942797304
10/3/04,3.2196738466905073
10/4/04,3.2304203732775205
10/5/04,3.241168774531178
10/6/04,3.251919050942065
10/7/04,3.2626712030009664
10/8/04,3.2734252311987566
10/9/04,3.2841811360265316
10/10/04,3.294938917975565
10/11/04,3.3056985775373082
10/12/04,3.3164601152033457
10/13/04,3.327223531465484
10/14/04,3.337988826815641
10/15/04,3.348756001745956
10/16/04,3.3595250567487245
10/17/04,3.370295992316441
10/18/04,3.3810688089416674
10/19/04,3.391843507117298
10/20/04,3.402620087
10/21/04,3.4133985500917063
10/22/04,3.424178895877006
10/23/04,3.4349611251856427
10/24/04,3.4457452385112664
10/25/04,3.4565312363477485
10/26/04,3.4673191191890718
10/27/04,3.4781088875295074
10/28/04,3.4889005418633046
10/29/04,3.4996940826850897
10/30/04,3.5104895104895117
10/31/04,3.5212868257714858
11/1/04,3.5267760352677646
11/2/04,3.517869403389584
11/3/04,3.508962128
11/4/04,3.5000542083770014
11/5/04,3.491145645
11/6/04,3.482236437890762
11/7/04,3.473326586670522
11/8/04,3.464416091372402
11/9/04,3.455504951926547
11/10/04,3.4465931682631457
11/11/04,3.437680740312321
11/12/04,3.4287676680041956
11/13/04,3.419853951268892
11/14/04,3.4109395900365103
11/15/04,3.4020245842371732
11/16/04,3.393108933800937
11/17/04,3.384192638657879
11/18/04,3.3752756987381227
11/19/04,3.366358113971657
11/20/04,3.357439884
11/21/04,3.3485210096188434
11/22/04,3.3396014898926074
11/23/04,3.330681325039797
11/24/04,3.321760514990424
11/25/04,3.3128390596744994
11/26/04,3.303916959022035
11/27/04,3.294994212962954
11/28/04,3.2860708214272893
11/29/04,3.277146784
11/30/04,3.268222101645879
12/1/04,3.239298589478845
12/2/04,3.2300397193399943
12/3/04,3.2207837648705384
12/4/04,3.2115307246934455
12/5/04,3.202280597432572
12/6/04,3.193033382
12/7/04,3.1837890761591714
12/8/04,3.174547679398665
12/9/04,3.165309190058374
12/10/04,3.1560736067665074
12/11/04,3.146840928152095
12/12/04,3.137611152844988
12/13/04,3.128384279475993
12/14/04,3.1191603066766715
12/15/04,3.1099392330795395
12/16/04,3.1007210573179567
12/17/04,3.091505778026038
12/18/04,3.0822933938389196
12/19/04,3.073083903392426
12/20/04,3.0638773053234036
12/21/04,3.0546735982694306
12/22/04,3.0454727808689963
12/23/04,3.0362748517614335
12/24/04,3.027079809586919
12/25/04,3.017887652986495
12/26/04,3.008698380602093
12/27/04,2.999511991
12/28/04,2.9903284830530508
12/29/04,2.9811478551765136
12/30/04,2.9719701060920256
12/31/04,2.9627952344457587
1/1/05,2.951830308940817
1/2/05,2.9530575289037353
1/3/05,2.954284321576539
1/4/05,2.955510687182339
1/5/05,2.956736625944112
1/6/05,2.9579621380846355
1/7/05,2.959187223826598
1/8/05,2.9604118833924664
1/9/05,2.961636117
1/10/05,2.9628599248852527
1/11/05,2.964083307256371
1/12/05,2.965306264339862
1/13/05,2.9665287963574594
1/14/05,2.9677509035307414
1/15/05,2.968972586081109
1/16/05,2.9701938442298292
1/17/05,2.971414678198059
1/18/05,2.972635088
1/19/05,2.9738550744765835
1/20/05,2.9750746372283476
1/21/05,2.976293776682515
1/22/05,2.977512493
1/23/05,2.9787307865792423
1/24/05,2.979948657462028
1/25/05,2.981166105927646
1/26/05,2.982383132195876
1/27/05,2.983599736486253
1/28/05,2.9848159190182466
1/29/05,2.986031680011103
1/30/05,2.9872470196839584
1/31/05,2.988461938255793
2/1/05,2.984632475467519
2/2/05,2.9905144464953626
2/3/05,2.996393804958797
2/4/05,3.002270552598052
2/5/05,3.0081446911518483
2/6/05,3.014016222357263
2/7/05,3.019885147949952
2/8/05,3.0257514696639287
2/9/05,3.031615189231718
2/10/05,3.037476308384335
2/11/05,3.043334828851174
2/12/05,3.049190752360209
2/13/05,3.055044081
2/14/05,3.060894815408721
2/15/05,3.066742958396418
2/16/05,3.0725885113225937
2/17/05,3.0784314759075837
2/18/05,3.084271853870124
2/19/05,3.090109646927419
2/20/05,3.0959448567951853
2/21/05,3.101777485187651
2/22/05,3.1076075338174025
2/23/05,3.1134350043956927
2/24/05,3.1192598986321096
2/25/05,3.1250822182348204
2/26/05,3.1309019649104375
2/27/05,3.1367191403640637
2/28/05,3.1425337462993586
3/1/05,3.1483457844183604
3/2/05,3.1600688468158333
3/3/05,3.1717894881768016
3/4/05,3.183507709
3/5/05,3.195223510788403
3/6/05,3.2069368935379705
3/7/05,3.2186478582487466
3/8/05,3.2303564056694656
3/9/05,3.2420625365484623
3/10/05,3.2537662516337607
3/11/05,3.265467552
3/12/05,3.2771664374140252
3/13/05,3.2888629096035515
3/14/05,3.3005569689885217
3/15/05,3.3122486163154496
3/16/05,3.3239378523305385
3/17/05,3.3356246777796805
3/18/05,3.3473090934084793
3/19/05,3.3589910999622052
3/20/05,3.370670698185818
3/21/05,3.382347888823989
3/22/05,3.394022673
3/23/05,3.405695050321178
3/24/05,3.4173650226679397
3/25/05,3.429032590404879
3/26/05,3.4406977542751127
3/27/05,3.4523605150214465
3/28/05,3.4640208733864197
3/29/05,3.475678830112261
3/30/05,3.4873343859408212
3/31/05,3.498987541613774
4/1/05,3.5106382978723483
4/2/05,3.486908581659609
4/3/05,3.463188118109972
4/4/05,3.4394769018127436
4/5/05,3.4157749273616256
4/6/05,3.3920821893543396
4/7/05,3.368398682392937
4/8/05,3.344724401083643
4/9/05,3.321059340036814
4/10/05,3.297403493867157
4/11/05,3.2737568571934217
4/12/05,3.250119425
4/13/05,3.226491190829983
4/14/05,3.2028721503988056
4/15/05,3.1792622979806895
4/16/05,3.1556616282153227
4/17/05,3.132070135746612
4/18/05,3.1084878152225937
4/19/05,3.084914661295457
4/20/05,3.0613506686216096
4/21/05,3.037795831861545
4/22/05,3.014250145679953
4/23/05,2.9907136047456095
4/24/05,2.9671862037314867
4/25/05,2.943667937314709
4/26/05,2.9201588001764422
4/27/05,2.8966587870020932
4/28/05,2.8731678924810877
4/29/05,2.849686111307048
4/30/05,2.8262134381776827
5/1/05,2.8027498677948293
5/2/05,2.793934535282383
5/3/05,2.7851210069414822
5/4/05,2.7763092822183255
5/5/05,2.7674993605593112
5/6/05,2.758691241
5/7/05,2.7498849242204804
5/8/05,2.7410804084346374
5/9/05,2.7322776935008397
5/10/05,2.7234767788666403
5/11/05,2.7146776639798365
5/12/05,2.705880348288381
5/13/05,2.697084831240537
5/14/05,2.688291112284702
5/15/05,2.6794991908696053
5/16/05,2.670709066
5/17/05,2.6619207384573462
5/18/05,2.653134206358687
5/19/05,2.644349469597662
5/20/05,2.635566527624067
5/21/05,2.626785379887986
5/22/05,2.6180060258396143
5/23/05,2.6092284649294584
5/24/05,2.600452697
5/25/05,2.591678720326729
5/26/05,2.5829065355362335
5/27/05,2.574136141688088
5/28/05,2.5653675382338426
5/29/05,2.5566007246253575
5/30/05,2.547835700314649
5/31/05,2.539072464754022
6/1/05,2.530311017395892
6/2/05,2.5515314460435423
6/3/05,2.5727541121889574
6/4/05,2.593979016
6/5/05,2.6152061583887054
6/6/05,2.636435539151094
6/7/05,2.6576671588272704
6/8/05,2.6789010177714623
6/9/05,2.7001371163379417
6/10/05,2.721375454881092
6/11/05,2.742616033755274
6/12/05,2.7638588533150488
6/13/05,2.785103913914977
6/14/05,2.806351215909708
6/15/05,2.8276007596539365
6/16/05,2.8488525455024893
6/17/05,2.8701065738102827
6/18/05,2.891362844932188
6/19/05,2.9126213592232997
6/20/05,2.9338821170386886
6/21/05,2.9551451187335154
6/22/05,2.976410364663029
6/23/05,2.997677855182612
6/24/05,3.0189475906476027
6/25/05,3.040219571413494
6/26/05,3.061493797835846
6/27/05,3.082770270270263
6/28/05,3.104048989072483
6/29/05,3.125329954598244
6/30/05,3.146613167203416
7/1/05,3.167898627243937
7/2/05,3.1831729541003106
7/3/05,3.1984467606785305
7/4/05,3.213720047005131
7/5/05,3.2289928131067125
7/6/05,3.2442650590098765
7/7/05,3.259536784741135
7/8/05,3.274807990327133
7/9/05,3.2900786757944056
7/10/05,3.305348841169553
7/11/05,3.320618486
7/12/05,3.335887611749677
7/13/05,3.351156217007789
7/14/05,3.3664243022800466
7/15/05,3.381691867592962
7/16/05,3.396958912973158
7/17/05,3.412225438447125
7/18/05,3.427491444041486
7/19/05,3.442756929782753
7/20/05,3.458021895697483
7/21/05,3.473286341812254
7/22/05,3.4885502681535785
7/23/05,3.5038136747480353
7/24/05,3.5190765616221586
7/25/05,3.534338928802483
7/26/05,3.549600776315587
7/27/05,3.564862104187938
7/28/05,3.5801229124461598
7/29/05,3.595383201116742
7/30/05,3.610642970226241
7/31/05,3.6259022198011692
8/1/05,3.641160949868083
8/2/05,3.6749561694667143
8/3/05,3.7087467873980984
8/4/05,3.7425328046019946
8/5/05,3.776314222018007
8/6/05,3.810091040585384
8/7/05,3.8438632612431745
8/8/05,3.877630884930161
8/9/05,3.9113939125848596
8/10/05,3.9451523451455417
8/11/05,3.978906183550235
8/12/05,4.012655428736656
8/13/05,4.046400081642387
8/14/05,4.080140143204591
8/15/05,4.113875614360296
8/16/05,4.147606496046263
8/17/05,4.181332789198944
8/18/05,4.2150544947545665
8/19/05,4.248771613649116
8/20/05,4.282484146818311
8/21/05,4.316192095197624
8/22/05,4.349895459722242
8/23/05,4.383594241327149
8/24/05,4.417288441
8/25/05,4.450978059516331
8/26/05,4.484663097969244
8/27/05,4.5183435572397235
8/28/05,4.552019438261445
8/29/05,4.585690741967818
8/30/05,4.619357469292074
8/31/05,4.653019621167087
9/1/05,4.686677198525535
9/2/05,4.675324675324677
9/3/05,4.6639761361642496
9/4/05,4.652631578947375
9/5/05,4.641291001578685
9/6/05,4.629954401964231
9/7/05,4.618621778011578
9/8/05,4.607293127629752
9/9/05,4.595968448729182
9/10/05,4.584647739
9/11/05,4.573330997021197
9/12/05,4.56201822
9/13/05,4.550709406200726
9/14/05,4.539404553415061
9/15/05,4.528103659604277
9/16/05,4.516806722689082
9/17/05,4.505513740591627
9/18/05,4.494224711235573
9/19/05,4.482939632545935
9/20/05,4.4716585024492606
9/21/05,4.460381318873541
9/22/05,4.449108079748165
9/23/05,4.437838783004033
9/24/05,4.426573426573399
9/25/05,4.415312008390138
9/26/05,4.404054526389367
9/27/05,4.392800979
9/28/05,4.3815513626834335
9/29/05,4.370305676855879
9/30/05,4.359063918966122
10/1/05,4.347826086956519
10/2/05,4.319026698
10/3/05,4.290228282725872
10/4/05,4.261430840458247
10/5/05,4.232634371356636
10/6/05,4.203838875371724
10/7/05,4.175044352454149
10/8/05,4.146250802554641
10/9/05,4.117458226
10/10/05,4.088666621612469
10/11/05,4.059875990471196
10/12/05,4.031086332150702
10/13/05,4.002297646601671
10/14/05,3.9735099337748325
10/15/05,3.9447231936208693
10/16/05,3.915937426090488
10/17/05,3.887152631134372
10/18/05,3.858368808703272
10/19/05,3.829585958747894
10/20/05,3.800804081218967
10/21/05,3.772023176067152
10/22/05,3.7432432432432217
10/23/05,3.714464282697927
10/24/05,3.6856862943819513
10/25/05,3.6569092782460455
10/26/05,3.628133234240938
10/27/05,3.5993581623173565
10/28/05,3.5705840624260965
10/29/05,3.541810934517864
10/30/05,3.5130387785434314
10/31/05,3.4842675944535495
11/1/05,3.4554973821989465
11/2/05,3.454174157401435
11/3/05,3.4528506092238898
11/4/05,3.451526737547783
11/5/05,3.450202542254499
11/6/05,3.4488780232253546
11/7/05,3.4475531803416004
11/8/05,3.4462280134844647
11/9/05,3.4449025225351093
11/10/05,3.443576707374607
11/11/05,3.4422505678839643
11/12/05,3.4409241039442096
11/13/05,3.439597315436238
11/14/05,3.4382702022409006
11/15/05,3.436942764239004
11/16/05,3.4356150013112874
11/17/05,3.434286913338469
11/18/05,3.432958500201111
11/19/05,3.4316297617798197
11/20/05,3.430300697955113
11/21/05,3.4289713086074203
11/22/05,3.4276415936171256
11/23/05,3.4263115528645915
11/24/05,3.4249811862300694
11/25/05,3.4236504935937884
11/26/05,3.4223194748358887
11/27/05,3.4209881298364664
11/28/05,3.419656458475595
11/29/05,3.4183244606332375
11/30/05,3.4169921361892897
12/1/05,3.4156594850236477
12/2/05,3.4340729189619834
12/3/05,3.4524838562058235
12/4/05,3.470892297262962
12/5/05,3.489298242640948
12/6/05,3.5077016928473537
12/7/05,3.5261026483894398
12/8/05,3.5445011097744894
12/9/05,3.5628970775095192
12/10/05,3.5812905521015237
12/11/05,3.5996815340572086
12/12/05,3.618070023883324
12/13/05,3.636456022086354
12/14/05,3.654839529172671
12/15/05,3.6732205456485367
12/16/05,3.6915990720200575
12/17/05,3.7099751087932065
12/18/05,3.728348656473801
12/19/05,3.7467197155675924
12/20/05,3.7650882865801094
12/21/05,3.78345437
12/22/05,3.801817966382881
12/23/05,3.8201790761835497
12/24/05,3.8385376999238607
12/25/05,3.8568938381086326
12/26/05,3.875247491242617
12/27/05,3.893598659830455
12/28/05,3.9119473443765873
12/29/05,3.930293545385344
12/30/05,3.9486372633609212
12/31/05,3.966978498807361
1/1/06,3.9853172522286373
1/2/06,3.9727371127046496
1/3/06,3.9601616530546835
1/4/06,3.9475908706678053
1/5/06,3.9350247629350577
1/6/06,3.9224633272493703
1/7/06,3.909906561005694
1/8/06,3.8973544616008438
1/9/06,3.884807026
1/10/06,3.8722642529046336
1/11/06,3.859726138416608
1/12/06,3.8471926803740786
1/13/06,3.834663876183564
1/14/06,3.8221397232534704
1/15/06,3.809620218994114
1/16/06,3.7971053608177874
1/17/06,3.7845951461386473
1/18/06,3.772089572
1/19/06,3.7595886369383713
1/20/06,3.7470923372551646
1/21/06,3.7346006707450696
1/22/06,3.722113634831836
1/23/06,3.7096312269411458
1/24/06,3.6971534445005894
1/25/06,3.684680284939623
1/26/06,3.6722117456896575
1/27/06,3.6597478241839676
1/28/06,3.6472885178577386
1/29/06,3.634833824148065
1/30/06,3.6223837404939507
1/31/06,3.6099382643362876
2/1/06,3.597497393
2/2/06,3.5890467060071707
2/3/06,3.580600736963535
2/4/06,3.572159482036863
2/5/06,3.563722937281444
2/6/06,3.5552910987560082
2/7/06,3.546863962523683
2/8/06,3.538441524651992
2/9/06,3.530023781212832
2/10/06,3.521610728282454
2/11/06,3.5132023619415254
2/12/06,3.5047986782750673
2/13/06,3.496399673
2/14/06,3.488005343327316
2/15/06,3.4796156842378467
2/16/06,3.4712306922064284
2/17/06,3.4628503633397534
2/18/06,3.4544746937489546
2/19/06,3.446103679549406
2/20/06,3.437737316860834
2/21/06,3.429375601807272
2/22/06,3.4210185305170393
2/23/06,3.4126660991227853
2/24/06,3.404318304
2/25/06,3.3959751405741256
2/26/06,3.3876366057064677
2/27/06,3.379302695308173
2/28/06,3.370973405533273
3/1/06,3.3626487325400856
3/2/06,3.3685931660437873
3/3/06,3.374535021434877
3/4/06,3.380474300390235
3/5/06,3.3864110045852547
3/6/06,3.3923451356937973
3/7/06,3.3982766953884136
3/8/06,3.404205685340078
3/9/06,3.410132107218411
3/10/06,3.4160559626915443
3/11/06,3.421977253426145
3/12/06,3.4278959810874587
3/13/06,3.4338121473393324
3/14/06,3.439725753844125
3/15/06,3.445636802262686
3/16/06,3.451545294254621
3/17/06,3.457451231477937
3/18/06,3.4633546155892647
3/19/06,3.4692554482437465
3/20/06,3.4751537310952374
3/21/06,3.4810494657959934
3/22/06,3.4869426539969384
3/23/06,3.492833297347575
3/24/06,3.498721397495941
3/25/06,3.5046069560886517
3/26/06,3.5104899747709473
3/27/06,3.5163704551866015
3/28/06,3.5222483989779896
3/29/06,3.5281238077860877
3/30/06,3.533996683250429
3/31/06,3.5398670270091026
4/1/06,3.5457348406988665
4/2/06,3.566412004522257
4/3/06,3.5870905851719925
4/4/06,3.6077705827937123
4/5/06,3.6284519975330554
4/6/06,3.6491348295357273
4/7/06,3.6698190789473673
4/8/06,3.690504745913703
4/9/06,3.711191830580507
4/10/06,3.7318803330934625
4/11/06,3.752570253598364
4/12/06,3.773261592241006
4/13/06,3.7939543491671834
4/14/06,3.814648524522757
4/15/06,3.835344118453521
4/16/06,3.8560411311054033
4/17/06,3.876739562624243
4/18/06,3.8974394131559897
4/19/06,3.9181406828465715
4/20/06,3.9388433718418936
4/21/06,3.9595474802879504
4/22/06,3.9802530083307586
4/23/06,4.000959956116268
4/24/06,4.021668323790606
4/25/06,4.042378111
4/26/06,4.063089319389679
4/27/06,4.083801947606647
4/28/06,4.104515996296665
4/29/06,4.1252314656059275
4/30/06,4.145948356
5/1/06,4.166666666666674
5/2/06,4.171575541358985
5/3/06,4.176484253144386
5/4/06,4.181392802030959
5/5/06,4.186301188026831
5/6/06,4.191209411140062
5/7/06,4.196117471378802
5/8/06,4.201025368751132
5/9/06,4.205933103
5/10/06,4.210840674929073
5/11/06,4.215748084
5/12/06,4.220655329738698
5/13/06,4.225562412900663
5/14/06,4.230469333244846
5/15/06,4.235376090779397
5/16/06,4.240282685512375
5/17/06,4.245189117451886
5/18/06,4.2500953866060565
5/19/06,4.2550014929829905
5/20/06,4.2599074365907486
5/21/06,4.264813217437458
5/22/06,4.269718835531222
5/23/06,4.274624290880147
5/24/06,4.279529583492314
5/25/06,4.2844347133758065
5/26/06,4.2893396805387285
5/27/06,4.294244484989207
5/28/06,4.299149126735324
5/29/06,4.304053605785185
5/30/06,4.308957922
5/31/06,4.313862075828445
6/1/06,4.318766066838053
6/2/06,4.312959440703246
6/3/06,4.307154605263164
6/4/06,4.3013515596896035
6/5/06,4.295550303154871
6/6/06,4.289750835
6/7/06,4.2839531538935605
6/8/06,4.278157259514148
6/9/06,4.272363150867831
6/10/06,4.266570827129446
6/11/06,4.2607802874743195
6/12/06,4.254991531078378
6/13/06,4.249204557117925
6/14/06,4.243419364769863
6/15/06,4.237635953
6/16/06,4.231854322
6/17/06,4.226074469176333
6/18/06,4.220296395056677
6/19/06,4.214520098441343
6/20/06,4.208745578510276
6/21/06,4.2029728344438855
6/22/06,4.197201865
6/23/06,4.191432670629225
6/24/06,4.185665249
6/25/06,4.179899600450776
6/26/06,4.174135723431505
6/27/06,4.168373617369925
6/28/06,4.1626132814500005
6/29/06,4.156854715
6/30/06,4.151097916773305
7/1/06,4.145342886386905
7/2/06,4.134755051
7/3/06,4.1241707099712865
7/4/06,4.113589862
7/5/06,4.103012505361803
7/6/06,4.0924386381631095
7/7/06,4.081868258732735
7/8/06,4.071301365345303
7/9/06,4.060737956276572
7/10/06,4.0501780298035195
7/11/06,4.039621584204101
7/12/06,4.029068617757581
7/13/06,4.018519128744202
7/14/06,4.007973115445429
7/15/06,3.997430576143901
7/16/06,3.986891509123258
7/17/06,3.976355912668361
7/18/06,3.965823785065181
7/19/06,3.955295124600844
7/20/06,3.9447699295635408
7/21/06,3.9342481982426625
7/22/06,3.9237299289286653
7/23/06,3.913215119913138
7/24/06,3.9027037694888467
7/25/06,3.8921958759496222
7/26/06,3.8816914375904066
7/27/06,3.8711904527073626
7/28/06,3.8606929195976525
7/29/06,3.8501988365596373
7/30/06,3.839708201892744
7/31/06,3.8292210138975546
8/1/06,3.8187372708757605
8/2/06,3.761410652131092
8/3/06,3.7041291931989795
8/4/06,3.646892840737581
8/5/06,3.589701541
8/6/06,3.5325552422792006
8/7/06,3.475453890017688
8/8/06,3.418397431697584
8/9/06,3.361385814395179
8/10/06,3.3044189852700523
8/11/06,3.247496891564694
8/12/06,3.1906194806044397
8/13/06,3.133786699797292
8/14/06,3.076998496633765
8/15/06,3.0202548186867073
8/16/06,2.9635556136111463
8/17/06,2.9069008291440657
8/18/06,2.8502904131044726
8/19/06,2.793724313392909
8/20/06,2.7372024779915183
8/21/06,2.6807248549638008
8/22/06,2.6242913924545475
8/23/06,2.5679020386894846
8/24/06,2.511556741975385
8/25/06,2.4552554506996227
8/26/06,2.3989981133302862
8/27/06,2.342784678415799
8/28/06,2.2866150945849206
8/29/06,2.2304893105464796
8/30/06,2.1744072750893073
8/31/06,2.1183689370819936
9/1/06,2.062374245472842
9/2/06,2.0370867145060645
9/3/06,2.011802575107291
9/4/06,1.9865218265942453
9/5/06,1.9612444682848285
9/6/06,1.9359704994971416
9/7/06,1.9106999195494856
9/8/06,1.8854327277602723
9/9/06,1.8601689234482022
9/10/06,1.8349085059320203
9/11/06,1.8096514745308268
9/12/06,1.7843978285637663
9/13/06,1.7591475673502277
9/14/06,1.7339006902097553
9/15/06,1.7086571964620711
9/16/06,1.6834170854271413
9/17/06,1.658180356425043
9/18/06,1.6329470087760534
9/19/06,1.6077170418006492
9/20/06,1.5824904548194851
9/21/06,1.5572672471533933
9/22/06,1.5320474181233834
9/23/06,1.5068309670506208
9/24/06,1.4816178932565593
9/25/06,1.4564081960626751
9/26/06,1.4312018747907773
9/27/06,1.4059989287627417
9/28/06,1.380799357300666
9/29/06,1.3556031597268703
9/30/06,1.3304103353638075
10/1/06,1.3052208835341528
10/2/06,1.3266165608397218
10/3/06,1.3480233311730316
10/4/06,1.3694412031634906
10/5/06,1.3908701854493888
10/6/06,1.4123102866779202
10/7/06,1.433761515505405
10/8/06,1.4552238805970452
10/9/06,1.4766973906270353
10/10/06,1.498182054278674
10/11/06,1.5196778802441857
10/12/06,1.5411848772248993
10/13/06,1.562703053931136
10/14/06,1.5842324190822987
10/15/06,1.605772981
10/16/06,1.627324749642356
10/17/06,1.6488877325354645
10/18/06,1.670461938841905
10/19/06,1.6920473773265776
10/20/06,1.7136440567634414
10/21/06,1.735251985935693
10/22/06,1.7568711736355436
10/23/06,1.7785016286645083
10/24/06,1.800143359833184
10/25/06,1.8217963759614042
10/26/06,1.8434606858782177
10/27/06,1.8651362984218212
10/28/06,1.8868232224396486
10/29/06,1.9085214667884598
10/30/06,1.9302310403341627
10/31/06,1.9519519519519468
11/1/06,1.9736842105263275
11/2/06,1.9925091105412296
11/3/06,2.0113390928725883
11/4/06,2.0301741595787792
11/5/06,2.0490143127193994
11/6/06,2.067859554355178
11/7/06,2.0867098865478217
11/8/06,2.105565311360258
11/9/06,2.1244258308565467
11/10/06,2.1432914471017472
11/11/06,2.1621621621621623
11/12/06,2.1810379781051603
11/13/06,2.199918896999198
11/14/06,2.218804920913886
11/15/06,2.2376960519199685
11/16/06,2.2565922920892545
11/17/06,2.275493643494708
11/18/06,2.2944001082104704
11/19/06,2.313311688311681
11/20/06,2.3322283858747017
11/21/06,2.3511502029770037
11/22/06,2.3700771416971023
11/23/06,2.389009204114778
11/24/06,2.4079463923108113
11/25/06,2.426888708367181
11/26/06,2.445836154366954
11/27/06,2.464788732394374
11/28/06,2.4837464445347512
11/29/06,2.502709293
11/30/06,2.521677279501433
12/1/06,2.5406504065040636
12/2/06,2.5255395506612155
12/3/06,2.510436121760229
12/4/06,2.4953401143268827
12/5/06,2.4802515228925293
12/6/06,2.465170341993672
12/7/06,2.4500965661723884
12/8/06,2.4350301899759508
12/9/06,2.4199712079570723
12/10/06,2.404919614673795
12/11/06,2.389875405
12/12/06,2.3748385725728793
12/13/06,2.359809112897948
12/14/06,2.344787020244099
12/15/06,2.329772289195975
12/16/06,2.314764914
12/17/06,2.299764890282119
12/18/06,2.2847722116122293
12/19/06,2.2697868729397275
12/20/06,2.254808868875724
12/21/06,2.2398381940366585
12/22/06,2.224874843044189
12/23/06,2.209918811
12/24/06,2.1949700911120917
12/25/06,2.1800286794420476
12/26/06,2.165094570157855
12/27/06,2.1501677579074174
12/28/06,2.1352482373438786
12/29/06,2.1203360031256224
12/30/06,2.105431049916162
12/31/06,2.0905333723844066
1/1/07,2.0756429652042385
1/2/07,2.086617759487286
1/3/07,2.097591125713616
1/4/07,2.1085630641619835
1/5/07,2.119533575110988
1/6/07,2.130502658839206
1/7/07,2.141470315625149
1/8/07,2.152436545747216
1/9/07,2.1634013494837845
1/10/07,2.1743647271131206
1/11/07,2.185326678913402
1/12/07,2.1962872051628057
1/13/07,2.2072463061393544
1/14/07,2.218203982121092
1/15/07,2.229160233385885
1/16/07,2.2401150602116005
1/17/07,2.2510684628759936
1/18/07,2.2620204416567757
1/19/07,2.2729709968315914
1/20/07,2.2839201286779742
1/21/07,2.294867837473391
1/22/07,2.305814123495309
1/23/07,2.316758987020995
1/24/07,2.3277024283277825
1/25/07,2.338644447692828
1/26/07,2.3495850453932654
1/27/07,2.3605242217061617
1/28/07,2.3714619769084733
1/29/07,2.3823983112770897
1/30/07,2.3933332250889006
1/31/07,2.404266718620618
2/1/07,2.415198792148976
2/2/07,2.4282530954049752
2/3/07,2.441302238671894
2/4/07,2.4543462250085524
2/5/07,2.467385057471261
2/6/07,2.480418739114043
2/7/07,2.4934472729883916
2/8/07,2.5064706621434896
2/9/07,2.519488909626011
2/10/07,2.5325020184803204
2/11/07,2.545509991748296
2/12/07,2.5585128324694617
2/13/07,2.571510543680966
2/14/07,2.5845031284175146
2/15/07,2.5974905897114153
2/16/07,2.6104729305926444
2/17/07,2.6234501540887134
2/18/07,2.636422263224847
2/19/07,2.649389261023738
2/20/07,2.6623511505058595
2/21/07,2.6753079346891973
2/22/07,2.6882596165894057
2/23/07,2.701206199219741
2/24/07,2.714147685591084
2/25/07,2.727084078711983
2/26/07,2.7400153815885897
2/27/07,2.7529415972247007
2/28/07,2.7658627286217374
3/1/07,2.7787787787787677
3/2/07,2.772108788636918
3/3/07,2.765442457884215
3/4/07,2.758779783509979
3/5/07,2.752120762506838
3/6/07,2.7454653918707494
3/7/07,2.7388136686008924
3/8/07,2.7321655896997976
3/9/07,2.725521152173216
3/10/07,2.7188803530302286
3/11/07,2.712243189283181
3/12/07,2.705609657947683
3/13/07,2.6989797560426076
3/14/07,2.692353480590093
3/15/07,2.685730829
3/16/07,2.679111797147593
3/17/07,2.672496383218137
3/18/07,2.665884583862299
3/19/07,2.659276396118493
3/20/07,2.652671817028307
3/21/07,2.6460708436365943
3/22/07,2.639473472991405
3/23/07,2.632879702144053
3/24/07,2.626289528149006
3/25/07,2.619702948
3/26/07,2.6131199589500165
3/27/07,2.6065405578711287
3/28/07,2.599964741894656
3/29/07,2.593392508091119
3/30/07,2.5868238535343036
3/31/07,2.5802587753010586
4/1/07,2.5736972704714756
4/2/07,2.5776215679788272
4/3/07,2.5815445675541726
4/4/07,2.5854662698412634
4/5/07,2.5893866754835626
4/6/07,2.5933057851239782
4/7/07,2.597223599405063
4/8/07,2.6011401189689476
4/9/07,2.6050553444572966
4/10/07,2.608969276511397
4/11/07,2.6128819157720917
4/12/07,2.6167932628797796
4/13/07,2.6207033184745043
4/14/07,2.6246120831957764
4/15/07,2.6285195576827958
4/16/07,2.6324257425742514
4/17/07,2.6363306385084995
4/18/07,2.640234246123385
4/19/07,2.644136566056421
4/20/07,2.648037598944608
4/21/07,2.651937345424571
4/22/07,2.655835806132556
4/23/07,2.659732981704299
4/24/07,2.6636288727752033
4/25/07,2.667523479980227
4/26/07,2.6714168039538855
4/27/07,2.675308845330271
4/28/07,2.6791996047430766
4/29/07,2.683089082825618
4/30/07,2.686977280210745
5/1/07,2.6908641975308623
5/2/07,2.6907405342551094
5/3/07,2.690616886736863
5/4/07,2.6904932549731697
5/5/07,2.6903696389609877
5/6/07,2.6902460386973637
5/7/07,2.6901224541792113
5/8/07,2.6899988854035772
5/9/07,2.6898753323674196
5/10/07,2.6897517950677408
5/11/07,2.6896282735015653
5/12/07,2.689504767665829
5/13/07,2.689381277557601
5/14/07,2.6892578031737946
5/15/07,2.689134344511457
5/16/07,2.6890109015676122
5/17/07,2.6888874743391744
5/18/07,2.6887640628232345
5/19/07,2.6886406670167284
5/20/07,2.6885172869166807
5/21/07,2.6883939225200937
5/22/07,2.6882705738239476
5/23/07,2.6881472408252893
5/24/07,2.6880239235210768
5/25/07,2.6879006219083568
5/26/07,2.6877773359841095
5/27/07,2.687654065745315
5/28/07,2.687530811189043
5/29/07,2.6874075723122504
5/30/07,2.6872843491119625
5/31/07,2.6871611415851815
6/1/07,2.687037949728932
6/2/07,2.676046389381681
6/3/07,2.665056995499482
6/4/07,2.6540697674418467
6/5/07,2.643084704568577
6/6/07,2.6321018062397394
6/7/07,2.6211210718155797
6/8/07,2.610142500656676
6/9/07,2.599166092
6/10/07,2.588191845578103
6/11/07,2.5772197603807667
6/12/07,2.566249835893397
6/13/07,2.5552820714777935
6/14/07,2.544316466496044
6/15/07,2.5333530203103916
6/16/07,2.522391732
6/17/07,2.511432601778041
6/18/07,2.500475628157184
6/19/07,2.489520810784218
6/20/07,2.4785681490226974
6/21/07,2.4676176422364193
6/22/07,2.4566692897894926
6/23/07,2.4457230910461814
6/24/07,2.434779045371105
6/25/07,2.423837152129038
6/26/07,2.412897410685022
6/27/07,2.4019598204044312
6/28/07,2.391024380652773
6/29/07,2.3800910907958883
6/30/07,2.3691599501998617
7/1/07,2.3582309582309557
7/2/07,2.3456862527540645
7/3/07,2.333143137907534
7/4/07,2.3206016133889174
7/5/07,2.3080616788957453
7/6/07,2.295523334
7/7/07,2.2829865787763914
7/8/07,2.2704514125457598
7/9/07,2.2579178351315843
7/10/07,2.245385846
7/11/07,2.232855445544568
7/12/07,2.2203266327678106
7/13/07,2.207799407599831
7/14/07,2.195273769738826
7/15/07,2.1827497188831257
7/16/07,2.170227254731172
7/17/07,2.1577063769814275
7/18/07,2.145187085332445
7/19/07,2.1326693794828655
7/20/07,2.1201532591314187
7/21/07,2.107638723976901
7/22/07,2.0951257737181095
7/23/07,2.0826144080540843
7/24/07,2.0701046266837553
7/25/07,2.0575964293062743
7/26/07,2.045089815620793
7/27/07,2.032584785326552
7/28/07,2.0200813381229032
7/29/07,2.007579473709198
7/30/07,1.995079191784943
7/31/07,1.9825804920496681
8/1/07,1.9700833742030355
8/2/07,1.9952847355179548
8/3/07,2.0204940733355548
8/4/07,2.045711391443361
8/5/07,2.0709366936313645
8/6/07,2.0961699836919534
8/7/07,2.1214112654198702
8/8/07,2.146660542612322
8/9/07,2.1719178190688915
8/10/07,2.1971830985915375
8/11/07,2.2224563849847057
8/12/07,2.247737682055173
8/13/07,2.2730269936121816
8/14/07,2.2983243234673933
8/15/07,2.323629675434824
8/16/07,2.3489430533309985
8/17/07,2.3742644609747954
8/18/07,2.3995939021875357
8/19/07,2.424931380792983
8/20/07,2.4502769006172764
8/21/07,2.475630465489065
8/22/07,2.5009920792393503
8/23/07,2.526361745701644
8/24/07,2.551739468711789
8/25/07,2.577125252108181
8/26/07,2.6025190997315706
8/27/07,2.627921015425194
8/28/07,2.653331003034687
8/29/07,2.6787490664081703
8/30/07,2.704175209396209
8/31/07,2.7296094358517875
9/1/07,2.755051749630355
9/2/07,2.780952693931882
9/3/07,2.806863002892457
9/4/07,2.8327826815917945
9/5/07,2.858711735113295
9/6/07,2.8846501685439563
9/7/07,2.910597987
9/8/07,2.9365551954994684
9/9/07,2.9625217992168773
9/10/07,2.988497803228518
9/11/07,3.0144832126398846
9/12/07,3.040478032560201
9/13/07,3.066482268102355
9/14/07,3.0924959243828987
9/15/07,3.118519006522158
9/16/07,3.1445515196441898
9/17/07,3.170593469
9/18/07,3.196644859
9/19/07,3.2227056962025324
9/20/07,3.248775984569985
9/21/07,3.274855729596049
9/22/07,3.3009449364270527
9/23/07,3.3270436102130985
9/24/07,3.3531517561080193
9/25/07,3.3792693792693784
9/26/07,3.4053964848584917
9/27/07,3.431533078040383
9/28/07,3.457679163983962
9/29/07,3.4838347478616916
9/30/07,3.509999834849964
10/1/07,3.5361744301288356
10/2/07,3.5609783390616156
10/3/07,3.5857846271901694
10/4/07,3.610593294856823
10/5/07,3.6354043424039695
10/6/07,3.6602177701741123
10/7/07,3.6850335785097554
10/8/07,3.7098517677534693
10/9/07,3.734672338248002
10/10/07,3.75949529
10/11/07,3.7843206243602934
10/12/07,3.8091483406637483
10/13/07,3.8339784395892584
10/14/07,3.8588109214798605
10/15/07,3.8836457866786134
10/16/07,3.9084830355286204
10/17/07,3.9333226683730516
10/18/07,3.958164686
10/19/07,3.9830090874183988
10/20/07,4.007855874
10/21/07,4.032705047
10/22/07,4.057556604528356
10/23/07,4.082410548550208
10/24/07,4.107266878970672
10/25/07,4.132125596
10/26/07,4.1569867003825145
10/27/07,4.181850192061454
10/28/07,4.206716071514327
10/29/07,4.231584339085059
10/30/07,4.256454995117731
10/31/07,4.281328039956467
11/1/07,4.306203473945414
11/2/07,4.298694853853413
11/3/07,4.291186978959893
11/4/07,4.283679849153965
11/5/07,4.276173464324695
11/6/07,4.268667824361194
11/7/07,4.261162929152595
11/8/07,4.253658778588076
11/9/07,4.246155372556792
11/10/07,4.2386527109479655
11/11/07,4.231150793650795
11/12/07,4.223649620554526
11/13/07,4.216149191548446
11/14/07,4.208649506521844
11/15/07,4.201150565364009
11/16/07,4.193652367964273
11/17/07,4.186154914212037
11/18/07,4.1786582039966325
11/19/07,4.171162237
11/20/07,4.163667014
11/21/07,4.156172533465541
11/22/07,4.148678796291705
11/23/07,4.141185802101921
11/24/07,4.133693550785678
11/25/07,4.126202042232574
11/26/07,4.118711276332099
11/27/07,4.111221252973829
11/28/07,4.103731972047364
11/29/07,4.096243433
11/30/07,4.088755637048425
12/1/07,4.081268582755193
12/2/07,4.0877077227601255
12/3/07,4.094145594908261
12/4/07,4.100582199574032
12/5/07,4.107017537131696
12/6/07,4.113451607955398
12/7/07,4.119884412
12/8/07,4.1263159508967195
12/9/07,4.1327462237618295
12/10/07,4.139175231388026
12/11/07,4.145602974148677
12/12/07,4.1520294524170165
12/13/07,4.158454666566169
12/14/07,4.164878616969103
12/15/07,4.171301303998587
12/16/07,4.177722728027278
12/17/07,4.184142889
12/18/07,4.190561788572222
12/19/07,4.196979425833036
12/20/07,4.203395801582266
12/21/07,4.209810916191792
12/22/07,4.216224770033383
12/23/07,4.222637363478721
12/24/07,4.229048696899262
12/25/07,4.235458770666334
12/26/07,4.241867585151171
12/27/07,4.248275140724811
12/28/07,4.254681437758134
12/29/07,4.261086476621889
12/30/07,4.267490257686735
12/31/07,4.273892781
1/1/08,4.280294047901356
1/2/08,4.272066557265419
1/3/08,4.263841905655874
1/4/08,4.255620091603496
1/5/08,4.247401113640081
1/6/08,4.2391849702984485
1/7/08,4.230971660112393
1/8/08,4.222761182
1/9/08,4.214553533347343
1/10/08,4.206348713841024
1/11/08,4.198146721635654
1/12/08,4.189947555
1/13/08,4.181751213284213
1/14/08,4.173557694218855
1/15/08,4.165366996615938
1/16/08,4.157179119018317
1/17/08,4.148994059969913
1/18/08,4.140811818015555
1/19/08,4.1326323917012076
1/20/08,4.124455779573677
1/21/08,4.116281980180925
1/22/08,4.108110992071801
1/23/08,4.099942814
1/24/08,4.091777443905009
1/25/08,4.083614880950126
1/26/08,4.075455123484395
1/27/08,4.067298170061706
1/28/08,4.059144019236904
1/29/08,4.050992669565878
1/30/08,4.042844119605427
1/31/08,4.034698367913436
2/1/08,4.026555413048727
2/2/08,4.023820453047788
2/3/08,4.021087270727364
2/4/08,4.0183558643547945
2/5/08,4.015626232199687
2/6/08,4.012898372533957
2/7/08,4.010172283631652
2/8/08,4.007447963769173
2/9/08,4.004725411225052
2/10/08,4.002004624280153
2/11/08,3.999285601217517
2/12/08,3.9965683403223817
2/13/08,3.9938528398822726
2/14/08,3.991139098186891
2/15/08,3.988427113528159
2/16/08,3.985716884200241
2/17/08,3.9830084084994555
2/18/08,3.9803016847243633
2/19/08,3.9775967111757016
2/20/08,3.974893486
2/21/08,3.972192008
2/22/08,3.969492274928821
2/23/08,3.9667942853373495
2/24/08,3.964098037508923
2/25/08,3.9614035297574457
2/26/08,3.9587107603989757
2/27/08,3.9560197277517473
2/28/08,3.953330430136126
2/29/08,3.9506428658746984
3/1/08,3.9596711042733324
3/2/08,3.9582293070040686
3/3/08,3.9567881136228777
3/4/08,3.955347523750441
3/5/08,3.9539075370077503
3/6/08,3.952468153016131
3/7/08,3.9510293713971967
3/8/08,3.949591191772872
3/9/08,3.9481536137655038
3/10/08,3.9467166369975493
3/11/08,3.9452802610920212
3/12/08,3.943844485672021
3/13/08,3.942409310361139
3/14/08,3.940974734783209
3/15/08,3.939540758562332
3/16/08,3.9381073813230527
3/17/08,3.9366746026901156
3/18/08,3.9352424222885984
3/19/08,3.933810839743912
3/20/08,3.932379855
3/21/08,3.930949466728273
3/22/08,3.929519675509674
3/23/08,3.9280904806526795
3/24/08,3.9266618817842325
3/25/08,3.9252338785316088
3/26/08,3.9238064705224396
3/27/08,3.922379657384556
3/28/08,3.9209534387462552
3/29/08,3.919527814235968
3/30/08,3.918102783482569
3/31/08,3.9166783461151766
4/1/08,3.915723116499392
4/2/08,3.9237278872874315
4/3/08,3.931729399073469
4/4/08,3.939727653847358
4/5/08,3.9477226535973298
4/6/08,3.9557144003100397
4/7/08,3.963702895970478
4/8/08,3.971688143
4/9/08,3.9796701420665714
4/10/08,3.9876488964641466
4/11/08,3.995624407733378
4/12/08,4.003596677851173
4/13/08,4.011565709
4/14/08,4.019531502532359
4/15/08,4.0274940610416365
4/16/08,4.0354533862912545
4/17/08,4.043409480250171
4/18/08,4.051362344885701
4/19/08,4.059311982163605
4/20/08,4.067258394048023
4/21/08,4.075201583
4/22/08,4.083141549485059
4/23/08,4.091078296957962
4/24/08,4.099011826878085
4/25/08,4.106942141201553
4/26/08,4.1148692418830235
4/27/08,4.122793130875513
4/28/08,4.1307138101304375
4/29/08,4.138631281597682
4/30/08,4.146545547225511
5/1/08,4.169030880641644
5/2/08,4.196379062309741
5/3/08,4.223723825257908
5/4/08,4.251065170127122
5/5/08,4.278403098
5/6/08,4.305737608191973
5/7/08,4.333068703
5/8/08,4.360396381629195
5/9/08,4.387720645713222
5/10/08,4.415041495561001
5/11/08,4.442358931812396
5/12/08,4.4696729551071845
5/13/08,4.496983566084878
5/14/08,4.524290765384875
5/15/08,4.5515945536464875
5/16/08,4.578894931508737
5/17/08,4.606191899610579
5/18/08,4.633485458590791
5/19/08,4.660775609087975
5/20/08,4.688062351740552
5/21/08,4.715345687186834
5/22/08,4.742625616064977
5/23/08,4.769902139012894
5/24/08,4.797175256668473
5/25/08,4.824444969669295
5/26/08,4.851711278652893
5/27/08,4.878974184256579
5/28/08,4.906233687117534
5/29/08,4.933489787872802
5/30/08,4.9607424871591865
5/31/08,4.9879917856134215
6/1/08,5.022680560152959
6/2/08,5.041953752479422
6/3/08,5.061227271658253
6/4/08,5.080501117697778
6/5/08,5.099775290606279
6/6/08,5.119049790392105
6/7/08,5.138324617063583
6/8/08,5.157599770628973
6/9/08,5.1768752510966465
6/10/08,5.196151058474907
6/11/08,5.215427193
6/12/08,5.234703653996431
6/13/08,5.253980442156325
6/14/08,5.273257557260047
6/15/08,5.292534999315968
6/16/08,5.311812768332369
6/17/08,5.331090864317556
6/18/08,5.350369287279877
6/19/08,5.3696480372276145
6/20/08,5.388927114
6/21/08,5.408206518112713
6/22/08,5.427486249066726
6/23/08,5.446766307039397
6/24/08,5.466046692039139
6/25/08,5.485327404074236
6/26/08,5.504608443153036
6/27/08,5.523889809283822
6/28/08,5.5431715024749195
6/29/08,5.562453522734656
6/30/08,5.58173587
7/1/08,5.606370376312908
7/2/08,5.599019903182922
7/3/08,5.591668560217933
7/4/08,5.584316347263618
7/5/08,5.576963264
7/6/08,5.569609310769041
7/7/08,5.562254486919782
7/8/08,5.554898792463159
7/9/08,5.547542227244562
7/10/08,5.540184791109359
7/11/08,5.5328264839029195
7/12/08,5.525467305470522
7/13/08,5.518107255657401
7/14/08,5.5107463343087915
7/15/08,5.503384541269929
7/16/08,5.496021876385893
7/17/08,5.4886583395018285
7/18/08,5.481293930462838
7/19/08,5.473928649113935
7/20/08,5.466562495300109
7/21/08,5.4591954688663735
7/22/08,5.451827569657608
7/23/08,5.444458797518736
7/24/08,5.437089152294594
7/25/08,5.4297186338300385
7/26/08,5.422347241969838
7/27/08,5.414974976558695
7/28/08,5.407601837441378
7/29/08,5.400227824462545
7/30/08,5.392852937
7/31/08,5.385477176298803
8/1/08,5.362488364877449
8/2/08,5.348423107905553
8/3/08,5.334360351076284
8/4/08,5.320300093723063
8/5/08,5.306242335179623
8/6/08,5.2921870747798305
8/7/08,5.278134311857885
8/8/08,5.264084045748141
8/9/08,5.250036275785264
8/10/08,5.235991001304097
8/11/08,5.221948221639794
8/12/08,5.207907936
8/13/08,5.193870144103174
8/14/08,5.179834844902298
8/15/08,5.165802037861056
8/16/08,5.151771722315646
8/17/08,5.137743897602665
8/18/08,5.123718563058821
8/19/08,5.109695718021157
8/20/08,5.095675361826824
8/21/08,5.081657493813352
8/22/08,5.067642113318405
8/23/08,5.0536292196799115
8/24/08,5.039618812236046
8/25/08,5.025610890325183
8/26/08,5.0116054532860055
8/27/08,4.997602500457354
8/28/08,4.983602031178336
8/29/08,4.9696040447883005
8/30/08,4.955608540626799
8/31/08,4.9416155180336485
9/1/08,4.929445291924428
9/2/08,4.8866358291908885
9/3/08,4.8438324703270474
9/4/08,4.801035214027549
9/5/08,4.758244058987393
9/6/08,4.715459003901934
9/7/08,4.672680047466993
9/8/08,4.629907188378635
9/9/08,4.587140425333369
9/10/08,4.544379757028105
9/11/08,4.501625182160018
9/12/08,4.458876699426773
9/13/08,4.416134307526343
9/14/08,4.3733980051570365
9/15/08,4.330667791017628
9/16/08,4.2879436638072255
9/17/08,4.245225622225246
9/18/08,4.202513664971552
9/19/08,4.159807790746339
9/20/08,4.117107998250202
9/21/08,4.0744142861840915
9/22/08,4.031726653249268
9/23/08,3.989045098147481
9/24/08,3.946369619580814
9/25/08,3.9037002162515932
9/26/08,3.8610368868626788
9/27/08,3.818379630117219
9/28/08,3.775728445
9/29/08,3.7330833293711896
9/30/08,3.690444282778782
10/1/08,3.6353296882170705
10/2/08,3.551463400405397
10/3/08,3.4676292317897817
10/4/08,3.3838271639221373
10/5/08,3.3000571783685873
10/6/08,3.2163192567093546
10/7/08,3.132613380538718
10/8/08,3.0489395314650336
10/9/08,2.9652976911108464
10/10/08,2.8816878411126012
10/11/08,2.7981099631208872
10/12/08,2.7145640388003045
10/13/08,2.631050049829442
10/14/08,2.547567977900922
10/15/08,2.4641178047213774
10/16/08,2.3806995120113195
10/17/08,2.297313081505359
10/18/08,2.213958494951962
10/19/08,2.130635734113584
10/20/08,2.047344780766558
10/21/08,1.964085616701139
10/22/08,1.8808582237215488
10/23/08,1.797662583645776
10/24/08,1.7144986783057758
10/25/08,1.6313664895473146
10/26/08,1.548265999230014
10/27/08,1.4651971892273519
10/28/08,1.3821600414265722
10/29/08,1.2991545377287528
10/30/08,1.2161806600487601
10/31/08,1.133238390315272
11/1/08,1.071834870722732
11/2/08,1.039249944647369
11/3/08,1.006663561139165
11/4/08,0.97407572
11/5/08,0.941486421
11/6/08,0.9088956650398883
11/7/08,0.8763034508225687
11/8/08,0.8437097786834213
11/9/08,0.8111146485246579
11/10/08,0.7785180602484232
11/11/08,0.7459200137568844
11/12/08,0.7133205089521644
11/13/08,0.6807195457364079
11/14/08,0.6481171240118044
11/15/08,0.6155132436803878
11/16/08,0.5829079046443253
11/17/08,0.5503011068056951
11/18/08,0.51769285
11/19/08,0.4850831343291562
11/20/08,0.4524719594953819
11/21/08,0.4198593254673755
11/22/08,0.3872452321472153
11/23/08,0.35462967943693524
11/24/08,0.32201266723854705
11/25/08,0.28939419545415124
11/26/08,0.2567742639857151
11/27/08,0.22415287273529483
11/28/08,0.19153002160485766
11/29/08,0.15890571049641533
11/30/08,0.12627993931197956
12/1/08,0.075366699
12/2/08,0.073374026
12/3/08,0.071381992
12/4/08,0.069390597
12/5/08,0.067399839
12/6/08,0.06540972
12/7/08,0.063420238
12/8/08,0.061431393
12/9/08,0.059443185
12/10/08,0.057455613353618595
12/11/08,0.055468678
12/12/08,0.053482379
12/13/08,0.051496715
12/14/08,0.049511686964764934
12/15/08,0.047527293720506236
12/16/08,0.045543535207759334
12/17/08,0.043560411122056664
12/18/08,0.041577921159086095
12/19/08,0.039596065
12/20/08,0.037614842
12/21/08,0.035634252966465496
12/22/08,0.033654296455343236
12/23/08,0.031674972548345615
12/24/08,0.029696280942426156
12/25/08,0.027718221334582793
12/26/08,0.025740793
12/27/08,0.023763997
12/28/08,0.021787831473174535
12/29/08,0.019812297
12/30/08,0.017837392677577668
12/31/08,0.015863118707470925
1/1/09,0.020476481614783992
1/2/09,0.027151716
1/3/09,0.0338257
1/4/09,0.040498435
1/5/09,0.047169919
1/6/09,0.053840154766371384
1/7/09,0.060509141
1/8/09,0.067176879
1/9/09,0.073843369
1/10/09,0.08050861
1/11/09,0.087172605
1/12/09,0.093835352
1/13/09,0.10049685191779734
1/14/09,0.10715710565620817
1/15/09,0.11381611326670704
1/16/09,0.1204738750990142
1/17/09,0.12713039150271666
1/18/09,0.1337856628271794
1/19/09,0.14043968942172302
1/20/09,0.14709247163553485
1/21/09,0.1537440098176468
1/22/09,0.16039430431695756
1/23/09,0.1670433554822548
1/24/09,0.17369116366217074
1/25/09,0.18033772920522662
1/26/09,0.1869830524598326
1/27/09,0.19362713377422125
1/28/09,0.2002699734965141
1/29/09,0.20691157197469945
1/30/09,0.2135519295566768
1/31/09,0.22019104659014577
2/1/09,0.20623905296459633
2/2/09,0.1850050404228032
2/3/09,0.1637837103665607
2/4/09,0.14257505143688842
2/5/09,0.12137905228841728
2/6/09,0.10019570158930069
2/7/09,0.079024988
2/8/09,0.0578669
2/9/09,0.036721427
2/10/09,0.015588557122070412
2/11/09,-0.005531721
2/12/09,-0.026639418
2/13/09,-0.047734546
2/14/09,-0.068817115
2/15/09,-0.089887138
2/16/09,-0.110944624
2/17/09,-0.131989586
2/18/09,-0.153022034
2/19/09,-0.17404198
2/20/09,-0.195049435
2/21/09,-0.216044409
2/22/09,-0.237026915
2/23/09,-0.257996963
2/24/09,-0.278954564
2/25/09,-0.299899729
2/26/09,-0.32083247
2/27/09,-0.341752797
2/28/09,-0.362660722
3/1/09,-0.383556255
3/2/09,-0.395020861
3/3/09,-0.406480983
3/4/09,-0.417936624
3/5/09,-0.429387786
3/6/09,-0.440834472
3/7/09,-0.452276684
3/8/09,-0.463714425
3/9/09,-0.475147698
3/10/09,-0.486576506
3/11/09,-0.49800085
3/12/09,-0.509420733
3/13/09,-0.520836159
3/14/09,-0.53224713
3/15/09,-0.543653648
3/16/09,-0.555055716
3/17/09,-0.566453336
3/18/09,-0.577846512
3/19/09,-0.589235245
3/20/09,-0.600619539
3/21/09,-0.611999396
3/22/09,-0.623374818
3/23/09,-0.634745808
3/24/09,-0.64611237
3/25/09,-0.657474504
3/26/09,-0.668832214
3/27/09,-0.680185503
3/28/09,-0.691534373
3/29/09,-0.702878827
3/30/09,-0.714218867
3/31/09,-0.725554495
4/1/09,-0.736885715
4/2/09,-0.755185101
4/3/09,-0.77347422
4/4/09,-0.79175308
4/5/09,-0.81002169
4/6/09,-0.828280058
4/7/09,-0.846528193
4/8/09,-0.864766105
4/9/09,-0.8829938
4/10/09,-0.901211289
4/11/09,-0.919418578
4/12/09,-0.937615678
4/13/09,-0.955802597
4/14/09,-0.973979342
4/15/09,-0.992145924
4/16/09,-1.010302349
4/17/09,-1.028448627
4/18/09,-1.046584766
4/19/09,-1.064710775
4/20/09,-1.082826663
4/21/09,-1.100932437
4/22/09,-1.119028106
4/23/09,-1.137113678
4/24/09,-1.155189163
4/25/09,-1.173254568
4/26/09,-1.191309902
4/27/09,-1.209355173
4/28/09,-1.22739039
4/29/09,-1.245415561
4/30/09,-1.263430694
5/1/09,-1.281435799
5/2/09,-1.2861699
5/3/09,-1.290900925
5/4/09,-1.295628878
5/5/09,-1.30035376
5/6/09,-1.305075576
5/7/09,-1.309794328
5/8/09,-1.31451002
5/9/09,-1.319222653
5/10/09,-1.323932232
5/11/09,-1.328638758
5/12/09,-1.333342236
5/13/09,-1.338042668
5/14/09,-1.342740056
5/15/09,-1.347434405
5/16/09,-1.352125716
5/17/09,-1.356813994
5/18/09,-1.36149924
5/19/09,-1.366181457
5/20/09,-1.37086065
5/21/09,-1.37553682
5/22/09,-1.38020997
5/23/09,-1.384880104
5/24/09,-1.389547224
5/25/09,-1.394211334
5/26/09,-1.398872435
5/27/09,-1.403530532
5/28/09,-1.408185627
5/29/09,-1.412837723
5/30/09,-1.417486822
5/31/09,-1.422132928
6/1/09,-1.426776044
6/2/09,-1.44923563
6/3/09,-1.471687356
6/4/09,-1.494131226
6/5/09,-1.516567246
6/6/09,-1.538995418
6/7/09,-1.561415747
6/8/09,-1.583828237
6/9/09,-1.606232892
6/10/09,-1.628629716
6/11/09,-1.651018714
6/12/09,-1.673399889
6/13/09,-1.695773245
6/14/09,-1.718138787
6/15/09,-1.740496519
6/16/09,-1.762846444
6/17/09,-1.785188568
6/18/09,-1.807522893
6/19/09,-1.829849424
6/20/09,-1.852168166
6/21/09,-1.874479122
6/22/09,-1.896782296
6/23/09,-1.919077692
6/24/09,-1.941365315
6/25/09,-1.963645168
6/26/09,-1.985917255
6/27/09,-2.008181582
6/28/09,-2.030438151
6/29/09,-2.052686966
6/30/09,-2.074928033
7/1/09,-2.097161354
7/2/09,-2.077469571
7/3/09,-2.057772716
7/4/09,-2.038070787
7/5/09,-2.018363781
7/6/09,-1.998651697
7/7/09,-1.978934533
7/8/09,-1.959212287
7/9/09,-1.939484957
7/10/09,-1.919752541
7/11/09,-1.900015036
7/12/09,-1.880272442
7/13/09,-1.860524756
7/14/09,-1.840771975
7/15/09,-1.821014099
7/16/09,-1.801251125
7/17/09,-1.781483051
7/18/09,-1.761709875
7/19/09,-1.741931596
7/20/09,-1.72214821
7/21/09,-1.702359717
7/22/09,-1.682566114
7/23/09,-1.662767399
7/24/09,-1.642963571
7/25/09,-1.623154627
7/26/09,-1.603340565
7/27/09,-1.583521384
7/28/09,-1.56369708
7/29/09,-1.543867654
7/30/09,-1.524033101
7/31/09,-1.504193421
8/1/09,-1.484348612
8/2/09,-1.477965469
8/3/09,-1.471581756
8/4/09,-1.465197474
8/5/09,-1.458812621
8/6/09,-1.452427199
8/7/09,-1.446041207
8/8/09,-1.439654645
8/9/09,-1.433267514
8/10/09,-1.426879811
8/11/09,-1.420491539
8/12/09,-1.414102696
8/13/09,-1.407713284
8/14/09,-1.4013233
8/15/09,-1.394932746
8/16/09,-1.388541622
8/17/09,-1.382149927
8/18/09,-1.375757661
8/19/09,-1.369364824
8/20/09,-1.362971416
8/21/09,-1.356577438
8/22/09,-1.350182888
8/23/09,-1.343787767
8/24/09,-1.337392075
8/25/09,-1.330995812
8/26/09,-1.324598977
8/27/09,-1.318201571
8/28/09,-1.311803594
8/29/09,-1.305405044
8/30/09,-1.299005924
8/31/09,-1.292606231
9/1/09,-1.286205967
9/2/09,-1.249786627
9/3/09,-1.213342745
9/4/09,-1.176874297
9/5/09,-1.140381256
9/6/09,-1.103863599
9/7/09,-1.0673213
9/8/09,-1.030754335
9/9/09,-0.994162678
9/10/09,-0.957546305
9/11/09,-0.92090519
9/12/09,-0.884239308
9/13/09,-0.847548635
9/14/09,-0.810833145
9/15/09,-0.774092812
9/16/09,-0.737327612
9/17/09,-0.70053752
9/18/09,-0.66372251
9/19/09,-0.626882556
9/20/09,-0.590017634
9/21/09,-0.553127718
9/22/09,-0.516212782
9/23/09,-0.479272802
9/24/09,-0.442307751
9/25/09,-0.405317605
9/26/09,-0.368302337
9/27/09,-0.331261922
9/28/09,-0.294196334
9/29/09,-0.257105548
9/30/09,-0.219989537
10/1/09,-0.182848277
10/2/09,-0.118859279
10/3/09,-0.054791113
10/4/09,0.009356367
10/5/09,0.073583309
10/6/09,0.13788985933560483
10/7/09,0.2022761675169571
10/8/09,0.26674238155126595
10/9/09,0.3312886502801593
10/10/09,0.3959151229152136
10/11/09,0.46062194903904174
10/12/09,0.5254092786063813
10/13/09,0.5902772619454266
10/14/09,0.6552260497588724
10/15/09,0.720255793
10/16/09,0.785366643
10/17/09,0.8505587527144032
10/18/09,0.9158322729833746
10/19/09,0.9811873568988716
10/20/09,1.0466241574353718
10/21/09,1.1121428279501133
10/22/09,1.1777435221842714
10/23/09,1.243426394264291
10/24/09,1.3091915987029301
10/25/09,1.3750392904006148
10/26/09,1.4409696246465487
10/27/09,1.5069827571199568
10/28/09,1.573078843891329
10/29/09,1.639258041
10/30/09,1.7055205065738654
10/31/09,1.7718663965933912
11/1/09,1.8382958691302909
11/2/09,1.867435998099376
11/3/09,1.8965962329995367
11/4/09,1.9257765946467664
11/5/09,1.954977103885902
11/6/09,1.984197781590491
11/7/09,2.013438648662924
11/8/09,2.042699726034547
11/9/09,2.0719810346656153
11/10/09,2.101282595545362
11/11/09,2.1306044296921067
11/12/09,2.159946558153214
11/13/09,2.1893090020052464
11/14/09,2.2186917823538987
11/15/09,2.248094920334198
11/16/09,2.2775184371103485
11/17/09,2.3069623538760187
11/18/09,2.336426691854232
11/19/09,2.365911472297433
11/20/09,2.3954167164875972
11/21/09,2.4249424457362556
11/22/09,2.4544886813845146
11/23/09,2.484055444803124
11/24/09,2.513642757392631
11/25/09,2.5432506405832056
11/26/09,2.5728791158349695
11/27/09,2.6025282046377773
11/28/09,2.6321979285114594
11/29/09,2.661888309
11/30/09,2.691599367700648
12/1/09,2.721331126205828
12/2/09,2.718233539424686
12/3/09,2.715136822205211
12/4/09,2.712040974181318
12/5/09,2.7089459949870554
12/6/09,2.7058518842567825
12/7/09,2.702758641624947
12/8/09,2.6996662667263305
12/9/09,2.6965747591958023
12/10/09,2.693484118668521
12/11/09,2.6903943447798007
12/12/09,2.687305437165155
12/13/09,2.684217395460342
12/14/09,2.6811302193012976
12/15/09,2.678043908324179
12/16/09,2.674958462165322
12/17/09,2.671873880461284
12/18/09,2.668790162848844
12/19/09,2.6657073089649153
12/20/09,2.6626253184466986
12/21/09,2.659544190931551
12/22/09,2.656463926057051
12/23/09,2.6533845234609776
12/24/09,2.6503059827812647
12/25/09,2.6472283036561572
12/26/09,2.6441514857239667
12/27/09,2.6410755286233156
12/28/09,2.6380004319929817
12/29/09,2.634926195471965
12/30/09,2.6318528186994428
12/31/09,2.6287803013147926
1/1/10,2.6257086429576137
1/2/10,2.610073225577758
1/3/10,2.5944428229686123
1/4/10,2.578817432717906
1/5/10,2.5631970524150116
1/6/10,2.547581679650812
1/7/10,2.5319713120177667
1/8/10,2.516365947
1/9/10,2.5007655825224795
1/10/10,2.4851702158528166
1/11/10,2.4695798446994655
1/12/10,2.4539944666625013
1/13/10,2.4384140793436204
1/14/10,2.422838680346029
1/15/10,2.407268267274465
1/16/10,2.391702837735221
1/17/10,2.3761423893360556
1/18/10,2.3605869196863694
1/19/10,2.345036426397029
1/20/10,2.329490907080367
1/21/10,2.3139503593503585
1/22/10,2.298414780822422
1/23/10,2.282884169113575
1/24/10,2.2673585218422554
1/25/10,2.251837836628523
1/26/10,2.2363221110939246
1/27/10,2.220811342861495
1/28/10,2.205305529555801
1/29/10,2.189804668802986
1/30/10,2.1743087582306364
1/31/10,2.1588177954678933
2/1/10,2.143331778145363
2/2/10,2.149439911678397
2/3/10,2.1555469844353414
2/4/10,2.1616529966925535
2/5/10,2.1677579487262344
2/6/10,2.1738618408124966
2/7/10,2.1799646732273414
2/8/10,2.1860664462467483
2/9/10,2.1921671601464743
2/10/10,2.198266815202299
2/11/10,2.204365411689846
2/12/10,2.2104629498846506
2/13/10,2.2165594300621594
2/14/10,2.2226548524977296
2/15/10,2.228749217466608
2/16/10,2.234842525243974
2/17/10,2.2409347761048526
2/18/10,2.2470259703242457
2/19/10,2.253116108
2/20/10,2.259205189937896
2/21/10,2.2652932158816474
2/22/10,2.271380186282812
2/23/10,2.2774661014158815
2/24/10,2.2835509615552585
2/25/10,2.289634766975257
2/26/10,2.2957175179500355
2/27/10,2.3017992147537525
2/28/10,2.307879857660411
3/1/10,2.3139594469439473
3/2/10,2.311453011671838
3/3/10,2.308946980011184
3/4/10,2.306441351864552
3/5/10,2.303936127134465
3/6/10,2.301431305723489
3/7/10,2.2989268875342805
3/8/10,2.296422872469428
3/9/10,2.2939192604316094
3/10/10,2.2914160513235915
3/11/10,2.288913245048052
3/12/10,2.286410841507802
3/13/10,2.2839088406055863
3/14/10,2.281407242244282
3/15/10,2.278906046326745
3/16/10,2.276405252755853
3/17/10,2.273904861434528
3/18/10,2.2714048722657365
3/19/10,2.2689052851524893
3/20/10,2.266406099997753
3/21/10,2.2639073167046053
3/22/10,2.2614089351761457
3/23/10,2.2589109553154296
3/24/10,2.256413377025668
3/25/10,2.253916200209982
3/26/10,2.2514194247716057
3/27/10,2.2489230506137714
3/28/10,2.2464270776397344
3/29/10,2.2439315057528164
3/30/10,2.241436334856317
3/31/10,2.2389415648536026
4/1/10,2.2364471956480836
4/2/10,2.229245104892019
4/3/10,2.222044400878209
4/4/10,2.2148450832061073
4/5/10,2.207647151475456
4/6/10,2.2004506052859973
4/7/10,2.193255444237807
4/8/10,2.1860616679309386
4/9/10,2.1788692759657335
4/10/10,2.1716782679426228
4/11/10,2.164488643
4/12/10,2.157300402125184
4/13/10,2.150113543532517
4/14/10,2.1429280672852435
4/15/10,2.1357439729845717
4/16/10,2.128561260231887
4/17/10,2.121379928628686
4/18/10,2.1141999777766207
4/19/10,2.107021407277565
4/20/10,2.0998442167334597
4/21/10,2.092668405746445
4/22/10,2.085493973918795
4/23/10,2.0783209208529607
4/24/10,2.071149246151527
4/25/10,2.063978949417211
4/26/10,2.0568100302529313
4/27/10,2.049642488261738
4/28/10,2.0424763230468157
4/29/10,2.0353115342115258
4/30/10,2.0281481213593633
5/1/10,2.0209860840939786
5/2/10,1.989512579069208
5/3/10,1.9580565065782762
5/4/10,1.9266178521418098
5/5/10,1.8951966012966448
5/6/10,1.8637927395954712
5/7/10,1.8324062526070772
5/8/10,1.8010371259161717
5/9/10,1.7696853451234063
5/10/10,1.7383508958453309
5/11/10,1.7070337637144828
5/12/10,1.675733934
5/13/10,1.6444513935035099
5/14/10,1.6131861267676406
5/15/10,1.5819381198673987
5/16/10,1.5507073585143916
5/17/10,1.5194938284360582
5/18/10,1.4882975153754918
5/19/10,1.4571184050915953
5/20/10,1.4259564833589033
5/21/10,1.394811735967738
5/22/10,1.3636841487239204
5/23/10,1.3325737074490807
5/24/10,1.3014803979803258
5/25/10,1.270404206170439
5/26/10,1.2393451178877468
5/27/10,1.2083031190160964
5/28/10,1.177278195454945
5/29/10,1.1462703331192037
5/30/10,1.1152795179392383
5/31/10,1.0843057358609576
6/1/10,1.053348972845658
6/2/10,1.059401141930194
6/3/10,1.0654539508317074
6/4/10,1.0715073996516722
6/5/10,1.077561488491563
6/6/10,1.083616217452854
6/7/10,1.089671586637131
6/8/10,1.0957275961459345
6/9/10,1.101784246080828
6/10/10,1.1078415365433747
6/11/10,1.1138994676352265
6/12/10,1.119958039457991
6/13/10,1.126017252113365
6/14/10,1.132077106
6/15/10,1.1381376003286148
6/16/10,1.144198736091906
6/17/10,1.1502605130946364
6/18/10,1.1563229314385692
6/19/10,1.1623859912254897
6/20/10,1.1684496925572052
6/21/10,1.1745140355355455
6/22/10,1.1805790202623623
6/23/10,1.1866446468395297
6/24/10,1.1927109153689663
6/25/10,1.1987778259525461
6/26/10,1.2048453786922098
6/27/10,1.2109135736899423
6/28/10,1.216982411047729
6/29/10,1.223051890867577
6/30/10,1.229122013251449
7/1/10,1.2351927783014638
7/2/10,1.2323773838574414
7/3/10,1.2295623967420566
7/4/10,1.2267478168669133
7/5/10,1.223933644143682
7/6/10,1.2211198784839672
7/7/10,1.2183065197995058
7/8/10,1.2154935680019685
7/9/10,1.212681023003137
7/10/10,1.2098688847147043
7/11/10,1.2070571530485186
7/12/10,1.2042458279163837
7/13/10,1.2014349092301257
7/14/10,1.198624396901593
7/15/10,1.1958142908427005
7/16/10,1.193004590965363
7/17/10,1.1901952971815177
7/18/10,1.1873864094031017
7/19/10,1.1845779275421409
7/20/10,1.181769851510639
7/21/10,1.1789621812206441
7/22/10,1.1761549165842045
7/23/10,1.1733480575134347
7/24/10,1.1705416039204497
7/25/10,1.1677355557173863
7/26/10,1.1649299128164037
7/27/10,1.1621246751297276
7/28/10,1.1593198425695617
7/29/10,1.1565154150481316
7/30/10,1.1537113924777298
7/31/10,1.1509077747706487
8/1/10,1.1481045618392027
8/2/10,1.147961833444966
8/3/10,1.1478191108100777
8/4/10,1.1476763939342494
8/5/10,1.147533682817059
8/6/10,1.147390977458218
8/7/10,1.147248277857349
8/8/10,1.1471055840140965
8/9/10,1.1469628959281497
8/10/10,1.146820213599109
8/11/10,1.1466775370266635
8/12/10,1.146534866210458
8/13/10,1.146392201150137
8/14/10,1.1462495418453456
8/15/10,1.1461068882957504
8/16/10,1.1459642405009962
8/17/10,1.1458215984607278
8/18/10,1.1456789621746122
8/19/10,1.145536331642294
8/20/10,1.145393706863418
8/21/10,1.1452510878376287
8/22/10,1.1451084745646156
8/23/10,1.1449658670440233
8/24/10,1.144823265275452
8/25/10,1.1446806692586131
8/26/10,1.1445380789931292
8/27/10,1.144395494478645
8/28/10,1.1442529157148273
8/29/10,1.144110342701321
8/30/10,1.1439677754378152
8/31/10,1.143825213923888
9/1/10,1.143682658159273
9/2/10,1.1446337076445712
9/3/10,1.1455846960700233
9/4/10,1.1465356234414692
9/5/10,1.1474864897648152
9/6/10,1.148437295045901
9/7/10,1.1493880392906775
9/8/10,1.150338723
9/9/10,1.1512893446945949
9/10/10,1.1522399058655486
9/11/10,1.1531904060236187
9/12/10,1.1541408451747337
9/13/10,1.1550912233247335
9/14/10,1.1560415404795021
9/15/10,1.156991796644924
9/16/10,1.1579419918268385
9/17/10,1.1588921260311524
9/18/10,1.1598421992637054
9/19/10,1.1607922115303815
9/20/10,1.1617421628370206
9/21/10,1.1626920531895513
9/22/10,1.1636418825937689
9/23/10,1.164591651055602
9/24/10,1.1655413585808683
9/25/10,1.1664910051754518
9/26/10,1.1674405908452368
9/27/10,1.168390115596063
9/28/10,1.1693395794337702
9/29/10,1.1702889823642648
9/30/10,1.1712383243933644
10/1/10,1.1721876055269531
10/2/10,1.1712506192514072
10/3/10,1.1703136757581278
10/4/10,1.1693767750441397
10/5/10,1.1684399171065785
10/6/10,1.1675031019424464
10/7/10,1.1665663295488793
10/8/10,1.1656295999229016
10/9/10,1.1646929130615824
10/10/10,1.1637562689620573
10/11/10,1.1628196676213065
10/12/10,1.1618831090364656
10/13/10,1.1609465932046037
10/14/10,1.1600101201227453
10/15/10,1.159073689788026
10/16/10,1.1581373021974706
10/17/10,1.1572009573481923
10/18/10,1.156264655237238
10/19/10,1.1553283958616767
10/20/10,1.1543921792185774
10/21/10,1.1534560053050535
10/22/10,1.152519874118152
10/23/10,1.1515837856549638
10/24/10,1.1506477399125359
10/25/10,1.1497117368879595
10/26/10,1.1487757765783257
10/27/10,1.1478398589807037
10/28/10,1.1469039840921402
10/29/10,1.1459681519097487
10/30/10,1.145032362430598
10/31/10,1.1440966156517351
11/1/10,1.1431609115702734
11/2/10,1.154892989757772
11/3/10,1.1666264456080322
11/4/10,1.1783612793636822
11/5/10,1.1900974912674611
11/6/10,1.2018350815621748
11/7/10,1.2135740504906734
11/8/10,1.2253143982958514
11/9/10,1.2370561252206702
11/10/10,1.2487992315081575
11/11/10,1.2605437174013856
11/12/10,1.2722895831434933
11/13/10,1.2840368289776416
11/14/10,1.2957854551471248
11/15/10,1.3075354618951929
11/16/10,1.3192868494652732
11/17/10,1.3310396181007267
11/18/10,1.3427937680450475
11/19/10,1.3545492995417963
11/20/10,1.3663062128345116
11/21/10,1.3780645081668652
11/22/10,1.3898241857825733
11/23/10,1.4015852459254186
11/24/10,1.4133476888391616
11/25/10,1.4251115147677185
11/26/10,1.436876723955005
11/27/10,1.4486433166450485
11/28/10,1.4604112930818536
11/29/10,1.4721806535095583
11/30/10,1.4839513981723007
12/1/10,1.4957235273143077
12/2/10,1.5001291231856007
12/3/10,1.504533747915704
12/4/10,1.5089374018256718
12/5/10,1.5133400852364254
12/6/10,1.5177417984687747
12/7/10,1.5221425418433965
12/8/10,1.5265423156807456
12/9/10,1.5309411203012102
12/10/10,1.535338956025023
12/11/10,1.5397358231722391
12/12/10,1.544131722062847
12/13/10,1.548526653016613
12/14/10,1.552920616353215
12/15/10,1.557313612392175
12/16/10,1.5617056414528374
12/17/10,1.5660967038544804
12/18/10,1.5704867999162042
12/19/10,1.5748759299569315
12/20/10,1.5792640942955405
12/21/10,1.583651293250643
12/22/10,1.5880375271408065
12/23/10,1.5924227962843984
12/24/10,1.596807100999742
12/25/10,1.601190441604916
12/26/10,1.6055728184178664
12/27/10,1.609954231756494
12/28/10,1.6143346819384563
12/29/10,1.618714169281299
12/30/10,1.6230926941024792
12/31/10,1.6274702567192545
1/1/11,1.631846857448771
1/2/11,1.6471969381978147
1/3/11,1.6625467721538278
1/4/11,1.6778963593227836
1/5/11,1.6932456997105882
1/6/11,1.708594793323237
1/7/11,1.7239436401666586
1/8/11,1.7392922402468036
1/9/11,1.7546405935696452
1/10/11,1.7699887001411119
1/11/11,1.7853365599671323
1/12/11,1.8006841730537015
1/13/11,1.8160315394067705
1/14/11,1.8313786590322456
1/15/11,1.8467255319360998
1/16/11,1.862072158124306
1/17/11,1.8774185376027708
1/18/11,1.892764670377467
1/19/11,1.9081105564543455
1/20/11,1.9234561958393348
1/21/11,1.938801588538408
1/22/11,1.9541467345575159
1/23/11,1.9694916339025648
1/24/11,1.9848362865795721
1/25/11,2.000180692594422
1/26/11,2.0155248519530877
1/27/11,2.0308687646614754
1/28/11,2.0462124307256246
1/29/11,2.0615558501514197
1/30/11,2.0768990229448114
1/31/11,2.0922419491117283
2/1/11,2.1075846286581656
2/2/11,2.1281664573735704
2/3/11,2.148742251
2/4/11,2.1693120124491427
2/5/11,2.1898757441157546
2/6/11,2.2104334487365707
2/7/11,2.230985128960916
2/8/11,2.251530787436584
2/9/11,2.2720704268097913
2/10/11,2.29260405
2/11/11,2.3131316588258954
2/12/11,2.3336532567535206
2/13/11,2.3541688461480303
2/14/11,2.374678429647914
2/15/11,2.395182009890129
2/16/11,2.415679589510056
2/17/11,2.4361711711415435
2/18/11,2.4566567574168863
2/19/11,2.477136350966891
2/20/11,2.497609954420721
2/21/11,2.5180775704060965
2/22/11,2.5385392015491615
2/23/11,2.5589948504745497
2/24/11,2.5794445198053406
2/25/11,2.5998882121630595
2/26/11,2.620325930167766
2/27/11,2.6407576764379215
2/28/11,2.6611834535904766
3/1/11,2.6816032642408505
3/2/11,2.697178676137435
3/3/11,2.712752342894209
3/4/11,2.728324264804516
3/5/11,2.7438944421614986
3/6/11,2.759462875258345
3/7/11,2.7750295643881318
3/8/11,2.7905945098439133
3/9/11,2.8061577119185888
3/10/11,2.8217191709050793
3/11/11,2.8372788870962395
3/12/11,2.8528368607847465
3/13/11,2.8683930922633882
3/14/11,2.8839475818247307
3/15/11,2.8995003297613176
3/16/11,2.915051336365715
3/17/11,2.930600601930311
3/18/11,2.9461481267474943
3/19/11,2.9616939111094975
3/20/11,2.9772379553086425
3/21/11,2.9927802596370734
3/22/11,3.0083208243868453
3/23/11,3.023859649850036
3/24/11,3.0393967363186336
3/25/11,3.054932084084494
3/26/11,3.070465693439539
3/27/11,3.085997564675469
3/28/11,3.1015276980840056
3/29/11,3.1170560939568492
3/30/11,3.1325827525855443
3/31/11,3.148107674261591
4/1/11,3.1636308592764673
4/2/11,3.1771414732252756
4/3/11,3.1906513889840227
4/4/11,3.204160606606843
4/5/11,3.217669126147804
4/6/11,3.231176947661063
4/7/11,3.2446840712007097
4/8/11,3.258190496820834
4/9/11,3.2716962245755044
4/10/11,3.2852012545188325
4/11/11,3.2987055867049087
4/12/11,3.3122092211877785
4/13/11,3.3257121580215543
4/14/11,3.3392143972602373
4/15/11,3.3527159389579397
4/16/11,3.366216783168685
4/17/11,3.3797169299465413
4/18/11,3.3932163793455317
4/19/11,3.4067151314196797
4/20/11,3.4202131862230534
4/21/11,3.433710543809654
4/22/11,3.4472072042335045
4/23/11,3.4607031675486066
4/24/11,3.4741984338089615
4/25/11,3.487693003068615
4/26/11,3.5011868753815234
4/27/11,3.5146800508016884
4/28/11,3.528172529383111
4/29/11,3.5416643111797264
4/30/11,3.5551553962455573
5/1/11,3.568645784634561
5/2/11,3.568329389255709
5/3/11,3.568012973947421
5/4/11,3.567696538707854
5/5/11,3.567380083535099
5/6/11,3.567063608
5/7/11,3.5667471133825623
5/8/11,3.566430598398962
5/9/11,3.566114063
5/10/11,3.565797508607793
5/11/11,3.5654809337964277
5/12/11,3.5651643390387067
5/13/11,3.5648477243327203
5/14/11,3.5645310896766036
5/15/11,3.564214435068469
5/16/11,3.563897760506407
5/17/11,3.5635810659885747
5/18/11,3.563264352
5/19/11,3.5629476170779606
5/20/11,3.5626308626814263
5/21/11,3.5623140883215276
5/22/11,3.5619972939964217
5/23/11,3.561680479704177
5/24/11,3.561363645
5/25/11,3.5610467912108312
5/26/11,3.5607299170059115
5/27/11,3.5604130228263475
5/28/11,3.560096109
5/29/11,3.559779174535649
5/30/11,3.5594622204207393
5/31/11,3.5591452463235917
6/1/11,3.558828252242341
6/2/11,3.561158318494151
6/3/11,3.5634883519634952
6/4/11,3.565818352651018
6/5/11,3.5681483205574294
6/6/11,3.5704782556834402
6/7/11,3.5728081580297166
6/8/11,3.575138027596947
6/9/11,3.5774678643858637
6/10/11,3.579797668397111
6/11/11,3.5821274396313996
6/12/11,3.5844571780894396
6/13/11,3.5867868837718753
6/14/11,3.5891165566794614
6/15/11,3.591446196812842
6/16/11,3.5937758041727053
6/17/11,3.596105378759784
6/18/11,3.5984349205747224
6/19/11,3.600764429618253
6/20/11,3.6030939058910416
6/21/11,3.6054233493937993
6/22/11,3.607752760127192
6/23/11,3.610082138
6/24/11,3.612411483288702
6/25/11,3.6147407957181965
6/26/11,3.6170700753811014
6/27/11,3.6193993222781273
6/28/11,3.6217285364099405
6/29/11,3.6240577177772515
6/30/11,3.6263868663807264
7/1/11,3.6287159822210757
7/2/11,3.6333186459646782
7/3/11,3.6379208997619816
7/4/11,3.6425227436677865
7/5/11,3.6471241777368046
7/6/11,3.6517252020238145
7/7/11,3.656325816583572
7/8/11,3.6609260214707673
7/9/11,3.6655258167401117
7/10/11,3.6701252024463615
7/11/11,3.674724178644184
7/12/11,3.679322745388247
7/13/11,3.683920902733262
7/14/11,3.6885186507338963
7/15/11,3.693115989444795
7/16/11,3.697712918920626
7/17/11,3.702309439216034
7/18/11,3.7069055503856196
7/19/11,3.7115012524840063
7/20/11,3.716096545565839
7/21/11,3.720691429685674
7/22/11,3.7252859048981346
7/23/11,3.729879971257777
7/24/11,3.7344736288192015
7/25/11,3.739066877636965
7/26/11,3.743659717765624
7/27/11,3.748252149
7/28/11,3.7528441721737194
7/29/11,3.7574357865622243
7/30/11,3.762026992479739
7/31/11,3.766617789980775
8/1/11,3.7712081791197782
8/2/11,3.774343771143318
8/3/11,3.777479245488191
8/4/11,3.7806146021610587
8/5/11,3.7837498411685155
8/6/11,3.7868849625172007
8/7/11,3.7900199662137313
8/8/11,3.7931548522647462
8/9/11,3.7962896206768626
8/10/11,3.799424271456675
8/11/11,3.8025588046108227
8/12/11,3.8056932201459226
8/13/11,3.8088275180686137
8/14/11,3.811961698385491
8/15/11,3.8150957611031933
8/16/11,3.8182297062283155
8/17/11,3.8213635337674967
8/18/11,3.824497243727354
8/19/11,3.8276308361144817
8/20/11,3.8307643109355416
8/21/11,3.833897668197106
8/22/11,3.837030907905792
8/23/11,3.8401640300682383
8/24/11,3.843297034691062
8/25/11,3.8464299217808584
8/26/11,3.849562691344244
8/27/11,3.8526953433878353
8/28/11,3.8558278779182498
8/29/11,3.858960295
8/30/11,3.862092594465949
8/31/11,3.8652247764964898
9/1/11,3.868356841040299
9/2/11,3.856904509111403
9/3/11,3.845453127798981
9/4/11,3.8340026969847285
9/5/11,3.8225532165502285
9/6/11,3.811104686
9/7/11,3.799657106347376
9/8/11,3.7882104763424573
9/9/11,3.776764796244181
9/10/11,3.7653200659342856
9/11/11,3.7538762852945995
9/12/11,3.742433454206884
9/13/11,3.7309915725530107
9/14/11,3.719550640214764
9/15/11,3.7081106570740374
9/16/11,3.696671623012704
9/17/11,3.6852335379126355
9/18/11,3.6737964016557934
9/19/11,3.662360214124094
9/20/11,3.650924975199521
9/21/11,3.6394906847639907
9/22/11,3.6280573426995533
9/23/11,3.616624948888214
9/24/11,3.605193503212023
9/25/11,3.593763005553008
9/26/11,3.5823334557932407
9/27/11,3.570904853814838
9/28/11,3.559477199499894
9/29/11,3.5480504927305923
9/30/11,3.5366247333890266
10/1/11,3.5251999213574026
10/2/11,3.520978128305141
10/3/11,3.516756449822833
10/4/11,3.5125348859057715
10/5/11,3.508313436549315
10/6/11,3.5040921017488236
10/7/11,3.4998708814995894
10/8/11,3.495649775796972
10/9/11,3.491428785
10/10/11,3.487207908012957
10/11/11,3.482987145922234
10/12/11,3.4787664983594757
10/13/11,3.4745459653200195
10/14/11,3.4703255467992022
10/15/11,3.4661052427923833
10/16/11,3.4618850532948775
10/17/11,3.457664978302022
10/18/11,3.453445017809198
10/19/11,3.4492251718117206
10/20/11,3.4450054403049046
10/21/11,3.4407858232841093
10/22/11,3.436566320744716
10/23/11,3.4323469326819955
10/24/11,3.428127659091329
10/25/11,3.423908499968076
10/26/11,3.4196894553075285
10/27/11,3.4154705251050688
10/28/11,3.4112517093560335
10/29/11,3.4070330080557376
10/30/11,3.4028144211995404
10/31/11,3.398595948782801
11/1/11,3.3943775908008567
11/2/11,3.379955048895078
11/3/11,3.3655341590856036
11/4/11,3.3511149210886826
11/5/11,3.336697334620453
11/6/11,3.3222813993971867
11/7/11,3.3078671151352657
11/8/11,3.2934544815510503
11/9/11,3.2790434983610783
11/10/11,3.264634165281821
11/11/11,3.250226482029883
11/12/11,3.2358204483219577
11/13/11,3.2214160638747824
11/14/11,3.207013328405117
11/15/11,3.192612241629833
11/16/11,3.1782128032658896
11/17/11,3.1638150130302245
11/18/11,3.1494188706399306
11/19/11,3.135024375812101
11/20/11,3.1206315282639396
11/21/11,3.106240327712695
11/22/11,3.0918507738756373
11/23/11,3.0774628664702153
11/24/11,3.0630766052138547
11/25/11,3.048691989824004
11/26/11,3.0343090200182887
11/27/11,3.019927695514313
11/28/11,3.0055480160298353
11/29/11,2.991169981282571
11/30/11,2.9767935909903454
12/1/11,2.9624188448710953
12/2/11,2.9612132451134032
12/3/11,2.9600080157289543
12/4/11,2.958803156547063
12/5/11,2.957598667397199
12/6/11,2.9563945481089204
12/7/11,2.9551907985118753
12/8/11,2.953987418435866
12/9/11,2.9527844077107623
12/10/11,2.9515817661665444
12/11/11,2.9503794936332595
12/12/11,2.9491775899411543
12/13/11,2.947976054920498
12/14/11,2.9467748884016487
12/15/11,2.945574090215164
12/16/11,2.9443736601916237
12/17/11,2.9431735981617413
12/18/11,2.9419739039563186
12/19/11,2.940774577406291
12/20/11,2.9395756183426602
12/21/11,2.938377026596539
12/22/11,2.9371788019992184
12/23/11,2.935980944381944
12/24/11,2.934783453576184
12/25/11,2.9335863294134956
12/26/11,2.932389571725502
12/27/11,2.9311931803439384
12/28/11,2.929997155
12/29/11,2.928801495827593
12/30/11,2.927606202356836
12/31/11,2.9264112745204907
1/1/12,2.9252167121508466
1/2/12,2.9234626425691967
1/3/12,2.9217091308718413
1/4/12,2.9199561767926374
1/5/12,2.9182037800656424
1/6/12,2.9164519404251132
1/7/12,2.914700658
1/8/12,2.9129499313411467
1/9/12,2.9111997613670004
1/10/12,2.909450147
1/11/12,2.907701089228909
1/12/12,2.9059525865352542
1/13/12,2.904204639072372
1/14/12,2.902457246575829
1/15/12,2.9007104087813707
1/16/12,2.8989641254248966
1/17/12,2.8972183962424847
1/18/12,2.895473220970368
1/19/12,2.893728599
1/20/12,2.891984531102887
1/21/12,2.8902410159808545
1/22/12,2.8884980537157823
1/23/12,2.8867556440447473
1/24/12,2.885013786705004
1/25/12,2.883272481433985
1/26/12,2.881531727969233
1/27/12,2.8797915260485363
1/28/12,2.8780518754097706
1/29/12,2.8763127757910345
1/30/12,2.8745742269305374
1/31/12,2.8728362285667552
2/1/12,2.871098780438208
2/2/12,2.8622167691919165
2/3/12,2.8533409400063103
2/4/12,2.844471286429373
2/5/12,2.835607802018081
2/6/12,2.826750480338358
2/7/12,2.8178993149650333
2/8/12,2.809054299
2/9/12,2.800215427481789
2/10/12,2.7913826925661356
2/11/12,2.7825560883455003
2/12/12,2.7737356084392317
2/13/12,2.7649212464755157
2/14/12,2.756112996
2/15/12,2.7473108509327826
2/16/12,2.7385148046542795
2/17/12,2.7297248509193794
2/18/12,2.720940983400255
2/19/12,2.7121631957779613
2/20/12,2.703391481742212
2/21/12,2.6946258349914487
2/22/12,2.685866249
2/23/12,2.6771127181823617
2/24/12,2.668365235564485
2/25/12,2.6596237951124424
2/26/12,2.6508883905681513
2/27/12,2.6421590156821217
2/28/12,2.6334356642135015
2/29/12,2.624718329930076
3/1/12,2.630079510272587
3/2/12,2.618769168390367
3/3/12,2.607463522430109
3/4/12,2.5961625694679302
3/5/12,2.584866306582345
3/6/12,2.5735747308542223
3/7/12,2.562287839366917
3/8/12,2.5510056292062044
3/9/12,2.5397280974602587
3/10/12,2.5284552412196737
3/11/12,2.5171870575774635
3/12/12,2.5059235436290184
3/13/12,2.494664696472193
3/14/12,2.483410513207196
3/15/12,2.4721609909366116
3/16/12,2.4609161267655333
3/17/12,2.4496759178013416
3/18/12,2.438440361153904
3/19/12,2.427209453935375
3/20/12,2.4159831932603737
3/21/12,2.4047615762459396
3/22/12,2.3935446000113547
3/23/12,2.3823322616784104
3/24/12,2.3711245583712737
3/25/12,2.3599214872163987
3/26/12,2.3487230453427044
3/27/12,2.337529229881441
3/28/12,2.3263400379662347
3/29/12,2.3151554667330876
3/30/12,2.3039755133203554
3/31/12,2.2928001748687477
4/1/12,2.286700617
4/2/12,2.266666034501963
4/3/12,2.246637731887846
4/4/12,2.226615706462587
4/5/12,2.2065999552756344
4/6/12,2.186590475378214
4/7/12,2.1665872638234163
4/8/12,2.1465903176662415
4/9/12,2.126599633963444
4/10/12,2.1066152097736657
4/11/12,2.086637042157369
4/12/12,2.0666651281769033
4/13/12,2.0466994648964176
4/14/12,2.026740049381903
4/15/12,2.0067868787011722
4/16/12,1.9868399499239242
4/17/12,1.966899260121635
4/18/12,1.946964806367646
4/19/12,1.9270365857370741
4/20/12,1.907114595306969
4/21/12,1.8871988321561117
4/22/12,1.8672892933651708
4/23/12,1.8473859760165912
4/24/12,1.8274888771946607
4/25/12,1.8075979939855102
4/26/12,1.787713323477047
4/27/12,1.7678348627590212
4/28/12,1.747962608923026
4/29/12,1.7280965590624309
4/30/12,1.7082367102724483
5/1/12,1.7077675061766273
5/2/12,1.7064702187196579
5/3/12,1.705172841617797
5/4/12,1.7038753748617186
5/5/12,1.7025778184421414
5/6/12,1.701280172349784
5/7/12,1.6999824365753202
5/8/12,1.698684611109491
5/9/12,1.6973866959429706
5/10/12,1.6960886910664552
5/11/12,1.6947905964706633
5/12/12,1.6934924121462913
5/13/12,1.6921941380840133
5/14/12,1.6908957742745256
5/15/12,1.6895973207085468
5/16/12,1.688298777376751
5/17/12,1.6870001442698346
5/18/12,1.6857014213784938
5/19/12,1.684402608693425
5/20/12,1.683103706
5/21/12,1.6818047139047554
5/22/12,1.6805056317825695
5/23/12,1.6792064598293521
5/24/12,1.677907198035844
5/25/12,1.676607846392697
5/26/12,1.6753084048905853
5/27/12,1.6740088735202052
5/28/12,1.6727092522721865
5/29/12,1.6714095411372476
5/30/12,1.6701097401060627
5/31/12,1.668809849169306
6/1/12,1.6609912195467702
6/2/12,1.6524661624380377
6/3/12,1.6439416088573022
6/4/12,1.635417558760044
6/5/12,1.6268940121015874
6/6/12,1.6183709688373904
6/7/12,1.609848428922822
6/8/12,1.6013263923132959
6/9/12,1.5928048589642474
6/10/12,1.584283829
6/11/12,1.5757633018692596
6/12/12,1.5672432780341472
6/13/12,1.558723757281233
6/14/12,1.5502047395659524
6/15/12,1.5416862248437635
6/16/12,1.5331682130700797
6/17/12,1.5246507042004032
6/18/12,1.5161336981901918
6/19/12,1.5076171949948813
6/20/12,1.499101194569974
6/21/12,1.4905856968709497
6/22/12,1.4820707018533108
6/23/12,1.4735562094724708
6/24/12,1.4650422196840207
6/25/12,1.4565287324434184
6/26/12,1.4480157477061661
6/27/12,1.4395032654277884
6/28/12,1.4309912855637874
6/29/12,1.4224798080696877
6/30/12,1.4139688329010358
7/1/12,1.3994307705157194
7/2/12,1.4086141729675594
7/3/12,1.4177959420457187
7/4/12,1.426976078185871
7/5/12,1.4361545818236454
7/6/12,1.4453314533944495
7/7/12,1.454506693333557
7/8/12,1.4636803020760647
7/9/12,1.4728522800569355
7/10/12,1.4820226277109994
7/11/12,1.4911913454728642
7/12/12,1.5003584337770492
7/13/12,1.5095238930578958
7/14/12,1.518687724
7/15/12,1.527849926
7/16/12,1.5370105011014434
7/17/12,1.546169449
7/18/12,1.555326769303056
7/19/12,1.5644824635563381
7/20/12,1.5736365318223644
7/21/12,1.5827889745342105
7/22/12,1.591939792124819
7/23/12,1.6010889850270216
7/24/12,1.610236553673472
7/25/12,1.6193824984966243
7/26/12,1.6285268199288216
7/27/12,1.637669518402296
7/28/12,1.6468105943490352
7/29/12,1.6559500482009382
7/30/12,1.665087880389704
7/31/12,1.674224091346943
8/1/12,1.6873980794331445
8/2/12,1.6970540534652967
8/3/12,1.7067090816860642
8/4/12,1.7163631642344024
8/5/12,1.7260163012492447
8/6/12,1.735668492869502
8/7/12,1.7453197392340192
8/8/12,1.7549700404816626
8/9/12,1.764619396751299
8/10/12,1.7742678081816399
8/11/12,1.7839152749115295
8/12/12,1.7935617970796347
8/13/12,1.8032073748247335
8/14/12,1.8128520082854926
8/15/12,1.8224956976005346
8/16/12,1.8321384429085485
8/17/12,1.8417802443481124
8/18/12,1.851421102057782
8/19/12,1.8610610161761354
8/20/12,1.870699986841684
8/21/12,1.8803380141929393
8/22/12,1.889975098368346
8/23/12,1.8996112395063713
8/24/12,1.9092464377453933
8/25/12,1.9188806932238345
8/26/12,1.928514006080051
8/27/12,1.9381463764523765
8/28/12,1.9477778044791005
8/29/12,1.9574082902985124
8/30/12,1.9670378340488792
8/31/12,1.9766664358684016
9/1/12,1.9982950843950853
9/2/12,2.003986638325861
9/3/12,2.009678975076068
9/4/12,2.015372094807222
9/5/12,2.021065997680882
9/6/12,2.026760683858675
9/7/12,2.0324561535022045
9/8/12,2.038152406773208
9/9/12,2.043849443833401
9/10/12,2.0495472648445423
9/11/12,2.055245869968525
9/12/12,2.060945259367175
9/13/12,2.066645433202363
9/14/12,2.0723463916361373
9/15/12,2.078048134830479
9/16/12,2.0837506629474145
9/17/12,2.089453976149036
9/18/12,2.0951580745974807
9/19/12,2.100862958454952
9/20/12,2.106568627883698
9/21/12,2.1122750830459225
9/22/12,2.1179823241040063
9/23/12,2.1236903512202865
9/24/12,2.1293991645571664
9/25/12,2.135108764277116
9/26/12,2.1408191505426055
9/27/12,2.1465303235161937
9/28/12,2.1522422833604615
9/29/12,2.157955030238057
9/30/12,2.163668564311605
10/1/12,2.1651236810536156
10/2/12,2.1522884182171964
10/3/12,2.139452456786217
10/4/12,2.126615796703679
10/5/12,2.113778437912517
10/6/12,2.100940380355687
10/7/12,2.088101623976124
10/8/12,2.075262168716807
10/9/12,2.0624220145206262
10/10/12,2.049581161330538
10/11/12,2.036739609089433
10/12/12,2.0238973577402453
10/13/12,2.0110544072258874
10/14/12,1.9982107574892272
10/15/12,1.9853664084732214
10/16/12,1.9725213601206937
10/17/12,1.9596756123745784
10/18/12,1.9468291651777214
10/19/12,1.9339820184730128
10/20/12,1.9211341722033204
10/21/12,1.9082856263114678
10/22/12,1.8954363807403452
10/23/12,1.882586435432776
10/24/12,1.8697357903316059
10/25/12,1.8568844453797029
10/26/12,1.8440324005198239
10/27/12,1.8311796556948368
10/28/12,1.8183262108475429
10/29/12,1.8054720659207657
10/30/12,1.7926172208572844
10/31/12,1.7797616755999224
11/1/12,1.7725012974589394
11/2/12,1.7717333767181653
11/3/12,1.7709653296736239
11/4/12,1.770197156294162
11/5/12,1.7694288565486271
11/6/12,1.7686604304057996
11/7/12,1.767891877834482
11/8/12,1.7671231988034997
11/9/12,1.7663543932816328
11/10/12,1.7655854612376398
11/11/12,1.7648164026403013
11/12/12,1.7640472174583532
11/13/12,1.763277905660554
11/14/12,1.7625084672156621
11/15/12,1.7617389020923468
11/16/12,1.7609692102593444
11/17/12,1.7601993916853909
11/18/12,1.7594294463391336
11/19/12,1.7586593741892642
11/20/12,1.7578891752044745
11/21/12,1.757118849353434
11/22/12,1.7563483966047455
11/23/12,1.7555778169270786
11/24/12,1.7548071102890805
11/25/12,1.7540362766593542
11/26/12,1.7532653160065248
11/27/12,1.7524942282991507
11/28/12,1.7517230135058792
11/29/12,1.7509516715952467
11/30/12,1.7501802025358337
12/1/12,1.7265831287762712
12/2/12,1.7218510112723795
12/3/12,1.7171202365658944
12/4/12,1.712390804085362
12/5/12,1.7076627132596611
12/6/12,1.7029359635178931
12/7/12,1.6982105542896253
12/8/12,1.6934864850046694
12/9/12,1.6887637550931256
12/10/12,1.6840423639855384
12/11/12,1.6793223111126299
12/12/12,1.674603595905566
12/13/12,1.6698862177957574
12/14/12,1.6651701762149695
12/15/12,1.660455470595279
12/16/12,1.6557421003690953
12/17/12,1.651030064969139
12/18/12,1.6463193638284634
12/19/12,1.6416099963804553
12/20/12,1.6369019620587677
12/21/12,1.6321952602974088
12/22/12,1.6274898905307422
12/23/12,1.6227858521933758
12/24/12,1.618083144720317
12/25/12,1.6133817675468398
12/26/12,1.608681720108529
12/27/12,1.6039830018413248
12/28/12,1.5992856121815002
12/29/12,1.594589550565595
12/30/12,1.5898948164304816
12/31/12,1.5852014092134104
1/1/13,1.580437055939199
1/2/13,1.5928467232003696
1/3/13,1.6052528668379695
1/4/13,1.6176554883525762
1/5/13,1.6300545892438567
1/6/13,1.6424501710106565
1/7/13,1.654842235150955
1/8/13,1.6672307831619104
1/9/13,1.6796158165398145
1/10/13,1.6919973367800711
1/11/13,1.704375345377307
1/12/13,1.7167498438252826
1/13/13,1.7291208336168484
1/14/13,1.7414883162440997
1/15/13,1.753852293198177
1/16/13,1.7662127659695326
1/17/13,1.7785697360476194
1/18/13,1.7909232049211132
1/19/13,1.8032731740778463
1/20/13,1.815619645004829
1/21/13,1.827962619188206
1/22/13,1.8403020981132112
1/23/13,1.8526380832643685
1/24/13,1.864970576125291
1/25/13,1.8772995781787483
1/26/13,1.8896250909066659
1/27/13,1.9019471157901702
1/28/13,1.9142656543094994
1/29/13,1.9265807079441144
1/30/13,1.938892278172566
1/31/13,1.9512003664726274
2/1/13,1.9512243873217816
2/2/13,1.9340564766777035
2/3/13,1.9168975508853547
2/4/13,1.8997476028932425
2/5/13,1.8826066256571572
2/6/13,1.8654746121404164
2/7/13,1.8483515553135543
2/8/13,1.8312374481545435
2/9/13,1.814132283648684
2/10/13,1.7970360547885589
2/11/13,1.7799487545740789
2/12/13,1.7628703760125042
2/13/13,1.7458009121183782
2/14/13,1.7287403559135273
2/15/13,1.7116887004270387
2/16/13,1.6946459386953494
2/17/13,1.6776120637620462
2/18/13,1.6605870686780655
2/19/13,1.6435709465015158
2/20/13,1.6265636902977887
2/21/13,1.6095652931395144
2/22/13,1.5925757481064284
2/23/13,1.5755950482856385
2/24/13,1.5586231867712907
2/25/13,1.5416601566648147
2/26/13,1.5247059510748118
2/27/13,1.507760563117011
2/28/13,1.4908239859143135
3/1/13,1.4738962125967703
3/2/13,1.4606055109468885
3/3/13,1.4473173992181065
3/4/13,1.4340318766535187
3/5/13,1.4207489424964415
3/6/13,1.4074685959904798
3/7/13,1.3941908363795719
3/8/13,1.3809156629079444
3/9/13,1.367643074820113
3/10/13,1.3543730713608593
3/11/13,1.3411056517752984
3/12/13,1.3278408153088117
3/13/13,1.3145785612070915
3/14/13,1.3013188887161409
3/15/13,1.2880617970822072
3/16/13,1.2748072855518489
3/17/13,1.2615553533719792
3/18/13,1.2483059997896895
3/19/13,1.2350592240524705
3/20/13,1.2218150254080573
3/21/13,1.2085734031044293
3/22/13,1.1953343563899876
3/23/13,1.1820978845133334
3/24/13,1.1688639867233341
3/25/13,1.1556326622692348
3/26/13,1.1424039104005024
3/27/13,1.129177730366937
3/28/13,1.1159541214186053
3/29/13,1.1027330828058846
3/30/13,1.089514613779441
3/31/13,1.076298713590207
4/1/13,1.063085381489448
4/2/13,1.0730367356873272
4/3/13,1.0829888684600553
4/4/13,1.0929417798989816
4/5/13,1.1028954700954996
4/6/13,1.112849939141003
4/7/13,1.1228051871269518
4/8/13,1.1327612141447396
4/9/13,1.1427180202858045
4/10/13,1.1526756056416287
4/11/13,1.1626339703036948
4/12/13,1.172593114363485
4/13/13,1.1825530379124816
4/14/13,1.1925137410422115
4/15/13,1.202475223844246
4/16/13,1.2124374864100895
4/17/13,1.2224005288313133
4/18/13,1.2323643511994886
4/19/13,1.2423289536062088
4/20/13,1.2522943361430894
4/21/13,1.2622604989017239
4/22/13,1.272227442
4/23/13,1.282195165
4/24/13,1.2921636694246619
4/25/13,1.3021329539868454
4/26/13,1.3121030192290828
4/27/13,1.3220738652431452
4/28/13,1.3320454921206704
4/29/13,1.3420178999534293
4/30/13,1.3519910888331932
5/1/13,1.3619650588516885
5/2/13,1.374606818036339
5/3/13,1.3872497733236067
5/4/13,1.3998939248831999
5/5/13,1.4125392728849606
5/6/13,1.4251858174987087
5/7/13,1.437833558894308
5/8/13,1.4504824972416008
5/9/13,1.463132632710562
5/10/13,1.4757839654711447
5/11/13,1.4884364956933016
5/12/13,1.5010902235470747
5/13/13,1.5137451492025278
5/14/13,1.526401272829725
5/15/13,1.5390585945987745
5/16/13,1.5517171146798514
5/17/13,1.5643768332431085
5/18/13,1.5770377504587874
5/19/13,1.5896998664971296
5/20/13,1.6023631815283768
5/21/13,1.6150276957228815
5/22/13,1.627693409250952
5/23/13,1.6403603222829855
5/24/13,1.6530284349893787
5/25/13,1.665697747540551
5/26/13,1.6783682601070105
5/27/13,1.691039972859243
5/28/13,1.7037128859678008
5/29/13,1.7163869996032144
5/30/13,1.7290623139361028
5/31/13,1.7417388291371072
6/1/13,1.7544165453768912
6/2/13,1.7612812149275348
6/3/13,1.7681466304220184
6/4/13,1.775012791981867
6/5/13,1.7818796997287834
6/6/13,1.7887473537843146
6/7/13,1.7956157542702078
6/8/13,1.8024849013081212
6/9/13,1.809354795019802
6/10/13,1.816225435526997
6/11/13,1.8230968229514755
6/12/13,1.8299689574150513
6/13/13,1.8368418390395602
6/14/13,1.8437154679468382
6/15/13,1.8505898442587876
6/16/13,1.857464968097311
6/17/13,1.864340839584333
6/18/13,1.871217458841845
6/19/13,1.8780948259918162
6/20/13,1.8849729411562821
6/21/13,1.8918518044572785
6/22/13,1.8987314160168411
6/23/13,1.9056117759571167
6/24/13,1.9124928844001854
6/25/13,1.919374741468216
6/26/13,1.9262573472834221
6/27/13,1.933140701967928
6/28/13,1.9400248056440361
6/29/13,1.9469096584339374
6/30/13,1.9537952604599784
7/1/13,1.9606816118443948
7/2/13,1.9463365870819427
7/3/13,1.9319967109439284
7/4/13,1.9176619806590134
7/5/13,1.9033323934577906
7/6/13,1.8890079465728737
7/7/13,1.8746886372388527
7/8/13,1.8603744626923158
7/9/13,1.8460654201718052
7/10/13,1.8317615069178395
7/11/13,1.8174627201729798
7/12/13,1.803169057181675
7/13/13,1.7888805151903941
7/14/13,1.7745970914475828
7/15/13,1.7603187832036626
7/16/13,1.746045587710987
7/17/13,1.731777502223908
7/18/13,1.717514523998731
7/19/13,1.7032566502937385
7/20/13,1.6890038783691663
7/21/13,1.6747562054872045
7/22/13,1.660513628911997
7/23/13,1.6462761459096864
7/24/13,1.6320437537483024
7/25/13,1.6178164496978953
7/26/13,1.6035942310304474
7/27/13,1.5893770950198283
7/28/13,1.5751650389419503
7/29/13,1.5609580600746131
7/30/13,1.5467561556975928
7/31/13,1.5325593230925527
8/1/13,1.518367559543199
8/2/13,1.5075649148783565
8/3/13,1.4967653792341773
8/4/13,1.4859689512687124
8/5/13,1.4751756296407015
8/6/13,1.4643854130097722
8/7/13,1.4535983000362185
8/8/13,1.442814289381178
8/9/13,1.4320333797064766
8/10/13,1.4212555696748064
8/11/13,1.4104808579495476
8/12/13,1.3997092431949243
8/13/13,1.3889407240758267
8/14/13,1.3781752992580332
8/15/13,1.3674129674079882
8/16/13,1.3566537271929802
8/17/13,1.3458975772809856
8/18/13,1.3351445163408027
8/19/13,1.3243945430419846
8/20/13,1.3136476560548394
8/21/13,1.3029038540504079
8/22/13,1.2921631357005747
8/23/13,1.2814254996779129
8/24/13,1.2706909446557946
8/25/13,1.259959469308325
8/26/13,1.249231072310386
8/27/13,1.2385057523376375
8/28/13,1.2277835080664712
8/29/13,1.217064338174012
8/30/13,1.206348241338251
8/31/13,1.1956352162378003
9/1/13,1.184925261552161
9/2/13,1.1775509498539227
9/3/13,1.170176447
9/4/13,1.1628017528241275
9/5/13,1.1554268674776935
9/6/13,1.1480517909002952
9/7/13,1.140676523084494
9/8/13,1.1333010640228736
9/9/13,1.1259254137079955
9/10/13,1.1185495721324212
9/11/13,1.1111735392886901
9/12/13,1.1037973151693636
9/13/13,1.0964208997670477
9/14/13,1.0890442930742372
9/15/13,1.081667495083516
9/16/13,1.0742905057874452
9/17/13,1.066913325178609
9/18/13,1.0595359532495463
9/19/13,1.0521583899927744
9/20/13,1.0447806354008993
9/21/13,1.037402689
9/22/13,1.0300245521820406
9/23/13,1.0226462235401357
9/24/13,1.0152677035333513
9/25/13,1.0078889921542267
9/26/13,1.0005100893953234
9/27/13,0.9931309952491807
9/28/13,0.9857517097083601
9/29/13,0.9783722327654232
9/30/13,0.9709925644129314
10/1/13,0.9636127046434018
10/2/13,0.9723935249453586
10/3/13,0.98117703
10/4/13,0.9899632216859855
10/5/13,0.9987521005888178
10/6/13,1.007543668157318
10/7/13,1.0163379256254323
10/8/13,1.0251348742279065
10/9/13,1.0339345152001522
10/10/13,1.042736849778425
10/11/13,1.051541879199691
10/12/13,1.0603496047016936
10/13/13,1.0691600275228863
10/14/13,1.0779731489025668
10/15/13,1.0867889700806987
10/16/13,1.0956074922980896
10/17/13,1.104428716796213
10/18/13,1.1132526448174307
10/19/13,1.1220792776047261
10/20/13,1.130908616401971
10/21/13,1.1397406624537032
10/22/13,1.148575417005282
10/23/13,1.1574128813027995
10/24/13,1.1662530565931473
10/25/13,1.175095944123905
10/26/13,1.1839415451435187
10/27/13,1.1927898609011445
10/28/13,1.201640892646716
10/29/13,1.2104946416309215
10/30/13,1.2193511091052267
10/31/13,1.2282102963218966
11/1/13,1.2370722045339066
11/2/13,1.245871349737393
11/3/13,1.2546720750022722
11/4/13,1.2634743807541593
11/5/13,1.272278267418847
11/6/13,1.281083735422306
11/7/13,1.289890785190595
11/8/13,1.298699417149951
11/9/13,1.307509631726811
11/10/13,1.316321429
11/11/13,1.3251348104393434
11/12/13,1.333949775
11/13/13,1.3427663247424615
11/14/13,1.3515844588081194
11/15/13,1.3604041780528986
11/16/13,1.3692254829042572
11/17/13,1.3780483737898308
11/18/13,1.3868728511373885
11/19/13,1.3956989153748767
11/20/13,1.4045265669303753
11/21/13,1.4133558062321638
11/22/13,1.4221866337086109
11/23/13,1.4310190497882624
11/24/13,1.4398530548998423
11/25/13,1.4486886494722073
11/26/13,1.4575258339343478
11/27/13,1.4663646087154758
11/28/13,1.4752049742448703
11/29/13,1.484046930952032
11/30/13,1.4928904792666176
12/1/13,1.501735619618394
12/2/13,1.5042334486697007
12/3/13,1.5067308012415737
12/4/13,1.5092276774703484
12/5/13,1.5117240774922935
12/6/13,1.5142200014436114
12/7/13,1.516715449460504
12/8/13,1.5192104216790403
12/9/13,1.5217049182353115
12/10/13,1.5241989392653421
12/11/13,1.526692485
12/12/13,1.5291855552904465
12/13/13,1.531678150557303
12/14/13,1.5341702708414173
12/15/13,1.5366619162785922
12/16/13,1.5391530870044745
12/17/13,1.5416437831548002
12/18/13,1.5441340048650831
12/19/13,1.5466237522709259
12/20/13,1.5491130255077756
12/21/13,1.551601824711124
12/22/13,1.5540901500163296
12/23/13,1.5565780015587727
12/24/13,1.5590653794737008
12/25/13,1.5615522838963836
12/26/13,1.5640387149619572
12/27/13,1.566524672805647
12/28/13,1.569010157562456
12/29/13,1.571495169367454
12/30/13,1.5739797083555995
12/31/13,1.5764637746618515
1/1/14,1.5789473684210575
1/2/14,1.564231742973865
1/3/14,1.5495238889949858
1/4/14,1.534823800329721
1/5/14,1.5201314708299218
1/6/14,1.5054468943539012
1/7/14,1.4907700647664779
1/8/14,1.4761009759389099
1/9/14,1.4614396217489833
1/10/14,1.4467859960808571
1/11/14,1.432140092825196
1/12/14,1.4175019058790594
1/13/14,1.4028714291459465
1/14/14,1.3882486565358176
1/15/14,1.3736335819649836
1/16/14,1.359026199356217
1/17/14,1.3444265026386404
1/18/14,1.3298344857477717
1/19/14,1.3152501426255458
1/20/14,1.3006734672202258
1/21/14,1.2861044534864252
1/22/14,1.2715430953851525
1/23/14,1.2569893868837667
1/24/14,1.2424433219559106
1/25/14,1.2279048945815774
1/26/14,1.2133740987471109
1/27/14,1.1988509284451387
1/28/14,1.1843353776745946
1/29/14,1.169827440440696
1/30/14,1.1553271107549667
1/31/14,1.1408343826352363
2/1/14,1.1263492501055294
2/2/14,1.140164475935812
2/3/14,1.1539771222459194
2/4/14,1.1677871897582293
2/5/14,1.1815946791948972
2/6/14,1.195399591277746
2/7/14,1.209201926728376
2/8/14,1.2230016862680548
2/9/14,1.2367988706178723
2/10/14,1.250593480498563
2/11/14,1.2643855166306617
2/12/14,1.27817498
2/13/14,1.2919618705296898
2/14/14,1.3057461897362899
2/15/14,1.319527938073617
2/16/14,1.3333071162607846
2/17/14,1.347083725016751
2/18/14,1.3608577650600973
2/19/14,1.374629237109204
2/20/14,1.388398141882119
2/21/14,1.4021644800966904
2/22/14,1.4159282524704997
2/23/14,1.4296894597207732
2/24/14,1.4434481025645596
2/25/14,1.4572041817186188
2/26/14,1.470957697899422
2/27/14,1.4847086518231523
2/28/14,1.4984570442058365
3/1/14,1.512202876
3/2/14,1.5264032520104331
3/3/14,1.5406045807908386
3/4/14,1.5548068622001088
3/5/14,1.5690100963341003
3/6/14,1.583214283288692
3/7/14,1.5974194231598071
3/8/14,1.6116255160432802
3/9/14,1.6258325620350567
3/10/14,1.6400405612310376
3/11/14,1.6542495137271684
3/12/14,1.6684594196193947
3/13/14,1.682670279003684
3/14/14,1.6968820919760041
3/15/14,1.7110948586323227
3/16/14,1.725308579068674
3/17/14,1.7395232533810256
3/18/14,1.7537388816654342
3/19/14,1.767955464017934
3/20/14,1.7821730005345815
3/21/14,1.796391491311411
3/22/14,1.8106109364445233
3/23/14,1.8248313360299973
3/24/14,1.8390526901639337
3/25/14,1.8532749989424557
3/26/14,1.8674982624616865
3/27/14,1.8817224808177713
3/28/14,1.8959476541068776
3/29/14,1.9101737824251064
3/30/14,1.924400865868714
3/31/14,1.9386289045338678
4/1/14,1.9528578985167577
4/2/14,1.9586763496754145
4/3/14,1.9644941103016622
4/4/14,1.9703111805184026
4/5/14,1.9761275604485595
4/6/14,1.981943250214968
4/7/14,1.9877582499404634
4/8/14,1.9935725597478582
4/9/14,1.999386179759921
4/10/14,2.005199110099398
4/11/14,2.011011350889036
4/12/14,2.0168229022514694
4/13/14,2.0226337643094006
4/14/14,2.0284439371854424
4/15/14,2.034253421002208
4/16/14,2.0400622158822435
4/17/14,2.0458703219480956
4/18/14,2.0516777393223107
4/19/14,2.057484468127324
4/20/14,2.063290508
4/21/14,2.069095860519665
4/22/14,2.074900524351775
4/23/14,2.0807045
4/24/14,2.086507787899783
4/25/14,2.0923103878602856
4/26/14,2.0981123001082125
4/27/14,2.103913524765799
4/28/14,2.109714061955259
4/29/14,2.115513911798783
4/30/14,2.1213130744185404
5/1/14,2.1271115499366777
5/2/14,2.1253406673688024
5/3/14,2.123570058926294
5/4/14,2.1217997245455367
5/5/14,2.120029664
5/6/14,2.118259877714701
5/7/14,2.116490365137458
5/8/14,2.1147211263675914
5/9/14,2.112952161341508
5/10/14,2.111183469995681
5/11/14,2.1094150522666277
5/12/14,2.1076469080908877
5/13/14,2.105879037404934
5/14/14,2.104111440145351
5/15/14,2.102344116248722
5/16/14,2.1005770656515876
5/17/14,2.098810288
5/18/14,2.0970437841023815
5/19/14,2.095277553023589
5/20/14,2.093511594990871
5/21/14,2.0917459099409452
5/22/14,2.089980497810462
5/23/14,2.088215358536205
5/24/14,2.0864504920549143
5/25/14,2.084685898303329
5/26/14,2.0829215772182774
5/27/14,2.0811575287365214
5/28/14,2.0793937527949113
5/29/14,2.0776302493302756
5/30/14,2.075867018279509
5/31/14,2.0741040595794624
6/1/14,2.0723413731670526
6/2/14,2.0696732661338535
6/3/14,2.0670052291806185
6/4/14,2.0643372623046607
6/5/14,2.0616693655031604
6/6/14,2.059001538773386
6/7/14,2.0563337821125405
6/8/14,2.0536660955179142
6/9/14,2.050998478986732
6/10/14,2.048330932516196
6/11/14,2.045663456103597
6/12/14,2.0429960497461375
6/13/14,2.0403287134410864
6/14/14,2.037661447185646
6/15/14,2.034994250977107
6/16/14,2.0323271248126495
6/17/14,2.029660068689587
6/18/14,2.026993082605122
6/19/14,2.0243261665564782
6/20/14,2.021659320540925
6/21/14,2.0189925445556867
6/22/14,2.016325838598032
6/23/14,2.0136592026651634
6/24/14,2.0109926367543496
6/25/14,2.008326140862815
6/26/14,2.0056597149878286
6/27/14,2.0029933591265925
6/28/14,2.000327073276398
6/29/14,1.997660857434469
6/30/14,1.9949947115980082
7/1/14,1.9923286357643066
7/2/14,1.982875150326091
7/3/14,1.973422398501623
7/4/14,1.9639703802055708
7/5/14,1.9545190953525138
7/6/14,1.9450685438570758
7/7/14,1.935618725633903
7/8/14,1.926169640597708
7/9/14,1.9167212886631146
7/10/14,1.9072736697448356
7/11/14,1.8978267837575613
7/12/14,1.8883806306160267
7/13/14,1.87893521
7/14/14,1.8694905225290048
7/15/14,1.8600465674130318
7/16/14,1.850603345
7/17/14,1.841160854609969
7/18/14,1.8317190967524821
7/19/14,1.822278071144079
7/20/14,1.812837777699583
7/21/14,1.803398216333818
7/22/14,1.7939593869616521
7/23/14,1.7845212894979312
7/24/14,1.7750839238575233
7/25/14,1.765647289955341
7/26/14,1.7562113877062302
7/27/14,1.7467762170251477
7/28/14,1.7373417778270062
7/29/14,1.7279080700267402
7/30/14,1.718475093539329
7/31/14,1.709042848279685
8/1/14,1.6996113341628316
8/2/14,1.6982648960569113
8/3/14,1.6969185589701175
8/4/14,1.6955723228910369
8/5/14,1.6942261878083675
8/6/14,1.692880153710652
8/7/14,1.691534220586588
8/8/14,1.690188388424807
8/9/14,1.6888426572139181
8/10/14,1.6874970269426193
8/11/14,1.6861514975995195
8/12/14,1.6848060691732503
8/13/14,1.6834607416525094
8/14/14,1.6821155150258837
8/15/14,1.6807703892820491
8/16/14,1.679425364409659
8/17/14,1.6780804403973892
8/18/14,1.676735617233871
8/19/14,1.6753908949077356
8/20/14,1.6740462734077033
8/21/14,1.6727017527224053
8/22/14,1.6713573328404951
8/23/14,1.6700130137506486
8/24/14,1.6686687954415191
8/25/14,1.6673246779017825
8/26/14,1.6659806611201144
8/27/14,1.6646367450851685
8/28/14,1.6632929297856203
8/29/14,1.6619492152101678
8/30/14,1.6606056013474646
8/31/14,1.6592620881862086
9/1/14,1.657918675715031
9/2/14,1.6581321941318228
9/3/14,1.6583457492129083
9/4/14,1.658559340967769
9/5/14,1.6587729694058417
9/6/14,1.6589866345365856
9/7/14,1.6592003363694374
9/8/14,1.6594140749138786
9/9/14,1.659627850179346
9/10/14,1.659841662175321
9/11/14,1.6600555109112625
9/12/14,1.660269396396652
9/13/14,1.6604833186409262
9/14/14,1.660697277653611
9/15/14,1.6609112734441656
9/16/14,1.6611253060220932
9/17/14,1.6613393753968309
9/18/14,1.6615534815779265
9/19/14,1.6617676245748392
9/20/14,1.6619818043970502
9/21/14,1.6621960210541076
9/22/14,1.6624102745554703
9/23/14,1.6626245649106863
9/24/14,1.6628388921292148
9/25/14,1.6630532562206035
9/26/14,1.6632676571943783
9/27/14,1.6634820950600426
9/28/14,1.66369657
9/29/14,1.6639110815050984
9/30/14,1.6641256301035634
10/1/14,1.664340215632043
10/2/14,1.6533302465422395
10/3/14,1.6423188264853117
10/4/14,1.631305955174378
10/5/14,1.6202916323225347
10/6/14,1.609275857642789
10/7/14,1.598258630848104
10/8/14,1.5872399516512425
10/9/14,1.5762198197650568
10/10/14,1.5651982349021987
10/11/14,1.5541751967752981
10/12/14,1.5431507050969406
10/13/14,1.5321247595795562
10/14/14,1.5210973599355748
10/15/14,1.5100685058772934
10/16/14,1.4990381971169864
10/17/14,1.4880064333667953
10/18/14,1.476973214338817
10/19/14,1.4659385397450597
10/20/14,1.4549024092974872
10/21/14,1.443864822707952
10/22/14,1.4328257796882404
10/23/14,1.4217852799500719
10/24/14,1.410743323205077
10/25/14,1.399699909164842
10/26/14,1.388655037540798
10/27/14,1.3776087080444421
10/28/14,1.3665609203870055
10/29/14,1.3555116742797857
10/30/14,1.3444609694339693
10/31/14,1.3334088055606763
11/1/14,1.3223551823708934
11/2/14,1.303494683247397
11/3/14,1.2846340762267872
11/4/14,1.2657733613081312
11/5/14,1.2469125384904967
11/6/14,1.2280516077729287
11/7/14,1.209190569154539
11/8/14,1.190329422634373
11/9/14,1.1714681682115646
11/10/14,1.1526068058851147
11/11/14,1.133745335654135
11/12/14,1.1148837575176707
11/13/14,1.0960220714748559
11/14/14,1.0771602775247135
11/15/14,1.0582983756663333
11/16/14,1.0394363658987604
11/17/14,1.0205742482211289
11/18/14,1.0017120226324394
11/19/14,0.9828496891318483
11/20/14,0.9639872477183786
11/21/14,0.9451246983910977
11/22/14,0.9262620411490952
11/23/14,0.9073992759914384
11/24/14,0.8885364029172171
11/25/14,0.8696734219254987
11/26/14,0.8508103330153283
11/27/14,0.8319471361858177
11/28/14,0.8130838314360345
11/29/14,0.7942204187650459
11/30/14,0.7753568981719194
12/1/14,0.7564932696557447
12/2/14,0.7291098357928627
12/3/14,0.7017329728145505
12/4/14,0.6743626783559886
12/5/14,0.6469989500534457
12/6/14,0.6196417855444336
12/7/14,0.5922911824674859
12/8/14,0.564947138
12/9/14,0.5376096511697792
12/10/14,0.5102787182318602
12/11/14,0.48295433729161896
12/12/14,0.4556365059933176
12/13/14,0.4283252219823286
12/14/14,0.4010204829051123
12/15/14,0.37372228640932814
12/16/14,0.34643063014367925
12/17/14,0.3191455117580677
12/18/14,0.29186692890348365
12/19/14,0.2645948792320496
12/20/14,0.23732936039702057
12/21/14,0.21007037005276175
12/22/14,0.18281790585479296
12/23/14,0.15557196545967766
12/24/14,0.12833254652520054
12/25/14,0.1010996467102121
12/26/14,0.073873264
12/27/14,0.046653395
12/28/14,0.019440038587581476
12/29/14,-0.007766808
12/30/14,-0.034967147
12/31/14,-0.062160982
1/1/15,-0.089348313
1/2/15,-0.087269336
1/3/15,-0.085190854
1/4/15,-0.083112868
1/5/15,-0.081035378
1/6/15,-0.078958383
1/7/15,-0.076881884
1/8/15,-0.074805879
1/9/15,-0.072730369
1/10/15,-0.070655354
1/11/15,-0.068580833
1/12/15,-0.066506806
1/13/15,-0.064433274
1/14/15,-0.062360235
1/15/15,-0.06028769
1/16/15,-0.058215639
1/17/15,-0.056144081
1/18/15,-0.054073017
1/19/15,-0.052002445
1/20/15,-0.049932366
1/21/15,-0.04786278
1/22/15,-0.045793687
1/23/15,-0.043725086
1/24/15,-0.041656977
1/25/15,-0.03958936
1/26/15,-0.037522235
1/27/15,-0.035455601
1/28/15,-0.033389459
1/29/15,-0.031323808
1/30/15,-0.029258649
1/31/15,-0.02719398
2/1/15,-0.025129802
2/2/15,-0.026872972
2/3/15,-0.02861534
2/4/15,-0.030356907
2/5/15,-0.032097674
2/6/15,-0.033837641
2/7/15,-0.035576809
2/8/15,-0.037315178
2/9/15,-0.039052749
2/10/15,-0.040789522
2/11/15,-0.042525499
2/12/15,-0.044260678
2/13/15,-0.045995062
2/14/15,-0.04772865
2/15/15,-0.049461443
2/16/15,-0.051193442
2/17/15,-0.052924648
2/18/15,-0.054655059
2/19/15,-0.056384679
2/20/15,-0.058113506
2/21/15,-0.059841541
2/22/15,-0.061568785
2/23/15,-0.063295239
2/24/15,-0.065020903
2/25/15,-0.066745777
2/26/15,-0.068469863
2/27/15,-0.07019316
2/28/15,-0.071915669
3/1/15,-0.073637391
3/2/15,-0.077710992
3/3/15,-0.081783726
3/4/15,-0.085855594
3/5/15,-0.089926597
3/6/15,-0.093996735
3/7/15,-0.098066007
3/8/15,-0.102134414
3/9/15,-0.106201957
3/10/15,-0.110268635
3/11/15,-0.11433445
3/12/15,-0.1183994
3/13/15,-0.122463488
3/14/15,-0.126526712
3/15/15,-0.130589073
3/16/15,-0.134650571
3/17/15,-0.138711207
3/18/15,-0.142770981
3/19/15,-0.146829893
3/20/15,-0.150887943
3/21/15,-0.154945132
3/22/15,-0.15900146
3/23/15,-0.163056928
3/24/15,-0.167111535
3/25/15,-0.171165282
3/26/15,-0.175218168
3/27/15,-0.179270195
3/28/15,-0.183321363
3/29/15,-0.187371672
3/30/15,-0.191421122
3/31/15,-0.195469713
4/1/15,-0.199517446
4/2/15,-0.194179999
4/3/15,-0.188843794
4/4/15,-0.183508831
4/5/15,-0.178175109
4/6/15,-0.172842629
4/7/15,-0.167511389
4/8/15,-0.16218139
4/9/15,-0.156852631
4/10/15,-0.151525111
4/11/15,-0.14619883
4/12/15,-0.140873788
4/13/15,-0.135549984
4/14/15,-0.130227418
4/15/15,-0.124906089
4/16/15,-0.119585997
4/17/15,-0.114267141
4/18/15,-0.108949521
4/19/15,-0.103633137
4/20/15,-0.098317988
4/21/15,-0.093004074
4/22/15,-0.087691394
4/23/15,-0.082379947
4/24/15,-0.077069735
4/25/15,-0.071760755
4/26/15,-0.066453008
4/27/15,-0.061146493
4/28/15,-0.055841209
4/29/15,-0.050537157
4/30/15,-0.045234336
5/1/15,-0.039932745
5/2/15,-0.034642457
5/3/15,-0.029352804
5/4/15,-0.024063787
5/5/15,-0.018775404
5/6/15,-0.013487657
5/7/15,-0.008200545
5/8/15,-0.002914068
5/9/15,0.002371774
5/10/15,0.007656981
5/11/15,0.012941554314571668
5/12/15,0.018225493
5/13/15,0.023508797032500972
5/14/15,0.028791466995015114
5/15/15,0.034073503
5/16/15,0.039354905
5/17/15,0.044635673
5/18/15,0.049915807
5/19/15,0.055195307
5/20/15,0.060474174
5/21/15,0.065752408
5/22/15,0.071030008
5/23/15,0.076306975
5/24/15,0.081583309
5/25/15,0.08685901
5/26/15,0.092134078
5/27/15,0.097408514
5/28/15,0.10268231661594296
5/29/15,0.10795548687316803
5/30/15,0.11322802472797378
5/31/15,0.11849993029418027
6/1/15,0.12377120368545214
6/2/15,0.12529724705487855
6/3/15,0.12682333012219438
6/4/15,0.12834945288895394
6/5/15,0.12987561535671155
6/6/15,0.1314018175270215
6/7/15,0.13292805940139374
6/8/15,0.13445434098142695
6/9/15,0.13598066226863104
6/10/15,0.13750702326458253
6/11/15,0.13903342397083573
6/12/15,0.14055986438890056
6/13/15,0.1420863445203535
6/14/15,0.14361286436677112
6/15/15,0.14513942392966328
6/16/15,0.1466660232105843
6/17/15,0.14819266221111072
6/18/15,0.1497193409327524
6/19/15,0.1512460593771081
6/20/15,0.15277281754566552
6/21/15,0.15429961544002335
6/22/15,0.15582645306175813
6/23/15,0.15735333041233535
6/24/15,0.15888024749335372
6/25/15,0.16040720430641198
6/26/15,0.1619342008529756
6/27/15,0.16346123713464333
6/28/15,0.16498831315294726
6/29/15,0.1665154289094417
6/30/15,0.1680425844057032
7/1/15,0.1695697796432194
7/2/15,0.17039133679748186
7/3/15,0.1712129825047093
7/4/15,0.17203471677917914
7/5/15,0.1728565396352577
7/6/15,0.17367845108724467
7/7/15,0.1745004511495063
7/8/15,0.17532253983632007
7/9/15,0.17614471716203006
7/10/15,0.17696698314098036
7/11/15,0.17778933778755945
7/12/15,0.1786117811160226
7/13/15,0.1794343131407805
7/14/15,0.18025693387615505
7/15/15,0.1810796433365125
7/16/15,0.18190244153619695
7/17/15,0.18272532848957468
7/18/15,0.18354830421098978
7/19/15,0.18437136871483073
7/20/15,0.18519452201541942
7/21/15,0.18601776412718873
7/22/15,0.18684109506448277
7/23/15,0.187664515
7/24/15,0.18848802347315452
7/25/15,0.18931162097328702
7/26/15,0.190135307
7/27/15,0.19095908263713213
7/28/15,0.1917829468295995
7/29/15,0.19260689994828883
7/30/15,0.1934309420075886
7/31/15,0.19425507302195388
8/1/15,0.1950792930057288
8/2/15,0.18761550511821046
8/3/15,0.18015207960107027
8/4/15,0.17268901642797374
8/5/15,0.16522631557249756
8/6/15,0.15776397700828504
8/7/15,0.15030200070893507
8/8/15,0.14284038664806875
8/9/15,0.1353791347993294
8/10/15,0.1279182451363159
8/11/15,0.12045771763267155
8/12/15,0.11299755226203967
8/13/15,0.10553774899804136
8/14/15,0.098078308
8/15/15,0.090619229
8/16/15,0.083160512
8/17/15,0.075702156
8/18/15,0.068244163
8/19/15,0.060786532177137254
8/20/15,0.053329263
8/21/15,0.045872356
8/22/15,0.03841581
8/23/15,0.030959626424120756
8/24/15,0.023503805
8/25/15,0.016048344553620808
8/26/15,0.008593246
8/27/15,0.00113851
8/28/15,-0.006315865
8/29/15,-0.013769878
8/30/15,-0.02122353
8/31/15,-0.02867682
9/1/15,-0.036129748
9/2/15,-0.029256343
9/3/15,-0.022381786
9/4/15,-0.015506078
9/5/15,-0.008629218
9/6/15,-0.001751206
9/7/15,0.005127959
9/8/15,0.012008277163921832
9/9/15,0.018889748051664768
9/10/15,0.025772372
9/11/15,0.03265615
9/12/15,0.039541082
9/13/15,0.046427169
9/14/15,0.053314409
9/15/15,0.060202805220788136
9/16/15,0.067092356
9/17/15,0.073983062
9/18/15,0.080874924
9/19/15,0.087767943
9/20/15,0.094662117
9/21/15,0.1015574479903858
9/22/15,0.10845393590568353
9/23/15,0.11535158101252385
9/24/15,0.12225038360214047
9/25/15,0.1291503439659225
9/26/15,0.13605146239534793
9/27/15,0.1429537391819835
9/28/15,0.14985717461750703
9/29/15,0.1567617689936851
9/30/15,0.16366752260237316
10/1/15,0.17057443573555986
10/2/15,0.18120321379899718
10/3/15,0.191835696
10/4/15,0.20247188332291888
10/5/15,0.21311177865741548
10/6/15,0.22375538362524594
10/7/15,0.23440270016676923
10/8/15,0.24505373022378762
10/9/15,0.25570847573939126
10/10/15,0.26636693865804695
10/11/15,0.27702912092555376
10/12/15,0.28769502448913187
10/13/15,0.2983646512972893
10/14/15,0.3090380032999551
10/15/15,0.31971508244836855
10/16/15,0.3303958906951676
10/17/15,0.34108042999430044
10/18/15,0.35176870230120283
10/19/15,0.36246070957253185
10/20/15,0.37315645376643225
10/21/15,0.38385593684229224
10/22/15,0.39455916076100994
10/23/15,0.4052661274847491
10/24/15,0.4159768389770724
10/25/15,0.4266912972029413
10/26/15,0.43740950412869406
10/27/15,0.44813146172197893
10/28/15,0.4588571719519319
10/29/15,0.4695866367889545
10/30/15,0.48031985820493617
10/31/15,0.4910568381730318
11/1/15,0.5017975786678841
11/2/15,0.5093467054608558
11/3/15,0.5168986869536374
11/4/15,0.524453525
11/5/15,0.5320112205180916
11/6/15,0.5395717758325702
11/7/15,0.5471351923324708
11/8/15,0.5547014716422494
11/9/15,0.5622706153876278
11/10/15,0.5698426251955047
11/11/15,0.5774175026940664
11/12/15,0.5849952495126765
11/13/15,0.5925758672820081
11/14/15,0.6001593576339337
11/15/15,0.6077457222015248
11/16/15,0.6153349626191407
11/17/15,0.6229270805223619
11/18/15,0.6305220775480125
11/19/15,0.6381199553341599
11/20/15,0.6457207155200928
11/21/15,0.6533243597463656
11/22/15,0.6609308896547983
11/23/15,0.6685403068884321
11/24/15,0.6761526130915296
11/25/15,0.6837678099096633
11/26/15,0.6913858989895827
11/27/15,0.6990068819793693
11/28/15,0.7066307605282596
11/29/15,0.7142575362868664
11/30/15,0.7218872109069574
12/1/15,0.7295197860415881
12/2/15,0.7501854544620157
12/3/15,0.7708573990079737
12/4/15,0.7915356225390413
12/5/15,0.8122201279163965
12/6/15,0.8329109180030381
12/7/15,0.8536079956636966
12/8/15,0.8743113637648126
12/9/15,0.8950210251746471
12/10/15,0.9157369827630824
12/11/15,0.9364592394018656
12/12/15,0.9571877979644094
12/13/15,0.9779226613259251
12/14/15,0.9986638323633334
12/15/15,1.0194113139553318
12/16/15,1.0401651089823716
12/17/15,1.060925220326614
12/18/15,1.081691650872063
12/19/15,1.1024644035043663
12/20/15,1.123243481111036
12/21/15,1.1440288865812498
12/22/15,1.1648206228060287
12/23/15,1.1856186926781032
12/24/15,1.2064230990919578
12/25/15,1.227233844943898
12/26/15,1.2480509331319167
12/27/15,1.268874367
12/28/15,1.2897041481172655
12/29/15,1.3105402807194855
12/30/15,1.3313827672676526
12/31/15,1.3522316106685972
1/1/16,1.3730868138309926
1/2/16,1.3615777790903838
1/3/16,1.3500719682371098
1/4/16,1.338569379916743
1/5/16,1.3270700127756108
1/6/16,1.3155738654608173
1/7/16,1.3040809366202444
1/8/16,1.2925912249025284
1/9/16,1.2811047289569943
1/10/16,1.2696214474337886
1/11/16,1.2581413789838125
1/12/16,1.2466645222587003
1/13/16,1.235190875910841
1/14/16,1.2237204385934008
1/15/16,1.2122532089602567
1/16/16,1.2007891856660624
1/17/16,1.1893283673662491
1/18/16,1.1778707527169585
1/19/16,1.1664163403750871
1/20/16,1.1549651289983531
1/21/16,1.1435171172450964
1/22/16,1.1320723037745006
1/23/16,1.1206306872464822
1/24/16,1.1091922663217124
1/25/16,1.0977570396615732
1/26/16,1.0863250059282237
1/27/16,1.0748961637845778
1/28/16,1.063470512
1/29/16,1.0520480489216943
1/30/16,1.040628773531993
1/31/16,1.0292126843910454
2/1/16,1.0177997801654737
2/2/16,1.011328064238759
2/3/16,1.0048590984180539
2/4/16,0.9983928809507159
2/5/16,0.99192941
2/6/16,0.9854686840733429
2/7/16,0.9790107011655946
2/8/16,0.9725554596157648
2/9/16,0.9661029576787383
2/10/16,0.959653194
2/11/16,0.9532061656698287
2/12/16,0.9467618721150206
2/13/16,0.9403203112071878
2/14/16,0.9338814812085428
2/15/16,0.9274453803828298
2/16/16,0.9210120069951699
2/17/16,0.9145813593122831
2/18/16,0.9081534356022214
2/19/16,0.9017282341346133
2/20/16,0.8953057531805086
2/21/16,0.8888859910124225
2/22/16,0.8824689459043134
2/23/16,0.8760546161316052
2/24/16,0.8696429999712318
2/25/16,0.8632340957015483
2/26/16,0.8568279016023306
2/27/16,0.8504244159548646
2/28/16,0.8440236370418575
2/29/16,0.8376255631475038
3/1/16,0.8459230927592154
3/2/16,0.8547329615174792
3/3/16,0.8635416750613301
3/4/16,0.8723492336179195
3/5/16,0.8811556374143992
3/6/16,0.8899608866778985
3/7/16,0.8987649816353915
3/8/16,0.9075679225138522
3/9/16,0.9163697095402323
3/10/16,0.9251703429413283
3/11/16,0.9339698229439808
3/12/16,0.94276815
3/13/16,0.9515653236606525
3/14/16,0.9603613448280202
3/15/16,0.9691562135034415
3/16/16,0.9779499299134464
3/17/16,0.986742494
3/18/16,0.9955339068428826
3/19/16,1.0043241678149961
3/20/16,1.013113277427058
3/21/16,1.0219012359052648
3/22/16,1.0306880434757248
3/23/16,1.0394737003645904
3/24/16,1.0482582067978141
3/25/16,1.057041563001393
3/26/16,1.0658237692011685
3/27/16,1.074604825623049
3/28/16,1.0833847324927648
3/29/16,1.092163490036091
3/30/16,1.100941098478625
3/31/16,1.1097175580460306
4/1/16,1.1079313993624051
4/2/16,1.1043912848632598
4/3/16,1.1008523727369157
4/4/16,1.0973146623709074
4/5/16,1.0937781531531465
4/6/16,1.090242844472078
4/7/16,1.0867087357164351
4/8/16,1.0831758262753954
4/9/16,1.0796441155386693
4/10/16,1.0761136028961893
4/11/16,1.0725842877384428
4/12/16,1.069056169456295
4/13/16,1.065529247440966
4/14/16,1.0620035210841872
4/15/16,1.0584789897780666
4/16/16,1.0549556529150461
4/17/16,1.0514335098880778
4/18/16,1.0479125600905137
4/19/16,1.0443928029160388
4/20/16,1.040874237758871
4/21/16,1.0373568640135167
4/22/16,1.0338406810749712
4/23/16,1.030325688338607
4/24/16,1.0268118852002406
4/25/16,1.023299271056044
4/26/16,1.0197878453026332
4/27/16,1.0162776073370239
4/28/16,1.0127685565566313
4/29/16,1.0092606923592706
4/30/16,1.0057540141432453
5/1/16,1.0079090840534155
5/2/16,1.0071984985395854
5/3/16,1.0064880735577209
5/4/16,1.0057778090533986
5/5/16,1.0050677049722623
5/6/16,1.0043577612599552
5/7/16,1.0036479778621876
5/8/16,1.0029383547246473
5/9/16,1.0022288917930444
5/10/16,1.0015195890131556
5/11/16,1.0008104463307577
5/12/16,1.0001014636916494
5/13/16,0.999392641
5/14/16,0.9986839783266088
5/15/16,0.9979754754924297
5/16/16,0.9972671324849802
5/17/16,0.9965589492501925
5/18/16,0.9958509257340209
5/19/16,0.995143062
5/20/16,0.9944353576414544
5/21/16,0.9937278129570792
5/22/16,0.9930204277753374
5/23/16,0.9923132020423386
5/24/16,0.9916061357041706
5/25/16,0.9908992287069429
5/26/16,0.9901924809967655
5/27/16,0.9894858925198813
5/28/16,0.9887794632224223
5/29/16,0.9880731930506315
5/30/16,0.9873670819507296
5/31/16,0.9866611298690042
6/1/16,0.9971007755662953
6/2/16,0.9914275
6/3/16,0.9857542503423522
6/4/16,0.9800810257676762
6/5/16,0.9744078265509382
6/6/16,0.9687346526919827
6/7/16,0.9630615041906543
6/8/16,0.9573883810467754
6/9/16,0.9517152832601683
6/10/16,0.9460422108306776
6/11/16,0.9403691637581035
6/12/16,0.9346961420423128
6/13/16,0.9290231456830833
6/14/16,0.9233501746803263
6/15/16,0.9176772290337754
6/16/16,0.9120043087433416
6/17/16,0.9063314138088474
6/18/16,0.9006585442300707
6/19/16,0.8949857000068784
6/20/16,0.8893128811390705
6/21/16,0.8836400876265138
6/22/16,0.8779673194690307
6/23/16,0.8722945766664436
6/24/16,0.8666218592185748
6/25/16,0.8609491671252689
6/26/16,0.8552765003863261
6/27/16,0.8496038590016131
6/28/16,0.8439312429709522
6/29/16,0.838258652
6/30/16,0.8325860869710988
7/1/16,0.831745503
7/2/16,0.8393400127987283
7/3/16,0.8469352165531463
7/4/16,0.8545311144283918
7/5/16,0.8621277065196553
7/6/16,0.8697249929220829
7/7/16,0.8773229737308652
7/8/16,0.884921649
7/9/16,0.8925210189484112
7/10/16,0.9001210835476448
7/11/16,0.9077218429341727
7/12/16,0.9153232972032965
7/13/16,0.9229254464502956
7/14/16,0.9305282907704937
7/15/16,0.9381318302592367
7/16/16,0.9457360650118485
7/17/16,0.9533409951237193
7/18/16,0.9609466206902173
7/19/16,0.9685529418067329
7/20/16,0.9761599585687009
7/21/16,0.9837676710715559
7/22/16,0.9913760794107551
7/23/16,0.9989851836817554
7/24/16,1.006594983980058
7/25/16,1.0142054804011646
7/26/16,1.0218166730405764
7/27/16,1.0294285619938837
7/28/16,1.037041147
7/29/16,1.0446544292243454
7/30/16,1.052268407692658
7/31/16,1.0598830828571826
8/1/16,1.067949928425671
8/2/16,1.0808639005481568
8/3/16,1.0937791698926391
8/4/16,1.106695736654495
8/5/16,1.1196136010293012
8/6/16,1.1325327632125903
8/7/16,1.1454532233999393
8/8/16,1.1583749817869915
8/9/16,1.1712980385693905
8/10/16,1.1842223939428687
8/11/16,1.1971480481031582
8/12/16,1.210075001246036
8/13/16,1.2230032535673674
8/14/16,1.2359328052629737
8/15/16,1.2488636565287647
8/16/16,1.261795807560695
8/17/16,1.274729258554741
8/18/16,1.2876640097069236
8/19/16,1.3006000612133306
8/20/16,1.313537413270005
8/21/16,1.3264760660731234
8/22/16,1.339416019818862
8/23/16,1.3523572747034418
8/24/16,1.365299830923128
8/25/16,1.3782436886741856
8/26/16,1.391188848152991
8/27/16,1.4041353095558984
8/28/16,1.4170830730793282
8/29/16,1.4300321389197457
8/30/16,1.4429825072736158
8/31/16,1.4559341783374924
9/1/16,1.4653045574380075
9/2/16,1.4710423001186967
9/3/16,1.4767802148184073
9/4/16,1.4825183015449106
9/5/16,1.4882565603059117
9/6/16,1.493994991109182
9/7/16,1.4997335939624712
9/8/16,1.5054723688734617
9/9/16,1.511211315849903
9/10/16,1.5169504348995666
9/11/16,1.5226897260301797
9/12/16,1.5284291892494695
9/13/16,1.5341688245652074
9/14/16,1.5399086319850985
9/15/16,1.545648612
9/16/16,1.5513887631683154
9/17/16,1.5571290869471621
9/18/16,1.562869582861115
9/19/16,1.5686102509179456
9/20/16,1.5743510911254255
9/21/16,1.5800921034912374
9/22/16,1.585833288023153
9/23/16,1.5915746447289214
9/24/16,1.5973161736162922
9/25/16,1.6030578746930146
9/26/16,1.608799747966816
9/27/16,1.6145417934454454
9/28/16,1.6202840111366523
9/29/16,1.6260264010482084
9/30/16,1.6317689631878407
10/1/16,1.642908027099721
10/2/16,1.6447290779918688
10/3/16,1.6465503769125256
10/4/16,1.6483719239123173
10/5/16,1.6501937190419813
10/6/16,1.6520157623522325
10/7/16,1.6538380538937636
10/8/16,1.6556605937172897
10/9/16,1.657483381873548
10/10/16,1.6593064184133643
10/11/16,1.6611297033874317
10/12/16,1.6629532368465982
10/13/16,1.6647770188416455
10/14/16,1.6666010494233552
10/15/16,1.6684253286425976
10/16/16,1.670249856550221
10/17/16,1.6720746331970293
10/18/16,1.6738996586339372
10/19/16,1.675724932911793
10/20/16,1.6775504560815335
10/21/16,1.6793762281940294
10/22/16,1.681202249300262
10/23/16,1.6830285194511019
10/24/16,1.6848550386975525
10/25/16,1.686681807090551
10/26/16,1.688508824681123
10/27/16,1.690336091520206
10/28/16,1.6921636076588475
10/29/16,1.6939913731480516
10/30/16,1.695819388038844
10/31/16,1.6976476523822948
11/1/16,1.7041215888878414
11/2/16,1.7168184457926117
11/3/16,1.7295181961117123
11/4/16,1.7422208408343298
11/5/16,1.7549263809500282
11/6/16,1.7676348174489265
11/7/16,1.7803461513214769
11/8/16,1.7930603835586645
11/9/16,1.8057775151519406
11/10/16,1.8184975470931342
11/11/16,1.8312204803745846
11/12/16,1.8439463159890312
11/13/16,1.8566750549297462
11/14/16,1.8694066981903568
11/15/16,1.8821412467650456
11/16/16,1.8948787016483726
11/17/16,1.9076190638353863
11/18/16,1.9203623343215792
11/19/16,1.933108514102888
11/20/16,1.9458576041757603
11/21/16,1.9586096055369984
11/22/16,1.9713645191839602
11/23/16,1.9841223461143809
11/24/16,1.9968830873265064
11/25/16,2.009646743819027
11/26/16,2.022413316591054
11/27/16,2.0351828066421884
11/28/16,2.047955214972519
11/29/16,2.0607305425825118
11/30/16,2.0735087904731664
12/1/16,2.069179204398508
12/2/16,2.0829239429067448
12/3/16,2.0966672157489707
12/4/16,2.1104090231596206
12/5/16,2.1241493653730403
12/6/16,2.1378882426235757
12/7/16,2.1516256551454838
12/8/16,2.165361603172977
12/9/16,2.1790960869402687
12/10/16,2.192829107
12/11/16,2.206560663
12/12/16,2.220290755021792
12/13/16,2.2340193840889144
12/14/16,2.2477465500659655
12/15/16,2.2614722531867804
12/16/16,2.275196493685172
12/17/16,2.2889192717949536
12/18/16,2.302640587749827
12/19/16,2.3163604417834716
12/20/16,2.330078834129523
12/21/16,2.343795765
12/22/16,2.357511234693077
12/23/16,2.371225243377584
12/24/16,2.3849377913084613
12/25/16,2.3986488787191673
12/26/16,2.4123585058429597
12/27/16,2.4260666729131186
12/28/16,2.439773380162924
12/29/16,2.4534786278254783
12/30/16,2.467182416133973
12/31/16,2.4808847453214655
1/1/17,2.497320817456017
1/2/17,2.505001507
1/3/17,2.512681789101978
1/4/17,2.5203616632194947
1/5/17,2.528041129576719
1/6/17,2.535720188
1/7/17,2.543398839140032
1/8/17,2.5510770824110462
1/9/17,2.5587549180516422
1/10/17,2.5664323460942384
1/11/17,2.5741093665712977
1/12/17,2.581785979515261
1/13/17,2.589462184958591
1/14/17,2.597137982933728
1/15/17,2.604813373473136
1/16/17,2.6124883566092327
1/17/17,2.620162932374459
1/18/17,2.6278371008012558
1/19/17,2.635510861922019
1/20/17,2.643184215769212
1/21/17,2.650857162375253
1/22/17,2.6585297017725384
1/23/17,2.666201833993509
1/24/17,2.673873559070561
1/25/17,2.6815448770361128
1/26/17,2.689215787922561
1/27/17,2.6968862917623015
1/28/17,2.7045563885877533
1/29/17,2.712226078
1/30/17,2.7198953613253307
1/31/17,2.727564237302227
2/1/17,2.7227056202778988
2/2/17,2.7104390401668566
2/3/17,2.698176101185301
2/4/17,2.6859168017122848
2/5/17,2.673661140127792
2/6/17,2.6614091148127406
2/7/17,2.6491607241490467
2/8/17,2.636915966519604
2/9/17,2.624674840308261
2/10/17,2.612437343899754
2/11/17,2.6002034756798853
2/12/17,2.5879732340353234
2/13/17,2.575746617353758
2/14/17,2.5635236240237447
2/15/17,2.5513042524349494
2/16/17,2.5390885009778152
2/17/17,2.526876368043851
2/18/17,2.5146678520254984
2/19/17,2.502462951316131
2/20/17,2.4902616643100783
2/21/17,2.4780639894026013
2/22/17,2.465869924990005
2/23/17,2.4536794694694164
2/24/17,2.441492621238983
2/25/17,2.4293093786978304
2/26/17,2.4171297402459047
2/27/17,2.4049537042842406
2/28/17,2.3927812692147388
3/1/17,2.3806124334402767
3/2/17,2.3747494487839305
3/3/17,2.3688882569217196
3/4/17,2.3630288570314795
3/5/17,2.357171248291512
3/6/17,2.3513154298806294
3/7/17,2.345461400978177
3/8/17,2.339609160763989
3/9/17,2.3337587084183653
3/10/17,2.327910043122161
3/11/17,2.322063164
3/12/17,2.3162180704038526
3/13/17,2.310374761345879
3/14/17,2.304533236065631
3/15/17,2.298693493746451
3/16/17,2.292855533572191
3/17/17,2.2870193547271045
3/18/17,2.2811849563960873
3/19/17,2.2753523377644136
3/20/17,2.2695214980179124
3/21/17,2.263692436342879
3/22/17,2.257865151926164
3/23/17,2.2520396439550616
3/24/17,2.246215911617333
3/25/17,2.2403939541013163
3/26/17,2.2345737705957713
3/27/17,2.2287553602900134
3/28/17,2.2229387223738017
3/29/17,2.2171238560374285
3/30/17,2.2113107604716298
3/31/17,2.2054994348676527
4/1/17,2.199689878417299
4/2/17,2.188820468273378
4/3/17,2.177953989029735
4/4/17,2.1670904395010293
4/5/17,2.1562298185026307
4/6/17,2.1453721248505087
4/7/17,2.1345173573612763
4/8/17,2.123665514852169
4/9/17,2.1128165961411094
4/10/17,2.1019706000465987
4/11/17,2.0911275253878037
4/12/17,2.0802873709845127
4/13/17,2.0694501356571804
4/14/17,2.058615818226883
4/15/17,2.047784417515297
4/16/17,2.036955932344786
4/17/17,2.026130361538314
4/18/17,2.0153077039194667
4/19/17,2.0044879583125175
4/20/17,1.9936711235423177
4/21/17,1.9828571984343846
4/22/17,1.972046181814835
4/23/17,1.9612380725104739
4/24/17,1.9504328693486395
4/25/17,1.9396305711574247
4/26/17,1.9288311767654553
4/27/17,1.9180346850020014
4/28/17,1.9072410946969987
4/29/17,1.896450404681005
4/30/17,1.8856626137851995
5/1/17,1.8748777208413614
5/2/17,1.867066207225454
5/3/17,1.8592563484763902
5/4/17,1.851448144068324
5/5/17,1.8436415934756534
5/6/17,1.8358366961730432
5/7/17,1.8280334516353136
5/8/17,1.820231859337551
5/9/17,1.812431918755042
5/10/17,1.804633629363317
5/11/17,1.7968369906380843
5/12/17,1.7890420020553188
5/13/17,1.781248663091195
5/14/17,1.773456973222154
5/15/17,1.7656669319247698
5/16/17,1.7578785386759055
5/17/17,1.7500917929526238
5/18/17,1.742306694232254
5/19/17,1.7345232419922585
5/20/17,1.726741435710366
5/21/17,1.7189612748645722
5/22/17,1.7111827589330053
5/23/17,1.7034058873940827
5/24/17,1.6956306597264215
5/25/17,1.6878570754088384
5/26/17,1.6800851339203948
5/27/17,1.6723148347403738
5/28/17,1.6645461773482584
5/29/17,1.6567791612237537
5/30/17,1.649013785846809
5/31/17,1.6412500506975958
6/1/17,1.633487955256463
6/2/17,1.6366327116311696
6/3/17,1.6397778072854585
6/4/17,1.6429232422742412
6/5/17,1.6460690166524072
6/6/17,1.649215130474957
6/7/17,1.652361583796802
6/8/17,1.6555083766728762
6/9/17,1.6586555091582023
6/10/17,1.6618029813076696
6/11/17,1.6649507931763674
6/12/17,1.6680989448192296
6/13/17,1.6712474362913232
6/14/17,1.6743962676476487
6/15/17,1.677545438943251
6/16/17,1.6806949502331747
6/17/17,1.683844801572465
6/18/17,1.6869949930162553
6/19/17,1.6901455246195907
6/20/17,1.6932963964375602
6/21/17,1.6964476085252977
6/22/17,1.6995991609379146
6/23/17,1.7027510537305668
6/24/17,1.7059032869583879
6/25/17,1.7090558606765116
6/26/17,1.7122087749401382
6/27/17,1.7153620298044459
6/28/17,1.7185156253246348
6/29/17,1.721669561555883
6/30/17,1.7248238385534131
7/1/17,1.727978456372492
7/2/17,1.7347908203679818
7/3/17,1.7416027807306111
7/4/17,1.748414337496218
7/5/17,1.7552254907007292
7/6/17,1.7620362403799383
7/7/17,1.768846587
7/8/17,1.7756565293060023
7/9/17,1.7824660686245553
7/10/17,1.7892752045612692
7/11/17,1.796083937
7/12/17,1.8028922664324654
7/13/17,1.8097001924386236
7/14/17,1.8165077152062725
7/15/17,1.823314834771228
7/16/17,1.830121551169328
7/17/17,1.8369278644363662
7/18/17,1.8437337746081583
7/19/17,1.8505392817205424
7/20/17,1.8573443858092897
7/21/17,1.864149086910194
7/22/17,1.8709533850590931
7/23/17,1.8777572802917364
7/24/17,1.8845607726439395
7/25/17,1.8913638621514517
7/26/17,1.8981665488500887
7/27/17,1.9049688327755998
7/28/17,1.9117707139637563
7/29/17,1.9185721924503518
7/30/17,1.9253732682711133
7/31/17,1.932173941
8/1/17,1.9389742120581754
8/2/17,1.9484798104915768
8/3/17,1.9579839348685013
8/4/17,1.9674865855317636
8/5/17,1.976987762824134
8/6/17,1.9864874670882493
8/7/17,1.9959856986666136
8/8/17,2.005482457901686
8/9/17,2.0149777451358153
8/10/17,2.0244715607111274
8/11/17,2.0339639049697933
8/12/17,2.043454778253828
8/13/17,2.052944180905092
8/14/17,2.062432113265378
8/15/17,2.0719185756763903
8/16/17,2.0814035684797005
8/17/17,2.090887092016769
8/18/17,2.1003691466289665
8/19/17,2.109849732657576
8/20/17,2.119328850443747
8/21/17,2.128806500328495
8/22/17,2.1382826826528145
8/23/17,2.1477573977574993
8/24/17,2.157230645983299
8/25/17,2.1667024276708746
8/26/17,2.176172743160687
8/27/17,2.185641592793197
8/28/17,2.1951089769086884
8/29/17,2.204574896
8/30/17,2.214039349949415
8/31/17,2.223502339554728
9/1/17,2.2329638650032235
9/2/17,2.2265616532937793
9/3/17,2.220159973669955
9/4/17,2.2137588260654706
9/5/17,2.2073582104139566
9/6/17,2.200958126649133
9/7/17,2.1945585747046747
9/8/17,2.188159554514346
9/9/17,2.1817610660118225
9/10/17,2.1753631091308456
9/11/17,2.168965683805202
9/12/17,2.162568789968633
9/13/17,2.156172427554881
9/14/17,2.1497765964977544
9/15/17,2.1433812967310617
9/16/17,2.1369865281885447
9/17/17,2.1305922908040786
9/18/17,2.124198584511472
9/19/17,2.117805409244533
9/20/17,2.1114127649371373
9/21/17,2.1050206515231373
9/22/17,2.0986290689363862
9/23/17,2.0922380171107813
9/24/17,2.0858474959801976
9/25/17,2.079457505478577
9/26/17,2.0730680455397943
9/27/17,2.066679116097747
9/28/17,2.0602907170864215
9/29/17,2.0539028484397592
9/30/17,2.0475155100916798
10/1/17,2.0411287019761692
10/2/17,2.0463290629412656
10/3/17,2.051529945827002
10/4/17,2.056731350711938
10/5/17,2.061933277674677
10/6/17,2.0671357267938006
10/7/17,2.0723386981479797
10/8/17,2.0775421918158177
10/9/17,2.082746207875985
10/10/17,2.0879507464071523
10/11/17,2.0931558074879897
10/12/17,2.098361391197212
10/13/17,2.1035674976135343
10/14/17,2.1087741268156934
10/15/17,2.1139812788824264
10/16/17,2.1191889538925146
10/17/17,2.1243971519247173
10/18/17,2.1296058730578604
10/19/17,2.1348151173707475
10/20/17,2.1400248849422043
10/21/17,2.145235175851079
10/22/17,2.1504459901761974
10/23/17,2.1556573279964963
10/24/17,2.160869189390824
10/25/17,2.1660815744380946
10/26/17,2.1712944832172454
10/27/17,2.176507915807213
10/28/17,2.1817218722869347
10/29/17,2.1869363527353913
10/30/17,2.1921513572315865
10/31/17,2.1973668858545015
11/1/17,2.202582938683184
11/2/17,2.1994652704052653
11/3/17,2.196347670157839
11/4/17,2.193230137938662
11/5/17,2.1901126737455145
11/6/17,2.186995277576176
11/7/17,2.1838779494284255
11/8/17,2.180760689300021
11/9/17,2.1776434971887415
11/10/17,2.174526373092367
11/11/17,2.1714093170086324
11/12/17,2.1682923289353617
11/13/17,2.1651754088703346
11/14/17,2.162058556811264
11/15/17,2.1589417727559956
11/16/17,2.155825056702265
11/17/17,2.152708408647852
11/18/17,2.1495918285905358
11/19/17,2.1464753165280515
11/20/17,2.1433588724582453
11/21/17,2.1402424963788524
11/22/17,2.1371261882876524
11/23/17,2.1340099481824026
11/24/17,2.130893776060927
11/25/17,2.1277776719209385
11/26/17,2.124661635760261
11/27/17,2.121545667576652
11/28/17,2.118429767367891
11/29/17,2.115313935131735
11/30/17,2.1121981708659865
12/1/17,2.1090824745684245
12/2/17,2.107831108
12/3/17,2.106580211630349
12/4/17,2.1053297853687925
12/5/17,2.1040798288923135
12/6/17,2.1028303419361905
12/7/17,2.101581324235946
12/8/17,2.100332775527236
12/9/17,2.099084695546005
12/10/17,2.097837084028331
12/11/17,2.0965899407105137
12/12/17,2.0953432653290305
12/13/17,2.094097057620603
12/14/17,2.0928513173220864
12/15/17,2.0916060441705797
12/16/17,2.090361237903382
12/17/17,2.0891168982579256
12/18/17,2.0878730249719313
12/19/17,2.0866296177832533
12/20/17,2.085386676429968
12/21/17,2.0841442006503286
12/22/17,2.0829021901828115
12/23/17,2.081660645
12/24/17,2.0804195641389356
12/25/17,2.079178948040483
12/26/17,2.0779387962099216
12/27/17,2.076699108386748
12/28/17,2.075459884310571
12/29/17,2.0742211237211983
12/30/17,2.072982826358638
12/31/17,2.0717449919631648
1/1/18,2.0705076202751638
1/2/18,2.075079166286442
1/3/18,2.079649784575066
1/4/18,2.0842194754233656
1/5/18,2.0887882391136037
1/6/18,2.093356076
1/7/18,2.097922986148326
1/8/18,2.1024889700567817
1/9/18,2.1070540279350514
1/10/18,2.111618160064821
1/11/18,2.116181366727665
1/12/18,2.120743648205048
1/13/18,2.1253050047783217
1/14/18,2.129865436728684
1/15/18,2.134424944337243
1/16/18,2.1389835278850633
1/17/18,2.143541187652942
1/18/18,2.1480979239217435
1/19/18,2.1526537369720433
1/20/18,2.157208627084417
1/21/18,2.1617625945393293
1/22/18,2.166315639617067
1/23/18,2.170867762597828
1/24/18,2.1754189637616994
1/25/18,2.1799692433886797
1/26/18,2.1845186017586338
1/27/18,2.1890670391512934
1/28/18,2.1936145558463016
1/29/18,2.1981611521231903
1/30/18,2.202706828261358
1/31/18,2.2072515845401375
2/1/18,2.2117954212386604
2/2/18,2.217082275216753
2/3/18,2.2223688222738236
2/4/18,2.2276550624366287
2/5/18,2.232940995731836
2/6/18,2.2382266221862235
2/7/18,2.2435119418264815
2/8/18,2.2487969546792996
2/9/18,2.2540816607714342
2/10/18,2.259366060129575
2/11/18,2.264650152780412
2/12/18,2.269933938750679
2/13/18,2.2752174180670215
2/14/18,2.280500590756196
2/15/18,2.2857834568448476
2/16/18,2.2910660163596663
2/17/18,2.2963482693273862
2/18/18,2.3016302157746305
2/19/18,2.306911855728111
2/20/18,2.3121931892144953
2/21/18,2.3174742162604733
2/22/18,2.3227549368926903
2/23/18,2.328035351137836
2/24/18,2.333315459022578
2/25/18,2.338595260573517
2/26/18,2.343874755817388
2/27/18,2.349153944780813
2/28/18,2.354432827490438
3/1/18,2.3597114039729084
3/2/18,2.3630445717527593
3/3/18,2.366377101937145
3/4/18,2.3697089947090078
3/5/18,2.3730402502512016
3/6/18,2.3763708687465357
3/7/18,2.3797008503777306
3/8/18,2.383030195327396
3/9/18,2.386358903778163
3/10/18,2.3896869759125083
3/11/18,2.393014411912864
3/12/18,2.396341211961639
3/13/18,2.3996673762411103
3/14/18,2.4029929049335097
3/15/18,2.4063177982210027
3/16/18,2.4096420562856657
3/17/18,2.4129656793095533
3/18/18,2.4162886674745643
3/19/18,2.419611020962642
3/20/18,2.4229327399555967
3/21/18,2.426253824635105
3/22/18,2.429574275182911
3/23/18,2.4328940917805797
3/24/18,2.4362132746096776
3/25/18,2.4395318238516595
3/26/18,2.442849739687891
3/27/18,2.446167022299761
3/28/18,2.449483671868502
3/29/18,2.452799688575258
3/30/18,2.456115072601217
3/31/18,2.4594298241273904
4/1/18,2.462743943334811
4/2/18,2.4740288516968967
4/3/18,2.4853131170651244
4/4/18,2.496596739
4/5/18,2.5078797190398294
4/6/18,2.5191620557561745
4/7/18,2.530443749698441
4/8/18,2.541724800921541
4/9/18,2.553005209480408
4/10/18,2.5642849754299757
4/11/18,2.5755640988251116
4/12/18,2.5868425797207495
4/13/18,2.598120418171801
4/14/18,2.609397614233111
4/15/18,2.6206741679595913
4/16/18,2.6319500794061312
4/17/18,2.6432253486275537
4/18/18,2.654499976
4/19/18,2.665773960614648
4/20/18,2.677047303490032
4/21/18,2.6883200043597455
4/22/18,2.699592063278611
4/23/18,2.7108634803015397
4/24/18,2.7221342554832884
4/25/18,2.733404388878702
4/26/18,2.744673880542625
4/27/18,2.7559427305298145
4/28/18,2.767210938895137
4/29/18,2.778478505693327
4/30/18,2.789745430979207
5/1/18,2.8010117148075553
5/2/18,2.803289070897441
5/3/18,2.8055662937167325
5/4/18,2.8078433832771754
5/5/18,2.8101203395904273
5/6/18,2.812397163
5/7/18,2.8146738525221426
5/8/18,2.816950409164032
5/9/18,2.8192268326054926
5/10/18,2.821503122858249
5/11/18,2.82377928
5/12/18,2.826055303844366
5/13/18,2.828331194601086
5/14/18,2.8306069522158417
5/15/18,2.832882576700313
5/16/18,2.835158068066179
5/17/18,2.837433426325142
5/18/18,2.839708651488837
5/19/18,2.8419837435689432
5/20/18,2.844258702577185
5/21/18,2.846533528525197
5/22/18,2.8488082214246813
5/23/18,2.851082781287295
5/24/18,2.853357208124674
5/25/18,2.855631501948541
5/26/18,2.8579056627705546
5/27/18,2.860179690602349
5/28/18,2.8624535854556266
5/29/18,2.8647273473420443
5/30/18,2.8670009762732596
5/31/18,2.8692744722609076
6/1/18,2.871547835
6/2/18,2.8741450103769717
6/3/18,2.8767423048994045
6/4/18,2.8793397188922265
6/5/18,2.881937252
6/6/18,2.884534905322056
6/7/18,2.887132677775539
6/8/18,2.889730569732385
6/9/18,2.892328581200876
6/10/18,2.8949267121892053
6/11/18,2.8975249627056554
6/12/18,2.9001233327584863
6/13/18,2.9027218223558915
6/14/18,2.9053204315061976
6/15/18,2.907919160217598
6/16/18,2.910518008498375
6/17/18,2.9131169763567444
6/18/18,2.9157160638010104
6/19/18,2.918315270839389
6/20/18,2.920914597
6/21/18,2.9235140437315454
6/22/18,2.9261136096018214
6/23/18,2.928713295
6/24/18,2.9313131002320914
6/25/18,2.933913025008583
6/26/18,2.936513069
6/27/18,2.9391132335256254
6/28/18,2.9417135172826736
6/29/18,2.944313920716435
6/30/18,2.946914443835169
7/1/18,2.9495150866471143
7/2/18,2.9414163657635717
7/3/18,2.933319209173546
7/4/18,2.925223616
7/5/18,2.9171295870614067
7/6/18,2.909037120633462
7/7/18,2.9009462166873723
7/8/18,2.8928568747706107
7/9/18,2.8847690944308946
7/10/18,2.876682875216119
7/11/18,2.8685982166742674
7/12/18,2.860515118353635
7/13/18,2.85243358
7/14/18,2.844353600569627
7/15/18,2.8362751802035957
7/16/18,2.828198318253339
7/17/18,2.8201230142679723
7/18/18,2.812049267796768
7/19/18,2.8039770783891527
7/20/18,2.7959064455947535
7/21/18,2.787837368963353
7/22/18,2.7797698480448885
7/23/18,2.771703882389498
7/24/18,2.7636394715475188
7/25/18,2.7555766150693772
7/26/18,2.7475153125057883
7/27/18,2.7394555634075335
7/28/18,2.7313973673256164
7/29/18,2.7233407238112184
7/30/18,2.715285632415676
7/31/18,2.707232092690526
8/1/18,2.6991801041874375
8/2/18,2.6854907178285314
8/3/18,2.6718060062605575
8/4/18,2.658125967089364
8/5/18,2.644450597922421
8/6/18,2.6307798963687734
8/7/18,2.6171138600391552
8/8/18,2.603452486545943
8/9/18,2.5897957735030452
8/10/18,2.5761437185261027
8/11/18,2.562496319232377
8/12/18,2.548853573240639
8/13/18,2.5352154781714598
8/14/18,2.521582031646874
8/15/18,2.507953231290605
8/16/18,2.494329074728041
8/17/18,2.480709559586103
8/18/18,2.467094683493354
8/19/18,2.453484444080023
8/20/18,2.4398788389778714
8/21/18,2.4262778658203477
8/22/18,2.4126815222424547
8/23/18,2.3990898058808385
8/24/18,2.385502714373766
8/25/18,2.3719202453610366
8/26/18,2.3583423964841588
8/27/18,2.3447691653861735
8/28/18,2.3312005497117427
8/29/18,2.3176365471071714
8/30/18,2.3040771552202743
8/31/18,2.2905223717005097
9/1/18,2.2769721941990007
9/2/18,2.2851504521492316
9/3/18,2.2933290547141993
9/4/18,2.3015080019157086
9/5/18,2.3096872937755197
9/6/18,2.3178669303154154
9/7/18,2.3260469115572224
9/8/18,2.334227237522679
9/9/18,2.3424079082336347
9/10/18,2.350588923711827
9/11/18,2.3587702839790836
9/12/18,2.3669519890571866
9/13/18,2.375134038967963
9/14/18,2.3833164337331736
9/15/18,2.391499173374645
9/16/18,2.3996822579141597
9/17/18,2.407865687373567
9/18/18,2.4160494617746275
9/19/18,2.424233581
9/20/18,2.4324180454890376
9/21/18,2.440602854846019
9/22/18,2.4487880092318948
9/23/18,2.4569735086685363
9/24/18,2.465159353177726
9/25/18,2.473345542781291
9/26/18,2.4815320775010807
9/27/18,2.4897189573588996
9/28/18,2.4979061823765747
9/29/18,2.506093752575933
9/30/18,2.5142816679788016
10/1/18,2.5224699286070296
10/2/18,2.5113126047938694
10/3/18,2.5001552984902142
10/4/18,2.4889980096961084
10/5/18,2.477840738411441
10/6/18,2.466683484636212
10/7/18,2.455526248370332
10/8/18,2.4443690296138243
10/9/18,2.4332118283666215
10/10/18,2.4220546446286573
10/11/18,2.4108974783999093
10/12/18,2.3997403296803332
10/13/18,2.388583198469907
10/14/18,2.3774260847685635
10/15/18,2.366268988576281
10/16/18,2.355111909892993
10/17/18,2.343954848718699
10/18/18,2.3327978050533105
10/19/18,2.3216407788968274
10/20/18,2.310483770249183
10/21/18,2.2993267791103333
10/22/18,2.2881698054802557
10/23/18,2.277012849358906
10/24/18,2.2658559107462173
10/25/18,2.25469899
10/26/18,2.243542086046757
10/27/18,2.2323851999598743
10/28/18,2.2212283313815195
10/29/18,2.210071480311626
10/30/18,2.198914646750172
10/31/18,2.1877578306971124
11/1/18,2.176601032152403
11/2/18,2.167724672885196
11/3/18,2.1588479657503434
11/4/18,2.149970911
11/5/18,2.141093507795788
11/6/18,2.132215756935252
11/7/18,2.1233376581252017
11/8/18,2.114459211345232
11/9/18,2.1055804165748704
11/10/18,2.0967012737936663
11/11/18,2.0878217829811474
11/12/18,2.0789419441168633
11/13/18,2.0700617571803415
11/14/18,2.0611812221511094
11/15/18,2.052300339008717
11/16/18,2.043419107732669
11/17/18,2.0345375283025158
11/18/18,2.0256556006977844
11/19/18,2.0167733248980024
11/20/18,2.007890700882675
11/21/18,1.9990077286313523
11/22/18,1.9901244081235392
11/23/18,1.981240739338741
11/24/18,1.9723567222565075
11/25/18,1.963472356856344
11/26/18,1.9545876431177334
11/27/18,1.9457025810202477
11/28/18,1.936817170543348
11/29/18,1.9279314116665613
11/30/18,1.9190453043694156
12/1/18,1.9101588486313714
12/2/18,1.8985196348259015
12/3/18,1.8868845103879206
12/4/18,1.8752534731626858
12/5/18,1.863626520996875
12/6/18,1.8520036517387428
12/7/18,1.840384863238076
12/8/18,1.8287701533461265
12/9/18,1.817159519915612
12/10/18,1.8055529608008936
12/11/18,1.7939504738576861
12/12/18,1.7823520569433038
12/13/18,1.7707577079165704
12/14/18,1.759167424637753
12/15/18,1.7475812049686068
12/16/18,1.735999046772485
12/17/18,1.7244209479141626
12/18/18,1.7128469062599017
12/19/18,1.7012769196774746
12/20/18,1.689710986036208
12/21/18,1.6781491032068496
12/22/18,1.6665912690616347
12/23/18,1.6550374814743307
12/24/18,1.643487738320193
12/25/18,1.6319420374758975
12/26/18,1.6204003768197195
12/27/18,1.6088627542313327
12/28/18,1.5973291675918544
12/29/18,1.5857996147840447
12/30/18,1.5742740936919963
12/31/18,1.5627526022013116
1/1/19,1.5512351381991252
1/2/19,1.5502275146092925
1/3/19,1.549220185724276
1/4/19,1.5482131514147568
1/5/19,1.5472064115515716
1/6/19,1.5461999660055792
1/7/19,1.5451938146477495
1/8/19,1.5441879573490747
1/9/19,1.5431823939807243
1/10/19,1.5421771244138238
1/11/19,1.5411721485196317
1/12/19,1.5401674661695397
1/13/19,1.539163077234873
1/14/19,1.5381589815871566
1/15/19,1.537155179097982
1/16/19,1.5361516696388966
1/17/19,1.5351484530816695
1/18/19,1.5341455292980477
1/19/19,1.5331428981599338
1/20/19,1.532140559539208
1/21/19,1.5311385133079058
1/22/19,1.5301367593381077
1/23/19,1.5291352975019379
1/24/19,1.5281341276716764
1/25/19,1.527133249719581
1/26/19,1.5261326635180428
1/27/19,1.5251323689395413
1/28/19,1.5241323658566008
1/29/19,1.5231326541417678
1/30/19,1.5221332336677662
1/31/19,1.5211341043073423
2/1/19,1.520135265933309
2/2/19,1.5323900497266951
2/3/19,1.5446428545819124
2/4/19,1.556893680978244
2/5/19,1.5691425293948846
2/6/19,1.5813894003108286
2/7/19,1.593634294204871
2/8/19,1.6058772115557174
2/9/19,1.618118152841963
2/10/19,1.6303571185419141
2/11/19,1.6425941091338325
2/12/19,1.6548291250957803
2/13/19,1.6670621669056862
2/14/19,1.6792932350413015
2/15/19,1.691522329980244
2/16/19,1.703749452199954
2/17/19,1.715974602177761
2/18/19,1.7281977803907944
2/19/19,1.740418987316028
2/20/19,1.752638223430325
2/21/19,1.7648554892103707
2/22/19,1.7770707851327172
2/23/19,1.7892841116736946
2/24/19,1.8014954693095442
2/25/19,1.8137048585163518
2/26/19,1.8259122797700478
2/27/19,1.8381177335463628
2/28/19,1.8503212203209163
3/1/19,1.8625227405691724
3/2/19,1.8668592608714896
3/3/19,1.8711946693257042
3/4/19,1.8755289663593633
3/5/19,1.8798621523997916
3/6/19,1.8841942278741142
3/7/19,1.8885251932091895
3/8/19,1.892855048831743
3/9/19,1.8971837951682113
3/10/19,1.9015114326447868
3/11/19,1.9058379616875287
3/12/19,1.9101633827222297
3/13/19,1.9144876961744606
3/14/19,1.918810902469592
3/15/19,1.9231330020327508
3/16/19,1.927453995288908
3/17/19,1.931773882662724
3/18/19,1.9360926645787035
3/19/19,1.9404103414611518
3/20/19,1.944726913734085
3/21/19,1.9490423818213864
3/22/19,1.9533567461466506
3/23/19,1.9576700071332942
3/24/19,1.961982165
3/25/19,1.966293220783255
3/26/19,1.970603174292318
3/27/19,1.9749120261542075
3/28/19,1.9792197767912745
3/29/19,1.9835264266256258
3/30/19,1.9878319760791463
3/31/19,1.992136425573543
4/1/19,1.9964397755302565
4/2/19,1.9895384348517453
4/3/19,1.982639007116349
4/4/19,1.9757414915288374
4/5/19,1.9688458872943793
4/6/19,1.9619521936186324
4/7/19,1.9550604097076762
4/8/19,1.948170535
4/9/19,1.9412825680065637
4/10/19,1.9343965086307646
4/11/19,1.9275123558484486
4/12/19,1.920630108867849
4/13/19,1.9137497668977321
4/14/19,1.906871329147175
4/15/19,1.8999947948258322
4/16/19,1.8931201631436911
4/17/19,1.8862474333112278
4/18/19,1.8793766045393179
4/19/19,1.8725076760392811
4/20/19,1.8656406470229259
4/21/19,1.8587755167024378
4/22/19,1.851912284290469
4/23/19,1.845050949000071
4/24/19,1.8381915100447621
4/25/19,1.8313339666385042
4/26/19,1.8244783179956592
4/27/19,1.8176245633310328
4/28/19,1.8107727018599196
4/29/19,1.8039227327979468
4/30/19,1.7970746553612749
5/1/19,1.7902284687663972
5/2/19,1.7856490353579613
5/3/19,1.7810700728074114
5/4/19,1.7764915810421167
5/5/19,1.7719135599894908
5/6/19,1.7673360095769475
5/7/19,1.7627589297319002
5/8/19,1.7581823203817848
5/9/19,1.7536061814540815
5/10/19,1.7490305128762706
5/11/19,1.7444553145758102
5/12/19,1.739880586480247
5/13/19,1.7353063285170167
5/14/19,1.7307325406137108
5/15/19,1.7261592226978983
5/16/19,1.7215863746971038
5/17/19,1.7170139965389186
5/18/19,1.7124420881508895
5/19/19,1.7078706494607188
5/20/19,1.703299680395931
5/21/19,1.6987291808842064
5/22/19,1.6941591508532028
5/23/19,1.689589590230578
5/24/19,1.6850204989440343
5/25/19,1.6804518769212073
5/26/19,1.6758837240898439
5/27/19,1.6713160403777128
5/28/19,1.6667488257124718
5/29/19,1.6621820800219567
5/30/19,1.6576158032338695
5/31/19,1.6530499952760458
6/1/19,1.6484846560762545
6/2/19,1.6539176820415946
6/3/19,1.6593506835717031
6/4/19,1.6647836606668243
6/5/19,1.670216613327069
6/6/19,1.675649541552593
6/7/19,1.6810824453435735
6/8/19,1.6865153247001885
6/9/19,1.6919481796225933
6/10/19,1.6973810101109432
6/11/19,1.702813816165416
6/12/19,1.7082465977861672
6/13/19,1.7136793549733742
6/14/19,1.7191120877271926
6/15/19,1.7245447960477778
6/16/19,1.7299774799353074
6/17/19,1.735410139389959
6/18/19,1.740842774411866
6/19/19,1.746275385001228
6/20/19,1.7517079711581784
6/21/19,1.7571405328828948
6/22/19,1.7625730701755549
6/23/19,1.7680055830362917
6/24/19,1.7734380714653053
6/25/19,1.7788705354627288
6/26/19,1.7843029750287842
6/27/19,1.7897353901635382
6/28/19,1.795167780867235
6/29/19,1.8006001471400301
6/30/19,1.8060324889820567
7/1/19,1.8114648063935146
7/2/19,1.8094739006027316
7/3/19,1.8074830661663377
7/4/19,1.805492303080447
7/5/19,1.8035016113412627
7/6/19,1.8015109909449656
7/7/19,1.799520441887692
7/8/19,1.7975299641656228
7/9/19,1.7955395577749167
7/10/19,1.7935492227117322
7/11/19,1.7915589589722503
7/12/19,1.7895687665526294
7/13/19,1.7875786454490061
7/14/19,1.7855885956575834
7/15/19,1.7835986171745422
7/16/19,1.781608709996041
7/17/19,1.779618874118194
7/18/19,1.7776291095372487
7/19/19,1.7756394162493194
7/20/19,1.773649794250609
7/21/19,1.7716602435372097
7/22/19,1.769670764105391
7/23/19,1.7676813559512894
7/24/19,1.7656920190710634
7/25/19,1.7637027534608718
7/26/19,1.761713559116873
7/27/19,1.7597244360352926
7/28/19,1.7577353842122667
7/29/19,1.7557464036439763
7/30/19,1.7537574943265577
7/31/19,1.751768656256214
8/1/19,1.7497798894291483
8/2/19,1.7485373525983006
8/3/19,1.7472949089126555
8/4/19,1.746052558361777
8/5/19,1.7448103009351401
8/6/19,1.7435681366223088
8/7/19,1.7423260654128248
8/8/19,1.7410840872962074
8/9/19,1.7398422022619542
8/10/19,1.7386004102996955
8/11/19,1.737358711398862
8/12/19,1.7361171055490399
8/13/19,1.7348755927397708
8/14/19,1.7336341729606408
8/15/19,1.732392846201103
8/16/19,1.7311516124507653
8/17/19,1.7299104716991476
8/18/19,1.7286694239358358
8/19/19,1.7274284691503272
8/20/19,1.7261876073322302
8/21/19,1.7249468384710198
8/22/19,1.7237061625563488
8/23/19,1.72246558
8/24/19,1.7212250895246584
8/25/19,1.7199846923867668
8/26/19,1.7187443881536257
8/27/19,1.7175041768147548
8/28/19,1.716264058
8/29/19,1.715024032778123
8/30/19,1.7137841000595122
8/31/19,1.7125442601934493
9/1/19,1.7113045131695204
9/2/19,1.7130654630496123
9/3/19,1.7148262055420194
9/4/19,1.7165867406833568
9/5/19,1.7183470685102398
9/6/19,1.7201071890593278
9/7/19,1.7218671023671694
9/8/19,1.7236268084704243
9/9/19,1.725386307405663
9/10/19,1.7271455992094342
9/11/19,1.7289046839183309
9/12/19,1.7306635615689459
9/13/19,1.7324222321977834
9/14/19,1.7341806958414585
9/15/19,1.7359389525364533
9/16/19,1.7376970023193161
9/17/19,1.7394548452265735
9/18/19,1.7412124812947294
9/19/19,1.7429699105603103
9/20/19,1.744727133059798
9/21/19,1.7464841488296745
9/22/19,1.7482409579064218
9/23/19,1.7499975603265217
9/24/19,1.7517539561264561
9/25/19,1.7535101453426183
9/26/19,1.755266128
9/27/19,1.757021904169509
9/28/19,1.7587774738530904
9/29/19,1.7605328370986495
9/30/19,1.762287993942624
10/1/19,1.7640429444213845
10/2/19,1.773278554760127
10/3/19,1.7825161612255336
10/4/19,1.7917557644648419
10/5/19,1.8009973651255562
10/6/19,1.810240963855425
10/7/19,1.819486561302508
10/8/19,1.8287341581151528
10/9/19,1.8379837549419742
10/10/19,1.847235352431853
10/11/19,1.856488951233981
10/12/19,1.8657445519978166
10/13/19,1.8750021553730845
10/14/19,1.8842617620098423
10/15/19,1.8935233725583256
10/16/19,1.9027869876691916
10/17/19,1.9120526079932532
10/18/19,1.9213202341816782
10/19/19,1.930589866885879
10/20/19,1.9398615067576008
10/21/19,1.9491351544488111
10/22/19,1.9584108106117881
10/23/19,1.9676884758990765
10/24/19,1.976968150963554
10/25/19,1.9862498364583203
10/26/19,1.9955335330367863
10/27/19,2.0048192413526067
10/28/19,2.014106962059814
10/29/19,2.0233966958126404
10/30/19,2.032688443265629
10/31/19,2.041982205073567
11/1/19,2.0512779818916194
11/2/19,2.0590489707136284
11/3/19,2.066821614571279
11/4/19,2.074595913993438
11/5/19,2.082371869509081
11/6/19,2.0901494816474298
11/7/19,2.0979287509379496
11/8/19,2.105709678
11/9/19,2.1134922630944963
11/10/19,2.121276507020564
11/11/19,2.1290624102188627
11/12/19,2.136849973220034
11/13/19,2.1446391965548317
11/14/19,2.152430080754386
11/15/19,2.1602226263498503
11/16/19,2.168016833872799
11/17/19,2.175812704
11/18/19,2.1836102368281596
11/19/19,2.1914094333247203
11/20/19,2.199210293876952
11/21/19,2.2070128190175176
11/22/19,2.2148170092792574
11/23/19,2.2226228651952784
11/24/19,2.230430387298843
11/25/19,2.2382395761235463
11/26/19,2.246050432203095
11/27/19,2.253862956071506
11/28/19,2.2616771482630194
11/29/19,2.2694930093120735
11/30/19,2.2773105397533078
12/1/19,2.2851297401217163
12/2/19,2.291639865024986
12/3/19,2.298149189240828
12/4/19,2.3046577129168577
12/5/19,2.3111654362008016
12/6/19,2.3176723592403192
12/7/19,2.324178482182937
12/8/19,2.330683805176248
12/9/19,2.337188328367823
12/10/19,2.3436920519050775
12/11/19,2.3501949759354934
12/12/19,2.3566971006065307
12/13/19,2.3631984260654937
12/14/19,2.3696989524597534
12/15/19,2.3761986799366808
12/16/19,2.382697608643447
12/17/19,2.3891957387273566
12/18/19,2.3956930703355805
12/19/19,2.4021896036153123
12/20/19,2.408685338713634
12/21/19,2.415180275777673
12/22/19,2.421674414954489
12/23/19,2.428167756391053
12/24/19,2.4346603002343814
12/25/19,2.441152046631445
12/26/19,2.4476429957290824
12/27/19,2.454133148
12/28/19,2.4606225026137185
12/29/19,2.467111060694327
12/30/19,2.473598822062839
12/31/19,2.4800857868660042
1/1/20,2.4865719552504606
1/2/20,2.4816584436765377
1/3/20,2.476746271716279
1/4/20,2.4718354388219455
1/5/20,2.4669259444460634
1/6/20,2.462017788041382
1/7/20,2.4571109690610937
1/8/20,2.452205486958614
1/9/20,2.4473013411876465
1/10/20,2.4423985312022056
1/11/20,2.437497056456661
1/12/20,2.4325969164055383
1/13/20,2.4276981105038065
1/14/20,2.4228006382066347
1/15/20,2.4179044989695475
1/16/20,2.4130096922483357
1/17/20,2.4081162174991233
1/18/20,2.4032240741782562
1/19/20,2.3983332617424358
1/20/20,2.393443779648652
1/21/20,2.388555627354183
1/22/20,2.3836688043165966
1/23/20,2.3787833099937705
1/24/20,2.3738991438438495
1/25/20,2.369016305325289
1/26/20,2.364134793896855
1/27/20,2.3592546090175803
1/28/20,2.354375750146831
1/29/20,2.349498216744217
1/30/20,2.344622008269681
1/31/20,2.339747124183411
2/1/20,2.3348735639459495
2/2/20,2.306580896433408
2/3/20,2.2782996249771426
2/4/20,2.250029742693105
2/5/20,2.2217712427028635
2/6/20,2.193524118133583
2/7/20,2.1652883621178676
2/8/20,2.137063967793873
2/9/20,2.108850928305328
2/10/20,2.080649236801402
2/11/20,2.0524588864368365
2/12/20,2.024279870371859
2/13/20,1.996112181772114
2/14/20,1.967955813808886
2/15/20,1.9398107596588998
2/16/20,1.9116770125042537
2/17/20,1.8835545655326635
2/18/20,1.8554434119372187
2/19/20,1.8273435449165598
2/20/20,1.7992549576747452
2/21/20,1.7711776434212512
2/22/20,1.7431115953710385
2/23/20,1.7150568067445526
2/24/20,1.687013271
2/25/20,1.658980980671454
2/26/20,1.6309599296928434
2/27/20,1.6029501110738975
2/28/20,1.5749515180621287
2/29/20,1.5469641439105342
3/1/20,1.5219863763841213
3/2/20,1.4827563372816988
3/3/20,1.4435396928072164
3/4/20,1.4043364361017385
3/5/20,1.3651465603109703
3/6/20,1.3259700585852352
3/7/20,1.2868069240796087
3/8/20,1.247657149953807
3/9/20,1.2085207293722533
3/10/20,1.1693976555039454
3/11/20,1.1302879215226547
3/12/20,1.0911915206067047
3/13/20,1.052108445939104
3/14/20,1.013038690707524
3/15/20,0.9739822481042992
3/16/20,0.9349391113263161
3/17/20,0.8959092735751684
3/18/20,0.8568927280570904
3/19/20,0.8178894679828907
3/20/20,0.7788994865680188
3/21/20,0.7399227770325867
3/22/20,0.7009593326012586
3/23/20,0.6620091465033395
3/24/20,0.6230722119726861
3/25/20,0.584148522
3/26/20,0.5452380705720516
3/27/20,0.5063408501928324
3/28/20,0.4674568543625579
3/29/20,0.4285860763381111
3/30/20,0.38972850938094883
3/31/20,0.3508841467571022
4/1/20,0.32197797725936894
4/2/20,0.3149254883712205
4/3/20,0.30787400013980726
4/4/20,0.3008235123521663
4/5/20,0.29377402479542347
4/6/20,0.2867255372567268
4/7/20,0.2796780495232909
4/8/20,0.2726315613824637
4/9/20,0.26558607262150424
4/10/20,0.25854158302789365
4/11/20,0.2514980923890464
4/12/20,0.24445560049253245
4/13/20,0.2374141071259217
4/14/20,0.2303736120768507
4/15/20,0.2233341151330448
4/16/20,0.21629561608225156
4/17/20,0.20925811471230737
4/18/20,0.20222161081115964
4/19/20,0.19518610416664472
4/20/20,0.18815159456686548
4/21/20,0.1811180817998359
4/22/20,0.17408556565370326
4/23/20,0.1670540459167036
4/24/20,0.16002352237698414
4/25/20,0.1529939948229586
4/26/20,0.14596546304292968
4/27/20,0.13893792682533324
4/28/20,0.131911386
4/29/20,0.1248858402315145
4/30/20,0.11786128943245266
5/1/20,0.11728320650852275
5/2/20,0.1343124043797328
5/3/20,0.15134138346053483
5/4/20,0.1683701437551255
5/5/20,0.18539868526776804
5/6/20,0.2024270080026147
5/7/20,0.21945511196395096
5/8/20,0.23648299715592902
5/9/20,0.25351066358276775
5/10/20,0.2705381112487526
5/11/20,0.2875653401580136
5/12/20,0.3045923503148362
5/13/20,0.3216191417234171
5/14/20,0.3386457143879307
5/15/20,0.3556720683126402
5/16/20,0.3726982035017201
5/17/20,0.3897241199594337
5/18/20,0.4067498176899331
5/19/20,0.4237752966975039
5/20/20,0.4408005569863427
5/21/20,0.4578255985606017
5/22/20,0.47485042142458855
5/23/20,0.49187502558243335
5/24/20,0.5088994110384215
5/25/20,0.5259235777967053
5/26/20,0.5429475258615257
5/27/20,0.5599712552371239
5/28/20,0.576994766
5/29/20,0.5940180579373955
5/30/20,0.6110411312705288
5/31/20,0.6280639859312709
6/1/20,0.6401275882862656
6/2/20,0.6514905507325697
6/3/20,0.6628522476005205
6/4/20,0.6742126791015934
6/5/20,0.6855718454471083
6/6/20,0.6969297468484736
6/7/20,0.7082863835168984
6/8/20,0.7196417556636359
6/9/20,0.7309958634999392
6/10/20,0.7423487072368395
6/11/20,0.7537002870855236
6/12/20,0.7650506032570226
6/13/20,0.7763996559622566
6/14/20,0.787747445
6/15/20,0.7990939718179435
6/16/20,0.810439235
6/17/20,0.8217832363396571
6/18/20,0.8331259748772357
6/19/20,0.8444674512136929
6/20/20,0.8558076655595714
6/21/20,0.8671466181255916
6/22/20,0.878484309
6/23/20,0.8898207387602053
6/24/20,0.9011559072498176
6/25/20,0.9124898148015426
6/26/20,0.9238224616258561
6/27/20,0.9351538479330346
6/28/20,0.946483974
6/29/20,0.9578128398371133
6/30/20,0.9691404458544772
7/1/20,0.986246883
7/2/20,0.9966839228406688
7/3/20,1.0071209965925032
7/4/20,1.0175581044624904
7/5/20,1.0279952464507858
7/6/20,1.0384324225576114
7/7/20,1.0488696327831004
7/8/20,1.0593068771274305
7/9/20,1.069744155590735
7/10/20,1.0801814681732136
7/11/20,1.0906188148750218
7/12/20,1.1010561956963816
7/13/20,1.1114936106373818
7/14/20,1.1219310596982224
7/15/20,1.1323685428790586
7/16/20,1.1428060601800905
7/17/20,1.1532436116014733
7/18/20,1.1636811971433403
7/19/20,1.1741188168058692
7/20/20,1.184556470589282
7/21/20,1.1949941584936896
7/22/20,1.2054318805192477
7/23/20,1.215869636666178
7/24/20,1.226307426934592
7/25/20,1.2367452513247112
7/26/20,1.2471831098366915
7/27/20,1.2576210024706658
7/28/20,1.2680589292268118
7/29/20,1.2784968901053295
7/30/20,1.288934885106352
7/31/20,1.299372914230057
8/1/20,1.3070850955032354
8/2/20,1.309076278964505
8/3/20,1.3110673617888757
8/4/20,1.3130583439840304
8/5/20,1.3150492255575408
8/6/20,1.3170400065170673
8/7/20,1.3190306868702262
8/8/20,1.3210212666246557
8/9/20,1.3230117457879498
8/10/20,1.3250021243677912
8/11/20,1.3269924023717294
8/12/20,1.3289825798074695
8/13/20,1.3309726566825608
8/14/20,1.332962633004664
8/15/20,1.3349525087813952
8/16/20,1.3369422840203704
8/17/20,1.3389319587291837
8/18/20,1.3409215329154955
8/19/20,1.342911006586922
8/20/20,1.3449003797510573
8/21/20,1.3468896524155172
8/22/20,1.3488788245879402
8/23/20,1.350867896275898
8/24/20,1.3528568674870733
8/25/20,1.3548457382289936
8/26/20,1.3568345085093636
8/27/20,1.3588231783357108
8/28/20,1.3608117477156956
8/29/20,1.362800216656912
8/30/20,1.364788585166976
8/31/20,1.3667768532534819
9/1/20,1.363600310877433
9/2/20,1.357278817187657
9/3/20,1.3509582867536007
9/4/20,1.3446387193551068
9/5/20,1.3383201147721069
9/6/20,1.332002472784577
9/7/20,1.3256857931725596
9/8/20,1.3193700757161642
9/9/20,1.3130553201956108
9/10/20,1.306741526391142
9/11/20,1.3004286940830667
9/12/20,1.2941168230517386
9/13/20,1.2878059130776665
9/14/20,1.2814959639413148
9/15/20,1.2751869754233036
9/16/20,1.2688789473042528
9/17/20,1.2625718793649154
9/18/20,1.256265771386067
9/19/20,1.2499606231485494
9/20/20,1.2436564344332934
9/21/20,1.2373532050212743
9/22/20,1.2310509346935339
9/23/20,1.2247496232312027
9/24/20,1.2184492704154781
9/25/20,1.212149876027624
9/26/20,1.205851439848904
9/27/20,1.1995539616607376
9/28/20,1.1932574412445884
9/29/20,1.1869618783819647
9/30/20,1.180667272854441
10/1/20,1.183816461817777
10/2/20,1.1835736983622613
10/3/20,1.1833309265075753
10/4/20,1.183088146253275
10/5/20,1.1828453575989606
10/6/20,1.1826025605442103
10/7/20,1.1823597550885356
10/8/20,1.1821169412314925
10/9/20,1.1818741189727033
10/10/20,1.1816312883117241
10/11/20,1.1813884492480442
10/12/20,1.1811456017813304
10/13/20,1.180902746
10/14/20,1.1806598816368474
10/15/20,1.1804170089582566
10/16/20,1.1801741278748112
10/17/20,1.1799312383861116
10/18/20,1.1796883404917136
10/19/20,1.1794454341911953
10/20/20,1.1792025194840683
10/21/20,1.178959596369955
10/22/20,1.1787166648484115
10/23/20,1.1784737249189492
10/24/20,1.1782307765811684
10/25/20,1.1779878198346694
10/26/20,1.1777448546789637
10/27/20,1.1775018811135851
10/28/20,1.1772588991382005
10/29/20,1.177015908752277
10/30/20,1.176772909955437
10/31/20,1.1765299027472143
11/1/20,1.177604060961035
11/2/20,1.1838478379091466
11/3/20,1.190091993584863
11/4/20,1.1963365280227345
11/5/20,1.2025814412571556
11/6/20,1.2088267333226543
11/7/20,1.2150724042536254
11/8/20,1.221318454084619
11/9/20,1.2275648828500962
11/10/20,1.2338116905845409
11/11/20,1.240058877322392
11/12/20,1.2463064430982218
11/13/20,1.2525543879464696
11/14/20,1.2588027119016854
11/15/20,1.2650514149983083
11/16/20,1.2713004972709108
11/17/20,1.2775499587539985
11/18/20,1.2837997994820327
11/19/20,1.2900500194896303
11/20/20,1.2963006188112303
11/21/20,1.3025515974814272
11/22/20,1.3088029555346825
11/23/20,1.315054693005635
11/24/20,1.3213068099287462
11/25/20,1.3275593063386104
11/26/20,1.3338121822697113
11/27/20,1.340065438
11/28/20,1.346319072834068
11/29/20,1.3525730875364461
11/30/20,1.3588274818982837
12/1/20,1.3493212350500938
12/2/20,1.3505454439578957
12/3/20,1.3517693465517677
12/4/20,1.352992942946596
12/5/20,1.3542162332573326
12/6/20,1.3554392175988195
12/7/20,1.356661896085809
12/8/20,1.357884268832965
12/9/20,1.3591063359550848
12/10/20,1.3603280975666987
12/11/20,1.3615495537823596
12/12/20,1.3627707047165538
12/13/20,1.363991550483723
12/14/20,1.3652120911982424
12/15/20,1.366432326974465
12/16/20,1.3676522579266326
12/17/20,1.3688718841689207
12/18/20,1.3700912058155268
12/19/20,1.3713102229805152
12/20/20,1.3725289357779502
12/21/20,1.3737473443217407
12/22/20,1.3749654487259066
12/23/20,1.3761832491042458
12/24/20,1.3774007455705783
12/25/20,1.378617938238702
12/26/20,1.379834827222215
12/27/20,1.3810514126348483
12/28/20,1.3822676945901335
12/29/20,1.3834836732016242
12/30/20,1.3846993485827408
12/31/20,1.385914720846948
1/1/21,1.390806080866147
1/2/21,1.3997473280978001
1/3/21,1.4086869948102487
1/4/21,1.4176250814226021
1/5/21,1.4265615883537253
1/6/21,1.435496516022372
1/7/21,1.4444298648471188
1/8/21,1.453361635246453
1/9/21,1.4622918276386399
1/10/21,1.4712204424418118
1/11/21,1.4801474800740122
1/12/21,1.4890729409530845
1/13/21,1.4979968254967613
1/14/21,1.5069191341225308
1/15/21,1.5158398672478812
1/16/21,1.5247590252900123
1/17/21,1.5336766086661235
1/18/21,1.5425926177931037
1/19/21,1.5515070530878416
1/20/21,1.5604199149669817
1/21/21,1.5693312038470575
1/22/21,1.578240920144447
1/23/21,1.587149064275395
1/24/21,1.5960556366559908
1/25/21,1.6049606377021686
1/26/21,1.613864067829729
1/27/21,1.6227659274543171
1/28/21,1.6316662169914453
1/29/21,1.6405649368564257
1/30/21,1.6494620874645483
1/31/21,1.6583576692308144
2/1/21,1.6838465936791502
2/2/21,1.7172044199812442
2/3/21,1.7505672544230855
2/4/21,1.783935098132483
2/5/21,1.8173079522377789
2/6/21,1.8506858178675145
2/7/21,1.8840686961506758
2/8/21,1.917456588216493
2/9/21,1.9508494951946398
2/10/21,1.984247418215035
2/11/21,2.017650358407952
2/12/21,2.0510583169040864
2/13/21,2.084471294834378
2/14/21,2.117889293330122
2/15/21,2.151312313523035
2/16/21,2.184740356545034
2/17/21,2.218173423528502
2/18/21,2.2516115156061334
2/19/21,2.285054633910888
2/20/21,2.318502779576148
2/21/21,2.3519559537356516
2/22/21,2.385414157523358
2/23/21,2.418877392073737
2/24/21,2.4523456585214154
2/25/21,2.4858189580015067
2/26/21,2.519297291649436
2/27/21,2.552780660600895
2/28/21,2.5862690659919974
3/1/21,2.619762508959189
3/2/21,2.6691162159638404
3/3/21,2.718491224117492
3/4/21,2.767887547
3/5/21,2.8173051990572295
3/6/21,2.866744193465842
3/7/21,2.9162045442685747
3/8/21,2.965686265306511
3/9/21,3.0151893704327692
3/10/21,3.0647138735123924
3/11/21,3.1142597884224132
3/12/21,3.1638271290518993
3/13/21,3.213415909301909
3/14/21,3.263026143085579
3/15/21,3.312657844327993
3/16/21,3.362311026966358
3/17/21,3.411985704949938
3/18/21,3.461681892240076
3/19/21,3.5113996028101946
3/20/21,3.561138850645862
3/21/21,3.610899649744659
3/22/21,3.6606820141164453
3/23/21,3.710485957783116
3/24/21,3.760311494778801
3/25/21,3.810158639
3/26/21,3.8600274049543692
3/27/21,3.9099178062633744
3/28/21,3.9598298571595913
3/29/21,4.009763571738123
3/30/21,4.059718964106285
3/31/21,4.109696048383693
4/1/21,4.159694839
4/2/21,4.187462418783938
4/3/21,4.215229962764955
4/4/21,4.242997470645249
4/5/21,4.270764942424843
4/6/21,4.298532378103892
4/7/21,4.326299777682441
4/8/21,4.354067141160489
4/9/21,4.381834468538215
4/10/21,4.409601759815551
4/11/21,4.437369015
4/12/21,4.465136234069722
4/13/21,4.492903417046601
4/14/21,4.520670564
4/15/21,4.548437675
4/16/21,4.5762047493774105
4/17/21,4.603971787954619
4/18/21,4.631738790432083
4/19/21,4.659505757
4/20/21,4.687272687088062
4/21/21,4.715039581266733
4/22/21,4.742806439345926
4/23/21,4.770573261325706
4/24/21,4.7983400472062065
4/25/21,4.826106796987428
4/26/21,4.853873510669482
4/27/21,4.881640188252434
4/28/21,4.909406829736307
4/29/21,4.937173435121234
4/30/21,4.964940004407259
5/1/21,4.992706537594471
5/2/21,5.005637378505146
5/3/21,5.018563655983743
5/4/21,5.031485372445599
5/5/21,5.0444025303042705
5/6/21,5.057315131971696
5/7/21,5.070223179857991
5/8/21,5.083126676371719
5/9/21,5.096025623919687
5/10/21,5.1089200249069044
5/11/21,5.121809882
5/12/21,5.134695196811223
5/13/21,5.147575972529994
5/14/21,5.160452211291511
5/15/21,5.173323915492456
5/16/21,5.186191087527714
5/17/21,5.19905373
5/18/21,5.211911844672601
5/19/21,5.224765434563738
5/20/21,5.237614501852117
5/21/21,5.250459048924339
5/22/21,5.263299078165229
5/23/21,5.2761345919579705
5/24/21,5.288965592684036
5/25/21,5.301792082723322
5/26/21,5.314614064453904
5/27/21,5.327431540252259
5/28/21,5.340244512493286
5/29/21,5.353052983550044
5/30/21,5.365856955794057
5/31/21,5.378656431595097
6/1/21,5.391451413321335
6/2/21,5.390581307769882
6/3/21,5.389711495533267
6/4/21,5.3888419764631434
6/5/21,5.387972750411363
6/6/21,5.387103817229777
6/7/21,5.386235177
6/8/21,5.385366828885507
6/9/21,5.384498773427082
6/10/21,5.383631010247569
6/11/21,5.382763539199287
6/12/21,5.381896360134797
6/13/21,5.3810294729067065
6/14/21,5.380162877367689
6/15/21,5.3792965733705955
6/16/21,5.378430560768277
6/17/21,5.377564839413762
6/18/21,5.376699409160146
6/19/21,5.375834269860635
6/20/21,5.374969421368525
6/21/21,5.374104863537199
6/22/21,5.373240596220152
6/23/21,5.372376619271035
6/24/21,5.371512932543454
6/25/21,5.370649535891259
6/26/21,5.369786429168322
6/27/21,5.368923612228604
6/28/21,5.368061084926246
6/29/21,5.367198847115384
6/30/21,5.366336898650315
7/1/21,5.365475239385398
7/2/21,5.361780009032802
7/3/21,5.3580855302588715
7/4/21,5.354391802834302
7/5/21,5.350698826529965
7/6/21,5.347006601116755
7/7/21,5.343315126365655
7/8/21,5.339624402047782
7/9/21,5.3359344279343635
7/10/21,5.332245203796648
7/11/21,5.328556729
7/12/21,5.324869005
7/13/21,5.321182028951976
7/14/21,5.317495802431815
7/15/21,5.313810324745161
7/16/21,5.310125595663884
7/17/21,5.306441614959856
7/18/21,5.302758382405193
7/19/21,5.299075898
7/20/21,5.295394160832467
7/21/21,5.291713171358858
7/22/21,5.288032929123654
7/23/21,5.284353433899303
7/24/21,5.280674685458386
7/25/21,5.276996683573598
7/26/21,5.273319428017631
7/27/21,5.269642918563422
7/28/21,5.265967155
7/29/21,5.262292137052138
7/30/21,5.258617864541226
7/31/21,5.254944337224399
8/1/21,5.251271554874992
8/2/21,5.255763965936211
8/3/21,5.260255973369676
8/4/21,5.2647475772298336
8/5/21,5.269238777571039
8/6/21,5.273729574447694
8/7/21,5.278219967914155
8/8/21,5.282709958024778
8/9/21,5.287199544833898
8/10/21,5.291688728395827
8/11/21,5.296177508764965
8/12/21,5.300665885995537
8/13/21,5.305153860141942
8/14/21,5.309641431258405
8/15/21,5.314128599399237
8/16/21,5.318615364618728
8/17/21,5.323101726971147
8/18/21,5.327587686510737
8/19/21,5.332073243291724
8/20/21,5.336558397368374
8/21/21,5.341043148794933
8/22/21,5.3455274976255795
8/23/21,5.350011443914537
8/24/21,5.3544949877160075
8/25/21,5.358978129084213
8/26/21,5.363460868073289
8/27/21,5.367943204737413
8/28/21,5.372425139130765
8/29/21,5.376906671307458
8/30/21,5.381387801321691
8/31/21,5.385868529227533
9/1/21,5.390348855079163
9/2/21,5.418077307470259
9/3/21,5.445804992843795
9/4/21,5.473531911231588
9/5/21,5.5012580626654595
9/6/21,5.528983447177227
9/7/21,5.556708065
9/8/21,5.584431915561705
9/9/21,5.6121549994980535
9/10/21,5.639877316639552
9/11/21,5.667598867018042
9/12/21,5.695319650665298
9/13/21,5.723039667613206
9/14/21,5.750758917893473
9/15/21,5.778477402
9/16/21,5.806195118578472
9/17/21,5.833912069046776
9/18/21,5.861628252974693
9/19/21,5.889343670394043
9/20/21,5.917058321336621
9/21/21,5.944772205834159
9/22/21,5.972485323918519
9/23/21,6.000197675621477
9/24/21,6.027909260974806
9/25/21,6.055620080010327
9/26/21,6.083330133
9/27/21,6.1110394192550155
9/28/21,6.1387479395277555
9/29/21,6.166455693609785
9/30/21,6.194162682
10/1/21,6.221868903328898
10/2/21,6.240797515420549
10/3/21,6.259726873240012
10/4/21,6.278656976831343
10/5/21,6.297587826
10/6/21,6.316519421505973
10/7/21,6.3354517626774465
10/8/21,6.35438485
10/9/21,6.373318682909002
10/10/21,6.392253262057324
10/11/21,6.411188587
10/12/21,6.430124658639436
10/13/21,6.449061476161444
10/14/21,6.467999039896233
10/15/21,6.486937349887878
10/16/21,6.505876406180544
10/17/21,6.524816208818329
10/18/21,6.543756757845309
10/19/21,6.562698053305627
10/20/21,6.581640095243468
10/21/21,6.600582883702866
10/22/21,6.619526418727983
10/23/21,6.638470700363008
10/24/21,6.657415728652061
10/25/21,6.6763615036392165
10/26/21,6.695308025368685
10/27/21,6.714255293884652
10/28/21,6.7332033092311505
10/29/21,6.752152071452433
10/30/21,6.771101580592642
10/31/21,6.790051836695943
11/1/21,6.809002839806477
11/2/21,6.816589738975254
11/3/21,6.824176162
11/4/21,6.8317621088669345
11/5/21,6.839347579679433
11/6/21,6.846932574462783
11/7/21,6.854517093261814
11/8/21,6.862101136121335
11/9/21,6.869684703
11/10/21,6.877267794
11/11/21,6.884850409510701
11/12/21,6.892432549060024
11/13/21,6.900014213
11/14/21,6.907595401056699
11/15/21,6.915176113593602
11/16/21,6.922756350549175
11/17/21,6.930336111968183
11/18/21,6.937915397895433
11/19/21,6.945494208
11/20/21,6.953072543453431
11/21/21,6.960650403173663
11/22/21,6.9682277875810605
11/23/21,6.975804697
11/24/21,6.983381130636079
11/25/21,6.990957089
11/26/21,6.998532572976202
11/27/21,7.006107581489895
11/28/21,7.013682114958963
11/29/21,7.021256173428059
11/30/21,7.028829756941923
12/1/21,7.036402865545144
12/2/21,7.050767217918441
12/3/21,7.065127629254264
12/4/21,7.079484101174338
12/5/21,7.093836635299411
12/6/21,7.108185233249431
12/7/21,7.122529896643415
12/8/21,7.1368706270994675
12/9/21,7.151207426234851
12/10/21,7.1655402956659175
12/11/21,7.179869237008107
12/12/21,7.194194251876063
12/13/21,7.208515342
12/14/21,7.222832508643129
12/15/21,7.2371457537669714
12/16/21,7.251455078866043
12/17/21,7.2657604855505875
12/18/21,7.2800619754297635
12/19/21,7.294359550112062
12/20/21,7.308653211205018
12/21/21,7.322942960315215
12/22/21,7.337228799048479
12/23/21,7.351510729009636
12/24/21,7.365788751802738
12/25/21,7.380062869030923
12/26/21,7.394333082296423
12/27/21,7.408599393200643
12/28/21,7.422861803344039
12/29/21,7.437120314326262
12/30/21,7.451374927746102
12/31/21,7.465625645201368
1/1/22,7.479872468289117
1/2/22,7.492558388079429
1/3/22,7.505239828962518
1/4/22,7.517916793309998
1/5/22,7.530589283491729
1/6/22,7.543257302
1/7/22,7.555920850829212
1/8/22,7.568579932716402
1/9/22,7.581234549900762
1/10/22,7.593884704743847
1/11/22,7.6065303996055045
1/12/22,7.619171637
1/13/22,7.631808418815811
1/14/22,7.644440748
1/15/22,7.6570686263776055
1/16/22,7.669692056672384
1/17/22,7.682311041110168
1/18/22,7.694925582
1/19/22,7.707535681806266
1/20/22,7.720141342756204
1/21/22,7.732742567232287
1/22/22,7.745339357576264
1/23/22,7.757931716
1/24/22,7.770519645226259
1/25/22,7.783103147207382
1/26/22,7.795682224406564
1/27/22,7.8082568791572715
1/28/22,7.820827113791284
1/29/22,7.833392930638805
1/30/22,7.845954332028304
1/31/22,7.858511320286721
2/1/22,7.871063897739283
2/2/22,7.895205908565495
2/3/22,7.919335710964459
2/4/22,7.9434533141944375
2/5/22,7.967558727504254
2/6/22,7.9916519601334945
2/7/22,8.015733021312265
2/8/22,8.039801920261414
2/9/22,8.063858666192548
2/10/22,8.087903268307862
2/11/22,8.111935735800335
2/12/22,8.135956077853624
2/13/22,8.159964303642141
2/14/22,8.183960422331072
2/15/22,8.207944443
2/16/22,8.231916375
2/17/22,8.255876227313298
2/18/22,8.279824009070769
2/19/22,8.303759729416061
2/20/22,8.327683397
2/21/22,8.351595022
2/22/22,8.375494613031798
2/23/22,8.399382178735504
2/24/22,8.423257728484867
2/25/22,8.447121271344017
2/26/22,8.470972816
2/27/22,8.494812372602635
2/28/22,8.518639949
3/1/22,8.542455554842432
3/2/22,8.533227067496352
3/3/22,8.524003470982633
3/4/22,8.514784761414296
3/5/22,8.505570934908535
3/6/22,8.496361987586564
3/7/22,8.487157915573817
3/8/22,8.477958714999701
3/9/22,8.468764381997772
3/10/22,8.459574912705726
3/11/22,8.450390303265287
3/12/22,8.441210549822276
3/13/22,8.432035649
3/14/22,8.422865595532137
3/15/22,8.413700386997025
3/16/22,8.404540019083328
3/17/22,8.395384488
3/18/22,8.386233789788712
3/19/22,8.377087920752203
3/20/22,8.367946877
3/21/22,8.358810654792093
3/22/22,8.34967925
3/23/22,8.34055266
3/24/22,8.331430879
3/25/22,8.322313904568723
3/26/22,8.313201732672649
3/27/22,8.304094359447255
3/28/22,8.294991781102867
3/29/22,8.285893993853843
3/30/22,8.276800993918542
3/31/22,8.267712777519275
4/1/22,8.258629340882372
4/2/22,8.269475468509713
4/3/22,8.280315802264049
4/4/22,8.291150346786601
4/5/22,8.301979106713775
4/6/22,8.312802086676863
4/7/22,8.323619291302386
4/8/22,8.334430725211783
4/9/22,8.345236393021672
4/10/22,8.356036299343717
4/11/22,8.366830449
4/12/22,8.377618845946166
4/13/22,8.388401495425345
4/14/22,8.399178401814144
4/15/22,8.409949569699737
4/16/22,8.420715003664325
4/17/22,8.431474708285336
4/18/22,8.442228688135224
4/19/22,8.452976947781643
4/20/22,8.463719492
4/21/22,8.474456324710333
4/22/22,8.485187451103648
4/23/22,8.495912875515499
4/24/22,8.506632602
4/25/22,8.517346636563738
4/26/22,8.528054982272494
4/27/22,8.538757644144512
4/28/22,8.549454626704001
4/29/22,8.560145934470231
4/30/22,8.570831571957838
5/1/22,8.581511543676523
5/2/22,8.597077512361118
5/3/22,8.612634156430499
5/4/22,8.628181484260855
5/5/22,8.643719504218339
5/6/22,8.659248225
5/7/22,8.674767653929383
5/8/22,8.690277800365243
5/9/22,8.705778672292919
5/10/22,8.721270278028692
5/11/22,8.736752625878808
5/12/22,8.752225724139674
5/13/22,8.767689581
5/14/22,8.783144205
5/15/22,8.798589604202057
5/16/22,8.814025786871781
5/17/22,8.829452761285816
5/18/22,8.844870535681281
5/19/22,8.860279118285508
5/20/22,8.875678517316032
5/21/22,8.891068740980558
5/22/22,8.906449797477013
5/23/22,8.921821694993604
5/24/22,8.937184441708744
5/25/22,8.952538045791169
5/26/22,8.967882515399793
5/27/22,8.983217858683945
5/28/22,8.998544083783177
5/29/22,9.013861198827367
5/30/22,9.029169211936816
5/31/22,9.044468131222105
6/1/22,9.059757964784154
6/2/22,9.041843618
6/3/22,9.023935014853723
6/4/22,9.006032152102783
6/5/22,8.988135027147749
6/6/22,8.970243637230645
6/7/22,8.952357979595327
6/8/22,8.934478051487304
6/9/22,8.916603850153958
6/10/22,8.898735372844314
6/11/22,8.880872616809254
6/12/22,8.863015579301425
6/13/22,8.845164257575156
6/14/22,8.827318648886617
6/15/22,8.809478750493627
6/16/22,8.791644559655865
6/17/22,8.773816073634745
6/18/22,8.755993289693409
6/19/22,8.738176205096737
6/20/22,8.720364817
6/21/22,8.702559123005681
6/22/22,8.684759120049845
6/23/22,8.666964805515743
6/24/22,8.649176176676999
6/25/22,8.631393230808948
6/26/22,8.613615965188725
6/27/22,8.595844377095174
6/28/22,8.578078463808891
6/29/22,8.560318222612207
6/30/22,8.542563650789138
7/1/22,8.524814746
7/2/22,8.516342285610111
7/3/22,8.507870954692699
7/4/22,8.499400753
7/5/22,8.490931679249147
7/6/22,8.482463734271771
7/7/22,8.473996917490023
7/8/22,8.465531228678369
7/9/22,8.457066667611436
7/10/22,8.448603234063935
7/11/22,8.440140928
7/12/22,8.431679749
7/13/22,8.423219696285456
7/14/22,8.414760770563445
7/15/22,8.406302971235103
7/16/22,8.397846298
7/17/22,8.389390751
7/18/22,8.380936329362587
7/19/22,8.372483033359712
7/20/22,8.364030862626247
7/21/22,8.355579816937485
7/22/22,8.347129896
7/23/22,8.338681099795764
7/24/22,8.330233427893718
7/25/22,8.321786880138294
7/26/22,8.313341456305157
7/27/22,8.304897156169954
7/28/22,8.296453979508446
7/29/22,8.288011926096406
7/30/22,8.279570996
7/31/22,8.271131188124347
8/1/22,8.262692503116241
8/2/22,8.26071885
8/3/22,8.258745543389612
8/4/22,8.256772582
8/5/22,8.254799966
8/6/22,8.252827696170751
8/7/22,8.250855771366883
8/8/22,8.248884191879636
8/9/22,8.246912957618303
8/10/22,8.244942068492268
8/11/22,8.242971524410848
8/12/22,8.241001325283449
8/13/22,8.239031471019542
8/14/22,8.237061961528514
8/15/22,8.235092797
8/16/22,8.233123977
8/17/22,8.231155500788056
8/18/22,8.229187369483926
8/19/22,8.227219582500545
8/20/22,8.225252139747452
8/21/22,8.223285041134432
8/22/22,8.221318286571154
8/23/22,8.219351875967341
8/24/22,8.217385809232791
8/25/22,8.215420086277314
8/26/22,8.213454707010758
8/27/22,8.211489671342997
8/28/22,8.209524979183902
8/29/22,8.207560630443457
8/30/22,8.205596625031575
8/31/22,8.203632963
9/1/22,8.201669644
9/2/22,8.186339462
9/3/22,8.171017765912403
9/4/22,8.155704549353683
9/5/22,8.140399805011045
9/6/22,8.125103525855515
9/7/22,8.109815704865731
9/8/22,8.094536335028168
9/9/22,8.079265409337012
9/10/22,8.064002920794188
9/11/22,8.048748862409404
9/12/22,8.033503227200045
9/13/22,8.018266008191222
9/14/22,8.003037198415708
9/15/22,7.9878167909140485
9/16/22,7.972604778734382
9/17/22,7.957401154932553
9/18/22,7.9422059125720645
9/19/22,7.927019044724015
9/20/22,7.911840544467208
9/21/22,7.896670405
9/22/22,7.881508619080524
9/23/22,7.866355180146267
9/24/22,7.851210081194515
9/25/22,7.836073315342018
9/26/22,7.820944875713165
9/27/22,7.805824755439872
9/28/22,7.790712947661582
9/29/22,7.775609446
9/30/22,7.760514242185801
10/1/22,7.7454273308049215
10/2/22,7.724842687722333
10/3/22,7.704264567807506
10/4/22,7.6836929679602095
10/5/22,7.663127885082166
10/6/22,7.642569316
10/7/22,7.622017257850455
10/8/22,7.601471707310026
10/9/22,7.580932661365347
10/10/22,7.560400116927868
10/11/22,7.539874070911123
10/12/22,7.5193545202305145
10/13/22,7.498841461803396
10/14/22,7.478334892549121
10/15/22,7.457834809388952
10/16/22,7.437341209246151
10/17/22,7.416854089045799
10/18/22,7.396373446
10/19/22,7.375899276183051
10/20/22,7.355431577380678
10/21/22,7.334970346
10/22/22,7.3145155796985994
10/23/22,7.294067274690619
10/24/22,7.273625428155617
10/25/22,7.253190037034352
10/26/22,7.232761098269402
10/27/22,7.212338608805324
10/28/22,7.191922566
10/29/22,7.1715129655675725
10/30/22,7.1511098056926015
10/31/22,7.130713082915929
11/1/22,7.110322794191726
11/2/22,7.0883938136729885
11/3/22,7.066469324045577
11/4/22,7.044549323930149
11/5/22,7.022633811947854
11/6/22,7.0007227867203925
11/7/22,6.978816246870068
11/8/22,6.956914191019692
11/9/22,6.935016618
11/10/22,6.913123525813059
11/11/22,6.891234913705335
11/12/22,6.869350780094585
11/13/22,6.847471123606508
11/14/22,6.825595942867291
11/15/22,6.803725236503744
11/16/22,6.7818590031432535
11/17/22,6.759997241413673
11/18/22,6.73813995
11/19/22,6.716287127361742
11/20/22,6.694438772298006
11/21/22,6.672594883382477
11/22/22,6.6507554592458495
11/23/22,6.628920498519375
11/24/22,6.607089999834881
11/25/22,6.585263961824794
11/26/22,6.563442383122076
11/27/22,6.541625262360196
11/28/22,6.5198125981732025
11/29/22,6.498004389195766
11/30/22,6.476200634063045
12/1/22,6.4544013314108195
12/2/22,6.452962149667174
12/3/22,6.451523748796495
12/4/22,6.450086128163313
12/5/22,6.448649287
12/6/22,6.447213225071735
12/7/22,6.445777941345998
12/8/22,6.4443434353232965
12/9/22,6.442909706371647
12/10/22,6.441476753859887
12/11/22,6.440044577157411
12/12/22,6.438613175634367
12/13/22,6.437182548661569
12/14/22,6.435752695610453
12/15/22,6.434323615853277
12/16/22,6.4328953087628316
12/17/22,6.431467773712685
12/18/22,6.430041010077003
12/19/22,6.428615017230688
12/20/22,6.4271897945492595
12/21/22,6.425765341409018
12/22/22,6.424341657186816
12/23/22,6.422918741260264
12/24/22,6.421496593
12/25/22,6.420075211807652
12/26/22,6.418654597040141
12/27/22,6.417234748085265
12/28/22,6.415815664323943
12/29/22,6.414397345137823
12/30/22,6.41297979
12/31/22,6.411562998020726
1/1/23,6.410146968856267
1/2/23,6.397958467363951
1/3/23,6.385777144
1/4/23,6.373602992998517
1/5/23,6.361436007453691
1/6/23,6.349276181232155
1/7/23,6.337123508016718
1/8/23,6.3249779814975815
1/9/23,6.312839595
1/10/23,6.300708343346262
1/11/23,6.288584219131588
1/12/23,6.276467216448234
1/13/23,6.264357329
1/14/23,6.2522545505917515
1/15/23,6.240158874895174
1/16/23,6.228070295682886
1/17/23,6.215988807
1/18/23,6.2039144017451475
1/19/23,6.191847075
1/20/23,6.179786818919286
1/21/23,6.167733628624239
1/22/23,6.155687497462803
1/23/23,6.143648419235381
1/24/23,6.131616387749594
1/25/23,6.119591396820412
1/26/23,6.107573440269842
1/27/23,6.095562511927333
1/28/23,6.083558605629369
1/29/23,6.071561715219764
1/30/23,6.059571835
1/31/23,6.047588957476635
2/1/23,6.035613077866597
2/2/23,5.997607399045468
2/3/23,5.959637930566131
2/4/23,5.921704620703494
2/5/23,5.883807417830922
2/6/23,5.845946270420077
2/7/23,5.808121127040589
2/8/23,5.770331936359829
2/9/23,5.732578647142739
2/10/23,5.694861208251534
2/11/23,5.657179568645576
2/12/23,5.619533677
2/13/23,5.581923483610485
2/14/23,5.544348937
2/15/23,5.506809985644745
2/16/23,5.469306580236033
2/17/23,5.431838669894118
2/18/23,5.394406204251401
2/19/23,5.357009133035584
2/20/23,5.319647406069339
2/21/23,5.2823209732701715
2/22/23,5.245029784650157
2/23/23,5.2077737903157395
2/24/23,5.1705529404674655
2/25/23,5.133367185399806
2/26/23,5.096216475500892
2/27/23,5.059100761252422
2/28/23,5.022019993229199
3/1/23,4.984974122099173
3/2/23,4.983201575817731
3/3/23,4.981429667712511
3/4/23,4.979658397439013
3/5/23,4.977887765
3/6/23,4.976117769009858
3/7/23,4.974348410166307
3/8/23,4.9725796877785555
3/9/23,4.970811602
3/10/23,4.969044151
3/11/23,4.9672773359179745
3/12/23,4.965511155922453
3/13/23,4.963745611
3/14/23,4.9619807
3/15/23,4.960216423016939
3/16/23,4.9584527799358735
3/17/23,4.956689770229339
3/18/23,4.954927393556252
3/19/23,4.953165649575664
3/20/23,4.951404537947002
3/21/23,4.949644058329827
3/22/23,4.947884210383946
3/23/23,4.946124993769518
3/24/23,4.944366408146816
3/25/23,4.942608453176511
3/26/23,4.940851128519319
3/27/23,4.939094433836333
3/28/23,4.937338368788868
3/29/23,4.935582933038485
3/30/23,4.933828126246986
3/31/23,4.932073948076354
4/1/23,4.930320398188925
4/2/23,4.900583268
4/3/23,4.870867975691162
4/4/23,4.841174497119671
4/5/23,4.811502808306423
4/6/23,4.781852885275484
4/7/23,4.752224704086072
4/8/23,4.722618241
4/9/23,4.693033471644137
4/10/23,4.663470372685308
4/11/23,4.633928920155217
4/12/23,4.604409090287942
4/13/23,4.574910859352355
4/14/23,4.545434203651988
4/15/23,4.515979099525014
4/16/23,4.486545523
4/17/23,4.457133452
4/18/23,4.427742860485351
4/19/23,4.398373726725069
4/20/23,4.369026026746825
4/21/23,4.339699737095426
4/22/23,4.310394834349851
4/23/23,4.281111295123274
4/24/23,4.251849096
4/25/23,4.222608213850032
4/26/23,4.193388625199845
4/27/23,4.164190306861526
4/28/23,4.135013235617979
4/29/23,4.105857388285972
4/30/23,4.076722742
5/1/23,4.047609272791974
5/2/23,4.012358923270343
5/3/23,3.9771397848940904
5/4/23,3.9419518162293388
5/5/23,3.906794975915573
5/6/23,3.8716692226654636
5/7/23,3.8365745152646236
5/8/23,3.801510812571429
5/9/23,3.766478073516999
5/10/23,3.731476257104993
5/11/23,3.6965053224112587
5/12/23,3.661565228583963
5/13/23,3.626655934843237
5/14/23,3.591777400481133
5/15/23,3.556929584861268
5/16/23,3.522112447418979
5/17/23,3.487325947660924
5/18/23,3.4525700451649266
5/19/23,3.417844699579975
5/20/23,3.383149870626001
5/21/23,3.3484855180935913
5/22/23,3.313851601844031
5/23/23,3.2792480818090164
5/24/23,3.2446749179905865
5/25/23,3.2101320704608582
5/26/23,3.175619499362048
5/27/23,3.141137164906138
5/28/23,3.106685027374745
5/29/23,3.0722630471191392
5/30/23,3.0378711845598927
5/31/23,3.0035094001868545
6/1/23,2.9691776545588855
6/2/23,2.976130278047928
6/3/23,2.9830829562865757
6/4/23,2.9900356892754942
6/5/23,2.996988477
6/6/23,3.003941319506742
6/7/23,3.0108942167503594
6/8/23,3.0178471687468456
6/9/23,3.024800175
6/10/23,3.0317532370009337
6/11/23,3.038706353
6/12/23,3.045659524274247
6/13/23,3.052612750044714
6/14/23,3.059566030571914
6/15/23,3.0665193658564904
6/16/23,3.0734727558991315
6/17/23,3.080426200700437
6/18/23,3.0873797002610504
6/19/23,3.094333254581638
6/20/23,3.1012868636628665
6/21/23,3.108240527505357
6/22/23,3.1151942461097537
6/23/23,3.1221480194767226
6/24/23,3.1291018476068633
6/25/23,3.1360557305008863
6/26/23,3.1430096681594133
6/27/23,3.1499636605830883
6/28/23,3.156917707772555
6/29/23,3.163871809728458
6/30/23,3.1708259664514404
7/1/23,3.177780177942169
7/2/23,3.1934951800602907
7/3/23,3.2092105415017835
7/4/23,3.2249262622790376
7/5/23,3.240642342404332
7/6/23,3.2563587818899897
7/7/23,3.272075580748335
7/8/23,3.287792738991735
7/9/23,3.3035102566325136
7/10/23,3.3192281336829277
7/11/23,3.334946370155367
7/12/23,3.3506649660621335
7/13/23,3.3663839214155944
7/14/23,3.382103236228007
7/15/23,3.397822910511783
7/16/23,3.413542944279202
7/17/23,3.4292633375426096
7/18/23,3.4449840903143514
7/19/23,3.4607052026067286
7/20/23,3.476426674432087
7/21/23,3.4921485058027946
7/22/23,3.5078706967311524
7/23/23,3.523593247229484
7/24/23,3.539316157310135
7/25/23,3.5550394269854957
7/26/23,3.5707630562678006
7/27/23,3.5864870451694397
7/28/23,3.602211393702781
7/29/23,3.617936101880126
7/30/23,3.6336611697137977
7/31/23,3.6493865972161643
8/1/23,3.6651123843995492
8/2/23,3.6662303753303593
8/3/23,3.6673482111499345
8/4/23,3.668465892
8/5/23,3.669583417584499
8/6/23,3.6707007882640363
8/7/23,3.6718180039613912
8/8/23,3.672935064708849
8/9/23,3.6740519705386276
8/10/23,3.675168721482902
8/11/23,3.6762853175739574
8/12/23,3.677401758843968
8/13/23,3.6785180453251076
8/14/23,3.6796341770496177
8/15/23,3.680750154
8/16/23,3.681865976357379
8/17/23,3.6829816440049568
8/18/23,3.6840971570245573
8/19/23,3.6852125154482884
8/20/23,3.6863277193083244
8/21/23,3.687442768636773
8/22/23,3.6885576634657413
8/23/23,3.689672403827382
8/24/23,3.690786989753736
8/25/23,3.691901421276955
8/26/23,3.6930156984290807
8/27/23,3.694129821242176
8/28/23,3.695243789748348
8/29/23,3.696357603979572
8/30/23,3.6974712639679996
8/31/23,3.6985847697456053
9/1/23,3.699698121
9/2/23,3.6843530766124566
9/3/23,3.669012180564457
9/4/23,3.653675431518155
9/5/23,3.638342827792296
9/6/23,3.623014367706423
9/7/23,3.6076900495810804
9/8/23,3.5923698717376107
9/9/23,3.577053832498356
9/10/23,3.5617419301865905
9/11/23,3.546434163126322
9/12/23,3.5311305296426676
9/13/23,3.5158310280615224
9/14/23,3.500535656709758
9/15/23,3.485244413915045
9/16/23,3.4699572980061433
9/17/23,3.4546743073124775
9/18/23,3.439395440164539
9/19/23,3.424120694893684
9/20/23,3.408850069832181
9/21/23,3.3935835633131406
9/22/23,3.3783211736706065
9/23/23,3.3630628992395772
9/24/23,3.3478087383558286
9/25/23,3.332558689356113
9/26/23,3.317312750578094
9/27/23,3.3020709203603005
9/28/23,3.2868331970421494
9/29/23,3.2715995789639463
9/30/23,3.2563700644669513
10/1/23,3.241144651893202
10/2/23,3.2377971548389395
10/3/23,3.2344494396374657
10/4/23,3.231101506267575
10/5/23,3.2277533547078407
10/6/23,3.2244049849369905
10/7/23,3.2210563969336636
10/8/23,3.217707590676544
10/9/23,3.2143585661442486
10/10/23,3.2110093233155057
10/11/23,3.207659862
10/12/23,3.2043101826831233
10/13/23,3.2009602848368512
10/14/23,3.197610168608689
10/15/23,3.1942598339772754
10/16/23,3.1909092809212725
10/17/23,3.1875585094193415
10/18/23,3.1842075194500774
10/19/23,3.1808563109921195
10/20/23,3.177504884024107
10/21/23,3.1741532385247018
10/22/23,3.170801374472476
10/23/23,3.1674492918460695
10/24/23,3.164096990624121
10/25/23,3.160744470785204
10/26/23,3.157391732307979
10/27/23,3.154038775171042
10/28/23,3.150685599352987
10/29/23,3.1473322048324315
10/30/23,3.1439785915879925
10/31/23,3.1406247595982206
11/1/23,3.1372707088417773
11/2/23,3.1444111898034643
11/3/23,3.151553132526308
11/4/23,3.1586965374592157
11/5/23,3.165841405051295
11/6/23,3.172987735751809
11/7/23,3.180135530010264
11/8/23,3.1872847882762345
11/9/23,3.194435510999627
11/10/23,3.201587698630437
11/11/23,3.2087413516188157
11/12/23,3.2158964704152027
11/13/23,3.2230530554701486
11/14/23,3.2302111072344486
11/15/23,3.237370626158964
11/16/23,3.2445316126948676
11/17/23,3.2516940672934425
11/18/23,3.2588579904062165
11/19/23,3.266023382484873
11/20/23,3.2731902439812277
11/21/23,3.2803585753473863
11/22/23,3.287528377
11/23/23,3.294699649498112
11/24/23,3.3018723931877547
11/25/23,3.309046608557198
11/26/23,3.316222296059479
11/27/23,3.323399456147702
11/28/23,3.3305780892752823
11/29/23,3.3377581958957236
11/30/23,3.3449397764627298
12/1/23,3.3521228314302265
12/2/23,3.3436306106216396
12/3/23,3.3351427680962553
12/4/23,3.3266593004689593
12/5/23,3.318180204358212
12/6/23,3.309705476385938
12/7/23,3.3012351131775475
12/8/23,3.292769111361893
12/9/23,3.284307468
12/10/23,3.275850178441586
12/11/23,3.267397240612069
12/12/23,3.258948650725424
12/13/23,3.2505044054278454
12/14/23,3.242064501368991
12/15/23,3.233628935201893
12/16/23,3.2251977035830937
12/17/23,3.2167708031725084
12/18/23,3.208348230633562
12/19/23,3.199929982633032
12/20/23,3.1915160558411593
12/21/23,3.183106446931583
12/22/23,3.1747011525813384
12/23/23,3.166300169470948
12/24/23,3.157903494
12/25/23,3.1495111237084705
12/26/23,3.141123054434347
12/27/23,3.1327392831559386
12/28/23,3.1243598065706424
12/29/23,3.1159846213792974
12/30/23,3.107613724
12/31/23,3.0992471119987375
1/1/24,3.0908847812280538
1/2/24,3.0929048700185646
1/3/24,3.0949242315639225
1/4/24,3.0969428662568577
1/5/24,3.0989607744896785
1/6/24,3.1009779566544715
1/7/24,3.1029944131430565
1/8/24,3.1050101443469424
1/9/24,3.107025150657372
1/10/24,3.1090394324652992
1/11/24,3.1110529901614115
1/12/24,3.1130658241360853
1/13/24,3.1150779347794533
1/14/24,3.1170893224813367
1/15/24,3.119099987631291
1/16/24,3.121109930618582
1/17/24,3.123119151832232
1/18/24,3.1251276516609305
1/19/24,3.127135430493122
1/20/24,3.1291424887169628
1/21/24,3.1311488267203202
1/22/24,3.133154445
1/23/24,3.135159344
1/24/24,3.137163523282238
1/25/24,3.1391669842769643
1/26/24,3.1411697269864147
1/27/24,3.1431717517968583
1/28/24,3.1451730590942084
1/29/24,3.1471736492641122
1/30/24,3.1491735226919504
1/31/24,3.151172679762815
2/1/24,3.1531711208615976
2/2/24,3.163966067441848
2/3/24,3.1747584618289526
2/4/24,3.1855483049279876
2/5/24,3.1963355976434737
2/6/24,3.2071203408795768
2/7/24,3.217902535540018
2/8/24,3.2286821825280088
2/9/24,3.239459282746493
2/10/24,3.250233837
2/11/24,3.261005846484122
2/12/24,3.271775311806868
2/13/24,3.282542233967267
2/14/24,3.2933066138660205
2/15/24,3.3040684524034303
2/16/24,3.314827750479399
2/17/24,3.325584508993362
2/18/24,3.336338728844357
2/19/24,3.347090410930975
2/20/24,3.3578395561514096
2/21/24,3.368586165403409
2/22/24,3.3793302395843217
2/23/24,3.390071779591053
2/24/24,3.400810786320063
2/25/24,3.411547260667458
2/26/24,3.422281203528854
2/27/24,3.4330126157994467
2/28/24,3.443741498
2/29/24,3.454467852147136
3/1/24,3.4605008546827465
3/2/24,3.4566136429924343
3/3/24,3.452727699426683
3/4/24,3.448843023
3/5/24,3.4449596141875816
3/6/24,3.441077471274534
3/7/24,3.437196594006675
3/8/24,3.433316981765211
3/9/24,3.429438633931725
3/10/24,3.425561549888134
3/11/24,3.421685729016888
3/12/24,3.4178111707006797
3/13/24,3.413937874322759
3/14/24,3.410065839266707
3/15/24,3.406195064916462
3/16/24,3.402325550656471
3/17/24,3.398457295871471
3/18/24,3.394590299946665
3/19/24,3.390724562267633
3/20/24,3.3868600822203554
3/21/24,3.3829968591912563
3/22/24,3.3791348925670706
3/23/24,3.375274181735022
3/24/24,3.3714147260826666
3/25/24,3.3675565249980055
3/26/24,3.3636995778693946
3/27/24,3.3598438840856337
3/28/24,3.3559894430359005
3/29/24,3.3521362541097055
3/30/24,3.3482843166971143
3/31/24,3.3444336301883926
4/1/24,3.348688051644233
4/2/24,3.3457373634126597
4/3/24,3.3427871704641454
4/4/24,3.3398374726739233
4/5/24,3.3368882699174263
4/6/24,3.3339395620700207
4/7/24,3.3309913490071175
4/8/24,3.3280436306042382
4/9/24,3.3250964067368605
4/10/24,3.322149677280528
4/11/24,3.3192034421108962
4/12/24,3.3162577011035532
4/13/24,3.3133124541341985
4/14/24,3.310367701078598
4/15/24,3.3074234418124737
4/16/24,3.304479676211658
4/17/24,3.3015364041520057
4/18/24,3.2985936255093717
4/19/24,3.295651340159722
4/20/24,3.2927095479790225
4/21/24,3.2897682488433055
4/22/24,3.286827442628626
4/23/24,3.2838871292110383
4/24/24,3.280947308466753
4/25/24,3.278007980271913
4/26/24,3.2750691445027513
4/27/24,3.272130801035522
4/28/24,3.269192949746569
4/29/24,3.2662555905121904
4/30/24,3.263318723208841
5/1/24,3.258273828
5/2/24,3.2486449221470926
5/3/24,3.239018021960405
5/4/24,3.2293931263859266
5/5/24,3.2197702347976254
5/6/24,3.2101493465696684
5/7/24,3.200530461076556
5/8/24,3.1909135776929443
5/9/24,3.181298695793844
5/10/24,3.171685815
5/11/24,3.1620749339504206
5/12/24,3.1524660527572967
5/13/24,3.142859170551171
5/14/24,3.1332542867083646
5/15/24,3.123651400605376
5/16/24,3.114050511618971
5/17/24,3.1044516191262472
5/18/24,3.0948547225045253
5/19/24,3.085259821131303
5/20/24,3.0756669143845228
5/21/24,3.0660760016421706
5/22/24,3.056487082282633
5/23/24,3.0469001556845177
5/24/24,3.0373152212266774
5/25/24,3.027732278288253
5/26/24,3.018151326248586
5/27/24,3.008572364487394
5/28/24,2.9989953923844626
5/29/24,2.9894204093200427
5/30/24,2.9798474146744525
5/31/24,2.970276407828454
6/1/24,2.9648502073225558
6/2/24,2.9622912787399036
6/3/24,2.9597326755081754
6/4/24,2.9571743975652875
6/5/24,2.9546164448492895
6/6/24,2.9520588172980977
6/7/24,2.9495015148497172
6/8/24,2.946944537442242
6/9/24,2.9443878850135885
6/10/24,2.941831557501895
6/11/24,2.939275554845211
6/12/24,2.936719876981586
6/13/24,2.9341645238491365
6/14/24,2.9316094953860006
6/15/24,2.929054792
6/16/24,2.9265004122200455
6/17/24,2.923946357393592
6/18/24,2.921392626989028
6/19/24,2.9188392209445135
6/20/24,2.916286139198343
6/21/24,2.9137333816886324
6/22/24,2.9111809483536755
6/23/24,2.908628839131766
6/24/24,2.906077053961087
6/25/24,2.9035255927799763
6/26/24,2.900974455526728
6/27/24,2.898423642139636
6/28/24,2.8958731525570602
6/29/24,2.8933229867173615
6/30/24,2.890773144558856
7/1/24,2.8802598420976544
7/2/24,2.868471248983706
7/3/24,2.856685975925566
7/4/24,2.844904021520911
7/5/24,2.8331253843681514
7/6/24,2.821350063066541
7/7/24,2.809578056216022
7/8/24,2.7978093624174694
7/9/24,2.7860439802724235
7/10/24,2.7742819083832693
7/11/24,2.7625231453531462
7/12/24,2.7507676897860156
7/13/24,2.7390155402866156
7/14/24,2.7272666954604396
7/15/24,2.7155211539137802
7/16/24,2.703778914253774
7/17/24,2.6920399750882007
7/18/24,2.680304335025774
7/19/24,2.6685719926759166
7/20/24,2.6568429466488075
7/21/24,2.6451171955554242
7/22/24,2.6333947380075884
7/23/24,2.621675572617854
7/24/24,2.6099596979995088
7/25/24,2.5982471127666606
7/26/24,2.586537816
7/27/24,2.5748318049178653
7/28/24,2.563129079534021
7/29/24,2.5514296379999024
7/30/24,2.5397334789335257
7/31/24,2.5280406009536183
8/1/24,2.522511524578941
8/2/24,2.519599064304079
8/3/24,2.5166870708748235
8/4/24,2.513775544178909
8/5/24,2.510864484104114
8/6/24,2.507953890538328
8/7/24,2.5050437633693967
8/8/24,2.5021341024852095
8/9/24,2.499224907773745
8/10/24,2.496316179122915
8/11/24,2.493407916420831
8/12/24,2.4905001195554277
8/13/24,2.4875927884148386
8/14/24,2.484685922887242
8/15/24,2.4817795228607054
8/16/24,2.478873588223496
8/17/24,2.4759681188637472
8/18/24,2.4730631146698157
8/19/24,2.470158575529968
8/20/24,2.4672545013325164
8/21/24,2.4643508919658608
8/22/24,2.4614477473183793
8/23/24,2.4585450672785836
8/24/24,2.4556428517348516
8/25/24,2.4527411005757394
8/26/24,2.4498398136898247
8/27/24,2.446938990965686
8/28/24,2.4440386322919228
8/29/24,2.441138737557158
8/30/24,2.4382393066501695
8/31/24,2.435340339459624
9/1/24,2.4419421691673993
9/2/24,2.4471827058058615
9/3/24,2.4524233763904446
9/4/24,2.4576641809262556
9/5/24,2.462905119418446
9/6/24,2.4681461918721226
9/7/24,2.4733873982924592
9/8/24,2.4786287386845407
9/9/24,2.4838702130535406
9/10/24,2.4891118214046326
9/11/24,2.4943535637428793
9/12/24,2.4995954400734544
9/13/24,2.504837450401509
9/14/24,2.510079594732173
9/15/24,2.5153218730705307
9/16/24,2.520564285
9/17/24,2.525806831791111
9/18/24,2.5310495121835475
9/19/24,2.5362923266042836
9/20/24,2.5415352750584708
9/21/24,2.546778357551238
9/22/24,2.552021574087693
9/23/24,2.5572649246730306
9/24/24,2.5625084093123585
9/25/24,2.567752028010828
9/26/24,2.572995780773568
9/27/24,2.5782396676057306
9/28/24,2.583483688512467
9/29/24,2.5887278434988836
9/30/24,2.593972132570177
10/1/24,2.604574664148651
10/2/24,2.6094521914136637
10/3/24,2.6143303529247985
10/4/24,2.619209148805801
10/5/24,2.624088579180417
10/6/24,2.628968644172436
10/7/24,2.6338493439056254
10/8/24,2.638730678503931
10/9/24,2.6436126480911426
10/10/24,2.6484952527912275
10/11/24,2.653378492728087
10/12/24,2.6582623680257322
10/13/24,2.6631468788081314
10/14/24,2.668032025199407
10/15/24,2.672917807323527
10/16/24,2.6778042253046586
10/17/24,2.6826912792669244
10/18/24,2.6875789693345364
10/19/24,2.6924672956316176
10/20/24,2.697356258282446
10/21/24,2.702245857411323
10/22/24,2.7071360931424815
10/23/24,2.7120269656002893
10/24/24,2.7169184749091357
10/25/24,2.7218106211933435
10/26/24,2.726703404577413
10/27/24,2.731596825185756
10/28/24,2.736490883142917
10/29/24,2.7413855785733743
10/30/24,2.7462809116017395
10/31/24,2.751176882352513
11/1/24,2.7527826103477038
11/2/24,2.7574009979459246
11/3/24,2.762019691410411
11/4/24,2.766638690771517
11/5/24,2.7712579960597283
11/6/24,2.7758776073053326
11/7/24,2.780497524538794
11/8/24,2.785117747790511
11/9/24,2.7897382770908585
11/10/24,2.794359112470257
11/11/24,2.7989802539591047
11/12/24,2.803601701587888
11/13/24,2.808223455
11/14/24,2.812845515386786
11/15/24,2.8174678816177634
11/16/24,2.8220905541103347
11/17/24,2.8267135328949866
11/18/24,2.831336818002095
11/19/24,2.835960409462168
11/20/24,2.8405843073055825
11/21/24,2.845208511562869
11/22/24,2.8498330222644253
11/23/24,2.8544578394407605
11/24/24,2.859082963122317
11/25/24,2.8637083933395813
11/26/24,2.868334130123018
11/27/24,2.872960173503092
11/28/24,2.8775865235102893
11/29/24,2.8822131801751416
11/30/24,2.886840143528091
12/1/24,2.8699802971296817
12/2/24,2.8736285893419033
12/3/24,2.8772756
12/4/24,2.8809213298710334
12/5/24,2.8845657795376844
12/6/24,2.8882089497047625
12/7/24,2.8918508410459953
12/8/24,2.8954914542345778
12/9/24,2.8991307899432828
12/10/24,2.9027688488443504
12/11/24,2.906405631609621
12/12/24,2.910041138910424
12/13/24,2.913675371417601
12/14/24,2.917308329801571
12/15/24,2.920940014732243
12/16/24,2.924570426879103
12/17/24,2.9281995669110827
12/18/24,2.9318274354967144
12/19/24,2.9354540333040857
12/20/24,2.9390793610007515
12/21/24,2.9427034192538004
12/22/24,2.946326208729877
12/23/24,2.9499477300952037
12/24/24,2.9535679840154705
12/25/24,2.957186971155945
12/26/24,2.960804692181318
12/27/24,2.9644211477560356
12/28/24,2.9680363385438557
12/29/24,2.9716502652082255
12/30/24,2.9752629284119925
12/31/24,2.9788743288177155
1/1/25,2.9799214375317185
1/2/25,2.9741200627931175
1/3/25,2.968321003351848
1/4/25,2.962524257822219
1/5/25,2.956729824819515
1/6/25,2.9509377029602213
1/7/25,2.9451478908618878
1/8/25,2.939360387143175
1/9/25,2.9335751904238316
1/10/25,2.9277922993247385
1/11/25,2.922011712
1/12/25,2.916233428476178
1/13/25,2.910457445973935
1/14/25,2.9046837635863465
1/15/25,2.8989123799397776
1/16/25,2.8931432936616153
1/17/25,2.8873765033804677
1/18/25,2.8816120077258756
1/19/25,2.8758498053285786
1/20/25,2.8700898948204268
1/21/25,2.864332274834247
1/22/25,2.858576944004043
1/23/25,2.8528239009648626
1/24/25,2.847073144352863
1/25/25,2.841324673
1/26/25,2.8355784849604326
1/27/25,2.829834579457713
1/28/25,2.824092954937596
1/29/25,2.818353610041613
1/30/25,2.8126165434124495
1/31/25,2.8068817536937685
2/1/25,2.7986348881181344
2/2/25,2.783979049211238
2/3/25,2.769329739581816
2/4/25,2.7546869548676245
2/5/25,2.7400506907102384
2/6/25,2.725420942755119
2/7/25,2.710797706651702
2/8/25,2.696180978053131
2/9/25,2.6815707526165466
2/10/25,2.6669670260028866
2/11/25,2.6523697938769963
2/12/25,2.6377790519075184
2/13/25,2.623194795766981
2/14/25,2.6086170211318205
2/15/25,2.594045723682159
2/16/25,2.5794808991021156
2/17/25,2.5649225430795397
2/18/25,2.550370651306144
2/19/25,2.5358252194775055
2/20/25,2.5212862432929306
2/21/25,2.5067537184556565
2/22/25,2.4922276406726063
2/23/25,2.477708005654655
2/24/25,2.4631948091163425
2/25/25,2.448688046776093
2/26/25,2.4341877143561064
2/27/25,2.419693807582335
2/28/25,2.4052063221846387
3/1/25,2.3907252538964974
3/2/25,2.388153136239457
3/3/25,2.3855816644852146
3/4/25,2.383010838390498
3/5/25,2.380440657712124
3/6/25,2.3778711222071314
3/7/25,2.375302231632559
3/8/25,2.3727339857456675
3/9/25,2.3701663843037846
3/10/25,2.367599427064393
3/11/25,2.3650331137850866
3/12/25,2.3624674442235483
3/13/25,2.359902418137616
3/14/25,2.3573380352852613
3/15/25,2.3547742954245443
3/16/25,2.3522111983136584
3/17/25,2.349648743710908
3/18/25,2.3470869313747755
3/19/25,2.344525761063787
3/20/25,2.3419652325366247
3/21/25,2.3394053455520814
3/22/25,2.3368460998691054
3/23/25,2.334287495246712
3/24/25,2.331729531444071
3/25/25,2.3291722082204425
3/26/25,2.326615525335285
3/27/25,2.324059482548102
3/28/25,2.3215040796185304
3/29/25,2.318949316
3/30/25,2.316395192371412
3/31/25,2.3138417075737605
4/1/25,2.3112888616734883
4/2/25,2.3127447854838667
4/3/25,2.314200548031886
4/4/25,2.3156561493443473
4/5/25,2.317111589448051
4/6/25,2.3185668683697536
4/7/25,2.320021986136256
4/8/25,2.321476942774292
4/9/25,2.3229317383106185
4/10/25,2.324386372772058
4/11/25,2.325840846185301
4/12/25,2.327295158577125
4/13/25,2.328749309974243
4/14/25,2.330203300403366
4/15/25,2.3316571298912736
4/16/25,2.333110798464677
4/17/25,2.334564306150244
4/18/25,2.336017652974731
4/19/25,2.337470838964806
4/20/25,2.338923864147202
4/21/25,2.3403767285485877
4/22/25,2.341829432
4/23/25,2.3432819751150635
4/24/25,2.344734357333489
4/25/25,2.346186578877618
4/26/25,2.347638639774119
4/27/25,2.3490905400496143
4/28/25,2.350542279730794
4/29/25,2.351993858844259
4/30/25,2.353445277416677
5/1/25,2.354896535474671
5/2/25,2.3650390884781602
5/3/25,2.3751814206369293
5/4/25,2.3853235319582833
5/5/25,2.395465422449372
5/6/25,2.4056070921174344
5/7/25,2.4157485409696644
5/8/25,2.425889769013301
5/9/25,2.4360307762555156
5/10/25,2.4461715627035696
5/11/25,2.4563121283646128
5/12/25,2.466452473245928
5/13/25,2.4765925973546876
5/14/25,2.4867325006980634
5/15/25,2.4968721832833385
5/16/25,2.5070116451176627
5/17/25,2.5171508862082526
5/18/25,2.5272899065623466
5/19/25,2.5374287061871614
5/20/25,2.547567285089869
5/21/25,2.557705643277708
5/22/25,2.5678437807578502
5/23/25,2.5779816975375125
5/24/25,2.5881193936239333
5/25/25,2.5982568690242624
5/26/25,2.608394123745761
5/27/25,2.6185311577956005
5/28/25,2.628667971
5/29/25,2.6388045639091695
5/30/25,2.6489409359873317
5/31/25,2.659077087422612
6/1/25,2.669213018222316
6/2/25,2.6704040001633844
6/3/25,2.6715948898681896
6/4/25,2.672785687347523
6/5/25,2.673976392612043
6/6/25,2.675167005672474
6/7/25,2.676357526539541
6/8/25,2.6775479552239245
6/9/25,2.678738291736349
6/10/25,2.6799285360874947
6/11/25,2.681118688288131
6/12/25,2.6823087483488717
6/13/25,2.6834987162804635
6/14/25,2.6846885920936314
6/15/25,2.685878375798989
6/16/25,2.6870680674073055
6/17/25,2.6882576669292835
6/18/25,2.6894471743755366
6/19/25,2.690636589756812
6/20/25,2.6918259130837674
6/21/25,2.6930151443671058
6/22/25,2.6942042836175295
6/23/25,2.6953933308456746
6/24/25,2.696582286062288
6/25/25,2.6977711492779832
6/26/25,2.698959920503463
6/27/25,2.7001486
6/28/25,2.701337187
6/29/25,2.7025256823454358
6/30/25,2.703714085716835
7/1/25,2.7049023971513986
7/2/25,2.7117229870671666
7/3/25,2.718543218860492
7/4/25,2.7253630925596184
7/5/25,2.7321826081927236
7/6/25,2.739001765787985
7/7/25,2.745820565373669
7/8/25,2.752639006977864
7/9/25,2.7594570906288363
7/10/25,2.7662748163547635
7/11/25,2.773092184183823
7/12/25,2.779909194144148
7/13/25,2.7867258462640043
7/14/25,2.7935421405715033
7/15/25,2.800358077094822
7/16/25,2.8071736558621607
7/17/25,2.813988876901674
7/18/25,2.8208037402415176
7/19/25,2.8276182459098242
7/20/25,2.834432393934816
7/21/25,2.8412461843446035
7/22/25,2.848059617
7/23/25,2.854872692431165
7/24/25,2.8616854101642497
7/25/25,2.868497770394729
7/26/25,2.875309773150736
7/27/25,2.882121418460426
7/28/25,2.8889327063518877
7/29/25,2.8957436368533207
7/30/25,2.9025542099927915
7/31/25,2.909364425798433
8/1/25,2.9161742842984006
8/2/25,2.919292100433424
8/3/25,2.9224095939152095
8/4/25,2.925526764793851
8/5/25,2.928643613119397
8/6/25,2.931760138941919
8/7/25,2.9348763423114654
8/8/25,2.9379922232781075
8/9/25,2.9411077818918496
8/10/25,2.9442230182026963
8/11/25,2.9473379322606963
8/12/25,2.950452524115832
8/13/25,2.9535667938180854
8/14/25,2.956680741417439
8/15/25,2.959794366963875
8/16/25,2.962907670507331
8/17/25,2.9660206520978116
8/18/25,2.969133311785188
8/19/25,2.972245649619376
8/20/25,2.9753576656503578
8/21/25,2.9784693599280043
8/22/25,2.9815807325022314
8/23/25,2.984691783422888
8/24/25,2.987802512739912
8/25/25,2.990912920503108
8/26/25,2.9940230067623697
8/27/25,2.997132771567501
8/28/25,3.000242214968396
8/29/25,3.003351337014859
8/30/25,3.0064601377566724
8/31/25,3.009568617243641
9/1/25,3.0126767755256134